memory_point,kind,likes,reason,author,text,url
演员成长与角色群像评价,post,88482,粉丝点评/记忆表达明确,我是一个超可爱,迪丽热巴，一位敬业的好演员，对于角色不同的把控体现她专业的水准，正是她对于每个角色的认真，夯实基础，成就了今天的她，出道以来一步步成长，演技不断提升同时全面开花，成为90后当红小花，是我们共同守护的珍宝💝,https://m.weibo.cn/detail/4488672449427505
演员成长与角色群像评价,post,88482,粉丝点评/记忆表达明确,我是一个超可爱,迪丽热巴，一位敬业的好演员，对于角色不同的把控体现她专业的水准，正是她对于每个角色的认真，夯实基础，成就了今天的她，出道以来一步步成长，演技不断提升同时全面开花，成为90后当红小花，是我们共同守护的珍宝💝，青年演员迪丽热巴未来可期,https://m.weibo.cn/detail/4488672352924540
演员成长与角色群像评价,post,88482,粉丝点评/记忆表达明确,我是一个超可爱,迪丽热巴，一位敬业的好演员，对于角色不同的把控体现她专业的水准，正是她对于每个角色的认真，夯实基础，成就了今天的她，出道以来一步步成长，演技不断提升同时全面开花，成为90后当红小花，是我们共同守护的珍宝💝，青年演员迪丽热巴未来可期💖,https://m.weibo.cn/detail/4488672311367099
乔晶晶与《你是我的荣耀》入坑记忆,comment,82054,粉丝点评/记忆表达明确,迪妹的毛裤,你说“要做随处可见的乔晶晶，要做一直敬业的女明星”姐姐已经实现这句话啦，有很多人认可你的表演，在轻轨上会看到有人看荣耀，刷别的社交软件能看到放着荣耀的背景。现在晶晶要回到书里了，虽然不舍但还是要和她说一句再见啦乔晶晶,https://m.weibo.cn/detail/4673469763816437
行走的油画/神女美貌出圈,post,79423,粉丝点评/记忆表达明确,我的追星大号,#迪丽热巴 行走的油画# 对行走的油画有了概念💘 迪丽热巴，美得很直接 #ip风向标# #微博之夜# 我的追星大号的微博视频,https://m.weibo.cn/detail/4990207487120582
李长歌与《长歌行》角色记忆,post,74819,粉丝点评/记忆表达明确,诶诶诶别来沾边,剧粉 谁不是剧粉 我先来我是因为长歌行才粉上迪丽热巴的2022年偶然间看到长歌行这部剧看完以后久久不能忘怀 她把长歌真的演出来了 我真的很喜欢她演的李长歌 有勇有谋不会因为家仇而被蒙蔽双眼是会顾全大局是大唐的永宁郡主长歌行是一部很好很好的剧,https://m.weibo.cn/detail/4968007101059105
白凤九与三生三世情怀,post,44141,粉丝点评/记忆表达明确,饼饼梅困,、核心事实：短期录制与播出效果的巨大反差 录制模式与时长 迪丽热巴于2017年以常驻嘉宾身份代班加入《奔跑吧》第五季，实际拍摄于2月至4月间分散完成，累计仅12个工作日，覆盖上海、杭州、大连等多地。节目组通过拆分素材（如单场游戏互动镜头复用至多期）、强化氛围（BGM/慢镜头特写）及模糊时间线，将短期素材延展为近3个月的播出内容。 高光表现与个人积累 尽管录制短暂，迪丽热巴贡献了多个经典场面：异域风转圈舞惊艳亮相、怕水仍挑战水上项目、咬牙,https://m.weibo.cn/detail/5292100997612823
红毯神图与高定封神造型,post,41565,粉丝点评/记忆表达明确,努力追上那颗星星,#时尚健康封面人物# #迪丽热巴隆冬瑞雪大片# 岁末年初，纷杂的事如潮水般涌来，迪丽热巴超话丝毫不觉凌乱，有岿然不动的姿态。在冬奥会倒计时中，春节也在临近，说的事便多了几许温情。听她讲人生成长时期的往事，有些意外，又有些新发现。@Dear-迪丽热巴 第5次登临@时尚健康 封面，仍然保持着极为敏锐的触感，一些微不足道的事，她仍能说出细腻的情绪。与此同时，她又保持钝感，回忆像一只透明的漏斗，自动过滤坚硬的沙砾，留下的都是美好。此刻，冬日严,https://m.weibo.cn/detail/4720600818122970
花少/你好星期六等综艺片刻,post,39889,粉丝点评/记忆表达明确,雪碧三分饱,迪丽热巴：一些当年就好奇的问题在六七年后突然窜入脑海 #花儿与少年# #迪丽热巴花儿与少年##迪丽热巴 当年好奇的问题突然窜入脑海# 雪碧三分饱的微博视频,https://m.weibo.cn/detail/4960761240617504
白日提灯贺思慕/女鬼鬼王记忆,post,36615,粉丝点评/记忆表达明确,玉树临风可爱鸡,#向全世界安利我担# 喜欢这个万灵之主贺思慕#迪丽热巴# ​,https://m.weibo.cn/detail/5257891881685400
爱丽丝与热巴的双向奔赴,comment,33236,粉丝点评/记忆表达明确,狐狐碎碎念,宝贝 想跟你说一些话 热巴 你做到了 你做到让我们很有底气的喜欢你 我们都有看到你的努力 也希望你可以有多一点的休息时间 给自己放个假 不要太累了 你一直都是我们爱丽丝的骄傲 你要一直做闪闪发光的大明星迪丽热巴 你的努力配得上那些鲜花和掌声,https://m.weibo.cn/detail/4673469763816437
机场饭拍与日常陪伴片刻,post,30966,粉丝点评/记忆表达明确,刘任捷photographer,迪丽热巴超话 一个晴朗的午后 我在上班路上偶遇了一位正在拍物料的美女@Dear-迪丽热巴 ​,https://m.weibo.cn/detail/5294146376172010
白日提灯贺思慕/女鬼鬼王记忆,post,29540,粉丝点评/记忆表达明确,给我热一扎奶茶,第一遍只顾着欣赏迪丽热巴陈飞宇俩人唯美雪地华尔兹一看结尾怎么陈飞宇你小子还害羞了呀！ 跳完舞害羞的背对镜头，还要迪丽热巴给他扒拉过来跟镜头打招呼～谁来懂一下这段迪丽热巴年上姐感爆棚！ 迪丽热巴：陈飞宇你给我大大方方的！ #慕胥辞贺思慕段胥雪中舞#,https://m.weibo.cn/detail/5114730169765522
乔晶晶与《你是我的荣耀》入坑记忆,comment,27523,粉丝点评/记忆表达明确,Dear迪丽热巴后援会,这个盛夏有乔晶晶的陪伴真的很温暖又幸福，我们不说再见，永远期待演员迪丽热巴的下一个角色！,https://m.weibo.cn/detail/4673469763816437
乔晶晶与《你是我的荣耀》入坑记忆,comment,26589,粉丝点评/记忆表达明确,麻豆还在热巴怀里吐奶嘛,你的努力配得上那些鲜花和掌声~感恩这个夏天的风吹来了可爱的乔晶晶，希望我们都能做颗星星⭐，有棱有角，闪闪发光，熠熠生辉~迪丽热巴未来的日子我们继续并肩同行吧！,https://m.weibo.cn/detail/4673469763816437
爱丽丝与热巴的双向奔赴,post,20936,粉丝点评/记忆表达明确,林收腹-雷朋99版,#甜玉米为田栩宁梓渝五一应援# 五一假期，田栩宁与梓渝的CP粉“甜玉米”奔赴兖州、连云港、无锡等地打卡应援。街头随处可见粉丝队伍与各种应援，她们支持本土商户，用爱拉动经济。文旅与商户也热情回应，兖州商户纷纷打出了“感谢甜玉米”，“欢迎甜玉米回家”等口号这是以爱为名的双向奔赴@微博智搜 ​,https://m.weibo.cn/detail/5294852044492986
枭起青壤/聂九罗表演突破,post,19737,粉丝点评/记忆表达明确,噼里啪啦吐弹幕,#迪丽热巴 绝美ending# 被迪丽热巴笑不活了，聂九罗“最后就是这样，绝美ending”，摆好pose，大喘气，然后转过头，微笑着点头wink，哈哈哈哈，太懂了吧，太好笑了；迪丽热巴倒在地上，吐槽：“叫不醒一个装睡的人”，果然是剧组欢乐多啊 #枭起青壤# 花絮 ...全文,https://m.weibo.cn/detail/5234326759015158
爱丽丝与热巴的双向奔赴,post,19372,粉丝点评/记忆表达明确,张新宇1018,今晚最期待的迪丽热巴，爱丽丝现场打call,https://m.weibo.cn/detail/4989829924266796
白日提灯贺思慕/女鬼鬼王记忆,post,19136,粉丝点评/记忆表达明确,Sunflower迎着光,迪丽热巴超话好美呀，演技真好！绿色那套装扮让我梦回丽姬#贺思慕的五感体验卡#,https://m.weibo.cn/detail/5283753024819737
新疆舞与舞台表现名场面,post,17534,粉丝点评/记忆表达明确,刘宇Yu_,#青年路上话青春#青春路热烈滚烫，我们一起书写。5月4日20:00，@央视文艺 《未来我来—2026五四青年节特别节目》舞台见。#央视五四晚会# ​,https://m.weibo.cn/detail/5294853370155255
乔晶晶与《你是我的荣耀》入坑记忆,comment,17327,粉丝点评/记忆表达明确,昵攸猫饼,7.26，宝贝带着可爱的晶晶来了，晶晶就像一个小太阳一直在温暖着别人。在工作上也很棒，要努力做到最好。自信独立，是个很棒的大明星。 感谢巴宝让我在这个夏天遇见了乔晶晶，虽然这个夏天很热，但有你们一切都好 一定要开开心心，幸幸福福 平安喜乐,https://m.weibo.cn/detail/4673469763816437
新疆舞与舞台表现名场面,post,16991,粉丝点评/记忆表达明确,央视文艺,【#五四晚会阵容#发布，你期待谁的舞台？】青春不设限，心有所向便勇敢奔赴。今天20点档，与@敖定雯 @白宇帆 @包上恩 @暴走馒头 @舞者常宏基 @陈佳妮Emma @陈俐卓 @种地吧陈少熙 @演员陈添祥 @陈鑫海Ocean @陈宇轩Cyxxxxxx @陈卓璇 @陈紫妍Diana 程迪 @池早是我 @楚瑷旭-小宇咂 @我是戴荃 @邓凯-Kai ​,https://m.weibo.cn/detail/5294843811073372
嘻嘻迪/表情包/可爱梗,post,16162,粉丝点评/记忆表达明确,神经大条的小媛子,哈哈哈哈哈笑死了 88,https://m.weibo.cn/detail/4389017464462574
嘻嘻迪/表情包/可爱梗,post,16162,粉丝点评/记忆表达明确,爱七号的说yu,笑死 哈哈哈,https://m.weibo.cn/detail/4389016172953092
生日生贺与小小迪陪伴记忆,post,16038,粉丝点评/记忆表达明确,爱喝果汁的百香果,迪丽热巴未播花絮合集 迪丽热巴理想型真诚、自由的灵魂、喜欢学习新的事物迪丽热巴：以前挖坑会跳，现在不会了。现在人是放松的，话是紧的，有的话是不能开玩笑的。小的时候我爸喜欢看体育频道，花样滑冰是我唯一喜欢的，现在的爱好就是旅行还有吃着外卖吹着空调；早前爸妈会心疼我，自从克拉播出后对我有信心，今年过生日爸妈来了带他们去买衣服，他们一直都不敢买太贵了...迪丽热巴超话 星闻揭秘超话 L星闻揭秘的微博视频,https://m.weibo.cn/detail/4422355411359430
嘻嘻迪/表情包/可爱梗,post,15493,粉丝点评/记忆表达明确,Dear-至爱陳奕迅,哈哈哈哈哈哈太可爱了@Dear-迪丽热巴,https://m.weibo.cn/detail/4389016332056544
行走的油画/神女美貌出圈,post,14699,粉丝点评/记忆表达明确,MissHighland,黑丝浴袍梦回第一次米兰时装周时代美貌 #迪丽热巴贺思慕#,https://m.weibo.cn/detail/5287087584837726
乔晶晶与《你是我的荣耀》入坑记忆,comment,13250,粉丝点评/记忆表达明确,叶汉茜,胖迪@Dear-迪丽热巴 谢谢你精彩完美细腻的演绎，让我心中的乔晶晶从书里走出来了！也谢谢你让我们遇到这么一个充满阳光灵动俏皮人间清醒的乔晶晶！时间总是过的很快，又要跟你的一个角色道别了，愿我们的乔晶晶在她所生活的世界里平安健康幸福常乐。夏日限定到此为止啦，我们一起相约秋/冬日不见不散。,https://m.weibo.cn/detail/4673469763816437
胖迪昵称与吃货反差,post,13019,粉丝点评/记忆表达明确,凤凰网FASHION,#你问偶答# 在@路易威登 2021春夏男装秀现场，我们和迪丽热巴超话 聊了一会~热巴昨日的造型真的是很酷呢！想知道她在看秀前做了哪些准备吗？以及作为小吃货的她最近又get到了什么宝藏美食呢？快点进来视频看看吧 #迪丽热巴安利牛油果吐司# L凤凰网FASHION的酷燃视频 ​,https://m.weibo.cn/detail/4535308382640311
爱丽丝与热巴的双向奔赴,post,12727,粉丝点评/记忆表达明确,光影橙,#迪丽热巴为粉丝学舞出EP# 是@Dear-迪丽热巴 的生日也是爱丽丝的好日子！2019年的热巴在自己的生日会上跳了用心学习了很久的女团舞，2024年的迪丽热巴用一年的时间准备了EP，这是热巴和粉丝的双向奔赴，“热爱”cp就是最甜的！,https://m.weibo.cn/detail/5040131740271386
枭起青壤/聂九罗表演突破,post,12544,粉丝点评/记忆表达明确,爱吃黑松露的猹,#迪丽热巴第一次听这点粉丝啊#迪丽热巴第一次听这点粉丝啊🤣聂九罗被炎拓骗进车里这段真的太有梗了，她一开始装出柔弱模样，轻声说着“我是公众人物，放了我绝不追究”，试图以温和姿态脱身，可对面的人握着她的手机，眼神里满是不容置喙的审视。还嘲讽她：就这点粉丝啊。迪丽热巴：第一次听这个😅好家伙，车门再次打开的瞬间，聂九罗眼中柔弱消失，利落一拳将人放倒，完成了30秒从“小白花”到“疯刀女王”的反转。看不谁呢，看你还敢说我就这点粉丝？！（不是）#枭起,https://m.weibo.cn/detail/5236122622099775
演员成长与角色群像评价,post,12527,粉丝点评/记忆表达明确,玉树临风可爱鸡,每年都这么牛，17年到现在，9年老粉圈，跟我们同期的都没有这么大流量了，永远年轻永远热血，热血番还能再战十年伟大！ ​,https://m.weibo.cn/detail/5258042209733040
新疆舞与舞台表现名场面,post,11240,粉丝点评/记忆表达明确,那年追过的剧,#2023央视春晚你最期待谁#2023年央视春晚助阵的16位特别嘉宾来看看：赵露思、白敬亭、杨紫、王心凌、虞书欣、郑恺、杨颖、白鹿、赵今麦、容祖儿、周深、沙溢、肖战、沈腾、杨幂迪丽热巴、赵丽颖你们最期待谁呢？#荣耀二创大赏# L那年追过的剧的微博视频 ​,https://m.weibo.cn/detail/4850662979933572
迪拜报平安/守护型记忆,post,10542,粉丝点评/记忆表达明确,Mercury_1204,迪丽热巴 #迪丽热巴# 亲爱的小迪： 得知你因意外来不了巴黎时，我内心的担忧大于一切，那几天没有一天是睡好了的，拿起手机的第一反应就是确认你是否安全。后来看见你的博文后，心才稍微平静下来。 你很少对外界诉说你的烦恼你的难过，每次心疼你都会有时差。谢谢你准备的小礼物，谢谢你惦 ...全文,https://m.weibo.cn/detail/5286921159049306
李长歌与《长歌行》角色记忆,post,9868,粉丝点评/记忆表达明确,剪到底,#长歌阿隼对视拥抱##长歌行# 哇偶，今天又是为“歌隼”爱情欢呼的一天。哈哈哈，真的被迪丽热巴和吴磊的幕后花絮笑到啦，没想到我们英勇无畏的阿隼竟然也会害羞啊，看着吴磊弟弟和热巴拥抱害羞的表情，真的莫名被甜到了。 正所谓双向奔赴，默默守护，这样的男女主感情戏真可谓是羡煞旁人了！屏幕前的你 ...全文,https://m.weibo.cn/detail/4627398991547003
演员成长与角色群像评价,post,9621,粉丝点评/记忆表达明确,活人笔记,白日提灯，给我的感觉真的跟平常看的古偶不一样，首先原声台词质感很好，景和特效没得说，以及剧情特别紧凑，秦榛挺会放钩子的，热巴目前已经有了很多名场面，演技很赞，站内热度一小时破23000，作为观众角度来看，我会一直追的。 ​,https://m.weibo.cn/detail/5281455854584165
演员成长与角色群像评价,post,9569,粉丝点评/记忆表达明确,耶我就是命好,#入坑迪丽热巴太容易了# 谁懂啊！在直播间巴粉认亲了！@声鸣远扬张行健 问@声鸣远扬迈利撒 自己觉得像不像热巴，迈利撒直言自己是热巴多年老粉，从她出道就一眼爱上！果然喜欢热巴的人审美都是共通的，入坑根本毫无难度～#声鸣远扬# ​,https://m.weibo.cn/detail/5229566459381461
乔晶晶与《你是我的荣耀》入坑记忆,comment,9551,粉丝点评/记忆表达明确,彗星儿今天撞地球了,这个夏天，有乔晶晶的陪伴真好。故事未完待续，期待演员@Dear-迪丽热巴 为我们带来的新篇章。,https://m.weibo.cn/detail/4673469763816437
爱丽丝与热巴的双向奔赴,post,9410,粉丝点评/记忆表达明确,菠萝吹火火,#迪丽热巴新经纪人郝阿三上岗了# 恭喜这个美巴巴 刷到粉丝齐喊“迪丽热巴，平安喜乐” 热巴听到后开窗饭撒的视频 有粉丝发现热巴开窗时已经泪眼婆娑了 原来面对粉丝汹涌的爱意 迪丽热巴也忍不住要流泪了 一直都是双向奔赴,https://m.weibo.cn/detail/5278510421642530
爱丽丝与热巴的双向奔赴,post,9138,粉丝点评/记忆表达明确,_Derra77,迪丽热巴超话 从英国飞回来，买的🎫管的太严没能进去里面近距离，有点遗憾。接下来希望能把我的公司做大做强，以后能以Vic的身份见8（爱8真的有让我变得越来越好越强）见到了同担们很开心，大家人均爱8七年以上，8粉真普遍长得特别美人特别好特别可爱特别有素质，很多人为爱发电准备了很多物料，走的时候爱丽丝们默默把垃圾带走。每次线下见8很开心，见到同担们一起聊天分享真的很开心今天Dior的组织真的很烂，只出现前场，后场和内场都没去，很多人排队扑空,https://m.weibo.cn/detail/5294155003069847
行走的油画/神女美貌出圈,post,8858,粉丝点评/记忆表达明确,桑榆暮北-,强大的临场反应和工作中的专业 美貌是热巴最不值得一提的优点 #迪丽热巴 ##迪丽热巴 神女下凡# 娱鑫鑫的微博视频,https://m.weibo.cn/detail/5218489008654277
乔晶晶与《你是我的荣耀》入坑记忆,comment,8608,粉丝点评/记忆表达明确,糖一勺盐一口_,这个暑假因为有你是我的荣耀 有乔晶晶而变得更加有趣且欢乐！姐姐 很喜欢你演的女明星乔晶晶 可爱、直率且善解人意！也很喜欢你原声演绎如此美好的乔晶晶哇！ 小奶音娇娇乔晶晶本晶 小表情更是傲娇且自信大明星本人 戏中戏那一段好精彩好精彩 也希望乔晶晶能够永远幸福快乐,https://m.weibo.cn/detail/4673469763816437
白日提灯贺思慕/女鬼鬼王记忆,post,8390,粉丝点评/记忆表达明确,老特拉福德的糖猫儿,经过这几天，我发现太多人想瓜分巴粉了，黑稿铺天盖地，明明《白日提灯》那么多人看，而且很多梗都火爆出圈，就是给你压热度和不给你几个正面宣传的热搜。究其原因，其实有个很重要的一点就是，国民顶流几乎从迪丽热巴这里断层了，很多人把迪丽热巴叫做最后一个民选女顶流，论国民度迪丽热巴几乎是断层的存在。巴粉又太死忠了，几乎很多铁血巴粉都粉了迪丽热巴七八年甚至十年不变，所以只能靠打压迪丽热巴的剧集热度，唱衰她，让一些慕强批离开，去粉资本推出来的人造流量。,https://m.weibo.cn/detail/5284077432473001
白日提灯贺思慕/女鬼鬼王记忆,post,8389,粉丝点评/记忆表达明确,银鹿森林,经过这几天，我发现太多人想瓜分巴粉了，黑稿铺天盖地，明明《白日提灯》那么多人看，而且很多梗都火爆出圈，就是给你压热度和不给你几个正面宣传的热搜。究其原因，其实有个很重要的一点就是，国民顶流几乎从迪丽热巴这里断层了，很多人把迪丽热巴叫做最后一个民选女顶流，论国民度迪丽热巴几乎是断层的存在。巴粉又太死忠了，几乎很多铁血巴粉都粉了迪丽热巴七八年甚至十年不变，所以只能靠打压迪丽热巴的剧集热度，唱衰她，让一些慕强批离开，去粉资本推出来的人造流量。,https://m.weibo.cn/detail/5284417305313829
爱丽丝与热巴的双向奔赴,post,8120,粉丝点评/记忆表达明确,哎一股清流,迪丽热巴昨日抵达机场后，收了粉丝送的签名应援大旗，还给粉丝送了板栗，谁看了不羡慕呀,https://m.weibo.cn/detail/5012893533733040
枭起青壤/聂九罗表演突破,post,8066,粉丝点评/记忆表达明确,皑伯伯,#迪丽热巴聂九罗# 权威！#迪丽热巴枭起青壤# （纯生图直出，只经过裁剪，本人不会修图，欢迎各位修图老师来帮忙，最喜欢p1！！！）,https://m.weibo.cn/detail/5236988179383077
演员成长与角色群像评价,comment,8019,粉丝点评/记忆表达明确,都莎包,一人双身，双面人生！@Dear-迪丽热巴 全新挑战奇幻设定，化身卫蓝开启“我与我”的博弈冒险。从惺惺相惜到反目对决，演技高光拉满，带你走进一场充满悬念与共鸣的女性成长之旅。期待早日和卫蓝见面！期待演员迪丽热巴的精彩演绎！#迪丽热巴卫蓝#,https://m.weibo.cn/detail/5289725082733212
嘻嘻迪/表情包/可爱梗,post,7902,粉丝点评/记忆表达明确,茶水间在逃懒羊羊,#邓超 魔童饿了# 邓超把饭撒说成撒饭，我真笑不活了，魔童饿了吗？哈哈哈哈魔童是真没招儿了！！ 表面上的邓超：梗王，保持18G网速冲浪！紧跟年轻人步伐！ 实际上的邓超：魔童饿了！撒饭撒饭！ 爱丽丝追迪丽热巴的时候顺便给邓超带带网速，顺手的事儿～下次带上我（bushi） #全网红人出没#,https://m.weibo.cn/detail/5202378431139196
嘻嘻迪/表情包/可爱梗,post,7831,粉丝点评/记忆表达明确,一只小胖几啊,#迪丽热巴连表情包都那么美#不是，这合理吗？怎么连表情包都这么美！迪丽热巴的脸还是太权威了。 ​,https://m.weibo.cn/detail/5201740090576582
嘻嘻迪/表情包/可爱梗,post,7727,粉丝点评/记忆表达明确,毛毛嘴真碎,邪恶沙糖桔 迪丽热巴白日提灯又来一个出圈梗 ​,https://m.weibo.cn/detail/5280357059396912
新疆舞与舞台表现名场面,post,7672,粉丝点评/记忆表达明确,新疆发布,#春晚看迪丽热巴看入迷了#【迪丽热巴春晚镜头纯享版[马上有福]】从2024春晚的“石榴花开”到2026春晚的“江豚精灵”，@Dear-迪丽热巴 美了一次又一次！戳视频↓↓一起看热巴春晚的舞蹈名场面#新疆的年味越来越浓##春晚# L新疆发布的微博视频 ​,https://m.weibo.cn/detail/5267315534859635
枭起青壤/聂九罗表演突破,post,7599,粉丝点评/记忆表达明确,好运陈瓜瓜,#迪丽热巴 看我枭枭乐# 迪丽热巴新剧聂九罗的砍怪场面看得我枭枭乐！疯刀一人战二枭，直接把爽感焊死，刀光随身影翻飞，劈开射灯的同时精准挑飞对手匕首，动作行云流水不带一丝拖泥带水，南宋石刻般的刚劲招式，打出了冷兵器对决的硬核质感，终于有不把观众当傻子的打戏了！,https://m.weibo.cn/detail/5237533836577582
嘻嘻迪/表情包/可爱梗,post,7591,粉丝点评/记忆表达明确,旎的慈父,刘冲评论区我真的要被巴粉的表情包笑晕了 都是梗王吧 怎么这么好笑啊 ​,https://m.weibo.cn/detail/5277954630223519
《我很好，能做任何事》韧性发言,post,7438,粉丝点评/记忆表达明确,心愿少女李追星,迪丽热巴：“我很好，我能做任何事” 看花儿与少年对迪丽热巴增加了好感,https://m.weibo.cn/detail/4969430352661177
乔晶晶与《你是我的荣耀》入坑记忆,post,7329,粉丝点评/记忆表达明确,Dear-顾芯梦,求热巴给我种蛊//@Dear迪丽热巴网宣组:迪丽热巴超话 #迪丽热巴乔晶晶# 把民族服饰穿出灵魂一举一动妩媚动人@Dear-迪丽热巴 #迪丽热巴李长歌#,https://m.weibo.cn/detail/4588330416607635
生日生贺与小小迪陪伴记忆,post,7304,粉丝点评/记忆表达明确,西洪柿首富111,迪丽热巴2026生贺｜Angel🪽每个背影我收藏每次跌倒我怜惜每滴眼泪我都看见每份苦涩我都懂得每鞠躬一次，我好像离你远了一些可你偏偏，总能注意到我挥舞的双手几近触碰到我狂跳的心脏隔着万千流言蜚语，捧住我无比热烈的爱意你为我开的车窗，是我们灵魂交汇的渡口你亲手接过的信，是我们频率共振的时刻跌跌撞撞，一圈又一圈兜兜转转，一年又一年我常常想你共情你的曾经我时常期待寄寓你的未来我会带着回忆继续陪你不停下脚步不停止热爱Cause you will,https://m.weibo.cn/detail/5294456722949583
白日提灯贺思慕/女鬼鬼王记忆,post,7299,粉丝点评/记忆表达明确,焗瓜王茶茶,老粉狂喜！热巴新角色太绝了✨ 《白日提灯》贺思慕直接惊艳我！400 岁归墟鬼王，清冷孤傲又藏着孤寂温柔，红衣白发造型美到犯规，手工华服 + 琉璃珠配饰，氛围感直接拉满！一人演三角毫无压力，怯懦孤女与霸气鬼王切换自如，眼神里全是戏，这才是古偶鬼王该有的样子！ 追剧神器华为视频必须安利，爱优腾芒四大平台内容全覆盖，一键追更超省心，坐等热巴演绎跨越四百年的宿命爱恋～#白日提灯# #华为视频# #迪丽热巴贺思慕#,https://m.weibo.cn/detail/5281188841264492
演员成长与角色群像评价,post,7296,粉丝点评/记忆表达明确,看昨日青空,迪丽热巴再也不是那个受了委屈一声不吭的小女孩儿了，老粉谁懂…… ​,https://m.weibo.cn/detail/5283027712481064
生日生贺与小小迪陪伴记忆,post,7286,粉丝点评/记忆表达明确,迪我不分家,迪丽热巴2026生贺｜Angel🪽每个背影我收藏每次跌倒我怜惜每滴眼泪我都看见每份苦涩我都懂得每鞠躬一次，我好像离你远了一些可你偏偏，总能注意到我挥舞的双手几近触碰到我狂跳的心脏隔着万千流言蜚语，捧住我无比热烈的爱意你为我开的车窗，是我们灵魂交汇的渡口你亲手接过的信，是我们频率共振的时刻跌跌撞撞，一圈又一圈兜兜转转，一年又一年我常常想你共情你的曾经我时常期待寄寓你的未来我会带着回忆继续陪你不停下脚步不停止热爱Cause you will,https://m.weibo.cn/detail/5294428413493425
任安乐/帝梓元角色记忆,comment,7261,粉丝点评/记忆表达明确,仙女味的迪崽崽,电视剧安乐传 看尽天下风华 仍是当年月下。一夜半白头，不过二十韶华。且看任安乐@Dear-迪丽热巴 如何一展芳华,https://m.weibo.cn/detail/4771132949135863
嘻嘻迪/表情包/可爱梗,post,7209,粉丝点评/记忆表达明确,烟儿Vivi,一段朋友拍的视频 小巴巴笑眼眯眯地塞零食，但是小巴粉们好像太激动了，有点没注意到哈哈哈 好可爱好温柔的巴巴酱呜呜呜🥺🥺 #迪丽热巴请粉丝吃巧克力# #迪丽热巴和烟烟甜美爱情故事# 烟儿Vivi的微博视频,https://m.weibo.cn/detail/5012711920894540
生日生贺与小小迪陪伴记忆,post,7182,粉丝点评/记忆表达明确,Dear迪丽热巴守护星,💎💎迪迪@Dear-迪丽热巴 生日倒计时3天🕤爱丽丝们快来和宣妹一起回顾一下迪迪往年的生日博吧。 #迪丽热巴0603生日快乐# dlrb#迪丽热巴生日发新歌#,https://m.weibo.cn/detail/5040217073388241
生日生贺与小小迪陪伴记忆,post,7139,粉丝点评/记忆表达明确,冬日士多啤梨,迪丽热巴2026生贺｜Angel🪽每个背影我收藏每次跌倒我怜惜每滴眼泪我都看见每份苦涩我都懂得每鞠躬一次，我好像离你远了一些可你偏偏，总能注意到我挥舞的双手几近触碰到我狂跳的心脏隔着万千流言蜚语，捧住我无比热烈的爱意你为我开的车窗，是我们灵魂交汇的渡口你亲手接过的信，是我们频率共振的时刻跌跌撞撞，一圈又一圈兜兜转转，一年又一年我常常想你共情你的曾经我时常期待寄寓你的未来我会带着回忆继续陪你不停下脚步不停止热爱Cause you will,https://m.weibo.cn/detail/5294187773952501
生日生贺与小小迪陪伴记忆,post,7139,粉丝点评/记忆表达明确,萌兔糯叽酱,迪丽热巴2026生贺｜Angel🪽每个背影我收藏每次跌倒我怜惜每滴眼泪我都看见每份苦涩我都懂得每鞠躬一次，我好像离你远了一些可你偏偏，总能注意到我挥舞的双手几近触碰到我狂跳的心脏隔着万千流言蜚语，捧住我无比热烈的爱意你为我开的车窗，是我们灵魂交汇的渡口你亲手接过的信，是我们频率共振的时刻跌跌撞撞，一圈又一圈兜兜转转，一年又一年我常常想你共情你的曾经我时常期待寄寓你的未来我会带着回忆继续陪你不停下脚步不停止热爱Cause you will,https://m.weibo.cn/detail/5294209018103619
生日生贺与小小迪陪伴记忆,post,7113,粉丝点评/记忆表达明确,·做我的月亮·,小热巴，就这样双向奔赴，一起“私奔向星河”🌟 #迪丽热巴后援会# ｜#迪丽热巴0603生日快乐# ·做我的月亮·的微博视频,https://m.weibo.cn/detail/5173214116315927
爱丽丝与热巴的双向奔赴,post,7110,粉丝点评/记忆表达明确,一只黏人的小猫咪_,#迪丽热巴请粉丝吃巧克力# 迪丽热巴收了巴粉签名的大旗 还分给粉丝巧克力吃 这波属于双向奔赴啦～,https://m.weibo.cn/detail/5012703497948714
枭起青壤/聂九罗表演突破,post,7102,粉丝点评/记忆表达明确,追星网瘾少年,#迪丽热巴 让我上去演好不# 今天出席枭起青壤剧宣活动，@Dear-迪丽热巴 和@陈星旭--CHEN先生 还原九罗炎拓经典台词，妈呀，我超爱这段的，两个毒舌王者。 好想上去演阿随便给陈星旭擦擦汗，给老师紧张的 #枭起青壤微博追剧团#,https://m.weibo.cn/detail/5236887809950826
白日提灯贺思慕/女鬼鬼王记忆,post,7062,粉丝点评/记忆表达明确,琪乐说育儿,#白日提灯热度#救命！《白日提灯》这开播热度谁看了不喊离谱？！开播前我还跟老婆拍着胸脯赌，说这剧首播热度能稳破20000我就承包她一整月奶茶，结果现实直接给我脸都打肿了！开播没几个小时，热度直接从20000一路猛冲飙到22000，那涨幅跟坐了窜天猴似的，我现在已经开始默默算这个月奶茶要超支多少了。 说真的，本来我还抱着“流量古偶也就那样”的挑剔心态点开，结果好家伙，直接垂直入坑焊死在坑底！开播前还有人唱衰，说迪丽热巴跟陈飞宇的组合怕不贴,https://m.weibo.cn/detail/5281505595364034
任安乐/帝梓元角色记忆,comment,7047,粉丝点评/记忆表达明确,迪崽小可耐,任安乐我是你的压寨夫人 520快乐@Dear-迪丽热巴 电视剧安乐传,https://m.weibo.cn/detail/4771132949135863
嘻嘻迪/表情包/可爱梗,post,6919,粉丝点评/记忆表达明确,箐南,#迪丽热巴表情富商#哦莫，迪丽热巴完全就是表情富商呀，随便一帧就是一个可爱表情，让人爱的不要不要的。震惊的巴巴、惊吓巴巴、皱眉巴巴、疑惑巴巴等等，每一个都像一个糯叽叽的小兔子，让人忍不住的想偷偷抱回家，好好好～我的表情包库又更新啦！大家不要放过这么软糯可爱的热巴呀！一秒提供表情却不自知呢！#作品二创#,https://m.weibo.cn/detail/5165431258874732
花少/你好星期六等综艺片刻,post,6883,粉丝点评/记忆表达明确,5G冲浪君,金晨不来了，换成迪丽热巴。《现在就出发》第四季常驻阵容基本没变，就这一个关键调整。节目组没多说，只说是“档期原因”。老粉有点失落，毕竟金晨那股劲儿挺对味。但热巴的加入，确实带来了新悬念。她能不能接住这种户外综艺的节奏？和沈腾他们能擦出什么新火花？看个综艺而已，别太真情实感。人换了，节目好看就行,https://m.weibo.cn/detail/5271810753170040
嘻嘻迪/表情包/可爱梗,post,6780,粉丝点评/记忆表达明确,螺蛳粉炸蛋剧好吃,#迪丽热巴 wink完你的wink你的# 0可以抵挡迪丽热巴的wink，可给我们姐姐忙坏了哈哈哈 #枭起青壤微博追剧团# 现场，热巴也是主打一个宠粉，对着四面八方都来了一边wink。可以看出来热巴很忙了～wink完你的wink你的。我们热巴剧里是飒爽英姿的大姐姐，剧外一直都是非常可爱的甜妹啊！和聂九罗这个反 ...全文,https://m.weibo.cn/detail/5236891043759288
嘻嘻迪/表情包/可爱梗,post,6604,粉丝点评/记忆表达明确,李lang涛,#迪丽热巴对老年生活有什么执念吗# 笑死！别人看节目记人名，热巴看节目记“老年名梗”！每一句锐评都能让人笑出腹肌。,https://m.weibo.cn/detail/5164124892562315
乔晶晶与《你是我的荣耀》入坑记忆,post,6562,粉丝点评/记忆表达明确,Vancy-D,2021年的暑假遇见乔晶晶…遇见迪丽热巴！这三年稳步输出作品的同龄人迪丽热巴～你真的很棒！你默默鼓励着我…让我有勇气坚持着然后实现自己的梦想～今年考研上岸～～全是你带我走过来！耳机听着你的声音做题就很幸福～～好喜欢真诚的可爱的热巴！追星很快乐～喜欢热巴很快乐！,https://m.weibo.cn/detail/4938024007237973
白日提灯贺思慕/女鬼鬼王记忆,post,6463,粉丝点评/记忆表达明确,开眼看试卷,白日提灯目前观后感来了《白日提灯》夯爆了🔥剧方片头特别美可以截图当背景，特效太绚丽了好牛🐮迪丽热巴出场鬼王那味就立住了，贺小小特别戏精超级可爱演技灵灵哒！巴儿在里面名场面巨多剧情也很逗的好好看！白日提灯每一帧都是壁纸，质感超好配乐也不错很宏伟，我要爱上了啊啊啊啊啊#白日提灯播出反馈#,https://m.weibo.cn/detail/5281423494742938
枭起青壤/聂九罗表演突破,post,6370,粉丝点评/记忆表达明确,是胖小迪啊,燃起来了🔥9位爱丽丝合唱《天生火》！ 《枭起青壤》收官快乐呀 参与接龙：@蹦_吧啦 @小lee爱迪迪崽 @chrisUforever @天是红河岸zy @起司嘎嘎鹅 @她是我的光啊 @萌系小饼干 @47追的是光啊 @是胖小迪啊 #迪丽热巴枭起青壤# 💞#迪丽热巴聂九罗# 是胖小迪啊的微博视频,https://m.weibo.cn/detail/5246379434974016
枭起青壤/聂九罗表演突破,post,6335,粉丝点评/记忆表达明确,写手,#迪丽热巴 美人嗔怒# 我愿意追随这个神颜迪丽热巴一辈子🙇♀️枭起青壤里饰演的聂九罗简直是教科书级别的美人嗔怒！ 眼角微挑时的不屑，嘴角轻抿时的倔强，每个微表情都像在说“别惹我”。明明带着怒气却依然美得惊心动魄，这种又飒又带感的反差谁能顶得住啊#枭起青壤#,https://m.weibo.cn/detail/5236587031695669
任安乐/帝梓元角色记忆,comment,6308,粉丝点评/记忆表达明确,tansolar,电视剧安乐传 和既可在疆场展翅；亦可在朝堂翱翔的任安乐一起过520咯！期待与我们智勇双全的任安乐早日相见@Dear-迪丽热巴！,https://m.weibo.cn/detail/4771132949135863
李长歌与《长歌行》角色记忆,post,6065,粉丝点评/记忆表达明确,这里是Aurora,关山万里路梦回长歌行#长歌行# #虽然不能同时拥有一切# 迪丽热巴超话,https://m.weibo.cn/detail/5290214174229930
任安乐/帝梓元角色记忆,comment,6003,粉丝点评/记忆表达明确,玫瑰修勾国王子,电视剧安乐传 看尽天下风华 仍是当年月下。一夜半白头，不过二十韶华。且看任安乐@Dear-迪丽热巴 如何一展芳华。,https://m.weibo.cn/detail/4771132949135863
红毯神图与高定封神造型,post,5959,粉丝点评/记忆表达明确,Chrison克里森,热巴亮相Dior南京活动，一袭蓝裙子，简直是雨中撑伞的美神啊~ #热巴雨中撑伞神图# #迪丽热巴迪奥南京活动人气# #Dior南京活动# #DiorCigale# 南京·德基广场 Chrison克里森的微博视频,https://m.weibo.cn/detail/5292677534583860
嘻嘻迪/表情包/可爱梗,post,5908,粉丝点评/记忆表达明确,Eternal孤音,哈哈哈哈笨蛋宝贝好可爱啊//@辛能能RR:可爱程度可以上升李长歌#迪丽热巴李长歌#,https://m.weibo.cn/detail/4620945682338543
任安乐/帝梓元角色记忆,post,5828,粉丝点评/记忆表达明确,星姐微博,#迪丽热巴粉丝相约20240729# 一生热爱步履不停，双向奔赴一直都在！ 《安乐传》正在热播，是洒脱肆意的任安乐也是运筹帷幄的帝梓元 #迪丽热巴粉丝相约20230729# #星姐微博#,https://m.weibo.cn/detail/4928628352096524
白日提灯贺思慕/女鬼鬼王记忆,post,5781,粉丝点评/记忆表达明确,Aphrodite·迪丽热巴,2026.4.1 《白日提灯》追剧团 姐姐，好久不见@Dear-迪丽热巴 📷𝙗𝙮 𝘼𝙥𝙝𝙧𝙤𝙙𝙞𝙩𝙚 #迪丽热巴贺思慕##迪丽热巴这真是妈咪级别的#,https://m.weibo.cn/detail/5282954917973126
乔晶晶与《你是我的荣耀》入坑记忆,post,5774,粉丝点评/记忆表达明确,晚男说,#迪丽热巴 观众缘# 作为浓颜系美人，她的明艳大气极具辨识度，却因笑容甜美、举止真诚而毫无距离感。无论是《克拉恋人》中娇俏可爱的高雯，还是《你是我的荣耀》中温柔坚韧的乔晶晶，她总能以细腻演技赋予角色鲜活生命力。 戏外的她低调谦和，综艺中自然不做作的表现更圈粉无数，这种“颜值与性格反 ...全文,https://m.weibo.cn/detail/5235827001265805
白日提灯贺思慕/女鬼鬼王记忆,post,5672,粉丝点评/记忆表达明确,呼噜小芭,一次营业可以露出： 玫瑰，暗示利剑玫瑰 白骨，暗示慕胥辞鬼王大人 白骨玫瑰摆件，暗示小众怪诞枭起青壤 卡点0603，暗示dlrbwaals 一次营业媚了三部剧剧粉和爱丽丝，由此可得，迪丽热巴媚粉天才,https://m.weibo.cn/detail/5168445815521519
红毯神图与高定封神造型,post,5644,粉丝点评/记忆表达明确,HauteCouture_Style,2025 年度高级定制总结 —— 迪丽热巴年内 14 套高级定制一览 ，一同回顾热巴 2025 年亮眼又美丽的高定答卷 ～ 唯一一场红毯亮相便贡献了去年最出圈也最有态度的造型 ，这身 Robert Wun 有多厉害已经说腻了 ，国内有席卷热搜的火爆声量 、国外更获 RCFA 年度十佳造型唯一入选亚洲面孔的权威认可 ，姐只要玩起来了 ，红毯哪还有别人的份 同时 Dior 奉上含金量十足的 Custom Look 加持 JWA 女装首秀亮相,https://m.weibo.cn/detail/5260123314061661
生日生贺与小小迪陪伴记忆,post,5521,粉丝点评/记忆表达明确,呱紫,❤️ 迪丽热巴 33岁生日快乐啊~ ❤️ @Dear-迪丽热巴 新的一年也要继续发光发热，追逐自己梦想的同时也要注意身体 （感谢参与制作的28位爱丽丝，喜欢ta们的可以在结尾找到ta是谁哦~） 最后：请夸，多夸，爱看 (*´I`*) 迪丽热巴#迪丽热巴0603生日快乐# 呱紫的微博视频,https://m.weibo.cn/detail/5171265270974915
嘻嘻迪/表情包/可爱梗,post,5385,粉丝点评/记忆表达明确,坡上有瓜,迪丽热巴《白日提灯》我周围火到什么程度…工作小组10个人的群8个人在追；集团靠三个百个人的管理岗位群发预告；🫘、朋友⭕️、🍠等都有不同台词梗出现；小区群里有人在发迪丽热巴邪恶砂糖橘表情包；啥也不说了，我只想看加更，根本不够看。。。 ​,https://m.weibo.cn/detail/5282301405826590
白凤九与三生三世情怀,post,5112,粉丝点评/记忆表达明确,巴颗m豆,我愿称🧚‍♀️迪丽热巴古装🧚被这个市场偏爱古装剧【3部年冠，2部登财报，1部海外华语剧影视剧单集最贵，2部角色提名海外视后奖项】✔️2021《长歌行》海外华语影视剧单集销售额/总销售额TOP1️⃣，为中国文化输出做出一定贡献。🏆李长歌入围首尔国际电视节视后🏆长歌行提名首尔国际电视节优秀电视剧🏆长歌行入围中美电视节金天使奖✔️2020《三生三世枕上书》全网播放量年冠、腾讯独播（播放量/集均播放量）双年冠，腾讯会员转化价值年冠，总计4个年冠,https://m.weibo.cn/detail/4687261003941888
白凤九与三生三世情怀,post,5112,粉丝点评/记忆表达明确,rua一口可爱宝贝,我愿称🧚‍♀️迪丽热巴古装🧚被这个市场偏爱古装剧【3部年冠，2部登财报，1部海外华语剧影视剧单集最贵，2部角色提名海外视后奖项】✔️2021《长歌行》海外华语影视剧单集销售额/总销售额TOP1️⃣，为中国文化输出做出一定贡献。🏆李长歌入围首尔国际电视节视后🏆长歌行提名首尔国际电视节优秀电视剧🏆长歌行入围中美电视节金天使奖✔️2020《三生三世枕上书》全网播放量年冠、腾讯独播（播放量/集均播放量）双年冠，腾讯会员转化价值年冠，总计4个年冠,https://m.weibo.cn/detail/4687259934396140
乔晶晶与《你是我的荣耀》入坑记忆,post,5078,粉丝点评/记忆表达明确,Dear-顾芯梦,迪丽热巴，俺永远的神//@Dear迪丽热巴网宣组:迪丽热巴超话 #迪丽热巴乔晶晶# 把民族服饰穿出灵魂一举一动妩媚动人@Dear-迪丽热巴 #迪丽热巴李长歌#,https://m.weibo.cn/detail/4588330350554954
白日提灯贺思慕/女鬼鬼王记忆,post,5020,粉丝点评/记忆表达明确,老特拉福德的糖猫儿,#迪丽热巴生离死别哭戏#迪丽热巴抱着段胥死去的尸体的哭戏，真的震撼到我了，那种绝望的感觉，让屏幕前的我也跟着她哭的稀里哗啦。 好的演员真的能让人共情。 #白日提灯##迪丽热巴贺思慕#,https://m.weibo.cn/detail/5288421228806636
爱丽丝与热巴的双向奔赴,post,4844,粉丝点评/记忆表达明确,Dear-迪丽热巴专属投投,迪丽热巴 【微博之夜抢票情况说明】 1、由于热巴的行程确认较晚，前期有23张门票已完成实名信息上报，故这部分门票将作废处理。在热巴可能出席活动的前提下，抢票是为了更好的应援，在此也请大家不必遗憾。 2、前期分到门票的爱丽丝，不建议各位前往参与活动。如要前往参加，则本年度不得再 ...全文,https://m.weibo.cn/detail/5261611199891704
演员成长与角色群像评价,post,4822,粉丝点评/记忆表达明确,迪迪卫研究所,to 迪迪坨： 爱意随风起，一路上走走停停不知不觉我们也有了许多曾经，当初古灵精怪的小女孩经过各种角色的沉淀，现在的你更加从容自信也更加迷人，愿你一直做那个热爱表演的小姑娘，就像你说的那样将经历的都放在心里，永远用清澈的眼神看世界 从十年前的阿娜尔罕到现在的纪云禾，演员迪丽热巴一步 ...全文,https://m.weibo.cn/detail/4776062956079829
演员成长与角色群像评价,post,4809,粉丝点评/记忆表达明确,Dear热_婉儿,太多因为迪丽热巴的演技入坑的新粉了，迪丽热巴的观众盘只会越来越大，粉丝只会越来越多。只要考古她没有人不会爱她！,https://m.weibo.cn/detail/5286177689044452
生日生贺与小小迪陪伴记忆,post,4785,粉丝点评/记忆表达明确,DI-WARRIOR大院,【视频更新】 《528特别巨献——爱丽丝的一天》 听说@Dear-迪丽热巴 在剧组拍戏的日子里， 她的小娇妻们都已经想她想疯了 亲，这边建议dd88女士尽快发18宫格自拍以作补偿 配音：瓜子 剪辑：池鸢 #今日fun创放送##fanstube##迪丽热巴0603生日快乐##迪丽热巴任安乐# ...全文,https://m.weibo.cn/detail/4774167742776058
爱丽丝与热巴的双向奔赴,post,4778,粉丝点评/记忆表达明确,不灭幽灵,迪丽热巴喀什接机的爱丽丝们集合完毕 不灭幽灵的微博视频,https://m.weibo.cn/detail/4992961175884006
任安乐/帝梓元角色记忆,comment,4766,粉丝点评/记忆表达明确,小迪滴呀,电视剧安乐传 看尽天下风华 仍是当年月下。一夜半白头，不过二十韶华。且看任安乐@Dear-迪丽热巴 如何一展芳华。,https://m.weibo.cn/detail/4771132949135863
演员成长与角色群像评价,post,4733,粉丝点评/记忆表达明确,坡上有瓜,爆灯现在呈这样的状态： 观众有序进场、金主有序入场、剧粉疯狂讨论、 粉丝持续宣传、嘿子上下跳脚、下家均已气晕。 迪丽热巴《白日提灯》真的太好看了！好的作品当然会被看见，好的演技当然会被夸奖。,https://m.weibo.cn/detail/5282264579573492
嘻嘻迪/表情包/可爱梗,comment,4720,粉丝点评/记忆表达明确,反反反反骨仔_好运缠身版,笑死了 雪碧你是真能挖啊 d8记忆力也是真的好 几年了还记得,https://m.weibo.cn/detail/4960761240617504
演员成长与角色群像评价,post,4708,粉丝点评/记忆表达明确,看昨日青空,多发迪丽热巴的演技高光名场面衬托出你偶像大吼大叫有多烂…… ​,https://m.weibo.cn/detail/5280135544834858
新疆舞与舞台表现名场面,post,4590,粉丝点评/记忆表达明确,一只鹿小满,艾嘛，不行了 嘿子怕不是在反向安利吧 因为这个视频 我就跑去考古热巴跳舞了，爱惨了…,https://m.weibo.cn/detail/5293162845178918
高雯名场面与早期出圈,post,4589,粉丝点评/记忆表达明确,野食风云簪,#迪丽热巴回忆高雯差点被换掉#很早以前看过有人说，高雯这个角色是公司老板幂和唐关系好，给热巴拉来的资源，没想到热巴特别出彩，热度甚至压过女主唐，也因为这件事，唐和幂关系都变差了。后来老看巴粉说这个角色是热巴自己争取的，但从来没有在热巴这里证实过，现在看来的确如粉丝所说。 ​,https://m.weibo.cn/detail/5175268504241672
白日提灯贺思慕/女鬼鬼王记忆,post,4549,粉丝点评/记忆表达明确,Nahnu0603迪丽热巴,迪丽热巴 -20260401 白日提灯追剧团 我以春天问候你 祝福你@Dear-迪丽热巴 #白日提灯# 💡#迪丽热巴贺思慕#,https://m.weibo.cn/detail/5283211832987881
爱丽丝与热巴的双向奔赴,post,4521,粉丝点评/记忆表达明确,坡上有瓜,巴粉要爱迪丽热巴一辈子了 原本都上车了还下来收粉丝写的信，迪丽热巴你好宠啊，女明星和粉丝双向奔赴～ 坡上有瓜的微博视频,https://m.weibo.cn/detail/5264119500374225
演员成长与角色群像评价,post,4499,粉丝点评/记忆表达明确,小岛兴田,#白日提灯播出反馈##白日提灯热度#迪丽热巴，陈飞宇主演的《白日提灯》1-5集观后感——❶剧作叙事非常扎实，品质等级可算2026年之最！💯❷迪丽热巴的演技达到了前所未有的高度，霸气，可爱，心机状态自由切换，一点儿也不违和，仿佛近几年的功力全注入了这个角色，很饱满。❸谢天谢地，陈飞宇不是粉底液将军，甚至在他身上看到了何润东的影子，很帅，还带有一些狡黠，不是小弱鸡。❹故事新奇程度2025，2026年之最，400岁善良的黑暗灵主和深藏秘密的机,https://m.weibo.cn/detail/5281454080918541
爱丽丝与热巴的双向奔赴,post,4496,粉丝点评/记忆表达明确,星姐微博,#迪丽热巴七夕机场出发造型# 迪丽热巴跟粉丝打招呼系列，永远的双向奔赴 只是周四，大家为什么这么开心 #迪丽热巴# #星姐微博#,https://m.weibo.cn/detail/4798774856389615
花少/你好星期六等综艺片刻,post,4495,粉丝点评/记忆表达明确,体说_,迪丽热巴今年一整年无效播剧，《公诉》《安乐传》扑到地心，所以她这是要变成综艺咖了吗？她现在不仅在录制《花儿与少年》，还在洽谈综艺《我们来了》。​目前她的影视剧只剩下一部《利剑玫瑰》，《万渣朝凰》一直没有确定下来，现在又在接触新综艺。​看来《安乐传》的成绩对迪丽热巴影响很大，不然现在她都没什么质量好的影视邀约，热饼也都没看到她的身影。​2022年她几乎一整年没露面，引发了大量猜测。今年年初现身线下活动，被网友发现端倪，身材对比以前有了巨大,https://m.weibo.cn/detail/4952483081751213
跑男时期综艺名场面,post,4453,粉丝点评/记忆表达明确,小怡说车,#迪丽热巴跑男只录了12天#原来才12天吗？还以为录了好几个月一样，当时真的记忆深刻啊,https://m.weibo.cn/detail/5291989328989681
纪云禾与鲛人系角色记忆,post,4418,粉丝点评/记忆表达明确,守护崽5号,#迪丽热巴纪云禾# 【迪丽热巴粉丝 dlrb @Dear-迪丽热巴】，我给了“#迪丽热巴与君初相识#”这个，你也快来吧~,https://m.weibo.cn/detail/4687259011909843
爱丽丝与热巴的双向奔赴,post,4403,粉丝点评/记忆表达明确,迪迪译家亲,元宵节这天，在巴黎的爱丽丝们自发组织了这场小小的奔赴——去应援点打卡、去街头走走、然后围在一起吃顿热热闹闹的元宵饭。 因为爱着同一个人，也正被彼此爱着，异乡的夜晚便有了温度。每一位巴粉都很好，特别好！ 巴黎的春天如常到来，所有未完成的约定，都留给下次相见。 愿一切顺遂，愿平安归家 ...全文,https://m.weibo.cn/detail/5272752764228433
爱丽丝与热巴的双向奔赴,post,4333,粉丝点评/记忆表达明确,胖杉百事从欢,巴粉：迪丽热巴平安喜乐！ 小巴：挥手🙋♀️鞠躬🙇🏻♀️ 呜呜家姐和丝儿这个双向奔赴我眼泪喷出来 ©️🍠#热巴好汹涌的爱意# #粉丝喊迪丽热巴平安喜乐# 胖杉百事从欢的微博视频,https://m.weibo.cn/detail/5278276293498533
白日提灯贺思慕/女鬼鬼王记忆,post,4261,粉丝点评/记忆表达明确,新加坡小笔尖,怎么做到演假哭也泪如雨下的 完全不依赖环境的！！ 既有体验派的下意识情绪 也有方法派的情感记忆 诠释起哭戏来有点大炮轰蚊子了 #白日提灯热度##白日提灯# #迪丽热巴贺思慕# 新加坡小笔尖的微博视频,https://m.weibo.cn/detail/5281423835793581
行走的油画/神女美貌出圈,post,4223,粉丝点评/记忆表达明确,三杯黑啤不倒,神女降世名场面#迪丽热巴戴着面纱跳新疆舞#,https://m.weibo.cn/detail/4588330509929442
任安乐/帝梓元角色记忆,comment,4163,粉丝点评/记忆表达明确,今天又起晚啦-,看尽天下风华 仍是当年月下。一夜半白头，不过二十韶华。且看任安乐@Dear-迪丽热巴 如何一展芳华。,https://m.weibo.cn/detail/4771132949135863
生日生贺与小小迪陪伴记忆,post,4160,粉丝点评/记忆表达明确,誰到处跑,#迪丽热巴0603生日快乐# 感谢从湖北各地来的小毒药，跑遍武汉为热巴拍摄应援视频！什么什么了不起？迪丽热巴！就是了不起呀！不要怀疑！你的87们就是这么可爱！个个大长腿@Dear-迪丽热巴 导演：@sunshine胖迪- 感谢@-门耳君 给我们设计的应援横幅！ Lsunshine胖迪-的秒拍视频,https://m.weibo.cn/detail/4234655387403404
迪拜报平安/守护型记忆,post,4055,粉丝点评/记忆表达明确,新加坡小笔尖,#迪丽热巴感谢观众支持利剑玫瑰#挺感谢迪丽热巴演这部剧的，说真的不是热巴我不会打开一部打拐剧，特别怕看妻离子散的这种情节。结果……打开了，直接入坑，每天乖乖等更新。明明写的是苦 难，但却积极向上的阳光笔调。没有刻意放大苦 难，把那些绝望的破碎放在配角的部分，和你产生很强共情的主线是感人的，真挚的，就算有波折也是充满希望的。女性的互助，人们的善良，人 贩 子的恶，都很极致，所以不会有任何让人无语的情节，全部情绪点正确匹配到位！当人很舒爽，,https://m.weibo.cn/detail/5197079225827961
跑男时期综艺名场面,post,4043,粉丝点评/记忆表达明确,迪迪公主勇敢飞,从胖迪入坑愿你将来顺顺顺顺迪丽热巴超话,https://m.weibo.cn/detail/5291122933105475
演员成长与角色群像评价,post,4040,粉丝点评/记忆表达明确,追剧seven仙女,白日提灯超点后加广啦，37集加广，还是片头硬广啊！好剧就是这样，源源不断入场，迪丽热巴牛，白日提灯剧情好演技好特效好，值得！ #迪丽热巴生离死别哭戏#,https://m.weibo.cn/detail/5288436462257862
白日提灯贺思慕/女鬼鬼王记忆,post,4004,粉丝点评/记忆表达明确,北岛,迪丽热巴出场给到夯 所有人都请来感受迪丽热巴这个出场是妈妈是女王是主人！！完全霸气侧漏 睥睨万物的一款！ 万鬼开路 游灵掀帘，贺思慕一袭黑衣缓缓走出，抬眼一瞥满是凌厉，好威风啊我们灵主大人！！短短30s就给我看爽了这个出场简直夯爆了好吗！#白日提灯#,https://m.weibo.cn/detail/5279660244208978
爱丽丝与热巴的双向奔赴,post,4003,粉丝点评/记忆表达明确,顶级神颜,迪丽热巴昨日抵达宁波后，不仅收了粉丝签名的应援大旗，还送了粉丝板栗🌰，与粉丝的双向奔赴，谁看了不羡慕呀 #迪丽热巴请粉丝吃巧克力#,https://m.weibo.cn/detail/5012890841253560
白日提灯贺思慕/女鬼鬼王记忆,post,3994,粉丝点评/记忆表达明确,双子糖蜜猪,用迪丽热巴s+招商，待遇比不上任何一个耀祖。从公诉开始、利剑玫瑰、枭起青壤再到白日提灯，双平台的利剑玫瑰🥝给了专栏从而开始逐渐发酵，枭起青壤对比当年所有剧、固屏专栏次数和天数全年倒数待遇，白日提灯banner比不上上一个待爆，除了收割粉丝的💰，没有一个剧是对的上她应得的。还记得去年的 ...全文,https://m.weibo.cn/detail/5282921113980406
生日生贺与小小迪陪伴记忆,post,3935,粉丝点评/记忆表达明确,冷面女杀手突突兔兔,哈哈哈哈哈哈哈哈哈哈哈哈哈哈哈哈哈哈哈哈哈哈哈啊哈哈哈啊哈哈啊哈哈哈啊哈哈啊哈哈哈啊哈哈啊哈哈哈啊哈哈啊哈哈哈啊哈哈哈哈哈哈哈哈哈哈哈哈哈哈哈哈属实没想到这么好笑又土又上头谁懂！！#迪丽热巴0603生日快乐# 冷面女杀手突突兔兔的微博视频,https://m.weibo.cn/detail/4772021701707545
白日提灯贺思慕/女鬼鬼王记忆,post,3903,粉丝点评/记忆表达明确,Limerence0603丨迪丽热巴,#迪丽热巴贺思慕# 260401 #白日提灯# 追剧团 拜托，人类很少可爱成这样子吧！ @Dear-迪丽热巴 #今日星拍放送# Limerence0603丨迪丽热巴的微博视频,https://m.weibo.cn/detail/5286864421389001
演员成长与角色群像评价,post,3901,粉丝点评/记忆表达明确,潮流精神病人,迪丽热巴和杨紫这几年的路子确实不太一样，说差距倒不如说方向偏了。 杨紫的古装剧质感确实稳，哪怕是同类型题材，她总能靠演技把角色磨出点新意，看着就很顺。但热巴呢，异域长相其实是特色，可古装造型总没把这特色融进去，反而显得有点格格不入，确实可惜了。 《白日提灯》里她和陈飞宇站一起，感 ...全文,https://m.weibo.cn/detail/5279838153736709
嘻嘻迪/表情包/可爱梗,post,3897,粉丝点评/记忆表达明确,满身少年气,太可爱了哈哈哈哈哈哈哈哈哈哈哈哈哈哈哈哈哈哈哈哈哈哈哈哈哈哈哈哈哈哈哈笑疯了我,https://m.weibo.cn/detail/4389017367361021
嘻嘻迪/表情包/可爱梗,post,3897,粉丝点评/记忆表达明确,昊昊酷,要被热巴笑死了但是好可爱,https://m.weibo.cn/detail/4389016453722145
枭起青壤/聂九罗表演突破,post,3889,粉丝点评/记忆表达明确,阿葱,#普通人是迪丽热巴赋予聂九罗的原点# 没人能不爱迪丽热巴明媚又舒朗的面庞，「枭起青壤」里聂九罗每次出现都会牢牢吸引住人的视线和目光。但是越看越会觉得，阿罗最可爱的地方， 恰恰就是她身上最宝贵的属性，这个属于聂九罗的角色原点，叫做「普通」。 属于聂九罗的「普通」，并非是平庸活着黯淡，而 ...全文,https://m.weibo.cn/detail/5240909005330040
演员成长与角色群像评价,post,3863,粉丝点评/记忆表达明确,EMMA眉菲色舞,#迪丽热巴# 转了一圈我都心疼咱热热了。我发觉咱热热的压力真有可能不是别人给的，就是粉丝给的。要求也太严格了吧。我老公和我同事看到热巴都觉得很厉害了。粉丝却一顿要求。热巴太累了，和演员比演技，和爱豆比妆发，比舞台效果，和男流量比人气。更要和自己比，必须要一次比一次惊艳才行。怎么就有人这么爱对妆发什么的指手画脚呢。有没有想过，你觉得不好看真有可能是你自己没见过世面。一成不变有意思么？你去哪里找这么多才多艺全面的人啊。会演会跳还可以唱（毕竟,https://m.weibo.cn/detail/4455689273345846
李长歌与《长歌行》角色记忆,post,3844,粉丝点评/记忆表达明确,月熊soso,李长歌这个角色其实会让我一直对迪丽热巴有滤镜…长歌行让我对吴磊也有隼的滤镜 我们歌隼真的 从头到尾双向奔赴 没有俗套情节 就算是在不同立场也都是在为了百姓为了天下的清明 鸟蛋长情 长歌行剧粉长情不是没有道理的 长歌行值得,https://m.weibo.cn/detail/4926011303003557
爱丽丝与热巴的双向奔赴,post,3837,粉丝点评/记忆表达明确,是胖小迪啊,亲签代表这是她本人的心意，没见到她本人就让亲签陪伴大家🥹 胶片相机是让大家多拍拍自己多拍拍周围的风景，这样粉丝拍下的每张照片都有她的参与和陪伴🥹 有价的礼物和无价的爱都有了，她真的很爱我们 这个迪丽热巴咋这么好哇🥹,https://m.weibo.cn/detail/5286913338507494
白日提灯贺思慕/女鬼鬼王记忆,comment,3813,粉丝点评/记忆表达明确,爱Ali丝,"“我的法度,不可忤逆”！渡万千游灵归墟，舍一身五感尘凡，3月28日本周六中午12点来看归墟最强万灵之主贺思慕，不见不散～",https://m.weibo.cn/detail/5279940612196936
白日提灯贺思慕/女鬼鬼王记忆,post,3807,粉丝点评/记忆表达明确,地球圈养珍稀物种,没错， 热巴的剧我以前也常看，但是看了白日提灯这部剧后直接垂直入坑，开始学转发，要怎么编辑文字推荐白日提灯，要怎么站内打分，站内表白的，天知道我一个34岁的老阿姨以前都没有接触过这些东西，最多是点赞，直接转发,https://m.weibo.cn/detail/5289849623940791
纪云禾与鲛人系角色记忆,post,3761,粉丝点评/记忆表达明确,开心大大重要,#迪丽热巴恰似故人归# @Dear-迪丽热巴 #迪丽热巴纪云禾# 耶嘿我来了 迪丽热巴纪云禾恰似故人归与君初相识,https://m.weibo.cn/detail/4753217378058953
新疆舞与舞台表现名场面,post,3725,粉丝点评/记忆表达明确,诀泯,迪丽热巴在创造营2019带来经典的《爱你》舞蹈，这谁顶得住啊！ L诀泯的微博视频 ​,https://m.weibo.cn/detail/5271975887897829
白日提灯贺思慕/女鬼鬼王记忆,post,3641,粉丝点评/记忆表达明确,Natalishi,"【泰国韩流媒体平台Korseries更新】泰国韩流媒体平台Korseries在其他平台更新了贺思慕@Dear-迪丽热巴 相关翻译：追到第7集了，已经不记得“好美”这两个字喊了多少遍!!!!! 真的要疯了——彻底输给这部剧里迪丽热巴的颜值！每一帧都美到窒息，扛不住啊。万灵之主这个角色真的太适合她了，1,000,000%契合！完全懂为什么选她来演，因为这不仅仅是漂亮，这种女王气场真的可遇不可求✨ 角色和演员互相成就，绝配顶配天仙配😍😍😍#迪",https://m.weibo.cn/detail/5282665848637780
演员成长与角色群像评价,comment,3620,粉丝点评/记忆表达明确,Linnunratata_候鸟,一人双身，双面人生！@Dear-迪丽热巴 全新挑战奇幻设定，化身卫蓝开启“我与我”的博弈冒险。从惺惺相惜到反目对决，演技高光拉满，带你走进一场充满悬念与共鸣的女性成长之旅。期待早日和卫蓝见面！期待演员迪丽热巴的精彩演绎！,https://m.weibo.cn/detail/5289377796460765
白日提灯贺思慕/女鬼鬼王记忆,post,3535,粉丝点评/记忆表达明确,迪迪卫研究所,迪丽热巴超话 三亿六千万📣‼️贺思慕角色热度再创新高‼️热播期还没完，3.8亿角色热度不是梦‼️爱丽丝们一起努力好不好？每天最少【一百万】以上角色热度，如果每天【两百万】，我们能挑战四亿‼️💖每天都有免费的角色热度微博正文还能攒金币或用VIP积分换礼物送贺思慕‼️每天坚持每个浩都做满‼️有能力的可以用钻石送礼物‼️不懂的可以加贺思慕角色热度群（二） 多做还有奖励💖挂播对《白日》提灯剧热度和集均都很重要🔺不论你有设备但没浩，有浩没设备，,https://m.weibo.cn/detail/5294198039252743
机场饭拍与日常陪伴片刻,post,3519,粉丝点评/记忆表达明确,知名冲浪达人,#偶遇明星有多快乐# 机场怕是偶遇明星的胜地吧！迪丽热巴、范丞丞、赵政豪、李希侃、李宇春...连路过的阿姨都跟着拍，虽然不认识，但隔着屏幕都能感受到阿姨的喜悦还有在大理偶遇周迅一起吃饭，感觉全世界的人都在偶遇明星，而我只能在家抠脚 L八组兔区鲜报的微博视频 ​,https://m.weibo.cn/detail/4543910742066105
花少/你好星期六等综艺片刻,post,3478,粉丝点评/记忆表达明确,写手,秦岚迪丽热巴 把浪漫诠释到极致 真的会被花少团的友情感动到破防！新一期《花儿与少年》中，秦岚和迪丽热巴作为团长，偷偷给花少团准备了浪漫的海边晚餐，买了大家喜欢的食物。从准备到购置东西再到布置现场都体现了秦岚和迪丽热巴满满的心意。而花少团的反应也很好哭，“太棒了吧”“你们也太可爱了” ...全文,https://m.weibo.cn/detail/4978530240693042
枭起青壤/聂九罗表演突破,post,3447,粉丝点评/记忆表达明确,青崖寻酒,老天爷啊 聂九罗梦里见到妈妈这段热巴真的太会演了😭😭 一开始听到妈妈和自己讲话时的惊讶，确认妈妈真的在和自己讲话时绷不住委屈眼泪决堤，不敢相信小心翼翼的抱上妈妈。确认真的抱住妈妈后把头埋得更紧，三声妈妈，每一声都情绪更浓烈，哭得像小孩子🥹阿罗已经长大了，可妈妈还一直是记忆里 ...全文,https://m.weibo.cn/detail/5240939707629692
红毯神图与高定封神造型,post,3400,粉丝点评/记忆表达明确,FashionModels,用18套女明星们#2021年度最美红毯造型# 和即将过去的一年说再见！2021年的经典红毯造型，不再只有性感的裹身裙和梦幻的大裙摆，我们也见证了更多裤装造型的精彩！感谢在过去的一年中，她们为我们奉献的美丽！刘雯 Angelababy 倪妮 邱天 范冰冰 迪丽热巴 钟楚曦 舒淇 刘诗诗 何穗 张小斐 宋茜 周冬雨 金晨 童瑶 （排名不分先后）,https://m.weibo.cn/detail/4720546191774015
白日提灯贺思慕/女鬼鬼王记忆,post,3294,粉丝点评/记忆表达明确,为你飘落了一片雪,#白日提灯观后感#本来没抱太大期待点开《白日提灯》，结果直接熬夜追更，越看越上头，现在满脑子都是贺思慕和段胥！追《白日提灯》上头到熬夜！这古偶真的太对我胃口了！ 真的是电影级别的质感啊，《流浪地球》团队做的特效真不是吹的，1900多个特效镜头，不管是贺思慕的鬼王力，还是26米高的归墟城 ...全文,https://m.weibo.cn/detail/5283402069839339
演员成长与角色群像评价,post,3249,粉丝点评/记忆表达明确,高雅枭士,半夜出来聊聊 平台如何我无法改变 但我能尽自己小小的力量让贺思慕角色热度更上一步 手搓弹幕和挂播是一定不能放弃的 愿意出米就出 基础任务一定要做 干就完事了 珍惜她辛辛苦苦拍出来的作品 难以忘记她抱着热水瓶的那个冬天 我永远把演员迪丽热巴的作品摆在第一位,https://m.weibo.cn/detail/5283059689587153
新疆舞与舞台表现名场面,post,3208,粉丝点评/记忆表达明确,芒果捞智多星,迪丽热巴：春晚会邀请你俩演小品 你们辛甘秦愿一天天的就在大家面前舞，连巴巴都说出观众的心声了，赶紧打包上春晚去演小品吧哈哈哈哈#花儿与少年# 芒果捞智多星的微博视频,https://m.weibo.cn/detail/4990783967201305
爱丽丝与热巴的双向奔赴,post,3149,粉丝点评/记忆表达明确,洋葱加点料,#热巴后援会发了时装周应援公告# 爱丽丝真的好爱热巴，虽然热巴因不可抗力无法出席时装周，但爱丽丝的爱不会缺席，希望热巴一切顺利平安，后援会说我们都非常爱你牵挂你。,https://m.weibo.cn/detail/5272448196153817
生日生贺与小小迪陪伴记忆,post,3108,粉丝点评/记忆表达明确,Dear-Antidote,#迪丽热巴能量月# #迪丽热巴0603生日快乐# 是因为心跳过过过过过过过快死的//@迪脱脱:最后一秒我当场去世//@予你星辰:姐姐的98K🔫,https://m.weibo.cn/detail/4234655433210769
行走的油画/神女美貌出圈,post,3104,粉丝点评/记忆表达明确,苏小寒_0603,#迪丽热巴金色吊带裙# 【粉丝没有路人会夸系列】今天又是美貌出圈的一天，请@Dear-迪丽热巴 接受来自凡人的夸赞。“怎么形容她的美，这道题太难了”“感觉加上一束光，她分分钟能脱离尘世，飞升云端”“看了都感觉吸了几口仙气，精神气顺了”“以后脑海中所有美人鱼都有了实体参照”“明明长了一副祸害众生的妖艳脸，却偏偏带有一股孩子气”“天使的面庞，魔鬼的身材”“国家非物质文化遗产”“借用一句话这是女娲捏的，我是女娲甩的泥点子”“刚想说那句美人在皮,https://m.weibo.cn/detail/4223589819051752
嘻嘻迪/表情包/可爱梗,post,3096,粉丝点评/记忆表达明确,冰染倾迪,让我也来加入属于我们虽不拥的燃冬赛道吧 哈哈哈哈🍠人们好有梗,https://m.weibo.cn/detail/5289846329312993
演员成长与角色群像评价,post,3091,粉丝点评/记忆表达明确,坡上有瓜,路人、剧粉看剧情，某些人就盯着广告…看过迪丽热巴《白日提灯》的都说好，迪丽热巴贺思慕角色热度破2亿了、全网涨粉几十万了、出圈台词表情包有了、迪丽热巴又美出圈了、迪丽热巴演技又被夸了！史诗级巨扑的当然体会不到什么是全好评的快乐#白日提灯第28集无广# ​,https://m.weibo.cn/detail/5285901489410483
行走的油画/神女美貌出圈,post,3049,粉丝点评/记忆表达明确,地狱里的一角游乐场,你们不知道贺思慕绝美写真的预热效果有多好。这两天，我看到有画手圈的老师在赞美转发古风写真，小说圈的作者想要在修真文里加入一个类似角色，读者盛赞贺思慕为无限流最大诡异，cos圈收藏讨论鬼魅妖孽聊斋造型，动漫圈88×镜玄cp旧频重提，更不提被女尊和修罗场题材吸引入坑的路人观众了。。事实证明，极致的美貌就是拥有恐怖的打破圈层能力，让毛毛们剧宣安利顺利到丝滑得像一根狡猾的宽粉流出，事半功倍。我看到路人自发拥护迪丽热巴古装真神的评价只觉得委屈像开,https://m.weibo.cn/detail/5279235487041566
迪拜报平安/守护型记忆,post,3023,粉丝点评/记忆表达明确,半只小辰,迪丽热巴 爱丽丝有太多的话想对巴巴说了，但是听到巴巴已安全回国的那一瞬间也只剩一句“平安就好” 迪丽热巴｜ 半只小辰的微博视频,https://m.weibo.cn/detail/5273140655558181
爱丽丝与热巴的双向奔赴,post,3009,粉丝点评/记忆表达明确,耀鼠奶油包,#热巴后援会发了时装周应援公告# 现在粉丝们只希望热巴安全回国，不管今天怎么样没有见面，期待下次更好见面，未来很长我们慢慢相见，一生热爱，步履不停，爱丽丝们永远是你坚强的后盾在保护无条件支持你,https://m.weibo.cn/detail/5272452487973755
红毯神图与高定封神造型,post,2909,粉丝点评/记忆表达明确,给我热一扎奶茶,迪丽热巴好美的妆造，异域自由自在的小蝴蝶，好灵动🦋 #迪丽热巴陈飞宇异域造型路透#,https://m.weibo.cn/detail/5075637834616909
嘻嘻迪/表情包/可爱梗,post,2881,粉丝点评/记忆表达明确,wency诗诗爱美食,哈哈哈哈小岳岳好可爱,https://m.weibo.cn/detail/4389016822380490
嘻嘻迪/表情包/可爱梗,post,2876,粉丝点评/记忆表达明确,梨绘樱奈,哈哈哈，果然极限，挑战有让人放飞的可能性笑死我了,https://m.weibo.cn/detail/4389017015096780
嘻嘻迪/表情包/可爱梗,post,2876,粉丝点评/记忆表达明确,大头钉Ding,哈哈哈哈哈热巴也太可爱了,https://m.weibo.cn/detail/4389016923493207
生日生贺与小小迪陪伴记忆,post,2856,粉丝点评/记忆表达明确,关我毛柿,#迪丽热巴0603生日快乐# 集邮了这个小女孩的几个闪光瞬间： 美丽瞬间、宠粉瞬间、最自豪时刻、最红专时刻、最美红毯瞬间、最出圈综艺瞬间。 希望你天天开心，一直红下去，今天你最大，最美好的祝福给最善良的小女孩热巴！ 还有未来的待播剧，希望播出成绩不负你的努力💪取得好成绩。迪丽热巴你要所愿 ...全文,https://m.weibo.cn/detail/5173240842424732
白日提灯贺思慕/女鬼鬼王记忆,post,2851,粉丝点评/记忆表达明确,Stars_HauteCouture,迪丽热巴 × 白日提灯追剧团美巴来啦！今日受邀出席主演电视剧《白日提灯》的追剧团活动，一袭Moliiin 2024春夏系列红黑皮革与蕾丝拼接的V领刺绣裙装亮相，我们气场美丽、明艳动人的万灵之主登场~ 🖤❤️ #迪丽热巴这真是妈咪级别的# ​,https://m.weibo.cn/detail/5282894256799946
爱丽丝与热巴的双向奔赴,post,2848,粉丝点评/记忆表达明确,直男科技,#迪丽热巴 很多事情我做不到但有你们#很多事情做不到，但是为了粉丝会努力尝试，@Dear-迪丽热巴 对粉丝的这番表白真的防破了。在陪伴的路上，双向奔赴，彼此成为更好的自己，这就是饭上一位优秀偶像收获的成长与感动。再次祝热巴生日快乐，未来我们有对方，一定都会越来越好。 娱闻热点的微博视频,https://m.weibo.cn/detail/4644109665439241
乔晶晶与《你是我的荣耀》入坑记忆,post,2845,粉丝点评/记忆表达明确,追星迷妹王语嫣,【#社长安利剧#】★社长自制★电视剧你是我的荣耀爆甜剧透剪辑——荣耀夫妇世界最美好的一种暗恋，大概就是从单箭头到双向奔赴的爱情····· 杨洋X于途｜迪丽热巴X乔晶晶 “今晚我想留宿 过分么？” “以后我会很主动！”，“你这样我很 ...全文,https://m.weibo.cn/detail/4665525411779819
任安乐/帝梓元角色记忆,post,2831,粉丝点评/记忆表达明确,解剖SK,虐疯！至死才能道破的心意！😭😭😭 在韩烨坠崖之后安乐才发现原来他们的情感一直都是双向奔赴…… 热巴的哭戏好有感染力 安乐传/迪丽热巴 #帝梓元韩烨重逢# 解剖SK的微博视频,https://m.weibo.cn/detail/4930755073934704
爱丽丝与热巴的双向奔赴,post,2743,粉丝点评/记忆表达明确,好喝还是冰美式,#迪丽热巴感谢希腊奶奶连续两年送祝福# 祝热巴生日快乐！粉丝们准备的应援视频好用心，太让人感动了这次希腊奶奶也送来了祝福，连续两年送祝福好有爱，热巴也说会让节目组转达感谢，双向奔赴好有意义 小段君爱吐槽的微博视频,https://m.weibo.cn/detail/4644103599686419
跑男时期综艺名场面,post,2714,粉丝点评/记忆表达明确,棃黛玉,#迪丽热巴跑男只录了12天#时间居然这么短，不妨碍美女名场面频出啊，谁没看过这段伟大的转圈 L棃黛玉的微博视频 ​,https://m.weibo.cn/detail/5291983016821869
乔晶晶与《你是我的荣耀》入坑记忆,comment,2709,粉丝点评/记忆表达明确,迪崽小可耐,感恩每一位演员和工作人员辛苦的付出 让我们看到了这么好的一部剧 感恩乔晶晶这个暑假的相遇,https://m.weibo.cn/detail/4673454328515349
迪拜报平安/守护型记忆,post,2698,粉丝点评/记忆表达明确,我只吃了三分报_,迪拜被炸的航站楼，就是她转机的那座T3，在战区滞留三天，脱离危险地带到了马来马上报了平安，没有委屈没有恐惧没有追责，只有对关心她的人的感激与安慰，此女内心强大到无法想象。但是她不说不代表她不害怕不疼，所有嘴热巴和爱丽丝的自己代入一下看看,https://m.weibo.cn/detail/5273209362453639
演员成长与角色群像评价,post,2661,粉丝点评/记忆表达明确,追剧seven仙女,白日提灯豆瓣6.7肯定低了，果然又见迪丽热巴分型。真相只有一个，豆瓣分数早就没有公信力了，白日提灯的质量没的说，白日提灯强剧情、快节奏、优秀的演技、丰富的人物角色和玄幻世界设定，优质长剧，值得更高分呢,https://m.weibo.cn/detail/5288745863745977
生日生贺与小小迪陪伴记忆,post,2655,粉丝点评/记忆表达明确,Dear迪丽热巴守护星,💎💎 快乐不分大小 ，祝巴巴酱@Dear-迪丽热巴 还有全体爱丽丝们六一儿童节快乐•͈ᴗ⁃͈★ 🎉🎉🎉 #迪丽热巴微博生日惊喜#dlrb#迪丽热巴0603生日快乐#,https://m.weibo.cn/detail/5040581783322668
白日提灯贺思慕/女鬼鬼王记忆,post,2622,粉丝点评/记忆表达明确,87号零食贩卖店,这条看的我心软软 是很棒的演员迪丽热巴！ 欢迎大家都来看这个白日提灯看贺思慕,https://m.weibo.cn/detail/5282849557318218
生日生贺与小小迪陪伴记忆,post,2530,粉丝点评/记忆表达明确,Absinthea,热巴送给巴黎粉丝的胶片相机只能拍27次对吧 27岁的生日会 她好爱 好懂 好宠 好细心,https://m.weibo.cn/detail/5288345854280405
嘻嘻迪/表情包/可爱梗,post,2519,粉丝点评/记忆表达明确,纯天然温柔可爱小柠檬,#迪丽热巴眼技#我们邪恶砂糖橘就是这么出圈啊，本来一个小片段硬是被舞成了出圈梗，坤续 ​,https://m.weibo.cn/detail/5280269307483025
白日提灯贺思慕/女鬼鬼王记忆,post,2511,粉丝点评/记忆表达明确,badada6387,#贺思慕美成啥了#迪丽热巴在《白日提灯》里的贺思慕造型简直绝了！古风画卷走出来的美人，一颦一笑都带着故事感。红衣时鬼魅大气，素衣时温婉清冷，各种风格切换自如。她的眼神戏太抓人，能把贺思慕的复杂层次演绎得淋漓尽致。从妆发到仪态，每个细节都精准拿捏，这才是古装剧该有的审美啊！热巴这次选角真的太贴了，完全就是书里走出来的贺思慕本慕！这种颜值与演技并存的女主角请再多来一些！#春节刷到宝了##白日提灯#,https://m.weibo.cn/detail/5282665636827903
白日提灯贺思慕/女鬼鬼王记忆,post,2503,粉丝点评/记忆表达明确,迪迪译家亲,"【分享】我们在泰国的阿丝来打卡贺思慕@Dear-迪丽热巴 大屏啦图片分别是：Shopping Mall : Emporium, EmQuartier, EmsphereMRT : Lumpini, Sukhumvit (地铁站）#迪丽热巴贺思慕# #迪丽热巴白日提灯# ​",https://m.weibo.cn/detail/5294145184729153
生日生贺与小小迪陪伴记忆,post,2483,粉丝点评/记忆表达明确,迪迪卫研究所,迪丽热巴 迪丽热巴生日快乐 🎊 早～两眼一睁就是干 爱丽丝们！3:14已经破了500万！ 有没有人截到比3:14更早的时间？ 阿所我真的泪流满面😭（感动的泪水） 虽然微博限制了点👍🏻，但限制不了爱丽丝对热巴的爱，我们继续往向千万进发！为了小巴巴送上最多的祝福和👍🏻👍🏻👍 ...全文,https://m.weibo.cn/detail/5173331395609441
枭起青壤/聂九罗表演突破,post,2474,粉丝点评/记忆表达明确,Lucky你个机灵鬼,#枭起青壤口碑##迪丽热巴聂九罗# 断断续续憋了好几天，想为《枭起青壤》写点什么。但因为太久时间都没有深度阅读，再加上习惯了短剧那种快速直接的刺激，想静下心来组织一篇有逻辑的观后感，还真是笔头生涩。这几天我翻了不少博主的评价，也看到了很多争议，今天就特别想结合自己的观看体验，聊一些不 ...全文,https://m.weibo.cn/detail/5239853391287068
爱丽丝与热巴的双向奔赴,post,2469,粉丝点评/记忆表达明确,不灭幽灵,#与迪丽热巴一起欢乐跨年#愿新的一年迪丽热巴与爱丽丝都自由自在，无忧无虑，平安喜乐。碰瓷鬼与烦人精们都滚远一些🙏 不灭幽灵的微博视频,https://m.weibo.cn/detail/4851980856724041
红毯神图与高定封神造型,post,2453,粉丝点评/记忆表达明确,不灭幽灵,#ELLE红毯内场#一个热知识，迪丽热巴红毯很出圈但她走红毯的次数并不多，2022年到现在就走了两次红毯。L不灭幽灵的微博视频 ​,https://m.weibo.cn/detail/4963773324723234
嘻嘻迪/表情包/可爱梗,post,2451,粉丝点评/记忆表达明确,虎妞我爱吃汤圆,哈哈哈热巴小可爱,https://m.weibo.cn/detail/4389016197234205
演员成长与角色群像评价,post,2419,粉丝点评/记忆表达明确,不灭幽灵,#迪丽热巴素人婚纱模特时期#在上戏读表演系时做模特赚生活费罢了。那时候入坑的粉丝来说迪丽热巴每次有新摄影作品就像现在播剧一样开心的事情啊,https://m.weibo.cn/detail/5283677284076327
爱丽丝与热巴的双向奔赴,post,2386,粉丝点评/记忆表达明确,Dear迪丽热巴守护星,明天是什么日子？星光大赏！来看看以往爱丽丝们给@Dear-迪丽热巴 的整活应援这还怕引起不了迪丽热巴的注意吗 Dear迪丽热巴后援会的微博视频 #迪丽热巴花儿与少年# dlrb#迪丽热巴利剑玫瑰#,https://m.weibo.cn/detail/4979533847988990
白日提灯贺思慕/女鬼鬼王记忆,post,2381,粉丝点评/记忆表达明确,富埓陶白,白日提灯这部剧对我来说真是没有一点遗憾，有人说宣发上有点遗憾。 遗憾是本可以做但没能做的，在长久时间里会一直懊悔的。但这不是我们能左右的，也不能家姐能左右的，既然不为我们能左右，就算不上我们的遗憾。 家姐对于这部剧，可以说是贺思慕对段婿那样“仁至义尽”。将贺思慕这个人以完美的形式 ...全文,https://m.weibo.cn/detail/5288425022030542
任安乐/帝梓元角色记忆,post,2362,粉丝点评/记忆表达明确,Dear迪丽热巴守护星,新年伊始🌅 第一天，本月爱丽丝行程图⛳️已新鲜出炉 新年新气象，让我们开启全新追迪之旅！祝大家元旦快乐 迪丽热巴公诉精英|安旎|迪丽热巴安乐传|任安乐|帝梓元@Dear-迪丽热巴 #迪丽热巴公诉精英#dlrb#迪丽热巴安旎#,https://m.weibo.cn/detail/4853025052823699
白日提灯贺思慕/女鬼鬼王记忆,post,2338,粉丝点评/记忆表达明确,嗑学君,“这是我这辈子第一次有人来接我”双向奔赴的人鬼恋好好哭～迪丽热巴贺思慕 、陈飞宇段胥#白日提灯# 嗑学君的微博视频,https://m.weibo.cn/detail/5283934671735064
白日提灯贺思慕/女鬼鬼王记忆,post,2325,粉丝点评/记忆表达明确,Loo-鹿鹿,#迪丽热巴白日提灯热度登顶#贺思慕给了段胥一场恋爱，又亲手消除了他的记忆！ LLoo-鹿鹿的微博视频 ​,https://m.weibo.cn/detail/5284099167096993
爱丽丝与热巴的双向奔赴,post,2323,粉丝点评/记忆表达明确,唯一纯白的茉莉花儿,谁会不喜欢这样一位有演技又漂亮还能给自己提供情绪价值的偶像呢说实话，我要是见着热巴本人我也很难控制住不尖叫她跟粉丝真是双向奔赴啊粉丝有秩序的等着她，她近视到了地方也注意到粉丝手上的信专门去拿，代入了一下自己，第一次见到热巴也是会爆哭的程度，天呐 ...全文,https://m.weibo.cn/detail/4922387122096584
纪云禾与鲛人系角色记忆,post,2316,粉丝点评/记忆表达明确,剧无霸挖掘机,你可以永远相信迪丽热巴！！纪云禾：“那我就赌你杀不尽这天下逆鳞者”！！长意还爱我很好，长意若不爱我了有人陪伴也好！这俩的对手戏好带感，顺德仙姬发疯但纪云禾的云淡风轻让她更咬牙切齿，拿纪云禾没有办法！！就是要一副无所谓的样子让顺德气急败坏啊啊啊啊我真的好爱纪云禾！与君初相识要结束了，恰似故人归什么时候播！ L剧无霸挖掘机的微博视频,https://m.weibo.cn/detail/4753199527629327
白日提灯贺思慕/女鬼鬼王记忆,post,2304,粉丝点评/记忆表达明确,坡上有瓜,实话就是迪丽热巴粉丝人多且聪明！ 既然你们要玩，那就玩的开心呀，反正出圈的是我们，迪丽热巴《白日提灯》未播先火哦～👏,https://m.weibo.cn/detail/5280438811887896
演员成长与角色群像评价,post,2287,粉丝点评/记忆表达明确,龙门不打烊,@嘉行迪丽热巴工作室 @郝阿三 相信我，沪上烟火这本完全可以去接触👉🏻微博正文。1. 如果选ip本子，最重要的一定是原著的底子。原著情节写得好，改编就很容易，原著情节就悬浮无聊平淡味同嚼蜡的，一定无任何热播可能。狂潮领上和沪上烟火这两个ip的设定和故事情节，后者吊打前者不成问题。2. 沪上烟火设定女主是援疆知青回沪，家里母亲是上海小市民（徐娘半老风韵犹存，性格极接地气，自身也有一些往事），但父亲这个角色是缺位的。这一点太太太好改了，微微,https://m.weibo.cn/detail/5283933143172043
白日提灯贺思慕/女鬼鬼王记忆,post,2272,粉丝点评/记忆表达明确,胖杉百事从欢,十一点还能涨创新高一方面是粉丝一直在努力，另一方面证明剧粉真的很喜欢我们白日提灯吧！感谢迪丽热巴贺思慕的观众朋友们托举！！！,https://m.weibo.cn/detail/5281582954317979
花少/你好星期六等综艺片刻,post,2269,粉丝点评/记忆表达明确,AliceCloset·迪丽热巴同款博,#迪丽热巴出发长沙录开推# ｜#迪丽热巴开始推理吧# 250223 机场私服@Dear-迪丽热巴 🧥 👖｜Dpercent @Dpercent 👟｜Marine Serre @MARINESERRE_OFFICIAL 🧢｜VUJADE “让我来听听我的爱丽丝们在喊什么👂🏻” “哎呀真的没听懂🙅🏻♀️” “还是挥挥手吧🥰” “走咯～再偷 ...全文,https://m.weibo.cn/detail/5137283036482927
白日提灯贺思慕/女鬼鬼王记忆,post,2259,粉丝点评/记忆表达明确,东方卫视番茄台,@丁嘉文vesta 回忆#白日提灯#与@Dear-迪丽热巴 对手戏，引得片场全员笑场。#东方新娱乐# L东方卫视番茄台的微博视频 ​,https://m.weibo.cn/detail/5285126360532341
演员成长与角色群像评价,post,2254,粉丝点评/记忆表达明确,千堆雪飘飘,#迪丽热巴利剑玫瑰央8重播# 爆剧央八再次重播啦，迪丽热巴台词演技好，全题材扛剧,https://m.weibo.cn/detail/5293499604796585
纪云禾与鲛人系角色记忆,post,2238,粉丝点评/记忆表达明确,kou旎ji哇,#恰似故人归# 纪云禾真是女主控的最爱呀“我纪云禾生来好胜不服管，就喜欢知其不可为而为之。”明明是最向往自 由 的 灵 魂，却一次次被 囚 禁，从万花谷到仙师府。她始终是断崖上那个霸气又不羁的纪云禾。期待电视剧恰似故人归超话 @Dear-迪丽热巴 【迪丽热巴恰似故人归纪云禾】#迪丽热巴恰似故人归# dlrb#迪丽热巴纪云禾# L俺八段酱的微博视频,https://m.weibo.cn/detail/4753217386978495
纪云禾与鲛人系角色记忆,post,2238,粉丝点评/记忆表达明确,迪迪卫小管家,#恰似故人归# 纪云禾真是女主控的最爱呀“我纪云禾生来好胜不服管，就喜欢知其不可为而为之。”明明是最向往自 由 的 灵 魂，却一次次被 囚 禁，从万花谷到仙师府。她始终是断崖上那个霸气又不羁的纪云禾。期待电视剧恰似故人归超话 @Dear-迪丽热巴 【迪丽热巴恰似故人归纪云禾】#迪丽热巴恰似故人归# dlrb#迪丽热巴纪云禾# L俺八段酱的微博视频,https://m.weibo.cn/detail/4753208247059666
迪拜报平安/守护型记忆,post,2232,粉丝点评/记忆表达明确,纯示,#热巴后援会说我们都非常爱你牵挂你#所以现在到底是个什么情况，从得知热巴滞留迪拜后，本人从未给过任何回应，应该报个平安吧！粉丝该有多着急啊！ ​,https://m.weibo.cn/detail/5272703000641902
白日提灯贺思慕/女鬼鬼王记忆,post,2227,粉丝点评/记忆表达明确,星姐微博,迪丽热巴陈飞宇白日提灯直播第三场全程cut（44分钟） #陈飞宇为迪丽热巴戴脸链# 有刷到一些贺思慕的二创+陈飞宇说有看到慕胥辞不要再奖励段胥了哈哈哈+迪丽热巴学陈飞宇度段胥的台词+陈飞宇搞怪模仿迪丽热巴说话+主创还原你是否在雪山上救过一只酱板鸭名场面哈哈哈+陈飞宇说迪丽热巴做手工像在做饭+陈飞宇对迪丽热巴撒娇叫姐姐+迪丽热巴弹奏起风了+迪丽热巴陈飞宇五连比心 #热巴陈飞宇说英文好苏##迪丽热巴问白日提灯固屏去哪了# L星姐微博的微博视,https://m.weibo.cn/detail/5282973915287322
生日生贺与小小迪陪伴记忆,post,2212,粉丝点评/记忆表达明确,L桃桃桃子,#迪丽热巴# 粉上这样一位宠粉天后简直太幸福啦会跟粉丝说多多见面也会每次见到粉丝热情的打招呼还会给粉丝写信和在生日发布免费单曲🥺跟巴巴酱之间的热爱小故事永远说不完没有体会过这些的人不会懂的 Frustrated0603的微博视频,https://m.weibo.cn/detail/5136926354969900
任安乐/帝梓元角色记忆,comment,2210,粉丝点评/记忆表达明确,龚俊的夫人,安乐传电视剧版爱意盈满的每一天，都是520。龚俊韩烨@龚俊Simon ，我们爱你。爱你孤胆英雄，青松气质，坚忍谋略，宽广胸襟，更爱你心中的赤诚。俊味仙永远是你的铠甲与后盾。,https://m.weibo.cn/detail/4771132949135863
红毯神图与高定封神造型,post,2198,粉丝点评/记忆表达明确,中网传播,#迪丽热巴白日提灯热度登顶##鞠婧祎这几个小挑眉好灵#塑造力封神对决，@Dear-迪丽热巴 和@鞠婧祎 内娱顶级塑造力正面碰撞，迪丽热巴超话浓颜塑造力，气场千面可飒可柔，异域骨相驾驭多元风格，一颜千面张力拉满，每一种风格都自带高光，鞠婧祎超话精致塑造力，眉眼灵动风格百变，精致氛围感自带记忆点，甜飒切换游刃有余，塑造力直接拉满，迪丽热巴和鞠婧祎谁的每一帧都精准戳中审美？ 迪丽热巴和鞠婧祎谁的每一帧都精准戳中审美？,https://m.weibo.cn/detail/5292105037777563
爱丽丝与热巴的双向奔赴,post,2197,粉丝点评/记忆表达明确,不灭幽灵,#迪丽热巴看粉丝无人机应援#追星最美好的样子不过如此，迪丽热巴值得，爱丽丝们也值得,https://m.weibo.cn/detail/5173228412601281
行走的油画/神女美貌出圈,post,2194,粉丝点评/记忆表达明确,圈美伢,说真的，我一直觉得迪丽热巴花期很长，十年前热巴的美貌就很出圈了，到至今迪丽热巴依旧美丽，全球最美榜单内娱四美都有她的影子，怎么说呢，我觉得热巴现在比以前更吸引人更有魅力了，美丽的皮囊只是她最不值得一提的优点，她稳定强大的内核才是圈粉的关键，而且30岁出头人生才开始，热巴会越来越好的 ...全文,https://m.weibo.cn/detail/5292729630197741
枭起青壤/聂九罗表演突破,post,2194,粉丝点评/记忆表达明确,小丸子爱吃樱桃__,迪丽热巴超话梦回聂九罗#迪丽热巴聂九罗#dlrb #迪丽热巴枭起青壤#,https://m.weibo.cn/detail/5290642515170260
生日生贺与小小迪陪伴记忆,post,2187,粉丝点评/记忆表达明确,百度人物,【#明星小百科#】大家好！今天给大家介绍一位兼具美貌与演技的实力派演员，她就是@Dear-迪丽热巴，让我们一起来认识一下吧！✨❤️个人简介：迪丽热巴（Dilraba），全名迪丽热巴·迪力木拉提，1992年6月3日出生于新疆乌鲁木齐市，毕业于上海戏剧学院表演系，中国内地影视女演员 📅 ‌生日‌：6月3日🌍 ‌星座‌：双子座💌 ‌昵称：小迪、胖迪、热巴🎬 ‌高光时刻‌：▸ 2016年凭《克拉恋人》斩获2015国剧盛典观众喜爱的新人女演员▸2,https://m.weibo.cn/detail/5213981553460101
爱丽丝与热巴的双向奔赴,post,2181,粉丝点评/记忆表达明确,DI-WARRIOR大院,【生日应援投放视频】 ——滴滴，爱丽丝在吗？ ——听说，6.3号北京崇文门搜秀可以“偶遇”这个酷girl ——我还听说，还有两个城市也能遇到她！！ cr：溪宁、桃子、boy仔 #迪丽热巴0603生日快乐##迪丽热巴乔晶晶##微博饭制频道# DI-WARRIOR大院的微博视频,https://m.weibo.cn/detail/4643321538151455
演员成长与角色群像评价,post,2162,粉丝点评/记忆表达明确,迪迪卫研究所,迪丽热巴 爱丽丝们🍒新年快乐💗 2025这一年，最高产艺人演员迪丽热巴，为我们带来了两部优秀的电视剧和两个从未尝试过的角色，用强有力的演技说服观众。在下沉市场收获了更大领域的剧粉、收获了多样式的好评与赞赏。 暑期黑马口碑爆款的《利剑玫瑰》邓妍，让更多人知道“流量不再是飘渺的 ...全文,https://m.weibo.cn/detail/5250198454141671
任安乐/帝梓元角色记忆,comment,2162,粉丝点评/记忆表达明确,·芙蕖,💗朝思暮想等烨来，茶饭不思只为俊。而今盼得与君见，万语千言涌心头🌸。520来诉衷情，龚俊韩烨殿下@龚俊Simon 我爱你，期待日日长相见~!Mua~~❤ (ɔˆз(ˆ⌣ˆc)!!! 安乐传电视剧版,https://m.weibo.cn/detail/4771132949135863
生日生贺与小小迪陪伴记忆,comment,2146,粉丝点评/记忆表达明确,迪热热的叮铃玲,我最最珍贵的小巴，生日快乐🎂 #迪丽热巴0603生日快乐#,https://m.weibo.cn/detail/4776341105016896
嘻嘻迪/表情包/可爱梗,post,2119,粉丝点评/记忆表达明确,吉彦斐,400岁人间留子哈哈哈哈哈好有梗 ​,https://m.weibo.cn/detail/5278490581534832
红毯神图与高定封神造型,post,2116,粉丝点评/记忆表达明确,虞愿岚语,青涩 还以为是考古没想到是新造型#迪丽热巴# #没想到吧#,https://m.weibo.cn/detail/5294436084875303
白日提灯贺思慕/女鬼鬼王记忆,post,2109,粉丝点评/记忆表达明确,不啊感情淡了放盐阿,迪丽热巴超话 不许走‼️今天大家都很棒，以平日来说而且是两万四左右冲到快两万七千，真的十分棒，我们要继续努力👍🏻弹幕和弹幕+1好好坚持到12点，晚睡的也可以继续多做到1点早睡的也不要关掉腾讯，要一直挂播🎁花钱的礼物就可以停了，如果还有免费的人气票还未送出可以送#迪丽热巴白日提灯# dlrb #迪丽热巴贺思慕# dlrb #白日提灯#,https://m.weibo.cn/detail/5282665909463513
演员成长与角色群像评价,comment,2105,粉丝点评/记忆表达明确,夏日巡南,🌟 破局而立，向心而行 🌟，期待@常华森 🥜 以细腻演技，描摹梁思源于鎏金世界🌆中寻觅本真的成长轨迹🌱，为角色注入独一无二的灵魂与温度。✨,https://m.weibo.cn/detail/5289725082733212
爱丽丝与热巴的双向奔赴,post,2102,粉丝点评/记忆表达明确,小满说车,#迪丽热巴#迪丽热巴对粉丝真的太好了 现场跟粉丝一起大合影！有这样双向奔赴的爱豆 真的好幸福！ 小猪爱点评的微博视频,https://m.weibo.cn/detail/4849524990542521
白日提灯贺思慕/女鬼鬼王记忆,post,2084,粉丝点评/记忆表达明确,北极星Polaris_D,两张伟大的脸就这样现场重现#白日提灯# 名场面！#白日提灯微博追剧团# ✨#迪丽热巴回复陈飞宇# L北极星Polaris_D的微博视频 ​,https://m.weibo.cn/detail/5282898762530844
乔晶晶与《你是我的荣耀》入坑记忆,comment,2079,粉丝点评/记忆表达明确,47追的是光啊,荣耀最终不负所托，在2021暑期大家真真正正见证了乔晶晶的诞生，好的角色是足以让人相信她来过，乔晶晶成功了，永恒的夏日浪漫，你是我们的荣耀@Dear-迪丽热巴,https://m.weibo.cn/detail/4673454328515349
行走的油画/神女美貌出圈,comment,2075,粉丝点评/记忆表达明确,哆巴胺巴巴,我惊了你是什么人间巨美！我的泪此时此刻已为你日夜不停昼夜不息的撒落！你的容貌是神赐吗我哭了你怎么这么美貌呜呜！这难道就是仙女吗我没了我为姐姐的绝美容貌而落泪天使下凡不过如此吧您的脸就是神的恩赐吧呜呜我真情实感为姐姐的美貌落泪我的尖叫声让方圆百里声控灯坏掉啊啊@Dear-迪丽热巴,https://m.weibo.cn/detail/5279381217350964
白日提灯贺思慕/女鬼鬼王记忆,post,2071,粉丝点评/记忆表达明确,妖纱o诺儿,#白日提灯# 400年的鬼王大人！颠覆传统叙事，这个女上位原来这么爽！ 我的法度，不可忤逆！ #迪丽热巴# #迪丽热巴贺思慕# 妖纱o诺儿的微博视频,https://m.weibo.cn/detail/5279204983966398
爱丽丝与热巴的双向奔赴,post,2068,粉丝点评/记忆表达明确,不灭幽灵,#内娱和粉丝双向奔赴的明星#真诚，尊重，热爱，这就是迪丽热巴与爱丽丝之间的关系 欧阳温诺的微博视频,https://m.weibo.cn/detail/4930724052602818
白日提灯贺思慕/女鬼鬼王记忆,post,2038,粉丝点评/记忆表达明确,酉时日没,迪丽热巴超话梦回阿兰若#迪丽热巴贺思慕#,https://m.weibo.cn/detail/5287543492318190
爱丽丝与热巴的双向奔赴,post,2036,粉丝点评/记忆表达明确,钟声熄灭前,迪丽热巴不仅给粉丝点了奶茶面包鸡汤等逆应援，还专门改路线去拿粉丝的信，姐好宠粉 我没想到，巴姐送的鸡汤竟然是整只鸡看着就好香啊，当姐的粉丝好幸福,https://m.weibo.cn/detail/5264400198931727
迪拜报平安/守护型记忆,post,2035,粉丝点评/记忆表达明确,纯情大表姐,#迪丽热巴报平安# 最好的热巴 爱丽丝会一直爱你😭 姐姐平安就好 大家都平安就好 “一生热爱 步履不停” “我们一起继续往前走呀” 纯情大表姐的微博视频,https://m.weibo.cn/detail/5272846008851620
机场饭拍与日常陪伴片刻,post,2000,粉丝点评/记忆表达明确,钮钴禄兔神,热巴9.25号飞巴黎的，10.7号回国了，待了12天，爱丽丝们期待一下后面美美物料啊#巴黎机场偶遇迪丽热巴回国#,https://m.weibo.cn/detail/5219254049441925
机场饭拍与日常陪伴片刻,post,1979,粉丝点评/记忆表达明确,星姐微博,#迪丽热巴骑车梦回关小迪##迪丽热巴骑车路透# 卫蓝骑车VS关小迪骑车，梦回了迪丽热巴《虽然不能同时拥有一切》路透🈶️#迪丽热巴肖顺尧美颜鬼王捡了个杀手# （cr：logo） ​,https://m.weibo.cn/detail/5228555095245913
生日生贺与小小迪陪伴记忆,post,1911,粉丝点评/记忆表达明确,赵磊30M的雷丘,迪丽热巴#迪丽热巴0603生日快乐# 是淳美灵动的白凤九 是努力进取的李慧珍 是机智英勇的李长歌 更是爱丽丝心中的女神 飘逸的长发飞舞， 精致的五官灵动， 明媚的笑容温暖， 婉转的声音动听。 曾走过荆棘丛生的道路， 也踏上铺满鲜花的舞台 ， 摄像机里记录下了你的努力， 掌声和欢呼 ...全文,https://m.weibo.cn/detail/4776215153740647
白日提灯贺思慕/女鬼鬼王记忆,post,1904,粉丝点评/记忆表达明确,奶思玩家,这个白日提灯好会勾引人 怎么还没到328我要看迪丽热巴贺思慕,https://m.weibo.cn/detail/5279265228588475
白日提灯贺思慕/女鬼鬼王记忆,post,1902,粉丝点评/记忆表达明确,不再枯萎我的無畫夏,这条帖看的我好爽！“爱巴者风生水起”这句话没在开玩笑，爱丽丝爱迪丽热巴是唯爱！🥹 可以抢抢白日提灯云包场 请支持一下贺思慕,https://m.weibo.cn/detail/5281264533766176
爱丽丝与热巴的双向奔赴,post,1896,粉丝点评/记忆表达明确,不灭幽灵,迪丽热巴喀什的初雪与飞机延误这小概率的事情也被新疆爱丽丝们碰到了，真的是痛并快乐的经历啊。愿今天接机成功🙏,https://m.weibo.cn/detail/4993004673176510
爱丽丝与热巴的双向奔赴,post,1886,粉丝点评/记忆表达明确,范范靓女在线爆锤,#迪丽热巴杨紫最新开工营业照# 纯路人 美女好勤奋啊 无缝进组营业 要颜值有颜值 要实力有实力 要实绩有实绩 要口碑有口碑 和粉丝双向奔赴 美女营业甚是安慰😇 期待美女即将上映的女性缉毒主旋律电影猎毒 #杨紫用特效妆骗爸妈自己在剧组打架# 范范靓女在线爆锤的微博视频,https://m.weibo.cn/detail/4862890567798751
爱丽丝与热巴的双向奔赴,post,1876,粉丝点评/记忆表达明确,星姐微博,#迪丽热巴到大理了# 现场好多爱丽丝接机，一路跟粉丝挥手的迪迪！ 热巴收信 #迪丽热巴大理# （视频cr：logo）,https://m.weibo.cn/detail/5143321899697694
白日提灯贺思慕/女鬼鬼王记忆,post,1826,粉丝点评/记忆表达明确,迪迪译家亲,【白日提灯剧评分享】 “这部剧的方方面面真的都做到了顶级。” “她仅凭眼神就能传递出层层递进、细腻入微的情绪，这演技真的太绝了” … 看到不同语言的人都在认真对待、用心感受贺思慕@Dear-迪丽热巴 ，心里暖暖的 #迪丽热巴贺思慕# #迪丽热巴白日提灯#,https://m.weibo.cn/detail/5291898929676320
白日提灯贺思慕/女鬼鬼王记忆,post,1826,粉丝点评/记忆表达明确,面包脑袋迪,【现场 | #迪丽热巴谈白日提灯的拍摄体验# 】在#白日提灯微博追剧团# 现场，@Dear-迪丽热巴 谈及贺思慕一角从模糊到清晰再到完整的过程，“很多点子是边拍边有的，感谢导演和对手演员们的信任，现场跟大家的沟通非常愉快、高效，会让我有更多灵感。”她还与@陈飞宇Arthur 还原剧中“名场面”，一秒转换情绪和语气。 L人民文娱的微博视频,https://m.weibo.cn/detail/5283269592483798
白日提灯贺思慕/女鬼鬼王记忆,post,1824,粉丝点评/记忆表达明确,坡上有瓜,迪丽热巴《白日提灯》外网剧评，大家真的都很爱迪丽热巴贺思慕！迪丽热巴演技满分！,https://m.weibo.cn/detail/5292017783668887
嘻嘻迪/表情包/可爱梗,post,1807,粉丝点评/记忆表达明确,KAZOO可逐,#迪丽热巴贺思慕蝉联角色热度冠军# 今天是个好日子！愿大家所愿皆所得，万事皆可逐！奉上我们最最好的代言人@Dear-迪丽热巴 美貌可爱的表情包！快一起用起来吧！ 迪丽热巴超话#迪丽热巴可逐全球品牌代言人# ​,https://m.weibo.cn/detail/5285134383190186
爱丽丝与热巴的双向奔赴,post,1801,粉丝点评/记忆表达明确,梦里挑灯看剧,#迪丽热巴跳舞转圈和粉丝告别# 迪丽热巴结束今日活动后，跳舞转圈和粉丝告别，仪式感满满美女真的好可爱，好羡慕热巴的粉丝~双向奔赴的爱 梦里挑灯看剧的微博视频,https://m.weibo.cn/detail/4816943947973847
演员成长与角色群像评价,post,1757,粉丝点评/记忆表达明确,迪迪卫研究所,迪丽热巴 3.2亿了‼️我们贺思慕角色热度到3.2亿了‼️ 所所从4月3日角色热度不到1.6亿时开始喊说: 我们要送两亿给演员迪丽热巴‼️到今天还不到两周的时间，我们把角色热度翻倍了‼️ 💖我以每一位出心出力出钻的爱丽丝为傲‼️ 还差八百万🟰一千两百珠，今晚全圈尽全力达成3.28亿一起 ...全文,https://m.weibo.cn/detail/5288022057681405
跑男时期综艺名场面,post,1748,粉丝点评/记忆表达明确,不灭幽灵,#迪丽热巴跑男只录了12天#影视综艺时尚全方位出圈的真顶流艺人迪丽热巴就算录制12天的节目十年后依然被观众惦记着呢。,https://m.weibo.cn/detail/5292013563936953
红毯神图与高定封神造型,post,1710,粉丝点评/记忆表达明确,新加坡小笔尖,#贺思慕第23次脱单##迪丽热巴陈飞宇大片# 今天灵主受罚这段真的是又双叒叕封神了！！！ 因为看到自己的小狐狸差点濒死，贺思慕失控违反了自己推行的金壁法杀了凡人，那种从不可掌控的力量中恢复清明，然后突然意识到自己违反法令后的震惊感，迪丽热巴演的也太好了！！！ 还有她受极刑时候那种真切的痛 ...全文,https://m.weibo.cn/detail/5286948818126000
爱丽丝与热巴的双向奔赴,post,1704,粉丝点评/记忆表达明确,妖怪我叫你三声你敢答应吗,#迪丽热巴私服#巴姐没有做错任何事 巴姐只是随随便便发个照片不小心秒了一众普女 不过是巴姐过生日和粉丝双向奔赴罢了 PS：明天欢迎收看美女检察官安旎的公诉,https://m.weibo.cn/detail/4906464236278484
嘻嘻迪/表情包/可爱梗,post,1701,粉丝点评/记忆表达明确,月半迪爱笑女孩,#迪丽热巴慢游希腊# 迪丽热巴超话哈哈啊哈哈哈哈哈@Dear-迪丽热巴 //@明星气质:嘟嘴好可爱背着背包🎒像个小学生,https://m.weibo.cn/detail/4422352831627549
爱丽丝与热巴的双向奔赴,post,1699,粉丝点评/记忆表达明确,耀鼠奶油包,这不得哭死，coco特意跑过来帮热巴收粉丝的信，爱真的是双向奔赴的，一生热爱步履不停 #迪丽热巴##迪丽热巴高定首穿# 耀鼠奶油包的微博视频,https://m.weibo.cn/detail/4995154929521107
红毯神图与高定封神造型,post,1665,粉丝点评/记忆表达明确,小岛兴田,#热巴演出了那种伪装善良的邪恶感# 热巴这段演技封神！我一度以为那个恶女是别人戴面具假扮的！ 但某些人粉丝却用这么精湛的演技来黑热巴，其心可诛！ 小岛兴田的微博视频,https://m.weibo.cn/detail/5282844239988935
白凤九与三生三世情怀,post,1633,粉丝点评/记忆表达明确,Dear-拓谞,漂亮的李慧珍已经播出快要两年了，特别记忆犹新的是这段李慧珍撒酒疯，剧中足足撒酒疯有10分钟左右，截最精彩的一段来看，不敢在白皓宇面前说出真相的李慧珍，憋屈又委屈，借酒消愁，喝醉了开始发泄自己所有的愤怒和委屈，这段大的动作和胡言乱语的台词特别多，还有风骚的走位……但热巴整段表演特别投入，一气呵成的流畅感，搭档都在笑场的边缘了但她一直在戏里，有些人看过之后应该会觉得这完全就是身边喝醉酒的朋友，喝醉了还知道把包挂在脖子上，不可以丢掉，向李慧珍,https://m.weibo.cn/detail/4422350763783453
任安乐/帝梓元角色记忆,post,1608,粉丝点评/记忆表达明确,星姐微博,#迪丽热巴和粉丝自拍照# 迪丽热巴和粉丝，热爱一直是双向奔赴 期待迪迪新剧《公诉》安旎、《安乐传》任安乐 #星姐微博# 星姐微博的微博视频,https://m.weibo.cn/detail/4885703869599953
演员成长与角色群像评价,post,1607,粉丝点评/记忆表达明确,不灭幽灵,#迪丽热巴 古偶#演技好的顶级大美人演古偶就很赏心悦目，贺思慕这样的角色也很适配，没有普女演六界第一美人的违和感。就爱看迪丽热巴的剧啊,https://m.weibo.cn/detail/5283368943226461
爱丽丝与热巴的双向奔赴,post,1602,粉丝点评/记忆表达明确,星姐微博,#迪丽热巴感谢希腊奶奶连续两年送祝福# 被迪丽热巴热泪盈眶看粉丝和希娜奶奶祝福这一段感动到了，热巴和爱丽丝的爱是双向奔赴的！也让节目导演组向奶奶转达感谢，永远暖心的迪迪生日快乐@Dear-迪丽热巴 星姐微博的微博视频,https://m.weibo.cn/detail/4644108302551332
演员成长与角色群像评价,post,1579,粉丝点评/记忆表达明确,广西日报,假期结束的第一天，你选择哪部剧作为你的解药？评论区唠一唠，近期播出的哪部剧深得你心！#卢昱晓去年夏天的胶片洗出来了##鞠婧祎含泪拥抱十年老粉##虞书欣工作室 审美#​​​《家事法庭》@龚俊Simon @演员任敏 《月鳞绮纪》@鞠婧祎 @曾舜晞Joseph @陈都灵 @田嘉瑞6 《江湖夜雨十年灯》@周翊然Tz @包上恩《有罪之身》@魏大勋 @孙千 《逐玉》@张凌赫z @田曦薇 《唐宫奇案之青雾凤鸣》@白鹿my @王星越《白日提灯》@Dea,https://m.weibo.cn/detail/5285203469142364
爱丽丝与热巴的双向奔赴,post,1577,粉丝点评/记忆表达明确,梨惢,#迪丽热巴补偿去巴黎的粉丝# 双向奔赴太戳心！迪丽热巴暖心补偿远赴巴黎的粉丝，亲笔签名+专属心意，把遗憾变成专属温柔，这份宠爱谁不羡慕～ 一起来看迪丽热巴新剧好不好,https://m.weibo.cn/detail/5286950246287701
任安乐/帝梓元角色记忆,comment,1575,粉丝点评/记忆表达明确,半茶半啵半咖,电视剧安乐传 看尽天下风华 仍是当年月下。一夜半白头，不过二十韶华。且看任安乐@Dear-迪丽热巴 如何一展芳华。,https://m.weibo.cn/detail/4771132949135863
行走的油画/神女美貌出圈,post,1564,粉丝点评/记忆表达明确,饭圈少女,王亚飞是跟热巴的颜值有仇吗？春晚“人鱼姬”刚翻车，今天活动又整这出阴间蓝眼妆！好好的浓颜大美人，非要搞这种显脏的冷调燕尾眼线，硬生生把明艳感压下去了。虽然王亚飞本人硬夸“线下更美”，但这分明就是靠热巴的颜值在死撑！这种审美到底谁在夸？ #王亚飞 迪丽热巴#,https://m.weibo.cn/detail/5292708107388622
演员成长与角色群像评价,post,1519,粉丝点评/记忆表达明确,我请你吃旺仔小拳头,角色单人cut 迪 丽 热 巴·聂 九 罗｜1/0/8/0&4k命名柴 ▶好用台词及镜头已标注 ▶含配套台词本 ▶取用须知见P3 ▶B P的替我全家人挡zai ▶片源感谢@沉迷啊_,https://m.weibo.cn/detail/5235857326085430
爱丽丝与热巴的双向奔赴,post,1508,粉丝点评/记忆表达明确,Dear-迪丽热巴专属投投,迪丽热巴 【微博之夜已报信息门票资格名单公示】 各位爱丽丝： 此前因热巴行程尚未最终确定，为保证应援工作正常进行，同时受活动门票信息上报时效性要求，我们提前按预招募粉丝综合贡献度评定并分配了23张门票，已完成实名信息上报。 后因热巴确认无法出席活动，该批门票经过多方面考虑协 ...全文,https://m.weibo.cn/detail/5266351455476082
爱丽丝与热巴的双向奔赴,post,1507,粉丝点评/记忆表达明确,迪迪译家亲,【分享2·马来西亚生日应援大屏】 马来西亚爱丽丝为庆祝热巴@Dear-迪丽热巴 生日，准备了生日大屏，方便前往的阿丝可以去打卡哦（看到漂亮聂九罗了） 📍吉隆坡 McD Bukit Bintang 🗓️2025年6月3日 6:00 pm - 6:30 pm 7:00 pm - 7:30 pm 8:00 pm - 8:30 pm *频率：每10分钟4次 ...全文,https://m.weibo.cn/detail/5168446322247634
白日提灯贺思慕/女鬼鬼王记忆,post,1502,粉丝点评/记忆表达明确,闻汤识面泡剧,#白日提灯长在梗上吗# /#白日提灯还没播梗先出圈了# 谁懂这个白日提灯剧还没播梗已经玩到起飞，每天都在给剧粉饭撒，感觉开播后每天的剧情都能被显微镜式追剧的大伙儿发现新看点！台词梗“区区文学”“他是我的所有物”、迪丽热巴贺思慕四百岁太奶、思胥万千姐狗风味、修罗场明月文学、问归墟有没有停车场的……上一个梗还没笑明白下一个梗就已经吻上来，们白日提灯人均整活大师。不敢想象开播后，大家还能造多少梗。四百岁鬼王与少年将军的宿命羁绊、五感互通的奇幻,https://m.weibo.cn/detail/5280690784701477
白日提灯贺思慕/女鬼鬼王记忆,post,1487,粉丝点评/记忆表达明确,雪碧三分饱,让小师妹哭掉眼泪这件事我做不到#白日提灯##迪丽热巴贺思慕# 雪碧三分饱的微博视频,https://m.weibo.cn/detail/5291316793838103
白日提灯贺思慕/女鬼鬼王记忆,comment,1472,粉丝点评/记忆表达明确,一口吞掉热巴,昼是柔弱孤女贺小小，夜是霸气鬼王贺思慕。迪丽热巴用演技诠释四百年孤寂与救赎，提灯照彻幽冥，也照亮我们的热爱。爱丽丝全力应援，为《白日提灯》打call！,https://m.weibo.cn/detail/5278578833883244
生日生贺与小小迪陪伴记忆,post,1467,粉丝点评/记忆表达明确,Dusilence,迪丽热巴#迪丽热巴生日联合产出接力之热爱影院# 【第55观影厅】 迪丽热巴33岁生贺|🍒爱丽丝x迪丽热巴x方块头 💞 🫱🤚🫲携手&破局🗡️🗡️🗡️ —— 夕阳予你粉红的霞帔， The setting sun bestows upon you a rosy veil， 也授你金黄的臂章 and a golden badge of honor. ...全文,https://m.weibo.cn/detail/5173503685035396
乔晶晶与《你是我的荣耀》入坑记忆,post,1465,粉丝点评/记忆表达明确,迪迪卫研究所,#迪丽热巴乔晶晶# 你是黑暗中的一点星光 ✨ 是我们值得历尽无数个黑夜也值得奔向的地方落跑的小公主👸@Dear-迪丽热巴 #迪丽热巴你是我的荣耀# L嘉行迪丽热巴工作室的微博视频 ​,https://m.weibo.cn/detail/4544388132771052
红毯神图与高定封神造型,post,1452,粉丝点评/记忆表达明确,曰老板,#迪丽热巴微博之夜发型拆解#哇，迪丽热巴的发型上热搜了之前大家一直说迪丽热巴的作品长尾效应极好，出圈程度高。现在看来原来不只是作品，而是和迪丽热巴相关的任何事物都是如此。迪丽热巴参加红毯，她的造型会被拆解成数个部分来被大家讨论，并且各个“单飞”大出圈。迪丽热巴的发型、迪丽热巴的礼服、迪丽热巴的出入场视频、迪丽热巴的生图、和迪丽热巴撞脸的卡通形象……迪丽热巴，活该你红！,https://m.weibo.cn/detail/4885445367042115
白凤九与三生三世情怀,post,1442,粉丝点评/记忆表达明确,关我毛柿,2018-2024每年腾讯经典畅销榜拉新年榜前十名排行榜2018：《扶摇》杨幂、阮经天2019：《陈情令》肖战、王一博2020：《三生三世枕上书》迪丽热巴、高伟光2021：《扫黑风暴》孙红雷、张艺兴2022：《星汉灿烂·月升沧海》吴磊2023：《长相思1》杨紫、檀健次、邓为、张晚意2024：《庆余年2》张若昀、李沁 标粉色是上财报的剧,https://m.weibo.cn/detail/5275579590901787
爱丽丝与热巴的双向奔赴,post,1438,粉丝点评/记忆表达明确,饭圈阿姨,#迪丽热巴跳舞向粉丝打招呼#今日份的小豹纹迪丽热巴，热巴私服真的很多豹纹元素诶！看到等待在远处的粉丝，热情的和大家打招呼，是双向奔赴的热爱啊，热巴行程一切顺利，注意休息呀！ 饭圈阿姨的微博视频,https://m.weibo.cn/detail/4816603257248749
白日提灯贺思慕/女鬼鬼王记忆,post,1415,粉丝点评/记忆表达明确,一小只灯,迪丽热巴超话哦呦🥺#迪丽热巴白日提灯# dlrb #迪丽热巴贺思慕# dlrb #白日提灯# 迪丽热巴 |白日提灯 | 虽然不能同时拥有一切 | 贺思慕 |卫蓝@Dear-迪丽热巴//@是小A呀_:活了四百多岁的鬼王殿下，像被戳破了隐藏的孩子，眼神突然变得慌乱又无措，是啊，她也是突然才意识到这才是活着//@玉树临风可爱鸡-白日提灯热播版:小巴巴演得好#迪丽热巴贺思慕# #迪丽热巴白日提灯#,https://m.weibo.cn/detail/5282665624503160
纪云禾与鲛人系角色记忆,post,1406,粉丝点评/记忆表达明确,你也觉得这集好看吗,就是说看#与君初相识#很难不坠入爱禾「我要的自由 并不是走很远的路 而是这颗心毫无畏惧」独立自信 有勇有谋的女主谁不爱！绝 境 中 迸 发 的是坚 韧 一 身 傲 骨 打 不 碎 自 由 灵 魂 囚 不 住👊🏻已经在等恰似故人归了有点子想看我们阿纪哥哥！▪️#一口气炫完与君初相识# ▪️ #追与君初相识上头了#,https://m.weibo.cn/detail/4753101963398579
乔晶晶与《你是我的荣耀》入坑记忆,post,1405,粉丝点评/记忆表达明确,最火剧综,迪丽热巴主演《你是我的荣耀》乔晶晶实绩图 ​,https://m.weibo.cn/detail/4937545224555539
白日提灯贺思慕/女鬼鬼王记忆,comment,1385,粉丝点评/记忆表达明确,一口吞掉热巴,热巴宝贝！最后一天了！我已经等不及要看你的新剧了😭 从《三生三世》到《白日提灯》，你的古装永远是我的心头好！明天一定准时追剧，给你贡献收视率，我的贺鬼王冲鸭！,https://m.weibo.cn/detail/5281020265894734
白日提灯贺思慕/女鬼鬼王记忆,post,1378,粉丝点评/记忆表达明确,新加坡小笔尖,迪丽热巴和陈飞宇的粉丝吃得太好了有点！！ 贺思慕救妹妹那段，演技太爽了，非人感太强了我的天，转头的眼神和气场，我的老天我自动带入那匹马了确实是被吓到太正常了！压迫感太重了，看的时候完全心头一紧，巨有代入感。 还有打球的戏份，陈飞宇演得也太贴段胥了，鲜衣怒马少年时的感觉，是那种很自 ...全文,https://m.weibo.cn/detail/5286637321847972
演员成长与角色群像评价,post,1377,粉丝点评/记忆表达明确,雪碧三分饱,在2026的春天遇到贺思慕这个角色和白日提灯这个作品 对于我来说是非常幸福的 在贺思慕身上 我与演员迪丽热巴在角色演绎上产生很多共鸣，她从某个角度思考去表演，我也正好从这个角度思考去理解，作为一个观众一个剧粉，这种惊喜是难以言喻的 当然她给出了更多我在看文字时没有想到的灵动与意外 追演员 ...全文,https://m.weibo.cn/detail/5290818428733525
任安乐/帝梓元角色记忆,post,1370,粉丝点评/记忆表达明确,Dear迪丽热巴守护星,“爱丽丝·记🍒”如约而至～来看看1⃣2⃣月有哪些热点事件上榜 匆匆过去的12月，有哪些让你印象深刻的动态行程？ 迪丽热巴公诉精英|安旎|迪丽热巴安乐传|任安乐|帝梓元@Dear-迪丽热巴 #迪丽热巴公诉精英#dlrb#迪丽热巴安旎#,https://m.weibo.cn/detail/4852669744678096
爱丽丝与热巴的双向奔赴,post,1367,粉丝点评/记忆表达明确,追剧综的李二狗,#迪丽热巴说能给粉丝力量是她最大的收获# 她说，她会认真看粉丝的信，能给粉丝带来力量是她做演员最大的收获！ 双向奔赴了！ 追剧综的李二狗的微博视频,https://m.weibo.cn/detail/4938009125849840
乔晶晶与《你是我的荣耀》入坑记忆,comment,1365,粉丝点评/记忆表达明确,叶汉茜,感谢所有辛勤付出的剧组人员 你是我的荣耀不负所托 感谢迪丽热巴演活了我心中的乔晶晶 我们不说再见,https://m.weibo.cn/detail/4673454328515349
红毯神图与高定封神造型,post,1336,粉丝点评/记忆表达明确,快乐追星小贝,#迪丽热巴金刚发型##女明星穿搭##我的追星日记# 热巴最新活动造型美到我反复回放！💙一袭湖蓝色缎面长裙亮相，低盘发衬得肩颈线条优越到发光，金属细链与白手袋的搭配，把法式优雅和明艳灵动平衡得刚刚好。高开叉裙摆下藏着的薄纱内衬，像揉了一捧月光在裙摆里，清冷又温柔。蓝裙芭比美神降临，说的就是此刻的迪丽热巴吧，每一帧都美得像画报，完全就是从童话里走出来的公主啊！,https://m.weibo.cn/detail/5292999039783521
跑男时期综艺名场面,post,1333,粉丝点评/记忆表达明确,坡上有瓜,天生红人命！只录12天却给观众留下了深刻印象，跑男迪永远的白月光，顶流迪丽热巴#迪丽热巴跑男只录了12天# ​,https://m.weibo.cn/detail/5292000481903938
枭起青壤/聂九罗表演突破,post,1328,粉丝点评/记忆表达明确,若水守静,#人民文娱发了枭起青壤##热点新闻# 被人民文娱认证的《枭起青壤》：迪丽热巴气场封神，这波安利必须冲！ #社会热点# 人民文娱盖章的争气剧《枭起青壤》太绝了！“南山无枭，苍生太平”的台词直击人心，迪丽热巴饰演的聂九罗气场全开，官方认证的好剧闭眼冲不亏～ 剧里地枭与人的奇幻设定 ...全文,https://m.weibo.cn/detail/5237270082224944
嘻嘻迪/表情包/可爱梗,post,1326,粉丝点评/记忆表达明确,h-SqhyO_o,小丢你怎么在这还是和妈妈联动的表情包（小雨两眼一黑表情包：p3）💁 ​,https://m.weibo.cn/detail/5284053913698983
爱丽丝与热巴的双向奔赴,post,1325,粉丝点评/记忆表达明确,星姐微博,#迪丽热巴给粉丝买水# 迪丽热巴和爱丽丝的双向奔赴 柠檬茶好喝么？小零食好吃么？一点都不算 #星姐微博#,https://m.weibo.cn/detail/4926347732321892
枭起青壤/聂九罗表演突破,post,1309,粉丝点评/记忆表达明确,休惜_,绝美镜头神爱世人私心画了散下头发的阿罗生死之际看到这样一番景象炎拓这不得记一辈子@Dear-迪丽热巴 ----------- 🎵-prod. by 乌鸦Producer ----------- #枭起青壤# #枭起青壤二创大赛# #迪丽热巴聂九罗邀你拼一刀##我在枭起青壤上枭学# 休惜_的微博视频,https://m.weibo.cn/detail/5238023969049447
白凤九与三生三世情怀,post,1303,粉丝点评/记忆表达明确,如此多娇娇i,我之前不是看完桃花之后很期待枕上书，然后我就卡着时间播去看，让我好失望，剧情不好看就算了，我冲热巴去看的结果状态也是跟桃花里两模两样，眼睛又变的大而无神很疲惫很维吾尔族在古装剧好奇怪，然后我当年很震惊我说这是怎么了然后我就上网搜当时看到粉丝说红了之后两年无休一直进组很累，然后我就 ...全文,https://m.weibo.cn/detail/5293083742963075
白日提灯贺思慕/女鬼鬼王记忆,post,1257,粉丝点评/记忆表达明确,老特拉福德的糖猫儿,迪丽热巴《白日提灯》收官文来啦！ 真诚又努力的迪丽热巴你又演活了万灵之主贺思慕这个角色。 每次看到你发的文字，都能感受到你对自己饰演的角色满满的爱意，我相信平行世界的贺思慕一定非常感谢是你饰演了她，你让这个角色有了血肉和生命。 不说再见啦，贺思慕，因为我一直在不断的看你的花絮、二创 ...全文,https://m.weibo.cn/detail/5291008451413415
白日提灯贺思慕/女鬼鬼王记忆,post,1253,粉丝点评/记忆表达明确,雪碧三分饱,#迪丽热巴无实物表演# 我的法度不可忤逆，即便是我自己#白日提灯##迪丽热巴贺思慕# 雪碧三分饱的微博视频,https://m.weibo.cn/detail/5286942644112429
爱丽丝与热巴的双向奔赴,post,1250,粉丝点评/记忆表达明确,小岛兴田,#热巴逆应援# 为什么说巴粉是内娱最忠贞的粉圈，那是因为热巴也很爱她们啊！ Hi6应援，热巴送给粉丝的礼盒里是围巾和安睡裤，这个双向奔赴，简直泪目的程度！ 除了这些还有奶茶和一些吃的，包括一整只鸡汤。 ——《白日提灯》,https://m.weibo.cn/detail/5264398662764694
爱丽丝与热巴的双向奔赴,post,1247,粉丝点评/记忆表达明确,凤凰没有鸟,#迪丽热巴挥手安慰粉丝不要哭# 妈耶，heart软软的 巴巴看见粉丝哭安慰粉丝不要哭 结果自己眼睛里面全是眼泪 喜欢看一些偶像粉丝双向奔赴的时刻,https://m.weibo.cn/detail/5143704714347898
爱丽丝与热巴的双向奔赴,post,1238,粉丝点评/记忆表达明确,唐长老的田地,理解迪丽热巴粉丝为什么这么长情了 热巴和粉丝永远都是双向奔赴,https://m.weibo.cn/detail/5202159521760668
爱丽丝与热巴的双向奔赴,post,1233,粉丝点评/记忆表达明确,扒圈少主,#迪丽热巴生日微博评论#努力的热巴用作品一次次打动粉丝，而粉丝们也再一次让大家感受到了双向奔赴的爱，最好的热巴遇见了最暖的粉丝～㊗️@Dear-迪丽热巴 生日快乐，一路长歌,https://m.weibo.cn/detail/4643948847434111
高雯名场面与早期出圈,post,1225,粉丝点评/记忆表达明确,笑到没who了,#克拉恋人# 当年的高雯太出圈了，简直是白月光般的存在，不许有人忤逆高雯！ 笑到没who了的微博视频,https://m.weibo.cn/detail/5190378040853714
爱丽丝与热巴的双向奔赴,post,1213,粉丝点评/记忆表达明确,阿下,#迪丽热巴上车后又下车收信#迪丽热巴长沙路透也太暖了吧！都坐上车了还是折返回来收粉丝的手写信，小跑的样子又可爱又真诚，爱丽丝的双向奔赴永远戳心💌,https://m.weibo.cn/detail/5264192225415648
迪拜报平安/守护型记忆,post,1209,粉丝点评/记忆表达明确,A迪钙奶raba,迪丽热巴#迪丽热巴# “我觉得我跟自己和解的时间算是比较长的。因为我也不是时时刻刻自信，以前是特别不自信，然后加上特别没安全感，但是现在会稍微好那么一点点。大多数一遇到不自信或者是没安全感的时候，我就会去跟自己做一个心理的沟通“哎呀不行不行，不能这样想”，就会稍微好一点” — ...全文,https://m.weibo.cn/detail/5275538177394412
嘻嘻迪/表情包/可爱梗,post,1207,粉丝点评/记忆表达明确,胖杉百事从欢,白日提灯剧版超话 @Dear-迪丽热巴 #归墟5A级景区观光团# 灵主大人的表情包偷了 ​,https://m.weibo.cn/detail/5284017500851846
生日生贺与小小迪陪伴记忆,post,1200,粉丝点评/记忆表达明确,才不做笨蛋霉女,🎥迪丽热巴34岁生贺|《逐空》 蝉鸣声声 仲夏将至 微风轻拂 石榴花开.时光疾驰 成长的脚步也永不停歇似乎你成长的每一步都足够深刻如今的你告别了青涩与懵懂奔向属于你的更美好的未来我是真心为你喝彩为你感动.感谢你在我的人生中留下浓墨重彩的一笔你的真诚 上进 清醒 独立深深地打动着我让我也成为了更好的自己新的一岁中 许你万丈光芒好 许你前路无坎坷 许你逆境仍向阳 许你清风揽山河 许你岁岁常欢愉 许你无忧亦无伤 许你心宽少思量 许你朝暮皆安康,https://m.weibo.cn/detail/5294095913714575
李长歌与《长歌行》角色记忆,post,1199,粉丝点评/记忆表达明确,甜霜啊,“ 我当是与我最相配 ” 迪丽热巴 ｜ 贺思慕 x 李长歌 甜霜啊的微博视频,https://m.weibo.cn/detail/5287678998481425
红毯神图与高定封神造型,post,1196,粉丝点评/记忆表达明确,喜废话,#热巴雨中撑伞神图#室内公主正在美美出片中，全方位无死角的美，给女神瑰夏了今天完全是迪奥女王来的 喜废话的微博视频,https://m.weibo.cn/detail/5292679000752674
红毯神图与高定封神造型,post,1196,粉丝点评/记忆表达明确,-盖世汤圆儿,#迪丽热巴微博之夜发型拆解#由此可见，明星们如果能把握好亮相机会，好好做造型，造型出圈后不愁没有热度，红毯真的是非常好的宣传时机，微博之夜都过去一周了，我每天还能在各个平台上刷到热巴的出圈图，仿妆视频等，就和当年鞠婧祎黑色丝绒裙红毯造型出圈一样（不做比较，两位美女都很美）。另外，热评里有说热巴这次造型不就是白幼瘦吗？我不理解，现在白幼瘦变成一种贬义词了吗？审美是多元化的，有人喜欢辣妹风有人喜欢中性风有人喜欢御姐风，存在即合理，何况，白幼,https://m.weibo.cn/detail/4885440304254937
迪拜报平安/守护型记忆,post,1178,粉丝点评/记忆表达明确,Dear-躺胖迪怀里吃香草味冰淇淋,热爱 是“不许去 里面不让进外面那么冷 全都回家” 是“天不会塌 就算塌了有我们一起” 是“我最大的收获就是有你们” 是“每一幕都做数 热爱终会抵达” 是“一幕一幕一步一步 让热爱生花 ” 是“天气刮大风下雨 太晚了大家就回家吧 家里人也担心这么晚在外面 回家也得注意安全” 是热巴：我家爱丽丝是 ...全文,https://m.weibo.cn/detail/5160553376647569
生日生贺与小小迪陪伴记忆,post,1178,粉丝点评/记忆表达明确,扒婆的奇妙物语,#迪丽热巴录蜡笔小新版晚安call# 迪丽热巴是什么可爱憨憨啊！生日会也不忘宠粉，为粉丝录制蜡笔小新版起床call！我愿称之为“人间变音器”！萌萌哒的起床铃声，大家快点换上！ 芒果捞扒婆的微博视频,https://m.weibo.cn/detail/4644094738173661
跑男时期综艺名场面,post,1164,粉丝点评/记忆表达明确,重生之我是利多利尔,#迪丽热巴跑男只录了12天#只录了12天就创造了无数出圈名场面， 此女真是命里带红。再来回顾一下热巴当初惊艳无数人的跑男出场吧,https://m.weibo.cn/detail/5291997797287987
李长歌与《长歌行》角色记忆,post,1164,粉丝点评/记忆表达明确,夏季芭妆啥呢,迪丽热巴超话#迪丽热巴# #迪丽热巴贺思慕##迪丽热巴长歌行# 梦回李长歌…… 关山万里路，拔剑起长歌,https://m.weibo.cn/detail/5291947675357169
李长歌与《长歌行》角色记忆,post,1164,粉丝点评/记忆表达明确,Dear-豌杂面,梦回长歌行迪丽热巴超话,https://m.weibo.cn/detail/5291666002150928
爱丽丝与热巴的双向奔赴,post,1156,粉丝点评/记忆表达明确,芒果妈妈,#易易紫曝热巴谈过恋爱#只知道迪丽热巴和爱丽丝在热恋，永远都是笑眼盈盈的口罩都遮不住的双向爱意 芒果妈妈的微博视频,https://m.weibo.cn/detail/5258185142438952
红毯神图与高定封神造型,post,1155,粉丝点评/记忆表达明确,贰叁玩球鞋,#赵露思# 会不会像#迪丽热巴# 当初营销高雯艳压唐嫣一样营销李乐嫣艳压迪丽热巴！当时嘉行看到迪丽热巴快出圈了，有对赌压力的嘉行和杨幂为了能让迪丽热巴出圈，大手笔做宣传，也是因为迪丽热巴的艳压，唐嫣杨幂的闺蜜情由浓赚淡。《长歌行》片段出来，像迪丽热巴说的，粉丝不喜欢她古装，她也觉得自己不太是个古装。迪丽热巴的古装比她现代装差远了，现在每次造型出场都明艳动人，秒杀无数菲林。可古装有点差强人意了，这次长歌行出来，又有人说迪丽热巴的古装造型了,https://m.weibo.cn/detail/4620941834846719
生日生贺与小小迪陪伴记忆,post,1149,粉丝点评/记忆表达明确,Dear迪丽热巴广东分会,#迪丽热巴0603生日快乐# 【2025迪丽热巴广东分会生日线下】 Hello，爱丽丝和小迪要结婚啦🎊～ 这是一份含糖量100%的婚礼邀请函💌 春来夏往 秋收冬藏 漫漫人生 零零碎碎 听闻远方有你我跋涉千里 有生之年 欣喜相逢 幸得所爱 无畏山海 粤粤诚挚邀请您来参加 小迪与爱丽丝的婚礼💒 穿上美丽的“ ...全文,https://m.weibo.cn/detail/5160337012164958
乔晶晶与《你是我的荣耀》入坑记忆,post,1146,粉丝点评/记忆表达明确,吃掉一口饭撒,#2021电视剧十大之最# “从校服到婚纱，从重逢到相爱”双向奔赴的爱情太甜了！荣耀夫妇的夏日浪漫，平行时空里的夏天！ 杨洋迪丽热巴《你是我的荣耀》满足了所有人的幻想，给足万千少女该有的浪漫！！ 在我这双向奔赴绝对配得上之最！！,https://m.weibo.cn/detail/4717566197498489
爱丽丝与热巴的双向奔赴,post,1144,粉丝点评/记忆表达明确,艾可栗,#热巴好汹涌的爱意# 被爱丽丝们感动，听到粉丝喊迪丽热巴平安喜乐，巴巴摇下窗户回应粉丝的爱意，这波双向奔赴真的 巴巴要越来越好,https://m.weibo.cn/detail/5278470596723969
白日提灯贺思慕/女鬼鬼王记忆,post,1134,粉丝点评/记忆表达明确,熹宝棒棒哒,迪丽热巴#白日提灯今日收官# 啊啊啊啊啊 尖叫！好美的宝贝#迪丽热巴贺思慕# 熹宝棒棒哒的微博视频,https://m.weibo.cn/detail/5290883813738529
跑男时期综艺名场面,post,1125,粉丝点评/记忆表达明确,强制美学,#迪丽热巴跑男只录了12天# ✅ 核心事实 •身份：代班常驻（Baby孕期暂退） 录制：2017.2.19–4月中，合计约12天，分散在上海、杭州、西安、大连等地 •播出：2017.4.14–6.30，共12期，跨度近3个月 •名场面：泥潭、指压板、低温水战、转圈入场、暖心细节出圈 📌 为什么体感像录了一整季 1. 剪辑放 ...全文,https://m.weibo.cn/detail/5292014632437499
爱丽丝与热巴的双向奔赴,post,1114,粉丝点评/记忆表达明确,唐长老的田地,迪丽热巴给爱丽丝准备的礼物，热巴真的太让人感动了，正主和粉丝双向奔赴的热爱！！！依稀记得迪丽热巴的这段舞蹈，在网上引起了很大的轰动，全网都在模仿迪丽热巴跳舞 #迪丽热巴或将出EP# 唐长老的田地的微博视频,https://m.weibo.cn/detail/5039745398738379
生日生贺与小小迪陪伴记忆,comment,1112,粉丝点评/记忆表达明确,街头巷尾我与你,🎂ᴴᴬᴾᴾᵞ ᴮᴵᴿᵀᴴᴰᴬᵞ ᵀᴼ ᵞᴼᵁ 迪迪公主#迪丽热巴0603生日快乐#,https://m.weibo.cn/detail/4776356334538907
爱丽丝与热巴的双向奔赴,post,1085,粉丝点评/记忆表达明确,唐长老的田地,#迪丽热巴看粉丝无人机应援# 迪丽热巴对爱丽丝的爱很拿的出手！ 爱丽丝对迪丽热巴的爱更拿的出手！ 热巴一直拿着手机录粉丝准备的生日应援！ 热爱双向奔赴实锤！！！ #迪丽热巴后援会#,https://m.weibo.cn/detail/5173223743296589
白日提灯贺思慕/女鬼鬼王记忆,post,1080,粉丝点评/记忆表达明确,玉树临风可爱鸡,#白日提灯# 我的评分： #白日提灯观后感#力挺迪丽热巴贺思慕,https://m.weibo.cn/detail/5291230281862056
高雯名场面与早期出圈,post,1068,粉丝点评/记忆表达明确,吃我一集安利,让我康康有多少爱丽丝是从大明星高雯入坑热巴的？#迪丽热巴 梦回高雯#真的没人能抗拒我们古灵精怪的高雯，现在再重温这部剧还是会沦陷在高雯的可爱里，女明星什么的角色和热巴适配度超高的！ 吃我一集安利的微博视频,https://m.weibo.cn/detail/4799539712887834
演员成长与角色群像评价,post,1035,粉丝点评/记忆表达明确,坡上有瓜,《枭起青壤》能成为爆款，核心是“选角精准+制作较真”的双向奔赴——迪丽热巴用演技接住了高规格制作，导演田里则用新鲜视角激活了尾鱼IP的奇幻内核。 迪丽热巴是聂九罗的“天选代餐”，导演直言“没有她就没有这个项目”。这位“导演友好型”演员不仅精准拿捏每场戏的核心情绪，更带着角色的“狠劲 ...全文,https://m.weibo.cn/detail/5242351811302325
白日提灯贺思慕/女鬼鬼王记忆,post,1029,粉丝点评/记忆表达明确,迪妤皖,啊啊啊啊啊啊好多好美好美#愚人节站姐团建# #迪丽热巴白日提灯# #迪丽热巴贺思慕#,https://m.weibo.cn/detail/5282666071196513
爱丽丝与热巴的双向奔赴,post,1014,粉丝点评/记忆表达明确,关我毛柿,天呢🥹 迪丽热巴晒了粉丝手写信，还说自己要保持向上的心态，这样才会给粉丝带来更好的一面🥹 关我毛柿的微博视频,https://m.weibo.cn/detail/5287980430524629
生日生贺与小小迪陪伴记忆,comment,1009,粉丝点评/记忆表达明确,西域春冰淇淋酸奶世一美味,2019年的生日会是完全免费的，并且给去的每一位粉丝发了礼品的，而今年的单曲准备了一年不说，也是全平台免费热爱是真的#迪丽热巴0603生日快乐#,https://m.weibo.cn/detail/5040131740271386
白日提灯贺思慕/女鬼鬼王记忆,post,1007,粉丝点评/记忆表达明确,星姐微博,【星姐现场】 迪丽热巴微博追剧团直拍focus完整版（33分钟） 现场还原贺思慕名场面，送粉丝万灵灯~回应比心 #陈飞宇为迪丽热巴戴脸链##迪丽热巴问白日提灯固屏去哪了##迪丽热巴这真是妈咪级别的# 星姐微博的微博视频,https://m.weibo.cn/detail/5282979708404596
嘻嘻迪/表情包/可爱梗,post,1004,粉丝点评/记忆表达明确,迪迪坨的性感毛裤,哈哈哈哈笑死我了//@我喜欢的人她有泪痣:迪丽热巴不放假！//@阿萨在等纪云禾:迪丽热巴不放假//@林老娘_:迪丽热巴不放假！（超大声）//@橙呀_:迪丽热巴不放,https://m.weibo.cn/detail/4687258529304973
爱丽丝与热巴的双向奔赴,post,998,粉丝点评/记忆表达明确,迪迪卫突击队,迪丽热巴 今日考古一下迪迪和阿丝之间的热爱小故事~ 爱我们的迪迪，在2023年8月8号为我们写下了一封手写信，一字一句都是对我们无限的爱，她说“她想了很多种惊喜，最后选择了手写信”她说“谢谢一直陪伴她的爱丽丝”粉丝用手写信表达着自己的热爱，她用手写信回应着粉丝的热爱 我们的爱永远 ...全文,https://m.weibo.cn/detail/5102511055443033
白日提灯贺思慕/女鬼鬼王记忆,comment,978,粉丝点评/记忆表达明确,一口吞掉热巴,白日是柔弱少女，夜里是红衣鬼王，迪丽热巴这个反差太戳我，《白日提灯》速速抬上来！,https://m.weibo.cn/detail/5279940612196936
生日生贺与小小迪陪伴记忆,post,963,粉丝点评/记忆表达明确,Dear迪丽热巴后援会,【2026迪丽热巴福建分会生日活动】💐世界生动 尽情感受咕噜咕噜的气泡水🫧释放着夏天的信号热烈浪漫的因子融入蛋糕的香甜🍰在空气里翻滚升腾让我们一同见证角色世界中的弧光色彩🌈落在笔尖写下最真实的触动热爱是指挥心跳节奏的交响乐🎵我们的歌声与心跳声合在一起祝亲爱的热巴，生日快乐祝世界之灿烂尽在你眼底祝喜悦欢乐都围绕最可爱的双子座精灵✨📅【时间】：5月16日13:00～18:30📍【地点】：厦门市思明区筼筜天虹购物中心2楼EFIVE📣【须知】：,https://m.weibo.cn/detail/5294465860239413
纪云禾与鲛人系角色记忆,post,962,粉丝点评/记忆表达明确,追星迷妹王语嫣,#与君初相识# ｜#纪云禾感受到长意灵丹碎了# 云禾感受到长意灵丹碎了，心痛不已，狐族少主舍命凝丹救意中人。中意也不行！我们大尾巴鱼 一生只爱一个人，他有云禾了！🙊迪丽热巴/纪云禾；任嘉伦/长意 #一口气炫完与君初相识# L追剧情报社的微博视频 ​,https://m.weibo.cn/detail/4753152508693305
生日生贺与小小迪陪伴记忆,post,959,粉丝点评/记忆表达明确,Dear迪丽热巴福建分会,【2026迪丽热巴福建分会生日活动】💐世界生动 尽情感受咕噜咕噜的气泡水🫧释放着夏天的信号热烈浪漫的因子融入蛋糕的香甜🍰在空气里翻滚升腾让我们一同见证角色世界中的弧光色彩🌈落在笔尖写下最真实的触动热爱是指挥心跳节奏的交响乐🎵我们的歌声与心跳声合在一起祝亲爱的热巴，生日快乐祝世界之灿烂尽在你眼底祝喜悦欢乐都围绕最可爱的双子座精灵✨📅【时间】：5月16日13:00～18:30📍【地点】：厦门市思明区筼筜天虹购物中心2楼EFIVE📣【须知】：,https://m.weibo.cn/detail/5294103443016452
白日提灯贺思慕/女鬼鬼王记忆,post,932,粉丝点评/记忆表达明确,Cookiie8,🌸🌬️🍡#白日提灯# | 迪丽热巴 × 贺思慕 个人向完结纪念 “世间万物须臾而逝，唯有我不死不灭” 陪着贺思慕走完了这一程 关于离别这个人生课题 你也在慢慢学习吧💧🥺 又走过一个角色啦，在这个角色里看到了不一样的迪丽热巴！ 很开心看到你饰演的贺思慕🥺 别回头，继续往前走吧！ ...全文,https://m.weibo.cn/detail/5288728676535875
白日提灯贺思慕/女鬼鬼王记忆,comment,929,粉丝点评/记忆表达明确,小齐起司-,白日提灯超好看！喜欢万灵之主贺思慕,https://m.weibo.cn/detail/5291257716802151
生日生贺与小小迪陪伴记忆,post,917,粉丝点评/记忆表达明确,咬一口樱桃软糖,迪丽热巴#热巴 睡不着的话就数星星吧# #迪丽热巴0603生日快乐# 亲爱的热巴： 首先要提前祝你生日快乐呀希望你每天都开心，每天都幸福！就跟去年写的的一样“I was enchanted to meet you”，我真切地感觉到你和我们之前的双向奔赴 今年，我准备了13种语言的“生日快乐”，只希 ...全文,https://m.weibo.cn/detail/5172056527999681
迪拜报平安/守护型记忆,post,915,粉丝点评/记忆表达明确,巧了巧_,爱丽丝都很想念你，平安健康就好 #迪丽热巴报平安# 巧了巧_的微博视频,https://m.weibo.cn/detail/5272845135644512
白日提灯贺思慕/女鬼鬼王记忆,post,910,粉丝点评/记忆表达明确,新闻晨报,【哪位古装剧女主的演技夯爆了？】近年热播古装剧里，女主们一个比一个能打！好到每次只要看一个片段，立马就能沉浸到当时的情景～到底谁的演技让你垂直入坑？👇#月鳞绮纪云合超白日提灯首日# #迪丽热巴 古偶# #白日提灯#@Dear-迪丽热巴 @赵丽颖 @杨紫 @白鹿my @鞠婧祎 @虞书欣Esther @刘诗诗 @孟子义 @田曦薇 @彭小苒 @陈都灵 @李一桐 迪丽热巴超话赵丽颖超话杨紫超话白鹿超话鞠婧祎超话虞书欣超话刘诗诗超话,https://m.weibo.cn/detail/5283160574133663
生日生贺与小小迪陪伴记忆,post,897,粉丝点评/记忆表达明确,Dear迪丽热巴广东分会,#迪丽热巴0603生日快乐# 亲爱的爱丽丝们 💒婚礼倒计时不足1⃣天 山海有你，不怕千里 期待我们明天的相见～ 💕婚礼小tips： 1、婚礼开始时间：10:28，若您提前到达，需在入口处稍作排队噢。 2、假期期间出行可能会拥堵，请合理安排好出发时间。 3、近期多雨，请大家记得带好伞。 4、请各位爱丽丝 ...全文,https://m.weibo.cn/detail/5167404315051514
红毯神图与高定封神造型,post,889,粉丝点评/记忆表达明确,真真巴适,米兰记忆📸复习一下，坐等美神出山～迪丽热巴 | 2018米兰时装周#和迪丽热巴一起秋日出行# @Dear-迪丽热巴 #女明星第一次去欧美时装周看秀造型图# ​,https://m.weibo.cn/detail/4950254636500444
跑男时期综艺名场面,post,886,粉丝点评/记忆表达明确,新疆发布,#跟着迪丽热巴发现新疆春日色彩# 跑男里，@Dear-迪丽热巴 12天贡献了许多的名场面；新疆的春天里，她一支舞就让世界看见家乡的美#迪丽热巴跑男只录了12天#迪丽热巴超话 ​,https://m.weibo.cn/detail/5292257400064929
爱丽丝与热巴的双向奔赴,post,885,粉丝点评/记忆表达明确,迪迪爱睡觉_,🎬｜迪丽热巴34岁生贺｜🎵《夏至未至》共创伙伴：@小8吧啦 @石榴三颗封面制作：@屿漫九二夏-以敏感为翼，以热爱为炬你坦然拥抱自己的敏感，从不将这份细腻当作缺点，反而把它化作感知角色的独家能力，用心捕捉每一份情绪，读懂角色心底的柔软与倔强，让荧幕里的每一个形象都鲜活立体，也让我们看到她通透又真诚的模样。身为演员，你始终拼尽全力，不负每一份热爱。扎根片场、打磨演技，再难的戏份亲自上阵，再累的拍摄从不敷衍，烈日下赶工、寒夜里拍戏，带着伤痛坚,https://m.weibo.cn/detail/5294599452761601
任安乐/帝梓元角色记忆,post,882,粉丝点评/记忆表达明确,以爱为妍,"安乐传:我想告诉她""任安乐""，她是这个世界上最最漂亮的小女孩，是这个世界上独一无二的存在。 我想告诉他""韩烨""，他真诚美好又善良，是很好特别好的人，又爱笑又细心。 双向奔赴的爱才长久！ 迪丽热巴、龚俊 妍然依旧的微博视频",https://m.weibo.cn/detail/4990730362421861
白凤九与三生三世情怀,comment,876,粉丝点评/记忆表达明确,安旎我是老A,高雯八百万粉丝等着共进晚餐，李长歌修了两只兔子，任安乐大理寺见了两位官员，阿娜尔罕首播是2015年，白凤九三生石上刻东华帝君的名字，安旎拿白棋，破八千万是2023年8月8号，你好星期六猜词猜到你是人质，老有所依，创造营是发起人身份，热爱举行时间是六月一号,https://m.weibo.cn/detail/4932556111743050
乔晶晶与《你是我的荣耀》入坑记忆,post,874,粉丝点评/记忆表达明确,乔晶晶同学,剧版你是我的荣耀超话恭喜我们的小太阳乔晶晶🔆，你的努力配得上那些鲜花和掌声，配得上这世间所有的美好。･ 乔晶晶就是这样坦诚而真挚，爱就要表达出来，没有比乔晶晶更明媚的女生了吧，勇敢坦荡赤诚。･ 喜欢就勇敢去追，勇敢去想，并且勇敢的去努力。感谢2021年的夏天，也感谢优秀女演员迪丽热巴和全体荣耀剧组让那个勇敢坦荡，善良，明媚，可爱又娇娇的乔晶晶呈现在大家面前。“ 烟火星辰，童话散场 这一场名为「荣耀」的浪漫填满了整个夏天。 ”平行世界的,https://m.weibo.cn/detail/4753195819336018
生日生贺与小小迪陪伴记忆,comment,864,粉丝点评/记忆表达明确,江清月近人-期待卫蓝版,我们大河南啊#迪丽热巴0603生日快乐#,https://m.weibo.cn/detail/5277069513589789
乔晶晶与《你是我的荣耀》入坑记忆,post,859,粉丝点评/记忆表达明确,迪迪卫研究所,#迪丽热巴乔晶晶##迪丽热巴你是我的荣耀# 想和@Dear-迪丽热巴 《赴一场生命的冒险》L迪丽热巴《赴一场生命的冒险》（端游《蛮荒搜神记》超燃版） ​​​,https://m.weibo.cn/detail/4545930725956132
演员成长与角色群像评价,post,854,粉丝点评/记忆表达明确,灯至,#迪丽热巴 一个人当然可以拍婚纱照#我发现热巴确实思想比大众更超前。看过很多女演员早期的发言真的很有力量。19年的漫游全世界，那年巴巴27岁说过想结婚的 当年她从北京带的婚纱一路拖到了圣托里尼 ​,https://m.weibo.cn/detail/5259701375205926
演员成长与角色群像评价,post,851,粉丝点评/记忆表达明确,拜托请你好好说话,谢谢有被惊讶到//:2018年迪丽热巴凭借《漂亮的李慧珍》中李慧珍一角拿下金鹰双杯。《漂亮的李慧珍》为2017年的开年收视黑马，带动了当时收视率的大幅增长，增长率高达210％。 迪丽热巴作为带动收视率大幅增长的当红女演员中唯一一位上榜的90后，实力诠释了“我没有辜负角色，角色也没有辜负我”！,https://m.weibo.cn/detail/4538948224826166
红毯神图与高定封神造型,post,846,粉丝点评/记忆表达明确,Dilraba循迹不循_,回忆一下迪丽热巴24年迪奥活动造型 古堡即视感* ​,https://m.weibo.cn/detail/5270533646063036
枭起青壤/聂九罗表演突破,post,842,粉丝点评/记忆表达明确,风挲,#入坑迪丽热巴太容易了# 入坑聂九罗就像爱上迪丽热巴一样简单 ​,https://m.weibo.cn/detail/5229590016689130
李长歌与《长歌行》角色记忆,post,837,粉丝点评/记忆表达明确,阿葱是个数学家,#长歌行开播一周年# 【产出收录】春日相逢，春日重聚。很高兴一年后，我们依旧在这里，把酒共长歌。很高兴可以和大家一起喜欢长歌行，喜欢李长歌。我们春日永恒落在生命里的光：微博正文寻常歌：微博正文不老梦：微博正文我用什么把你留住1：微博正文如果声音不记得：微博正文我用什么把你留住2：微博正文关山酒：微博正文台前幕后群像：微博正文倾城一笑：微博正文三生三世：微博正文歌歌探病大会：微博正文如你所想：微博正文一周年群像纪念：微博正文如果我们不曾相,https://m.weibo.cn/detail/4753210088358948
白日提灯贺思慕/女鬼鬼王记忆,post,826,粉丝点评/记忆表达明确,老特拉福德的糖猫儿,好想把手伸进巴粉们的钱包里暖暖手。 迪丽热巴有这群铁血爱丽丝们拿什么输？ 《白日提灯》全平台官方店周边销售额已破千万。 #白日提灯##迪丽热巴贺思慕#,https://m.weibo.cn/detail/5284400784737092
白日提灯贺思慕/女鬼鬼王记忆,post,818,粉丝点评/记忆表达明确,雪碧三分饱,想念这个大眼萌妹龙井茶牌贺小小了#白日提灯##迪丽热巴贺思慕# 雪碧三分饱的微博视频,https://m.weibo.cn/detail/5289921262913514
纪云禾与鲛人系角色记忆,post,811,粉丝点评/记忆表达明确,南墙小猫,迪丽热巴主演优秀电视剧评分汇总，2012年《你是我的荣耀》6.9分2021年《长歌行》6.0分2022年《与君初相识·恰似故人归》5.7分2017年《漂亮的李慧珍》3.1分2023年《公诉》6.6 分2023年《安乐传》 5.8分2020年《幸福，触手可及》5.1分2018年《一千零一夜》5.3分2017年《傲娇与偏见》4.7分2018年《烈火如歌》5.9分 2018年《21克拉》4.5分,https://m.weibo.cn/detail/4969238738503706
纪云禾与鲛人系角色记忆,comment,805,粉丝点评/记忆表达明确,Onlyfordlrb,《与君初相识·恰似故人归》收官大吉！纪云禾，我们不见不散！五一，二刷，走起来，不用等更新哦,https://m.weibo.cn/detail/4763931597603103
爱丽丝与热巴的双向奔赴,post,800,粉丝点评/记忆表达明确,戏精小喵,迪丽热巴第十幕练习室转场，和爱丽丝的双向奔赴真的是让人羡慕的不得了呀！迪丽热巴这一操作完全不输女团和顶流爱豆呀！ 戏精小喵的微博视频,https://m.weibo.cn/detail/5041977349898615
红毯神图与高定封神造型,post,798,粉丝点评/记忆表达明确,偶像冲浪达人,迪丽热巴雨中撑伞神图☔️,https://m.weibo.cn/detail/5292698653427747
白日提灯贺思慕/女鬼鬼王记忆,post,787,粉丝点评/记忆表达明确,星冰乐kiki,#迪丽热巴白日提灯全集有广# 白日提灯大结局（迪丽热巴陈飞宇）真的哭死我了！ 我怕你忘了我，也怕你记得我…沉英死，方先野死了还有未能说出的情意，贺思慕段胥大婚，这三个点真的直接让我哭晕了，我晚上11点看完了大结局，我缓到现在都没缓过来，喉咙像刀子割一样，心里像是有颗石头堵着，我看完最大 ...全文,https://m.weibo.cn/detail/5288252749907059
迪拜报平安/守护型记忆,post,785,粉丝点评/记忆表达明确,小橘zi一只,迪丽热巴 本人一直是热巴路人粉，知道滞留迪拜这个事真的很担心。我想问一下爱丽丝们，从哪里可以知道热巴目前最新的消息啊？或者热巴有了平安的消息之后能不能叫叫我,https://m.weibo.cn/detail/5272480866112316
白日提灯贺思慕/女鬼鬼王记忆,post,780,粉丝点评/记忆表达明确,Dear迪丽热巴后援会,迪丽热巴超话#迪丽热巴贺思慕﻿# 【视频】如果天气好，是和漂亮姐姐@Dear-迪丽热巴 一起在公园散步的话…🥰🥰🥰gzs🎶更新#迪丽热巴白日提灯# ​,https://m.weibo.cn/detail/5294135093495931
花少/你好星期六等综艺片刻,post,778,粉丝点评/记忆表达明确,朱红院,🍉北京卫视综艺《追雪的南团》🔹常驻嘉宾：杨迪、陈伟霆、虞书欣（已定）🔹飞行嘉宾：白敬亭、杨紫、宋雨琦、关晓彤、迪丽热巴、贾乃亮、汪顺、樊振东（拟邀）🔹节目简介：全员南方人的“冰雪探寻团”前往冰天雪地的北方，在来自本地的“雪生雪长团”的引导下打卡当地特色。主客双方通过改编自当地生活习惯的冰雪游戏进行比拼，南方人看的是惊喜，北方人看的是回忆。,https://m.weibo.cn/detail/4687197074098576
爱丽丝与热巴的双向奔赴,post,776,粉丝点评/记忆表达明确,钱塘江扛把子哪吒,迪丽热巴#迪丽热巴和粉丝双向奔赴# dlrb#迪丽热巴公诉精英# “玫瑰花永不凋零，这场爱永不落幕.” @Dear-迪丽热巴 （前段2′30″素材来自@秋了个酷 ）钱塘江扛把子哪吒的微博视频,https://m.weibo.cn/detail/4837680858268662
演员成长与角色群像评价,post,768,粉丝点评/记忆表达明确,星姐微博,#迪丽热巴哭戏# #迪丽热巴新剧把眼睛哭出一层滤镜# 豆大的泪珠，一滴一滴掉落，迪丽热巴哭戏很有代入感，邓妍的共情能力真的好强 每晚七点半看《利剑玫瑰》 #星姐微博# 星姐微博的微博视频,https://m.weibo.cn/detail/5193889214371108
白日提灯贺思慕/女鬼鬼王记忆,post,748,粉丝点评/记忆表达明确,不再枯萎我的無畫夏,贺思慕 少女暴君👆🏻灵界女打一 白日提灯 迪丽热巴演技夯爆了！ 不再枯萎我的無畫夏等人的共创视频,https://m.weibo.cn/detail/5281886001169877
迪拜报平安/守护型记忆,post,748,粉丝点评/记忆表达明确,稀饭油条不熬夜了,迪丽热巴后援会就对“嘉行传媒”团队工作室就严重失职、漠视艺人人身安全、职业权益的行为发布声明。不愧是偶像聪明高情商的艺人，就连粉丝也是，老粉圈不是盖的，字字在理，条理清晰，目的明确，很护犊子的并聪明的粉圈。“我们深知，我们面对的或许又是一堵惯以沉默作为回应的高墙，我们也依然要为我们在意和爱护的人发声。”,https://m.weibo.cn/detail/5273544050082397
红毯神图与高定封神造型,post,738,粉丝点评/记忆表达明确,潇骑校尉曹操,#迪丽热巴张俪背后抱#迪丽热巴《白日提灯》微博追剧团饭拍，巴巴复刻名场面 潇骑校尉曹操的微博视频,https://m.weibo.cn/detail/5283186687084374
嘻嘻迪/表情包/可爱梗,post,734,粉丝点评/记忆表达明确,稀饭油条不熬夜了,乔燕表情包第一弹 ​,https://m.weibo.cn/detail/5280478418698504
演员成长与角色群像评价,post,731,粉丝点评/记忆表达明确,独孤九鎗,从迪丽热巴的演技蜕变看：当美貌不再是枷锁，我再补充两句 张馨予一句“热巴演得好”，不仅是同行间的真诚点赞，更像一把钥匙，打开了公众对流量明星转型的深度讨论。在《利剑玫瑰》中，迪丽热巴用三个月特训磨出的警察风骨，用卸下浓妆后的朴素眼神，完成了一场对“美貌标签”的温柔突围，也让“演员 ...全文,https://m.weibo.cn/detail/5194824862927924
嘻嘻迪/表情包/可爱梗,post,731,粉丝点评/记忆表达明确,一颗咸蛋Online,╭══╮┌══════════┐╭╯迪迪║ 一辆巴粉扩关车开过来啦╰⊙═⊙╯╰══⊙════⊙══╯ 【 注意⚠️看好要求🈷️ 帮忙🧱🧱谢谢】车主@一颗咸蛋Online 🈲直 随缘车主宝贝@思雨巴心 兜风(•̀ᴗ•́)و̑̑车主左拥@瓦系喵喵大王呀 🈷️巴纯车主右抱@Rae_Neon 随缘🈷️车主头上@幸运数-8728 i互动副驾@雾妤热恋迪 i互动车底@忆夏知 巴纯，每天续🔥不断的车顶@北枳南寻_ 我不续新🔥，🈲直关一一一一一一一一一,https://m.weibo.cn/detail/5284047300591928
白日提灯贺思慕/女鬼鬼王记忆,post,692,粉丝点评/记忆表达明确,牛奶烤布蕾,#阿瑟收手吧#以前看献鱼的时候，就被司马焦施法迷住了，陈飞宇的手指骨感又纤长，做出来施法动作行云流水，这次看《白日提灯》段胥与贺思慕结咒的时候，特写更美了，俩人的手掌上下相对，大小差距真的好有感觉，谁敢信我看手掌特写感受到了阿瑟的男友力和安全感，“你拉我一把”，这一拉两个人就是一辈子 #陈飞宇为了看罗云熙倒着走红毯#,https://m.weibo.cn/detail/5282665987314486
白日提灯贺思慕/女鬼鬼王记忆,post,691,粉丝点评/记忆表达明确,青青小萌芽,榜姐每日话题超话《白日提灯》收官啦，官方的细致真让人感动，此刻大家都在认真告别，回忆满满。剧的圆满，离不开演员的用心。另外，热巴与飞宇的校园短片，姐狗味十足，段胥小狐狸对女王的思慕，再次击中大家的心~😎#迪丽热巴陈飞宇校园小剧场##微博二创视频创作季##一分钟精选视频扶持计划# L青青小萌芽的微博视频,https://m.weibo.cn/detail/5291100115042680
爱丽丝与热巴的双向奔赴,post,690,粉丝点评/记忆表达明确,一只仙品,迪丽热巴“宠粉天后”又实锤了 巴粉超超超超超超级幸福，双向奔赴磕到啦 #迪丽热巴挥手安慰粉丝不要哭#,https://m.weibo.cn/detail/5143676277228124
爱丽丝与热巴的双向奔赴,post,689,粉丝点评/记忆表达明确,一只仙品,迪丽热巴今日接机的粉丝超多，热巴实火🔥 内娱唯一的顶流，热巴超级宠粉，天黑担心粉丝看不到，让把灯开开！这就是双向奔赴的爱，巴粉真的超超超幸福祝热巴录制顺利#迪丽热巴出发长沙录开推#,https://m.weibo.cn/detail/5137326088393835
白凤九与三生三世情怀,post,686,粉丝点评/记忆表达明确,兔兔的酒窝520,梦回三生三世！#你好星期六# 现场上演台词速记王，嘉宾爆笑模仿“凤九”表白，引得本尊迪丽热巴亲自认证！这波模仿太有灵魂了，DNA动了！#迪丽热巴# L兔兔的酒窝520的微博视频 ​,https://m.weibo.cn/detail/5281174270513673
嘻嘻迪/表情包/可爱梗,post,685,粉丝点评/记忆表达明确,安snow_,当年👖优酷独播的《烈火如歌》有多火？《烈火如歌》打造出一部题材新颖的女性江湖武侠传奇。在江湖的大背景中，用细腻的镜头刻画出“大江湖”中“小人物”的真情实感，通过一段段奇恋，突破“小爱”之中自私与狭隘的束缚，用人性的冲突鲜活地展现江湖中的“大爱”。登阿里集团财报：带动优酷视频会员大幅增长 V榜记录单日播放量最高破2.3亿，登顶TOP1 37天🥇迪丽热巴V榜破9，登顶TOP1 51天。三月四月月榜TOP1🥇拉动优酷市场占有率增长2018上半,https://m.weibo.cn/detail/4972976782968713
演员成长与角色群像评价,post,684,粉丝点评/记忆表达明确,n婆婆n,#迪丽热巴谈演员身份#演员迪丽热巴在22年至23年两年时间内连续拍了两部无cp冷门题材正剧《公诉》和《利剑玫瑰》，是90后唯一主演过两部无cp正剧的演员。《公诉》作为国内首部打击新型网络犯罪题材的电视剧，取得Cvb 收视浙卫年季的好成绩，更是破层出圈到海峡对岸令tw年青人看到祖国法制体系的强大和检察官的风采，被爱国名嘴称赞。《利剑玫瑰》内娱为数不多的打拐剧，无名班底+无大咖抬轿+无cp首播4集播放量1145高开破千万，创下2025年唯一,https://m.weibo.cn/detail/5285770023665719
白日提灯贺思慕/女鬼鬼王记忆,post,683,粉丝点评/记忆表达明确,我萌宅,跟姐姐走吧～白日提灯还有现代装剧宣物料藏着呢 热巴捏捏飞宇的脸好萌啊～ 段胥 陈飞宇 贺思慕 迪丽热巴 白日提灯收官 #白日提灯# ·#AI换脸迪丽热巴公司被限高# 我萌宅的微博视频,https://m.weibo.cn/detail/5290880920977478
白日提灯贺思慕/女鬼鬼王记忆,post,681,粉丝点评/记忆表达明确,迪宝甜崽,#迪丽热巴又多了一个代表角色#贺思慕这个角色迪丽热巴又一次考了100分，为我们带来了又一个白月光角色。L西升月的微博视频 ​,https://m.weibo.cn/detail/5287864914675896
嘻嘻迪/表情包/可爱梗,post,681,粉丝点评/记忆表达明确,中网传播,"#陈哲远玩陈飞宇我的最爱梗##迪丽热巴是陈飞宇铁粉了#近日，@陈哲远- 在《你好星期六》节目录制中模仿@陈飞宇Arthur 的经典""我的最爱""梗，被何炅调侃为""抄袭式剧宣""引发观众热议，在默契考验环节主持人何炅提问""篮球和张婧仪的共同点是什么""，陈哲远超话立即模仿陈飞宇超话的语气和表情回答，""我的最爱""，并还原了原版停顿和神态，何炅当场调侃他""抄袭式剧宣""，并透露陈哲远私下反复观看陈飞宇原视频大笑，大家最期待陈哲远和陈飞宇谁今年的表",https://m.weibo.cn/detail/5293919432608850
迪拜报平安/守护型记忆,post,671,粉丝点评/记忆表达明确,耀鼠奶油包,#迪丽热巴报平安# 热巴只要你平安比什么都重要，悬着的心终于可以放下了这几天也辛苦了肯定没睡好觉吧，宝宝好好休息调整一下自己，我们期待未来慢慢见面，爱丽丝一直都在你身后，期待热巴新剧《白日提灯》也即将在三月底播出腾讯视频,https://m.weibo.cn/detail/5272846714799256
纪云禾与鲛人系角色记忆,comment,667,粉丝点评/记忆表达明确,五嗯,恭喜«与君初相识·恰似故人归»圆满收官没有人不喜欢纪云禾现在会员可以看全集，大家假期正好一口气炫完,https://m.weibo.cn/detail/4763931597603103
白日提灯贺思慕/女鬼鬼王记忆,post,666,粉丝点评/记忆表达明确,稀饭油条不熬夜了,这一波操作也确实给10年老粉圈一波拉练，巴粉的血性一直在，并且永远激情，大家永远年轻，永远充满热爱。这不是巴粉第一次上热搜也不会是最后一次，大家聚在一起都是因为迪丽热巴，期待一波热巴新剧《慕胥辞》，《虽然不能同时拥有一切》，电影《女足》，也可以去看热巴的已播剧《利剑.玫瑰》《枭起青壤》。#巴粉# L稀饭油条不熬夜了的微博视频,https://m.weibo.cn/detail/5259663156447025
爱丽丝与热巴的双向奔赴,post,665,粉丝点评/记忆表达明确,扒姐不扒瞎,#迪丽热巴机场收粉丝信# 爱丽丝和热巴的双向奔赴，咱就是一整个羡慕住接机的粉丝们了，热巴真的好温柔啊，期待《安乐传》《公诉精英》！ #迪丽热巴机场收信心动现场# 娱乐扒扒姐的微博视频,https://m.weibo.cn/detail/4799486456760833
枭起青壤/聂九罗表演突破,comment,664,粉丝点评/记忆表达明确,长亭CK,你的限定夜枭搭子聂九罗来咯！姐姐又迷住我啦！,https://m.weibo.cn/detail/5236900006200705
枭起青壤/聂九罗表演突破,post,654,粉丝点评/记忆表达明确,稀饭油条不熬夜了,发现这几天很多人给我利剑玫瑰和枭起青壤弹幕点赞，说明又有剧粉去考古热巴的剧了，多来剧粉，巴粉广纳新粉入坑迪巴。 ​,https://m.weibo.cn/detail/5288087066250180
跑男时期综艺名场面,post,651,粉丝点评/记忆表达明确,李玉儿聊车,#迪丽热巴跑男只录了12天#真的假的，一共就12天吗？我还以为一直都在呢，记忆错乱了？ ​,https://m.weibo.cn/detail/5292065357567741
演员成长与角色群像评价,post,650,粉丝点评/记忆表达明确,当红炸子鸡小陈,认识热巴，是因为高雯这个角色； 但真正喜欢上她，是在镜头之外。 我喜欢她身上那份难得的安静—— 不喧哗、不急躁、不争抢、不迎合。 这些年，她一直在期待抑或是质疑里行进， 女性演员在行业里的生存难度本来就更高， 既要漂亮，又要扛剧； 既要商业成绩，又要深度角色； 既不能重复自己，又不能犯 ...全文,https://m.weibo.cn/detail/5242672740568406
乔晶晶与《你是我的荣耀》入坑记忆,post,650,粉丝点评/记忆表达明确,吃我一集安利,你是我的荣耀｜迪丽热巴&杨洋 十年以后荣耀夫妇再次重逢，见到彼此之后嘴角不自主的上扬，幸好彼此都没有错过，要开始双向奔赴了吗！,https://m.weibo.cn/detail/4712625637954115
演员成长与角色群像评价,post,646,粉丝点评/记忆表达明确,千堆雪飘飘,#迪丽热巴补偿去巴黎的粉丝# 白日提灯一集一个高光，剧情一集更比一集强，迪丽热巴台词演技超牛。 “只有我坐着，它才叫王位” “找我的命门你找不到，给你万灵灯你又用不了，打不过我，杀不了我，又爱上了我” 青崖寻酒的微博视频,https://m.weibo.cn/detail/5286984237190661
乔晶晶与《你是我的荣耀》入坑记忆,post,645,粉丝点评/记忆表达明确,解救剧荒,#谁还走不出于途乔晶晶雪地名场面#迪丽热巴和杨洋主演的《你是我的荣耀》，不会现在还有人和我一样还在上头吧，于途和乔晶晶这双向奔赴的爱情太好嗑了，冬天来了，该二刷了 解救剧荒的微博视频,https://m.weibo.cn/detail/4839320035527165
爱丽丝与热巴的双向奔赴,post,641,粉丝点评/记忆表达明确,小易抱紧小迪,#迪丽热巴# dlrb #迪丽热巴 梦回高雯# 真的隔着屏幕都能感受到姐姐对粉丝的温柔·宠溺·热爱❤️ 每一次在机场和各个地方有粉丝的地方她都会向粉丝打招呼·招手·比心❤️ 明明时间很赶，走过了却还是会回头去接粉丝们的信，接了一次又一次，这不是热爱是什么，是双向奔赴的热❤️她都懂我们爱她 ...全文,https://m.weibo.cn/detail/4799524248489827
演员成长与角色群像评价,post,641,粉丝点评/记忆表达明确,迷路的糯米熊,#迪丽热巴迎来了属于自己的玲姐#老粉已经悄然泪目了……新经纪人看着还挺会来事的，好好对热巴，顶流女明星该有的待遇都不能少 L反重力跳跳虎的微博视频 ​,https://m.weibo.cn/detail/5278984617069098
生日生贺与小小迪陪伴记忆,post,641,粉丝点评/记忆表达明确,泪痣心绪,#迪丽热巴0603生日快乐#dlrb#热巴 睡不着的话就数星星吧# To:热巴一份来自欣欣的入坑记~17年的十里桃花就被我们可爱的风九吸引到了。后来又出了枕上书我怀着好奇点进去直接被你演技给折服了。再加上当时有跑男这部国民级大热综艺，被人品给触动到。后来在星光大赏看到你玫瑰庄园的造型，仿佛见到了真公主，最后因为演技、人品、颜值被圈粉了。大明星请继续走花路吧~🌸@Dear-迪丽热巴 一泪痣心绪,https://m.weibo.cn/detail/5172246260745239
生日生贺与小小迪陪伴记忆,post,634,粉丝点评/记忆表达明确,Dear迪丽热巴广东分会,#迪丽热巴0603生日快乐# 【2026迪丽热巴广东分会生日线下】 春日埋下的心愿，于夏风里抽枝 一路行来，掌心仍藏着未散的花香 时令更迭，佳期渐近 那个藏在心底的名字 正被夏天悄悄听见 粤粤诚挚邀请您共赴这场以愿为名的约会 一起为迪迪许下岁岁年年的心愿💫 山海为途，同心为归 我们把所有温柔叠 ...全文,https://m.weibo.cn/detail/5293121967493649
枭起青壤/聂九罗表演突破,post,620,粉丝点评/记忆表达明确,老特拉福德的糖猫儿,#入坑迪丽热巴太容易了#已经入坑热爱迪丽热巴3744天啦！！人生能有多少个3744天啊，感觉从我知道喜欢是什么感觉的时候，就已经开始关注并且喜爱这个努力善良演技又好的小女孩了！一路看着她从青涩可爱到现在的魅力四射，真的超满足！马上迪丽热巴的新剧《枭起青壤》又要播出了，这个暑假《利剑玫瑰》带给了我那么多感动，让我经常哭得不能自已，对人贩子深恶痛绝！！期待《枭起青壤》可以带给我不一样的视听享受，跟着疯刀聂九罗一起砍地枭！！#枭起青壤##迪丽,https://m.weibo.cn/detail/5229594613649371
白凤九与三生三世情怀,post,617,粉丝点评/记忆表达明确,我只吃了三分报_,《三生三世枕上书》2020年腾讯年冠并登顶财报，疫情期间就急着开庆功宴，同时，迪丽热巴也获得2020釜山电影节亚洲内容奖最佳新星并提名2020釜山电影节亚洲内容奖最佳女主角播放量更是达到80多亿，登2020年腾讯榜首，我们小金书还是太权威了 ​,https://m.weibo.cn/detail/5262752100649880
白日提灯贺思慕/女鬼鬼王记忆,post,616,粉丝点评/记忆表达明确,一只仙品,1⃣迪丽热巴主演的《慕胥辞》 待播剧期待榜登顶，期待值100 2⃣《慕胥辞》预约人次突破14.9万，单扛 巴姐的一番女主扛剧能力嘎嘎牛比！爱丽丝姐姐牛比！ 请大家继续支持迪丽热巴慕胥辞贺思慕！ 预约指路白日提灯,https://m.weibo.cn/detail/5077925504225128
李长歌与《长歌行》角色记忆,post,612,粉丝点评/记忆表达明确,迪仔麻薯,哈哈哈哈哈哈哈迪丽热巴行为勿上升李长歌，长歌行还得继续看起来#迪丽热巴李长歌#,https://m.weibo.cn/detail/4620945262910161
白日提灯贺思慕/女鬼鬼王记忆,post,611,粉丝点评/记忆表达明确,千枝笙,🏮【白日提灯×贺思慕】 再见啦，贺思慕👋 你好人间，我们下个角色见 我们在春天相遇，又走向各自的春天 贺思慕，祝你往后余生，再也孤寂与别离 也期待与迪丽热巴在下一个角色相见！,https://m.weibo.cn/detail/5290926298894976
李长歌与《长歌行》角色记忆,post,605,粉丝点评/记忆表达明确,星的初衷呐,#迪丽热巴和吴磊挥手拜拜#他俩都超级可爱对吧 我也觉得呢 所以来看看我们长歌行吧 家国大义的主旋律下 还有李长歌和阿诗勒隼的双向奔赴,https://m.weibo.cn/detail/4990189874710129
迪拜报平安/守护型记忆,post,592,粉丝点评/记忆表达明确,伪神爱,太好了，热巴给大家报平安了，相信粉丝昨晚都担心得睡不着吧遇到这种公司和团队倒油谁看到不寒心啊。而且姐姐的ip显示在马来西亚，看来下午说已经落地是真的了。不过这次的事情实在太过分等热巴合约到期就赶快和公司解约吧。 #迪丽热巴报平安#,https://m.weibo.cn/detail/5272845149013425
生日生贺与小小迪陪伴记忆,post,590,粉丝点评/记忆表达明确,关我毛柿,热巴唱歌这么好听啊… 啥时候能再办个生日会啊 关我毛柿的微博视频,https://m.weibo.cn/detail/5293706006495754
爱丽丝与热巴的双向奔赴,post,589,粉丝点评/记忆表达明确,李火火fire_,#迪丽热巴线下应援排面##迪丽热巴邓为线下活动人气#迪丽热巴线下应援排面🈶，粉丝们穿着粉粉的少女色给热巴应援，到不了现场的粉丝们还会出钱出力互帮互助好有爱的群体 李火火fire_的微博视频,https://m.weibo.cn/detail/5292643731113266
白日提灯贺思慕/女鬼鬼王记忆,post,589,粉丝点评/记忆表达明确,Bandily,#迪丽热巴跑男只录了12天# 跑男录了十二天但是我们白日提灯热播期还有不止十二天，这个时候入坑刚刚好，全集爽看贺思慕 ​,https://m.weibo.cn/detail/5291986107763544
爱丽丝与热巴的双向奔赴,post,587,粉丝点评/记忆表达明确,春潇缚情,她会两眼眯眯，笑着奔向粉丝。 她会伸手亲自把粉丝的信接过来。 她会挥手告别，还温柔的说，早点回家。 她还会因为裙子不方便而给粉丝跳舞 热爱就是双向奔赴，迪丽热巴你这样我会爱你一辈子。 #迪丽热巴飞奔向粉丝这一下# #迪丽热巴跑着去收粉丝的信#,https://m.weibo.cn/detail/5139071657051509
生日生贺与小小迪陪伴记忆,post,587,粉丝点评/记忆表达明确,北纬五十四度追极光,【迪丽热巴32岁生贺｜宁波火车站L炫屏】给我宝剪的第五个生贺视频了@Dear-迪丽热巴 感谢金主@巴方来财_Dilraba0603 感谢底图@真真巴适 #迪丽热巴0603生日快乐# L北纬五十四度追极光的微博视频 ​,https://m.weibo.cn/detail/5040930235351163
嘻嘻迪/表情包/可爱梗,post,586,粉丝点评/记忆表达明确,爱豆热梗图鉴,宇宙热恋 zql就没有不露的，这俩除了ip不一样，哪儿都有巧合。 巧合1：双平台各发一条视频/博文。 巧合2：同一表情包👋。 巧合3：🐱发“打了个招呼”，🦊发“打个招呼” 巧合4：同一时段交叉平台发。 下午2-3点，🐱发微博+🦊发抖。 下午6-7点，🐱发抖+🦊发微博。 巧合4：同一 ...全文,https://m.weibo.cn/detail/5293844170016026
李长歌与《长歌行》角色记忆,post,585,粉丝点评/记忆表达明确,阳光明媚迪,13年的微博，我从来没有看过的照片@Dear-迪丽热巴 #迪丽热巴安乐传红衣撑伞氛围感# #迪丽热巴李长歌#,https://m.weibo.cn/detail/4687257200234465
花少/你好星期六等综艺片刻,post,583,粉丝点评/记忆表达明确,小岛兴田,#开推老粉意难平#至少不会出现像热巴这样的名场面了。 ​,https://m.weibo.cn/detail/5280022417900123
生日生贺与小小迪陪伴记忆,post,581,粉丝点评/记忆表达明确,dal_姀堤,迪丽热巴34岁生贺｜女儿心如水🐋从阿娜尔罕到贺思慕，你用角色书写成长；从青涩少女到34岁芳华，你用热爱照亮前路。愿你永远是自己的小太阳，温暖自在，光芒万丈。🦈34岁，是更成熟、更自洽的年纪。你像夏花般热烈，也如旷野般自由。愿你在热爱的世界里，继续奔赴，永远耀眼，永远快乐。💿贺思慕已谢幕，新的故事正在开启。34岁，继续做不被定义的自己。@Dear-迪丽热巴 感谢歌词排版：春日語and限时花卉#迪丽热巴0603生日快乐# Ldal_姀堤的微,https://m.weibo.cn/detail/5294424381984435
白凤九与三生三世情怀,post,572,粉丝点评/记忆表达明确,稀饭油条不熬夜了,是的只录了12天，可是让人感觉她录了很久，实则是个人很有魅力，且看见了真实的她。 去之前的那两年凭借白凤九、李慧珍、关小迪斩获2000w粉丝，然后被邀请去了要跑，去跑男前她直播间就有1.3亿观看人数了。 不过那都是很久以前的事了，现在在看她的电视剧《白日提灯》，这部剧她演的真的好好， ...全文,https://m.weibo.cn/detail/5292005678385861
乔晶晶与《你是我的荣耀》入坑记忆,comment,571,粉丝点评/记忆表达明确,佛系小怪兽,感谢相遇～@乔晶晶 我们不说再见,https://m.weibo.cn/detail/4673454328515349
爱丽丝与热巴的双向奔赴,post,568,粉丝点评/记忆表达明确,唯一纯白的茉莉花儿,谁会不喜欢这样一位有演技又漂亮还能给自己提供情绪价值的偶像呢说实话，我要是见着热巴本人我也很难控制住不尖叫她跟粉丝真是双向奔赴啊粉丝有秩序的等着她，她给粉丝买水，代入了一下自己，第一次见到热巴也是会爆哭的程度，天呐#迪丽热巴给粉丝买水#,https://m.weibo.cn/detail/4926335753655849
嘻嘻迪/表情包/可爱梗,post,564,粉丝点评/记忆表达明确,巴姐的樱桃小丸子,迪丽热巴 dlrb#迪丽热巴陈飞宇鬼新娘转场# 笑死我了😂哈哈哈 @Dear-迪丽热巴 巴姐的樱桃小丸子的微博视频,https://m.weibo.cn/detail/5284381977740803
迪拜报平安/守护型记忆,post,560,粉丝点评/记忆表达明确,小岛兴田,#迪丽热巴报平安# 热巴报平安了！ip在马来西亚！ 你们知道嘛，有个爱丽丝，昨天给我哭了一天，我一直安抚她！其实我也很担心热巴，但我不是粉丝，得克制！,https://m.weibo.cn/detail/5272843281504218
生日生贺与小小迪陪伴记忆,post,551,粉丝点评/记忆表达明确,Dear迪丽热巴湖南分会,迪丽热巴#迪丽热巴0603生日快乐# 【2026年迪丽热巴湖南分会生日应援·Part2】 前调是朝暮的清风 尾调是岁岁的暖阳 四季相伴 初心未改 陪你扎根热爱 肆意生长 长成挺拔的木 开遍醉人的花 成为万千玫红奔赴的树@Dear-迪丽热巴 时间：2026年5月17日 10：00~13：00 地点：湖南省长沙市天心区土 ...全文,https://m.weibo.cn/detail/5292774708217182
演员成长与角色群像评价,post,551,粉丝点评/记忆表达明确,迪迪卫小管家,家人们，新的rs已经出现请带#迪丽热巴e起来了# ，#迪丽热巴高颅顶发箍# 和子涵专属#迪丽热巴 恶女戏# 还有图四五去迪丽热巴超话发贴贴安利迪丽热巴的作品，角色，演技，性格，所有你喜欢的一切都可以安利，一起行动起来吧 ​,https://m.weibo.cn/detail/4973457511025947
嘻嘻迪/表情包/可爱梗,post,546,粉丝点评/记忆表达明确,忘掉北极星,#迪丽热巴新疆舞获外交部矩阵外网推荐#今天刚补了这一期的花少，突然发现，跳舞中的热巴真的是闪闪发光。。。眼神一下子就变亮了，也许这就是成语中的神采奕奕吧。。。希望她能一直开心。希望她是真的开心。加油热巴！！！对了，那个划船时候唱的山歌调子挺好听的，就是下次别唱了。。。哈哈哈哈，奇奇怪怪，可可爱爱，强烈安利给所有人,https://m.weibo.cn/detail/4974561467302213
爱丽丝与热巴的双向奔赴,post,543,粉丝点评/记忆表达明确,三年饿班畅小狗,#宋昕冉翻跳迪丽热巴新歌# 不光是回应给偶像第十幕的爱意，也是自己成为偶像的第十年给自己的礼物 这样爱意的回馈怎么不算是双向奔赴呢，宋昕冉不仅是一个合格的爱丽丝，也是我们追星er的楷模了,https://m.weibo.cn/detail/5043350224505632
白日提灯贺思慕/女鬼鬼王记忆,post,538,粉丝点评/记忆表达明确,我萌宅,段胥只剩两年的时间了 原来贺思慕段胥已经认识七年了 贺思慕觉得七年太短了 段胥睡着了 贺思慕以为他离开了 贺思慕 迪丽热巴 段胥 陈飞宇 #白日提灯# ·#迪丽热巴说粉丝给了自己走下去的力量# 我萌宅的微博视频,https://m.weibo.cn/detail/5287992010213290
白日提灯贺思慕/女鬼鬼王记忆,post,535,粉丝点评/记忆表达明确,哇哦可真好看,#白日提灯迪丽热巴亲哭陈飞宇# #迪丽热巴贺思慕顶级压制# #迪丽热巴这段好强的压迫感# 迪丽热巴的哭戏好有感染力啊啊啊啊啊啊啊啊啊啊啊啊这个幻境我哭得比贺思慕还惨 当初第一次刷到路透的时候就被狠狠惊艳到了，离很远且很模糊且有工作人员的路透视频里，依然会被她一秒 ...全文,https://m.weibo.cn/detail/5284444753889309
演员成长与角色群像评价,post,534,粉丝点评/记忆表达明确,聆溪涧,【演员迪丽热巴34岁生贺#你是我的风景[音乐]#】 ——她与角色共舞 当演员与角色互为注脚👣 便成了风景 与光同行💫 这束光照亮了我们 造就了我与你⭐ 新岁启程 来路皆坦途 𝐃𝐞𝐚𝐫-热爱表演的小透明 我们永远做你的观众🌱 长路未竞 花未了 鲜花掌声 终相伴💐 @Dear-迪丽热巴 ...全文,https://m.weibo.cn/detail/5289105518756463
爱丽丝与热巴的双向奔赴,post,531,粉丝点评/记忆表达明确,layster1007,#迪丽热巴照片有热带鱼表情#现在连个emoji都不能随便用了吗？这张照片在湖边拍的里面加个鱼不是很正常吗？美女纯纯躺枪，和粉丝的双向奔赴被别有用心之人利用,https://m.weibo.cn/detail/4913572473738721
白凤九与三生三世情怀,post,529,粉丝点评/记忆表达明确,铁妮不铁,#一眼就惊艳的红衣路透# 剧中让你一眼惊艳的红衣女子， 你pick哪位小姐姐《传闻中的陈芊芊》赵露思&陈芊芊《烈火如歌》迪丽热巴&烈如歌《东宫》彭小苒&小枫《三生三世十里桃花》迪丽热巴&凤九《楚乔传》李沁&元淳《知否知否应是绿肥红瘦》赵丽颖&明兰《步步惊心》刘诗诗&若曦《招摇》白鹿&路招摇《扶摇》杨幂&扶摇,https://m.weibo.cn/detail/4687178829138229
跑男时期综艺名场面,post,523,粉丝点评/记忆表达明确,我与小昂-,#迪丽热巴跑男只录了12天#2017年都已经是九年前了，竟然才录了12天嘛，看跑男爱上此女是人之常情吧，那个时候还叫胖迪，玩游戏不矫情不做作，本身就是美好的存在。 ​,https://m.weibo.cn/detail/5291992403936097
演员成长与角色群像评价,post,519,粉丝点评/记忆表达明确,念迪与提,#迪丽热巴美美出片# dlrb#迪丽热巴卫蓝# dlrb#迪丽热巴虽然不能同时拥有一切# “保持一颗对所有事情都新鲜的心，永远对这个世界抱有善意，保持初心，永远用清澈的眼神看待这个世界。不害怕被遗忘，努力留下好的作品。” #迪丽热巴和素人合影# —— ...全文,https://m.weibo.cn/detail/5293749287522271
爱丽丝与热巴的双向奔赴,post,518,粉丝点评/记忆表达明确,收视率贡献专家,#迪丽热巴又翘脚打招呼了#迪丽热巴今日份在机场又和粉丝们挥手打招呼了，而且还是熟悉的挥手翘脚，这个女人怎么可以这么可爱，一下子就抓住了我们的心，粉丝和偶像之间的双向奔赴 专属打招呼动作 非粉也会心动的程度！ 收视率贡献专家的微博视频,https://m.weibo.cn/detail/4876406721610253
机场饭拍与日常陪伴片刻,comment,514,粉丝点评/记忆表达明确,简单点叫時就好,来说说路人当初金鹰的心理路程，当时我还在上学读书呢，迪丽热巴漂亮的李慧珍，我就记得全班同学都在看，实打实的大爆剧来的，怎么时间久了就开始开除观众记忆了，（就我现在上班了，一问同事也是都看过热巴的漂亮的李慧珍）而且欢乐颂邱莹莹还是空降，就她欢乐颂的演技，没拿奖很正常吧,https://m.weibo.cn/detail/4996178108219861
枭起青壤/聂九罗表演突破,post,512,粉丝点评/记忆表达明确,老特拉福德的糖猫儿,#迪丽热巴 不哭的孩子没糖吃#迪丽热巴从来不会出来卖惨，心疼她的永远是真爱她的爱丽丝们。 所以没必要替她出来卖惨，还弄各种各样的词条！只需要支持她的作品就可以了！ 期待迪丽热巴这个月得待播剧《枭起青壤》！ 这个月只想看疯刀聂九罗大杀四方！！ ...全文,https://m.weibo.cn/detail/5232546926299702
嘻嘻迪/表情包/可爱梗,post,510,粉丝点评/记忆表达明确,乔安SoSo紫,#5秒姐#哈哈哈、懂得都懂哈、哈哈哈哈哈哈哈哈笑死我了、2023年的5秒姐和小金鱼 ​,https://m.weibo.cn/detail/4975627663573591
生日生贺与小小迪陪伴记忆,post,507,粉丝点评/记忆表达明确,Dear迪丽热巴北京分会,迪丽热巴#迪丽热巴0603生日快乐# 2025迪丽热巴北京分会生贺Part4 --生贺视频 点击和我一起参加北京分会生日线下吧 神女殿下 年年岁岁总相逢 镌刻此刻 爱丽丝们在北京 祝迪丽热巴@Dear-迪丽热巴 生辰喜乐，所行皆坦途，所遇皆美好！ 特别感谢@冬日士多啤梨 Dear迪丽热巴北京分会的微博视频,https://m.weibo.cn/detail/5171359325097343
演员成长与角色群像评价,post,505,粉丝点评/记忆表达明确,AHTU侦缉行动记录,【A记·收官】 是花 是树 是利剑 ［没有人可以拔掉我们身上的刺］ 省厅邓妍——演员迪丽热巴 从「我以前没有演过警察」到「愿天下无拐」，是角色与演员的双向奔赴，是一场无言的并肩而行 演员迪丽热巴，这次仍然要在最后对你重复这句祝福：坚定，无畏，陪你走下去 因为我们拉过勾的，永远不会变 ...全文,https://m.weibo.cn/detail/5210044605923463
白日提灯贺思慕/女鬼鬼王记忆,post,503,粉丝点评/记忆表达明确,Bandily,#迪丽热巴工作室回应审美争议# ？ 这不就是一句内娱几乎换汤不换药的发图文案吗，融合土味情话网络热梗那种，到底是谁要搞我女和这个飞舞工作室啊，还能这么解读，大开眼界 这么爱解读可以去白日提灯看看贺思慕怎么给右丞一步一步下套的，里面的台词可有的解读了，特别细腻 ​,https://m.weibo.cn/detail/5287651465757181
爱丽丝与热巴的双向奔赴,post,500,粉丝点评/记忆表达明确,予露墨染,#迪丽热巴补偿去巴黎的粉丝#迪丽热巴原定出席巴黎时装周，因突发情况无法按时到场，不少粉丝专程飞赴巴黎扑了空。她得知后十分心疼，特意为这些到场的粉丝准备了亲笔签名照和定制礼盒作为补偿，被网友称赞是双向奔赴、体面又暖心。做她的粉丝好幸福吧 予露墨染的微博视频,https://m.weibo.cn/detail/5286949285008410
跑男时期综艺名场面,post,498,粉丝点评/记忆表达明确,开眼看试卷,#迪丽热巴跑男只录了12天#你是说只录了12天就有那么多霸屏出圈名场面是吗🙀那确实是顶流花的实力了，跑男迪已经是爆的不能再爆的程度了🐮 ​,https://m.weibo.cn/detail/5292059830781122
李长歌与《长歌行》角色记忆,post,494,粉丝点评/记忆表达明确,开着布加迪迪追星,大家早上好ﾉ☀元气满满的新学期，学生阿丝儿要认认真真搞学习，与迪迪一起努力，争做有志青年新学期有什么新目标呢#迪丽热巴长歌行# @Dear-迪丽热巴 #迪丽热巴李长歌# LSOCOSMO的酷燃视频 ​,https://m.weibo.cn/detail/4544244193167428
爱丽丝与热巴的双向奔赴,post,493,粉丝点评/记忆表达明确,一只仙品,#迪丽热巴生日无人机应援# 双向奔赴的爱具象化了 这一刻的浪漫是属于热巴和巴粉的，好感动 热巴真的好好，为了看无人机应援特意晚上返回组里。非常珍惜粉丝的心意。巴粉怎能不长情,https://m.weibo.cn/detail/5173210219812918
生日生贺与小小迪陪伴记忆,post,492,粉丝点评/记忆表达明确,唐长老的田地,#宋昕冉追星迪丽热巴成功# 追星界的楷模！！！连续七年为迪丽热巴送生日祝福 热巴还卡点520回复，是谁羡慕了我不说…,https://m.weibo.cn/detail/4908610961018800
红毯神图与高定封神造型,post,490,粉丝点评/记忆表达明确,叫我姨太好了,迪丽热巴的脸是什么时候开始垮的？记忆里是超级大美女，每次红毯让人眼前一亮又一亮，今年不知道咋了，一次比一次灾难 ​,https://m.weibo.cn/detail/5294546233592996
生日生贺与小小迪陪伴记忆,post,490,粉丝点评/记忆表达明确,Dear-迪丽热巴专属投投,迪丽热巴超话 【2026迪丽热巴生日大屏part1★杭州】你是云层里淬出的光偶然滴落成人间太阳当闪亮光束吻过眉宇千万个我拾取这滚烫杭州的友友们看过来，大屏来咯，关注具体信息打卡不跑空~◇大屏信息商场名字：滨江开元广场商场地址：杭州市滨江区浦沿街道滨文路868号大屏位置：滨江开元广场1F中庭（1号门进入即可看到哦）亮屏时间：6.1-6.3轮播频率：15秒/次愿你途经的每处巷陌都长出玫瑰与鼓掌的树而我是你光影里的一粒尘借星光抵达银河岸——,https://m.weibo.cn/detail/5294450761010175
爱丽丝与热巴的双向奔赴,post,487,粉丝点评/记忆表达明确,唐三景,刷到后援会还请了特意去巴黎看热巴的粉丝聚了餐，是双向奔赴的爱啊 #曝迪丽热巴或已落地马来西亚# 唐三景的微博视频,https://m.weibo.cn/detail/5272784355725441
白日提灯贺思慕/女鬼鬼王记忆,post,482,粉丝点评/记忆表达明确,星姐微博,#迪丽热巴给粉丝点了奶茶面包鸡汤# 奶茶、面包、鸡汤还有礼盒，吃的喝的用的都有迪迪和爱丽丝一直都是双向的 期待《白日提灯》贺思慕，祝热巴你好星期六录制顺利 #迪丽热巴hi6上班美成啥样了#星姐,https://m.weibo.cn/detail/5264410413107989
李长歌与《长歌行》角色记忆,post,475,粉丝点评/记忆表达明确,阿葱是个数学家,【长歌视频采访汇总】与小巴相伴的2021，最让我难忘的就是遇见长歌，而长歌对于我的意义从不止于角色。“演员和角色互相成就是常事，可两者之间的精神层面能共同达成与世界的和解，到这个程度，实在是难得一遇。对她和她，都是庆幸和感激”“人生须达命，有酒且长歌”在各自的世界里，各自不同的命运里，都能在月下对酒当歌，肆意潇洒。@Dear-迪丽热巴 #迪丽热巴李长歌# L阿葱在看长歌行的微博视频,https://m.weibo.cn/detail/4720596820697212
白日提灯贺思慕/女鬼鬼王记忆,post,474,粉丝点评/记忆表达明确,我萌宅,一条笑点很低的视频～白日提灯新花絮来啦 热巴飞宇咋每条戏外都这么呆萌可爱～ 贺思慕 迪丽热巴 段胥 陈飞宇 #白日提灯#·#迪丽热巴陈飞宇收视热度双丰收# 我萌宅的微博视频,https://m.weibo.cn/detail/5289356271027521
白日提灯贺思慕/女鬼鬼王记忆,post,473,粉丝点评/记忆表达明确,有何贵干zzZ,【贺思慕✘邱庆之】 如果当初遇到的凡人将军是他～ 灵主喜欢好看的头骨，他能替头骨拔牙 BGM：悬溺 #白日提灯##迪丽热巴贺思慕##魏哲鸣 宴柯# 有何贵干zzZ的微博视频,https://m.weibo.cn/detail/5286986141140754
爱丽丝与热巴的双向奔赴,post,471,粉丝点评/记忆表达明确,顶级神颜,这个女子好宠粉… #迪丽热巴看粉丝无人机应援#,https://m.weibo.cn/detail/5173234933694504
嘻嘻迪/表情包/可爱梗,post,471,粉丝点评/记忆表达明确,迪崽小可耐,不中惹姐咋那么多可爱的表情包哈哈哈#迪丽热巴白日提灯# #白日提灯全员把超话聊成朋友圈# ​,https://m.weibo.cn/detail/5284032350784681
白日提灯贺思慕/女鬼鬼王记忆,post,467,粉丝点评/记忆表达明确,Dear_鸢-,迪丽热巴超话#迪丽热巴白日提灯# dlrb #迪丽热巴贺思慕# dlrb #白日提灯# 心怀大义守护人间与灵界，贺思慕格局拉满，迪丽热巴快诠释这气魄！ 各种增加预约方法微博正文 迪丽热巴 |白日提灯 |虽然不能同时拥有一切| 贺思慕 | 卫蓝 @Dear-迪丽热巴 L网剧慕胥辞的微博视频,https://m.weibo.cn/detail/5294828774492341
嘻嘻迪/表情包/可爱梗,post,458,粉丝点评/记忆表达明确,名热爱,#迪丽热巴# 梦回，好可爱的热巴,https://m.weibo.cn/detail/5287913109851190
演员成长与角色群像评价,post,457,粉丝点评/记忆表达明确,宜修娘娘驾到,迪丽热巴为贺思慕写了长长的收官作文，看的出来她很爱思慕，也为这个角色做了很多功课。其实万灵之主这个人物设定挺难演的，对演员的理解能力和演技都是一种考验，幸好遇到了热巴，灵主大人才真正长出了血肉，让观众与之共情。 #迪丽热巴陈飞宇校园小剧场#,https://m.weibo.cn/detail/5291001302487736
白日提灯贺思慕/女鬼鬼王记忆,comment,455,粉丝点评/记忆表达明确,Dilraba冷脸萌,我先转再看！#白日提灯迪丽热巴万灵之主特辑#,https://m.weibo.cn/detail/5279940612196936
跑男时期综艺名场面,post,454,粉丝点评/记忆表达明确,辛能能RR,刷到考古了，既然如此就回顾一下下，没人不爱跑男迪L太腻__的秒拍视频 ​ ​​​,https://m.weibo.cn/detail/5290555999519184
爱丽丝与热巴的双向奔赴,post,452,粉丝点评/记忆表达明确,唯昼安,#迪丽热巴上车后又下车收信# 迪丽热巴跟粉丝的双向奔赴，被捧在手心的爱丽丝好幸福🥰吧，哈特软软🥰🥰,https://m.weibo.cn/detail/5264184130410449
爱丽丝与热巴的双向奔赴,post,448,粉丝点评/记忆表达明确,耶搜king,#迪丽热巴画爱丽丝#迪丽热巴巴爱丽丝放在了最重要的位置，是双向奔赴的情谊啊，漂亮姐姐我们一起走花路吧～ 追星少女卓小宴的微博视频,https://m.weibo.cn/detail/4749416042596061
红毯神图与高定封神造型,post,441,粉丝点评/记忆表达明确,Daley-V,众星演绎 #DiorCigale# 手袋！Dior 2026春夏系列中的新品手袋，灵感可以追溯到1952年秋冬高级订制系列中的La Cigale礼服，小牛皮立裁工艺缀以蝴蝶结元素，完美保留了裙子的传世经典廓形，迪丽热巴/刘雨昕/周也/王楚然等纷纷上身多款配色，隽永的优雅生出灵动新姿,https://m.weibo.cn/detail/5292729879495889
李长歌与《长歌行》角色记忆,post,441,粉丝点评/记忆表达明确,中意迪小姐_,迪丽热巴#迪丽热巴贺思慕##迪丽热巴李长歌# 我天呐 白日提灯你是知道怎么🔪人的 真期待明天的 中意迪小姐_的微博视频,https://m.weibo.cn/detail/5285162200072681
纪云禾与鲛人系角色记忆,comment,441,粉丝点评/记忆表达明确,阿九没睡醒呢,五一假期不如在家追与君初相识之恰似故人归，纪云禾我爱了,https://m.weibo.cn/detail/4763931597603103
生日生贺与小小迪陪伴记忆,comment,437,粉丝点评/记忆表达明确,跟小报去迪士尼8,专门为粉丝准备的惊喜 好浪漫啊迪丽热巴#迪丽热巴0603生日快乐#,https://m.weibo.cn/detail/5040131740271386
演员成长与角色群像评价,post,435,粉丝点评/记忆表达明确,ii-LY,五一央8 又要播我们利剑玫瑰啦 五一假期来看利剑玫瑰 和白日提灯啦～ 迪丽热巴和她饰演的邓妍真正做到了以自身的公众影响力为聚光灯，将生活中那些亟待解决的现实问题投射到大众视野；真正的正向引导，是通过艺术工作者的发声与行动，唤醒社会的共情与关注；而文艺工作者的初心使命，正是用作品与言行 ...全文,https://m.weibo.cn/detail/5293453976011421
白日提灯贺思慕/女鬼鬼王记忆,post,432,粉丝点评/记忆表达明确,迪崽小可耐,#王亚飞遭迪丽热巴粉丝抵制#欢迎大家一起来看白日提灯 万灵之主贺思慕,https://m.weibo.cn/detail/5292742374851001
白日提灯贺思慕/女鬼鬼王记忆,post,432,粉丝点评/记忆表达明确,历代星辰监护人yellow,迪丽热巴超话 【为热巴生日做准备！一起搬新家！】不论大小浩，每个浩都要搬到【热巴生日快乐屋】，原有的【爱丽丝日常】会在这几天逐步解散。我的帖常常受到限制，大家在超话都刷不到我，加了【新家】就能第一时间看到我的帖，还有所有重点要做的事不论是生日、剧、日常数局、紧急的空平和反嘿都会提醒。💖每个浩只加一个群，不用重复加喜欢热闹加热巴生日快乐屋（2）热巴生日快乐屋（3）喜欢安静加热巴生日快乐屋（禁言1）#迪丽热巴白日提灯# dlrb #迪丽热,https://m.weibo.cn/detail/5293906038360659
白日提灯贺思慕/女鬼鬼王记忆,post,432,粉丝点评/记忆表达明确,西瓜不包,迪丽热巴超话 【为热巴生日做准备！一起搬新家！】不论大小浩，每个浩都要搬到【热巴生日快乐屋】，原有的【爱丽丝日常】会在这几天逐步解散。我的帖常常受到限制，大家在超话都刷不到我，加了【新家】就能第一时间看到我的帖，还有所有重点要做的事不论是生日、剧、日常数局、紧急的空平和反嘿都会提醒。💖每个浩只加一个群，不用重复加喜欢热闹加热巴生日快乐屋（2）热巴生日快乐屋（3）喜欢安静加热巴生日快乐屋（禁言1）#迪丽热巴白日提灯# dlrb #迪丽热,https://m.weibo.cn/detail/5294638744998838
白日提灯贺思慕/女鬼鬼王记忆,post,429,粉丝点评/记忆表达明确,Dear迪丽热巴后援会,迪丽热巴超话#迪丽热巴贺思慕# 【视频】谁能拒绝这样突然闯进你镜头的漂亮姐姐@Dear-迪丽热巴 🥰gzs🎶更新#迪丽热巴白日提灯# ​,https://m.weibo.cn/detail/5294551805724318
白日提灯贺思慕/女鬼鬼王记忆,post,426,粉丝点评/记忆表达明确,迪迪卫研究所,迪丽热巴 爱丽丝们！白日提灯播出在即，我们随时为贺思慕做好准备！坚持攒金币的宝宝们也可以多多晒图，让所所看看你们都攒了多少啦 ⚠️每天坚持去腾讯视频，攒金币！不会看图 ⚠️攒金币坚持打卡还能抽周边👉为贺思慕攒金币 #迪丽热巴贺思慕# dlrb ...全文,https://m.weibo.cn/detail/5269162771354442
纪云禾与鲛人系角色记忆,post,425,粉丝点评/记忆表达明确,为迪迪坨匡匡撞大墙,#与君初相识# 今日剧情讨论:一开始我也有点纳闷，编剧+倾瑶这个角色的目的是啥，争议这么大，几位编剧不会不知道，后来我想到了制片人的采访，大致就是想在剧中展现不同的女性在面对爱情的时候的选择:纪云禾——坚韧的守护者雪三月——无情的独行侠洛锦桑——一心赚钱的葛朗台青姬——性格洒脱地位超然顺德——疯批独占欲强思语——无怨无悔的付出倾瑶——单方面爱慕他人倾舒——无条件服从生死相随这些女性面对爱情的时候，都是既深情又洒脱，没有死缠烂打，也没有因,https://m.weibo.cn/detail/4753181025768695
红毯神图与高定封神造型,post,422,粉丝点评/记忆表达明确,这颗心是神的馈赠,迪丽热巴 美神你就随便吧 张张都是神图级别的🤭 #王亚飞 迪丽热巴#,https://m.weibo.cn/detail/5292685343852177
跑男时期综艺名场面,post,420,粉丝点评/记忆表达明确,不再枯萎我的無畫夏,BGM一响，白月光初恋登场。#迪丽热巴跑男只录了12天# 原来此女只用了12天就把我迷的神魂颠倒了10年 🥹 L不再枯萎我的無畫夏等人的共创视频 ​,https://m.weibo.cn/detail/5291991086399831
李长歌与《长歌行》角色记忆,post,417,粉丝点评/记忆表达明确,妖纱o诺儿,#长歌行#细节49：很多人没注意到，长歌行有一组隐藏的顶级镜头。 来看长歌和阿隼，宿命般“对称的爱”！这是我见过最绝的双向奔赴！ #迪丽热巴# #吴磊# 妖纱o诺儿的微博视频,https://m.weibo.cn/detail/5177169527704061
爱丽丝与热巴的双向奔赴,post,417,粉丝点评/记忆表达明确,王牌队长,迪丽热巴 dlrb #迪丽热巴# 热巴和爱丽丝永远双向奔赴 王牌队长的微博视频,https://m.weibo.cn/detail/4950190504283790
嘻嘻迪/表情包/可爱梗,post,413,粉丝点评/记忆表达明确,47追的是光啊,表情包还是得本人复刻@Dear-迪丽热巴 ​,https://m.weibo.cn/detail/5281394110236184
生日生贺与小小迪陪伴记忆,post,405,粉丝点评/记忆表达明确,共赴倾提港湾,#迪丽热巴0603生日快乐#dlrb#致爱丽丝# 【📷迪丽热巴32岁生贺视频◎混剪】 part1◆若梦 part2⊙追光者⼀双声道 十载年轮，流转于你的眼眸；十载风霜，坚韧不泯于你的骨骼 数万里途，你曾被摧残，打压，翻转；风云诡谲，剑影刀光，你曾被否定，质疑，挑剔。你却不以己悲，不以物喜，你道出一句“ ...全文,https://m.weibo.cn/detail/5038227404620209
演员成长与角色群像评价,post,404,粉丝点评/记忆表达明确,貔貅视点,#迪丽热巴哭戏爆发力#家人们谁懂啊！看《利剑玫瑰》真的被迪丽热巴圈死了！😭 #现代剧#｜#偶像剧# 以前总有人说她靠脸，但这部戏里她的演技真的像开了挂——哭戏时眼里的倔强和脆弱交织，打戏干净利落带着狠劲，连微表情都透着角色的韧劲，每一帧都让人挪不开眼✨ 而且你们发现没？她特别会照顾 ...全文,https://m.weibo.cn/detail/5197449366868822
演员成长与角色群像评价,post,403,粉丝点评/记忆表达明确,热迪不热,今天看了金熙曼小姐姐的抖音，我对迪丽热巴·迪力木拉提@Dear-迪丽热巴 ，是15年入坑，现在已经十年啦，最初喜欢上迪丽热巴是因为我喜欢她那双眼睛，不是因为明亮也不是因为有神，我喜欢上了明星气质这个眼神，说起来也挺奇怪的哈哈哈哈。我很喜欢那种五官深邃的，我觉得很好看，个人喜欢这款。利剑玫瑰那双含泪的眼睛，真的让人狠狠共情。她虽然美出国了，但是她的心始终是我最初认识模样，干净透亮。她的脸是最不值得一提的优点#利剑玫瑰# #利剑玫瑰开播20,https://m.weibo.cn/detail/5196818515755662
乔晶晶与《你是我的荣耀》入坑记忆,post,400,粉丝点评/记忆表达明确,萌萌困告了,呜呜呜终于到了！我太爱了～～看看我这个开箱合不合格@引力方程0603-迪丽热巴 #迪丽热巴你是我的荣耀##迪丽热巴乔晶晶# L月半萌爱月半迪的微博视频 ​,https://m.weibo.cn/detail/4545454447011346
爱丽丝与热巴的双向奔赴,post,398,粉丝点评/记忆表达明确,坡上有瓜,天啊，迪丽热巴你好暖心啊！！！ 迪丽热巴不仅记得远赴巴黎的粉丝遗憾，还贴心送上亲笔签名礼物，双向奔赴的爱意永远热烈 #迪丽热巴补偿去巴黎的粉丝#,https://m.weibo.cn/detail/5286953794931743
生日生贺与小小迪陪伴记忆,post,398,粉丝点评/记忆表达明确,不暴躁姐姐,#宋昕冉卡点祝迪丽热巴生日快乐#就知道漂亮妹妹今年也会准时送祝福～宋昕冉真的很长情，喜欢热巴真的好多好多年了，给热巴的祝福热巴也有好好回应，真的是粉丝和偶像之间的双向奔赴～希望两位漂亮妹妹都能一直走花路热巴生日快乐🎂#热点现场#迪丽热巴,https://m.weibo.cn/detail/5173456581689844
花少/你好星期六等综艺片刻,post,396,粉丝点评/记忆表达明确,种花家文兔子,宇宙热恋超话 考古到巴的花少5和24年春晚，居然得了白玉兰奖，这也算是冷知识了 ​,https://m.weibo.cn/detail/5292451884696536
白日提灯贺思慕/女鬼鬼王记忆,post,393,粉丝点评/记忆表达明确,哎一股清流,#陈飞宇给迪丽热巴戴脸链##白日提灯追剧团# 我不行了，这个巴瑟比想象中的还要好嗑！白日提灯追剧团现场陈飞宇给迪丽热巴戴脸链，两张对我眼睛很好的脸可给我看爽了！最新剧情交换触感也超绝带感，初次当人的灵主到处感受触感，对段胥又是摸摸又是听心跳，我们思胥万千真的完全双向奔赴超级好嗑！ ...全文,https://m.weibo.cn/detail/5282903836854692
红毯神图与高定封神造型,post,389,粉丝点评/记忆表达明确,起松声·,迪丽热巴白日提灯这个造型美瞳带的太灵动了，一下梦回去年图二的妆造了。迪丽热巴贺思慕戴了美瞳 ​,https://m.weibo.cn/detail/5281628979200816
嘻嘻迪/表情包/可爱梗,post,387,粉丝点评/记忆表达明确,风吹渐渐雾_Encounter,#迪丽热巴提灯走机场# 迪丽热巴白日提灯具象化了哈哈哈哈，完全是美萌小女孩来的，对着粉丝打招呼好萌，隔着口罩都能看到眼睛笑眯眯的，可爱捏，白日提灯明天中午12点播，都来腾讯视频看呀！,https://m.weibo.cn/detail/5281134147012186
白日提灯贺思慕/女鬼鬼王记忆,post,387,粉丝点评/记忆表达明确,一阵阵疯,伟大！我们贺思慕就这样老自救老己#白日提灯##迪丽热巴贺思慕# L一阵阵疯的微博视频 ​,https://m.weibo.cn/detail/5282953087156701
演员成长与角色群像评价,post,383,粉丝点评/记忆表达明确,在瓜田里犯了错,#迪丽热巴哭戏#这个演技怎么样，让你有代入感吗？ 在瓜田里犯了错的微博视频,https://m.weibo.cn/detail/5196412515781752
白日提灯贺思慕/女鬼鬼王记忆,post,382,粉丝点评/记忆表达明确,绝情酷薯大王,迪丽热巴超话 滴嘟滴嘟，把姐姐发的表情包变成贺思慕版@Dear-迪丽热巴 #白日提灯##迪丽热巴白日提灯##白日提灯二创大赛# ​,https://m.weibo.cn/detail/5285213393650540
乔晶晶与《你是我的荣耀》入坑记忆,comment,380,粉丝点评/记忆表达明确,糖一勺盐一口_,乔晶晶要永远幸福 感谢这个夏天遇见你是我的荣耀,https://m.weibo.cn/detail/4673454328515349
嘻嘻迪/表情包/可爱梗,post,377,粉丝点评/记忆表达明确,Absinthea,哈哈哈哈哈哈宝贝说弹阮梦回新疆这一身好美越看越喜欢老师说热巴还去学了阮，又会了一个乐器啦摇滚热巴上线哈哈哈奏乐这个在战场上确实看着很悠闲～吃点酒喝点肉哈哈哈嘴瓢小巴#迪丽热巴陈飞宇鬼新娘转场##白日提灯值得追吗##迪丽热巴# LAbsinthea的微博视频 ​,https://m.weibo.cn/detail/5284390352716082
机场饭拍与日常陪伴片刻,post,376,粉丝点评/记忆表达明确,圈美伢,迪丽热巴一直都很真诚，她会珍惜粉丝的爱意也会站在粉丝的角度替粉丝考虑，我还记得之前长沙接机来了很多ss机场工作人员都拦不住，热巴在被一堆人怼着拍的时候也会给粉丝打招呼，怕粉丝在后面看不见她也会特意走出来，还有一次是她安慰粉丝别哭自己却湿了眼眶，怎么说呢，热巴特别能共情粉丝，她说过如 ...全文,https://m.weibo.cn/detail/5259729351475265
演员成长与角色群像评价,post,371,粉丝点评/记忆表达明确,追星女孩王猫猫,迪丽热巴是内娱公认的颜值天花板，但她的演艺道路并非一帆风顺。她敏感不自信，曾在金鹰奖颁奖典礼上遭受质疑，被贴上“水后”标签。尽管如此，她始终努力拼搏，尝试不同类型的角色，逐渐摆脱配角形象。在经历私生活谣言和事业低谷后，她逐渐找回自信，展现出真实的一面。如今，她已成为备受瞩目的演员，用实力证明了自己 L追星女孩王猫猫的微博视频,https://m.weibo.cn/detail/5286165626488981
白日提灯贺思慕/女鬼鬼王记忆,post,369,粉丝点评/记忆表达明确,星姐微博,【星姐现场】 #迪丽热巴摸陈飞宇的狐狸尾巴##迪丽热巴把万灵灯送给粉丝# 归墟领主就是你了 提灯贺思慕和小狐狸段胥 #白日提灯微博追剧团# 星姐微博的微博视频,https://m.weibo.cn/detail/5282896753721637
迪拜报平安/守护型记忆,post,361,粉丝点评/记忆表达明确,清纯眸,#曝迪丽热巴滞留迪拜原因#不管是什么原因特殊时期被困真的很恐怖，热巴能够平安回来就是最好的结果了。还不如多看我们热巴热播的《白日提灯》。,https://m.weibo.cn/detail/5282533566578989
任安乐/帝梓元角色记忆,post,361,粉丝点评/记忆表达明确,凉拌人骨殿下,迪丽热巴超话dlrb #迪丽热巴公诉精英# 这一次我终于可以不用隔着屏幕看你了 -20220923佛山冠珠新品发布会- @Dear-迪丽热巴 喜欢迪丽热巴的第1574天，在我的21岁她的30岁，终于见到我的大明星啦~我宝贝迪丽热巴很高很瘦很可爱!身材超级棒!真人超级漂亮超级白!而且她有很多小表情!随时都保持着微笑呜呜呜真的好容易陷进去啊🥺巴粉要多夸夸我们小热巴哦~在台下坐了一个多小时等老婆入场，坐的我腰都痛了，她出场的时候我整个人都好,https://m.weibo.cn/detail/4819520152404396
爱丽丝与热巴的双向奔赴,post,360,粉丝点评/记忆表达明确,喜废话,#迪丽热巴2025年热搜上榜1174次#没办法啊迪丽热巴就是这么红，好几次都是粉圈一有点风吹草动就上了rs，这个小女孩也很好啊，对待粉丝就是如此大方和用心，热爱双向奔赴,https://m.weibo.cn/detail/5264489482291538
生日生贺与小小迪陪伴记忆,post,360,粉丝点评/记忆表达明确,豆芽仔2018,迪丽热巴超话东方卫视摄像师有毒吧！！！！！！什么鬼！什么水平！！！！我看迪丽热巴刚要跳跳，就尼玛切远景，各种切！！！！就是不切迪丽热巴！！！！！劳资看东方卫视就为了看迪丽热巴，你就给我看这个啊！！！！！而且热巴在创造营和生日会跳舞都跳的特别好！！为啥一到卫视晚会就感觉有点落差……希望以后可以注意一下子啊！！,https://m.weibo.cn/detail/4455655714835958
爱丽丝与热巴的双向奔赴,post,359,粉丝点评/记忆表达明确,一只仙品,是呀！热巴不仅有实力，更是非常努力上进。认真走好每一步。对待粉丝更是超级无敌好！热巴和爱丽丝姐姐的双向奔赴永远都是轰轰烈烈！迪丽热巴未来会更加精彩耀眼！,https://m.weibo.cn/detail/5163094838611671
演员成长与角色群像评价,post,346,粉丝点评/记忆表达明确,心绪涩愈,到底是谁写的台词，刘诗诗和热巴当年怎么忍住不笑的 L心绪涩愈的微博视频 ​,https://m.weibo.cn/detail/5294170651756948
跑男时期综艺名场面,post,345,粉丝点评/记忆表达明确,夏昼眠眠,迪丽热巴再被叫胖迪很惊讶 昨天迪奥晚宴有博主见到热巴了，并且叫她胖迪，这个称呼只有七年以上的老粉才懂热巴听到以后很惊讶，已经很久没有人这么叫了吧，以前热巴回应过很多次，这是粉丝给她的爱称，听起来就很像粉丝女宝 昨晚晚宴热巴真是真神来的 ​,https://m.weibo.cn/detail/5278907106332003
花少/你好星期六等综艺片刻,post,345,粉丝点评/记忆表达明确,星纱兔姬,创造营2019是他们初次相见的地方，又梦回大岛了，我哭死 ｜你好星期六 L星纱兔姬的微博视频 ​,https://m.weibo.cn/detail/5282187731534271
演员成长与角色群像评价,post,341,粉丝点评/记忆表达明确,圈美伢,内娱90花真扛剧的杨紫肯定是没跑了，爆剧无数，杨紫以前还经历过半夜被换角色，导演直接和她说不用演了，后面几部爆剧才让她的资源好起来，她没背景真的很不容易，她的资源全是她拼出来的，至于迪丽热巴，她的热度很高，但是手上的爆剧屈指可数，不过她的优势在于她异域样貌对她的时尚资源加持很大，论 ...全文,https://m.weibo.cn/detail/5223610725958661
红毯神图与高定封神造型,post,339,粉丝点评/记忆表达明确,哈梅尔斯,我能想到的关于刘海的美神降临时刻：一个是腕表活动那次 现场是两撮龙须刘海 后来梳上去后马上美神就开始营业了 另一个是海边红毯那次 出发图是一撮斜刘海 梳上去之后成就了连风都偏爱的美神降临时刻所以再喜欢刘海也别活动时弄了好吗 历代以来真的没有任何一个时代美人是有刘海的 刘海属于小 ...全文,https://m.weibo.cn/detail/5292741445552042
白日提灯贺思慕/女鬼鬼王记忆,post,338,粉丝点评/记忆表达明确,乖巧宝宝QUBY,迪丽热巴 【关➕转赞评🎁1️⃣0️⃣张🐧月卡 和2️⃣0️⃣个乖巧宝宝露骨骷髅宝宝挂件👻】 ------------- 全体起立！宝宝鬼驾到！一起来支持贺思慕姐姐@Dear-迪丽热巴 ！鬼王好霸气啊！！！ 感谢本尊翻牌，从此宝宝鬼有了专属小跟班！ 欢迎大家一起用露骨骷髅 ...全文,https://m.weibo.cn/detail/5284425249064628
白日提灯贺思慕/女鬼鬼王记忆,comment,338,粉丝点评/记忆表达明确,小妍9263,欢迎大家来看我们白日提灯，来看贺思慕,https://m.weibo.cn/detail/5291257716802151
红毯神图与高定封神造型,post,337,粉丝点评/记忆表达明确,豆米不是米豆,#迪丽热巴被圣光照拂的猫#时隔四年再刷到热巴2022年微博之夜的粉红玛丽猫造型，依旧会被这份穿越时光的甜美元气狠狠击中！那晚的她就像被圣光照拂的童话精灵，一袭淡粉色蓬蓬裙缀满细碎光泽，巨大的蝴蝶结拖尾披肩随步伐轻轻摇曳，公主卷发搭配灵动眼眸，把玛丽猫的娇俏与高贵完美复刻，又注入了独属于她的明媚气场。生图里的肩颈线条在柔光中更显优越，裙摆蓬松如云朵，每一次回眸都甜得恰到好处，既没有过分甜腻，又藏着不谙世事的灵动，难怪当时直接引爆双热搜，连,https://m.weibo.cn/detail/5258771590022800
生日生贺与小小迪陪伴记忆,post,336,粉丝点评/记忆表达明确,吟诗悸枳,#迪丽热巴生日联合产出接力之热爱影院#【第13观影厅】“迪丽热巴·舞台向｜33岁生贺特辑”——「当她旋转时，连风都为她定格」--- 她的舞步，是心跳的另一种节奏。当音乐响起，她像一阵自由的风， 发丝飞扬，裙摆绽开；新疆舞的旋转里藏着西域的故事， 每一步都踩在旋律的脉搏上。 灯光追逐她的身影，镜头贪恋她的笑容， 舞台上的她，是耀眼的光，也是温柔的风。 裙摆如花绽放，发梢划过星光， 连空气都跟着她一起旋转。她像沙漠里突然盛放的玫瑰， 热烈、,https://m.weibo.cn/detail/5172734158963660
爱丽丝与热巴的双向奔赴,post,330,粉丝点评/记忆表达明确,小满说车,迪丽热巴和粉丝的双向奔赴好感人！！#迪丽热巴# 小猪爱点评的微博视频,https://m.weibo.cn/detail/5130992304525845
白日提灯贺思慕/女鬼鬼王记忆,post,327,粉丝点评/记忆表达明确,高雅枭士,#迪丽热巴贺思慕##白日提灯##迪丽热巴白日提灯# 女鬼一和她的粉丝全身上下嘴最硬 心最软 永远被爱丽丝的凝聚力感动到 我的思慕，不可忤逆！卡9节点我会继续加！全力托举我的灵主大人，欢迎对白日提灯感兴趣的朋友来抢第一波152888☁️包场，我们白日提灯连续双更6天，首播5集！！,https://m.weibo.cn/detail/5281062909645451
白日提灯贺思慕/女鬼鬼王记忆,post,326,粉丝点评/记忆表达明确,禾在在,#陈飞宇没少看迪丽热巴二创# 在《白日提灯》追剧团活动中 陈飞宇承认自己看过大量 迪丽热巴角色贺思慕的二创 还精准复述了网友的水果梗、人设梗 他还当场鼓励大家多多二创 说自己真的会看 哈哈他好可爱 接地气，太圈粉了 贺思慕倾尽所有护着段胥 这份爱太动人了 狠狠磕到了 以我所有 护你周 ...全文,https://m.weibo.cn/detail/5282976732550065
红毯神图与高定封神造型,post,324,粉丝点评/记忆表达明确,俞嶷瞳行soso,#历届愚人节站姐唯一真神#每年愚人节，内娱都有一场雷打不动的保留节目——站姐团建！这可不是简单的粉丝聚会，而是一场由各大明星站姐发起的“整活”狂欢。在这一天，平时只拍自家爱豆的站姐们会集体“爬墙”，镜头对准别人，玩梗、P图、发疯，无所不用其极，只为博君一笑。早期的团建，主打一个“哪壶不开提哪壶”。2022年到2023年，从前任文学到封神之路，Angelababy站姐发陈伟霆，配文“爱人错过”，陈年旧瓜瞬间变新鲜热瓜。杨幂和王鸥的站姐更是,https://m.weibo.cn/detail/5282817934101049
爱丽丝与热巴的双向奔赴,post,323,粉丝点评/记忆表达明确,迪迪的甜甜圈,你永远是你家乡人的骄傲 最闪耀的石榴花❤️去打卡偶遇啦好多爱丽丝 也看到很多路人也停下脚步欣赏你的照片 （两位爷爷奶奶和一个小朋友让我有深感触 她们看完后说句 迪丽热巴生日快乐 好漂亮～）你值得被更多人爱 你值得世界上最好的一切 生日快乐全世界最好的宝宝@Dear-迪丽热巴 🥰 ...全文,https://m.weibo.cn/detail/5040946971939518
演员成长与角色群像评价,post,323,粉丝点评/记忆表达明确,越和控,#易易紫曝热巴谈过恋爱#六年老粉了，一直以来都坚定的相信迪丽热巴为我守身如玉……唉，不多说了自己扫吧 ​,https://m.weibo.cn/detail/5258230087549588
白日提灯贺思慕/女鬼鬼王记忆,comment,321,粉丝点评/记忆表达明确,Dear是胖迪呀,好有想法的宝宝3.28中午12点来腾讯看贺思慕啊#迪丽热巴贺思慕# #迪丽热巴# #白日提灯#,https://m.weibo.cn/detail/5280368261596736
跑男时期综艺名场面,post,319,粉丝点评/记忆表达明确,刘道静ssr,#迪丽热巴跑男只录了12天# 谁能想到迪丽热巴整季跑男 满打满算只录制了十二天 硬生生剪出一整季常驻的存在感 以前的综艺剪辑是真有水平 剪辑师才是隐藏的顶级操盘手🤯,https://m.weibo.cn/detail/5291998095605877
乔晶晶与《你是我的荣耀》入坑记忆,post,313,粉丝点评/记忆表达明确,支持她就要相信她,电视剧你是我的荣耀超话❤ ❤ #迪丽热巴乔晶晶# ✨ ✨ #迪丽热巴你是我的荣耀# 乔晶晶学生时代主持视频爆光，期待。 L幸福触手可及周放bot的微博视频 ​,https://m.weibo.cn/detail/4546255521320983
爱丽丝与热巴的双向奔赴,post,311,粉丝点评/记忆表达明确,椿困稚吟,#迪丽热巴给粉丝点了奶茶面包鸡汤# 热巴真的太好了吧，之前有过好多次给粉丝点奶茶的经历，真的太宠粉啦，这才是真正的和粉丝双向奔赴啊。,https://m.weibo.cn/detail/5264400436957212
爱丽丝与热巴的双向奔赴,post,309,粉丝点评/记忆表达明确,圈美伢,了解热巴都会觉得她是个顶好的人，这已经是她第无数次摇下窗和粉丝打招呼了，不是粉但是看见这个都是蛮感动的程度，她和她粉丝一直都是双向奔赴，热巴自己默默做公益从来不营销，每次媒体好感艺人热巴在前几名，我都不知道黑她的人怎么到底想的。。#迪丽热巴开窗和粉丝拜拜#,https://m.weibo.cn/detail/5265226623882701
演员成长与角色群像评价,post,307,粉丝点评/记忆表达明确,忘了忘了的忘了,#曝迪丽热巴换了张小斐前经纪人# 热巴离开嘉行后真的在大换血！网传新经纪人是张小斐前经纪人郝阿三，对方已经悄悄关注了热巴和工作室账号，还被拍到一起聚餐，可信度很高。原经纪人G女士和旧团队基本都走了，现在是全新独立工作室重新出发。 郝阿三当年把张小斐从喜剧演员带到国民度大爆，业内口碑 ...全文,https://m.weibo.cn/detail/5278090240722549
红毯神图与高定封神造型,post,305,粉丝点评/记忆表达明确,钓惟,2019年星光大赏封神之夜，内娱之后都无法复刻 L钓惟的微博视频 ​,https://m.weibo.cn/detail/5277205228951793
嘻嘻迪/表情包/可爱梗,comment,302,粉丝点评/记忆表达明确,回不到过去de时光机,对眼儿了，哈哈哈哈哈哈哈哈，世界上怎么会有这么可爱的女孩纸啊啊啊啊啊@Dear-迪丽热巴,https://m.weibo.cn/detail/4909242761351159
白日提灯贺思慕/女鬼鬼王记忆,post,299,粉丝点评/记忆表达明确,迪迪卫研究所,迪丽热巴超话 📢📢14:36在CCTV-8重播《利剑玫瑰》，大家可以打开电视支持我们的邓妍警官👮🏻‍♀️#迪丽热巴白日提灯# dlrb #迪丽热巴贺思慕# dlrb #白日提灯# ​,https://m.weibo.cn/detail/5294497483199107
白日提灯贺思慕/女鬼鬼王记忆,post,298,粉丝点评/记忆表达明确,高雅枭士,#迪丽热巴贺思慕##迪丽热巴##白日提灯# 铁血爱丽丝还在吗？？免费任务也可以送哦,https://m.weibo.cn/detail/5287656301791760
爱丽丝与热巴的双向奔赴,post,294,粉丝点评/记忆表达明确,Ranyu染屿,#迪丽热巴补偿去巴黎的粉丝# 因为她本身就一直是一个很好很好的人啊，热巴和爱丽丝从来都是双向奔赴的，明明自己受了这么多委屈却也依旧不忘补偿粉丝。,https://m.weibo.cn/detail/5286957313692712
爱丽丝与热巴的双向奔赴,post,293,粉丝点评/记忆表达明确,虞生之丽,#迪丽热巴看粉丝无人机应援#迪丽热巴真的好好啊啊啊！特意去看爱丽丝做的无人机应援！一直在等，还拿手机出来记录了迪丽热巴你也太好了！我爱你一辈子@Dear-迪丽热巴 生日快乐 💗一生热爱 步履不停 #迪丽热巴# dlrb#迪丽热巴0603生日快乐#迪丽热巴,https://m.weibo.cn/detail/5173258715400471
嘻嘻迪/表情包/可爱梗,post,291,粉丝点评/记忆表达明确,呱紫,迪丽热巴超话 @Dear-迪丽热巴 超级无敌厉害（可爱）的灵主大人，贺思慕的表情包#我见迪丽热巴就这样# （想要最后一个表情包）wx和dy版已上线！ ​,https://m.weibo.cn/detail/5285556294780445
嘻嘻迪/表情包/可爱梗,post,290,粉丝点评/记忆表达明确,是胖小迪啊,当年看跑男迪的时候才刚粉上小巴没多久，应该算是路好，当时对饭圈也没什么概念，抱着看看放松的心情追完了一整季。我记得那个时候压力蛮大的，忙着学业忙着艺考，跑男迪真就像白月光一样出现在我生命里了。转圈圈名场面、黄丝带造型、迪丽热血……太多名场面都给那时候小小的我带来了极大的震撼。当时对这个女孩的印象停留在十里桃花里灵动可爱的小狐狸凤九，可是跑男这个综艺让我看到了这个女孩不一样的一面。有时候我觉得她很像凤九，一样的天真烂漫，一样的活力四射。可,https://m.weibo.cn/detail/5290826888648569
红毯神图与高定封神造型,post,290,粉丝点评/记忆表达明确,以爱为妍,#迪丽热巴荷叶边白裙#低频次、高质量、次次出圈！盘点迪丽热巴的8套封神红毯，才懂什么叫“有效红毯”真的太美太权威~#三分钟视频助燃计划# L以爱为妍的微博视频 ​,https://m.weibo.cn/detail/5288429060358338
李长歌与《长歌行》角色记忆,post,288,粉丝点评/记忆表达明确,叽歪扒瓜吃,导演担心的是，迪丽热巴和吴磊这组CP可能起不到良好的“化学反应”；其实观众关心的却是，这部电视剧究竟是不是“用心之作”。3月31日，《长歌行》首播。本来播出时间还未到，但该剧的导演却提前发长文为观众“打预防针”，其大意是：这部剧拍得不容易，迪丽热巴不容易，吴磊不容易……大家都把《长歌行》当成了“成长修炼手册”，共同成长。换言之，导演对这部剧极度不自信，恳请观众们理解。其实对于导演来说，这篇小作文无非是对“迪丽热巴和吴磊不适合组CP”的回,https://m.weibo.cn/detail/4620931693545765
跑男时期综艺名场面,post,286,粉丝点评/记忆表达明确,chayedannnnn,宇宙热恋超话 最近在考古跑男发现嘉尔真的对我猫很好很暖心（p2还有凯哥祖蓝都很好很好猫做游戏真的很认真 她本身就是很好的小女孩）然后猛的想起嘉尔和我豹关系特别好 简单的找了几个小片段⬇️ 去考古发现嘉尔还抽到了我猫的礼物好有缘分的一群人我天啊总之就是一群特别特别特别特别好的人🥹人以类聚🥹🥹😭❤️‍🔥🖤💙💖🥰 专栏 · 茶叶蛋厨房💖💙,https://m.weibo.cn/detail/5291595471523128
红毯神图与高定封神造型,post,285,粉丝点评/记忆表达明确,开眼看试卷,迪丽热巴33岁状态太好了！！神图制造机 硬照表现力更不要说了时髦精来的 #33岁迪丽热巴状态#,https://m.weibo.cn/detail/5292740646275499
红毯神图与高定封神造型,post,282,粉丝点评/记忆表达明确,Sandy絮児,迪丽热巴与ELLE合作推出“包藏戏梦”时尚主题大片，以摩登优雅姿态诠释DIOR女郎的独特魅力。她身着Dior by Jonathan Anderson 2026早秋系列无袖印花裙装，搭配经典Médaillon Flap手袋，整体造型既充满艺术感又不失时尚活力。画面中迪丽热巴从容自信，将印花图案的浪漫与剪裁的利落完美融合，在光影交错间展现动人风采。此次造型不仅凸显其优越的时尚表现力，更体现对时尚与艺术融合的深刻理解。作为时尚界备受瞩目的宠,https://m.weibo.cn/detail/5294046844553983
白日提灯贺思慕/女鬼鬼王记忆,post,279,粉丝点评/记忆表达明确,忆夏知,➤𝑫𝒊𝒍𝒓𝒂𝒃𝒂➤白月光 是初恋 #迪丽热巴贺思慕# ​,https://m.weibo.cn/detail/5290654255022711
嘻嘻迪/表情包/可爱梗,comment,276,粉丝点评/记忆表达明确,有线耳机使用者,谁搞的表情包哈哈哈哈哈哈哈哈,https://m.weibo.cn/detail/5119792709370676
演员成长与角色群像评价,post,275,粉丝点评/记忆表达明确,v-ega-shimmer,宇宙热恋超话 碎碎念第四则（依旧cp脑产物~） 首先就是关于这个主持人问的问题：在和🐱的合作中有什么样的感觉，然后此男就开始孔雀开屏，（非常文学拉满了——6个非常的形容词）-第一个非常：[愉快]表示自己跟🐱合作的开心，事实上也是一种同频的表现。-第二个非常：[认真]表示自己对🐱的第一个看法，这个词就对🐱工作状态的一种极度认可。-第三个非常：[敬业]再次表示对🐱工作态度的评价，让更多人了解🐱拍戏的状态。-第四个非常：[透彻]表示自己对于,https://m.weibo.cn/detail/5292171458773247
嘻嘻迪/表情包/可爱梗,post,270,粉丝点评/记忆表达明确,Max九爷,#王濛 油我扛# 陈凯琳祝贺王濛乘风值第一，王濛回了一句“you're welcome”一开始并没有觉得哪里不对王濛在综艺《乘风2026》中一句带着浓重东北腔的英语回复“油我扛”（You're welcome），因语言逻辑的错位幽默和其自带的气场反差，瞬间引爆全网玩梗热潮，成为2026年5月最具传播度的综艺名场面之一电影质感壁纸｜杂志壁纸｜治愈系壁纸｜蓝色壁纸｜ 壁纸 ｜每一帧都是壁纸 ｜全屏壁纸 ｜壁纸分享 ｜壁纸分享 你的壁纸该换了,https://m.weibo.cn/detail/5294206986748475
李长歌与《长歌行》角色记忆,post,269,粉丝点评/记忆表达明确,很好打交道的女人,迪丽热巴长歌行真的是我的2022意难平这么好的群像希望被大家看到#迪丽热巴李长歌#,https://m.weibo.cn/detail/4952152914532195
乔晶晶与《你是我的荣耀》入坑记忆,post,268,粉丝点评/记忆表达明确,lucky小女鹅,开播时期撞档奥运，把鹅厂服务器挤到瘫痪，却创下了现偶近五年来集均最高播放，为什么说《你是我的荣耀》是很多人心中的白月光？#微博二创视频创作季# lucky小女鹅的微博视频,https://m.weibo.cn/detail/5290297279119763
演员成长与角色群像评价,post,267,粉丝点评/记忆表达明确,风吹渐渐雾_Encounter,#迪丽热巴谈性格敏感# 敏感也是一种天赋，因为内心敏感，所以心思细腻 对很多东西都会有很多感悟，所以迪丽热巴的演技，就是走心又细腻，代入感很强，我就是这样被迪丽热巴细腻的演技吸引的 很感谢迪丽热巴给我们带来这么多优秀的角色，永远做热巴的观众 迪丽热巴你就是最棒的演员，永远用正面情绪去面 ...全文,https://m.weibo.cn/detail/5288022515910734
白日提灯贺思慕/女鬼鬼王记忆,post,267,粉丝点评/记忆表达明确,高雅枭士,迪丽热巴#白日提灯##迪丽热巴##迪丽热巴贺思慕# 只知道爱丽丝氪米很🐮 ⛰️完顾及一下集均挂播、抖热度问题吧 不是角色热度到了目标就完成了 VIP断更保持播放量也是任务 目前人手不够 大家多多加入啊 下沉也多聊聊剧情,https://m.weibo.cn/detail/5288346373850604
爱丽丝与热巴的双向奔赴,post,266,粉丝点评/记忆表达明确,风吹渐渐雾_Encounter,#迪丽热巴Hi6卷发上班路透# 迪丽热巴你简直是宠粉天后，昨天上车了还特意下车来取信，今天又给爱丽丝们准备吃的喝的用的，你怎么这么好~就连奶茶都是给粉丝店里最贵的，热巴和爱丽丝一直都是双向奔赴，期待迪丽热巴《白日提灯》贺思慕,https://m.weibo.cn/detail/5264470530326649
红毯神图与高定封神造型,post,264,粉丝点评/记忆表达明确,迪迪迪迪丽热巴啊,想了想还是写一篇repo吧第一次狗真人真的激动坏了昨天上午上完课两个人@迪迪迪迪温2018 就回了寝室飞速沐浴焚香拿好东西奔上地铁两个人坐在地铁上快两个小时，整个都是呆滞的，下了地铁走了好久绕了好久才找到传说中的7号门，左顾右盼了半天看到有个小毒药展开小歌歌的海报的时候激动坏了，叫着啊啊啊过去打招呼找组织后来跟过去领了门票买了灯牌装上电池排队进场，整个人都是懵懵的进去以后就开始拍拍照试试相机刷刷超话，跟大家商量商量喊什么口号，心里又平静,https://m.weibo.cn/detail/4223692147692304
纪云禾与鲛人系角色记忆,post,263,粉丝点评/记忆表达明确,迪迪卫研究所,中高位热搜，头像大大的迪丽热巴纪云禾，这么好的机会就这样？都没人来发原创还有娱乐榜正在上升的迪丽热巴大名热搜🔴我是真的不知道你们到底要需要我怎么催催生催死的你们动了吗 说了多少次了 原创很重要🛑每人带话题 #迪丽热巴被四种文学整害羞了#和 #仙侠剧女主终于支棱起来了#在主超迪丽热巴超话 或者剧超发原创3-5条！！！带【迪丽热巴与君初相识纪云禾】 这么好的机会都动起来好嘛 不要去回复黑酸 不要回复黑酸 不要回复黑酸 专注自家专注安利迪丽,https://m.weibo.cn/detail/4753104288090902
白日提灯贺思慕/女鬼鬼王记忆,post,260,粉丝点评/记忆表达明确,风雨夕Secret,迪丽热巴 爱豆热巴再次出山！随机迷晕一位爱丽丝 今日绝杀 #迪丽热巴跳团播舞# dlrb #迪丽热巴# 迪丽热巴 | 枭起青壤 | 利剑玫瑰 | 慕胥辞 | 聂九罗 | 邓妍 | 贺思慕 风雨夕Secret的微博视频,https://m.weibo.cn/detail/5161882940607945
花少/你好星期六等综艺片刻,post,256,粉丝点评/记忆表达明确,Tiger津言,#杨紫# 宝，你就说你还有什么不会的？要是早年参加综艺「年代秀」，和王野一起合作了歌曲「北京一夜」，杨紫穿戏服，全妆，用京剧唱「北京一夜」，戏腔一出，不仅惊艳了全场，也惊艳了我！不愧是宝藏女孩，越挖越有，千万不要考古杨紫，你一定会深陷杨紫的魅力无可自拔的！#杨紫后援会集体辞职解散重组##杨紫后援会否认关注迪丽热巴超话##微博声浪计划##听见微博# Tiger津言的微博音频,https://m.weibo.cn/detail/5288764274639757
任安乐/帝梓元角色记忆,post,255,粉丝点评/记忆表达明确,Dear迪丽热巴守护星,“热爱”永远都是双向奔赴的故事啊 是每次都以最好的状态见我们～是每次都真诚的问好互动～是满怀期待的下一次见面 真真巴适的微博视频 #迪丽热巴安乐传# dlrb#迪丽热巴任安乐#,https://m.weibo.cn/detail/4930975697996330
迪拜报平安/守护型记忆,post,254,粉丝点评/记忆表达明确,吉彦斐,#热巴后援会说我们都非常爱你牵挂你# 迪丽热巴和爱丽丝是一家人 家人出门在外 担心牵挂都是正常的 胖迪平安归来,https://m.weibo.cn/detail/5272695025696974
红毯神图与高定封神造型,post,254,粉丝点评/记忆表达明确,微语含章,#星光大赏#2019封神名场面 2019星光大赏封神之夜！之后无法复刻了吧！杨洋 迪丽热巴 杨幂 赵丽颖 肖战 王一博依旧强的可怕！顶流之巅的舞台，还得是你们 ​,https://m.weibo.cn/detail/5239142767398675
跑男时期综艺名场面,post,253,粉丝点评/记忆表达明确,eva-yangyang,内娱冷门反差事实太惊人！考古2017年奔跑吧第五季，迪丽热巴身为常驻嘉宾，整季播出跨度近三个月，留存无数经典名场面，深入人心的跑男迪回忆杀满满。殊不知全程实际集中录制仅仅12天。短短十几天的镜头素材，靠剪辑串联成整季内容，凭绝佳表现力圈粉无数，短暂录制却留下长久出圈的荧幕记忆，热巴的镜头感染力真的绝了。#微博声浪计划##听见微博##迪丽热巴跑男只录了12天# eva-yangyang的微博音频,https://m.weibo.cn/detail/5291997170764640
爱丽丝与热巴的双向奔赴,post,250,粉丝点评/记忆表达明确,那鱼加点奶盖,找了几个热巴和粉丝双向奔赴的视频，她真是对粉丝好真诚一人。在此祝大美女生日快乐，平安顺利，拍更好的剧，遇到更多心仪的角色，收获更多鼓励和善意。,https://m.weibo.cn/detail/4908477258402905
演员成长与角色群像评价,post,249,粉丝点评/记忆表达明确,迪迪卫小管家,这里有一个rs大家带#迪丽热巴独自碎碎念# 去迪丽热巴超话发贴贴安利迪丽热巴的作品，角色，演技，性格，自由发挥，灵活安利 ​,https://m.weibo.cn/detail/4974912139428841
白日提灯贺思慕/女鬼鬼王记忆,post,248,粉丝点评/记忆表达明确,禾在在,#迪丽热巴饰演的角色个个出圈#2026年迪丽热巴凭借奇幻剧《白日提灯》中鬼王贺思慕一角成为现象级演员该角色开播10天站内热度破2亿创腾讯视频年度首个女性角色破亿纪录同时她另外两部剧《枭起青壤》的聂九罗《利剑玫瑰》的邓妍也一起登上了热度榜前十还火到了海外印证了迪丽热巴极强的角色塑造力与国民度真的太为热巴开心了从鬼王贺思慕到女警邓妍每个角色都被她演活了这份用心和演技值得所有的热度和掌声​看着她一步步用角色打破标签从甜妹到疯批美人再到正义女警,https://m.weibo.cn/detail/5286823398214276
嘻嘻迪/表情包/可爱梗,post,248,粉丝点评/记忆表达明确,辛能能RR,#迪丽热巴凌凌七##迪丽热巴一千零一夜# 凌凌七表情包第十二弹@Dear-迪丽热巴 #迪丽热巴小公主# ​,https://m.weibo.cn/detail/4256575080258308
爱丽丝与热巴的双向奔赴,comment,247,粉丝点评/记忆表达明确,快乐富婆6688,偶像和粉丝的双向奔赴,https://m.weibo.cn/detail/5278306905883732
白日提灯贺思慕/女鬼鬼王记忆,post,245,粉丝点评/记忆表达明确,芒果丸子大人,*我也算 万种风情 实非良人 -版头/头像×迪丽热巴贺思慕 禁二改/商｜可自用｜点击原图更清晰 #迪丽热巴贺思慕#. #迪丽热巴#. #迪丽热巴红衣女鬼塑# 专栏 · 芒果の美工世界,https://m.weibo.cn/detail/5278635512823854
演员成长与角色群像评价,comment,245,粉丝点评/记忆表达明确,慕清唯,凭借电影《花木兰》叱咤国际舞台的@刘亦菲 ，其作品时隔五年重登Disney+全球热度榜单前五，长尾效应势头强劲，而《玫瑰的故事》等多部剧集的火爆使其收获演技与热度的双重认可。二十余载星途，她塑造诸多人生角色，也创造了一个又一个新时代的代表作。,https://m.weibo.cn/detail/5214125305105808
爱丽丝与热巴的双向奔赴,post,243,粉丝点评/记忆表达明确,旎是零下巴度的天,好幸福的一天呀～遇见了很多美好的女孩子“千里奔赴，热爱不负，广西分会，爱意永驻”广西爱丽丝祝迪丽热巴生日快乐！感谢今天的所有遇见，我们明年再见～#迪丽热巴0603生日快乐# ​,https://m.weibo.cn/detail/5294608926117693
乔晶晶与《你是我的荣耀》入坑记忆,post,243,粉丝点评/记忆表达明确,彗星儿今天撞地球了,#迪丽热巴你是我的荣耀# 是我没见过系列还是见了忘了系列@Dear-迪丽热巴 真的好温柔温柔配上紫色#迪丽热巴乔晶晶# ​​​ L彗星儿今天撞地球了嘛的微博视频 ​,https://m.weibo.cn/detail/4547588915989304
白日提灯贺思慕/女鬼鬼王记忆,post,242,粉丝点评/记忆表达明确,高雅枭士,迪丽热巴#迪丽热巴贺思慕##白日提灯##迪丽热巴# 稳住稳住 别退 现在播放量涨势很好 坚持到现在的爱丽丝就是🐮得不行 （夹带4️⃣货 这个宝宝@迪克布丁_ 帮我带id武汉银泰～都去看白日提灯！！）,https://m.weibo.cn/detail/5284793986323878
迪拜报平安/守护型记忆,post,241,粉丝点评/记忆表达明确,xxxx式事务所,热巴也非常心疼大家的付出等待，特地沟通团队为此次来到巴黎的爱丽丝们准备了一些心意 热巴你真的我哭 #迪丽热巴将缺席时装周#,https://m.weibo.cn/detail/5272390823316884
白日提灯贺思慕/女鬼鬼王记忆,post,239,粉丝点评/记忆表达明确,迪迪卫研究所,迪丽热巴 爱丽丝们快来切浩去全平台给《白日提灯》打分，每个浩都可以打，特别重要！扩散摇人！！！ 各平台的教程如下: ①【腾讯】图一 ②【微博】图二 ③【豆瓣】图三 ④【抖🎶】图四 #迪丽热巴白日提灯# dlrb#迪丽热巴贺思慕# dlrb#白日提灯#,https://m.weibo.cn/detail/5283247401732811
爱丽丝与热巴的双向奔赴,post,238,粉丝点评/记忆表达明确,假装小婉柠,#迪丽热巴也湿了眼眶#是看到粉丝哭，也会共情到泛起泪光的热巴啊！热爱双向奔赴是真的，热巴真的是心软的神！！ 假装小婉柠的微博视频,https://m.weibo.cn/detail/5143786339960001
白日提灯贺思慕/女鬼鬼王记忆,post,236,粉丝点评/记忆表达明确,闻汤识面泡剧,#迪丽热巴陈飞宇演生理性喜欢#/ #白日提灯思胥万千是生理性喜欢# 我们#白日提灯# 思胥万千就是生理性喜欢啊~ 迪丽热巴陈飞宇演出了贺思慕段胥每一次亲密接触的暧昧情愫！ 从一开始的好奇到现在的随手就是一个贴贴或者摸脸，身体和下意识的小动作全都在证明，贺思慕怕不是早就在不知不觉中爱上 ...全文,https://m.weibo.cn/detail/5283221874148762
爱丽丝与热巴的双向奔赴,post,236,粉丝点评/记忆表达明确,迪崽小可耐,爱丽丝和迪丽热巴双向奔赴 双向热爱,https://m.weibo.cn/detail/5182535543294166
生日生贺与小小迪陪伴记忆,post,234,粉丝点评/记忆表达明确,大胖雅雅,迪丽热巴超话#迪丽热巴0603生日快乐# 5.3广西分会生日线下活动广西爱丽丝祝迪丽热巴生日快乐@Dear-迪丽热巴 ​,https://m.weibo.cn/detail/5294511883815930
演员成长与角色群像评价,post,231,粉丝点评/记忆表达明确,哇哦可真好看,#迪丽热巴8部作品集均破5000万# 迪丽热巴就是保障啊！谁不爱看这种能演会演的演员演戏啊啊啊啊啊啊啊 这个白日提灯又给我看爽了，我愿称之为视后迪丽热巴炫技之作 说实话这一段要没有迪丽热巴的表情演技，我可能真会认为这个墙头草是贺思慕的暗线所以好演员真的很重 ...全文,https://m.weibo.cn/detail/5287715303331606
行走的油画/神女美貌出圈,post,230,粉丝点评/记忆表达明确,每阅壁纸,迪丽热巴高清壁纸来啦！ 随着《白日提灯》热播，全网都在被迪丽热巴的古装惊艳到！特意整理了一组高清无水印壁纸合集，包含剧中绝美古装与日常时尚大片，风格多样、质感拉满，每一张都美到犯规，闭眼存就对了！ #迪丽热巴壁纸#迪丽热巴壁纸,https://m.weibo.cn/detail/5281740055644502
红毯神图与高定封神造型,post,230,粉丝点评/记忆表达明确,诀泯,2019年的星光大赏才是真正的顶流星光云集！封神名场面，不可复刻的明星同框瞬间，现在看依旧强的可怕…杨洋 杨幂 迪丽热巴 肖战 王一博 赵丽颖 L诀泯的微博视频 ​,https://m.weibo.cn/detail/5267409780345979
嘻嘻迪/表情包/可爱梗,post,230,粉丝点评/记忆表达明确,澎湃有戏,【澎湃专访电视剧与君初相识超话导演朱锐斌：不怕人家说我怪，只怕观众不记得】在当下市场中，仙侠剧的处境已经不再像以前那么轻，导演@朱銳斌 并非不知道市场里的这些变化 ，他也能感受到行业的难。即便制作难度和观众要求都在提升，当他听到《#与君初相识# 》的故事梗概时，还是心动了。剧情的故事走向，依然在主流古偶剧的框架内，但在当下的市场环境下，如何能对让这部剧不被年轻观众厌倦，如何实现这类剧集的突破创新，是朱锐斌要面对的关键问题。近日，朱锐斌,https://m.weibo.cn/detail/4753147204210314
爱丽丝与热巴的双向奔赴,post,228,粉丝点评/记忆表达明确,Dear迪丽热巴守护星,带话题#和迪丽热巴相遇的30天# ，分享你和迪丽热巴的故事～ 【Day29:热爱故事】 一生热爱，步履不停 热巴和粉丝之间，发生了很多很多双向奔赴的瞬间，每一个热爱故事都值得被纪念，美宣高举热爱cp的大旗 在阿丝们心里，有哪些印象最深刻的热爱故事呢，快来和大家一起分享吧 ...全文,https://m.weibo.cn/detail/4796848939731451
嘻嘻迪/表情包/可爱梗,post,225,粉丝点评/记忆表达明确,紫菜包下饭,当年的热巴也很喜欢吃 但是因为这个都被黑， 后面她在其他综艺还是什么的都不吃了 #迪丽热巴跑男只录了12天# 仅仅录了12天，却像常驻了一整季一样深入人心 迪丽热巴在跑男里活泼灵动、真实不做作，玩游戏拼尽全力，笑起来又甜又有感染力，短短时间就凭鲜活可爱的性格圈 ...全文,https://m.weibo.cn/detail/5291984673571943
红毯神图与高定封神造型,post,224,粉丝点评/记忆表达明确,离散疯人院,红毯没有王法，只有迪丽热巴的想法迪丽热巴红毯 考古 颜值 L离散疯人院的微博视频 ​,https://m.weibo.cn/detail/5284389338482910
胖迪昵称与吃货反差,post,222,粉丝点评/记忆表达明确,天山网,网友说#入坑迪丽热巴太容易了#，@Dear-迪丽热巴 深爱家乡新疆，经常推荐新疆的美食美景。新疆，是一个你来了还想来的地方，是一个会让你上瘾的地方。大美新疆等你来！#滑雪季当然要来新疆啊# ​,https://m.weibo.cn/detail/5229605909692795
行走的油画/神女美貌出圈,comment,222,粉丝点评/记忆表达明确,Dylan_Dear,我惊了你是什么人间巨美！我的泪此时此刻已为你日夜不停昼夜不息的撒落！你的容貌是神赐吗我哭了你怎么这么美貌呜呜！这难道就是仙女吗我没了我为姐姐的绝美容貌而落泪天使下凡不过如此吧您的脸就是神的恩赐吧呜呜我真情实感为姐姐的美貌落泪我的尖叫声让方圆百里声控灯坏掉啊啊@Dear-迪丽热巴,https://m.weibo.cn/detail/5288071210729734
生日生贺与小小迪陪伴记忆,post,220,粉丝点评/记忆表达明确,玫瑰热爱記,#迪丽热巴0603生日快乐# 🍒#迪丽热巴# 生贺||迪丽热巴32岁生日快乐 🍒一步一个脚印，没有一夜成名只有百炼成钢 你是一颗星星值得我追随 有你在的每一天，我都很开心 很荣幸在千千万万的演员中选择了你 你是一个很好的演员 不必因为他人而否定了你自己 做自己就好啦何必在意别人怎么想 你的身后 ...全文,https://m.weibo.cn/detail/5038085676728634
演员成长与角色群像评价,post,220,粉丝点评/记忆表达明确,是长歌的阿若,迪丽热巴超话 来欣赏一下90后唯一视后的这段原声台词表演。迪丽热巴演绎的利剑玫瑰，真的是太棒了。这才是该有的演技，女演员的素养表现在此。 L是长歌的阿若的微博视频 ​,https://m.weibo.cn/detail/5294477153666831
乔晶晶与《你是我的荣耀》入坑记忆,post,216,粉丝点评/记忆表达明确,会劈叉的小乌龟,蕞喜欢这一段，于途眼里全是晶晶，这就是令人羡慕的双向奔赴的理想爱情 你是我的荣耀/迪丽热巴/杨洋 会劈叉的小乌龟的微博视频,https://m.weibo.cn/detail/5209986041905572
演员成长与角色群像评价,post,216,粉丝点评/记忆表达明确,追剧-,真的替任嘉伦的《佳偶天成》捏一把冷汗，明明演员阵容没毛病，却偏偏撞上了致命撞款，开播前就蒙上了一层扑街阴影。 任嘉伦本身扛剧能力一直在线，女主王鹤润也能稳稳撑住角色，演技和咖位完全不用质疑。可问题就出在核心设定上，和迪丽热巴先播的《白日提灯》高度重合，两部剧都是五感残缺主角、契约绑定、靠近就能互通感知，走的都是美强惨非人类搭配人间救赎的感情线，只不过是把男女主人设性转了一遍。 《白日提灯》早就先播出圈，5.59亿播放量、全网热度登顶，设,https://m.weibo.cn/detail/5290507712333616
爱丽丝与热巴的双向奔赴,post,215,粉丝点评/记忆表达明确,Dear迪丽热巴江苏分会,本次活动中有部分人员冒用分会名义，自行组织大旗借调事宜及现场粉丝，相关不实信息已误导了线下线上粉丝。 在此郑重声明：分会从未组织过大旗借调相关事宜，从未使用任何私人账号在平台以后援或分会相关身份自居。 如若任何应援活动需要指定私号出面组织，均会有官号在粉丝群或微博艾特说明。所有私人 ...全文,https://m.weibo.cn/detail/5293876530909881
任安乐/帝梓元角色记忆,post,215,粉丝点评/记忆表达明确,迪迪卫小管家,【考古】花帅管我不爱看，树帅管我也不爱看。帅管就爱看迪丽热巴走红毯，就好这一口！美晕了，你就说是不是！你们就承认迪丽热巴是我老婆吧！@Dear-迪丽热巴 #迪丽热巴安乐传#dlrb#迪丽热巴任安乐#迪丽热巴安乐传|任安乐|迪丽热巴帝梓元|迪丽热巴公诉精英|安旎@Dear-迪丽热巴 L橘纱糖的微博视频,https://m.weibo.cn/detail/4885485841027531
纪云禾与鲛人系角色记忆,post,214,粉丝点评/记忆表达明确,窈聿是窈聿啊urck,#仙侠剧女主终于支棱起来了#1.导员亲口说与君初相识是玄幻剧，所以不可能是剧方故意营销买的热搜2.有人说这是与君专场，但是无论是与君剧粉还是演员粉，都在号召大家随意安利自己喜欢的剧（已播和未播均可）3.纪云禾确实是大A女主，与君初相识也值得一看，走过路过的路人欢迎你们观看与君初相识呀~（图1送给各位路人，图2送给在这个黑热搜下骂与君的伪路人）,https://m.weibo.cn/detail/4753102110723678
白日提灯贺思慕/女鬼鬼王记忆,post,212,粉丝点评/记忆表达明确,哇哦可真好看,#迪丽热巴粉色垂耳兔# #我见迪丽热巴就这样# 啊啊啊啊啊终于要看到这个粉色垂耳兔了！！这个白日提灯真的好会拍啊！贺思慕段胥重逢这一段看得人好心动啊💧这就是我想看的古偶！！抬伞那一瞬间真的美到窒息了果然啊，更好看的永远在明天！！ #贺思慕 粉色垂耳兔# 哇哦可真好看的微博视频,https://m.weibo.cn/detail/5285155696807632
花少/你好星期六等综艺片刻,post,211,粉丝点评/记忆表达明确,爱看剧的番薯,历史总是如此的相似…看白日提灯的物料总是时不时要callback一下开推～哈哈哈哈迪丽热巴｜陈飞宇｜开始推理吧｜ L爱看剧的番薯的微博视频 ​,https://m.weibo.cn/detail/5294167830039132
纪云禾与鲛人系角色记忆,post,211,粉丝点评/记忆表达明确,追星迷妹王语嫣,#与君初相识# ｜#迪丽热巴被四种文学整害羞了# 今晚剧情 —— 云禾与天君结盟，一起对抗仙君。“你处处受着仙师保护，虽处处受限，至少生命无虞，你若帮我对抗仙师，你不怕死吗？”“当生命里出现了，比自身生命更想守护的存在，便会无所畏惧。”迪丽热巴/纪云禾 #纪云禾发现天师的真实目的##仙侠剧女主终于支棱起来了# L追剧情报社的微博视频,https://m.weibo.cn/detail/4753135870149561
白日提灯贺思慕/女鬼鬼王记忆,comment,211,粉丝点评/记忆表达明确,Yuan_那年李长歌最痛,期待白日提灯，期待贺思慕，3月28号我们不见不散,https://m.weibo.cn/detail/5278937422764776
白日提灯贺思慕/女鬼鬼王记忆,post,209,粉丝点评/记忆表达明确,迪迪卫突击队,迪丽热巴超话 【考古】今天三妹考古到了慧珍三妹每次看小太阳李慧珍都觉得好治愈！像一颗小太阳一样，给人带来满满的能量，她总是默默付出，默默努力，默默进步不管遇到什么困难，她都不放弃，一直保持着最纯粹的善良和勇敢，会认真地做每一件事情，会用心对待每一个人，小太阳慧珍总是能给人带来力量和快乐L们爱丽丝的微博视频#迪丽热巴贺思慕# dlrb #迪丽热巴白日提灯# dlrb #迪丽热巴卫蓝#,https://m.weibo.cn/detail/5294536379337875
白日提灯贺思慕/女鬼鬼王记忆,post,208,粉丝点评/记忆表达明确,老特拉福德的糖猫儿,#迪丽热巴白日提灯稳居待播剧第一#还有不到24小时就可以看《白日提灯》啦！ 《白日提灯》首播SVIP可以看5集哦！更有迪丽热巴粉丝赠送的152888➕云包场等你来领！ 3月28日中午十二点，一起坠入与万灵之主贺思慕的热恋吧！ #白日提灯##迪丽热巴贺思慕#,https://m.weibo.cn/detail/5281073575496031
爱丽丝与热巴的双向奔赴,post,208,粉丝点评/记忆表达明确,LAN_x9,#迪丽热巴歌词解读#不用解读 谁破防谁对号入座谁急眼谁反嘲 那姑且给个脸说的就是你和你🐷吧 人好好跟自己粉丝互动双向奔赴的歌别的粉倒爱框框加戏 坦坦荡荡清清白白的都是自己的top girl 迪丽热巴每一幕都踏踏实实走过 姐就是top,https://m.weibo.cn/detail/5041177907171430
花少/你好星期六等综艺片刻,post,206,粉丝点评/记忆表达明确,迪巴是女王大人,#请选择你的迪丽热巴#就这个小巴巴啊，人格魅力放光芒！爱上她简直轻而易举，都说明星慎重参加综艺，很容易暴露缺点，怎么我们这小巴巴全是闪光点呢？表里如一的温柔、善良，又聪明、逻辑能力强，超绝语言小天才，稳定长粉中……下沉市场对小巴巴也是溺爱的不行，某音又一个400w👍🏻视频诞生，开推 ...全文,https://m.weibo.cn/detail/5172186138806178
演员成长与角色群像评价,post,205,粉丝点评/记忆表达明确,久久妈妈爱久久a,迪丽热巴 ～自有万丈光芒 迪丽热巴，自西域走来，携一身明艳与坚韧，在光影世界里绽放独属于自己的华彩。她是演员，亦是美的化身，用十余年时光，从青涩新人成长为实力顶流，每一步都走得坚定而耀眼。 她的美极具辨识度，深邃轮廓与灵动眼眸，兼具异域风情与东方韵味，一颦一笑皆自带光芒，是红毯与镜头前无法忽视的存在。但她从不止步于“颜值”标签，始终以敬业之心打磨演技，用多元角色打破刻板印象。 从《阿娜尔罕》里质朴坚韧的少女出道，到《克拉恋人》中傲娇灵动,https://m.weibo.cn/detail/5292023026289037
演员成长与角色群像评价,post,203,粉丝点评/记忆表达明确,迪宝甜崽,#迪丽热巴金刚发型# 迪丽热巴演技好身材好商业价值高时尚综艺全面开花，有主流奖，是90后唯一视后，有多部爆剧爆角色，901毋容置疑。 最近完结的白日提灯就很好看 酒窝暖的微博视频,https://m.weibo.cn/detail/5293012105303971
嘻嘻迪/表情包/可爱梗,post,203,粉丝点评/记忆表达明确,爱豆热梗图鉴,宇宙热恋超话 扒2/13的巧合。巧合1：ip一致，上海。巧合2：摄影vs拍照巧合3：🐱的动作，和🦊的表情包一致仅cp脑想法：🦊应该比🐱晚一点下班，下班后，看见🐱的微博就想发博，一方面报备（老婆我下班了！要回家啦！），一方面配合🐱发博（猫发了6张，他发了足足12张，这个小狐狸真的是配合🐱了）——已叠甲cp脑，这几天被喷怕了，不磕可以走开，别骂厨子，厨子翻糖/产生想法也不容易,https://m.weibo.cn/detail/5293905960763779
演员成长与角色群像评价,post,202,粉丝点评/记忆表达明确,n婆婆n,#王亚飞 迪丽热巴#dlrb#迪丽热巴粉丝要求时装周合作金鹤龙# 不以功利为目的，认真塑造角色，声形台表为角色服务，演啥像啥才是有演技的好演员。 利剑玫瑰邓妍警官，新一代的干练飒爽专业的女警形象代表,https://m.weibo.cn/detail/5270576526529805
白日提灯贺思慕/女鬼鬼王记忆,post,201,粉丝点评/记忆表达明确,元芳这剧你怎么看,#迪丽热巴愚人节骗到了陈飞宇##热巴说维语骗陈飞宇##白日提灯# 直播名场面！热巴假装教维语颜色，其实是让陈飞宇说了一到十五。要不是新疆粉丝解释，大家还真被她骗过去了！ 元芳这剧你怎么看的微博视频,https://m.weibo.cn/detail/5283191248390102
红毯神图与高定封神造型,comment,197,粉丝点评/记忆表达明确,Dear-宋小小小瑶-,我们安安拍的神图#迪丽热巴代言安慕希# @Dear-迪丽热巴,https://m.weibo.cn/detail/5039610258260083
白日提灯贺思慕/女鬼鬼王记忆,post,196,粉丝点评/记忆表达明确,追剧男女,迪丽热巴回复杨肸子，杨肸子演我追星迪丽热巴，哈哈哈换谁不激动呢？今晚继续来#白日提灯#看万灵之主贺思慕、段家大小姐段静元！ ​,https://m.weibo.cn/detail/5284054440346873
红毯神图与高定封神造型,post,194,粉丝点评/记忆表达明确,雾眠弥漫气泡水,#迪丽热巴和素人合影# 迪丽热巴南京迪奥活动凭雨中蓝裙造型、暖心素人合影爆火，主动搓手取暖、让C位等细节全网盛赞，早年模特旧照、热播剧同步出圈，舆论以正向好评为主，仅少量质疑营销过度。 其一，蓝裙撑伞造型兼具破碎美感，生图颜值能打；其二，谦和暖心的互动打破明星距离感，戳中大众好感；其 ...全文,https://m.weibo.cn/detail/5293763494936815
爱丽丝与热巴的双向奔赴,post,192,粉丝点评/记忆表达明确,烧烂的花袜子,#迪丽热巴跳舞转圈和粉丝告别# 这就是双向奔赴,https://m.weibo.cn/detail/4816938607839600
爱丽丝与热巴的双向奔赴,post,192,粉丝点评/记忆表达明确,唯一纯白的茉莉花儿,就知道两个，一个是迪丽热巴，她跟粉丝真是双向奔赴啊好像是接机还是什么然后粉丝有秩序的等着她，她近视，到了地方也注意到粉丝手上的信专门去拿，还有成毅，回回粉丝应援都会给粉丝买好吃好喝的.....代入了一下，天呐#内娱和粉丝双向奔赴的明星#,https://m.weibo.cn/detail/4930733384143046
红毯神图与高定封神造型,post,192,粉丝点评/记忆表达明确,热爱影展0603I迪丽热巴,🎞️ 展期有限，热爱无限 暗房的门暂时关闭，而我们仍在镜头后—— 下一卷故事，等你来续帧。 #迪丽热巴与你一起探秘时间与胶卷的世界#第一棒 微博正文 @一只懒散咸鱼【恶女 令人敬畏的存在】第二棒 微博正文 @dy_迪迪7【利刃 鬼王 疯刀 期待相见】第三棒 微博正文 @迪汐love 【身处旷野 ，却知足且坚定】第四棒 微博正文 @与栀眠 【聂九罗的碎片】第五棒 微博正文 @故里巷-ovo 【让长歌行响彻天地】第六棒 微博正文 @热柠酒 ,https://m.weibo.cn/detail/5162161455500875
红毯神图与高定封神造型,post,191,粉丝点评/记忆表达明确,Dear-冰派甜心alice,#迪丽热巴是玫瑰庄园走出来的公主吧# 迪丽热巴今晚太宠粉了，切换两种风格，还有花絮视频，美巴我原谅你一年只走这一次红毯了，再接再厉下次参加活动换十套礼服吧@Dear-迪丽热巴,https://m.weibo.cn/detail/4584324013228537
白凤九与三生三世情怀,post,190,粉丝点评/记忆表达明确,花汀舟,#迪丽热巴跑男只录了12天#啊，才录了12天吗？我以为录了好久呢，不过当时看跑男的时候真的被热巴的性格给吸引到了很有综艺感很活泼可爱啊真的当时印象深刻，当时她凭借着白凤九高雯这两个角色火出圈啊，也不是因为上了跑男才火的，我至今还对这俩角色印象深刻白月光的存在。,https://m.weibo.cn/detail/5292001058623242
白日提灯贺思慕/女鬼鬼王记忆,post,189,粉丝点评/记忆表达明确,迪迪卫研究所,迪丽热巴 24720！非常棒！继续弹幕讨论一起发！冲2亿弹幕！ ⚠️有能力的缝【3、9】可以去送🎁冲两亿角色热度！ #迪丽热巴白日提灯# dlrb #迪丽热巴贺思慕# dlrb #白日提灯# 迪迪卫研究所的微博视频,https://m.weibo.cn/detail/5284769747180951
生日生贺与小小迪陪伴记忆,post,189,粉丝点评/记忆表达明确,野蘑菇不开花,#迪丽热巴# 之前不知道什么是追星的浪漫 后面她给粉丝办了一场生日会，我就知道了 #迪丽热巴任安乐# @Dear-迪丽热巴 野蘑菇不开花的微博视频,https://m.weibo.cn/detail/4782595190032157
白日提灯贺思慕/女鬼鬼王记忆,post,188,粉丝点评/记忆表达明确,一棵楠树,我所爱之人， 为万籁、为冰河、为炽热、为酒香、为珍馐， 兼黑与白、赤与黄，为世间一切色彩之和。 贺思慕💫迪丽热巴 白日提灯 等到了灵主大人最最盛大的婚礼🪼✨💐💕,https://m.weibo.cn/detail/5291371423338404
跑男时期综艺名场面,post,186,粉丝点评/记忆表达明确,三十而驴科普局,#迪丽热巴跑男只录了12天#短暂驻足，亦可沉淀漫长的温柔回忆。2017年迪丽热巴加入综艺常驻阵容，全程实际录制仅有12天，却定格了整季经典瞬间。 后期剪辑拉长内容叙事，刻意的氛围捆绑，让她无端背负非议，长期承受网络恶意与无端指责。她全程认真投入，不惧挑战、待人温柔，诸多暖心细节慢慢被大众重拾。 时隔多年再度热议，既是观众的情怀回望，也映照出综艺行业的运作常态，让人读懂艺人荧幕之外，默默包容与坚守的不易。 #实时热搜创作激励计划# L三十,https://m.weibo.cn/detail/5292005568809227
行走的油画/神女美貌出圈,post,185,粉丝点评/记忆表达明确,不再枯萎我的無畫夏,迪丽热巴的脸真是高糊都挡不住的美貌，大学时期的她完全是白月光学姐的存在…… ​,https://m.weibo.cn/detail/5292027878574521
任安乐/帝梓元角色记忆,post,182,粉丝点评/记忆表达明确,赛场风暴,❀龚俊和迪丽热巴靠近会紧张 韩烨这点随龚俊，容易害羞❀安乐传 ❀娱你安利 L我是一只无辜小羊的微博视频 ​,https://m.weibo.cn/detail/4972428237210524
红毯神图与高定封神造型,post,182,粉丝点评/记忆表达明确,小高不迷路-追影路,迪丽热巴2025年度10大封神造型!哪一套戳中你审美~ L小高不迷路-追影路的微博视频 ​,https://m.weibo.cn/detail/5262183040812750
演员成长与角色群像评价,comment,182,粉丝点评/记忆表达明确,迪予安dlrb,一人双身，双面人生！@Dear-迪丽热巴 全新挑战奇幻设定，化身卫蓝开启“我与我”的博弈冒险。从惺惺相惜到反目对决，演技高光拉满，带你走进一场充满悬念与共鸣的女性成长之旅。期待早日和卫蓝见面！期待演员迪丽热巴的精彩演绎！,https://m.weibo.cn/detail/5289377796460765
白日提灯贺思慕/女鬼鬼王记忆,post,181,粉丝点评/记忆表达明确,迪迪卫研究所,迪丽热巴超话 收官后第二天，单靠做免费热度也有一百五十万，今天作为节假日，现在还没六十万，我们至少要冲一百万好不好爱贺思慕就来做她的免费热度（图二）和攒金币换花（图三图四），不要偷懒，只需几分钟，行多于言的爱最帅了！#迪丽热巴贺思慕# dlrb#迪丽热巴白日提灯# ​,https://m.weibo.cn/detail/5294235206551938
白日提灯贺思慕/女鬼鬼王记忆,post,179,粉丝点评/记忆表达明确,迪迪卫小管家,迪丽热巴超话🔥热搜来了大家多带图和视频去安利热巴的演技！安利白日提灯！宣传可以在腾讯视频观看！跟着以下步骤发帖更有利热搜的热度①点进图一话题②在热搜页面最下方点讨论发3-5帖，有没有实时都要发③手动加入迪丽热巴超话④输入自己写的安利文案 （在发帖的页面逗留15秒以上）#迪丽热巴白日提灯# dlrb #迪丽热巴贺思慕#,https://m.weibo.cn/detail/5289205787788089
生日生贺与小小迪陪伴记忆,post,178,粉丝点评/记忆表达明确,Dear迪丽热巴浙江分会,#迪丽热巴0603生日快乐# 2025浙江分会生日应援——“玫红热恋”plog 我们来自茫茫人海， 带着祝福的微光向浙里靠近， 同赴一场浪漫约会， 咖啡香气蔓延整个场地， 悦耳的旋律跳跃在空气里。 路边小草静静听， 我们循环的那首歌， 音符与笑撞在一起， 连冰块都叮咚应和。 写一纸情书， 分 ...全文,https://m.weibo.cn/detail/5171338260251452
李长歌与《长歌行》角色记忆,post,178,粉丝点评/记忆表达明确,苏阿北,电视剧长歌行 不要快转 菩提偈 | 李长歌🕊️ ×阿诗勒隼🦅 ◎长歌，对立面的爱情就是，每次射向你的箭矢，都承载了我深沉的爱意。 ——阿诗勒隼 ◎我们的双向奔赴就是 互相尊重、互相支持、互相救赎 #迪丽热巴李长歌# ...全文,https://m.weibo.cn/detail/4624859206255324
花少/你好星期六等综艺片刻,post,178,粉丝点评/记忆表达明确,热爱_追光,2018 迪丽热巴凌凌七2023 迪丽热巴花少梦回了，总能在现在找到以前的影子 ​,https://m.weibo.cn/detail/4960083726304821
生日生贺与小小迪陪伴记忆,post,177,粉丝点评/记忆表达明确,美色鉴定指南,#迪丽热巴 唱跳# 感觉她好勇敢啊今年 挑战这么多新的事物。创造营的主持人，生日会上的舞蹈，还有今天的唱跳真的很让人惊喜。以前粉丝说想看女团舞其实也觉得是很遥远的事情，但没想到生日会上就真的跳了。她双向的好并且选择了就认真做的态度就好吸引人（比如创造营的男团舞就是第一遍不满意又决定录了第二遍，还是在带有长期腰伤的情况下）并不是说她就是一切都完美，而是见证她勇敢地尝试新鲜事物的样子好动人迪丽热巴新的一年也会越来越好 @Dear-迪丽热巴,https://m.weibo.cn/detail/4455685519066253
爱丽丝与热巴的双向奔赴,post,175,粉丝点评/记忆表达明确,是侯芷啦,#微博声浪计划##听见微博# 在流光溢彩的星河中，迪丽热巴像一缕从新疆吹来的清风，既有西域少女的明艳热烈，又藏着刻进骨子里的温柔体贴，她的贴心从不是刻意营造的人设，而是融入举手投足的真诚，是让粉丝、同行都能感受到的暖意。 她的贴心，藏在对粉丝的双向奔赴里。粉丝递来的手写信，她总会认 ...全文,https://m.weibo.cn/detail/5286963772132977
红毯神图与高定封神造型,post,174,粉丝点评/记忆表达明确,小象王国,#DiorCigale# Dior Cigale 手袋是迪奥创意总监Jonathan Anderson 为2026年春夏系列设计的全新力作，灵感撷取自品牌1952年“La Cigale”高定礼服，以单手柄结构和蝴蝶结元素重塑经典，以流畅线条描绘利落廓形，包身采用立裁小牛皮，收放流畅，柔和且挺括，侧面看形似折起的信封，中央缀以品牌标志性蝴蝶 ...全文,https://m.weibo.cn/detail/5292730113589698
演员成长与角色群像评价,post,174,粉丝点评/记忆表达明确,舒雍,我再来蹭一条我们龚家屋里最帅最有名气的龚俊的热搜。近期龚俊工作室包场电影《狂野时代》引发热议，既见行业间的互助情谊，也让不少观众再次聚焦这位演员的作品履历——出道十年深耕影视，古装与现代题材双线发力，爆款与口碑作兼具，人气与实力稳步进阶，今天就好好梳理下龚俊的作品版图，也聊聊引发关注的《狂野时代》究竟是什么。先理清核心疑问：龚俊从2015年凭《刀剑缭乱》出道，至今参演近30部影视作品，覆盖武侠、都市、刑侦、校园等多元赛道，无明显题材局限,https://m.weibo.cn/detail/5235751148587016
任安乐/帝梓元角色记忆,post,173,粉丝点评/记忆表达明确,季节限定sally,#迪丽热巴把龚俊背起来了##任安乐力气好大# 《安乐传》终于不虐我了！任安乐和韩烨一起掉下悬崖，本以为又是什么虐的场景，没想到两人相处还挺甜，韩烨也终于发现了任安乐就是帝梓元。期待一个两情相悦+双向奔赴 季节限定sally的微博视频,https://m.weibo.cn/detail/4927102795649842
演员成长与角色群像评价,post,171,粉丝点评/记忆表达明确,追剧综的李二狗,#百亿大佬装憨顶流女明星沦陷了# 本文由AI辅助生成，部分情节改编自真实事件，人物原型有迪丽热巴、李二狗、还有你们 重点事件有牛肉酱、热巴解约、老粉加入热巴团队。 以下是正文： 🌟《百亿大佬装憨 顶流女明星沦陷了》🌟 第一章 众人笑我太痴傻 不知我有百亿身家 所有人都以为 ...全文,https://m.weibo.cn/detail/5290835765627910
新疆舞与舞台表现名场面,comment,171,粉丝点评/记忆表达明确,沐雨捧花看海,#迪奥品牌大使刘宪华# 在Dior的舞台上，刘宪华不仅传递了品牌的经典，也展现了他个人的艺术魅力。期待他的更多的时尚探索！@刘宪华Henry-Lau,https://m.weibo.cn/detail/5293039698317362
爱丽丝与热巴的双向奔赴,comment,169,粉丝点评/记忆表达明确,Dear_玖玥,热爱一直都是双向奔赴爱丽丝给迪丽热巴专属的浪漫,https://m.weibo.cn/detail/4776211202704755
红毯神图与高定封神造型,post,168,粉丝点评/记忆表达明确,MAONINIG,王亚飞×迪丽热巴，内娱浓颜妆造天花板！最懂放大异域骨相，每一次出手都是封神名场面，本命搭档太绝了！#王亚飞 迪丽热巴#,https://m.weibo.cn/detail/5292697069814300
爱丽丝与热巴的双向奔赴,post,167,粉丝点评/记忆表达明确,椿山信,迪丽热巴和爱丽丝之间，就是一场盛大的双向奔赴吧 铃诗季的微博视频,https://m.weibo.cn/detail/5252559309638623
花少/你好星期六等综艺片刻,post,167,粉丝点评/记忆表达明确,废话输出三千句,#网传开推4常驻女嘉宾只剩下金靖了# 网传《开始推理吧4》阵容大换血，此前官宣的“赫丽摸金宇”组合生变，迪丽热巴因档期退出常驻，白宇转为飞行嘉宾，丁程鑫新加入。若消息属实，金靖将成为本季唯一常驻女嘉宾，独自扛起综艺氛围与推理笑点。从双女主持衡变单人独挑大梁，不少老粉遗憾原班人马难聚，也期待金靖的综艺感能稳住全场。一切以官方最终官宣为准。 L废话输出三千句的微博视频,https://m.weibo.cn/detail/5264792778442914
乔晶晶与《你是我的荣耀》入坑记忆,post,167,粉丝点评/记忆表达明确,尛公举养成记丶,#迪丽热巴身材# 迪丽热巴#迪丽热巴乔晶晶# 就这？[酷炫街舞给手][酷炫街舞给手][酷炫街舞给手]回眸一笑百媚生酒红迪迪子美炸 2上海·七宝万科广场 L尛厷举养成記丶的微博视频 ​,https://m.weibo.cn/detail/4547626630650778
白日提灯贺思慕/女鬼鬼王记忆,post,167,粉丝点评/记忆表达明确,迪迪卫研究所,迪丽热巴超话 热搜🔥大家多带图和视频去安利热巴的演技！安利白日提灯！宣传可以在腾讯视频观看⭐跟着以下步骤发帖更有利热搜的热度①点进#迪丽热巴上一秒现代灵魂下一秒贺思慕#和#迪丽热巴白日提灯全集有广# 话题②在热搜页面最下方点讨论发3-5帖，有没有实时都要发③手动加入迪丽热巴超话④输入自己写的安利文案 （在发帖的页面逗留15秒以上）#迪丽热巴白日提灯# dlrb #迪丽热巴贺思慕#,https://m.weibo.cn/detail/5288238331988524
嘻嘻迪/表情包/可爱梗,post,165,粉丝点评/记忆表达明确,盛世牛博,#迪丽热巴跑男只录了12天#谁懂啊！原来迪丽热巴整季跑男全程录制仅仅只有12天短短十二天贡献了无数名场面和治愈瞬间灵动可爱 真诚又努力放下偶像包袱 温柔又鲜活快速融入跑男大家庭成为多少人心中永远的综艺白月光十二天的限定录制却是好几年的念念不忘经典从不限时长迪丽热巴的综艺氛围感永远满分,https://m.weibo.cn/detail/5291989052687460
红毯神图与高定封神造型,post,164,粉丝点评/记忆表达明确,朴碎碎_,再也无法复刻的2019星光大赏封神之夜，现在看依旧强的可怕 L朴碎碎_的微博视频 ​,https://m.weibo.cn/detail/5276344642439355
爱丽丝与热巴的双向奔赴,post,163,粉丝点评/记忆表达明确,三倍甜度,#迪丽热巴 行走的油画# 迪丽热巴微博之夜新视角 热巴：每一次发微博都能感受到我的爱丽丝们满满的爱意和鼓励💗 恬甜填的微博视频,https://m.weibo.cn/detail/4990425760794032
白日提灯贺思慕/女鬼鬼王记忆,post,163,粉丝点评/记忆表达明确,熙岚沁歆_妙妙Z,白日提灯国风宿命感二创动画第二弹来啦！绑定400岁鬼王祖宗后我的五感都为她失控为了我那400年天生缺失五感的鬼王祖宗，我拼了，给灵主大人和少年将军做了一个古今宿命设定二创动画，爱丽丝们喜欢请奖励 一起为归墟灵主贺思慕和她的命定将军段胥 ...全文,https://m.weibo.cn/detail/5281456345842793
爱丽丝与热巴的双向奔赴,post,163,粉丝点评/记忆表达明确,兜兜转转5705189274,#迪丽热巴的生日微博评论区# 不追星很难感受到这样热烈的感情吧～巴粉有个很著名的视频“她会开窗的”，偶像和粉丝的双向奔赴与热爱！迪丽热巴小花生的顶流排面，真的浪漫又用心～,https://m.weibo.cn/detail/4776251560559340
嘻嘻迪/表情包/可爱梗,post,163,粉丝点评/记忆表达明确,瞧_那颗红豆,真把我笑安逸了哈哈哈哈哈🤣邪恶橘子精，很适合当表情包的一款#迪丽热巴贺思慕# #迪丽热巴白日提灯# ​,https://m.weibo.cn/detail/5286501560878643
嘻嘻迪/表情包/可爱梗,post,163,粉丝点评/记忆表达明确,是胖小迪啊,一直觉得小巴巴戏里戏外的反差真的超有魅力！谁懂剧里霸气无比处罚别人不眨眼的女帝贺思慕，戏外居然在萌萌地跳舞，还萌萌地开摩托车🥹正片贺思慕血洗二十四殿那么震撼那么酷飒，戏外小巴巴拿着昆吾刀“哒哒哒”地玩哈哈哈哈🥹想起当年《与君初相识》播出的时候，纪云禾演得太到位了以至于好多观众都觉得迪丽热巴身体不好，结果我们小巴巴在片场萌萌地和别人扳手腕🥹此女完美符合表情包↓,https://m.weibo.cn/detail/5290554054935536
红毯神图与高定封神造型,post,163,粉丝点评/记忆表达明确,非常讲感觉,原来灵主和将军还有这种合照#迪丽热巴陈飞宇一个爆炸头一个牛舔头#考古到迪丽热巴和陈飞宇17年的杂志合照，这个造型也是非常奇特了，热巴是爆炸头，飞宇是牛舔头，全靠颜值撑住的造型。 ​,https://m.weibo.cn/detail/5280367108166981
花少/你好星期六等综艺片刻,comment,163,粉丝点评/记忆表达明确,xiaohei-笑笑,看过那季花少，她性格挺拧巴的，没有明星光环粉丝吹捧综艺里没啥人格魅力，性格魅力秦岚辛子蕾那季我见挺加分,https://m.weibo.cn/detail/5285548141055717
跑男时期综艺名场面,post,161,粉丝点评/记忆表达明确,佩奇踩泥坑April,跑男竟然只录了12天 甜热热的名场面就有好多 转圈这段真的绝了跑男｜迪丽热巴｜ L佩奇踩泥坑April的微博视频 ​,https://m.weibo.cn/detail/5292018133896762
嘻嘻迪/表情包/可爱梗,post,161,粉丝点评/记忆表达明确,崔汀,#白日提灯#见面会，迪丽热巴、陈飞宇生动模仿动画表情包！#我在微博聊电影#迪丽热巴超话 L崔汀的微博视频 ​,https://m.weibo.cn/detail/5286639158691814
跑男时期综艺名场面,post,160,粉丝点评/记忆表达明确,传永一,#迪丽热巴跑男只录了12天#虽然只录制了12天 从青涩到放得开 也制造了不少名场面 她真的特别漂亮 勇敢 在节目中展现了自己的另一面 但是录制时间这么短为什么还被骂呢？ 传永一的微博视频,https://m.weibo.cn/detail/5292036049339619
嘻嘻迪/表情包/可爱梗,post,160,粉丝点评/记忆表达明确,蛋挞_Lotus,谁不想酣畅淋漓的听一次广播剧里大神CV们神仙打架的巅峰对决呢！原耽名场面：顶级声优大赏高能名场面｜极致拉扯｜强强联手这为了贴合角色不惜改变声线，又因为一段情感爆发戏把听众耳朵都听怀孕的离谱操作也是没谁了！广播剧分享｜双男主｜高清无水印｜审美积累｜复古｜怀旧｜手机壁纸｜ipad壁纸｜ins风｜高级感｜暖色调｜冷色调｜颗粒感｜老电影｜好运壁纸｜毛茸茸｜可爱头像｜搞怪｜奇奇怪怪｜头像推荐｜清新｜淡淡的高级感｜韩系｜双人头像｜横屏壁纸田栩宁 梓,https://m.weibo.cn/detail/5293900794435281
跑男时期综艺名场面,post,158,粉丝点评/记忆表达明确,米米妈育儿,#迪丽热巴跑男只录了12天#真的不得不感慨迪丽热巴太过优秀。整季奔跑吧实际录制仅仅十二天，却留下无数出圈名场面。性格灵动温柔，玩游戏认真拼命，大方接地气，毫无偶像包袱，轻松撑起整季综艺热度。短短十几天，氛围感、表现力、路人好感全部拉满，成为无数人心中的综艺白月光。用时很短，惊艳很久，自带魅力与灵气，足以看出她天生适合镜头，实力与氛围感无可替代。 L米米妈育儿的微博视频,https://m.weibo.cn/detail/5292002977254294
演员成长与角色群像评价,post,158,粉丝点评/记忆表达明确,方块小迪,#迪丽热巴# 又陪着迪丽热巴走过了一个人生角色我们下部戏再见👋🏻期待演员迪丽热巴 @Dear-迪丽热巴 电视剧虽然不能同时拥有一切 —— 卫蓝O虽然不能同时拥有一切#虽然不能同时拥有一切# #迪丽热巴卫蓝# @迷你剧虽然不能同时拥有一切 电影日月 —— 嫦娥女足 —— 钰珑 ​,https://m.weibo.cn/detail/5241290390505516
嘻嘻迪/表情包/可爱梗,post,157,粉丝点评/记忆表达明确,Kiirava_12,𝗦𝗛𝗔𝗥𝗘｜迪丽热巴表情包无水印可直存｜实用表情包｜趣味表情包｜表情包｜热门表情包 ｜搞笑表情包｜可爱表情包｜表情包分享｜有趣的表情包｜自制表情包｜斗图｜抽象表情包｜阴阳怪气表情包｜审美积累｜搞怪表情包 ​,https://m.weibo.cn/detail/5294224121793343
演员成长与角色群像评价,post,157,粉丝点评/记忆表达明确,还在吐奶,迪丽热巴超话刚关注她的时候微博粉丝才700w不到，剧里有一句台词“我微博粉丝八百万呢”她在800w那天说“谢谢大家为我添砖加瓦到八百万”第一次被大家关注和喜欢 刚进圈子的小女孩惊喜又惶恐，总觉得自己能被这么多人喜欢是一件很神奇的事情。小爆过后又是长时间的沉淀，后来是pn，全网黑，在八百营销号的血河里淌过也没能打倒她。阿丝也从以前躺平任踩到现在有足够强大的能力去保护她，至少答应给她最好的一次也没食言过。现在5000w了，喜欢她的人真是越,https://m.weibo.cn/detail/4290062155681819
红毯神图与高定封神造型,post,156,粉丝点评/记忆表达明确,22沈泽瀛22,#迪丽热巴W盛典造型仿妆# #谁还没被热巴的鎏金复古神颜美到失语# 跟着教程扒了这套出圈造型，从底妆的缎光感立体修容，到眼尾那抹点睛的孔雀蓝撞色，再到气场拉满的深棕哑光唇，每一步都在还原惊艳。虽然手残党尽力了，但对着镜子还是忍不住感叹：这妆造也太抬气质了！仿完直接get女明星同款氛 ...全文,https://m.weibo.cn/detail/5203952836545608
高雯名场面与早期出圈,post,156,粉丝点评/记忆表达明确,当然有戏__,"#迪丽热巴90花唯一的视后#杨紫 刘亦菲折戟白玉兰，宋佳二封视后，影视圈论资排辈的习惯没有一点改变，娱乐圈众多女星中，80后女星战绩斐然，90后女星没有出头之日。不知道这算不算是一种悲哀呢？就在这样的环境中，迪丽热巴居然突出重围！还记得2018年的金鹰之夜吗？对于迪丽热巴而言，当时26岁的她凭借《漂亮的李慧珍》一举斩获金鹰奖""观众喜爱的女演员""金杯和""最具人气女演员""水晶杯，成为首位包揽双杯的90后女演员。最为重要的是，这个记录保持至今",https://m.weibo.cn/detail/5182566028280951
爱丽丝与热巴的双向奔赴,post,155,粉丝点评/记忆表达明确,扒圈婆,#热巴好汹涌的爱意#爱丽丝接机的时候一直齐声喊着“迪丽热巴，平安喜乐”，整齐又温柔，真的太戳人了。隔着人群都能感受到这份沉甸甸的喜欢，好汹涌的爱意，看得人鼻子一酸。 热巴坐在车里开窗回应时，眼里也泛着泪光，双向奔赴的感情永远好动人。不只是热闹的应援，更是真心换真心，这样温柔又有力量 ...全文,https://m.weibo.cn/detail/5278472399750936
爱丽丝与热巴的双向奔赴,post,155,粉丝点评/记忆表达明确,快乐挖掘机吖,#迪丽热巴看粉丝无人机应援##迪丽热巴后援会#迪丽热巴 呜呜呜看哭了，这是爱丽丝和巴巴的双向奔赴 巴巴还特地回来了，啊啊啊啊非粉都会感动的程度 世上最好的巴巴，生日快乐🎂,https://m.weibo.cn/detail/5173240734685284
跑男时期综艺名场面,post,155,粉丝点评/记忆表达明确,泪酌烬,颠覆认知，原来迪丽热巴当年加盟跑男只录了12天，行程紧凑却表现亮眼，温柔又有活力，颜值实力双在线，每一期都让人印象深刻，难怪大家一直反复怀念#迪丽热巴跑男只录了12天# ​,https://m.weibo.cn/detail/5291987804886838
花少/你好星期六等综艺片刻,post,155,粉丝点评/记忆表达明确,5G冲浪君,《开始推理吧4》这波操作真的有点败好感，迪丽热巴刚传回归就光速退出，说是档期冲突，由丁程鑫常驻，可观众又不是看不懂套路。​​前几季靠着热巴撑住不少热度，推理在线、颜值出圈，多少人是冲她才追的综。结果节目官宣溜粉，临录制直接换人，老粉期待直接落空，嘴上说原班人马，实则说换就换，诚意在哪？​新嘉宾是来了，但观众想看的默契、氛围、熟脸感没那么容易补上。打着情怀旗号，却一次次消耗老粉信任，再好看的剧本，也架不住这么折腾。 L5G冲浪君的微博视频,https://m.weibo.cn/detail/5280245013808355
白日提灯贺思慕/女鬼鬼王记忆,post,154,粉丝点评/记忆表达明确,迪迪卫研究所,迪丽热巴 寻人‼️有没有人是腾讯V4-V8会员？我很需要你们😍 都来加贺思慕挂播群（二），你们身上有对挂播很重要的东西可以给非VIP浩用上（不论是你自己的小浩或其他巴粉） 📣如果领到一天VIP实际是多于24小时足够把40集的《白日提灯》完整播放一次 ⏰例如 4月26日 ...全文,https://m.weibo.cn/detail/5291947747182609
爱丽丝与热巴的双向奔赴,post,154,粉丝点评/记忆表达明确,奈芙er,#迪丽热巴补偿去巴黎的粉丝# 女孩子真的很会爱人 双向奔赴的追星最最最长久了,https://m.weibo.cn/detail/5286971799768956
嘻嘻迪/表情包/可爱梗,post,154,粉丝点评/记忆表达明确,ins半眠日记,#迪丽热巴跑男只录了12天#真的没想到，迪丽热巴当年跑男常驻居然只录了12天，却被剪成一整季12期内容，现在回看真的太感慨了。 短短12天，她留下了超多经典名场面，转圈舞、拼尽全力玩游戏、怕水也硬着头皮挑战水上项目，软萌又敬业的样子，直接成了多少人的综艺白月光，即便镜头有限，也凭自身感染力牢牢抓住观众眼球。 那时候她凭借几部热剧早就人气爆棚，却在节目里毫无架子，贴心帮队友、认真对待每一个游戏，细节里全是真诚啊。 如今再翻起这段往事，更能,https://m.weibo.cn/detail/5292000809059173
跑男时期综艺名场面,post,154,粉丝点评/记忆表达明确,Dusilence,当初真的是被迪丽热巴的人格吸引了回去重看奔跑吧第一期，还依稀记得当年的心动到现在我也再找不出一个这样的人让我喜欢了那个时候开始她就爱对着镜头说话也会婉拒吵闹的娃娃她做任务格外认真，目的单纯，就是为了给队伍多赢一些线索还记得她当时戴着羽毛面具跳舞，向导演组拉票，给小小的老子眼睛都看直了...小小的老子还没开智就知道自己好哪一口。“濯清涟而不妖”，现在想来就是这种感觉。她的美艳和锋芒好像从来不落俗。这种美像是被她从小到大受到的良好教育浸润过,https://m.weibo.cn/detail/5292161588528414
白日提灯贺思慕/女鬼鬼王记忆,post,154,粉丝点评/记忆表达明确,迪迪卫研究所,迪丽热巴超话 搬家了搬家了，带着你的大小孩子搬去新家！！！！把新家填满！迪丽热巴生日就快要到了！全体爱丽丝一起做准备！缺你不行！🔴喜欢说话接龙有氛围的二选一进⬇️①热巴生日快乐屋（3）②热巴生日快乐屋（2）🔴喜欢安静做任务的进⬇️热巴生日快乐屋（禁言1）⚡浩越多越好！一起补浩为热巴生日做准备，不会看视频！⚠️补了之后要🐏的，不会🐏的看这里微博正文#迪丽热巴贺思慕# dlrb#迪丽热巴白日提灯# dlrb#白日提灯#,https://m.weibo.cn/detail/5294122056550914
红毯神图与高定封神造型,post,154,粉丝点评/记忆表达明确,熙尘万物看侃吧,#只记得那晚大家都在等热巴出场#不得不要说将热巴与名利场锁死 从玫瑰刺绣裙到金属质感高定，每次亮相都戳中审美！颜值抗打还懂用造型讲故事，这才是名利场该有的惊艳模样👏 - 2020年星光大赏：迪丽热巴头戴皇冠，身穿玫瑰刺绣拖尾长裙，高贵优雅，犹如身处玫瑰庄园的在逃公主。 ​- 2020年微博之夜：内场中，她身穿丝绒黑裙，搭配双层珍珠与复古盘发，致敬奥黛丽·赫本，被外国媒体夸赞为“奥黛丽·赫本完美继承人”。 ​- 2021年拾光盛典：她身着,https://m.weibo.cn/detail/5249533644113063
白日提灯贺思慕/女鬼鬼王记忆,post,153,粉丝点评/记忆表达明确,迪迪卫研究所,迪丽热巴 🔥贺思慕今晚冲2.45亿🔥周末要冲3亿🔥 角色热度是热巴个人的成绩，是代表爱丽丝对巴的爱 有能力的送礼物，【目前是时间尾数2、8送礼物】 例如：18:38、18:42、18:48、18:52、18:58 🎁加送白日提灯集均上二千！ 或时刻注意所所的博，看号召有否更改时间 🏮不论是灵珠/灯/册都 ...全文,https://m.weibo.cn/detail/5286223654423551
枭起青壤/聂九罗表演突破,post,153,粉丝点评/记忆表达明确,海底养花城,电视剧枭起青壤超话 我美丽的傲娇小猫咪失去记忆的聂大小姐真的太对味了，拽拽的超心动迪丽热巴｜枭起青壤 L海底养花城的微博视频 ​,https://m.weibo.cn/detail/5290971173488210
白日提灯贺思慕/女鬼鬼王记忆,post,153,粉丝点评/记忆表达明确,n婆婆n,#迪丽热巴白日提灯# 贺思慕🫘角色榜做了吗？还有一个小时，能不能冲上去？白日提灯话题90.5亿了，太棒了！争取这一俩天就破百亿吧小散粉们都在努力没放弃，我们这些老粉也不能放弃呀迪丽热巴超话 ​,https://m.weibo.cn/detail/5286289445232786
红毯神图与高定封神造型,post,151,粉丝点评/记忆表达明确,咸鱼本不咸,#张凌赫知道热巴白宇退出开推的反应#谁懂啊！作为一个从第三季垂直入坑的新粉，我的心真的碎成了二维码。我的反应也跟张凌赫一样，不可能，绝对不可能！对我来说，赫丽摸金宇就是不可分割的整体，哪怕你们加再多飞行嘉宾我都能接受，唯独不能接受核心成员的缺席。那可是迪丽热巴啊！那个推理在线、颜值封神的她，怎么可以说走就走？没了她的开推，我的快乐也缺了一角。还有最帅的白宇也缺席了，笑起来痞痞的白宇，周柯宇最爱的白宇哥哥。看节目就爱他们几个人凑在一起唠嗑,https://m.weibo.cn/detail/5279974786599035
白日提灯贺思慕/女鬼鬼王记忆,post,151,粉丝点评/记忆表达明确,高雅枭士,#迪丽热巴白日提灯# #迪丽热巴贺思慕# 最近一直在安利白日提灯，用特效和巴姐美貌征服老板午休搞搞投屏了 ​,https://m.weibo.cn/detail/5280100460271629
白日提灯贺思慕/女鬼鬼王记忆,comment,151,粉丝点评/记忆表达明确,傅铂涵闹闹,我的小小姐姐，她是万灵之主，也是我想保护的人#白日提灯#,https://m.weibo.cn/detail/5279940612196936
白日提灯贺思慕/女鬼鬼王记忆,comment,150,粉丝点评/记忆表达明确,爱迪87乐,够了够了小碗姐，你寄过来给我辨别一下是不是灵主大人手上那只呗#迪丽热巴白日提灯# #白日提灯# #迪丽热巴贺思慕#,https://m.weibo.cn/detail/5282996090569658
花少/你好星期六等综艺片刻,post,149,粉丝点评/记忆表达明确,Viptranslator,花少8李超最近在广招流量，毕竟流量明星关系招商。但是流量不是全部，7个人1个最好。比如花少5大流量迪丽热巴，花少7大流量龚俊。绝不能有2个大流量，不然绝对粉丝吵架，节目就毁了，想想花少4和花少6大家都懂。 然后其他6个人最好是那些流量不高，要有综艺感不错，性格不错最好东北的，观众缘和国民 ...全文,https://m.weibo.cn/detail/5281530169786926
迪拜报平安/守护型记忆,post,149,粉丝点评/记忆表达明确,A李子哥,#迪丽热巴报平安##巴黎时装周#迪丽热巴粉丝们，现在美女有消息了吗，一定要平安啊，迪丽热巴·迪力木拉提希望你平安回来,https://m.weibo.cn/detail/5272855463069151
跑男时期综艺名场面,post,149,粉丝点评/记忆表达明确,非天ol,#迪丽热巴跑男只录了12天##实时热搜创作激励计划# 时光从不辜负真诚，短短数日亮相，便能定格数年温柔情怀。迪丽热巴当年参与户外综艺录制，实际出镜时间十分有限，却凭借自然灵动的状态，留下一季深入人心的精彩画面。节目后期整合镜头素材延伸叙事节奏，也让她曾经承受不少无端外界杂音。录制期间她认真配合全部环节，吃苦耐劳温柔待人，诸多暖心小细节如今被大家重新看见。时隔多年相关画面再度被热议，大家纷纷感慨她的敬业底色，也更愿意聚焦她如今踏实拍戏、稳,https://m.weibo.cn/detail/5292007204589867
跑男时期综艺名场面,post,148,粉丝点评/记忆表达明确,chayedannnnn,思胥万千超话 🐰🦊#陈飞宇模仿热巴小黄人声音# 🦊🐰#思胥万千# 再次印证纯正巴瑟风味之一我妈又懵懵得记错题了，萌鼠了，我爸依旧靠谱得猜到关键词。呃呃呃然后梦回一些跑男迪特别萌啊啊啊啊啊然后当时跑男团的反应就是只有我豹侧过去嗯….啊啊啊啊沉飞羽给我一种习惯了的感觉（别打我 Lchayedannnnn的微博视频,https://m.weibo.cn/detail/5285110605680492
爱丽丝与热巴的双向奔赴,post,147,粉丝点评/记忆表达明确,和迪迪一起_,#迪丽热巴请粉丝吃巧克力#充满爱意的眼神 热爱永远都是双向奔赴 cr见水印 和迪迪一起_的微博视频,https://m.weibo.cn/detail/5012893937174560
乔晶晶与《你是我的荣耀》入坑记忆,post,146,粉丝点评/记忆表达明确,黎眠鸢,于途教乔晶晶打游戏你是我的荣耀｜迪丽热巴｜杨洋｜王彦霖｜ L黎眠鸢的微博视频 ​,https://m.weibo.cn/detail/5293876858061990
白日提灯贺思慕/女鬼鬼王记忆,post,145,粉丝点评/记忆表达明确,呱紫,迪丽热巴 鬼王的灵宠（贺思慕＆爱丽丝篇） [碎碎念：弄了开头，因为技术有限，画技辣鸡，一度想放弃，可开都开始了，继续弄完吧，弄都弄了，那就发吧]#迪丽热巴##迪丽热巴开始推理吧##迪丽热巴慕胥辞##迪丽热巴贺思慕# 呱紫的微博视频,https://m.weibo.cn/detail/5185454103331097
红毯神图与高定封神造型,post,144,粉丝点评/记忆表达明确,FashionPolice__,当Dior经典高订美学邂逅全新篇章，#DiorCigale#手袋在不同女性的演绎下，解锁无限可能✨迪丽热巴用千鸟格斗篷的优雅贵气，衬得黑色Cigale复古又矜贵，把法式名媛氛围感稳稳拿捏；郑钦文以松弛随性的居家造型，搭配米白色款，演绎利落又温柔的松弛大女主气场；周也用军绿衬衫混搭粉半裙，柔酷碰撞间，浅 ...全文,https://m.weibo.cn/detail/5292730080035409
李长歌与《长歌行》角色记忆,post,144,粉丝点评/记忆表达明确,红尘笑笑生生不息,#与君初相识云合集均破5000万# 恭喜热巴和国超再添一部高播放量剧集。云合以前集均破亿发战报，现在5000万也发了。从去年8月开始，云合集均破5000万的剧集有：肖战、张婧仪《藏海传》2025虞书欣、丁禹兮《永夜星河》2024杨紫、李现《国色芳华》2025赵露思、陈伟霆《许我耀眼》2025杨幂、欧豪《生万物》2025彭昱畅、侯明昊《异人之下》2023张译、黄志忠《光荣时代》2019闫妮、李光洁、蒋欣《小巷人家》2024宋佳、佟大为《小,https://m.weibo.cn/detail/5287349191706338
任安乐/帝梓元角色记忆,post,144,粉丝点评/记忆表达明确,迪迪卫研究所,#迪丽热巴任安乐#dlrb#迪丽热巴安乐传#天天催养豆结果一天比一天少，今天到现在都没破百，什么情况，安旎安乐是不打算管了吗再不动安旎安乐来了你拿什么保护她们？趁着还没来都给我自觉去养迪丽热巴公诉精英|迪丽热巴安旎|迪丽热巴安乐传|迪丽热巴任安乐|迪丽热巴帝梓元@Dear-迪丽热巴 ​​​,https://m.weibo.cn/detail/4819515043481115
花少/你好星期六等综艺片刻,post,141,粉丝点评/记忆表达明确,木子Li玲--,#网传开推4常驻女嘉宾只剩下金靖了#网传《开始推理吧4》阵容大调整，常驻女嘉宾仅剩金靖一人，此前备受期待的迪丽热巴退出常驻，白宇也转为飞行嘉宾，原班人马未能全员回归。消息一出，不少老粉感到遗憾，上一季双女嘉宾的搭配默契十足，脑力与综艺效果兼备，如今阵容变动，让很多人担心节目氛围与化学反应难以复刻。 金靖综艺感强、放得开，是节目里的气氛担当，独自扛起女常驻大旗，表现值得期待。但节目从双女主变为单女常驻，嘉宾结构变化明显，也让观众对新一季的,https://m.weibo.cn/detail/5264678167250794
嘻嘻迪/表情包/可爱梗,post,140,粉丝点评/记忆表达明确,晨弟浅说,这么活泼可爱的热巴你们见过吗？ #迪丽热巴软萌鲜活#迪丽热巴 晨弟浅说的微博视频,https://m.weibo.cn/detail/5280991679876595
爱丽丝与热巴的双向奔赴,post,140,粉丝点评/记忆表达明确,赐泠,迪丽热巴#迪丽热巴大理粉丝接机# 迪丽热巴和爱丽丝一直是双向奔赴的🥹🫳🏻🫳🏻宝宝真的特别好 ©logo 我们目前先是什么都不做的微博视频,https://m.weibo.cn/detail/5143341075795264
演员成长与角色群像评价,post,140,粉丝点评/记忆表达明确,念迪与提,#迪丽热巴卫蓝# dlrb#迪丽热巴# dlrb#迪丽热巴虽然不能同时拥有一切# “保持一颗对所有事情都新鲜的心，永远对这个世界抱有善意，保持初心，永远用清澈的眼神看待这个世界。不害怕被遗忘，努力留下好的作品。”——@Dear-迪丽热巴 ​,https://m.weibo.cn/detail/5293447441552179
迪拜报平安/守护型记忆,post,139,粉丝点评/记忆表达明确,摸鱼频道,热巴总是这么周到，把对粉丝的心意放在心头，对远赴巴黎的粉丝念念不忘。最好的关系就是双向奔赴，一定平安。#热巴工作室回应缺席时装周##迪丽热巴工作室回应缺席时装周#,https://m.weibo.cn/detail/5272389233675008
花少/你好星期六等综艺片刻,post,139,粉丝点评/记忆表达明确,潮流精神病人,《开始推理吧4》这波变动，确实让人有点惋惜。迪丽热巴在前三季里，不管是搜证时的细心，还是推理时的反差萌，都圈了不少粉，突然不参加，老粉肯定觉得少了点什么。节目组这操作倒是把流量密码玩明白了，拉来章若楠、王楚然跟张凌赫组CP，又让陈妍希搭档周柯宇，明显是想靠CP话题冲热度。丁程鑫来替迪丽热巴，估计是想吸引年轻观众，毕竟他粉丝基础扎实，综艺感也不错。不过话说回来，关晓彤飞行一期倒是让人有点期待，她之前在推理类节目里表现挺机灵的，不知道这次能,https://m.weibo.cn/detail/5264680404912376
白凤九与三生三世情怀,comment,139,粉丝点评/记忆表达明确,是可爱本爱,这肯定是真粉丝，因为三生三世我的记忆点是全网都在等素素跳诛仙台还有又廷演技能整容,https://m.weibo.cn/detail/5281465973871458
李长歌与《长歌行》角色记忆,post,138,粉丝点评/记忆表达明确,忆夏知,➤眉眼依稀旧梦➤恰有故人之姿#贺思慕造型梦回李长歌##迪丽热巴贺思慕蝉联角色热度冠军# ​,https://m.weibo.cn/detail/5286553061688021
跑男时期综艺名场面,post,138,粉丝点评/记忆表达明确,我去捉星星啦,#迪丽热巴跑男只录了12天#迪丽热巴在《奔跑吧》中的录制时长被曝仅为12天，但观众对其表现印象深刻。部分网友认为，她在节目中展现的可爱、真诚与活力（如甜热热、胖迪等昵称）迅速圈粉，塑造了“白月光”般的经典形象。例如，有观点强调“12天热度断层”“天生红人命”，凸显其短期爆发的影响力。 ​,https://m.weibo.cn/detail/5291985818355148
嘻嘻迪/表情包/可爱梗,post,138,粉丝点评/记忆表达明确,Coconut_椰序,𝐇𝐢𝐝𝐞｜爱情公寓封神名场面｜关谷与父爆笑争吵｜悠悠见家长！萌宠头像｜治愈系头像头像安利｜卡通手绘｜软萌头像｜审美封神｜可爱爆棚｜毛茸茸萌物｜平板全屏壁纸｜手机超清壁纸｜小红书热榜｜无水印原图｜转运好运｜搞怪趣味｜小众独特｜清新温柔｜氛围感拉满｜韩系极简｜高级质感｜闺蜜双人头像｜横屏护眼壁纸 张子枫｜周也｜鞠婧祎｜张婧仪｜欧阳娜娜｜文淇｜陈都灵｜杨幂｜赵今麦｜卢昱晓｜白鹿｜刘亦菲｜Angelababy｜刘浩存｜李兰迪｜徐若晗｜杨超越｜田,https://m.weibo.cn/detail/5284123985316871
跑男时期综艺名场面,post,138,粉丝点评/记忆表达明确,Taeh6ju7k_,迪丽热巴超话 看利剑玫瑰真的入坑了迪丽热巴真的好美好帅演技也超好以前看是跑男的时候当时就觉得超级美问问新粉入坑该做什么 ​,https://m.weibo.cn/detail/5197516350952527
生日生贺与小小迪陪伴记忆,post,138,粉丝点评/记忆表达明确,揽胸口,#迪丽热巴晒照祝福祖国#奇怪，热爱祖国不是时时刻刻的事吗？看了什么听到了什么突然想要大喊一声便大喊了一声，我还必须要憋到十月一日才能喊？所以你们平时都不会爱你们的父母，只有每年父母生日了才会对他们说爸妈我祝你们幸福快乐？果然，肮脏的人看什么都肮脏，人以群分，下面回复鼓掌抖机灵的也是够low。,https://m.weibo.cn/detail/4687245258789398
生日生贺与小小迪陪伴记忆,post,137,粉丝点评/记忆表达明确,Dear迪丽热巴湖北分会,#迪丽热巴0603生日快乐# 【2026迪丽热巴湖北生日线下】 两江灯火照三镇，黄鹤临风瑞气延。 东湖含翠凝佳景，长桥卧波揽晴烟。 荆楚初心牵暖意，湖城厚意赠清妍。 愿君岁岁繁花伴，一路荣光步步仙。 生日如期而至，我们又将相聚在一起，为巴庆生🎂@Dear-迪丽热巴 📆【时间】：2026.05.17（周日 ...全文,https://m.weibo.cn/detail/5293825522404716
李长歌与《长歌行》角色记忆,post,137,粉丝点评/记忆表达明确,Hannayio,#吴磊看迪丽热巴眼神#阿耶阿娘是不是看起来特别登对？！那就来长歌行看看我们双A歌隼的双向救赎双向奔赴的绝美爱情吧！！绝对入股不亏！！看了都说好！！,https://m.weibo.cn/detail/4630753805599602
嘻嘻迪/表情包/可爱梗,comment,137,粉丝点评/记忆表达明确,无没法,哈哈哈哈哈哈哈，太可爱了吧，真的很有趣,https://m.weibo.cn/detail/4980676061299668
乔晶晶与《你是我的荣耀》入坑记忆,post,136,粉丝点评/记忆表达明确,n婆婆n,#迪丽热巴微博之夜发型拆解#半新不旧的巴粉我这几天收了好多@Dear-迪丽热巴 未出道前的照片，好纯真好漂亮啊！这娃打小就是个美人坯子美人坯子啊粉雕玉琢的小娃娃图至图18分别向大家走来的是迪丽热巴分巴: 安旎，任安乐，乔晶晶，李长歌，高雯，纪云禾，丽姬，凌七七，阿娜尔罕，周放，桃凤九，枕凤九……,https://m.weibo.cn/detail/4885454116362730
嘻嘻迪/表情包/可爱梗,comment,136,粉丝点评/记忆表达明确,续写雨霁,哈哈哈哈哈哈哈这些表情包,https://m.weibo.cn/detail/5119792709370676
新疆舞与舞台表现名场面,post,135,粉丝点评/记忆表达明确,CB_cht,#迪丽热巴戴着面纱跳新疆舞#我人🈚️真的 毫不夸张的讲 真的是眼前一亮出场也太绝了吧！我小外甥女站在餐椅上就往电视那够（上次见她这么激动还是春晚看陈伟霆）我妈和我姐夫一直在夸小巴又美又白眼睛还大我姐让我外甥女多看看美女 将来也这么漂亮哈哈哈哈哈哈（原话是“吸吸人家的美貌”）小巴最近这几次都好绝啊！,https://m.weibo.cn/detail/4588324007709526
爱丽丝与热巴的双向奔赴,post,132,粉丝点评/记忆表达明确,Dear迪丽热巴山东分会,#迪丽热巴贺思慕# 本次痛楼活动圆满完成✅ 揽星入梦，如约而至； 以灯为引，昼赴泉城。 感谢每一位到场的粉丝应援，借着一城春色，赴一场双向奔赴。 动听的歌声，合影的笑容，都是送给贺思慕最动人的夏日序曲。 时间虽短，热爱绵延 祝演员@Dear-迪丽热巴 新剧《白日提灯》收视长虹，热度大爆！ 期待 ...全文,https://m.weibo.cn/detail/5284820609400904
花少/你好星期六等综艺片刻,post,131,粉丝点评/记忆表达明确,椿幸织猫序,"开推发布会全员玩梗,只有周柯宇纯在被整开始推理吧｜金靖｜张凌赫｜白宇｜刘宇宁｜迪丽热巴｜张凌赫 L椿幸织猫序的微博视频 ​",https://m.weibo.cn/detail/5294073749701134
花少/你好星期六等综艺片刻,post,130,粉丝点评/记忆表达明确,椿幸织猫序,金靖张凌赫冤种姐弟，一整个梦回云之羽 开始推理吧｜刘宇宁｜迪丽热巴｜金靖｜张凌赫 椿幸织猫序的微博视频,https://m.weibo.cn/detail/5292775362790174
嘻嘻迪/表情包/可爱梗,post,130,粉丝点评/记忆表达明确,颜与YY_,𝐇𝐢𝐝𝐞｜隐身的名字名场面｜少男少女纯爱互动 萌宠头像｜治愈系头像头像安利｜卡通手绘｜软萌头像｜审美封神｜可爱爆棚｜毛茸茸萌物｜平板全屏壁纸｜手机超清壁纸｜微博热榜｜无水印原图｜转运好运｜搞怪趣味｜小众独特｜清新温柔｜氛围感拉满｜韩系极简｜高级质感｜闺蜜双人头像｜横屏护眼壁纸 张子枫｜周也｜鞠婧祎｜张婧仪｜欧阳娜娜｜文淇｜陈都灵｜杨幂｜赵今麦｜卢昱晓｜白鹿｜刘亦菲｜Angelababy｜刘浩存｜李兰迪｜徐若晗｜杨超越｜田曦薇｜孟子义｜虞,https://m.weibo.cn/detail/5286455186294006
演员成长与角色群像评价,post,129,粉丝点评/记忆表达明确,夏天的泡泡OvO,#郝阿三大学同学说其非常仗义#郝阿三仗义没的说！比如以前在张小斐与孙茜《我就是演员》的剧本纠纷中，他就公开发文维护张小斐，展现出极强的“护犊子”能力，为张小斐硬刚争议、护艺人真是超给力，同学夸他，这简直是大实话了！ L夏天的泡泡OvO的微博视频 ​,https://m.weibo.cn/detail/5279236424206964
爱丽丝与热巴的双向奔赴,post,128,粉丝点评/记忆表达明确,折今枝,#迪丽热巴 春晚分会场#吃🍉不信🍉，只知道家姐24年春晚舞台很出彩迪丽热巴和爱丽丝是一直双向奔赴的呀！！！,https://m.weibo.cn/detail/5260207414576756
行走的油画/神女美貌出圈,post,128,粉丝点评/记忆表达明确,紫元_梅花诗,接着前面讲的牛郎织女，再讲一些补充的玄学思路。近日写的很多预计都会围绕着贾跃亭，集中写完估计会休息一下，他确实是我目前最感兴趣的人了，这些对于他的分析预测，也可以当作是我自己的玄学博士后毕业论文吧。那丙午丁未年的纳音＂天河水＂呢，跟牛郎织女相关，其实也挺明显的，我前面不是说广州一开年竞拍了多年沉寂的赛马场地块吗，这地就是位于广州＂天河＂区，而且是最核心的地块，也可见这两年与＂天河＂也强相关。那么，我们可以轻易联想到，就是说这个故事也涉及,https://m.weibo.cn/detail/5274286135708321
嘻嘻迪/表情包/可爱梗,post,127,粉丝点评/记忆表达明确,迷惑小记,#迪丽热巴跑男只录了12天#原来迪丽热巴当年在跑男实际录制时长只有短短12天，却留下了无数深入人心的名场面，温柔又鲜活的模样让人记忆长存。 当初追这档综艺，完全是冲着热巴每期准时守候，一期不落认真追更。她在节目里灵动可爱，抛开偶像包袱，玩游戏真诚投入，性格大方治愈。 但同时也格外心疼她，只是安心参与节目录制，却因莫名的组合话题，无端承受了许久的非议与指责。明明只是好好营业、认真工作，却平白遭受很多不必要的负面言论，实在让人意难平。 短短,https://m.weibo.cn/detail/5291986342904866
演员成长与角色群像评价,post,127,粉丝点评/记忆表达明确,47追的是光啊,谁懂入坑角色的杀伤力一晃就喜欢小巴巴八年多了谢谢你成为李慧珍@Dear-迪丽热巴 ​,https://m.weibo.cn/detail/5195695125435385
嘻嘻迪/表情包/可爱梗,post,127,粉丝点评/记忆表达明确,你听风泠响了,蓝色系清新壁纸｜萌宠头像｜治愈系头像头像安利｜卡通手绘｜软萌头像｜审美封神｜可爱爆棚｜毛茸茸萌物｜平板全屏壁纸｜手机超清壁纸｜无水印原图｜转运好运｜搞怪趣味｜小众独特｜清新温柔｜氛围感拉满｜韩系极简｜高级质感｜闺蜜双人头像｜横屏护眼壁纸 张子枫｜周也｜鞠婧祎｜张婧仪｜欧阳娜娜｜文淇｜陈都灵｜杨幂｜赵今麦｜卢昱晓｜白鹿｜刘亦菲｜Angelababy｜刘浩存｜李兰迪｜徐若晗｜杨超越｜田曦薇｜孟子义｜虞书欣｜迪丽热巴｜刘诗诗｜章若楠｜沈月｜古,https://m.weibo.cn/detail/5293049741312227
新疆舞与舞台表现名场面,post,126,粉丝点评/记忆表达明确,萌宅樱糕,任豪创造营舞台直拍，表情镜头满分帅气，当年最好看的就是他，连迪丽热巴都直接夸任豪好帅，果然大众眼光是雪亮的。 L萌宅樱糕的微博视频 ​,https://m.weibo.cn/detail/5278243075915936
枭起青壤/聂九罗表演突破,post,123,粉丝点评/记忆表达明确,开眼看试卷,#入坑迪丽热巴太容易了#吻上迪丽热巴就如呼吸一般简单✌来预约枭起青壤好嘛🥺 ​,https://m.weibo.cn/detail/5229606019793009
嘻嘻迪/表情包/可爱梗,post,123,粉丝点评/记忆表达明确,焦糖牛奶冰美式,#邓伦# 我宝子的剧什么时候都能打百看不厌一千零一夜让我垂直入坑审美太好了这剧，太甜太帅太养眼了还很搞笑哈哈哈😂 ​,https://m.weibo.cn/detail/5290999049884649
爱丽丝与热巴的双向奔赴,post,122,粉丝点评/记忆表达明确,RJ冉简,迪丽热巴#迪丽热巴拍摄花絮里有饭撒彩蛋##迪丽热巴签名飞吻比心# 有一种双向奔赴的爱❤️ 爱丽丝❤️迪丽热巴·迪力木拉提 爱丽丝们签收惊喜📦 RJ冉简的微博视频,https://m.weibo.cn/detail/5090436261612769
花少/你好星期六等综艺片刻,post,122,粉丝点评/记忆表达明确,月影素寒流2,#开推老粉意难平#请不要把白宇跟迪丽热巴架在火上烤，他们有规划自己职业生涯的权利，也不要给新嘉宾难堪ok? ​,https://m.weibo.cn/detail/5280024634590281
白凤九与三生三世情怀,post,122,粉丝点评/记忆表达明确,愔Y嫕,发布了头条文章：《三生三世枕上书番外（宋命八卦）》 电视剧三生三世枕上书超话 #电视剧三生三世枕上书# #三生三世枕上书番外# #为枕上书续写番外# #迪丽热巴白凤九# #高伟光东华帝君# #宋命CP# 宋命是枕上书中最衬红花的绿叶，最尽责的助攻，我快乐的源泉。听听今日帝君说什么了... O三生三世枕上书番外（宋命八卦）,https://m.weibo.cn/detail/4488657458967576
爱丽丝与热巴的双向奔赴,comment,122,粉丝点评/记忆表达明确,羊羊咩云,爱丽丝齐声喊平安喜乐，爱意真的好戳心,https://m.weibo.cn/detail/5278306905883732
红毯神图与高定封神造型,post,121,粉丝点评/记忆表达明确,阿娜酱汁,#33岁迪丽热巴状态# 红毯上美到封神， 新剧里素颜女警又飒又真实， 完全看不出年龄感， 这颜值和气质，内娱独一份 #一分钟精选视频扶持计划# 阿娜酱汁的微博视频,https://m.weibo.cn/detail/5293007960279531
跑男时期综艺名场面,post,120,粉丝点评/记忆表达明确,_1song,谁能想到，迪丽热巴跑男只录了12天迪丽热巴当年在跑男常驻一整季，12期全镜头，满满的综艺名场面原来全靠剪辑“拉长”。这营业效率和综艺感真的绝了迪丽热巴 | 奔跑吧 | 白日提灯 | 迪丽热巴跑男只录了12天 ​,https://m.weibo.cn/detail/5291989395309522
白日提灯贺思慕/女鬼鬼王记忆,post,119,粉丝点评/记忆表达明确,老特拉福德的糖猫儿,#迪丽热巴2部待播剧5个角色#万灵之主贺思慕，柔弱贺小小，邪恶砂糖橘乔燕，白领卫蓝，主妇卫蓝。《白日提灯》和《虽然不能同时拥有一切》真的让我们双子座的迪丽热巴演爽了！ 最最最重要的就是，明天中午十二点一起来腾讯视频看《白日提灯》呀！ 迪丽热巴粉丝豪送152888➕云包 ...全文,https://m.weibo.cn/detail/5281154149909347
爱丽丝与热巴的双向奔赴,post,119,粉丝点评/记忆表达明确,老特拉福德的糖猫儿,#迪丽热巴给粉丝的巴黎售后#永远会被迪丽热巴和爱丽丝得双向奔赴所感动！ 而且迪丽热巴真的很懂女孩子喜欢什么，送的小礼物都超级用心。 因为之前巴黎的事，迪丽热巴给去了巴黎的粉丝们准备了补偿的礼物和亲签，她真的好好！,https://m.weibo.cn/detail/5286938538935173
爱丽丝与热巴的双向奔赴,post,119,粉丝点评/记忆表达明确,浩晨同学,娱乐#迪丽热巴上车后又下车收信#她自己亲自跑过去收信 没派工作人员过去 很亲和对粉丝真的尊重 迪丽热巴和爱丽丝双向奔赴，怎么出道这么久对粉丝的热情还像新人美时期啊啊啊！宠粉第一人,https://m.weibo.cn/detail/5264198013288932
爱丽丝与热巴的双向奔赴,post,119,粉丝点评/记忆表达明确,梨花予,#迪丽热巴补偿去巴黎的粉丝# 迪丽热巴真的好真诚太宠粉了，粉丝千里迢迢奔赴心意，热巴都默默记在心里，给粉丝送了亲签和相机礼盒，我真的羡慕了，双向奔赴的感情也太好了！欢迎来看白日提灯！ 梨花予的微博视频,https://m.weibo.cn/detail/5286949927520939
迪拜报平安/守护型记忆,post,118,粉丝点评/记忆表达明确,一笑琅然Echo,#曝迪丽热巴滞留迪拜原因# 万幸安全回到国内，回国后，迪丽热巴团队重组，目前平稳运行，并运营尚佳，粉丝关心正主天经地义，目前在播的《白日提灯》好评满满，当初爱丽丝盯着妆造提了很多建议，果然不负众望，贺思慕太好看了 一笑琅然Echo的微博视频,https://m.weibo.cn/detail/5282544385789671
白日提灯贺思慕/女鬼鬼王记忆,post,118,粉丝点评/记忆表达明确,缘行V,思胥万千#慕胥辞##贺思慕##段胥# 剧情向剪辑，很喜欢 cr：R.A-热巴de爱丽丝、badada烘焙坊、Nahnu0603迪丽热巴、遇焦记、一个快乐城堡、花桥荣记、慕言胥语、四月槐序_陈飞宇、拍图的宁采臣 缘行V的微博视频,https://m.weibo.cn/detail/5123028767738271
跑男时期综艺名场面,post,118,粉丝点评/记忆表达明确,zhuftingc1,#迪丽热巴跑男只录了12天#2026年4月26日热搜考古：迪丽热巴2017年以代班常驻录《奔跑吧》第五季，实际仅12个工作日，素材剪出12期、播出近3个月。凭转圈入场、泥潭挑战等名场面圈粉，被称“综艺高效天花板”，相关话题引爆全网热议。 ​,https://m.weibo.cn/detail/5292094865277570
迪拜报平安/守护型记忆,post,118,粉丝点评/记忆表达明确,瑞安融媒,#台湾热议台胞证能救命#【回击绿营抹黑，#台网民说台当局帮不上忙就闭嘴#】美以对伊动武后，中东危机加剧。中国驻以色列使馆 3月1日凌晨发布 “关于在以色列中国公民转移撤离登记的通知”，明确除中国护照持有人外，持台胞证者也可登记撤离。这一举动在岛内引发热议，同时引来绿营抹黑。对此，台网民纷纷在社交媒体发声：“自己帮不上忙就闭嘴，还要指责伸手帮忙的有问题，人民花钱就养了这样一帮人？”据台湾联合新闻网1日报道，中国驻以色列使馆通知建议在以中国,https://m.weibo.cn/detail/5272395994109905
爱丽丝与热巴的双向奔赴,post,117,粉丝点评/记忆表达明确,秋也千秋,#迪丽热巴唱生日歌为嘉行庆生# 永远真诚的迪迪我们永远是体面人的宝，她有一种别人怎么对她，她都很尊重别人，不会越过自己的底线，十幕大多数都是和粉丝的双向奔赴@Dear-迪丽热巴,https://m.weibo.cn/detail/5081537757058825
白日提灯贺思慕/女鬼鬼王记忆,post,117,粉丝点评/记忆表达明确,大遥,迪丽热巴超话#热巴# 不是粉丝都会惊艳到的地步！垂直入坑！真的美绝了！期待白日提灯 #迪丽热巴白日提灯##同一个摄影师拍的古力娜扎和迪丽热巴# ​,https://m.weibo.cn/detail/5279653289525859
爱丽丝与热巴的双向奔赴,post,116,粉丝点评/记忆表达明确,三十而驴科普局,#迪丽热巴答应粉丝63张ccd自拍#当63变成一场双向奔赴的约定 63张CCD自拍，不是数字，是迪丽热巴写给粉丝的“情书”。 在《探班100个剧组》里，她笑着接住粉丝抛来的“63分钟Vlog还是63张自拍”的选择题，干脆利落地选了后者——“给大家拍63张CCD自拍！”没有官方套话，没有模糊承诺，就像朋友间随口 ...全文,https://m.weibo.cn/detail/5281083254112675
白日提灯贺思慕/女鬼鬼王记忆,post,116,粉丝点评/记忆表达明确,昱见噜噜泡8o8,"#迪丽热巴的春日心动时刻# dlrb#迪丽热巴慕胥辞# dlrb#迪丽热巴# dlrb#凝聚v力量# 考古*2019 12.20*踏入她的世界 仿佛走进童话 每一帧都是生机 每一瞬都是心动*Stepping into her world is like walking into a fairy tale,Every frame is life, and every moment is heartwarming.@Dear-迪丽热巴",https://m.weibo.cn/detail/5150419894928431
白日提灯贺思慕/女鬼鬼王记忆,post,116,粉丝点评/记忆表达明确,Dear_鸢-,#迪丽热巴# 迪丽热巴超话#迪丽热巴白日提灯# dlrb #迪丽热巴贺思慕# dlrb #白日提灯# 心怀大义守护人间与灵界，贺思慕格局拉满，迪丽热巴快诠释这气魄！ 各种增加预约方法微博正文 迪丽热巴 |白日提灯 |虽然不能同时拥有一切| 贺思慕 | 卫蓝 @Dear-迪丽热巴 L网剧慕胥辞的微博视频,https://m.weibo.cn/detail/5294828921296798
演员成长与角色群像评价,post,115,粉丝点评/记忆表达明确,庭外等迪b,迪丽热巴#超星动告白信箱# 致迪丽热巴：以角色为舟，赴热爱以远 亲爱的胖迪： 提笔写下这封信时，心里满是藏不住的喜欢与骄傲。作为一路追随你的铁粉，我看着你从荧幕初绽的青涩新人，成长为能驾驭万千角色、坚守初心的演员，你的每一步成长，都刻在我心底。 初识你，是《阿娜尔罕》里坚韧 ...全文,https://m.weibo.cn/detail/5271435972972609
嘻嘻迪/表情包/可爱梗,post,115,粉丝点评/记忆表达明确,蛋挞_Lotus,谁不想酣畅淋漓的看一次海绵宝宝今天我不哭呢！比奇堡名场面：今天不哭大挑战章鱼哥打赌｜强行憋泪｜破防瞬间这为了赢下睡衣派对拼命忍住又因为夕阳破防的操作也是没谁了！壁纸分享｜动漫风｜高清无水印｜审美积累｜复古｜怀旧｜手机壁纸｜ipad壁纸｜ins风｜高级感｜暖色调｜冷色调｜颗粒感｜老电影｜好运壁纸｜毛茸茸｜可爱头像｜搞怪｜奇奇怪怪｜头像推荐｜清新｜淡淡的高级感｜韩系｜双人头像｜横屏壁纸田栩宁 梓渝 王俊凯 张新成 陈哲远 沈腾 李一桐 孟子,https://m.weibo.cn/detail/5293160458879466
跑男时期综艺名场面,post,114,粉丝点评/记忆表达明确,水原兎紀,#迪丽热巴跑男只录了12天#没人能不爱跑男迪！！！居然只录了短短12天，这么短的时间丝毫不妨碍名场面频出，给大家留下了很深的印象 ​,https://m.weibo.cn/detail/5292003258534416
新疆舞与舞台表现名场面,post,114,粉丝点评/记忆表达明确,红狐小狐狸,我看了饭拍觉得还可以，好会扭算是又一种突破吧，跨出舒适区不容易，在跨年晚会上挑战自己，她还是挺勇敢的。迪丽热巴出圈舞蹈太多了，我们对她的上限期待的太高，都拿专业爱豆标准衡量她，其实横向对比，真的吊打其他人啦迪丽热巴拉丁舞👉白月光迪丽热巴despacito👉17年zj跨年播放top迪丽热巴小鸡哔哔👉可盐可甜迪丽热巴创造营主题舞👉3526万播放量迪丽热巴生日舞👉横扫抖音迪丽热巴撑腰👉饭拍b站播放量260万➕迪丽热巴野蛮生长睥睨众生，确实是在,https://m.weibo.cn/detail/4455685988814595
白日提灯贺思慕/女鬼鬼王记忆,post,113,粉丝点评/记忆表达明确,欧尼画报,#白日提灯# 我的评分： #白日提灯观后感# 追完《白日提灯》，彻底被这段跨越生死的禁忌爱恋戳中心底，越品越有味道。迪丽热巴演绎的鬼王贺思慕，完全演出了角色的层次感。活了四百年的她，看似冷漠强大，看透世间悲欢，实则藏着数不尽的孤独，守着幽冥之事，独自熬过漫 ...全文,https://m.weibo.cn/detail/5288846130415658
爱丽丝与热巴的双向奔赴,post,113,粉丝点评/记忆表达明确,韩饭桶,永远会被双向奔赴感动 粉丝给巴巴准备生日无人机应援，巴巴也会特意赶回组里 大家都会在爱里越来越好，祝迪丽热巴生日快乐，会永远做你的观众 #迪丽热巴生日工作室发文# .#迪丽热巴看粉丝无人机应援#,https://m.weibo.cn/detail/5173399324199773
爱丽丝与热巴的双向奔赴,post,112,粉丝点评/记忆表达明确,揪只皮卡,#天冷冷的看到迪丽热巴就暖暖的# 迪丽热巴粉丝们太美好了！ 从前总不懂追星的热忱，直到最近老是刷到迪丽热巴和粉丝的双向奔赴，她们把爱意写成信，剪成视频，她们举着饭撒牌，在汹涌人潮中红着眼眶喊她的名字，原来追星从不是单向的仰望，而是你在舞台上发光，我在人海中护航，彼此成为对方生命里最 ...全文,https://m.weibo.cn/detail/5235393093960262
爱丽丝与热巴的双向奔赴,post,111,粉丝点评/记忆表达明确,穿着裤衩子的迪崽,迪丽热巴#迪丽热巴机场挥手打招呼# 又是一场双向奔赴谁说追星没结果，我只相信我们爱丽丝和巴有结果，无论是打开车窗跟我们挥手告别，还是给我们比心，还是给我们一个离别的舞，还是一个简单的挥手，我们都非常开心，因为我们得到了回应，热爱永不止步@Dear-迪丽热巴 ...全文,https://m.weibo.cn/detail/4875974568840515
白日提灯贺思慕/女鬼鬼王记忆,post,110,粉丝点评/记忆表达明确,迪迪卫研究所,#白日提灯# 我的评分： 迪丽热巴#白日提灯观后感# 大家都要给白日提灯评分 每天切浩点五颗星星送给贺思慕 #迪丽热巴贺思慕# dlrb #迪丽热巴白日提灯#,https://m.weibo.cn/detail/5293411331479863
花少/你好星期六等综艺片刻,post,110,粉丝点评/记忆表达明确,当然有戏__,#花少7#《花少七》录制，是重现《花少五》的辉煌，还是继承《花少六》的抓马？大家都知道这个节目在第五季口碑回暖，迪丽热巴、秦岚、辛芷蕾等嘉宾们的化学反应相当奇妙，将群像魅力发挥得淋漓尽致。本以为第六季能够再创口碑新高，没想到周雨彤凭借一己之力吸引全部骂声，嘉宾之间暗戳戳的火味，也让节目可看性大打折扣。从9.3分到3.9分，两季节目的评分差距，其实就代表了节目组选人的重要性。而眼下《花少7》将启动，预计连续录制28天，并且于8月下旬播出正,https://m.weibo.cn/detail/5182198521008710
白凤九与三生三世情怀,post,110,粉丝点评/记忆表达明确,日记本君-Riddle,迪丽热巴超话 祝我亲爱的热巴2020新年快乐，身体健康，事业顺利在工作室下面提意见的，觉得这类歌不适合她的。能不能委婉一点客气一点幽默一点，“姐，我觉得咱下次还是表演相声吧”“姐，我想听你唱甜甜的小情歌”你是dlrb家长吗？是她老师吗？是她死党吗？你是她谁啊提意见语气跟教训人一样觉得造型不好的（我觉得挺好，觉得好的人也不少）你可以说“我觉得造型师还可以进步一下”工作室微博谁都能看到，路人能看到，热巴也能看到。2020了，能不能修炼一下,https://m.weibo.cn/detail/4455682075664909
爱丽丝与热巴的双向奔赴,post,109,粉丝点评/记忆表达明确,不再枯萎我的無畫夏,哎！我们家女孩真好🥹外地的巴粉担心自家妹子淋雨，专门找了当地的店铺订迪丽热巴应援色雨衣发给去线下的粉丝。一群陌生人因为同样爱着一个人聚在一起，真的好伟大！,https://m.weibo.cn/detail/5292359990380018
跑男时期综艺名场面,post,107,粉丝点评/记忆表达明确,卷勋菜_,迪丽热巴跑男居然只录制了12天 把当年小小的老子给迷得不要不要的 L卷勋菜_的微博视频 ​,https://m.weibo.cn/detail/5292035475243438
演员成长与角色群像评价,post,107,粉丝点评/记忆表达明确,趣丸,龚俊、白鹿 领衔主演，檀健次、王鹤润加盟，《绘卿颜》金秋启动.近几年，伴随着古装IP改编风潮的盛行，不少演员凭此脱颖而出，其中当属在《山河令》中一战成名的龚俊备受瞩目。他不仅颜值、演技极佳，人气、流量的发展也是颇为迅速。2015年，龚俊初次踏足影视圈，凭借一部《刀剑缭乱》出现在观众视线，随后在《醉玲珑》、《绝世千金》、《致我们甜甜的小美好》、《从结婚开始恋爱》等几部经典作品中斩获人气。2021年，因为一部《山河令》的热播，龚俊凭借“温客,https://m.weibo.cn/detail/4939822151504178
李长歌与《长歌行》角色记忆,post,107,粉丝点评/记忆表达明确,潮流精神病人,凭啥95花扎堆演古装没人说，就迪丽热巴演古装要被嘲啊？她那颜值明明撑得起各种古装，尤其是异域风的，简直是为她量身定做似的，妥妥的大美女一个！有人说她脸不适合古装，我可不认同。明明是没遇到合适的妆造，你看《长歌行》里李长歌那两个须须的造型，确实差点意思，要是设计得再精致点，肯定好看多了。《白日提灯》就不一样了，光看小说就够让人期待的，想想热巴演里面的角色，凭着她那颜值和灵气，肯定能出彩。这么美的人，就该多演古装，多给我们看点惊艳的造型啊，,https://m.weibo.cn/detail/5277015642210578
生日生贺与小小迪陪伴记忆,post,107,粉丝点评/记忆表达明确,羊角豆豆包,新浪娱乐超话 谁还记得迪丽热巴19年凭借高雯一炮而红吗？在19年那年还引起模仿热潮的生日舞蹈吗#迪丽热巴##亿点曝光计划# L皱1菊1的微博视频 ​,https://m.weibo.cn/detail/4970910978147580
乔晶晶与《你是我的荣耀》入坑记忆,post,107,粉丝点评/记忆表达明确,味道9659,#迪丽热巴乔晶晶##迪丽热巴你是我的荣耀##迪丽热巴东方卫视跨年# 胖迪惊艳出场的时候，觉得那块丝巾有点碍事，自己叨唠了一句要是没丝巾该多好，盛世美颜都被挡住了，结果我家8岁的女儿说：她也喜欢像热巴一样用丝巾遮住，因为她和热巴是双子座，说我不懂，我就这样莫名其妙成路人了，她和热巴才是真爱@Dear-迪丽热巴,https://m.weibo.cn/detail/4588327628708131
红毯神图与高定封神造型,post,106,粉丝点评/记忆表达明确,遇渝栖于栩,#迪丽热巴邓为迪奥生图# 迪丽热巴与邓为在南京迪奥活动的同场亮相，凭借极具电影感的生图状态和断层式的人气应援引爆社交媒体。 即便在雨天光线下，两人的“建模脸”依然扛住了无滤镜镜头，尤其是蓝色系穿搭与现场氛围的深度适配，被盛赞为顶级美学现场。除了造型出圈，粉丝在风雨中的秩序感与暖心互 ...全文,https://m.weibo.cn/detail/5292693782793642
跑男时期综艺名场面,post,106,粉丝点评/记忆表达明确,以爱为妍,#Angelababy郑恺陈赫李晨合影#梦回城市之光，初代跑男，奔跑吧第二季~王祖蓝 陈赫 郑恺 邓超 杨颖 李晨 迪丽热巴#十分钟视频助燃计划# L以爱为妍的微博视频 ​,https://m.weibo.cn/detail/5287301716642374
生日生贺与小小迪陪伴记忆,post,106,粉丝点评/记忆表达明确,我吃了个樱桃,#迪丽热巴 唱跳#小公主@Dear-迪丽热巴 今天表演很赞哦！但是估计大家都热搜里看过了。有幸参与了今年生日会的我，太想和喜欢热巴的路人朋友们，分享一下生日会的表演了。唱歌跳舞💃 真的很棒棒哒呢！太想大声吹一句，真的TM全能选手啊啊啊啊啊啊啊！迪丽热巴生日会focus合集⊙▽⊙☞开场舞＋男团舞＋性感街舞＋《追光者》大合唱☜热巴真的是很宠粉了 L甜小毒的微博视频 ​,https://m.weibo.cn/detail/4455678795620966
乔晶晶与《你是我的荣耀》入坑记忆,post,105,粉丝点评/记忆表达明确,callme卷心菜,#迪丽热巴乔晶晶# @Dear-迪丽热巴 #迪丽热巴你是我的荣耀# “My other half”＝小樱桃🍒 迪丽热巴真的不仅仅是宠粉了，她是把粉丝当做自己生活中的一部分了。 我在和她谈恋爱吗我的天呐 cr见图,https://m.weibo.cn/detail/4539768069428050
红毯神图与高定封神造型,post,103,粉丝点评/记忆表达明确,牯岭街美少年,好糟糕的妆造 中等长发完全不适合做大卷，看着不精神，像乡村理发师烫出来的，蓝色礼服也看着很拖沓，没有美感。 记得热巴以前活动图都不错，现在造型团队这么敷衍了吗？ #迪丽热巴迪奥南京活动人气# #王亚飞 迪丽热巴#,https://m.weibo.cn/detail/5292692897794137
白日提灯贺思慕/女鬼鬼王记忆,post,103,粉丝点评/记忆表达明确,韩流氧气,#陈飞宇年下不叫姐心思有点野##迪丽热巴陈飞宇白日提灯宿命感# 巴瑟你们两个就这样把我的心搅乱！直播里两人只要眼神轻轻一对视，就秒同步默契憋笑，藏不住的小心思都溢出来了~剧中段胥就满心满眼皆是贺思慕，剧外两人互动更是甜蜜拉满，坐等今晚的剧情，解锁更多双向奔赴的心动名场面！#白日提灯#,https://m.weibo.cn/detail/5281794211714870
迪拜报平安/守护型记忆,post,103,粉丝点评/记忆表达明确,Dear-躺胖迪怀里吃香草味冰淇淋,巴宝：几点啦？三点了 快回家睡觉 回家注意安全 真的哭鼠 热巴宝宝和巴粉永远都是相互心疼的宝宝们,https://m.weibo.cn/detail/5158135313466097
白日提灯贺思慕/女鬼鬼王记忆,post,103,粉丝点评/记忆表达明确,纪秋,#白日提灯# 我的评分：#白日提灯观后感#说实话，《白日提灯》开播前我还挺担心会不会又是那种“看脸+谈恋爱”的古偶套路，结果第一集看完我就改观了，直接入坑。它的节奏真的很舒服，开场就把“扶桑木连接三界”“万灵之主”“五感互通契约”这些设定甩出来，信息量大但不乱，属于那种越看越觉得世界观挺有意思的志怪味古装。迪丽热巴的贺思慕太带感了，红衣白发一出场就很有“我不属于人间”的气场，明明是强到离谱的灵主，但她又不是那种冷冰冰的强，她会试探、会算,https://m.weibo.cn/detail/5285004024480078
演员成长与角色群像评价,post,103,粉丝点评/记忆表达明确,一杯红苹果,"#迪丽热巴再被叫胖迪很惊讶#一、事件核心：旧称重现的温柔瞬间现场反应引发热议2026年3月20日迪奥品牌活动中，有现场观众当面呼唤迪丽热巴为""胖迪""。热巴听到后瞬间愣住，随后露出温柔笑意并点头回应。这一自然流露的惊讶表情被现场视频记录，登上微博热搜首位。 粉丝解读惊讶缘由多数粉丝认为她的惊讶源于该昵称已多年未被使用。随着热巴从新人演员成长为顶流明星，公众和粉丝逐渐改用""巴姐""等更成熟的称呼，""胖迪""成为老粉专属记忆。有七年以上老粉直言""",https://m.weibo.cn/detail/5278945465340690
白日提灯贺思慕/女鬼鬼王记忆,post,103,粉丝点评/记忆表达明确,迪迪卫研究所,迪丽热巴超话 速度慢了慢了，昨天一小时能涨三十万角色热度，今天只有二十万，快摇人啊！我还想要一百五十万呢我的梦要破碎了吗有没有人让我想要就得到① 每日免费热度 图二② 切浩攒金币 图三③ 金币/会员积分换花 图四✨任何礼物都是【逢三】送出🔺做完的去二十二集发弹幕 一百条（图五）#迪丽热巴贺思慕# dlrb#迪丽热巴白日提灯#,https://m.weibo.cn/detail/5294612583551276
生日生贺与小小迪陪伴记忆,post,103,粉丝点评/记忆表达明确,迪迪卫突击队,迪丽热巴超话 迪圈2025“晒”星星活动投稿筛选已结束：微博正文5.31（11:30-12:00）第六批星星瓶汇总来啦快去支持你喜欢的星星瓶/纸ps：评论区的都会看但可能来不及更新到合集热爱里的胖迪微博正文奇迹巴巴微博正文对迪心动ing微博正文沦陷玫红巴-预约利剑玫瑰版微博正文第87次心动R微博正文MNReba微博正文最酷三岁半的我微博正文迪迪badada巴微博正文啾咪的葵葵呀微博正文土拨鼠不爱吃玉米微博正文一起热爱吧_微博正文Ler,https://m.weibo.cn/detail/5172337286580970
红毯神图与高定封神造型,post,103,粉丝点评/记忆表达明确,剧评达人,迪丽热巴呀迪丽热巴，实在不行你就不要上晚会了吧！网友们实在是看不下去了！你说你都33岁的女人了，演技好演演戏也就罢了。颜值还是这么漂亮，身材好，红毯造型突出，这也罢了。如今你上了河南卫视中秋晚会，你领舞仙女散花，穿上河南非遗的云肩汉服，这哪里是演的仙女呀，这分明是真正的仙女下凡吧？而且你不止美得不可方物，跳起舞来更是婀娜多姿，仙气飘飘！你说你这么卷，让其他的女明星怎么办呢？迪丽热巴出身艺术世家不说，从小就能歌善舞，曾经是新疆歌舞团成员，,https://m.weibo.cn/detail/5218685285564619
白日提灯贺思慕/女鬼鬼王记忆,post,102,粉丝点评/记忆表达明确,星言剧场,#白日提灯# 我的评分： #白日提灯观后感# 《白日提灯》以人鬼殊途的设定，讲出了最戳心的双向奔赴，看完满心都是触动。 迪丽热巴饰演的贺思慕，是天赋卓绝的鬼王，四百年的孤单独行，让她习惯了用冷漠包裹自己，看似无所不能，实则满心都是无人诉说的落寞，守着旧日执 ...全文,https://m.weibo.cn/detail/5288850066768299
枭起青壤/聂九罗表演突破,post,102,粉丝点评/记忆表达明确,赵瞾说事,看《枭起青壤》迪丽热巴的聂九罗就懂了——哪有什么“天生神图”，不过是角色魅力与演员表现力的双向奔赴，每一帧让人忍不住存图的画面，都藏着满满的细节张力。 可能是聂九罗对峙时，眼神里半是锐利半是坦荡的瞬间，热巴把角色的“强”揉进眼神里，连睫毛的弧度都透着戏；也可能是她身处险境却依旧 ...全文,https://m.weibo.cn/detail/5238470601081558
演员成长与角色群像评价,post,102,粉丝点评/记忆表达明确,極光之愛-幸福相隨,磊麦超话 《來自偶像的讚美也會是內心裡另一種堅定的力量》來看看麥麥的兩位偶像明星怎麼稱讚磊子的，這些點我想麥麥肯定都感受到了，其他人那可是一根手指頭都比不上。與胡歌老師的合作歷程：與胡歌老師三次重要合作，磊子被胡歌老師從小抱到大，對磊子而言，胡歌老師就是如父如兄、亦師亦友的人。2007年：在電視劇《少年楊家將》中，吳磊飾演童年時期的胡歌角色，開啓師徒情緣。2015年：在電視劇《琅琊榜》中，胡歌飾演梅長蘇，吳磊飾演其貼身護衛飛流，主僕情,https://m.weibo.cn/detail/5283354925862123
红毯神图与高定封神造型,comment,102,粉丝点评/记忆表达明确,她和樱桃树,迷恋姐依旧封神,https://m.weibo.cn/detail/5292716661672492
爱丽丝与热巴的双向奔赴,post,101,粉丝点评/记忆表达明确,日落下的小樱花__,双向奔赴的爱 亲自跑过来接粉丝信 ！！ 最后还一直转头挥手 迪丽热巴爱你 日落下的小樱花_的微博视频,https://m.weibo.cn/detail/5139058407244776
白日提灯贺思慕/女鬼鬼王记忆,post,101,粉丝点评/记忆表达明确,星星爱追剧鸭,#白日提灯# 我的评分：#白日提灯观后感#说实话，《白日提灯》开播前我还担心会不会又是那种“看脸就完事”的古偶，结果第一集我就被打脸了——它真的有东西！整体节奏特别舒服，不是那种拖拖拉拉靠误会撑剧情的套路，反而越看越上头。迪丽热巴的贺思慕真的太绝了，红衣白发一出场，我脑子里就一句话：这就是“万灵之主”的气场。她那种冷冷的、懒懒的，但随时能爆发的感觉特别带劲。而且她不是传统意义上的“傻白甜女主”，她很强、很清醒，也很有自己的原则，这一点真,https://m.weibo.cn/detail/5285078709831238
嘻嘻迪/表情包/可爱梗,post,100,粉丝点评/记忆表达明确,泡泡米茶_,综艺名场面｜综艺剪辑｜搞笑片段｜综艺搞笑片段｜现在就出发｜沈腾｜贾冰｜姜妍｜范丞丞｜白敬亭｜黄景瑜｜胡先煦｜孙千｜现在就出发名场面｜现在就出发第3季𝒔𝒉𝒂𝒓𝒆 |古早动漫女头｜Wallpaper壁纸推荐｜暗黑风纯欲少女｜平板动态壁纸｜ ins风壁纸 ｜女生头像｜电脑动态壁纸｜实况壁纸｜鸣潮眨眼｜ipad平板live动态壁纸•动态背景图｜古早旧壁纸｜日系女头｜复古女头𝗪𝗲𝗖𝗵𝗮𝘁 𝙒𝙚𝘾𝙝𝙖𝙩｜小猫头像头像分享| 卡通头像| 可爱头像 |,https://m.weibo.cn/detail/5292420389405172
生日生贺与小小迪陪伴记忆,post,99,粉丝点评/记忆表达明确,椰蓉爱肉桂,迪丽热巴#给迪丽热巴许个星愿# dlrb#星愿生日企划# dlrb #迪丽热巴# 【山东青岛线下生日会vlog】 一场爱丽丝的浪漫赴约💕 感谢大山@Dear迪丽热巴山东分会 感谢组织者@流浪在巴的欣球 感谢提供视频图片素材的可爱阿丝 椰奶是椰羊的奶的微博视频,https://m.weibo.cn/detail/5036127613092710
演员成长与角色群像评价,post,99,粉丝点评/记忆表达明确,秋天有蜡笔小星·YIBO,#迪丽热巴千字长文告别白日提灯# 伴随古装奇幻大剧《白日提灯》温情收官，演员迪丽热巴在4月23日晚间发布千字走心长文，正式深情告别剧中自己倾力塑造的经典角色贺思慕，文字真挚细腻、共情力拉满，瞬间戳中无数追剧观众与粉丝内心，掀起全网刷屏感慨热潮。 此次热巴的收官告别没有模板化套话，全程以 ...全文,https://m.weibo.cn/detail/5291147434918965
爱丽丝与热巴的双向奔赴,post,99,粉丝点评/记忆表达明确,_RY_,#迪丽热巴北京出发进组路透# 啊啊啊啊啊啊啊啊啊 #迪丽热巴# 和粉丝的双向奔赴 话说…🌰怎么塞到保安大哥的手里去了呢,https://m.weibo.cn/detail/5012850297013304
爱丽丝与热巴的双向奔赴,post,98,粉丝点评/记忆表达明确,一只甜斯汀,#迪丽热巴白日提灯逆应援# 迪丽热巴人美心善啊，天气寒冷，不仅给粉丝点了奶茶面包，还点了鸡汤！热巴真的太好了！期待热巴新剧《白日提灯》早日见面呀！！！ #白日提灯# 一只甜斯汀的微博视频,https://m.weibo.cn/detail/5264399002503242
演员成长与角色群像评价,post,98,粉丝点评/记忆表达明确,硬哥追剧,同样是换了东家，有人彻底翻盘，有人却在口碑里挣扎。 2026年2月26日，迪丽热巴终于甩掉了身上背了13年的枷锁。她从老东家转身离开，成立工作室独立运营，粉丝们等这一刻等了太久。 可现实很残酷。换做是你，刚重获自由就撞上作品口碑两极分化的尴尬，你还能坐得住吗？ 同样是导演秦榛的作品，杨紫靠《长相思》稳住基本盘，把剧本权死死攥在手里，甚至已经开始向正剧方向转弯。 反观迪丽热巴，在《白日提灯》里即便气场全开，却因为滤镜和运镜被送上热搜，豆瓣,https://m.weibo.cn/detail/5285740260886982
演员成长与角色群像评价,post,97,粉丝点评/记忆表达明确,渝安就是渝安,#迪丽热巴利剑玫瑰央8重播##参与智搜内容共创赢激励# 迪丽热巴利剑玫瑰央8重播 热巴台词功底太棒了，我完全不用看字幕 邓妍的演技明显比安妮更加成熟自然了，我很佩服热巴，她每一部剧都在进步，都在比之前更好，真的很努力的卷自己 最后 期待迪丽热巴利剑玫瑰央8重播呀 #微博二创视频创作季# 渝安就是渝安的微博视频,https://m.weibo.cn/detail/5293514280672657
爱丽丝与热巴的双向奔赴,post,97,粉丝点评/记忆表达明确,茶系女,#迪丽热巴看粉丝无人机应援# 追星怎么能追谁都一样呢 迪丽热巴为了看粉丝准备的无人机应援特意返回剧组 双向奔赴的爱好戳心 粉丝们有被好好的爱着呀 ㊗️热巴生日快乐哦,https://m.weibo.cn/detail/5173242683723220
红毯神图与高定封神造型,post,97,粉丝点评/记忆表达明确,以爱为妍,#消失的金鹰女神奖#盘点历届金鹰女神礼服出场造型妆造你最爱谁？时隔数年，有人被除名，有人越来越火！金鹰女神历届名单及背景。金鹰女神是中国金鹰电视艺术节的形象标识，自2006年首次设立以来，每年由在电视剧领域表现优异、形象青春健康的女演员担任，于2022年取消至今！以下是截至2025年的完整名单及代表性信息：第一‌届:刘亦菲‌（2006年、2010年）。首位金鹰女神，因《神雕侠侣》《仙剑奇侠传》等剧的清新气质当选，被誉为“天仙下凡”。20,https://m.weibo.cn/detail/5188726340977601
红毯神图与高定封神造型,post,96,粉丝点评/记忆表达明确,高定bot,南京德基广场迪奥甜品主题限时精品店的甜蜜氛围中，全新Cigale手袋以高订美学登场，成为2026秋季系列最受瞩目的先锋之作。由Jonathan Anderson设计，它从迪奥1952年经典“La Cigale”礼服汲取灵感，将高订立裁工艺转化为皮革建筑，利落的几何线条与柔和弧度碰撞，刚柔并济的廓形自带雕塑感。 标志性蝴 ...全文,https://m.weibo.cn/detail/5292731070153741
迪拜报平安/守护型记忆,post,96,粉丝点评/记忆表达明确,这天·纪冷又热·,迪丽热巴 谢谢你 我最最最好的姐姐 看到雨中的我们 宝宝会忍不住心疼。来回踱步两下子，（她一定在原地也着急，希望我们不要着凉啦，注意安全呀） 这长达24h的夜排，漫漫长夜中我们唯一的盼头就是希望能快快见到姐姐，我们爱丽丝不能输！要给姐姐最好的排面！事实证明，我们做到了！ ...全文,https://m.weibo.cn/detail/5292802235699588
红毯神图与高定封神造型,post,96,粉丝点评/记忆表达明确,一秋梨,#迪丽热巴赫本造型# 就问，还有谁？！ 在我心里，内娱封神！！ 身材比例刚刚好，长得漂亮，性格也好，业务能力强，宠粉，没有缺点。 感谢感谢，闪闪发光的大明星，你的每一次惊鸿一瞥，都足以让我心动好久好久，就算以后回忆起，会让我觉得青春有你，不负青春。希望未来的你继续发光，你可 ...全文,https://m.weibo.cn/detail/4609687011727718
跑男时期综艺名场面,post,96,粉丝点评/记忆表达明确,体坛小枫子,当年小小的老子这一段至少拉进度条看了几十遍热巴真诚又拼劲十足，毫无偶像包袱，短暂时光却成了无数人的青春回忆，这就是人格魅力吧！旁边的鹿晗和陈赫都看呆了！#迪丽热巴跑男只录了12天##微博二创视频创作季# L体坛小枫子的微博视频 ​,https://m.weibo.cn/detail/5292002927185448
跑男时期综艺名场面,post,96,粉丝点评/记忆表达明确,不慢a,迪丽热巴超话#迪丽热巴##迪丽热巴跑男名场面##迪丽热巴美美出片# 黄丝带和跑男的夏天@Dear-迪丽热巴 ​,https://m.weibo.cn/detail/5294421384104613
爱丽丝与热巴的双向奔赴,post,95,粉丝点评/记忆表达明确,聂九罗的猫108,迪丽热巴#迪丽热巴平安喜乐##迪丽热巴 白日提灯##爱丽丝永远都在# 亲爱的热巴： 提笔写下这封信的时候，窗外阳光正好，就像我们此刻的心情一样，终于拨云见日。 首先，最想对你说，也是无数次在心里默念的话：欢迎回家，我的女孩。 看到你平安归来的消息，那颗悬了太久太久的心，才终于稳 ...全文,https://m.weibo.cn/detail/5279214626673573
迪拜报平安/守护型记忆,post,95,粉丝点评/记忆表达明确,xi红柿嘶,迪丽热巴报平安 真的好佩服迪丽热巴强大的内核#迪丽热巴 ##迪丽热巴报平安# 爱丽丝 xi红柿嘶的微博视频,https://m.weibo.cn/detail/5272864313315344
嘻嘻迪/表情包/可爱梗,post,95,粉丝点评/记忆表达明确,迪宝甜崽,#迪丽热巴跑男只录了12天#那么善良可爱活泼人品也好的女孩子谁不爱，我就是跑男彻底入坑的。对她有好感是看了她演的高雯，演技真的很棒，看了跑男后更是直接迷上了迪丽热巴这个人。始于颜值，陷于才华，忠于人品，她值得我的喜欢。期待迪丽热巴待播剧虽然不能同时拥有一切，九重天，和电影女足。白日提灯也好好看哦，还在热播中，欢迎来看。L青崖寻酒的微博视频,https://m.weibo.cn/detail/5291984533066722
跑男时期综艺名场面,post,95,粉丝点评/记忆表达明确,真不晚儿,#迪丽热巴跑男只录了12天#谁能想到，当年霸占全网热度、承包无数人青春回忆的热巴跑男常驻时期，全程录制竟然仅仅只有12天。短短十几天的镜头素材，被剪辑延展成一整季内容，衍生出无数经典名场面和超高话题度。短暂的录制时光，却留下了长久的记忆，温柔又努力的人，从来都不会被辜负。,https://m.weibo.cn/detail/5291983734049305
嘻嘻迪/表情包/可爱梗,post,95,粉丝点评/记忆表达明确,祎祎枝,𝐇𝐢𝐝𝐞｜少年包青天封神名场面｜包拯遭知府刁难！ 萌宠头像｜治愈系头像头像安利｜卡通手绘｜软萌头像｜审美封神｜可爱爆棚｜毛茸茸萌物｜平板全屏壁纸｜手机超清壁纸｜小红书热榜｜无水印原图｜转运好运｜搞怪趣味｜小众独特｜清新温柔｜氛围感拉满｜韩系极简｜高级质感｜闺蜜双人头像｜横屏护眼壁纸 张子枫｜周也｜鞠婧祎｜张婧仪｜欧阳娜娜｜文淇｜陈都灵｜杨幂｜赵今麦｜卢昱晓｜白鹿｜刘亦菲｜Angelababy｜刘浩存｜李兰迪｜徐若晗｜杨超越｜田曦薇｜孟子,https://m.weibo.cn/detail/5292437268599159
白日提灯贺思慕/女鬼鬼王记忆,post,95,粉丝点评/记忆表达明确,律风吟韵,白日提灯第8集30分5秒这一秒堪称全剧高光名场面！贺思慕与段胥缔结五感契约，镜头定格瞬间氛围感拉满。清冷灵主眼底藏着动容，少年将军孤注一掷托付余生，指尖相触、微光缠绕，没有一句告白，却将跨越人灵两界的宿命羁绊与双向救赎展现得淋漓尽致。克制又汹涌的情绪直击人心，一眼沦陷，让人忍不住反复回看，彻底入坑慕胥辞。#白日提灯第8集30分5秒#,https://m.weibo.cn/detail/5282481072769092
爱丽丝与热巴的双向奔赴,post,94,粉丝点评/记忆表达明确,天赋纯,#迪丽热巴和素人合影#“巴巴说既然我们的手都冷就互相取暖吧。”这么温柔善良的热巴和粉丝一直是双向奔赴，光是看着这段文字就很羡慕了,https://m.weibo.cn/detail/5293742691189937
跑男时期综艺名场面,post,94,粉丝点评/记忆表达明确,风吹渐渐雾_Encounter,#迪丽热巴跑男只录了12天# 居然只录了12天就吸粉无数，爱上奔跑吧小迪是人之常情“迪丽热血”一个久远的称呼很多人的综艺白月光，那季跑男就是吸粉神器，谁看谁爱 风吹渐渐雾_Encounter的微博视频,https://m.weibo.cn/detail/5291989971239553
白日提灯贺思慕/女鬼鬼王记忆,post,94,粉丝点评/记忆表达明确,第9999号星球,#花粉#迪丽热巴 期待演员迪丽热巴2025年的待播剧我看谁还没预约我们宠粉天后小巴巴的新剧呀#迪丽热巴# 利剑玫瑰利剑·玫瑰 枭起青壤枭起青壤 慕胥辞白日提灯,https://m.weibo.cn/detail/5136528840070672
嘻嘻迪/表情包/可爱梗,post,94,粉丝点评/记忆表达明确,Y总最tian,𝙎𝙃𝘼𝙍𝙀 ｜汉堡教可爱表情包｜撒娇卖萌专用｜搞怪｜抽象头像｜日常表情包｜好用｜微信表情包｜无水印｜审美积累｜麦麦｜可爱表情包｜小猫小狗赵今麦 刘浩存 田曦薇 迪丽热巴 杨幂 刘诗诗 杨颖 卢昱晓 杨超越 王楚然 张元英 柳智敏 白鹿 赵露思 周也 杨紫 宋雨琦 张予曦 卢昱晓 田曦薇 李羲承 易烊千玺 刘昊然 陈哲远 张凌赫 徐明浩 严浩翔 宋亚轩 周冬雨 闫妮 关晓彤 鹿晗 马嘉祺 王俊凯 王源 邓凯 孔雪儿 章子怡 朱志鑫 郭麒麟,https://m.weibo.cn/detail/5286486565982628
红毯神图与高定封神造型,post,93,粉丝点评/记忆表达明确,忘了忘了的忘了,#白日提灯播出反馈#谁懂啊家人们！《白日提灯》真的太好看了！😆一开始是冲着男女主的颜值去的，结果被剧情狠狠拿捏了！ 先说男主，表面是高冷大佬，背地里对着女主软得像块棉花糖，那种“只对你温柔”的反差感真的戳爆我！女主也不是傻白甜，又飒又聪明，遇到事儿绝不拖泥带水，两个人同框互动的时候，我全程姨母笑，屏幕都要被我看穿了！ 剧情节奏也超级快，没有那些磨磨唧唧的误会，甜的时候甜到齁，燃的时候又让人热血沸腾，连配角都有血有肉，不是工具人！昨天更新,https://m.weibo.cn/detail/5281440046517773
嘻嘻迪/表情包/可爱梗,post,93,粉丝点评/记忆表达明确,一只耳朵mimi,𝑾𝒆𝑪𝒉𝒂𝒕｜抽象十二生肖简笔画头像韩系背景图｜ins风背景图 ​| 无水印背景图 | 星星月亮背景图 | 高级感背景图 | 暗色系背景图 | 氛围感背景图 | 纯色背景图 | 小众背景图 | 灰色系背景图 | 审美积累 | 壁纸头像分享| 卡通头像| 可爱头像 | 审美积累｜可爱｜萌宠｜ipad壁纸｜手机壁纸｜ins｜高清｜无水印｜好运｜搞怪｜毛茸茸｜奇奇怪怪｜头像推荐｜清新｜淡淡的｜高能量｜韩系｜高级感｜双人头像｜ipad壁纸食物壁,https://m.weibo.cn/detail/5292342803171226
嘻嘻迪/表情包/可爱梗,comment,93,粉丝点评/记忆表达明确,小报耶布哒,很担心失去工作 哈哈哈哈哈 岳父岳母太可爱啦,https://m.weibo.cn/detail/4885775173289869
爱丽丝与热巴的双向奔赴,post,92,粉丝点评/记忆表达明确,ppLink-,#迪丽热巴给粉丝的巴黎售后#迪丽热巴的十年是和粉丝双向奔赴的十年，金靖那句话的含金量还在上升：“她的心比脸更美！” ppLink-的微博视频,https://m.weibo.cn/detail/5287027585059690
红毯神图与高定封神造型,post,91,粉丝点评/记忆表达明确,Word麻鸭_vv,#迪丽热巴邓为迪奥生图##邓为直播古早潮男味儿# 邓为 生图之神，颜值素颜封神，每一帧都绝到极致,https://m.weibo.cn/detail/5292698656833885
爱丽丝与热巴的双向奔赴,post,90,粉丝点评/记忆表达明确,抠抠手抠抠脚一起香喷喷,2023年微博之夜，温柔的迪丽热巴～ 爱丽丝们一直陪伴你～ #迪丽热巴 灵主拍物料也这么蛊#｜#微博之夜名场面# ｜#微博之夜# 抠抠手抠抠脚一起香喷喷的微博视频,https://m.weibo.cn/detail/5266329395265876
白日提灯贺思慕/女鬼鬼王记忆,post,90,粉丝点评/记忆表达明确,开光的剧进一,#段胥告白了##迪丽热巴陈飞宇告白戏# 段胥你可以啊！昨天还信誓旦旦说从不许愿，今天就直接冲上去告白要名分了！贺思慕也是真宠~这双向奔赴的拉扯感，我先嗑为敬！#白日提灯#,https://m.weibo.cn/detail/5282600895119399
爱丽丝与热巴的双向奔赴,post,90,粉丝点评/记忆表达明确,-愿无违-,#粉丝喊迪丽热巴平安喜乐#好温柔的爱意啊，祝热巴以后能越来越好 ​,https://m.weibo.cn/detail/5278456357064148
白日提灯贺思慕/女鬼鬼王记忆,post,89,粉丝点评/记忆表达明确,是阿花呀,迪丽热巴#白日提灯# 给爱丽丝小宝们画了贺思慕的表情包～ 贺思慕全肯定！ @Dear-迪丽热巴,https://m.weibo.cn/detail/5283015995431512
爱丽丝与热巴的双向奔赴,post,89,粉丝点评/记忆表达明确,志zai努力,#粉丝喊迪丽热巴平安喜乐# 迪丽热巴这次接机被喊平安喜乐，真的太好哭了。 之前在迪拜遇险，粉丝全程揪着心，现在只盼她平平安安。 她停下认真听、鞠躬回应，完全是双向的真心。 不搞虚的应援，只讲最实在的祝福，这种纯粹的牵挂胜过一切。 艺人温柔真诚，粉丝理智长情，这样的双向奔赴才是内娱该 ...全文,https://m.weibo.cn/detail/5278446808991164
白日提灯贺思慕/女鬼鬼王记忆,post,88,粉丝点评/记忆表达明确,贺迦安,迪丽热巴粉丝白日提灯的云包场 数量:152888+ 免费月卡 【目前为止只是第一波】 迪丽热巴粉丝请观众朋友一起来看贺思慕 15万➕的云包场而且这还只是第一波，不愧是女顶流粉丝 大家明天都去腾讯领月卡啊，迪丽热巴粉丝邀请观众来看万灵之主贺思慕。 女顶流粉丝不愧是人美心善，而且看了白日提 ...全文,https://m.weibo.cn/detail/5281126501321791
白日提灯贺思慕/女鬼鬼王记忆,post,88,粉丝点评/记忆表达明确,chayedannnnn,思胥万千超话🐰🦊#思胥万千7日安利计划#🐰🦊#向全世界安利思胥万千# 🦊🐰#贺思慕# 🦊🐰#段胥# 🦊🐰#白日提灯# 🦊🐰#思胥万千# Day1入坑思胥万千的原因 我始终为贺思慕与段胥的羁绊心动——那不是神明对凡人的垂怜，也不是凡人对神明的仰望，是两个千疮百孔的灵魂，隔着生死与宿命，向彼此伸出了手。她是活了四百年的灵主，见惯了生死枯荣，心早已是冰封的湖，连触碰人间都带着悲悯的距离。可段胥偏要闯进来，用他一身的泥泞与孤勇，撞碎了她湖面的,https://m.weibo.cn/detail/5289504069911119
演员成长与角色群像评价,post,88,粉丝点评/记忆表达明确,当然有戏__,#电影飞驰人生3定档春节#春节档，猛过头了！2026春节档电影，一天能怒看5部！ 2026年春节档这是要炸啊！沈腾居然有两部电影要上，《飞驰人生3》和《欢迎来龙餐馆》，这简直是自己打自己。那边吴京带着《镖人》硬刚，这片子投资从5.5亿飙到7个亿，请来了李连杰复出，还得15亿票房才能回本，压力山大。贾玲这回不拍喜剧了，搞了个《转念花开》。张艺谋玩起了国安谍战，《惊蛰无声》里易烊千玺演技术专家，朱一龙挑战双面间谍，听说海外版权都卖了60%的,https://m.weibo.cn/detail/5248070386190401
枭起青壤/聂九罗表演突破,comment,88,粉丝点评/记忆表达明确,萌宝在手天下我有,迪丽热巴疯刀药戏封神，演技太绝了,https://m.weibo.cn/detail/5241150504962745
乔晶晶与《你是我的荣耀》入坑记忆,comment,88,粉丝点评/记忆表达明确,日落贩售快乐,感谢所有辛勤付出的剧组人员 你是我的荣耀不负所托 感谢迪丽热巴演活了我心中的乔晶晶 我们不说再见,https://m.weibo.cn/detail/4673454328515349
爱丽丝与热巴的双向奔赴,post,87,粉丝点评/记忆表达明确,Eljuego-,#迪丽热巴机场和粉丝跳舞#宠粉天后巴巴子，每次见到粉丝都笑眼弯弯，努力记住每一个粉丝的样子，独属于爱丽丝与小巴的双向奔赴,https://m.weibo.cn/detail/5137313520946009
跑男时期综艺名场面,post,87,粉丝点评/记忆表达明确,得意-惬意-肆意,兄弟团味觉新体验，尝尽酸甜苦辣咸早期跑男/童年白月光/邓超/李晨/陈赫/迪丽热巴/景甜/郑恺/贾玲 L得意-惬意-肆意的微博视频 ​,https://m.weibo.cn/detail/5294579617628464
红毯神图与高定封神造型,post,86,粉丝点评/记忆表达明确,冰诺超级皮,#王亚飞 迪丽热巴#造型引发热议，但妆容再度成为粉丝争议焦点，矛头直指长期合作的化妆师王亚飞。 一、当前动态：迪奥南京活动再引妆造争议2026年4月28日，迪丽热巴作为迪奥全球品牌大使出席南京线下活动，身着蓝色长裙于雨中撑伞亮相，氛围感获部分网友称赞。但现场生图曝光后，粉丝对妆容提出批评，认为王亚飞设计的妆发未能突出迪丽热巴的浓颜优势，显得“平淡疲态”。部分路人则认为“原相机下依然很美”，争议集中于妆造与艺人状态的适配度。二、争议脉络：,https://m.weibo.cn/detail/5292701387327373
白日提灯贺思慕/女鬼鬼王记忆,post,86,粉丝点评/记忆表达明确,飞飞鱼的旋转炑马,#陈飞宇迪丽热巴5年前拍的杂志#梦回2021年走过路过不要错过白日提灯段胥段小将军！杀伐果断机警聪慧又深情不寿的19岁少年将军客官真的不来体验一下吗 ​,https://m.weibo.cn/detail/5279249021272104
跑男时期综艺名场面,post,86,粉丝点评/记忆表达明确,星晨菜行,生命的价值不在于活了多少年，而在于你用你的才华、热情、欢笑和悔恨装饰了多少年。一起共勉#迪丽热巴跑男只录了12天#迪丽热巴在2017年《奔跑吧》第五季中确实仅录制了约12天。这12天的集中拍摄素材被节目组通过后期剪辑支撑起了整季12期节目的播出。以极短时长扛起整季热度，被视为行业内“高效出圈”的经典案例。 手机摄影超话#随手拍##生活手记#带着微博去旅行超话,https://m.weibo.cn/detail/5292209918182681
李长歌与《长歌行》角色记忆,post,86,粉丝点评/记忆表达明确,紫芋头头,#肖战迪丽热巴年度封面之星# dlrb#肖战迪丽热巴年度封面之星# 喜欢迪丽热巴这些年我从她身上学到最大的词就是和自己和解慧珍是都市白月光，长歌是长安最皎洁的月。月光照耀下的夜晚 仰望天空 我总能在月亮上看到迪迪的身影.以玫瑰为祭词 我向神明祈愿迪丽热巴岁岁平安 希望你的心情像天上的星星，终年闪耀，永不褪色 @Dear-迪丽热巴,https://m.weibo.cn/detail/4852859839191365
跑男时期综艺名场面,post,84,粉丝点评/记忆表达明确,温箫祁,天呐…原来迪丽热巴跑男只录制了12天吗当年我看的时候简直就是白月光的存在 L温箫祁的微博视频 ​,https://m.weibo.cn/detail/5292063723886055
嘻嘻迪/表情包/可爱梗,post,84,粉丝点评/记忆表达明确,婷子Leilia-StarFairy,武汉远征结束啦 这次是思达法瑞第一次来武汉远征诶！但算起来是我第二次来武汉了 以前初中研学的时候来过捏👻记得那时候去了黄鹤楼 欢乐谷 还去武大看了樱花🤔不过这次来似乎正好过了花期了 不然多少在武汉再耍耍～最近越来越多人夸偶唱跳越来越游刃有余了这是比夸我长得像迪丽热巴还开心的事情在武汉的两场偶活感觉发挥得也不戳✌🏻除了！！！昨天跳最后一首歌时脚滑了🤓妈呀上一秒还在美美卖萌下一秒就吓成表情包倒地上了😱我不活惹你们笑得好大声🔨我只想当场打飞滴,https://m.weibo.cn/detail/5289871867647952
生日生贺与小小迪陪伴记忆,post,84,粉丝点评/记忆表达明确,野蘑菇不开花,迪丽热巴超话这一幕真的是梦回小小迪，那个转圈圈的黢黑黢黑的迪丽热巴@Dear-迪丽热巴 #迪丽热巴花儿与少年# L野蘑菇不开花的微博视频 ​,https://m.weibo.cn/detail/4973466111970930
生日生贺与小小迪陪伴记忆,post,84,粉丝点评/记忆表达明确,曾路过你的风景,#迪丽热巴 唱跳#我的乖崽崽可以是小公主也可以是女王大人生日会舞蹈太炸了愿意勇于尝试新事物 是我最好的宝贝了期待新剧上映@Dear-迪丽热巴 L曾路过你的风景的微博视频 ​,https://m.weibo.cn/detail/4455696768511415
红毯神图与高定封神造型,post,83,粉丝点评/记忆表达明确,李大猪蹄子,#王亚飞 迪丽热巴#迪丽热巴今日活动造型引发广泛争议，化妆师王亚飞打造的蓝色眼影妆槽点满满，被不少粉丝吐槽色调怪异、质感廉价，不仅显得面部暗沉憔悴，还格外显老，甚至被调侃有“中毒感”。 即便王亚飞提前宣传燕尾眼线的创意设计，也没能挽回翻车效果。现场生图粗糙违和，和工作室精致修饰的精 ...全文,https://m.weibo.cn/detail/5292700158920977
白日提灯贺思慕/女鬼鬼王记忆,post,83,粉丝点评/记忆表达明确,椿树迪溪_见过迪丽热巴版,#迪丽热巴白日提灯# dlrb#迪丽热巴贺思慕# 你是我心头上的朱砂痣，床头前的白月光@Dear-迪丽热巴 ​,https://m.weibo.cn/detail/5287754755211755
嘻嘻迪/表情包/可爱梗,post,83,粉丝点评/记忆表达明确,不知名冲浪选手呀,#迪丽热巴跑男只录了12天#迪丽热巴《跑男》虽然只录制了十二天，但却贡献了一整季的“快乐”。留下了很多精彩的“名场面”，每一刻都“真实“又“可爱”！#实时热搜创作激励计划##微博二创视频创作季# L不知名冲浪选手呀的微博视频 ​,https://m.weibo.cn/detail/5292146454430498
爱丽丝与热巴的双向奔赴,post,83,粉丝点评/记忆表达明确,·冷星·,2018.7.29~2020.7.29 巴粉出道两年了！不知不觉间已经喜欢上热巴这么久，感谢能成为一名爱丽丝，陪伴着迪迪。两年前，我在，未来，无时无刻，我也在#迪丽热巴粉丝相约20200729# 一生热爱，步履不停，吾心向迪，永不分离~ ​,https://m.weibo.cn/detail/4532012737632090
爱丽丝与热巴的双向奔赴,post,82,粉丝点评/记忆表达明确,饭圈杂谈,#迪丽热巴在还63张自拍的债了#热巴这波操作真的把“双向奔赴”焊在脸上了。不同于其他明星的敷衍式宠粉，她向来是“说到做到”，之前机场撞头后还特意折返收粉丝的手写信 饭圈杂谈的微博视频,https://m.weibo.cn/detail/5293903722578884
爱丽丝与热巴的双向奔赴,post,82,粉丝点评/记忆表达明确,霍时尚,#迪丽热巴看粉丝无人机应援#在我的印象里热巴一直都很傲娇，想不到和粉丝这么暖心。双向奔赴的爱令人羡慕，生日快乐呀！#迪丽热巴后援会# 视频图片来自热巴的伟大的粉！,https://m.weibo.cn/detail/5173356807850251
爱丽丝与热巴的双向奔赴,post,82,粉丝点评/记忆表达明确,春岛听雪,#迪丽热巴补偿去巴黎的粉丝# 迪丽热巴温柔到骨子里了，这样和粉丝双向奔赴的女星真的值得一切美好,https://m.weibo.cn/detail/5286971951284979
爱丽丝与热巴的双向奔赴,post,82,粉丝点评/记忆表达明确,雨溪R,#迪丽热巴上车后又下车收信#热巴也太宠粉了吧！录完节目上车了，听到粉丝喊递信立马折返下车，捂着贝雷帽小跑着收信，只收信还把应援棒还给粉丝，这份真诚的在意，就是最好的双向奔赴啊 雨溪R的微博视频,https://m.weibo.cn/detail/5264176072106495
白日提灯贺思慕/女鬼鬼王记忆,post,82,粉丝点评/记忆表达明确,长安鹏北海,灵主和小狐狸的现代篇！25岁的灵主大人，17岁的小将军！#迪丽热巴陈飞宇求不要考古合照#不考古是不可能的白日提灯原来是熟人局，两人在2017年就合作了！即使是这样的发型，两人靠自己的颜值，依然权威！#迪丽热巴陈飞宇咬脖吻戏# ​,https://m.weibo.cn/detail/5282613884359417
爱丽丝与热巴的双向奔赴,post,81,粉丝点评/记忆表达明确,香菜灭绝者1,"迪丽热巴 ""热爱cp""的双向奔赴好幸福啊~这样的偶像和粉丝的双向奔赴，谁能不爱呀！ 迪丽热巴｜爱丽丝 香菜灭绝者1的微博视频",https://m.weibo.cn/detail/5287275439327470
跑男时期综艺名场面,post,81,粉丝点评/记忆表达明确,芋妮嘉心卷,#迪丽热巴跑男只录了12天# 迪丽热巴在《奔跑吧》第五季仅录制12天的冷知识，近期引发热议。🥲观众印象里她全程常驻、互动不断，没想到节目组靠拆分镜头、重复利用素材，把12天的拍摄剪成了12期内容，制造出长期参与的错觉。💋连当年的名场面互动，也大多靠后期剪辑串联。原来当年追的整季内容，都是剪辑魔法，综艺制作的套路也被扒得明明白白。 L芋妮嘉心卷的微博视频,https://m.weibo.cn/detail/5292055029091058
跑男时期综艺名场面,post,81,粉丝点评/记忆表达明确,純媛泪,迪丽热巴当年参与跑男录制，实际拍摄时长仅有12天。短短十二天的录制内容，经过后期剪辑与编排，支撑起整季节目播出。时间虽短，却留下了很多经典画面，也让人感叹综艺剪辑的强大。 迪丽热巴跑男只录了12天 L純媛泪的微博视频 ​,https://m.weibo.cn/detail/5291992754159988
白凤九与三生三世情怀,post,81,粉丝点评/记忆表达明确,噗桃韬,"#迪丽热巴##迪丽热巴烈火如歌##迪丽热巴二十一克拉# 独白在微博上粉迪老师一年了,见证了一个懵懵的少女变成一位成熟的女神！喜欢你的声音，你的每一个笑！恨不得每一分钟每一秒都看着你！我虽然没亲自看见过你，但你的每一个细节我都注意……你的每一部剧我都追2013年5月，出演个人首部电视剧《阿娜尔罕》，并因饰演女主角阿娜尔罕受到关注2014年7月，出演古装玄幻电视剧《古剑奇谭》；同年12月获得中国时尚权力榜年度演艺圈新锐势力奖；2015年2月",https://m.weibo.cn/detail/4223647919264157
红毯神图与高定封神造型,post,80,粉丝点评/记忆表达明确,挑吃兔,不服都不行，迪丽热巴就出席了5次微博之夜但每套造型都堪称封神.. 可惜今年不参加了#2025微博之夜爆款创作大赛# L挑吃兔的微博视频 ​,https://m.weibo.cn/detail/5260635902312833
演员成长与角色群像评价,post,80,粉丝点评/记忆表达明确,显眼包,少女感，碎了。迪丽热巴这次被推上热搜，起因很简单，几张新旧剧照一对比，网友一句话就炸开了：说她演古偶时，眼神像老了十岁。先别急着说她脸变了，皮相其实没怎么松，皱纹也不明显。真让人出戏的，是那股藏不住的疲惫感。现在的她，再演天真少女，眼里总像压着事，像见过风浪的人，硬要装懵懂。妆造再精，台词再甜，那种“看透了”的感觉，还是会冒出来。这也不奇怪。热巴本来就是靠古偶起家的。2017年，《三生三世十里桃花》里的白凤九，把她一下送进了观众心里。灵,https://m.weibo.cn/detail/5282655742722277
机场饭拍与日常陪伴片刻,post,79,粉丝点评/记忆表达明确,创可脑洞说,#邓超我跟热巴怎么这么有缘分#最近邓超和迪丽热巴的机场互动真是让人又哭又笑，原来娱乐圈真的有“真性情”这回事！看着超哥两次在机场“被迫营业”却全程宠粉的操作，真心觉得内娱需要更多这样的“非典型明星”。 第一次听说热巴改签粉丝滞留，超哥直接化身“代班接机员”，不仅合影发视频，还隔空喊 ...全文,https://m.weibo.cn/detail/5202410131688423
花少/你好星期六等综艺片刻,post,79,粉丝点评/记忆表达明确,夜雪潇月-何以倾城,#迪丽热巴不去开始推理吧4#迪丽热巴不参加《开始推理吧4》了嘛，所有节目，还是原班人马好看啊大家岂不是失去了快乐源泉。迪丽热巴退出《开始推理吧4》常驻嘉宾，不少观众直呼“意难平”啊，因为上一季的节目，她敏锐又有梗，是节目里高人气担当，这次缺席是因为和新剧档期冲突嘛总的来说，综艺节目阵容大换血虽然有新鲜感，但少了熟悉的人物关系与笑点，老粉难免失落。不过，还是尊重迪丽热巴的选择，也期待节目新阵容能稳住口碑，不负观众等待啊，期待我的电子榨菜啊,https://m.weibo.cn/detail/5264591145404359
嘻嘻迪/表情包/可爱梗,post,79,粉丝点评/记忆表达明确,早起回锅肉o,蜡笔小新｜收集要洗的东西哦萌宠头像｜治愈系头像头像安利｜卡通手绘｜软萌头像｜审美封神｜可爱爆棚｜毛茸茸萌物｜平板全屏壁纸｜手机超清壁纸｜小红书热榜｜无水印原图｜转运好运｜搞怪趣味｜小众独特｜清新温柔｜氛围感拉满｜韩系极简｜高级质感｜闺蜜双人头像｜横屏护眼壁纸 张子枫｜周也｜鞠婧祎｜张婧仪｜欧阳娜娜｜文淇｜陈都灵｜杨幂｜赵今麦｜卢昱晓｜白鹿｜刘亦菲｜Angelababy｜刘浩存｜李兰迪｜徐若晗｜杨超越｜田曦薇｜孟子义｜虞书欣｜迪丽热巴｜刘,https://m.weibo.cn/detail/5294432337270879
生日生贺与小小迪陪伴记忆,post,79,粉丝点评/记忆表达明确,满分女_唯爱巴版,迪丽热巴超话 生贺✘迪丽热巴胖迪，生日快乐！要吃饱饱睡好好亲爱的演员迪丽热巴爱自己要大于爱这个世界#迪丽热巴0603生日快乐# L满分女_唯爱巴版的微博视频 ​,https://m.weibo.cn/detail/5293800458292899
李长歌与《长歌行》角色记忆,post,79,粉丝点评/记忆表达明确,外星人放凛,电视剧长歌行超话#电视剧长歌行##迪丽热巴长歌行# 本命热巴，墙头 露思 最近在超话看了吴磊的16分钟搞笑场面视频， 彻底被圈粉啦！！！ 大家 能安利多些吴磊的搞笑视频不？ 还有刘宇宁的安利 我也想吃！！ 听了 当遇见你 和 让酒！真的超喜欢的刘宇宁的声音～ 想入坑， 但又不知道从哪里开始？ 大家可以介绍介绍不方逸伦的也可以哦～虽然不是很了解 但已准备好要吃下一波安利了！！！,https://m.weibo.cn/detail/4488664413015447
爱丽丝与热巴的双向奔赴,post,78,粉丝点评/记忆表达明确,如约而至D_,是双向奔赴的爱呀！迪丽热巴一边走一边向粉丝比心 美好如约而至D的微博视频,https://m.weibo.cn/detail/4981303388671185
白日提灯贺思慕/女鬼鬼王记忆,post,78,粉丝点评/记忆表达明确,甜甜甜小白兔,#迪丽热巴沉浸式追更# 谁懂啊！迪丽热巴追《白日提灯》的样子，简直是世另我！ 提灯机场化身贺思慕，红衣白发气场全开；开播直播追更前5集，蹲弹幕、品细节、反复回看名场面，嗑自己的CP、为剧情揪心，和普通剧迷一模一样，毫无顶流架子，鲜活又可爱。 从片场入戏到戏外追剧，她把贺思慕的灵动与霸气 ...全文,https://m.weibo.cn/detail/5282120688996012
红毯神图与高定封神造型,post,78,粉丝点评/记忆表达明确,惜时_自律,#迪丽热巴生图# #迪丽热巴跳舞转圈和粉丝告别# #迪丽热巴金色露背旗袍造型# 以为是昨天的，原来是新的跳舞转圈啊，台上大美女，台下小可爱，迪迪太宠粉了,https://m.weibo.cn/detail/4816956908377490
《我很好，能做任何事》韧性发言,post,78,粉丝点评/记忆表达明确,心眸清,#迪丽热巴给服务人员留了礼物#2019年：未来我一定会加油的2023年：我很好，能做任何事谢谢你啊热巴，也带给我很多力量@Dear-迪丽热巴 ​,https://m.weibo.cn/detail/4968692651921406
嘻嘻迪/表情包/可爱梗,post,78,粉丝点评/记忆表达明确,·思念小迪·,#迪丽热巴与君初相识吊威亚片场花絮##迪丽热巴纪云禾被困的日常# 家人们咱就是说笑死我了哈哈哈哈哈哈哈哈哈哈哈哈哈哈哈哈哈哈哈哈哈哈哈哈哈哈哈哈哈哈哈哈哈哈哈哈哈哈哈哈哈哈哈哈哈哈哈哈哈哈哈哈哈哈哈哈哈哈哈哈哈哈哈哈哈哈哈哈哈哈哈哈哈哈哈哈哈哈哈哈哈哈哈哈哈哈哈哈哈哈哈哈哈哈哈哈哈哈哈哈哈哈哈哈哈哈哈哈哈哈哈哈哈哈哈哈哈哈哈哈哈哈哈哈哈哈哈哈哈哈哈哈哈哈哈哈哈哈哈哈哈哈哈哈哈哈哈哈哈哈哈哈哈哈哈哈哈哈哈哈哈哈哈哈哈哈哈哈哈哈哈哈哈哈哈哈,https://m.weibo.cn/detail/4753107886278010
白日提灯贺思慕/女鬼鬼王记忆,comment,78,粉丝点评/记忆表达明确,焱拳头毛毛酱,太可爱了这个段胥！！！什么时候能看慕胥辞,https://m.weibo.cn/detail/5114730169765522
白日提灯贺思慕/女鬼鬼王记忆,post,77,粉丝点评/记忆表达明确,迪迪卫研究所,迪丽热巴 早睡的小朋友要睡了吗~别忘了挂播喔~花几秒时间先按图一清缓存，再看图二设置一下挂播 晚睡的阿丝我们再坚持会好不好现在去第三十九集挂播+铺弹幕一百条，自己写！不用语录！再看图五的无限弹幕合集，看到就点+1一百次 #迪丽热巴贺思慕# dlrb#迪丽热巴白日提灯#,https://m.weibo.cn/detail/5291716505504578
李长歌与《长歌行》角色记忆,post,77,粉丝点评/记忆表达明确,巴的酸奶疙瘩63,今日互动，最喜欢迪丽热巴演的那个角色（我先来，迪丽热巴演的所有角色都喜欢，但心中TOP1 永远是李长歌）,https://m.weibo.cn/detail/5293371498168351
嘻嘻迪/表情包/可爱梗,post,77,粉丝点评/记忆表达明确,蛋挞_Lotus,谁不想酣畅淋漓的看一次《这题超纲了》里邵湛和许盛灵魂互换的巅峰对决呢！临江六中名场面：学神校霸互换大挑战灵魂互换｜硬核伪装｜双学霸瞬间这为了不被老师发现把试卷考满分，又因为太了解对方连日常相处的小习惯都完美复刻的离谱操作也是没谁了！广播剧分享｜动漫风｜高清无水印｜审美积累｜复古｜怀旧｜手机壁纸｜ipad壁纸｜ins风｜高级感｜暖色调｜冷色调｜颗粒感｜老电影｜好运壁纸｜毛茸茸｜可爱头像｜搞怪｜奇奇怪怪｜头像推荐｜清新｜淡淡的高级感｜韩系｜,https://m.weibo.cn/detail/5294066321326885
纪云禾与鲛人系角色记忆,post,77,粉丝点评/记忆表达明确,少说空话_,#仙侠剧女主终于支棱起来了#哇有些人真的对我们小与君好重视，都拿来和当年的大爆剧仙剑做对比了，那不就说明在一些人心里近两年确实没有仙侠剧能和这部作比较呗，那这个话题词没毛病啊，纪云禾确实是个很少有的人设，坚强隐忍脆弱又有点疯批，迪丽热巴也演得好，那不就是支棱起来了？#迪丽热巴纪云禾# L少说空话_的微博视频,https://m.weibo.cn/detail/4753090865268587
爱丽丝与热巴的双向奔赴,comment,77,粉丝点评/记忆表达明确,F努力成为情绪稳定的人,人与人之间怎么能是一样的，路人都被你们粉丝弄得好感动，在🍠上看到你们粉丝的各种花式应援，各种相互关照，真心是这个世界最难能可贵的，你们粉丝好有爱，好温暖，好善良，跟热巴一样的正能量,https://m.weibo.cn/detail/5292476416918298
嘻嘻迪/表情包/可爱梗,post,76,粉丝点评/记忆表达明确,三文鱼绪语,𝒔𝒉𝒂𝒓𝒆 |小马宝莉/小马国女孩/无尽森林/歌曲分享 ins风壁纸 动态视频 回忆里的夏天☀️𝗪𝗲𝗖𝗵𝗮𝘁 𝙒𝙚𝘾𝙝𝙖𝙩｜小猫头像头像分享| 卡通头像| 可爱头像 | 审美积累｜可爱｜萌宠｜ipad壁纸｜手机壁纸｜ins｜高清｜无水印｜好运｜搞怪｜毛茸茸｜奇奇怪怪｜头像推荐｜清新｜淡淡的｜高能量｜韩系｜高级感｜双人头像｜ipad壁纸张子枫｜周也｜鞠婧祎｜张婧仪｜欧阳娜娜｜文淇｜陈都灵｜杨幂｜赵今麦｜卢昱晓｜白鹿｜刘亦菲｜Angelab,https://m.weibo.cn/detail/5291707806779516
嘻嘻迪/表情包/可爱梗,post,76,粉丝点评/记忆表达明确,蛋挞_Lotus,加菲猫的风雨夜惊魂加菲猫丨惊魂夜的避风港剧情解析｜惊悚氛围｜高能名场面这只在雷雨夜瑟瑟发抖的加菲猫，展现了反差萌的可爱瞬间！壁纸分享｜动漫风｜高清无水印｜审美积累｜复古｜怀旧｜手机壁纸｜ipad壁纸｜ins风｜高级感｜暖色调｜冷色调｜颗粒感｜老电影｜好运壁纸｜毛茸茸｜可爱头像｜搞怪｜奇奇怪怪｜头像推荐｜清新｜淡淡的高级感｜韩系｜双人头像｜横屏壁纸田栩宁 梓渝 王俊凯 张新成 陈哲远 沈腾 李一桐 孟子义 白鹿 苏翊鸣 鹿晗 陈妍希 陈都,https://m.weibo.cn/detail/5293465802115101
嘻嘻迪/表情包/可爱梗,post,76,粉丝点评/记忆表达明确,颜与YY_,𝐇𝐢𝐝𝐞｜爱情公寓封神名场面｜关谷子乔帮看烟花堆被抓 | 错过跨年夜萌宠头像｜治愈系头像头像安利｜卡通手绘｜软萌头像｜审美封神｜可爱爆棚｜毛茸茸萌物｜平板全屏壁纸｜手机超清壁纸｜小红书热榜｜无水印原图｜转运好运｜搞怪趣味｜小众独特｜清新温柔｜氛围感拉满｜韩系极简｜高级质感｜闺蜜双人头像｜横屏护眼壁纸 张子枫｜周也｜鞠婧祎｜张婧仪｜欧阳娜娜｜文淇｜陈都灵｜杨幂｜赵今麦｜卢昱晓｜白鹿｜刘亦菲｜Angelababy｜刘浩存｜李兰迪｜徐若晗｜杨,https://m.weibo.cn/detail/5284758063677591
红毯神图与高定封神造型,post,76,粉丝点评/记忆表达明确,蛋奶狗,#迪丽热巴微博之夜发型拆解#真真真真真把我给整笑了 前段时间我姐没进组但月月有活动好家伙你们就给他造黄谣说恋爱了怀孕了微博之夜刚过去没多久 看见我姐状态这么好颜值造型状态在线 所以大出圈了 就开始发通稿招摇微调了 整容了 填充了 又是打精灵耳了balabala的一大堆我说你们别太爱了 别太自卑了,https://m.weibo.cn/detail/4885484453499034
生日生贺与小小迪陪伴记忆,post,75,粉丝点评/记忆表达明确,冬什柏聆_,#迪丽热巴0603生日快乐# 还有一个月后我家美女就要过生日啦！ 提前祝她生日快乐！@Dear-迪丽热巴 🧱抽一个52（只抽巴粉） 不限⭕🧱抽3⃣️杯🧋（折现15r） 🍎抽4⃣️个6.3 （不抽骂过热巴的，会查主页，热巴生日当天开，这条我会置顶不假抽）,https://m.weibo.cn/detail/5293477912384620
李长歌与《长歌行》角色记忆,post,75,粉丝点评/记忆表达明确,迪迪养金鹅,真的好喜欢这段话，双向奔赴的爱情才是值得的！也强推#长歌行# ，真的好看！#迪丽热巴##歌隼# 甜甜向上吧的微博视频,https://m.weibo.cn/detail/4813342009459934
嘻嘻迪/表情包/可爱梗,post,75,粉丝点评/记忆表达明确,早起回锅肉o,蜡笔小新｜做麻薯哦萌宠头像｜治愈系头像头像安利｜卡通手绘｜软萌头像｜审美封神｜可爱爆棚｜毛茸茸萌物｜平板全屏壁纸｜手机超清壁纸｜小红书热榜｜无水印原图｜转运好运｜搞怪趣味｜小众独特｜清新温柔｜氛围感拉满｜韩系极简｜高级质感｜闺蜜双人头像｜横屏护眼壁纸 张子枫｜周也｜鞠婧祎｜张婧仪｜欧阳娜娜｜文淇｜陈都灵｜杨幂｜赵今麦｜卢昱晓｜白鹿｜刘亦菲｜Angelababy｜刘浩存｜李兰迪｜徐若晗｜杨超越｜田曦薇｜孟子义｜虞书欣｜迪丽热巴｜刘诗诗｜章,https://m.weibo.cn/detail/5292979042649797
嘻嘻迪/表情包/可爱梗,comment,75,粉丝点评/记忆表达明确,鬼王大人的明灯,哈哈哈，多么可爱实诚的导演，去看他发的微博和平常的发言就知道是在认真做剧做枭起青壤的,https://m.weibo.cn/detail/5119792709370676
跑男时期综艺名场面,post,74,粉丝点评/记忆表达明确,九尾婵,考古的风吹到了2024#迪丽热巴跑男只录了12天# ​,https://m.weibo.cn/detail/5292260759437837
新疆舞与舞台表现名场面,post,73,粉丝点评/记忆表达明确,音乐谷主,#迪丽热巴机场和粉丝跳舞# 迪丽热巴太宠粉了！回顾迪丽热巴2024年春晚节目跳舞的名场面吗？一身红马甲的迪丽热巴跳着新疆舞活力四射，舞蹈功底彰显，魅力十足，复古民族风太美了！ 音乐谷主的微博视频,https://m.weibo.cn/detail/5137347970863839
跑男时期综艺名场面,post,73,粉丝点评/记忆表达明确,哈小北是个颜控,#迪丽热巴跑男只录了12天#迪丽热巴2017年加盟奔跑吧整季录制，实际出镜拍摄仅仅只有12个工作日。短短12天的素材，被剪辑拉长做成12期正片，足足播出近三个月。仅凭短暂录制就扛起整季热度与收视，当年的女顶流实力，真的无可替代。 L哈小北是个颜控的微博视频 ​,https://m.weibo.cn/detail/5292073302366447
跑男时期综艺名场面,post,73,粉丝点评/记忆表达明确,-萌属性-,迪丽热巴跑男竟然只录了12天 当年把我迷的五迷三道的素颜真的好美 L-萌属性-的微博视频 ​,https://m.weibo.cn/detail/5292042750267513
花少/你好星期六等综艺片刻,post,73,粉丝点评/记忆表达明确,大啦啦dll,2025年末的惊喜，花少摄影师99张新图让北斗七行回忆杀封神，2025年末的非正式跨年派对上，最戳人的惊喜莫过于花少武摄影师杨小龙放出的99张北斗七行未公开美图。时隔两年，秦海璐、秦岚、星之泪、迪丽热巴等7人的冰岛之旅再度刷屏，网友直呼林人走出花哨舞这波回忆杀枯鼠。这批星图里，迪丽热巴在冰岛黄金圈的抓拍堪称封神，澄澈冰川与奇幻地貌和背景，网友调侃说是科幻片截图都毫不违和。画面中7人或在斯芙拉大裂缝前欢笑，或在钻石冰沙滩上定格，那些自驾乌,https://m.weibo.cn/detail/5248397422625030
演员成长与角色群像评价,post,73,粉丝点评/记忆表达明确,熙尘万物看侃吧,#郝阿三大学同学说其非常仗义#真心佩服郝阿三！仗义又靠谱，热巴跟着他太放心了 最近听说郝阿三要接手迪丽热巴团队，看完他的过往经历，我真的打心底里敬佩，这样重情重义的经纪人太难得了！他的大学同学季义锋含泪力荐，说他在校时就极其仗义，总主动为朋友排忧解难，朋友遇到难处，他不仅暖心安慰，还会拿出实打实的帮助，不管是经济支援还是对接资源，从不推脱，这份仗义从校园一直延续到职场，难怪口碑这么好。虽然没有明确说是上戏还是北电校园，但同窗四年的同学绝,https://m.weibo.cn/detail/5279241795013805
嘻嘻迪/表情包/可爱梗,post,73,粉丝点评/记忆表达明确,心甜派冰是我,#迪丽热巴烈火如歌# #迪丽热巴电影21克拉# 誰說穿深V不能捂？偏就愛看她捂！！中毒可深了，捂不實愛麗絲的衣服全脫下來給大哥遮....穿深V在很多動作捂一捂是對自己身體也是對別人目光的尊重，不會讓人尷尬，眼睛不知道該往哪看。我承認我覺得很養眼很美好也一直看，但我也留意看誰一直盯著看啊心都快操碎了哈哈哈哈哈哈哈哈哈哈哈哈@Dear-迪丽热巴,https://m.weibo.cn/detail/4223535075771399
爱丽丝与热巴的双向奔赴,post,72,粉丝点评/记忆表达明确,固幸而遇予,#迪丽热巴谈演员身份# 有能力，有想法，有作为，很认真地对待粉丝观众朋友们的喜欢，热爱永远是双向奔赴，万千诋毁也挡不住人们向美好飞奔而来。 很高兴认识你，演员迪丽热巴。@Dear-迪丽热巴,https://m.weibo.cn/detail/5285721222939333
李长歌与《长歌行》角色记忆,post,71,粉丝点评/记忆表达明确,瞧_那颗红豆,#迪丽热巴你是我的荣耀# #迪丽热巴李长歌# 迪丽热巴Ⅰ卓诗尼2019春季形象大片拍摄花絮🍑 甜甜哒！ ​,https://m.weibo.cn/detail/4545080306435531
嘻嘻迪/表情包/可爱梗,post,70,粉丝点评/记忆表达明确,绘月诗_,表情包这一块何老师永远的神！何炅 综艺名场面 快乐大本营 你好星期六 邪恶栀子花 表情包女生抱猫头像｜温柔治愈｜软萌少女｜慵懒氛围感｜高清无水印｜小众高级女生头像｜甜妹头像｜韩系温柔｜日系清新｜可爱氛围感｜素颜也好看男生头像｜清冷禁欲｜简约高级｜帅气氛围感｜少年感｜干净治愈情侣头像｜ins风情头｜氛围感情头｜真人不露脸｜小众不撞款｜无水印真人情头｜氛围感拉满｜温柔治愈｜低调不明显｜超甜情侣｜高清无水印卡通情头｜Q版可爱｜涂鸦风｜萌系情侣,https://m.weibo.cn/detail/5292390166561648
白日提灯贺思慕/女鬼鬼王记忆,post,70,粉丝点评/记忆表达明确,迪迪卫研究所,迪丽热巴超话 朋友们~都知道热巴的生日快到了吧？所所决定带着新老朋友们去新家为热巴的生日做准备还没来新家的快来呀！！带上你的所有浩一起努力，所所在群里等你们~相互告知！！🔴喜欢说话接龙有氛围的二选一进⬇️①热巴生日快乐屋（3）②热巴生日快乐屋（2）🔴喜欢安静做任务的进⬇️热巴生日快乐屋（禁言2）⚡浩越多越好！一起补浩为热巴生日做准备，不会看【视频二】⚠️补了之后要🐏的，不会🐏的看这里微博正文#迪丽热巴贺思慕# dlrb#迪丽热巴白日提,https://m.weibo.cn/detail/5294138335166905
爱丽丝与热巴的双向奔赴,comment,70,粉丝点评/记忆表达明确,熹宝棒棒哒,迪丽热巴和粉丝都是浪漫的…是双向奔赴的热爱！,https://m.weibo.cn/detail/5037974611297605
爱丽丝与热巴的双向奔赴,post,69,粉丝点评/记忆表达明确,快乐的果子love,迪丽热巴#迪丽热巴开推发布会黑长直造型# ｜#邓超说拍个视频发给热巴# 如此美好的一个人@Dear-迪丽热巴 ，我怎么可能不心动？！线下的爱丽丝们真的好赤诚好热情好有爱好e好可爱！真的，双向奔赴，从来最动人心！ 快乐的果子love的微博视频,https://m.weibo.cn/detail/5139277646398418
爱丽丝与热巴的双向奔赴,post,69,粉丝点评/记忆表达明确,车载怀旧音乐,最显眼包的应援出现了！热巴：家人们谁懂啊！！！山东人的应援方式包震撼的爱丽丝最显眼包的应援来了迪丽热巴应援搬到了花田里#热门话题创作激励计划# 车载怀旧音乐的微博视频,https://m.weibo.cn/detail/5037563234226440
嘻嘻迪/表情包/可爱梗,post,69,粉丝点评/记忆表达明确,刘心蛋黄酥z,幸福的定义是不是这样子的蜡笔小新 | 动漫推荐 | 番剧推荐 | 童年回忆杀 | 日漫 | 治愈系 | 怀旧动画片 | 下饭神剧 | 二次元 | 野原新之助 | 野原广志 | 美芽 | 视频剪辑𝙒𝙚𝘾𝙝𝙖𝙩｜女明星高质量头像头像分享| 卡通头像| 可爱头像 | 审美积累｜可爱｜萌宠｜ipad壁纸｜手机壁纸｜ins｜高清｜无水印｜好运｜搞怪｜毛茸茸｜奇奇怪怪｜头像推荐｜清新｜小猫小狗｜拿花头像｜美女头像｜对镜拍｜张子枫｜周也｜鞠婧祎｜张婧,https://m.weibo.cn/detail/5294255654311400
高雯名场面与早期出圈,post,69,粉丝点评/记忆表达明确,风吹渐渐雾_Encounter,当年就是从这个角色开始入的坑，简直是内地版千颂伊！迪丽热巴｜克拉恋人｜高雯 L风吹渐渐雾_Encounter的微博视频 ​,https://m.weibo.cn/detail/5260392990509373
李长歌与《长歌行》角色记忆,post,68,粉丝点评/记忆表达明确,是长歌的阿若,迪丽热巴#迪丽热巴金刚发型#姐姐你太美了，美到失语！！！我们的长歌行很好的一部剧，真的特别的喜欢，长歌行一定行，每到一个时候我们的长歌行都要火火的 是长歌的阿若的微博视频,https://m.weibo.cn/detail/5293018997591860
爱丽丝与热巴的双向奔赴,post,68,粉丝点评/记忆表达明确,吴大趴,#迪丽热巴大理粉丝接机# 爱丽丝和巴儿的双向奔赴的爱～ 爱丽丝们激动却克制着，自己遵守着秩序，巴巴酱也是，一步一步走过，笑眼咪咪，开心的接过粉丝的信，满满的爱，爱丽丝和迪丽热巴的爱情很拿得出手，是正大光明互相爱着对方的坦荡荡 所以，我们还是要去爱一个本来就很好 ...全文,https://m.weibo.cn/detail/5143346344890316
白日提灯贺思慕/女鬼鬼王记忆,post,68,粉丝点评/记忆表达明确,迪星怪兽,#白日提灯今日收官# 时至今日，我才慢慢明白你为何最终会选卸下灵主的位置，也为你终于找到了“自己”而感到开心。“因责而守，至终不渝。”“世间万物须臾而逝，唯有我，不死不灭。”强大如你，作为实力最强的灵主，你吞噬了无数灵的欲望和执念，维系着人灵的和平，遗世而独立。你又带着些神性的悲悯，允许所有人的欲望，允许任何人向你发起挑战。俯瞰众生，心怀善良，推行金壁法，约束游灵，不干涉人间。金壁法约束所有灵，也包括你，灵主违法也要被罚，有这样的领导者,https://m.weibo.cn/detail/5290925047939370
白日提灯贺思慕/女鬼鬼王记忆,post,68,粉丝点评/记忆表达明确,迪迪卫小管家,迪丽热巴超话 来热搜了，跑男迪无敌！谁能不爱上这个甜热热呢😎同时多多宣传我们《白日提灯》正在热播，欢迎大家来看，一口气连炫40集超级爽⚠️跟着以下步骤发帖更有利热搜的热度①点进#迪丽热巴跑男只录了12天#话题②在热搜页面最下方点讨论发3-5帖，有没有实时都要发③手动加入迪丽热巴超话④输入自己写的安利文案 （在发帖的页面逗留15秒以上）#迪丽热巴白日提灯# dlrb #迪丽热巴贺思慕#,https://m.weibo.cn/detail/5291987311788678
花少/你好星期六等综艺片刻,post,68,粉丝点评/记忆表达明确,红酒沫,#花少3和花少5旅行的氛围也很好#作为《花儿与少年》系列公认的“白月光”，花少3（2017）与花少5（2023）以截然不同的风格诠释了理想旅行的核心——真诚协作的群像魅力。花少3带着强烈的青春冒险气息，像一首自由洒脱的乌托邦诗篇。年轻的成员们，江疏影、娜扎、张若昀、陈柏霖等人，深入非洲与南美大陆，整个行程弱化任务感，强化探索性，草原露营时的星空夜话、自驾驰骋时的迎风欢呼，都透着最本真的自然体验。节目组大胆采用“双线路并行”模式，陈柏霖独,https://m.weibo.cn/detail/5199125828079979
任安乐/帝梓元角色记忆,post,68,粉丝点评/记忆表达明确,浪漫主义者-迪,迪丽热巴超话#长歌行播出两周年了# dlrb#公诉# “以前做事会想到很远的未来，现在只专注当下。累了就坐下休息，歇够了就重新出发。”——@Dear-迪丽热巴迪丽热巴公诉|安旎|迪丽热巴安乐传|任安乐|帝梓元@Dear-迪丽热巴 #迪丽热巴公诉#dlrb#迪丽热巴安旎#L雪碧三分饱的微博视频 ​​​ ​​​,https://m.weibo.cn/detail/4885446599903481
跑男时期综艺名场面,post,67,粉丝点评/记忆表达明确,一块小猫吐司,#迪丽热巴跑男只录了12天#但是成为了无数女孩的白月光🥰 ​,https://m.weibo.cn/detail/5291987831359041
嘻嘻迪/表情包/可爱梗,post,67,粉丝点评/记忆表达明确,Y总最tian,𝙎𝙃𝘼𝙍𝙀 ｜🥟治愈可爱表情包｜撒娇卖萌专用｜搞怪｜抽象表情包｜日常表情包｜好用｜微信表情包｜无水印｜审美积累｜可爱饺子｜可爱表情包｜赵今麦 刘浩存 田曦薇 迪丽热巴 杨幂 刘诗诗 杨颖 卢昱晓 杨超越 王楚然 张元英 柳智敏 白鹿 赵露思 周也 杨紫 宋雨琦 张予曦 卢昱晓 田曦薇 李羲承 易烊千玺 刘昊然 陈哲远 张凌赫 徐明浩 严浩翔 宋亚轩 周冬雨 闫妮 关晓彤 鹿晗 马嘉祺 王俊凯 王源 邓凯 孔雪儿 章子怡 朱志鑫 郭麒麟 ,https://m.weibo.cn/detail/5284674412744020
爱丽丝与热巴的双向奔赴,post,66,粉丝点评/记忆表达明确,迪宝甜崽,#迪丽热巴说粉丝给了自己走下去的力量# 双向奔赴的热爱让人最好磕了，爱丽丝将一直守护迪丽热巴，我们一起成长一起加油。爱你的心不会变，永远做你的观众。,https://m.weibo.cn/detail/5287985624909430
生日生贺与小小迪陪伴记忆,post,66,粉丝点评/记忆表达明确,Madiba,Hi 亲爱的热巴 今天是我喜欢你的第六年 时间过得好快啊 记得刚认识你的时候 是你饰演角色凌凌七 那时候你还是小花 现在是大红大紫的顶流了 我很荣幸这一路上 陪你见证了你的许多荣誉 也谢谢你给我平淡的日子增添了许多乐趣 我喜欢你从来不是一时兴起 而是你给了我别人给不了的感觉 可能这些话会比较老套我也说不上是什么感觉 可就是谁也代替不了的 我很开心 六年了 我还是很爱你 都在说追星不容易不值得 我偏要说 追星让我感到幸福 喜欢对的人每一天,https://m.weibo.cn/detail/5207675097055543
白日提灯贺思慕/女鬼鬼王记忆,post,66,粉丝点评/记忆表达明确,我萌宅,段胥承认喜欢贺思慕 看到满身伤痕的她 段胥责怪自己 明知道她有灵力很快复原还是忍不住担心 他不想贺思慕早点救他 那时候的他很不堪 现在的相遇就是最好的～迪丽热巴 贺思慕 陈飞宇 段胥 #白日提灯# ·#白日提灯追剧团# L我萌宅的微博视频 ​,https://m.weibo.cn/detail/5282899008162116
花少/你好星期六等综艺片刻,post,66,粉丝点评/记忆表达明确,春煦豚诗,综艺分享《创造营2019》一档由腾讯视频出品的，男子选秀综艺。迪丽热巴作为发起人，郭富城，苏有朋等人作为导师。在一场又一场舞台中淘汰晋级，最终以11人成团出道。“赤子之心，乘风破浪！”少年的热血与赤诚最是可贵！让记忆将我们带回那个夏天…… ​,https://m.weibo.cn/detail/5287588562733383
白凤九与三生三世情怀,post,65,粉丝点评/记忆表达明确,潮流精神病人,#迪丽热巴跑男只录了12天#8️⃣只录了12天跑男就爆成民选女顶流，是天生红人命，未来很难再有这样的顶级女艺人。 其实迪丽热巴上跑男前，已经靠高雯、白凤九、关小迪、李慧珍这些角色火出圈了，不是靠这档综艺才起来的。 喜欢上她确实容易，我就是从一开始不喜欢慢慢转粉的，她个人魅力真的挺强。大 ...全文,https://m.weibo.cn/detail/5292197299618525
演员成长与角色群像评价,post,65,粉丝点评/记忆表达明确,萌宅樱糕,大家发现没？​自从《逐玉》结束后，到现在没有大爆剧了。​逐玉之后的月鳞绮纪，主演颜值也都还不错的，陈都灵和鞠婧祎（饰 露芜衣）很养眼，九尾狐的造型也很仙，输在剧情，感觉一团一团的，完全没看懂！​这种“突然没有爆剧”的感觉，其实挺微妙的。就像你刚吃完一顿特别惊艳的大餐，回头再看日常饭菜，总觉得少点味道。​​《逐玉》那种剧情推进的紧凑感、人物关系的张力，一旦形成对比，后面的剧稍微松一点，就会被放大成“看不下去”。​《月鳞绮纪》的问题很典型，,https://m.weibo.cn/detail/5291557482660171
嘻嘻迪/表情包/可爱梗,post,65,粉丝点评/记忆表达明确,青青小萌芽,惊到！迪丽热巴跑男实际仅录12天，却贯穿一整季。她玩游戏认真不划水，又可爱不矫情，短短时间圈粉无数。这颜值与性格，现在依旧能打，当年片段至今还是很多人的白月光~😃#专业视频创作季##微博二创视频创作季##一分钟精选视频扶持计划##迪丽热巴跑男只录了12天# L青青小萌芽的微博视频 ​,https://m.weibo.cn/detail/5292194613429373
嘻嘻迪/表情包/可爱梗,post,65,粉丝点评/记忆表达明确,该怎么描述初雪,迪丽热巴再被叫胖迪很惊讶在2026年3月迪奥品牌活动中，有粉丝现场呼喊“胖迪”这一昵称，迪丽热巴听到后明显愣住，表情既惊讶又带着暖意。网友分析她的反应源于该称呼近年极少被使用——当前粉丝多称其为“巴姐”“小巴巴”，“胖迪”逐渐成为老粉圈的时代印记。这一称呼源于迪丽热巴出道初期：因全名“迪丽热巴•迪力木拉提”过长，粉丝便取顺口又亲切的“胖迪”简化。她多次在采访中强调这是“粉丝起的名字”，并解释“听到‘胖迪”能立刻反应过来是叫我”，视其为专,https://m.weibo.cn/detail/5278984262650325
白日提灯贺思慕/女鬼鬼王记忆,post,65,粉丝点评/记忆表达明确,冰生椰奶茶不加糖,灵主大人贺思慕回归归墟的名场面，是迪丽热巴演技的高光时刻，她用细腻又极具张力的表演，将鬼王的威严、孤寂与隐忍刻画得入木三分，完美还原了角色内核。 告别人间后，贺思慕踏入归墟的那一刻，迪丽热巴彻底褪去人间的柔软，眼神瞬间变得清冷疏离。没有夸张的肢体动作，仅凭眼底的淡漠与睥睨，就演出了万灵之主的压迫感。面对归墟纷乱的游魂，她周身气场全开，步履沉稳坚定，每一步都带着不容置疑的威严，抬手抚平扶桑木裂痕时，指尖灵力流转，神情冷冽淡然，将鬼王执掌幽,https://m.weibo.cn/detail/5293174991882955
白日提灯贺思慕/女鬼鬼王记忆,post,65,粉丝点评/记忆表达明确,影梦a流星,迪丽热巴超话#迪丽热巴白日提灯# dlrb #迪丽热巴贺思慕##迪丽热巴卫蓝# 你是世俗赠予的温柔理想，岁岁朝朝，我都会热烈且坚定地喜欢你。@Dear-迪丽热巴 L影梦a流星的微博视频 ​,https://m.weibo.cn/detail/5293915274221734
爱丽丝与热巴的双向奔赴,post,64,粉丝点评/记忆表达明确,小圆妤然,从应援色来看，热巴粉丝远数竟然还比不上邓为粉丝啊？不是说势均力敌来着,https://m.weibo.cn/detail/5293771753260584
跑男时期综艺名场面,post,64,粉丝点评/记忆表达明确,痞影人弗莱克,死去的回忆又开始攻击我了，迪丽热巴12天素材剪12期，播3个月，合着最大的CP粉头是剪辑师，最强的造糖大师也是剪辑师，想看什么自己剪，节目组还是太会搞事情了！#迪丽热巴跑男只录了12天# ​,https://m.weibo.cn/detail/5292003969471624
跑男时期综艺名场面,post,64,粉丝点评/记忆表达明确,清欢予时,#迪丽热巴跑男只录了12天#时隔八年又再次唤起那段“小迪”的记忆🥹 热巴你走过的来时路有人一直记得🌸 L清欢予时的微博视频 ​,https://m.weibo.cn/detail/5291991766402872
嘻嘻迪/表情包/可爱梗,post,64,粉丝点评/记忆表达明确,泡泡米茶_,综艺名场面｜综艺剪辑｜搞笑片段｜综艺搞笑片段｜现在就出发｜沈腾｜贾冰｜金晨｜范丞丞｜白敬亭｜黄景瑜｜胡先煦｜王安宇｜现在就出发名场面｜现在就出发第3季𝒔𝒉𝒂𝒓𝒆 |古早动漫女头｜Wallpaper壁纸推荐｜暗黑风纯欲少女｜平板动态壁纸｜ ins风壁纸 ｜女生头像｜电脑动态壁纸｜实况壁纸｜鸣潮眨眼｜ipad平板live动态壁纸•动态背景图｜古早旧壁纸｜日系女头｜复古女头𝗪𝗲𝗖𝗵𝗮𝘁 𝙒𝙚𝘾𝙝𝙖𝙩｜小猫头像头像分享| 卡通头像| 可爱头像 ,https://m.weibo.cn/detail/5292782751056601
红毯神图与高定封神造型,post,63,粉丝点评/记忆表达明确,剧评达人,迪丽热巴今日线下生图，令人两眼一黑，化妆师造型师对的起工资么？ 脸比身体黑，30岁的年纪老往40岁打扮！出发图盘发本来挺好的，结果出席线下活动时变成了中卷发，生图拍出来脸黑黄黑黄的，活动主题是甜甜的蛋糕，搞这样意欲何为？ 对得起冒雨前来又淋着雨呼喊应援的粉丝么！迪丽热巴工作室真的应该好 ...全文,https://m.weibo.cn/detail/5292776487131005
迪拜报平安/守护型记忆,post,63,粉丝点评/记忆表达明确,本少极品帅,迪丽热巴我连心疼你都有时差 随便说出去都没人信你会是这种待遇 而你一个人默默忍受了这么多年 现在只希望你平安 平安顺遂 小狐狸Daily的微博视频,https://m.weibo.cn/detail/5272849680171274
跑男时期综艺名场面,post,63,粉丝点评/记忆表达明确,仿生花朵人,奔跑吧迪丽热巴和鹿晗的第一次见面，当年这事真不能全怪我啊 L仿生花朵人的微博视频 ​,https://m.weibo.cn/detail/5292046275577072
花少/你好星期六等综艺片刻,post,63,粉丝点评/记忆表达明确,深圳一一姐,#hi6收视第一# 霸榜55周，国民综艺的统治力 《你好星期六》hi63月28日最新一期，酷云平均收视0.6596%、峰值0.7217%，再夺省级卫视同时段第一，拿下13连冠 。 更炸的是：从2025年2月至今，已连续55周稳坐冠军，市占率峰值近4%，堪称周末综艺“收视堡垒”。 🔥 为什么能一直赢？ - 嘉宾+内容双在线：顶流+实力演员轮番登场，迪丽热巴、王鹤棣、丁程鑫等自带流量；每期主题新鲜（悬疑、剧综联动、时装周），游戏紧凑、笑点密,https://m.weibo.cn/detail/5281602428997477
白日提灯贺思慕/女鬼鬼王记忆,post,63,粉丝点评/记忆表达明确,源源和涵涵呀,#迪丽热巴陈飞宇一个爆炸头一个牛舔头#真的要感叹一句，也就迪丽热巴和陈飞宇两人得颜值能硬撑住这组造型了！热巴爆炸头、陈飞宇“牛舔头”，放在别人身上可能直接翻车，他俩拍出来居然还很有氛围感。谁能想到2017年的杂志拍档，时隔多年两人合作了《白日提灯》演起了宿命感拉满的鬼王贺思慕和少年将军段胥。从青涩拍档变成宿命感CP，这缘分太妙。旧照搞笑又青涩，新片预告氛围感直接拉满，戏里甜虐拉扯，戏外互动也甜。随着3.28开播越来越近，越考古越期待，坐,https://m.weibo.cn/detail/5280385287325238
李长歌与《长歌行》角色记忆,post,63,粉丝点评/记忆表达明确,蠡公子,#长歌行#明明知道原著漫画粉对选角非常有意见，知道版权卖了就是卖了，你爱怎么搞你自己搞去，我们卑微漫粉已经努力当做这是另一部作品，尽量不去插一脚了，导演团队还在各种蹭，非要说多还原多还原，还要把演员和漫画人物拼一起硬夸一模一样，长了个嘴就叭叭说我达叔是不是照着迪丽热巴画的李长歌，我踏马直接气哭，杀人诛心，滚吧,https://m.weibo.cn/detail/4620928166924600
红毯神图与高定封神造型,post,62,粉丝点评/记忆表达明确,木木很瘦丫,迪丽热巴迎来三十三岁生日，工作室与粉丝携手，打造了一场难忘的生日盛宴，迅速引起网友热议。家庭工作室发布的生日短片以沿途花盛开，未来皆热爱为脉络，回顾他过去一年的演艺征程。短片中，消息，清凉的聂九罗，安乐传的人安乐等经典角色片段，幕后花絮交织，高定造型写真穿插其中，尽显他千面鲜活的 ...全文,https://m.weibo.cn/detail/5173714136073229
爱丽丝与热巴的双向奔赴,post,62,粉丝点评/记忆表达明确,你的千寻_,#迪丽热巴对粉丝的爱文字版#视频版在这里～ 一直是双向奔赴 你自信起来啊啊啊啊就是会有很多人喜欢你 你做了很多呀 即使你没做 你在那里就是意义啦！！！#迪丽热巴对追星的看法# 你的千寻_的微博视频,https://m.weibo.cn/detail/4938240429919403
乔晶晶与《你是我的荣耀》入坑记忆,post,62,粉丝点评/记忆表达明确,向阳微暖xywn,#荣耀夫妇迪丽热巴杨洋 ✨荣耀夫妇同框就是最配的！ 每一帧都是时光偷不走的糖🍬。 《你是我的荣耀》用温柔又清醒的笔触，讲述了一段势均力敌的爱情与双向奔赴的成长。乔晶晶与于途的重逢，不是简单的偶像剧甜宠，而是成年人之间的理解、尊重与成全。他们不因身份差距而自卑，不因现实阻碍而退缩， ...全文,https://m.weibo.cn/detail/5275390043751472
爱丽丝与热巴的双向奔赴,post,62,粉丝点评/记忆表达明确,海神的人鱼公主,追星怎么可能追谁都一样呢 女宝和女明星之间双向奔赴的爱 是李纯跟保安说我们认识 是叶童下车和粉丝拥抱还发博解释 是祝绪丹给粉丝买生日蛋糕 是刘亦菲不顾阻拦和粉丝合影 是迪丽热巴一定会开窗 是李艺彤每次都给粉丝买奶茶 是鞠婧祎以陌生朋友的身份承包了粉丝应援 是张予曦看到被推搡的粉丝大声呵斥 ...全文,https://m.weibo.cn/detail/5194792784889612
嘻嘻迪/表情包/可爱梗,post,62,粉丝点评/记忆表达明确,Spotlight-DLRB,【白日提灯汇总-工作室更抖part1】1. 0320定档特辑“恭迎归墟最强万灵之主@Dear-迪丽热巴 ”2. 0320特效转场“无需多言，欢迎来到@Dear-迪丽热巴 ”3. 0321红衣视频“😎今天又不小心贪了一个万灵之主@Dear-迪丽热巴 ”4. 0321 剧情向-第一次见到色彩“四百年来，贺思慕@Dear-迪丽热巴 眼中的天地万物皆无色彩，世界于她不过是一片沉默。她能看见风的形状，却看不见风本身的透明，曾经的她以为这便是世界的,https://m.weibo.cn/detail/5292333633374325
白日提灯贺思慕/女鬼鬼王记忆,post,61,粉丝点评/记忆表达明确,冰棍说,迪丽热巴的演艺生涯中，塑造了多个极具国民度和讨论度的“出圈”角色。她的戏路非常宽广，从早期的“傻白甜”到如今的“硬核女强人”和“暗黑系女主”，每个阶段都有代表作。迪丽热巴近两年的选角明显在寻求去标签化和演技深度的突破，以下两个角色也非常值得关注：贺思慕（《白日提灯》）400岁的“鬼王”，白发紫瞳，手提鬼灯 。她不仅亲自参与了角色的服装和道具（鬼灯）设计，还挑战了“非人”的冷冽感和“少女”的懵懂感之间的反差。这是她向“暗黑系大女主”转型的,https://m.weibo.cn/detail/5286836490472177
白日提灯贺思慕/女鬼鬼王记忆,post,61,粉丝点评/记忆表达明确,TiAmo-迪丽热巴,迪丽热巴超话#迪丽热巴白日提灯#dlrb #迪丽热巴贺思慕# 记忆的梗上，谁不有两三朵娉婷，披着情绪的花@Dear-迪丽热巴 ​,https://m.weibo.cn/detail/5290923638394621
李长歌与《长歌行》角色记忆,post,61,粉丝点评/记忆表达明确,迪圈智慧树,🌳9.30/小树资讯台/语录专栏我想它绚丽一些就像祖国的大好河山～ —迪丽热巴在记者问到对今天（国庆特别节目录制当天）的衣服有什么想法时，她如是回答道。歌声表白祖国，行动诠释爱国。各民族亲如一家，同祝愿，同期盼美好明天。值此双节之际，小树全体成员祝祖国繁荣昌盛，祝各位阿丝阖家团圆，幸福安康～#迪丽热巴你是我的荣耀# @Dear-迪丽热巴 #迪丽热巴长歌行#,https://m.weibo.cn/detail/4554990846216304
白日提灯贺思慕/女鬼鬼王记忆,comment,61,粉丝点评/记忆表达明确,傅铂涵闹闹,有小小姐姐的陪伴，戏外也是快乐💯#白日提灯# #迪丽热巴贺思慕# #傅铂涵#,https://m.weibo.cn/detail/5281919984212055
白日提灯贺思慕/女鬼鬼王记忆,post,60,粉丝点评/记忆表达明确,Dear卡皮巴拉,#迪丽热巴答应粉丝63张ccd自拍# 完全就是宠粉天后来的🥹 期待万灵之主贺思慕,https://m.weibo.cn/detail/5281084216706797
红毯神图与高定封神造型,post,59,粉丝点评/记忆表达明确,丶花弄七月,#迪丽热巴邓为迪奥生图##迪丽热巴迪奥南京活动人气# 迪丽热巴这身蓝色礼服，真是美到封神！简直就是蓝色妖姬啊！#时尚灵感解读# 丶花弄七月的微博视频,https://m.weibo.cn/detail/5292783950896878
红毯神图与高定封神造型,post,59,粉丝点评/记忆表达明确,jacky-Leung6688,迪丽热巴化妆师还是王亚飞！ 迪丽热巴粉丝早就不满意王亚飞了，今年春晚的妆造让粉丝不满达到顶峰，后面几次妆造大多被嫌弃，多次遭遇抵制，即便如此，迪丽热巴给团队大换血，依旧没换掉王亚飞，其实，明星贸然更换化妆师也是很有风险的，一个是新的化妆师不一定能带来出圈妆造，另一个是，女明星的真 ...全文,https://m.weibo.cn/detail/5292956371911761
演员成长与角色群像评价,post,59,粉丝点评/记忆表达明确,追剧-,终于明白为啥《月鳞绮纪》播出效果远胜《白日提灯》了，核心问题真的出在演员选角上！ 《月鳞绮纪》四位主演个个都有稳固粉丝盘，颜值演技双在线，完全撑得起整部剧。剧情节奏还特别紧凑，全程双线并行，每一集都有看点，根本舍不得开倍速。尤其是鞠婧祎和陈都灵，一个清丽如茉莉，一个娇艳似桃花， ...全文,https://m.weibo.cn/detail/5286271879744324
爱丽丝与热巴的双向奔赴,post,59,粉丝点评/记忆表达明确,荒野星辰yeah,#迪丽热巴会看粉丝留言# 热爱永远都是双向奔赴的 荒野星辰yeah的微博视频,https://m.weibo.cn/detail/4963297521044630
花少/你好星期六等综艺片刻,post,59,粉丝点评/记忆表达明确,甜宝宝C,#开推4迪丽热巴退出丁程鑫加入#首先，迪丽热巴退出确实挺可惜的。她前三季在节目里颜值、智商、综艺感都在线，和其他嘉宾配合默契，造型亮眼、搜证认真，还能接梗造笑点，是很多人追开推的理由之一。这次因为档期等原因不常驻，老粉难免舍不得，少了她总觉得少点味道。再看丁程鑫加入，算是新鲜血液。他年轻有活力，在其他综艺里反应快、脑子灵，综艺感不错，颜值也能打，年轻观众应该会很期待。推理综艺需要脑力和体力，他的加入能给团队补活力、带新节奏，和老成员磨合,https://m.weibo.cn/detail/5279896949752770
跑男时期综艺名场面,post,59,粉丝点评/记忆表达明确,新疆日报,#行走的新疆名片#【迪丽热巴带新疆美食出圈】@Dear-迪丽热巴 曾在跑男节目里沉浸式安利新疆特色美食，宣传大美新疆#迪丽热巴跑男只录了12天#迪丽热巴超话 从美食出发，一起解锁美味新疆 ​,https://m.weibo.cn/detail/5292067418018950
李长歌与《长歌行》角色记忆,post,59,粉丝点评/记忆表达明确,肉提昏昏-,#利剑玫瑰#拒绝pua 粉了迪丽热巴快8年的人很清楚的告诉你们 她知道自己想要什么 事业前期一直在嘉行大礼包里面打转 从长歌行开始接外剧 她比我们更清楚自己的职业规划 还有些披皮的冷嘲热讽的 我说你大可也不必 从你下场开始说出那些话的时候 就代表你慌了 你嫉妒你羡慕 巴姐也从来没有说过自己要转型的话 她还年轻 遇到好的剧本自然会接会演,https://m.weibo.cn/detail/4885483533900126
嘻嘻迪/表情包/可爱梗,post,59,粉丝点评/记忆表达明确,纸为尼6528978106,哈哈哈我姐太可爱好想抱回家呀,https://m.weibo.cn/detail/4389015329451801
爱丽丝与热巴的双向奔赴,post,58,粉丝点评/记忆表达明确,旎的92栀子花,这个迪丽热巴会在八千万的时候手写信会给粉丝跳舞会接粉丝的信会拍美美的照片，完全就是把巴粉狠狠捧在手心的宠粉天后,https://m.weibo.cn/detail/5183935979717425
红毯神图与高定封神造型,post,58,粉丝点评/记忆表达明确,_浮生一粟_,#迪丽热巴跑男只录了12天#碎碎念一下热巴参加跑男那年，我还在上高三，转眼间我都已经研究生毕业 参加工作了。原来那季跑男 热巴只录了12天啊，但真的给众多观众留下了深刻印象呀！从穿着礼服首次在跑男亮相(吼吼我记得里面穿着秋裤还是毛裤是吧)、飘到我心里的黄色发带、和李沁姐姐的双人同步转圈圈、震撼的黄河大合唱，太多太多记忆点了，有空了我要再去重温一下！想起当年期待看跑男的日子，每周看到美丽大方热情活泼的热巴姐姐，都会觉得很幸福！真的算是枯燥,https://m.weibo.cn/detail/5292131683401766
花少/你好星期六等综艺片刻,post,58,粉丝点评/记忆表达明确,芋圆要早睡-,开始推理吧超话#开推老粉意难平# 前面对这种类型的综艺压根不感兴趣 因为热巴开始从第二季看的 前面一直在说这次原班人马 结果突然换人 虽然接受大家有各自的工作参加不了 但是我想说的是 我们爱的是这个群像 而不是节目本身 什么时候才能意识到换人就是一个节目走下坡路的开始呢 赫丽摸金宇才是我们所喜爱的啊@开始推理吧,https://m.weibo.cn/detail/5279992453793499
跑男时期综艺名场面,post,58,粉丝点评/记忆表达明确,得意-惬意-肆意,人生几何 能够得到知己 早期跑男/童年白月光/邓超/李晨/杨颖（Angelababy）/陈赫/迪丽热巴/刘嘉玲/郑恺/王祖蓝/魏大勋 L得意-惬意-肆意的微博视频 ​,https://m.weibo.cn/detail/5294156856429630
嘻嘻迪/表情包/可爱梗,post,58,粉丝点评/记忆表达明确,老特拉福德的糖猫儿,#白日提灯全员把超话聊成朋友圈#啊啊啊啊啊！！迪丽热巴怎么这么多可爱表情包啊！真的是个可可爱爱奇奇怪怪的小女生啊！唯一美中不足的就是没有翻牌我！哼！今晚怒看二十遍《白日提灯》，我要一直缠着你！#白日提灯##迪丽热巴贺思慕# ​,https://m.weibo.cn/detail/5284054551498472
嘻嘻迪/表情包/可爱梗,post,58,粉丝点评/记忆表达明确,FadingMoon_,自存一个今日互动思胥万千part和两位的可爱表情包两位今日真的萌翻全场😎谁看了不说一句又生又养思胥万千牛逼 ​ 专栏 · 思胥万千🪼 ​,https://m.weibo.cn/detail/5284126103179655
白日提灯贺思慕/女鬼鬼王记忆,post,58,粉丝点评/记忆表达明确,特工樱桃迪,#迪丽热巴贺思慕#dlrb#迪丽热巴白日提灯# 迪丽热巴清醒且独立在演员生涯一直勤奋刻苦从来不轻易说放弃她不仅是我们的偶像更是榜样@Dear-迪丽热巴 ​,https://m.weibo.cn/detail/5294440500957455
机场饭拍与日常陪伴片刻,post,58,粉丝点评/记忆表达明确,念染沫,念染沫的年度总结也来啦，念染沫向来不擅长写很多的文字所以就从简啦2025是念染沫入坑的第二年，也是意义非凡的一年，那就从头开始总结吧首先是@花巷酒_ 年初和酒聊天，提出想弄一个十八岁生日企划，没想到她也有这个想法，然后我俩就开始了一系列的工作，漂流本，捐款，小礼包等，还好一切顺利然后直接跳到五一，感谢@凹小狗我在 给我抢的原价票，真的没想到第一次演唱会就是原价票最想感谢的还是@禹落星辰zyz 姐姐人超级好，我入坑两年，她也入坑两年，我们,https://m.weibo.cn/detail/5267323701429533
白日提灯贺思慕/女鬼鬼王记忆,comment,58,粉丝点评/记忆表达明确,朦朦胧胧白月光,“世上万物须臾而逝，唯我不死不灭”—万灵之主贺思慕！明天见！#迪丽热巴贺思慕#,https://m.weibo.cn/detail/5281020265894734
白日提灯贺思慕/女鬼鬼王记忆,post,57,粉丝点评/记忆表达明确,影梦a流星,迪丽热巴超话#迪丽热巴白日提灯# dlrb #迪丽热巴贺思慕##迪丽热巴卫蓝# 以热爱为舟，赴一场漫长奔赴，你在台上发光，我在人海凝望。@Dear-迪丽热巴 L影梦a流星的微博视频 ​,https://m.weibo.cn/detail/5294278119264444
红毯神图与高定封神造型,post,57,粉丝点评/记忆表达明确,耍帅小螃蟹,#迪丽热巴邓为迪奥生图#2026年4月28日南京德基的这场迪奥活动简直杀疯了！迪丽热巴和邓为的雨中生图直接封神，冷白皮撞上港风帅哥，这组“浓颜系”同框真的太养眼。网友都在感慨，热巴穿蓝裙撑伞生图零死角，不愧是“生图战神”；邓为的紫色应援海也超浪漫。最绝的是粉丝排面，冒雨夜排还自发点外卖投喂，现场秩序井然。路人看了都得服气：这就是内娱顶流的真实号召力，颜值与人气双双在线！ L耍帅小螃蟹的微博视频,https://m.weibo.cn/detail/5292721378166922
红毯神图与高定封神造型,post,56,粉丝点评/记忆表达明确,财凌宝,#迪丽热巴腿部肌肉线条# 像迪丽热巴一样，教你用臀走路腿越走越细（视频） 生图杀疯！迪丽热巴肌肉腿封神，打破白幼瘦审美才是真顶流 内娱腿圈天花板又更新了！4月25日北京飞上海的机场路透，迪丽热巴裹得严严实实的低调穿搭，愣是被一双腿焊死了热搜。黑色紧身裤勾勒出的线条，不是细得像竹竿的 ...全文,https://m.weibo.cn/detail/5291593944010240
爱丽丝与热巴的双向奔赴,post,56,粉丝点评/记忆表达明确,巴的酸奶疙瘩63,#迪丽热巴跑着去收粉丝的信# 热巴真的是宠粉天后！跑过去的那个镜头真的很像偶像剧，迪丽热巴和爱丽丝是双向奔赴的~做爱丽丝真的好幸福啊啊啊,https://m.weibo.cn/detail/5139083098062874
白日提灯贺思慕/女鬼鬼王记忆,post,56,粉丝点评/记忆表达明确,咒语也是宇宙,#迪丽热巴千字长文告别白日提灯#贺思慕，退休快乐。演员迪丽热巴，陪她走完这一程。 她写贺思慕是“黑白世界里的一抹颜色”，一个生而无感、守护归墟四百年的“万灵之主”，却因为遇见段胥，第一次尝到人间的滋味。她说“思慕，谢谢你带我们发现，这世间当真如此可爱。” 这哪里是告别，这分明是一封 ...全文,https://m.weibo.cn/detail/5291158868853871
演员成长与角色群像评价,post,56,粉丝点评/记忆表达明确,冰镇椰子味酸奶,真的就是看她的剧入坑的，利用自身的影响力以及自己所饰演的角色去传播一些正向的东西，这才是优秀的文艺工作者。白日提灯很精彩，同时也很期待，演员迪丽热巴的下一个角色#迪丽热巴谈演员身份# ​,https://m.weibo.cn/detail/5285748911637144
爱丽丝与热巴的双向奔赴,post,56,粉丝点评/记忆表达明确,等雨不归人,#迪丽热巴给粉丝点了奶茶面包鸡汤#迪丽热巴这次逆应援真的太走心了，长沙天寒地冻，不仅有热奶茶、参鸡汤，还贴心准备安睡裤、围巾，全是实打实的刚需。虽然超话12级有门槛，但能看出是用心对待老粉，对比其他艺人简单送奶茶，她这种全方位照顾才是真·双向奔赴，活该路人缘好。 ​,https://m.weibo.cn/detail/5264422454690086
嘻嘻迪/表情包/可爱梗,post,56,粉丝点评/记忆表达明确,小吊带初心,𝙒𝙚𝘾𝙝𝙖𝙩｜2026手机壁纸新鲜出炉𝑾𝒆𝑪𝒉𝒂𝒕 女生头像｜ins风女头分享｜韩系女头｜氛围感｜𝐖𝐞𝐂𝐡𝐚𝐭头像 | 高清女头 | 玩偶头像 | 可爱头像 | 软萌头像 | 搞怪头像壁纸｜无水印｜苹果壁纸｜小清新｜手机壁纸｜手绘｜卡通｜简约｜可爱｜小众壁纸｜ins壁纸｜复古壁纸｜国风壁纸｜温柔壁纸｜氛围感壁纸｜全屏壁纸｜原图壁纸｜简约壁纸壁纸｜卡通壁纸｜动漫壁纸｜手绘壁纸｜文字壁纸｜星空壁纸｜晚霞壁纸｜绿植壁纸｜萌宠壁纸｜少女心壁纸壁,https://m.weibo.cn/detail/5293815277554162
红毯神图与高定封神造型,post,55,粉丝点评/记忆表达明确,高碧瑶,迪丽热巴南京新造型翻车！无滤镜生图曝光，粉丝怒斥化妆师王亚飞， 高碧瑶的微博视频,https://m.weibo.cn/detail/5292822922268252
爱丽丝与热巴的双向奔赴,post,55,粉丝点评/记忆表达明确,王牌队长,dlrb迪丽热巴和爱丽丝永远是双向奔赴~#迪丽热巴# 王牌队长的微博视频,https://m.weibo.cn/detail/4990366583620685
嘻嘻迪/表情包/可爱梗,post,55,粉丝点评/记忆表达明确,蛋挞_Lotus,📸 毛茸茸的胶片日记𝒔𝒉𝒂𝒓𝒆 | 汪星人胶片𝗪𝗲𝗖𝗵𝗮𝘁 𝙒𝙚𝘾𝙝𝙖𝙩｜尾巴摇摇文章分享 | 胶片感叙事 | 审美积累 | 萌宠日常 | 情感故事 | 手账素材 | ins风排版 | 高级感文案 | 暖色调 | 治愈系 | 毛茸茸 | 可爱故事 | 搞怪瞬间 | 奇奇怪怪 | 宠物头像 | 清新文风 | 淡淡的高级感 | 双人对话 | 横屏阅读文章share｜竖屏短文｜线条小狗语录｜4k阅读｜治愈文案｜锁屏+主屏阅读素材暖橙色 粉色系,https://m.weibo.cn/detail/5286184408056204
白日提灯贺思慕/女鬼鬼王记忆,post,55,粉丝点评/记忆表达明确,畅撩小甜豆,#迪丽热巴新剧21秒战损美学# 这段我直接颅内蹦迪！贺思慕刚跟段胥换了触觉用不了灵力，方昌变成她的样子栽赃嫁祸，还把灵主钉墙上拿傀儡小人虐。可她全程毫无惧色，反而因为第一次真切感知到痛与温热，眼里满是鲜活和兴奋。天亮灵力回来，她眼神唰地变了，开大直接杀疯，又疯又强的感觉太绝了！ ​,https://m.weibo.cn/detail/5283177167848657
李长歌与《长歌行》角色记忆,post,55,粉丝点评/记忆表达明确,三千公里的浪漫,#迪丽热巴李长歌# #迪丽热巴长歌行# 2021我遇到了长歌行，本没有多大期待的剧，以为就是古偶，结果深陷其中，剧中绝大多数角色都十分有魅力，传达的精神内核让人有力量！感谢制片，导演，编剧，演员们，后期等等，所有人的努力，让我与长歌行相遇！我爱长歌行！2022年，希望长歌行不惧偏见，被更多人看到，被更多人喜欢！get2021最喜爱歌曲，光的方向，无限循环2022，我还在这里。,https://m.weibo.cn/detail/4720592688778050
演员成长与角色群像评价,comment,55,粉丝点评/记忆表达明确,叶大大0128,好演员是这样的，让人物长进骨子里，从头部晃动到走路姿势眼神全都是角色 此刻她就是疯刀 演技牛x,https://m.weibo.cn/detail/5241150504962745
爱丽丝与热巴的双向奔赴,post,54,粉丝点评/记忆表达明确,心动迪崽崽zuli,迪丽热巴细节就在于最后粉丝想要热巴说“我爱你”的时候，热巴毫不犹豫的就满足了粉丝 #迪丽热巴和爱丽丝永远是双向奔赴的 #@Dear-迪丽热巴 心动迪崽崽zuli的微博视频,https://m.weibo.cn/detail/4861255075235251
红毯神图与高定封神造型,post,54,粉丝点评/记忆表达明确,饭团子哒哒哒,#迪丽热巴跑男只录了12天#才只用了12天吗？绝了当年的“跑男迪”实际录制仅12天！2017年作为代班常驻，她用短短12天的碎片素材，撑起12期节目、火了七年。泥潭大战不顾形象，指压板闯关咬牙坚持，转圈舞元气出圈，全程拼劲十足又真诚暖心。12天高光，足以封神！ ​,https://m.weibo.cn/detail/5292053141389586
白日提灯贺思慕/女鬼鬼王记忆,post,54,粉丝点评/记忆表达明确,迪迪卫研究所,迪丽热巴超话 朋友们~本所来啦！！又到了垫热度的时候😎今天你都切浩了吗🙀快来切浩跟我一起做帮我转评扩散！！⚠️做之前先来清缓存 【图一】⚠️人手七个腾讯浩，教程➩微博正文16点去第20集发弹幕17点去第21集发弹幕1️⃣弹幕和讨论同时发100条以上【视频二】⭐发弹幕冲3.2亿，按照相应时间发【图三】♦手动发与剧情相关的弹幕♦无限弹幕时间看 【图四】♦弹幕互动+1 【视频五】2️⃣搜索《白日提灯》 【图六】♦VIP/SVIP搜索50次 ,https://m.weibo.cn/detail/5294156647237892
爱丽丝与热巴的双向奔赴,post,54,粉丝点评/记忆表达明确,垚垚思念予迪,#和迪丽热巴一起迎接2023# dlrb#与迪丽热巴一起欢乐跨年##微博跨年狂欢节# 美丽动人的小迪公主👸🏻我是你的一枚小透明阿丝，愿你在2023年开开心心.无忧无虑，也愿阿丝们开开心心.无忧无虑，迪宝，希望你在新的一年里多做许多自己喜欢的事！爱丽丝们永远都陪伴在我们绝美善良的迪公主身后！一生热爱，步履不停@Dear-迪丽热巴 LDear-迪丽热巴专属投投的微博视频,https://m.weibo.cn/detail/4852868769654193
白日提灯贺思慕/女鬼鬼王记忆,post,53,粉丝点评/记忆表达明确,忘卿少女,段胥：凡人，会撒娇，思慕还很亲近，不好！ 哈哈哈，小说里是这样，他反而不怎么在乎左丞，天天吃风夷醋 白日提灯 迪丽热巴 陈飞宇 忘卿少女的微博视频,https://m.weibo.cn/detail/5292740495805493
演员成长与角色群像评价,post,53,粉丝点评/记忆表达明确,发呆迪迪坨,#制片人评价迪丽热巴杨紫扛剧# 迪丽热巴牛~真扛剧，当之无愧。敬业，颜值高，演技好，三观正，宠粉的女演员上哪找？迪丽热巴了解一下~,https://m.weibo.cn/detail/4826707250908340
嘻嘻迪/表情包/可爱梗,post,53,粉丝点评/记忆表达明确,小马鲨鱼辣椒,搞笑综艺片段｜现在就出发｜狼人杀片段｜王安宇 黄景瑜 陈伟霆 沈腾 范丞丞 胡先煦ins｜薄荷曼波壁纸∘˚🧴˚˟🫙˖⭒˚ 薄荷绿｜壁纸分享｜夏日清凉壁纸｜全屏壁纸｜锁屏壁纸｜氛围感壁纸｜iphone壁纸｜绿色果然是生命的颜色｜薄荷曼波𝙒𝙚𝘾𝙝𝙖𝙩背景图 𝙞𝙣𝙨风 背景图推荐❤️🧡💛💚💙💜🤎🖤🤍杨幂 刘诗诗 唐嫣 赵丽颖 赵今麦 孙千 周雨彤 张婧仪 谭松韵 关晓彤 景甜 李沁 江疏影 秦岚 宋祖儿 陈都灵 张子枫 古力娜扎 卢昱晓 毛晓,https://m.weibo.cn/detail/5289076149192465
机场饭拍与日常陪伴片刻,post,53,粉丝点评/记忆表达明确,赛场风暴,❀迪丽热巴上下班主打一个反差 上班女明星 下班活力少女 美女什么样子我都超爱～ ❀迪丽热巴 ❀娱你安利 L我是一只无辜小羊的微博视频 ​,https://m.weibo.cn/detail/4972819365759826
跑男时期综艺名场面,post,52,粉丝点评/记忆表达明确,撩撩味气泡水,#初代跑男是不是在商量重组#其实不用说初不初代跑男，因为特别是看过原队伍的人没几个会把后面那些小明星归结为跑男（吧…甚至我不知道除了迪丽热巴之外还有谁常驻跑男节目]）就像提起王牌，想起来的总是那几个人。。。我也不知道我跑男看了几季，只能说他们完完整整的时候我每一期都看，但是不知道什么时候少了人，然后又添了人，我本身也是极其恋旧的人，不知道在第几季的时候不看了，也不知道后面到底改名成奔跑吧还是什么了,https://m.weibo.cn/detail/5293677633339906
李长歌与《长歌行》角色记忆,post,52,粉丝点评/记忆表达明确,做九罗小姐的狗腿子,#迪丽热巴剧集安利100天挑战#一指路 微博正文 @做美女的狗腿子 二指路微博正文 @Azusa-28三指路@阿瓦达_ 微博正文四棒接力长歌行 第十四集剧评 李长歌·人生须达命，有酒且长歌。这一集全程高能，长歌一路走来一直在失去现在又没有了一个不问来路不问归处全心全意信任她的阿窦，要不是有一定要实现的恐怕早就坚持不下去了。“这一刀是为阿窦，这一脚是为㮶州百姓，最后一刀是为战死的将士”长歌跪在战场的哀吼和在阿窦墓碑前隐忍的泪水都让人心疼😢,https://m.weibo.cn/detail/4974472581612799
演员成长与角色群像评价,post,52,粉丝点评/记忆表达明确,爱久久點,迪丽热巴超话#超星动告白信箱#To：迪丽热巴从2022年开始喜欢你，一路见证你的每一个角色，演技细腻又有感染力，每部剧都让人沉浸其中。愿你平安顺遂，继续在热爱里发光，我会一直陪伴支持你。 ​,https://m.weibo.cn/detail/5284298586589990
爱丽丝与热巴的双向奔赴,post,51,粉丝点评/记忆表达明确,Absinthea,和热巴一样有活力有生命力的漂亮可爱粉丝们录制一则应援视频 Absinthea的微博视频,https://m.weibo.cn/detail/5292607866404959
白日提灯贺思慕/女鬼鬼王记忆,post,51,粉丝点评/记忆表达明确,Dear-迪丽热巴专属投投,🔥新rs 带话题#迪丽热巴闯祸进行曲# 和#感觉迪丽热巴从头到脚都香香的#在迪丽热巴 发3-5贴原c！夸一夸热巴这个小可爱，灵活安利热播剧《白日提灯》 #迪丽热巴贺思慕# #迪丽热巴白日提灯#,https://m.weibo.cn/detail/5283188993953033
爱丽丝与热巴的双向奔赴,post,51,粉丝点评/记忆表达明确,最爱你的时候_,#粉丝喊迪丽热巴平安喜乐#这又何尝不是双强文学，迪丽热巴 爱丽丝的双向奔赴，真的太棒了 最爱你的时候_的微博视频,https://m.weibo.cn/detail/5278450447550112
爱丽丝与热巴的双向奔赴,post,51,粉丝点评/记忆表达明确,那鱼加点奶盖,#热巴工作室回应缺席时装周##迪丽热巴工作室回应缺席时装周#热巴和爱丽丝永远是双向奔赴，热巴要保证安全，保护好自己，大秀还有很多，以后热巴肯定会带来更好的演绎！,https://m.weibo.cn/detail/5272384996117390
花少/你好星期六等综艺片刻,post,51,粉丝点评/记忆表达明确,小猫追星,《开始推理吧4》这波操作真的有点败好感，迪丽热巴刚传回归就光速退出，说是档期冲突，由丁程鑫常驻，可观众又不是看不懂套路。​​前几季靠着热巴撑住不少热度，推理在线、颜值出圈，多少人是冲她才追的综。结果节目官宣溜粉，临录制直接换人，老粉期待直接落空，嘴上说原班人马，实则说换就换，诚意在哪？​新嘉宾是来了，但观众想看的默契、氛围、熟脸感没那么容易补上。打着情怀旗号，却一次次消耗老粉信任，再好看的剧本，也架不住这么折腾。 L小猫追星的微博视频,https://m.weibo.cn/detail/5280112821928756
白日提灯贺思慕/女鬼鬼王记忆,comment,51,粉丝点评/记忆表达明确,面包脑袋ovo_,迪丽热巴#贺思慕的五感体验卡# #白日提灯# #迪丽热巴贺思慕# 姐姐我舍不得你 我舍不得贺思慕 姐姐要照顾好自己 灵主大人也一样！我会一直爱你们的！,https://m.weibo.cn/detail/5290615450372393
生日生贺与小小迪陪伴记忆,post,50,粉丝点评/记忆表达明确,金可可0725,迪丽热巴 在生日会之前做一些，有趣的吧唧送给爱丽丝 邳州,https://m.weibo.cn/detail/5291949959417833
行走的油画/神女美貌出圈,post,50,粉丝点评/记忆表达明确,半颗孤星-,一眼万年🩵#迪丽热巴# ​,https://m.weibo.cn/detail/5294580410877688
跑男时期综艺名场面,post,50,粉丝点评/记忆表达明确,山海视频,【点赞！4万多志愿者沙漠种100多万株树】2024 年，综艺《种地吧》@十个勤天 在民勤治沙种树的节目播出后火爆出圈，也催生了“请到民勤种棵树”公益活动。2026年春季，有4万多名志愿者跨越山海，在沙漠中种下100多万株耐旱树苗，用热爱守护一方绿洲。感谢种下绿色希望的他们！（新华社）更多消息：#迪丽热巴跑男只录了12天##魏笑结婚##卢昱晓袖口有虫爬出来##井柏然 老人味太重##孙怡 爱与不爱很明显##张月听到者来女淘汰的反应#L新华社,https://m.weibo.cn/detail/5292017768991752
白日提灯贺思慕/女鬼鬼王记忆,post,50,粉丝点评/记忆表达明确,志zai努力,迪丽热巴在《白日提灯》里真的颜值演技双在线！红衣白发造型直接美出新高度，氛围感拉满，妥妥古装天花板。不光造型好看，眼神戏更是绝，冷冽、脆弱、霸气随意切换，把鬼王的孤寂疏离全演出来了。还亲自打磨造型细节，用心对待每一场戏。不靠流量靠实力，用颜值赋能角色，用演技撑起全剧，贺思慕这个角色被她演活了！#金牌剪刀手##明星v放送##今日星拍放送##一分钟精选视频扶持计划#迪丽热巴超话 关于#白日提灯超点排名#的对话内容，来智搜看看。 L志zai,https://m.weibo.cn/detail/5288484019637085
嘻嘻迪/表情包/可爱梗,comment,50,粉丝点评/记忆表达明确,面包酱JIANG,这有什么用 跟你之前那个表情包物料一样 gun@嘉行迪丽热巴工作室,https://m.weibo.cn/detail/5290596718613946
白日提灯贺思慕/女鬼鬼王记忆,post,49,粉丝点评/记忆表达明确,浣熊小饺-,迪丽热巴#迪丽热巴白日提灯# 🍒#迪丽热巴贺思慕# 破碎的世界里你是我的全部,https://m.weibo.cn/detail/5293372468102916
迪拜报平安/守护型记忆,post,49,粉丝点评/记忆表达明确,执迷不悟_义无反顾,迪丽热巴已安全回国，对接发文报平安，粉丝喊话嘉行必须给个说法。 执迷不悟_义无反顾的微博视频,https://m.weibo.cn/detail/5273135924118406
爱丽丝与热巴的双向奔赴,post,49,粉丝点评/记忆表达明确,柿柿不炒蛋,热巴请照顾好自己的身体，不要过度劳累，累了就停下来休息一下，我们都会陪伴你，不要担心你一回头爱丽丝们都会对你说“我在” 我们一起期待枭起青壤， #迪丽热巴身体状况#迪丽热巴身体状况 迪丽热巴 新晋幼稚园班长的微博视频,https://m.weibo.cn/detail/5231420605729262
爱丽丝与热巴的双向奔赴,post,49,粉丝点评/记忆表达明确,小怡夏日恋啵记,#迪奥副总裁亲自迎接迪丽热巴#2026年4月28日南京迪奥活动中，副总裁冒雨亲自迎接全球品牌大使迪丽热巴，全程牵手护送并关切询问身体状况，被赞“掌上明珠”级高规格礼遇。粉丝冒雨通宵应援，热巴也暖心喊话、为主持人撑伞。尽管当天妆容存争议，但雨中撑伞神图出圈，单日话题阅读量破千万，再次验证其商业价值。,https://m.weibo.cn/detail/5292951424993830
新疆舞与舞台表现名场面,post,49,粉丝点评/记忆表达明确,仰望无边无际的你,迪丽热巴超话 我太难了，从8:00等到快10点了才等到迪丽热巴异国风情的舞蹈呀，这个舞蹈应该算是新疆舞了吧？这个面纱我的真想过去摘掉没想到在2020年最后最后还能看到迪丽热巴的舞蹈这件衣服好像对身材很那个的看看迪丽热巴那个腰身是细呀来吧我准备好了来蛊惑我吧。,https://m.weibo.cn/detail/4588318022710677
生日生贺与小小迪陪伴记忆,post,48,粉丝点评/记忆表达明确,Alice麦子,#迪丽热巴0603生日快乐# #迪丽热巴新EP跳舞# 音频版手写信❤️（维语版） #致迪丽热巴# 的第三封信：سۆيۈملۈكۈم خەتنى ئاچقاندا ھەممە ئىشلار ئوڭۇشلۇق بولۇشىنى ئۈمىد قىلىمەن 维吾尔语里有一句话：“若命运眷顾我们 我们一定会 ...全文,https://m.weibo.cn/detail/5041117093955979
花少/你好星期六等综艺片刻,post,48,粉丝点评/记忆表达明确,弟潮流,#网传迪丽热巴不参加开推4#《开始推理吧4》网传阵容曝光，常驻嘉宾确定为刘宇宁、张凌赫、周柯宇、金靖、丁程鑫，拟邀飞行嘉宾涵盖陈妍希、王楚然、章若楠、关晓彤等多位人气艺人，同时传出迪丽热巴不再参与本季录制。新阵容配置亮眼，年轻艺人集结自带流量，可观众最担心的问题依然存在，很多人表示，缺少了金靖就缺少了灵魂。金靖在前三季凭借超强综艺感、快速反应和接地气的表现，成为连接推理与笑点的关键人物，她的存在让烧脑剧情不压抑，让嘉宾互动更自然。如今核,https://m.weibo.cn/detail/5264688796668895
白日提灯贺思慕/女鬼鬼王记忆,post,48,粉丝点评/记忆表达明确,迪迪卫研究所,迪丽热巴超话 多做剧播书局，留给我们的时间不多了，我们要全力以赴，不留遗憾的冲全天有空就多做弹幕、搜索、角色热度、讨论等，没空的用自己所有设备去挂播！弹幕切浩多发冲【3.2亿】。讨论冲【2017万】、角色热度冲【3.62亿】🔴加群学习最有效的方法微博正文💖每个浩每天能做的事有限，多创浩！人手七个腾讯浩，教程➩微博正文💖加入贺思慕挂播群（二） 教你Get免费VIP🔴所有人必须挂播，今天是播18到40集‼️🆘挂播前必须要清缓存观看纪录及后,https://m.weibo.cn/detail/5294404631531021
花少/你好星期六等综艺片刻,post,48,粉丝点评/记忆表达明确,Max九爷,#张婧仪将暂停配合宣传你好星期六#美女wwzz 节目组专业点 5月2日，演员张婧仪工作室发布声明，宣布暂停配合综艺《你好星期六》本期节目的所有宣传工作，直至节目组就重大失误公开道歉并整改。事件起因系节目组在张婧仪参与录制的剧宣环节中，将其名牌错误贴成另一演员周也的照片，引发双方粉丝不满及舆论热议Wechat｜自由感高级女头｜气质干净𝐢𝐧𝐬女头 ｜女生头像｜小众头像｜气质头像｜温柔女头｜甜美头像｜韩系女头｜颜值头像 ​​​壁纸分享/Wec,https://m.weibo.cn/detail/5294193100459527
白凤九与三生三世情怀,post,48,粉丝点评/记忆表达明确,半島春日樱,迪丽热巴超话 To @Dear-迪丽热巴 ： 亲爱的胖迪(ღ˘⌣˘ღ)我是一个非常普通的小孩，但是不知道为什么我们之间好像有一条无形的线，命运让我们紧紧缠绕着，还记得第一次见到你是在《亲爱的李慧珍》（♡˙︶˙♡)那时候我才上一年级，但是小小的我被爆炸头给吸引到了，我觉得你好真实，好美，但那时我并没意识到我喜欢上了你，后来你接二连三的影视作品出现，我都看了《麻辣变形计》《三生三世枕上书》《长歌行》…不知道为什么，你的每部作品我都好喜欢，,https://m.weibo.cn/detail/5281480421151445
嘻嘻迪/表情包/可爱梗,post,48,粉丝点评/记忆表达明确,小依赖1798,#迪丽热巴陈飞宇求不要考古合照#救命！考古到2017年《SuperELLE》迪士尼特刊，这俩造型也太有梗了！热巴是蓬松爆炸头，又野又灵；陈飞宇是贴头皮牛舔头，青涩到不行。当年青涩拘谨的杂志搭档，如今在《白日提灯》演情侣、《你好星期六》互动甜到齁，宿命感直接拉满！越不让考古越上头，这反差萌+姐狗感，谁能忍住不嗑啊的相关内容，来智搜看看。 L小依赖1798的微博视频,https://m.weibo.cn/detail/5282623187586638
新疆舞与舞台表现名场面,post,48,粉丝点评/记忆表达明确,Nikki不想工作,#许佳琪芸汐传# #破梦为实，誓为佳七！# 为了kiki看的芸汐传～平时不看国产电视剧的我完全被芸汐传的剧情吸引，最后一集还哭的稀里哗啦的kiki的演技也是有在进步的！很多小动作小表情希望大家可以好好品味～今天已经有很多yxh在带许佳琪和dlrb前辈的跳舞对比，大家温柔安利，言语不要太激烈，更不要捧一踩一，做个文明且温柔的黑琪军，不要招黑，最重要的目的是让kiki出圈！@SNH48-许佳琪,https://m.weibo.cn/detail/4256319047065168
白日提灯贺思慕/女鬼鬼王记忆,comment,48,粉丝点评/记忆表达明确,胖迪小泡芙,迪丽热巴#白日提灯# 贺思慕本慕！这眼神杀我，感觉已经中了五感体验卡的毒~,https://m.weibo.cn/detail/5280368261596736
红毯神图与高定封神造型,post,47,粉丝点评/记忆表达明确,PS羽天凡,估计迪丽热巴也没想，到只是在春晚跳了支舞，结果却引爆了一场舆论大战。然而这场战火并没有烧向她自己，而是直奔化妆师王亚飞而去。王亚飞曾为热巴打造过流金妆，嫦娥妆等多个出圈造型，不料这次春晚的蓝调人鱼姬妆，却彻底引发粉丝不满，粉丝连发长文提出七大灵魂拷问。从底妆不清透，弱化眉眼优势到 ...全文,https://m.weibo.cn/detail/5270662664952458
乔晶晶与《你是我的荣耀》入坑记忆,post,47,粉丝点评/记忆表达明确,Sea-Forever-W,"#上次忘不了的还是于途和乔晶晶# 角色成为""白月光""的核心原因 演员与角色的天选契合度 杨洋与迪丽热巴的演绎被广泛赞誉为""从书中走出""的于途和乔晶晶。杨洋以克制演技诠释航天工程师的沉稳理想主义，迪丽热巴则融合明艳气场与娇憨特质，精准还原女明星的勇敢与通透。两人对手戏的自然化学反应至今被视 ...全文",https://m.weibo.cn/detail/5282108781889535
花少/你好星期六等综艺片刻,post,47,粉丝点评/记忆表达明确,独孤九鎗,官宣与网传反复拉扯，《开始推理吧4》陷入原班人马信任危机2026年开年，腾讯视频推理综艺《开始推理吧4》因嘉宾阵容陷入巨大舆论风波。节目组刚在发布会宣布第三季原班人马赫丽摸金宇全员回归，次日便传出迪丽热巴、白宇退出、丁程鑫加入的消息，官方承诺与网传阵容形成强烈矛盾，引发观众对节目公信力与团魂的激烈讨论，成为当下最受关注的综艺争议事件。一、官宣次日反转，阵容罗生门引发质疑2月8日，节目发布会明确宣布，第四季将延续第三季白宇、迪丽热巴、金靖,https://m.weibo.cn/detail/5265243402142467
跑男时期综艺名场面,post,47,粉丝点评/记忆表达明确,Dear-樱桃小馒头,迪圈养娃基地超话白月光级别的跑男迪 jz28 可互（看到就回）宣宣名字：迪月白身高：10cm印花努努属性：迪丽热巴vd：小奶糖的快乐星球时间：5.1 ​非常之貌美 ​,https://m.weibo.cn/detail/5291790511112897
李长歌与《长歌行》角色记忆,post,47,粉丝点评/记忆表达明确,超酷麦芽迪,#迪丽热巴每日视频安利# 傻珍花絮哈哈哈看一次笑一次，我想我也是这么甩头发的（碍事玩意）来源@明星气质#迪丽热巴你是我的荣耀# 迪丽热巴#迪丽热巴李长歌# L超酷麦芽迪的微博视频 ​,https://m.weibo.cn/detail/4547889839737171
嘻嘻迪/表情包/可爱梗,post,47,粉丝点评/记忆表达明确,葡萄柚绿半糖,𝐇𝐢𝐝𝐞｜少年包青天封神名场面｜包拯持续发力中 戒贤真的亖了吗萌宠头像｜治愈系头像头像安利｜卡通手绘｜软萌头像｜审美封神｜可爱爆棚｜毛茸茸萌物｜平板全屏壁纸｜手机超清壁纸｜小红书热榜｜无水印原图｜转运好运｜搞怪趣味｜小众独特｜清新温柔｜氛围感拉满｜韩系极简｜高级质感｜闺蜜双人头像｜横屏护眼壁纸 张子枫｜周也｜鞠婧祎｜张婧仪｜欧阳娜娜｜文淇｜陈都灵｜杨幂｜赵今麦｜卢昱晓｜白鹿｜刘亦菲｜Angelababy｜刘浩存｜李兰迪｜徐若晗｜杨超越｜,https://m.weibo.cn/detail/5289205560772455
嘻嘻迪/表情包/可爱梗,post,47,粉丝点评/记忆表达明确,泡泡米茶_,综艺名场面｜综艺剪辑｜搞笑片段｜综艺搞笑片段｜萌探2024｜徐志胜｜高叶｜孟子义｜田嘉瑞｜吴镇宇｜那英｜黄子韬｜文俊辉｜𝒔𝒉𝒂𝒓𝒆 |古早动漫女头｜Wallpaper壁纸推荐｜暗黑风纯欲少女｜平板动态壁纸｜ ins风壁纸 ｜女生头像｜电脑动态壁纸｜实况壁纸｜鸣潮眨眼｜ipad平板live动态壁纸•动态背景图｜古早旧壁纸｜日系女头｜复古女头𝗪𝗲𝗖𝗵𝗮𝘁 𝙒𝙚𝘾𝙝𝙖𝙩｜小猫头像头像分享| 卡通头像| 可爱头像 | 审美积累｜可爱｜萌宠｜ip,https://m.weibo.cn/detail/5282666246046099
白日提灯贺思慕/女鬼鬼王记忆,post,46,粉丝点评/记忆表达明确,长安那枝离,#迪丽热巴白日提灯# dlrb #迪丽热巴贺思慕# dlrb #白日提灯# 在所有人事已非的景色里，我最喜欢你 @Dear-迪丽热巴 迪丽热巴 |白日提灯 |虽然不能同时拥有一切| 贺思慕 | 卫蓝 @Dear-迪丽热巴 白日提灯官微的微博视频,https://m.weibo.cn/detail/5292641101022842
枭起青壤/聂九罗表演突破,post,46,粉丝点评/记忆表达明确,咕噜咕噜柚柚酱,迪丽热巴#迪丽热巴枭起青壤# dlrb#迪丽热巴聂九罗# 海的那边就是海 我的心里也是.𝐴𝑛𝑦 𝑠𝘩𝑖𝑝 𝑤𝑖𝑡𝘩𝑜𝑢𝑡 𝑑𝑖𝑟𝑒𝑐𝑡𝑖𝑜𝑛 𝑖𝑠 𝑎𝑔𝑎𝑖𝑛𝑠𝑡 𝑡𝘩 𝑤𝑖𝑛𝑑. ...全文,https://m.weibo.cn/detail/5202955839735226
爱丽丝与热巴的双向奔赴,post,46,粉丝点评/记忆表达明确,好运小恬-,#迪丽热巴再被叫胖迪很惊讶#迪奥活动现场，一声久违的“胖迪”让迪丽热巴瞬间愣住，随即露出温柔又惊喜的笑容，这个小小的瞬间，戳中了无数老粉的心。这个陪伴了她整个出道初期的爱称，藏着最纯粹的喜欢与陪伴，不是因为身材，而是粉丝用心取的专属代号，是她刚踏入娱乐圈时，最温暖的陪伴与见证。如今她早已成长为气场全开的“巴姐”，可听到旧称时的动容，依旧真诚又柔软。 从青涩圆脸萌妹到独当一面的实力演员，称呼在变，身份在变，但她对粉丝的心意从未改变。这一声,https://m.weibo.cn/detail/5278947426437895
行走的油画/神女美貌出圈,post,46,粉丝点评/记忆表达明确,葡萄栀眠岛,世界灿烂且盛大𝗦𝗛𝗔𝗥𝗘丨𝗪𝗲𝗖𝗵𝗮𝘁头像分享勿拌匀文案丨女生头像丨女明星头像丨真人头像女丨内娱韩娱丨神颜女明星丨刘亦菲丨杨幂丨迪丽热巴丨杨颖Angelababy丨张元英丨张婧仪丨杨超越丨鞠婧祎丨IU李知恩丨刘浩存丨田曦薇丨章若楠丨kpop头像女丨追星女丨饭圈头像丨女爱豆头像丨idol头像丨内娱女演员丨明媚感头像女丨古早女头丨ins韩系头像丨高清无水印丨手机壁纸丨高颜值丨权威女头丨神图丨春夏氛围感女头丨白色系女头丨高级感女头丨宝藏壁纸丨,https://m.weibo.cn/detail/5293745855530007
嘻嘻迪/表情包/可爱梗,post,46,粉丝点评/记忆表达明确,皆为庸人自扰,𝐇𝐢𝐝𝐞｜现在就出发名场面萌宠头像｜治愈系头像头像安利｜卡通手绘｜软萌头像｜审美封神｜可爱爆棚｜毛茸茸萌物｜平板全屏壁纸｜手机超清壁纸｜小红书热榜｜无水印原图｜转运好运｜搞怪趣味｜小众独特｜清新温柔｜氛围感拉满｜韩系极简｜高级质感｜闺蜜双人头像｜横屏护眼壁纸 张子枫｜周也｜鞠婧祎｜张婧仪｜欧阳娜娜｜文淇｜陈都灵｜杨幂｜赵今麦｜卢昱晓｜白鹿｜刘亦菲｜Angelababy｜刘浩存｜李兰迪｜徐若晗｜杨超越｜田曦薇｜孟子义｜虞书欣｜迪丽热巴｜刘,https://m.weibo.cn/detail/5288267923590499
嘻嘻迪/表情包/可爱梗,post,45,粉丝点评/记忆表达明确,梦境沉睡森林木屋,#迪丽热巴在还63张自拍的债了#想挑战63分钟VLOG还是63张CCD自拍呢？哈哈哈热巴真的特别真诚了啊！好可爱 梦境沉睡森林木屋的微博视频,https://m.weibo.cn/detail/5293915432559162
枭起青壤/聂九罗表演突破,post,45,粉丝点评/记忆表达明确,紫菜包下饭,微博年度星光人物TOP3只是开胃菜！ 2025年的迪丽热巴，用演技、时尚、商业的三重破壁，把“顶流”活成了“标杆”，每一步突破都帅到骨子里！ 2025年绝对是她的“演技爆发年”！ 《枭起青壤》里的聂九罗直接打破固有标签，“带血绝杀”的名场面刷屏全网——脸上溅着血迹，眼神却冷得像寒潭，濒死 ...全文,https://m.weibo.cn/detail/5242979712504152
爱丽丝与热巴的双向奔赴,post,45,粉丝点评/记忆表达明确,系小羊啊咩咩,#热巴好汹涌的爱意#热巴和爱丽丝们就是双向奔赴的爱 我一早上起来就看到了热巴和粉丝的这个视频，真的看得我心暖暖的，很喜欢看这种双向奔赴的爱~ 迪丽热巴绝对值得这么多的爱，因为她也一直都知道爱丽丝们对她的爱，毕竟这个名字就很直接，意思为爱迪丽热巴的粉丝！热巴好汹涌的爱意 简单 ...全文,https://m.weibo.cn/detail/5278471538607671
迪拜报平安/守护型记忆,post,45,粉丝点评/记忆表达明确,财健康平安,#迪丽热巴工作室发文后为何被批评##迪丽热巴工作室是否存在失职#希望迪丽热巴今后的路平安顺遂吧，真的太心疼她了。,https://m.weibo.cn/detail/5272849804959751
爱丽丝与热巴的双向奔赴,post,45,粉丝点评/记忆表达明确,纯情大表姐,迪丽热巴从始至终和粉丝站在一起这就够了。一直是双向奔赴 姐宝和姐粉已经哭的不要不要的了你们骂我姐姐我只会更爱姐姐,https://m.weibo.cn/detail/5282919874561152
跑男时期综艺名场面,post,45,粉丝点评/记忆表达明确,拜颗萌鱼泡泡,#迪丽热巴跑男只录了12天#what？居然只有12天？？当时印象真的很深刻！跑男时期的迪丽热巴简直是白月光来的啊！太美了 L拜颗萌鱼泡泡的微博视频 ​,https://m.weibo.cn/detail/5292029686317250
跑男时期综艺名场面,post,45,粉丝点评/记忆表达明确,雪地里有个橘子_,"#迪丽热巴跑男只录了12天#录制时间与剪辑手法迪丽热巴在2017年《奔跑吧》第五季中担任常驻嘉宾，实际集中录制仅12个工作日，素材覆盖多地拍摄（如上海、大连、杭州等），包含转圈舞、泥潭挑战、水上项目等经典名场面。节目组通过拆分镜头、重复利用互动片段（如对视、游戏互助），配合BGM和字幕引导（如""心跳加速""""甜蜜互动""），将有限素材延展为贯穿整季的叙事线，制造""长期参与""的观感。观众认知与行业常态多数观众误以为迪丽热巴全程参与整季录制，近",https://m.weibo.cn/detail/5292124472082897
演员成长与角色群像评价,post,45,粉丝点评/记忆表达明确,努力的意义sunnyday,#沙特小哥认出迪丽热巴#热巴的海外影响力不容小觑！海外获奖（提名）不完全记录：曾获得印度第八届国际ICONIC AWARD 2022标志性世界最佳女演员提名🎉且热巴是当年该奖项入围的唯一中国女艺人提名即肯定！获得Pop Golden Awards「最佳影视剧演员（国际组）」、「最佳中国演员」 两项奖项提名🎉她是「最佳影视剧演员（国际组）」提名中，唯一一位中国女演员​！获得韩国首尔国际电视节视后提名 ！​获得​釜山电影节亚洲内容视后提名！,https://m.weibo.cn/detail/4968105419740088
红毯神图与高定封神造型,post,45,粉丝点评/记忆表达明确,中网传播,#迪丽热巴陈飞宇一个爆炸头一个牛舔头##陈飞宇迪丽热巴短剧预告#近日，有网友考古出@Dear-迪丽热巴 与@陈飞宇Arthur 2017年两人为《SuperELLE》迪士尼主题杂志拍摄大片，迪丽热巴超话以蓬松爆炸头搭配明艳妆容亮相，陈飞宇超话则梳着服帖中分短发，该造型近期被翻出后，因夸张复古风格与当下形象反差极大，被戏称为“爆炸头”和“牛舔头”，尽管发型设计前卫，但两人凭借立体五官撑起造型，热巴的浓颜系长相中和了爆炸头的杂乱感，凸显,https://m.weibo.cn/detail/5280519877297954
红毯神图与高定封神造型,post,44,粉丝点评/记忆表达明确,情情就去看海,#33岁迪丽热巴状态# 迪丽热巴状态好美呀，33岁的她兼具成熟优雅与满满的少女元气，真诚又治愈，颜值与骨相依旧相当完美呀，生图能打，辨识度拉满。 浓颜系骨相优越，高颅顶、深眼窝、高鼻梁、锋利下颌线，冷白皮，侧颜轮廓极致，雨中撑伞生图真是破碎感美神 #迪丽热巴单脚跳起打招呼#在活动中她撑伞 ...全文,https://m.weibo.cn/detail/5292947840961604
白凤九与三生三世情怀,post,44,粉丝点评/记忆表达明确,九尾婵,考古2017年的甜热热那一年每天晚上都在蹲慧珍和凤九@Dear-迪丽热巴 #迪丽热巴贺思慕新媒体指数TOP1# ​,https://m.weibo.cn/detail/5284122407997005
李长歌与《长歌行》角色记忆,post,44,粉丝点评/记忆表达明确,Dear-迪慕玖,迪丽热巴超话#长歌行播出两周年了##迪丽热巴新剧公诉精英改名##迪丽热巴微博之夜发型拆解# “𝓘 𝓼𝓮𝓽 𝓪𝓵𝓵 𝓽𝓱𝓮 𝓽𝓮𝓷𝓭𝓮𝓻𝓷𝓮𝓼𝓼 𝓪𝓷𝓭 𝓬𝓾𝓽𝓮𝓷𝓮𝓼𝓼 𝓽𝓸 𝓫𝓮 𝓿𝓲𝓼𝓲𝓫𝓵𝓮 𝓸𝓷𝓵𝔂 𝓽𝓸 𝔂𝓸𝓾. ”我把所有的温柔和可爱都设置成了仅你可见。✨@Dear-迪丽热巴,https://m.weibo.cn/detail/4885479814071166
白日提灯贺思慕/女鬼鬼王记忆,post,43,粉丝点评/记忆表达明确,伪装员名册-88卷,迪丽热巴 【捉🅿️🅿️】 不忘初心，牢记使命，高举中国特色社会主义伟大旗帜，决胜全面建成小康社会，夺取新时代中国特色社会主义伟大胜利，为实现中华民族伟大复兴的中国梦不懈奋斗！ 哎滴：全知的读者视角 油哎滴：6577809206 #迪丽热巴##迪丽热巴贺思慕#,https://m.weibo.cn/detail/5293826352876760
白日提灯贺思慕/女鬼鬼王记忆,post,43,粉丝点评/记忆表达明确,巴九十勾圈凯,迪丽热巴#迪丽热巴白日提灯# dlrb #迪丽热巴贺思慕# dlrb #白日提灯##迪丽热巴白日提灯# dlrb #迪丽热巴贺思慕# dlrb #白日提灯# 正所谓，墙里开花墙外香，热巴小姐姐美名传四方，温柔典雅美丽大方，长得好看都不用化妆。@Dear-迪丽热巴 迪丽热巴 |白日提灯 |虽然不能同时拥有一切| 贺思 ...全文,https://m.weibo.cn/detail/5293415652656197
爱丽丝与热巴的双向奔赴,post,43,粉丝点评/记忆表达明确,小萝小萝财源满萝,#热巴好汹涌的爱意#永远会为热巴和爱丽丝之间的双向奔赴而热泪盈眶 小萝小萝财源满萝的微博视频,https://m.weibo.cn/detail/5278580630098820
生日生贺与小小迪陪伴记忆,post,43,粉丝点评/记忆表达明确,秋也千秋,#迪丽热巴送给我的呦# 身为巴巴的粉丝真的有多幸福呢 迪丽热巴送给我的邀请函去她的生日会 迪丽热巴送给我的亲笔信让我不烦世事，满心欢喜 迪丽热巴送我的柠檬水 迪丽热巴送我的饼干 迪丽热巴送我的星球杯 @Dear-迪丽热巴 我真的会爱你一辈子的 专栏 · 追星日记,https://m.weibo.cn/detail/4968735801345998
白日提灯贺思慕/女鬼鬼王记忆,post,43,粉丝点评/记忆表达明确,吴那个雩,#疑似杨紫后援会关注迪丽热巴超话#我只能说，看完白日提灯，喜欢上贺思慕入坑迪丽热巴，实在是人之常情，白日提灯真的是用心做剧了，演员用心去演，工作人员各司其职各尽其能，真的是一部好剧 ​,https://m.weibo.cn/detail/5288125633137372
白日提灯贺思慕/女鬼鬼王记忆,post,43,粉丝点评/记忆表达明确,迪迪卫小管家,迪丽热巴超话🔥热搜来了❶点进#迪丽热巴白日提灯热度登顶#话题❷在热搜页面最下方点讨论发3-5帖，有没有实时都要发❸手动加入迪丽热巴超话❹输入自己写的安利文案 （在发帖的页面逗留15秒以上）🔴多带热巴的视频或图去安利白日提灯和迪丽热巴贺思慕演技#迪丽热巴贺思慕# dlrb#迪丽热巴白日提灯# ​ ​​​,https://m.weibo.cn/detail/5284125209528276
爱丽丝与热巴的双向奔赴,post,43,粉丝点评/记忆表达明确,竞圈瓜瓜乐,#周柯宇 国籍#你的名字叫周柯宇原名是周丹尼尔（是牧师取的）你的英文名叫Daniel.你的生日是2002 5 17你是金牛座你出生于美国你的左耳前有两个小耳朵你会动头皮你英语很好你的母校是北京市第二十五中学（国际部）你的粉丝叫宇航员你的应援色是宇宙星河大家会叫你6D你的身高是188＋你的脸上和鼻尖都有一颗痣你有两个哥哥你和郭哥关系好你笑起来很好看你的眼睛亮亮的你是哥哥带大的你还有一个小侄女叫rhea你从小在北京生活你在北京的地坛公园认养,https://m.weibo.cn/detail/5240425461059845
红毯神图与高定封神造型,post,43,粉丝点评/记忆表达明确,毽客逆风飞扬,#毽客视线#哇塞！志玲姐姐来到微博之夜亮相了，让大家惊鸿一瞥。#林志玲#早年微博之夜的黑色深 V 吊带长裙仿佛是为她量身定制的！ 这款裙子的设计精致而独特，完美地勾勒出她的身材曲线，展现出她的迷人魅力！大陆盛典2018#微博之夜#于11日晚间举行，杨幂、林志玲、林俊杰、奚梦瑶、迪丽热巴、古力娜扎、等大咖云集，红毯上女星也都无不费心打扮、争奇斗艳比美，星光云集的画面，也在网路上掀起热烈讨论。活动红毯上，林志玲穿着连身开衩礼服登场，大方展现,https://m.weibo.cn/detail/5271282526718793
跑男时期综艺名场面,post,43,粉丝点评/记忆表达明确,青森绪,迪丽热巴跑男只录了12天这剪辑也太会了吧！2017年热巴录《奔跑吧》第五季，实际拍摄居然只有12个工作日，但节目拆成了12期，跨度近3个月。很多名场面——转圈舞、泥潭挑战、背男嘉宾——全是这12天里录的，后期剪完，观众以为拍了一整个季度。但说实话，12天能留下这么多经典镜头，确实是有效录制天花板了，跑男迪简直是白月光的存在,https://m.weibo.cn/detail/5292040766362483
演员成长与角色群像评价,comment,43,粉丝点评/记忆表达明确,别被屁股影响脑袋,#迪丽热巴贺思慕登顶#此女的原声台词太顶啦！眼神戏更是一绝，还有各种符合人物设定的小表情小动作小眼神真的太抓人了，她怎么这么会演啊！她绝美就算了，演技也这么好看,https://m.weibo.cn/detail/5281803091052306
跑男时期综艺名场面,post,42,粉丝点评/记忆表达明确,粥粥粥粥也-,#白鹿 跑男#我不知道怎么定义的什么什么粉...喜欢怀念以前很正常，人都会念旧，但为什么打着念旧的旗号尬黑呢？跑男的女MC哪个没被骂过Angelababy迪丽热巴到现在的白鹿...为什么要这样呢？到底是谁一直在对立到底是谁一直在对比...白鹿的粉丝说的很对一代人有一代人的跑男，不是每个人都有义务陪你回忆 ...全文,https://m.weibo.cn/detail/5293872422848700
白日提灯贺思慕/女鬼鬼王记忆,post,42,粉丝点评/记忆表达明确,浣熊小饺-,迪丽热巴#迪丽热巴白日提灯# 🍒#迪丽热巴贺思慕# 你永远是我的例外和最爱 没有例外一直都爱～,https://m.weibo.cn/detail/5292844646662920
白日提灯贺思慕/女鬼鬼王记忆,post,42,粉丝点评/记忆表达明确,长安那枝离,#迪丽热巴美美出片# dlrb #迪丽热巴利剑玫瑰央8重播# dlrb #白日提灯# 不是我喜欢的样子你都有，而是你所有样子我都喜欢 @Dear-迪丽热巴 迪丽热巴 |白日提灯 |虽然不能同时拥有一切| 贺思慕 | 卫蓝 @Dear-迪丽热巴 白日提灯官微的微博视频,https://m.weibo.cn/detail/5293565637035283
嘻嘻迪/表情包/可爱梗,post,42,粉丝点评/记忆表达明确,啊Q不是小苦瓜_,壁纸｜表情包｜聊天背景｜头像｜全屏｜精选｜素材｜女头｜｜今日壁纸分享｜高清｜无水印｜氛围感｜复古｜电影感｜高级｜自然｜可爱｜美好｜干净｜治愈｜明媚｜刘亦菲 沈月 卢昱晓 刘诗诗 刘浩存 杨幂 杨紫 孙俪 李兰迪 李沁 周也 张婧仪 沈月 关晓彤 孙千 白鹿 谭松韵 孟子义 宋祖儿 田曦薇 王楚然 迪丽热巴 赵今麦 章若楠 赵丽颖 唐嫣 陈都灵,https://m.weibo.cn/detail/5285375397332761
嘻嘻迪/表情包/可爱梗,post,42,粉丝点评/记忆表达明确,就频我想你,#迪丽热巴陈飞宇求不要考古合照#近日，迪丽热巴与陈飞宇在新剧宣传采访中，双双在线向网友求饶，请求大家不要再考古两人早年的旧合照，这番真实又可爱的反应，瞬间引发大众热议。 事情的起因，是网友翻出了两人2017年为杂志拍摄的一组复古旧照。彼时两人初次合作同框，造型十分大胆，迪丽热巴顶着夸张的爆炸头，搭配童趣感十足的穿搭，陈飞宇则是青涩稚嫩的模样，整体风格和如今两人的荧幕形象反差极大，这组旧照也随之在网络上快速传播。 在采访中，记者刚提及这组,https://m.weibo.cn/detail/5282684058468757
乔晶晶与《你是我的荣耀》入坑记忆,post,41,粉丝点评/记忆表达明确,小星星儿告诉我mm,#偶像剧##经典偶像剧#谁懂二刷晶晶和于途同学聚会名场面的快乐！于途当众一吻定关系，所有犹豫都化成了直白的甜——晶晶眼里的惊喜，于途藏不住的笑意，连起哄声都成了糖霜。 没有拖沓，只有双向奔赴的笃定。细节里全是糖，这波甜度我锁死，二刷依旧心动到嘴角上扬！|你是我的荣耀|杨洋|迪丽热巴| ...全文,https://m.weibo.cn/detail/5197170048764272
爱丽丝与热巴的双向奔赴,post,41,粉丝点评/记忆表达明确,小怡夏日恋啵记,#迪丽热巴补偿去巴黎的粉丝#迪丽热巴因不可抗力缺席巴黎时装周后，主动为远赴现场的粉丝寄送亲笔签名照和胶片相机礼盒，将遗憾转化为“双向奔赴”的暖心事件。手写签名传递心意，相机鼓励记录美好，被赞“内娱体面偶像范本”。此举超越法定义务，体现真诚担当，为行业树立危机处理标杆，也让粉丝感受到 ...全文,https://m.weibo.cn/detail/5287150477641788
红毯神图与高定封神造型,post,41,粉丝点评/记忆表达明确,平杋路上的饭团,#白日提灯#热巴好歹也是内娱以前的断层女顶流，每次红毯热搜都会爆，颜值霸主。2019年微博之夜，粉丝KP能力和男顶流也是可以抗衡一二的，今天白日提灯开播，状态也太差了，衰老好明显。这个这么明显的假睫毛我都不敢相信这是女顶流的播剧妆造而且这个招商也好虐，开播才5广，杨紫新剧开播的时候可是14广啊,https://m.weibo.cn/detail/5281467856849293
爱丽丝与热巴的双向奔赴,comment,41,粉丝点评/记忆表达明确,顾小七_777,妈呀这个视频直接给我看哭了鼻头一酸，追星女的爱真的太伟大了，热巴和爱丽丝都要平安喜乐,https://m.weibo.cn/detail/5278306905883732
嘻嘻迪/表情包/可爱梗,comment,41,粉丝点评/记忆表达明确,我的心上人-dlrb,哈哈哈哈哈，片场贺思慕太可爱了吧,https://m.weibo.cn/detail/5281919984212055
红毯神图与高定封神造型,post,40,粉丝点评/记忆表达明确,九爷说,王亚飞 迪丽热巴 从红毯到春晚，次次合作皆出圈。王亚飞被称为“浓颜雕刻师”，精准拿捏热巴骨相优势，鎏金妆、女伯爵妆到人鱼姬妆，款款封神。春晚舞台上，他用细节点亮造型，让热巴化身江豚精灵，用妆容讲故事，用审美造经典，实力诠释顶级妆造的魅力。 九爷说的微博视频,https://m.weibo.cn/detail/5270507907190374
演员成长与角色群像评价,post,40,粉丝点评/记忆表达明确,蜜蜜是我呀,#陈飞宇是迪丽热巴第一位共创的男主#陈飞宇是迪丽热巴首次在抖音平台合作短视频共创的男主角，这次联动专为宣传两人主演的古装剧《白日提灯》，形式新颖又有创意，一上线就引发大量关注。两位主演配合度超高，互动自然不尴尬，既贴合角色氛围，又把剧宣做得恰到好处，不生硬、不刻意，看得人很舒服。 身边不少朋友已经追起《白日提灯》，反馈都很不错，剧情节奏、画面质感和演员表现都得到认可，口碑一路向好。看到大家一致好评，我也彻底被种草，准备正式入坑追剧。 好,https://m.weibo.cn/detail/5283546739510071
爱丽丝与热巴的双向奔赴,post,40,粉丝点评/记忆表达明确,RJ冉简,迪丽热巴超话#迪奥全球品牌大使迪丽热巴##迪丽热巴南京##迪丽热巴迪奥南京活动##迪奥活动##迪丽热巴迪奥活动造型# 没有公开通知还是有好多巴粉去，辛苦了 这个大家庭的爱意真的无法解释:巴粉对巴的应援（全国各地粉丝不远千里只为见她），巴粉对巴粉的应援（不管在不在现场的巴粉为现场巴粉送水咖啡☕奶茶🧋蛋糕🍰面包🍞雨衣……），爱意太多图放不完，还在那么多女巴粉宝子中看到了男粉 ，突然想到了当年某场活动中 ，男粉大喊:热巴你记住你是有男粉滴。,https://m.weibo.cn/detail/5292481375372508
生日生贺与小小迪陪伴记忆,post,40,粉丝点评/记忆表达明确,7Lanzaaa_,迪圈养娃基地超话 白月光 熠熠来咯（🉑互 28zvd小奶糖的快乐星球 娃妈：@小小迪与阿思吖_ 开售时间：2026年5月1日10:28 #迪丽热巴##迪丽热巴棉花娃娃##迪丽热巴迪月白熠熠# ​,https://m.weibo.cn/detail/5293696572720768
红毯神图与高定封神造型,post,40,粉丝点评/记忆表达明确,小怡夏日恋啵记,#迪丽热巴在还63张自拍的债了#迪丽热巴近期兑现承诺，分批发布63张复古CCD风格自拍，被粉丝戏称为“矜矜业业还债”。照片以低像素、胶片质感营造夏日清新氛围，融入青苹果、微风等元素，相关话题单日阅读量破亿。她凭借说到做到的宠粉态度和专注事业的无绯闻形象，进一步巩固了真诚守信的公众认知。时尚账号也分析其私服风格与红毯造型的反差，称赞画面“溢出屏幕的明媚”。,https://m.weibo.cn/detail/5294029845823815
红毯神图与高定封神造型,post,40,粉丝点评/记忆表达明确,怡枝绵绵枔,迪丽热巴这8年，颜值只升不降！从甜妹到御姐，花环造型美到封神✨ ​,https://m.weibo.cn/detail/5283973984946548
演员成长与角色群像评价,post,40,粉丝点评/记忆表达明确,故事變沉默啊,#迪丽热巴公诉豆瓣开分6.6#虽然但是...我心目中分数也就7分左右，大部分分还是冲我家美人颜值和题材给的。台词真的一言难尽，前十几集台词基本上都是官话，哪怕寻常聊天都听着都很尬，收音也有问题，十几集之后才好转。前期剧情也比较拖沓，后期剧情进展得又贼快，35集完全可以搞完。题材很好，大家演技也都在线，什么时候台词能够生活化接地气一点，这部剧才算真不错吧。（县委大院也是，台词过于官话，评分低都在意料之中了）,https://m.weibo.cn/detail/4918466244775182
白日提灯贺思慕/女鬼鬼王记忆,comment,40,粉丝点评/记忆表达明确,8号慕椿提,姐姐太美了 白日提灯很好看 贺思慕美死了,https://m.weibo.cn/detail/5281526705296536
花少/你好星期六等综艺片刻,comment,40,粉丝点评/记忆表达明确,鹿是婷的极限,以前鹿晗综艺也不少，有被💩黏上过吗？,https://m.weibo.cn/detail/5290821344559409
白日提灯贺思慕/女鬼鬼王记忆,post,39,粉丝点评/记忆表达明确,团子爱赞,#迪丽热巴表演打奶嗝##看完白日提灯比失恋还难受# 贺思慕与段胥从互相救赎到双向奔赴 她曾拉他出深渊，他亦拽她归人间，开放式结局里，她永远自由，可择山海亦可伴君侧 热巴 思慕宝宝吃到打嗝~嗝~，好可爱，好萌啊,https://m.weibo.cn/detail/5288341409106484
演员成长与角色群像评价,post,39,粉丝点评/记忆表达明确,蜜蜜是我呀,#白日提灯热度#《白日提灯》热度爆棚！被热巴演技圈粉，立刻入坑 最近《白日提灯》真的火出圈了，身边朋友全都在追，朋友圈、聊天全是这部剧，热度高到挡不住。被大家疯狂安利后，我也彻底被种草，准备马上追起来。 迪丽热巴这次的表现太惊喜，演技灵动又有层次，完全撑得起大女主。她那双大眼睛会说话，既有娇憨可爱的少女感，又有勾人的迷人气质，情绪一上来就特别有感染力。不管是眼神流转、微表情细节，还是人设反差，都拿捏得恰到好处，把角色演活了，让人一眼入戏,https://m.weibo.cn/detail/5283178550133456
花少/你好星期六等综艺片刻,post,39,粉丝点评/记忆表达明确,半折雨蚀,#开始推理吧4#《开始推理吧4》阵容变动争议，本质是节目组“承诺与现实”的反差，引发了老粉对“团魂”与节目初心的强烈不满： 前期承诺：2026年2月，节目组官宣第四季时明确打出“原班人马回归”，让期待“白宋1郭周刘1苦”经典阵容的粉丝满怀期待。突发变动：发布会次日，便曝出迪丽热巴、白宇退出常驻阵容，丁程鑫补位，原班人马仅剩刘宇宁、张凌赫、周柯宇、金靖。 L半折雨蚀的微博视频,https://m.weibo.cn/detail/5279768816650588
嘻嘻迪/表情包/可爱梗,post,39,粉丝点评/记忆表达明确,追什么都不如追剧,#迪丽热巴这种感觉怎么做出来的#真的会笑晕！本来想cos热巴《白日提灯》灵主大人的破碎感🥀一到网友脸上直接变成抽象表情包，气质完全跑偏本尊：清冷破碎氛围感，居高临下的睥睨网友：主打一个精神状态良好果然有些美，是凡人模仿不来的哈哈哈 L追什么都不如追剧的微博视频 ​,https://m.weibo.cn/detail/5288770527563072
白日提灯贺思慕/女鬼鬼王记忆,post,39,粉丝点评/记忆表达明确,迪迪卫研究所,迪丽热巴超话 家人们看过来～谁还没有进新家，速度把群填满，为热巴生日做准备！带上所有浩一起进新家🔴喜欢说话接龙有氛围的二选一进⬇️①热巴生日快乐屋（3）②热巴生日快乐屋（2）🔴喜欢安静做任务的进⬇️热巴生日快乐屋（禁言2）⚡浩越多越好！一起补浩为热巴生日做准备，不会看【视频二】⚠️补了之后要🐏的，不会🐏的看这里微博正文#迪丽热巴贺思慕# dlrb#迪丽热巴白日提灯# dlrb#白日提灯#,https://m.weibo.cn/detail/5294504615084340
演员成长与角色群像评价,post,39,粉丝点评/记忆表达明确,潮流精神病人,《不让江山》目前定的还是陈哲远，杨洋没有接，因为这部剧对外说是A+级，其实整体算下来就是A级，杨洋最低也只会接S-级别的男主剧。陈哲远近期几部剧的播出效果都不算特别好，所以已经有点资源降级的感觉了。外国明星在内娱想出头太难了现在内娱什么类型的艺人都有，韩系明星有辛芷蕾，孙千，卢昱晓，李兰迪等，日系明星有沈月，泰系有赵露思，还有迪丽热巴这种少数民族长相的美女，就算现在解开限韩令，她们也不可能像十几年前一样在内娱大火出圈了。王晶说顶流演员都,https://m.weibo.cn/detail/5239685771167375
红毯神图与高定封神造型,post,39,粉丝点评/记忆表达明确,Absinthea,无法复刻无法超越2019星光大赏封神封神再封神 LAbsinthea的微博视频 ​,https://m.weibo.cn/detail/5256448016646529
演员成长与角色群像评价,post,39,粉丝点评/记忆表达明确,球圣王重阳,《与君初相识》新剧一开播，真被任嘉伦和迪丽热巴两人的演技折服了！先说说迪丽热巴，全程演技在线，她把女主的聪明伶俐，还有古灵精怪的状态，演绎的非常到位，尤其迪丽热巴笑起来的时候，真的太治愈了！#剧综评论人# 再说任嘉伦，不愧是用眼神演戏的王者，任嘉伦前3集演的“大尾巴鱼”，几乎没几句台词，但任嘉伦硬是用眼神，把男主的懵懂天真，同时又暗地思考衡量的几种情绪，全都演活了。不得不说，这部剧虽然是仙侠剧，但代入感真的强，剧情一环扣一环，一口气看4,https://m.weibo.cn/detail/4753155102083053
李长歌与《长歌行》角色记忆,post,39,粉丝点评/记忆表达明确,Goifhf,电视剧长歌行超话#迪丽热巴李长歌# ❤️ #迪丽热巴长歌行# 科普博！作为一个山东人，说一下山东卫视。❶山东卫视之前收视其实挺好，山东卫视主要以重播别的台播过的剧和一些小众拍的小剧为主！年收视也可以仅次于我们主要了解的那几个台，达到第五第六的成绩！（这两年有点没落了）❷山东卫视在之前是央视备用台，在当时如果央视出现状况，山东卫视会代替央视发当时的重要新闻！现在到底有没有合作还不一定，但我看着山东卫视还关注着官博！所以发了这个微博，不妥,https://m.weibo.cn/detail/4620873431258025
生日生贺与小小迪陪伴记忆,post,39,粉丝点评/记忆表达明确,爱地大葱丫,#迪丽热巴任嘉伦云朵合唱##任嘉伦# 真好看，祝福祖国生日快乐[我爱中国] ​,https://m.weibo.cn/detail/4554991094466792
演员成长与角色群像评价,post,39,粉丝点评/记忆表达明确,禾风小舞,跑男最大的看点就是迪丽热巴的本色。她通常喜欢这样介绍自己：我是AB型双子座 八重人格。没错，她确实有很多面，是一个可以永远给你惊喜让你生活充满新鲜的姑娘。跑男里，我看到了一个相对自然的状态下，流露出的一个纯粹的她。总是懵懵的，像地主家的傻儿子，没错就是儿子，脑回路清奇，特别可爱呆萌。她特别爱笑，给人一种憨厚的感觉。这就让我感觉到，她是个特别接地气好相处的女孩。如果她只是个普通人，我想她也会特别受欢迎，谁不喜欢跟人美性格好又有趣的人玩啊？,https://m.weibo.cn/detail/4256712892250333
任安乐/帝梓元角色记忆,comment,39,粉丝点评/记忆表达明确,Dear-热爱甜品屋,我想看安乐传，我想看我的任安乐,https://m.weibo.cn/detail/4875259319158377
白日提灯贺思慕/女鬼鬼王记忆,post,38,粉丝点评/记忆表达明确,你逗我玩儿呢_,就这个万灵之主，爽！漫不经心的眼神我太爱了！！！ 迪丽热巴 | 白日提灯 你逗我玩儿呢_的微博视频,https://m.weibo.cn/detail/5293773305416585
嘻嘻迪/表情包/可爱梗,post,38,粉丝点评/记忆表达明确,Max九爷,"#情绪压力对一个人体态的影响#一个人的情绪是真的会影响到体态 你会很焦虑导致弯腰驼背含胸 ​长期焦虑或恐惧会触发身体的""战逃反应""，表现为无意识的肩膀内扣、脊柱蜷缩、头部前倾等收缩型体态。这种姿势源于原始自我保护本能，长期维持会导致肌肉记忆性紧绷，最终发展为含胸驼背、高低肩等问题。研究显示，颈部前屈角度越大，情绪低落程度越高，且低头60度时颈椎压力相当于挂一个8岁儿童电影质感壁纸｜杂志壁纸｜治愈系壁纸｜蓝色壁纸｜ 壁纸 ｜每一帧都是壁纸",https://m.weibo.cn/detail/5292930302477770
演员成长与角色群像评价,post,38,粉丝点评/记忆表达明确,E下就乐了_,"#迪丽热巴再被叫胖迪很惊讶#活动现场，一位博主直呼迪丽热巴早期昵称""胖迪""，她瞬间愣住并露出诧异神情。多位在场网友描述她""惊讶又温柔""的真实反应，甚至有粉丝透露热巴""眼眶微红""。这种反差感源于该昵称近年已极少被提及——粉丝解释称如今普遍使用""巴姐""""小巴巴""等新称呼，""胖迪""逐渐成为七年以上老粉的专属记忆符号。""胖迪""最早是粉丝为她创造的简化爱称。因本名""迪丽热巴·迪力木拉提""长达九字不便称呼，且她出道初期身形纤瘦，后期拍摄《麻辣变形计",https://m.weibo.cn/detail/5278927887011541
白日提灯贺思慕/女鬼鬼王记忆,post,38,粉丝点评/记忆表达明确,迪迪卫研究所,迪丽热巴超话 📣《白日提灯》需要所有巴粉📣今晚非VIP更新第29集，非VIP的浩看第29集VIP/SVIP集体做弹幕及讨论等任务：六点 16集；七点 17集；八点 18集⭐️多出来的设置挂播第16-40集；首次播放的浩把1-40集各播一次⭐加入贺思慕挂播群（二） 教你领免费VIP方法🔴切浩做任务，人手七个腾讯浩，教程微博正文🔴进去指定集数（图一）前先清媛存、观看纪录和后台 （视频二）❶搜寻30次《白日提灯》，不点关联词，点进正片看5秒,https://m.weibo.cn/detail/5294186184313077
红毯神图与高定封神造型,post,38,粉丝点评/记忆表达明确,小小玖美,开始推理吧超话 迪丽热巴新的名场面，封神一笑 疯批美人在这一刻得到了具像化……开始推理吧｜ L小小玖美的微博视频 ​,https://m.weibo.cn/detail/5292239288014857
纪云禾与鲛人系角色记忆,post,38,粉丝点评/记忆表达明确,我家有个呱太,电视剧与君初相识超话真的好多伏笔！1.昨天本来还疑惑为什么忽然找了姑获鸟他们陪，然后又赶走了，好像无意义，然后今天纪云禾和天君说的时候就引出了纪云禾发现他们灵力消失的事情！（而且记得当时有一对妖夫妻提到他们身体感觉不好的事情）2.洛洛一直被关在那个玻璃罩里面，其实也反应了林昊青处事态度，对于他来说，保护就是困住，之前是想把纪云禾困在万花谷，这次是把洛洛困在玻璃罩里面。3.林昊青一直研制寒霜解药，是因为寒霜一早就出现了，这个事情不解决，,https://m.weibo.cn/detail/4753203184802474
白凤九与三生三世情怀,post,38,粉丝点评/记忆表达明确,美酒微醺就好,@Dear-迪丽热巴 今夜的酷女孩！！向阳而生，勇于突破自己，每次出场都能惊艳我！激动的心，颤抖的手！为迪尖叫！为迪吼！为迪点赞！我迪给力啊😄！！！二零二零期待迪丽热巴新作品《三生三世枕上书》《日月》《爱情高级定制》爱你不是因为你的美而已！！！忠于自己就好！我爱的是那个独一无二的你 LHanah是小乖的微博视频,https://m.weibo.cn/detail/4455671703161672
演员成长与角色群像评价,post,38,粉丝点评/记忆表达明确,小蝴蝶小披风1983,我觉得最近安利《一千零一夜》的转赞评真的太少了，以前小管家随便发一发800是有的，也不知道最近是考试周还是各种数控任务太重，难得的现代剧剧情也好看，还是卫视播，不好好安利这么佛怎么行，播完这部今年都没有新作播了，任何一件事有快乐的一面肯定也会有辛苦的一面，不能光想着收割不播种，辛苦也只辛苦这一个月啊。觉得这个剧题材很好，造型好看剧情轻松搞笑，适合阖家观赏，播出平台和时间也都很好，感觉是容易跟路人安利出圈的，有点着急就多絮叨几句，白天忙晚,https://m.weibo.cn/detail/4256154265734762
枭起青壤/聂九罗表演突破,comment,38,粉丝点评/记忆表达明确,雪野-小星星-2701,好喜欢陈星旭分享像窒息这样的名场面他是怎样演出来的，作为观众看的很有趣，也很佩服他的敬业和专业，真是做足了功课，这样的好演员，值得更多人看到#陈星旭回应从枭起青壤书迷变主演##陈星旭对迪丽热巴的互联网初印象#,https://m.weibo.cn/detail/5240538725092439
爱丽丝与热巴的双向奔赴,post,37,粉丝点评/记忆表达明确,金钱辣梨,迪丽热巴和爱丽丝双向奔赴,https://m.weibo.cn/detail/5292764376074309
白日提灯贺思慕/女鬼鬼王记忆,post,37,粉丝点评/记忆表达明确,忘卿少女,这段最妙的是，放在别的剧里，妹妹会先看方先野，但是白日提灯里。妹妹一直看向贺思慕，这一瞬间成为妹妹的光的不是男人！！！是我们女主！！！ 白日提灯 迪丽热巴 陈飞宇 忘卿少女的微博视频,https://m.weibo.cn/detail/5292630068168467
白日提灯贺思慕/女鬼鬼王记忆,post,37,粉丝点评/记忆表达明确,忘卿少女,我真的很喜欢看贺思慕生气时情绪外露的瞬间，每次和晏柯吵架我都美美品味她的表情和眼神，好带感 白日提灯 迪丽热巴 陈飞宇 忘卿少女的微博视频,https://m.weibo.cn/detail/5293416332134580
枭起青壤/聂九罗表演突破,post,37,粉丝点评/记忆表达明确,不吃带鱼行不行,电视剧枭起青壤超话 我们阿罗终于恢复了记忆经纪人：给自己的雕塑家介绍个土豪富二代谁知道他俩真成了枭起青壤｜迪丽热巴｜陈星旭 L不吃带鱼行不行的微博视频 ​,https://m.weibo.cn/detail/5292991000347578
跑男时期综艺名场面,post,37,粉丝点评/记忆表达明确,婉宁grace,谁能想到迪丽热巴只录了12天的《奔跑吧》，就靠实力和魅力圈粉无数，成了观众心中的白月光。天生的观众缘真的藏不住，她身上那种鲜活又真诚的劲儿，真的很容易让人爱上。 ​,https://m.weibo.cn/detail/5292005564352807
生日生贺与小小迪陪伴记忆,post,37,粉丝点评/记忆表达明确,胖丸子的小樱桃,迪丽热巴超话2023年十年之约蹲在门口也要去我承认看到你们发的生日会我嫉妒后悔了 @Dear-迪丽热巴 ​,https://m.weibo.cn/detail/4473333406259771
李长歌与《长歌行》角色记忆,post,37,粉丝点评/记忆表达明确,阿萨i8,#迪丽热巴你是我的荣耀# dlrb#迪丽热巴李长歌# 【考古】2018年全国科普日迪丽热巴(=^▽^=)@Dear-迪丽热巴 L视知TV的微博视频 ​,https://m.weibo.cn/detail/4540082441431996
演员成长与角色群像评价,comment,37,粉丝点评/记忆表达明确,辰星栖九里,#陈星旭回应从枭起青壤书迷变主演# 炎拓是陈星旭代表角色之一演技王者@陈星旭--CHEN先生,https://m.weibo.cn/detail/5240538725092439
白日提灯贺思慕/女鬼鬼王记忆,post,36,粉丝点评/记忆表达明确,还我菜菜听,#迪丽热巴眼技#看完这段紫瞳转场直接入坑！贺思慕的破碎感和压迫感全在眼睛里了，迪丽热巴把“活了四百年的孤寂”演活了，太会了！ ​,https://m.weibo.cn/detail/5280151126414685
嘻嘻迪/表情包/可爱梗,post,36,粉丝点评/记忆表达明确,鲸见渊_,#迪丽热巴跑男只录了12天#仅仅十几天的录制、一季的常驻时长，迪丽热巴灵动可爱、放得开不矫情的表现，打造出了观众心中经典的“跑男迪”形象，圈粉无数、记忆点极强。​当年节目里的互动名场面、相关话题热度，以及衍生的相关CP讨论，时隔多年依旧被反复提及，氛围感和影响力远超短暂的录制时长。​天生的观众缘和综艺天赋，哪怕短期登场，也能留下经久不衰的出圈名场面，妥妥的“天生红人命”。 L鲸见渊_的微博视频,https://m.weibo.cn/detail/5291987361861008
白日提灯贺思慕/女鬼鬼王记忆,post,36,粉丝点评/记忆表达明确,-茶无缺-,贺思慕就这个超强女王给我看的今天爽爽明天爽爽，没有五感的时候鬼味十足，有了五感一边对世界是好奇宝宝一边鬼味十足灵力受损但你们都一起上吧别浪费时间，这次还是打不过的再等个几百年吧，不是嘲讽哟，这边给到的是诚挚的建议这边给一拳那边给一脚，底下心腹就那么崇拜的看着灵主，晏柯恨不得自己上去挨俩巴掌嗯嗯其实我也是很想的，网上说说算了，现实里谁不想急头白脸被贺思慕训诫一下白日提灯剧版超话#迪丽热巴贺思慕#,https://m.weibo.cn/detail/5284126804413846
行走的油画/神女美貌出圈,post,36,粉丝点评/记忆表达明确,葡萄栀眠岛,虞姬你可有悔𝗦𝗛𝗔𝗥𝗘丨𝗪𝗲𝗖𝗵𝗮𝘁聊天背景图勿拌匀文案丨手机壁纸高清丨古风壁纸丨女明星壁纸精选丨女星古装壁纸丨迪丽热巴壁纸丨刘亦菲丨赵丽颖丨白鹿丨卢昱晓丨鞠婧祎丨代斯丨陈都灵丨孔雪儿丨田曦薇丨哈尼克孜丨姜贞羽丨古装美人丨古偶丨仙侠丨摄影写真古风丨白日提灯贺思慕丨入青云明意丨与凤行丨逐玉樊长玉丨俞浅浅丨月鳞绮纪丨露芜衣雾妄言丨白月梵星丨女谋士丨江湖女侠丨疯批女帝丨神颜女明星丨神图壁纸丨华丽壁纸丨iPhone壁纸丨防窥壁纸丨精致壁纸丨女生,https://m.weibo.cn/detail/5294174333047270
行走的油画/神女美貌出圈,post,36,粉丝点评/记忆表达明确,葡萄栀眠岛,爱像雨季 痛快想你☔𝗦𝗛𝗔𝗥𝗘丨𝗪𝗲𝗖𝗵𝗮𝘁聊天背景图勿拌匀文案丨手机壁纸高清丨女明星壁纸丨真人壁纸丨神颜女明星丨迪丽热巴壁纸丨张元英壁纸丨田曦薇丨孟子义丨杨超越丨范冰冰丨鞠婧祎壁纸丨古力娜扎丨张婧仪丨神图壁纸丨高清无水印丨内鱼韩娱丨kpop壁纸丨爱豆壁纸丨追星女丨饭圈壁纸丨超高颜值丨绝美壁纸丨冲击力的美貌丨ins韩系壁纸丨机械姬丨女骑士丨少女暴君丨酷飒帅气壁纸丨女生头像丨iPhone壁纸丨全屏壁纸丨锁屏壁纸丨手机桌面丨招财好运丨每日一,https://m.weibo.cn/detail/5292014414335615
白日提灯贺思慕/女鬼鬼王记忆,post,35,粉丝点评/记忆表达明确,迪迪卫研究所,迪丽热巴 所有人我们一起保护热巴作品！来评分！腾讯和微博每天都可以用不同浩打分 ！全部人一起来 腾讯多次打分教程看图一 🫘打分教程看图二，养浩教程看图三 抖🎶打分教程看图四 微博打分教程看图五 #迪丽热巴贺思慕# dlrb#迪丽热巴白日提灯#,https://m.weibo.cn/detail/5293407359734287
红毯神图与高定封神造型,post,35,粉丝点评/记忆表达明确,Sandy絮児,#王亚飞 迪丽热巴#4月28日迪丽热巴南京线下活动，原本是该美美出圈的一天，结果粉圈直接炸了锅。 化妆师王亚飞给热巴搞了个蓝调珠光眼影+淡唇燕尾眼线妆，自己还提前发微博宣传“线下更美”。结果无滤镜图一出，粉丝彻底不买账了。评论区直接炸雷：眼影在生图里显脏、显浮肿，眼尾效果被形容为“如中 ...全文,https://m.weibo.cn/detail/5292843129112171
爱丽丝与热巴的双向奔赴,post,35,粉丝点评/记忆表达明确,在下毛毛雨TuT,"#迪丽热巴给粉丝的巴黎售后#迪丽热巴因不可抗力缺席巴黎时装周后，主动为远赴现场的粉丝寄送亲笔签名照和胶片相机礼盒弥补遗憾，这场双向奔赴的""巴黎售后""被全网称为内娱宠粉天花板事件。",https://m.weibo.cn/detail/5287030680455504
白日提灯贺思慕/女鬼鬼王记忆,post,35,粉丝点评/记忆表达明确,蜜蜜是我呀,#白日提灯待遇# 聊《白日提灯》，别纠结平台云包场、宣发待遇这些虚的，核心永远是剧情。观众和路人最实在，只要故事好看、节奏在线，自然会主动追、主动传，热度根本不用愁。 迪丽热巴的国民度摆在这，身边不少同事都在追，我也准备入坑。这部剧人设带感、设定新颖，幽冥灵主与少年将军的宿命羁绊，单元探案加主线权谋，悬念拉满不拖沓。只要剧情扎实，名场面只会越来越多，很容易抓住观众眼球。 好剧不靠营销堆，靠内容说话。期待《白日提灯》靠过硬剧情出圈，让更多,https://m.weibo.cn/detail/5283525083533442
嘻嘻迪/表情包/可爱梗,post,35,粉丝点评/记忆表达明确,Absinthea,我还想为什么宝贝比了个一结果是合起来的耶哈哈好漂亮呐有点梦回以前的热巴啦可爱#迪丽热巴##迪丽热巴白日提灯热度登顶##迪丽热巴花魁造型# ​,https://m.weibo.cn/detail/5285784441852578
跑男时期综艺名场面,post,35,粉丝点评/记忆表达明确,Badada的毛裤_,#迪丽热巴再被叫胖迪很惊讶#以前大家就是这么叫她的老粉知道3月28日中午12点，锁定腾讯视频🐧来看灵主大人贺思慕吧 ​,https://m.weibo.cn/detail/5278935547645984
嘻嘻迪/表情包/可爱梗,post,35,粉丝点评/记忆表达明确,熊鱼99,𝑾𝒆𝑪𝒉𝒂𝒕 女生头像｜女明星头像丨ins风女头分享｜韩系女头｜氛围感𝐖𝐞𝐂𝐡𝐚𝐭头像 | 高清女头 | 可爱头像 | 软萌头像 ｜苹果壁纸｜小清新｜手机壁纸｜手绘｜卡通｜简约｜可爱｜壁纸分享｜多巴胺头像｜NINI 裴佳倪丨章若楠丨刘浩存丨田曦薇丨白鹿｜赵今麦丨孟子义丨鞠婧祎丨卢昱晓 ｜包上恩｜杨超越｜李兰迪｜周也｜李一桐｜陈都灵｜iroha｜虞书欣｜朴秀荣｜迪丽热巴｜宋雨琦｜杨幂｜赵丽颖｜杨肸子｜赵露思｜张婧仪｜jennie｜@NIN,https://m.weibo.cn/detail/5294768062202219
跑男时期综艺名场面,post,35,粉丝点评/记忆表达明确,苹咕椰耶_,#迪丽热巴跑男只录了12天#迪丽热巴在2017年作为常驻嘉宾参与《奔跑吧》第五季时，实际集中录制时长仅约12天，却凭借鲜活表现成为观众心中经典的“跑男迪” ​,https://m.weibo.cn/detail/5292017858118848
纪云禾与鲛人系角色记忆,post,35,粉丝点评/记忆表达明确,瑶玉0603,#仙侠剧女主终于支棱起来了#向全世界大声安利我们东方玄幻剧与君初相识（优酷）纪云禾完全是我的菜，好喜欢战损吐血14集开大大家都去看看吧！！！坠入爱禾了属于是，女强爱好者狂喜里面每个女性角色我都好喜欢啊！就是cp全部be青鸟和雪三月那两对就已经让我眼泪哗哗的了主cp还更惨好喜欢这种群像剧，大家都有自己的故事再次安利我们与君初相识（优酷）大家快来看我们纪云禾坐牢#迪丽热巴与君初相识#,https://m.weibo.cn/detail/4753089330151810
红毯神图与高定封神造型,post,34,粉丝点评/记忆表达明确,落日漫游喂喂喵,邓为生图即神图，完美诠释迪奥贵公子！现场人气爆棚，到处都是邓为的粉丝钻石宝宝，我们的迪奥品牌大使太权威了！#迪丽热巴邓为迪奥生图##邓为像穿了红色肚兜#,https://m.weibo.cn/detail/5292700085783865
跑男时期综艺名场面,post,34,粉丝点评/记忆表达明确,Max九爷,"#跑男什么时候变成这样了#初代跑男是真的好看是多少人的童年回忆啊一更新就带着弟弟妹妹坐在电视机面前看网友广泛认为，跑男（现名《奔跑吧》）从2019年第七季邓超、陈赫、鹿晗、王祖蓝等初代成员集体退出后开始""变味""，并在后续发展中逐渐失去竞技内核，演变为以轻松聊天、旅游体验为主的""走男""式综艺。 电影质感壁纸｜杂志壁纸｜治愈系壁纸｜蓝色壁纸｜ 壁纸 ｜每一帧都是壁纸 ｜全屏壁纸 ｜壁纸分享 ｜壁纸分享 你的壁纸该换了 ｜高清壁纸 ｜每日壁纸",https://m.weibo.cn/detail/5293904123397981
乔晶晶与《你是我的荣耀》入坑记忆,post,34,粉丝点评/记忆表达明确,半只小辰,迪丽热巴超话 这个造型 梦回乔晶晶红裙 好美好辣幸运咖已升咖！感觉热巴一代言，就给人一种很有保障的踏实感迪丽热巴｜ L半只小辰的微博视频 ​,https://m.weibo.cn/detail/5289032478886590
花少/你好星期六等综艺片刻,post,34,粉丝点评/记忆表达明确,彩彩-ing,#开始推理吧直播# 🔥刘宇宁、张凌赫、周柯宇、金靖老熟人重聚，嗦粉抢包子互怼第三季“关门记仇”名场面，综艺感直接拉满！丁程鑫新加盟自带推理buff，脑力在线，和哥哥姐姐互动甜度超标～唯一小遗憾：迪丽热巴缺席常驻，期待后续飞行见面！这场直播简直是推理迷的狂欢！推镇老成员们一见面就火力全开，刘宇宁作为“大家长”控场能力一流，张凌赫和周柯宇的互怼更是让人笑到肚子疼，尤其是翻出第三季的旧账，那股子“相爱相杀”的劲儿太有看点了。金靖依旧是气氛担当,https://m.weibo.cn/detail/5279967956961985
新疆舞与舞台表现名场面,post,34,粉丝点评/记忆表达明确,上游新闻,【#重温经典舞蹈名场面#】#那些一眼万年的舞蹈#今天是世界舞蹈日，一起重温经典舞台↓↓愿你随心而舞，向阳而行！ @卡布叻_周深 @Dear-迪丽热巴 @王一博·YIBO @郭富城 @刘雨昕 @TFBOYS-易烊千玺 @刘宇Yu_ @刘浩存 ​​​,https://m.weibo.cn/detail/5293137121772140
嘻嘻迪/表情包/可爱梗,post,34,粉丝点评/记忆表达明确,就不困芽,哟跟大家打招呼呢？！还挺有默契的诶，表情包也有一个一样的，我就这样看着你们同色系穿搭#宇宙热恋#宇宙热恋超话 ​,https://m.weibo.cn/detail/5293886764483376
生日生贺与小小迪陪伴记忆,post,34,粉丝点评/记忆表达明确,懒喵巴丸樱桃冰,#迪丽热巴0603生日快乐# 一直热爱 直到幸福 触手可及@Dear-迪丽热巴 @Dear迪丽热巴广西分会 大家辛苦啦很幸福的一天希望下次我的运气可以好一点 ​,https://m.weibo.cn/detail/5294651290158941
白日提灯贺思慕/女鬼鬼王记忆,post,34,粉丝点评/记忆表达明确,叶子的食光,"#归墟5A级景区观光团#真的太漂亮了，别有一番意境啊""归墟5A级景区观光团""是《白日提灯》影视剧于2026年4月4日发起的创意互动话题，演员以剧中角色身份发布趣味任务和游览体验，吸引观众参与角色扮演式讨论。影视剧《白日提灯》的联动营销活动。演员通过角色账号发布与剧情相关的""观光任务""，如迪丽热巴（饰灵主）列出""救扶桑木、削木头""等虚构待办事项，陈飞宇、赵弈钦等提及""段胥带游归墟""""思慕生活之地""等剧情场景，强化剧中""归墟""地域的沉浸感。",https://m.weibo.cn/detail/5284027940732952
新疆舞与舞台表现名场面,post,34,粉丝点评/记忆表达明确,不不不想取名,#迪丽热巴 唱跳#说到迪丽热巴跳舞 ，必须来看下这段视频啊不是爱豆，却敢于尝试敢于突破。有个性，不回避。2019年@Dear-迪丽热巴 勇敢跨出舒适区，从担任创造营发起人跨界主持，到唱歌舞蹈皆出新彩，也掀起了风靡一时的“迪丽热巴舞”。这一年你答卷漂亮，“用喜欢的模样闪亮登场”。亲爱的热巴，跨年快乐，明年继续惊扰天下，“野蛮生长”2020，一起爱你爱你@Dear-迪丽热巴 L不不不想取名的微博视频,https://m.weibo.cn/detail/4455680301751400
枭起青壤/聂九罗表演突破,comment,34,粉丝点评/记忆表达明确,雪野-小星星-2701,好喜欢陈星旭分享像窒息这样的名场面他是怎样演出来的，作为观众看的很有趣，也很佩服他的敬业和专业，真是做足了功课，这样的好演员，值得更多人看到#陈星旭炎拓# #陈星旭枭起青壤#,https://m.weibo.cn/detail/5240538725092439
跑男时期综艺名场面,post,33,粉丝点评/记忆表达明确,Dear-欣爱的美人,迪圈养娃基地#迪丽热巴# dlrb#迪丽热巴棉花娃娃# dlrb #迪丽热巴迪月白熠熠# 就这个迪月白萌！跑男迪简直就是白月光来的！ 集👍🏻：28👍🏻可互 vd ：小奶糖的快乐星球 娃妈：思思,https://m.weibo.cn/detail/5293774114654936
白日提灯贺思慕/女鬼鬼王记忆,post,33,粉丝点评/记忆表达明确,我巴说的都对,#白日提灯# dlrb#迪丽热巴贺思慕# dlrb#迪丽热巴# “生日那天我看到一句话——自己就是一个宇宙。但就是像宇宙一样复杂的自己，也总有一天可以去了解到，去找到简单的能像别人输出的东西。”——@Dear-迪丽热巴 预约迪丽热巴待播剧 白日提灯白日提灯 虽然不能同时拥有一切 ...全文,https://m.weibo.cn/detail/5293190484856791
嘻嘻迪/表情包/可爱梗,post,33,粉丝点评/记忆表达明确,樱桃树下小小迪,迪丽热巴超话 很开心能参加今的生咖～今年是广西分会第一次举办生咖看出来非常用心！现场的阿丝们都好好🥹🫰🏻果然巴粉是一家。完全不用担心社恐不敢说话不敢交换物料 其实氛围特别好哈哈哈哈 好喜欢和巴粉们相处…感觉要戒断反应惹🥺特别幸福的一段回忆🩷！我们明年再见～（希望今天跟我搭过话的宝宝明年还能认出我🤓）@Dear迪丽热巴广西分会 2南宁·海咖岛,https://m.weibo.cn/detail/5294623577867416
李长歌与《长歌行》角色记忆,post,33,粉丝点评/记忆表达明确,清茶微微苦,迪丽热巴 | 白日提灯 x 贺思慕这个造型真的梦回李长歌·#迪丽热巴花魁造型##贺思慕的五感体验卡#·#超话创作官# ✨#超带感闪光图鉴# ​​​,https://m.weibo.cn/detail/5285554376938402
跑男时期综艺名场面,post,33,粉丝点评/记忆表达明确,锦绣安宁zz,#初代跑男是不是在商量重组#真没必要执着初代跑男到底会不会重组了，其实重不重组真的一点都不重要。 最让人暖心的是时隔这么多年，他们私下里关系依旧特别好，从来没有因为各自发展、各奔前程就疏远生分，那份实打实的兄弟情一点都没变。 我们念念不忘的哪里只是一档综艺啊，其实是当年守在电视机前追更的青春，是无忧无虑、跟着他们一起笑一起闹的日子。 与其期待强行凑阵容重组卖情怀，还不如珍惜他们私下不变的情谊。不用刻意同台营业，不用勉强合体录节目，只要他,https://m.weibo.cn/detail/5293695999672599
花少/你好星期六等综艺片刻,post,33,粉丝点评/记忆表达明确,福英的幸福杂货铺,#迪丽热巴不去开始推理吧4#真的太意难平了！热巴前三季逻辑在线、反应超快，又美又会玩，和嘉宾默契拉满，是节目里的亮眼担当。如今确认缺席第四季，少了她的推理团少了很多味道。虽然尊重档期与选择，但老粉真的舍不得，期待未来能以飞行嘉宾回归，再续推市故事！ ​,https://m.weibo.cn/detail/5264670719739805
演员成长与角色群像评价,post,33,粉丝点评/记忆表达明确,邪恶小煎饼,#迪丽热巴跑男只录了12天# 重温2017跑男第五季的幕后细节，愈发感叹迪丽热巴的珍贵与惊艳。仅仅12天的集中录制，却靠着灵动自然的表现力、真诚不做作的性格，撑起了一整季的综艺看点，成为无数人心中无法复刻的综艺白月光。 她从不刻意制造噱头、博眼球，泥潭游戏全力以赴，克服内心恐惧完成水上挑战，待人温柔谦逊，默默照顾身边同伴，温柔的小细节处处尽显修养。彼时的她明媚鲜活、元气满满，笑容热烈又治愈，自带独一无二的氛围感，颜值与性格双向闪耀。 明,https://m.weibo.cn/detail/5292029521171769
白日提灯贺思慕/女鬼鬼王记忆,post,33,粉丝点评/记忆表达明确,Absinthea,白日提灯到底有多少个采访哈哈哈“热巴非常贴合贺思慕这个角色，她对角色的理解力非常好。在拍贺思慕的大结局戏时，喊卡完她还一直在流眼泪”！秦榛导演夸热巴身上有非常多的可能性。帽子哥说热巴的反差感很大很难忘之前看路透帽子哥的光头 LAbsinthea的微博视频 ​,https://m.weibo.cn/detail/5288980478427691
行走的油画/神女美貌出圈,post,33,粉丝点评/记忆表达明确,葡萄栀眠岛,当恩怨各一半 我怎么圈揽𝗦𝗛𝗔𝗥𝗘丨𝗪𝗲𝗖𝗵𝗮𝘁聊天背景图手机壁纸高清丨勿拌匀文案丨女明星壁纸神图丨权威壁纸丨真人壁纸丨古风壁纸丨全屏壁纸丨迪丽热巴丨赵丽颖丨白鹿丨鞠婧祎丨孔雪儿丨陈都灵丨卢昱晓丨赵晴丨杨超越丨周也丨田曦薇丨陈瑶丨嫁金钗丨神颜女明星丨高颜值壁纸丨iPhone壁纸丨古风造型丨古装剧丨剧照丨摄影写真丨古风美人丨雪景美人丨古韵丨清冷感壁纸丨古偶剧丨白日提灯丨贺思慕丨女演员丨仙子下凡丨逍遥丨碎梦仙君丨月鳞绮纪丨露芜衣丨明意丨入青,https://m.weibo.cn/detail/5293459011540647
白日提灯贺思慕/女鬼鬼王记忆,post,33,粉丝点评/记忆表达明确,世界尽头是停滯的时间钟,#陈飞宇迪丽热巴5年前拍的杂志#2026年3月，陈飞宇与迪丽热巴因2021年拍摄的一组工装风写真被大规模考古，引爆热议。两人当时登《芭莎男士》，造型清爽，被赞“内娱冻颜天花板”。 此次考古恰逢两人新剧《白日提灯》宣传期，剧中他们饰演跨越四百年的鬼王与将军，现实与戏剧的双重缘分强化了“宿命感”，助推剧集预约量破400万。网友从“邻家兄妹”联想到剧里虐恋羁绊，配合合体综艺互动，形成独特反差。 原版杂志高清图尚未全释，仅靠截图流传，部分早期细,https://m.weibo.cn/detail/5279253933066964
白日提灯贺思慕/女鬼鬼王记忆,post,33,粉丝点评/记忆表达明确,雾散了好运来,#迪丽热巴陈飞宇求不要考古合照# 迪丽热巴与陈飞宇在新剧《白日提灯》宣传采访中，被问及2017年杂志旧照时，双双调侃“求别考古”，互动趣味十足。两人时隔九年再合作，从青涩造型到剧中鬼王与少年将军的设定，反差感拉满，自然互动引爆CP话题，网友惊叹二人冻龄状态。 ​,https://m.weibo.cn/detail/5282608041951551
枭起青壤/聂九罗表演突破,post,33,粉丝点评/记忆表达明确,用户7946784994,#迪丽热巴登人民日报宣传片# dlrb #迪丽热巴枭起青壤# dlrb#迪丽热巴聂九罗# “风永不止息的告白 ，就像我对你的爱意一般 ，永远汹涌澎湃”@Dear-迪丽热巴 ​,https://m.weibo.cn/detail/5084439778431431
演员成长与角色群像评价,post,33,粉丝点评/记忆表达明确,88爱妃,#迪丽热巴公诉豆瓣开分6.6#6.6是我做梦都没想到的，没点公平可言，剧情，演技，不敢说是顶配，起码也是高配了，那么好的剧情 演员，演技 她他们那么努力的工作为了呈现给大家一部好的作品，让看到的人都要小心防诈骗，不要求多高多高的分，但是绝对值得一个8分甚至以上…也许你不喜欢这个题材，但是也不能因为你不喜欢一个人，看都没看剧就打一心……这个世界怎么了为什么那么多恶意…,https://m.weibo.cn/detail/4918464199002546
白凤九与三生三世情怀,post,33,粉丝点评/记忆表达明确,是好家伙呀,#三生三世无忧糕#无忧糕和糖狐狸我都好想吃，小九什么时候能做给我吃一次啊#迪丽热巴白凤九# ​,https://m.weibo.cn/detail/4488672478713331
演员成长与角色群像评价,post,33,粉丝点评/记忆表达明确,你耐超甜鸭,#迪丽热巴一千零一夜# 最近追剧《一千零一夜》和同学一起追上周我和我问我friend说放假追神马剧他说：“一千零一夜”我说：你能看？他说：“上课到16号 必须追”我说：“来 一起追”然后 今天上午我们就看一千零一夜咯顶力支持崽崽的每一部作品从13年的阿娜尔罕到14年的逆光之恋到15年的克拉恋人到 16年的麻辣变形计和傲娇与偏见到17年的三生三世和解忧杂货店 到18年的21克拉和一千零一夜 都陪你一起走过同时也期待明年的日月 加油 我们的,https://m.weibo.cn/detail/4256693975776175
白日提灯贺思慕/女鬼鬼王记忆,post,32,粉丝点评/记忆表达明确,咕噜咕噜柚柚酱,迪丽热巴#迪丽热巴白日提灯# dlrb #迪丽热巴贺思慕# dlrb #白日提灯# 今晚别关窗，我想偷偷进你梦里。@Dear-迪丽热巴 迪丽热巴 ||虽然不能同时拥有一切| | 卫蓝,https://m.weibo.cn/detail/5293552801946548
爱丽丝与热巴的双向奔赴,post,32,粉丝点评/记忆表达明确,搞机的洲子,#迪丽热巴线下应援排面##迪丽热巴邓为线下活动人气#现场氛围感直接拉满！爱丽丝们的应援温柔又有力量，用心奔赴的爱意，永远是最浪漫的风景线~迪丽热巴,https://m.weibo.cn/detail/5292647306758256
跑男时期综艺名场面,post,32,粉丝点评/记忆表达明确,Sandy絮児,#迪丽热巴跑男只录了12天#12天封神！考古发现：2017年 《奔跑吧》第五季，迪丽热巴作为常驻MC，实际录制仅约12个工作日，却剪出了整整12期贯穿全季的记忆点。从杭州、义乌到大理、延安，行程单显示她集中录制不到半个月，却让观众感觉她“全程都在”。这12天里，她贡献了泥潭滚打、光脚狂奔、一口吞面包等经典名场面。拼尽全力，用极短的时间坐实了“跑男迪”的江湖地位。你印象最深的是她哪个12天里的瞬间？9 LSandy絮児的微博视频,https://m.weibo.cn/detail/5292016532720259
白日提灯贺思慕/女鬼鬼王记忆,post,32,粉丝点评/记忆表达明确,Lyricalyn_,贺思慕的私藏记忆🧩-#迪丽热巴千字长文告别白日提灯# ​,https://m.weibo.cn/detail/5291360393365222
花少/你好星期六等综艺片刻,post,32,粉丝点评/记忆表达明确,白昼关键词,#张凌赫知道热巴白宇退出开推的反应#《开始推理吧4》直播中，张凌赫得知迪丽热巴、白宇退出常驻后当场连呼“假的”，放话“必须工作人员当面说才信”，反应真实逗笑全场。确认消息后，他与周柯宇情绪低落，直言“缺一不可，不然我也不玩了”。两人因档期退出，但仍寄来新疆特产和折叠马扎，延续心意。网友同款不舍，节目新增阵营玩法，张凌赫“人形计算器”能力成看点，老粉盼原班重聚。,https://m.weibo.cn/detail/5279974480154565
嘻嘻迪/表情包/可爱梗,post,32,粉丝点评/记忆表达明确,-依古比古晚安-,𝐒𝐡𝐚𝐫𝐞｜古早漫画风壁纸.ᐟ.ᐟ‪ᯅ̈ ｜ ins风壁纸 ｜女生头像丨电视剧电视📺丨搞笑综艺丨喜人奇妙夜丨喜人丨爆梗日常搞笑💐🫧《真假美猴王》续上集⭐💐🫧𝗪𝗲𝗖𝗵𝗮𝘁 𝙒𝙚𝘾𝙝𝙖𝙩｜小猫头像头像分享| 卡通头像| 可爱头像 | 审美积累｜可爱｜萌宠｜ipad壁纸｜手机壁纸｜ins｜高清｜无水印｜好运｜搞怪｜毛茸茸｜奇奇怪怪｜头像推荐｜清新｜淡淡的｜高能量｜韩系｜高级感｜双人头像｜ipad壁纸张子枫｜周也｜鞠婧祎｜张婧仪｜欧阳娜娜｜文淇,https://m.weibo.cn/detail/5293538155692686
行走的油画/神女美貌出圈,post,32,粉丝点评/记忆表达明确,葡萄栀眠岛,如果全世界都指责你 那姐姐就蹲下来抱抱你𝗦𝗛𝗔𝗥𝗘丨𝗪𝗲𝗖𝗵𝗮𝘁头像分享勿拌匀文案丨女生头像丨女明星头像丨真人头像精选丨高清无水印丨追星女头像丨饭圈头像丨kpop头像丨苍井优丨迪丽热巴丨孔雪儿丨田曦薇丨杨颖Angelababy丨张元英丨杨超越丨古力娜扎丨章若楠丨裴珠泫丨李一桐丨王楚然丨神颜女明星头像丨神图分享丨权威女头丨ins韩系头像丨高颜值丨女爱豆头像丨idol头像丨内娱韩娱日娱丨绝美头像丨手机壁纸丨女明星壁纸丨iPhone壁纸丨女神,https://m.weibo.cn/detail/5292688328884841
行走的油画/神女美貌出圈,post,32,粉丝点评/记忆表达明确,葡萄栀眠岛,风吹雨成花 时间追不上白马𝗦𝗛𝗔𝗥𝗘丨𝗪𝗲𝗖𝗵𝗮𝘁头像分享勿拌匀文案丨女生头像丨女明星头像丨真人头像丨4k高清无水印丨kpop头像丨刘亦菲头像丨杨幂丨迪丽热巴丨田曦薇丨张元英丨鞠婧祎丨程潇丨章若楠丨孟子义丨宋祖儿丨向涵之丨有村架纯丨内娱韩娱日娱丨神颜女明星丨高颜值壁纸丨权威女头丨ins韩系头像丨小众宝藏女头丨追星女头像丨饭圈头像丨爱豆头像丨女演员丨美拉德色系头像丨手机壁纸丨权威女星丨神级美貌丨天仙丨剧宣丨日常丨清冷感丨iPhone壁纸丨,https://m.weibo.cn/detail/5292445067641175
乔晶晶与《你是我的荣耀》入坑记忆,post,32,粉丝点评/记忆表达明确,自由人随心所欲,电视剧你是我的荣耀超话喜欢这甜美的笑容，心情豁然开朗@Dear-迪丽热巴 #迪丽热巴乔晶晶# L娱乐爱追剧的微博视频 ​,https://m.weibo.cn/detail/4543204730352166
演员成长与角色群像评价,post,32,粉丝点评/记忆表达明确,剧评达人,《长相思》制片人一句话，戳破了杨紫“婉拒咖”的谣言。 网上总传，这部剧当初接触了谁，那个角色又被谁“婉拒”。可《长相思》的真相，有点打脸。制片人亲口说，根本没什么备选，整个剧组就是专门等杨紫的档期。 2024年2月，杨紫一个采访，说为拍戏婉拒春晚。结果被断章取义，安上个“婉拒咖”的帽子。直到2026年，还有人用这梗编《长相思》的瓜。有网友都看笑了：人家凭这剧都提名白玉兰了，还搁这儿编呢？ 真正厉害的人，从不用嘴去辩解。一部好作品，就是最,https://m.weibo.cn/detail/5286277475994971
嘻嘻迪/表情包/可爱梗,post,32,粉丝点评/记忆表达明确,独孤九鎗,萌力爆表！迪丽热巴“飞毛腿cha”解锁冬日软萌新姿态小猫式灵动，短视频里的反差萌杀12月18日，迪丽热巴发布的“飞毛腿cha”短视频火速席卷粉丝圈层。镜头里的她身着毛绒休闲装，一套“拎帽子+踢腿”的连贯动作轻盈俏皮，皱眉、歪头的微表情更是被粉丝直呼“萌晕了”，宛如一只灵动软萌的小猫咪，满屏都透着“奶fufu”的邻家少女感。这份鲜活可爱的模样，与她不久前VOGUE红毯上“暗夜女皇”的高定冷艳造型形成强烈反差，让大众窥见了明艳大美女卸下精致,https://m.weibo.cn/detail/5245338786994024
新疆舞与舞台表现名场面,post,32,粉丝点评/记忆表达明确,8号钰珑,存档丨迪丽热巴舞台汇总15年国剧盛典微博正文16年元旦《你被写在我的歌里》微博正文17年快本《拉丁舞秀》微博正文18年浙江卫视领跑2018《despacito》微博正文18年快本《小鸡哔哔》微博正文18年快本《一生所爱》微博正文19年春晚《中国喜事》微博正文19年创造营《喊出我的名字》微博正文19年创造营《爱你》微博正文19年生日《BURNITUP》微博正文19年生日《喊出我的名字》微博正文19年生日和冷巴同台微博正文19年生日《追光者,https://m.weibo.cn/detail/5198969833264103
任安乐/帝梓元角色记忆,post,32,粉丝点评/记忆表达明确,dlrb_陈吟兮,"#迪丽热巴任安乐# dlrb #迪丽热巴安乐传# 山与山不相逢 我和你要相遇.𝒯𝒽𝓮 𝓂𝓸𝓊𝓃𝓉𝒶𝒾𝓃 𝒶𝓃𝒹 𝓉𝒽𝓮 𝓂𝓸𝓊𝓃𝓉𝒶𝒾𝓃 𝒹𝓸 𝓃𝓸𝓉 𝓂𝓮𝓮𝓉, 𝓘 𝒶𝓃𝒹 𝓎𝓸𝓊 𝓌𝒶𝓃𝓉 𝓉𝓸 𝓂𝓮𝓮𝓉.@Dear-迪丽热巴",https://m.weibo.cn/detail/4786188034511288
李长歌与《长歌行》角色记忆,post,32,粉丝点评/记忆表达明确,樱桃小丸子被别人取了,迪丽热巴超话#长歌行# #迪丽热巴长歌行# 长歌行今晚就要播了，我已经看到好多不知道是不是真的路人在说女主发型前面两个须须好奇怪，咱巴姐红毯杀手怕啥，之后播出如果有热搜里面有人说发型的事咱别吵，放宽心，问就是我们太还原，漫画的发型就这样，剧方为了高度还原而已，有什么错，期待今晚的长歌行,https://m.weibo.cn/detail/4620898936032425
白凤九与三生三世情怀,post,32,粉丝点评/记忆表达明确,凤丸不是白凤九,迪丽热巴三生三世枕上书超话剧版三生三世枕上书超话 （自百度）阿sir们懂我一、家常鹅肉的做法：1、将鹅肉洗净切块；青笋切滚刀块；葱、姜切片。2、将油烧热，把豆瓣酱、葱片、姜片下锅煸炒，待出香味后，把鹅肉放入稍炒，烹入料酒、酱油，放入精盐、味精后继续煸炒。3、待肉上色时，加入适量开水，烧开后，转小火慢烧，待肉将熟时放入辣椒、青笋，青笋烧熟后即可。二、凉拌鹅肉的做法：材料：鹅胸肉1/2斤，姜丝1/2杯，辣椒丝1/4杯，芹菜段1/2杯，淡,https://m.weibo.cn/detail/4455637297467743
白日提灯贺思慕/女鬼鬼王记忆,post,31,粉丝点评/记忆表达明确,召唤祖师,#迪丽热巴演爽了我也看爽了# 从“演爽”到“看爽”：迪丽热巴的贺思慕，凭什么让人上头？ “迪丽热巴演爽了，我也看爽了”，这句直白的观众感言，成为《白日提灯》最出圈的评价，精准道出演员与观众间难得的双向奔赴：演员在角色中极致释放，观众收获酣畅淋漓的沉浸感，而贺思慕，正是这场奔赴的完美 ...全文,https://m.weibo.cn/detail/5282154516054638
白日提灯贺思慕/女鬼鬼王记忆,post,31,粉丝点评/记忆表达明确,努力的瘦身的小胖子,#迪丽热巴陈飞宇白日提灯云合10.8%#真的要被《白日提灯》的后劲狠狠拿捏了🔥从首播7.8%一路稳步攀升，第四天直接拿下云合正片有效播放市占率10.8%，在同期头部剧集的强势挤压下，硬生生走出了低开高走、越播越爆的逆天曲线，彻底打破古偶“首播即峰值”的魔咒，这份成绩真的太能打！迪丽热巴饰演的无五感鬼王贺思慕，完全是颠覆性演绎，白发红衣气场全开，清冷疏离中藏着细腻温柔，三重身份切换自如，眼神里全是故事，把鬼王的孤傲与动情演得层次拉满；陈飞,https://m.weibo.cn/detail/5283021953438988
迪拜报平安/守护型记忆,post,31,粉丝点评/记忆表达明确,不喝咖啡的璐璐,#曝迪丽热巴6月解约#担心的睡不着 真的已经平安回来了对吧 不要骗我 我12年的老粉受不起惊吓了 我在另一个大号都想发疯了 ​,https://m.weibo.cn/detail/5272631239771196
行走的油画/神女美貌出圈,post,31,粉丝点评/记忆表达明确,葡萄栀眠岛,狂风暴雨可以陪你走更远𝗦𝗛𝗔𝗥𝗘丨𝗪𝗲𝗖𝗵𝗮𝘁聊天背景图勿拌匀文案丨手机壁纸高清丨女明星壁纸丨真人壁纸无水印丨内娱韩娱丨kpop壁纸丨刘亦菲壁纸丨迪丽热巴壁纸丨张元英丨裴珠泫丨古力娜扎丨鞠婧祎壁纸丨孟子义丨杨超越丨田曦薇丨张艺凡丨宋雨琦丨张予曦丨神颜女明星丨神图壁纸丨iPhone壁纸丨全屏壁纸高清丨防窥屏壁纸丨爱豆壁纸丨追星女丨饭圈壁纸精选丨ins韩系壁纸丨惊为天人的美貌丨美貌暴击丨高颜值壁纸丨摄影写真丨真人bjd丨建模脸丨神级美貌丨锁,https://m.weibo.cn/detail/5293013895219489
生日生贺与小小迪陪伴记忆,post,31,粉丝点评/记忆表达明确,来世要做東京的魔法少女,我是因为这四个视频彻底入坑的，那会儿逢人就说自己喜欢的女孩子多么努力多么坚强 #迪丽热巴0603生日快乐# #热巴 睡不着的话就数星星吧# ​,https://m.weibo.cn/detail/5171426161593796
红毯神图与高定封神造型,post,31,粉丝点评/记忆表达明确,春日来财版,#虞书欣站姐愚人节预告#2026年虞书欣粉丝站姐的愚人节团建活动已进入预热高潮，其中橹穆CP（虞书欣与张凌赫）未公开的头纱照预告引发全网期待，同时AI二创、跨圈联动等新玩法为活动增添悬念。一、焦点预告与粉丝期待橹穆CP头纱照引发热议多个站姐发布预告，暗示将公开虞书欣与张凌赫在影视合作中的未曝光亲密互动照，包括头纱造型、牵手拥抱等画面。粉丝在话题#虞书欣站姐预告橹穆头纱照#下高频讨论，相关预告单日转发量破万。高人气艺人参与度断层第一在愚人,https://m.weibo.cn/detail/5281819446478551
红毯神图与高定封神造型,post,31,粉丝点评/记忆表达明确,Sandy絮児,#金鹤龙给迪丽热巴化的美神灵主妆#三月加冕，女王归来，迪丽热巴《白日提灯》剧宣造型杀疯了！金鹤龙量身打造美神灵主妆，白发紫瞳、焰色花钿、战损血痕，东方妖神美学直接封神 ！身穿Moliiin 2024春夏红黑蕾丝皮革裙，搭配Jimmy Choo鞋履，冷艳性感、气场全开，一颦一笑皆是灵主贺思慕的压迫感与破碎感。从巴黎时装周到时尚红毯，从热门综艺到新剧开播，热巴三月全程霸屏，用浓颜与实力诠释顶流姿态，灵主大人驾到，内娱直接臣服,https://m.weibo.cn/detail/5283073756759053
红毯神图与高定封神造型,post,31,粉丝点评/记忆表达明确,香瓜西瓜大冬瓜,迪丽热巴陈飞宇求不让考古的合照来了2017年杂志里一个爆炸头一个牛舔头，全靠颜值硬撑；还有清爽邻家姐弟风的杂志造型。如今新剧《白日提灯》里明艳御姐配青涩少年又性张力拉满。这俩人不管什么造型都CP感爆棚，只能说颜值高就是任性，考古这种事，多来点我们不怕！#迪丽热巴陈飞宇求不要考古合照# L香瓜西瓜大冬瓜的微博视频,https://m.weibo.cn/detail/5282604098261373
演员成长与角色群像评价,post,31,粉丝点评/记忆表达明确,Hananha,#迪丽热巴公诉豆瓣开分6.6#作为热巴的粉丝兼剧粉，我个人认为评分有些低。《公诉》根据新型网络犯罪真实案例改编，剧情紧凑，此剧年龄段无限制男女老少都可以看，而且可以学习怎样预防网络诈骗等。剧中每一个演员都有认真饰演自己的角色。热巴也说过这部剧台词挑战很大，我们从剧中也能看到热巴台词的进步，非常清晰清楚，甚至不看字幕都知道在说什么。表演时一些细节地方也注意到了，有认真去了解过这个角色的职业现实中是什么样的，表演也非常细腻。这部戏可以说每一,https://m.weibo.cn/detail/4918463728191530
爱丽丝与热巴的双向奔赴,comment,31,粉丝点评/记忆表达明确,李子无糖,偶像和粉丝的双向奔赴啊,https://m.weibo.cn/detail/5278306905883732
白日提灯贺思慕/女鬼鬼王记忆,post,30,粉丝点评/记忆表达明确,旎是最拽的靓女,迪丽热巴#迪丽热巴闯祸进行曲#剧中贺小小/贺思慕的无辜闯祸台词，下沉平台刷到好多太出圈了 旎是最拽的靓女的微博视频,https://m.weibo.cn/detail/5283188802322509
爱丽丝与热巴的双向奔赴,post,30,粉丝点评/记忆表达明确,啦啦爱是空白日记我是笔,哇！ 反响相当热烈 迪丽热巴的粉丝创造了很多记录 这是热巴和粉丝的双向奔赴 白日提灯值得一看～#迪丽热巴# 但是有好心人给我解释一下 云包场是什么意思嘛 有点跟不上潮流 和电影院这种包场有什么区别 #白日提灯追加10000场云包场#白日提灯追加10000场云包场,https://m.weibo.cn/detail/5282913176260106
跑男时期综艺名场面,post,30,粉丝点评/记忆表达明确,我柾一只國,#迪丽热巴跑男只录了12天#迪丽热巴早年参与《奔跑吧》录制时，作为短期加盟嘉宾，全程实际录制时长仅有十二天。节目组采用集中拍摄的模式，将短期录制的素材精心剪辑编排，完整支撑起一整季节目播出。虽然录制时间很短，但她在节目里互动自然、状态鲜活，留下许多经典名场面，观众好感度满满，长期留有出圈口碑。不少网友感慨其综艺表现力强，短时间录制却收获超高热度与长久路人缘。,https://m.weibo.cn/detail/5292090222447307
演员成长与角色群像评价,post,30,粉丝点评/记忆表达明确,时尚风尚Fashion,2020#金鹰奖参选名单#如火如荼的开始竞选了。回首2018，人民艺术家女演员迪丽热巴曾经凭借《漂亮的李慧珍》在金鹰奖拿下了金鹰女神、金鹰节最具人气女演员、金鹰奖观众喜爱女演员、优秀电视剧奖在内的四项大奖，是有史以来唯一一个在同一届颁奖礼上同时拿下金鹰女神+金杯+水晶杯的女演员。名副其实的大满贯。来品品这哭戏，演技是不是很棒了？ L娱乐啵爷的微博视频,https://m.weibo.cn/detail/4527768328997507
生日生贺与小小迪陪伴记忆,post,30,粉丝点评/记忆表达明确,C_4炸蛋_,#迪丽热巴一千零一夜##迪丽热巴新舞林大会# 你好啊，迪丽热巴💓说句不好意思的话，我都说不清到底是哪一天就这样迷上你，也许是个很慢很慢...很长的过程吧，慢热也在那刻进入饭圈之后都变了，遇见同样喜欢你喜欢的不得了的阿丝们都格外的开心和敞开心扉。 这是我遇见你并且喜欢上你的第一个生日🌈0630🌈是不是和你的生日那么的相似呀，我都不敢认真想。现在我和实验室的朋友们在外面唱K，收到很多祝福也会想起你，想起那么宠爱粉丝🌈那么认真工作🌈努力展现光,https://m.weibo.cn/detail/4256405794249552
跑男时期综艺名场面,post,29,粉丝点评/记忆表达明确,鑫动函数,#迪丽热巴再被叫胖迪很惊讶#啊啊啊这是老粉对她的爱称吧好早之前奔跑吧兄弟里会听到这个称呼现在确定没什么人这么喊她了大家觉得迪丽热巴好看吗 ​,https://m.weibo.cn/detail/5278931557025792
白日提灯贺思慕/女鬼鬼王记忆,post,29,粉丝点评/记忆表达明确,桉无诤,#难怪迪丽热巴不爱上班#迪丽热巴这波玩梗是打工人的集体情绪泄洪啊《白日提灯》里，她演的贺思慕，根本不是什么高冷鬼王，就是个被奇葩下属和烂摊子逼到厌班的灵界打工人归墟疯灵院＝现实职场，恋权贪财的下属＝办公室内耗，批公文的敷衍脸＝工位上的我本人，谁上班谁头大啊想溜去人间休沐摆烂，就是打工人想翘班呐热巴把这份“被迫营业”演得活灵活现，连耷拉的眼皮都写满了“这班谁爱上谁上”，把我们观众的厌班魂拿捏得妥妥的。更妙的是戏里戏外的呼应。热巴早年连轴拍,https://m.weibo.cn/detail/5284801777239989
白日提灯贺思慕/女鬼鬼王记忆,post,29,粉丝点评/记忆表达明确,88常安常乐,#白日提灯值得追吗#我靠口口相传推荐给了身边的朋友，她们都入坑了，被白日提灯迷得不要不要的，欢迎大家也来腾讯视频看剧！ ​,https://m.weibo.cn/detail/5284360678805149
纪云禾与鲛人系角色记忆,post,29,粉丝点评/记忆表达明确,名字可以这么这么这么长吗,迪丽热巴超话#仙侠剧女主终于支棱起来了##迪丽热巴纪云禾# 是的，我觉得与君初相识（原著驭鲛记）给我最大的惊喜是对女性角色的塑造。当时看小说时就惊诧不已，好一个抗争命运追求自由的女子，因鲛人被捕失去自由，其外形瑰美与天性纯真打动与感化着这位岸上的驭妖师，也让她怜惜伤感自己被利用被掌控不得自由的命运。因为鲛人美好的像个故事，纪云禾把自己得不到的自由寄托在鲛人重归大海之上，并为之不惜付出性命，受尽折磨长达六年。她对鲛人长意的爱与珍怀皆来于,https://m.weibo.cn/detail/4753120191842465
演员成长与角色群像评价,comment,29,粉丝点评/记忆表达明确,HecateGY,热巴的台词，演技，动作戏，哭戏太厉害了。,https://m.weibo.cn/detail/5288739921988864
白日提灯贺思慕/女鬼鬼王记忆,post,28,粉丝点评/记忆表达明确,DuLuDuLuLu_,迪丽热巴 #迪丽热巴白日提灯# 这就是万灵之主吗 我以为仙女下凡呢 @Dear-迪丽热巴 #白日提灯# #白日提灯追剧团#,https://m.weibo.cn/detail/5283188014581034
嘻嘻迪/表情包/可爱梗,post,28,粉丝点评/记忆表达明确,吴那个雩,#疑似杨紫后援会关注迪丽热巴超话#合理猜测是看了白日提灯入坑啦 白日提灯的结局真的很用心，很喜欢40集的那个结局。话说，恋爱脑没了之后变成的水母🪼竟然也是粉色哈哈哈哈哈哈哈哈哈哈哈哈哈哈哈 ​,https://m.weibo.cn/detail/5288123904033350
红毯神图与高定封神造型,post,28,粉丝点评/记忆表达明确,睡睡不行,热巴齐刘海造型梦回古剑奇谭，古灵精怪的小师妹 ​,https://m.weibo.cn/detail/5291274047590150
跑男时期综艺名场面,post,28,粉丝点评/记忆表达明确,美貌扑面而来,#迪丽热巴跑男只录了12天#我是多年老粉，我才知道，真是天生红命 ​,https://m.weibo.cn/detail/5291983449098616
跑男时期综艺名场面,post,28,粉丝点评/记忆表达明确,chayedannnnn,#迪丽热巴跑男只录了12天#我的古早白月光迪丽热血呀 ​,https://m.weibo.cn/detail/5291983238338926
嘻嘻迪/表情包/可爱梗,post,28,粉丝点评/记忆表达明确,冰棍说,贺思慕因契约共享五感，第一次尝到糖葫芦的甜味时，表现得非常惊喜，不顾形象地蹲在街角连吃三串，腮帮子鼓鼓的像只仓鼠，这个贪吃的小细节曾被大量网友制作成表情包，在全网走红。剧中还有许多类似的搞笑名场面，比如贺思慕伪装晕血时不小心撞倒武器架，以及试图调戏男主段胥却反被拿捏等，这些情节都展现了角色呆萌可爱的一面。#迪丽热巴表演打奶嗝#,https://m.weibo.cn/detail/5288339691537972
新疆舞与舞台表现名场面,post,28,粉丝点评/记忆表达明确,李3月,#王亚飞给虞书欣画的透嫩妆# 一边是逆袭封神的妆造大师，一边是争议缠身的话题女星，这场美妆合作自带戏剧张力！一、王亚飞成名之路：从影楼助理到顶流御用25岁从服装设计转行化妆，王亚飞起点低到尘埃里——洗化妆刷、递工具、熬夜练妆是日常。2006年拿下欧柏莱彩妆全国大赛北京赛区冠军+十佳+最佳人气奖，凭硬手艺敲开时尚圈大门。他创办WOW studio，从董璇杂志封面到黄子韬五四晚会造型，一步步积累口碑。最亮眼的是与迪丽热巴长达6年的深度绑定，,https://m.weibo.cn/detail/5281373721985891
红毯神图与高定封神造型,post,28,粉丝点评/记忆表达明确,惜时_自律,#Poem设计师称灵感来源迪丽热巴#为国争光的美神迪丽热巴！巴黎时装周①登上海外11国热搜，大🔥出圈！②被法国VOGUE官网首页盛赞！多国媒体杂志盛赞！③入选世界时尚行业权！威！【BOF】2023全球时尚人物！④2022入选最受国！际！观众喜爱的中国演员！她国内影视红毯视频在油管播放量都破亿！迪丽热巴，海外影响力，人气热度，杠杠的！！中国美神，出山即出圈，大鲨四方，惊艳世界！@Dear-迪丽热巴 #花少5姐姐好会穿#电视剧安乐传超话,https://m.weibo.cn/detail/4952793100322967
红毯神图与高定封神造型,post,28,粉丝点评/记忆表达明确,用夕阳喂马,当年这场红毯我觉得全场最惊艳的女明星就是她俩了… #恋综史上最明艳的出场##一分钟视频创作季##微博超有用视频大赛# L用夕阳喂马的微博视频 ​,https://m.weibo.cn/detail/5274307740829590
任安乐/帝梓元角色记忆,post,28,粉丝点评/记忆表达明确,荼漫长安雪,"#迪丽热巴安乐传# dlrb#迪丽热巴任安乐# “寒灯纸上梨花雨凉我等风雪又一年”""𝓟𝓮𝓪𝓻𝓼 𝓸𝓷 𝓽𝓱𝓮 𝓬𝓸𝓵𝓭 𝓵𝓪𝓶𝓹 𝓹𝓪𝓹𝓮𝓻 𝓻𝓪𝓲𝓷 𝓬𝓸𝓸𝓵, 𝓘 𝔀𝓪𝓲𝓽 𝓯𝓸𝓻 𝓪𝓷𝓸𝓽𝓱𝓮𝓻 𝔂𝓮𝓪𝓻 𝓸𝓯 𝓼𝓷𝓸𝔀""@Dear-迪丽热巴",https://m.weibo.cn/detail/4885487620195785
演员成长与角色群像评价,post,28,粉丝点评/记忆表达明确,寄情迪崽崽·热爱,#超话星愿池#dlrb#夏日青春派对#“我希望角色都有着更加丰盈的个性。虽然我自己并没有太多个性，但我倒希望有一天，大家会说，迪丽热巴其实是很有个性的演员。我不太想让自己成为一个圆圆球，那不适合做好一个演员。我希望自己是个三角形，或是长方形，或是正方形，我希望它是有形状的”——@Dear-迪丽热巴#迪丽热巴公诉# L热爱热巴點點仔的微博视频,https://m.weibo.cn/detail/4918460604482629
生日生贺与小小迪陪伴记忆,comment,28,粉丝点评/记忆表达明确,小瘦羽,32岁生日快乐哦 我的宝贝@Dear-迪丽热巴 #迪丽热巴0603生日快乐#,https://m.weibo.cn/detail/5040975519416433
演员成长与角色群像评价,comment,28,粉丝点评/记忆表达明确,盆栽姓屎,的确是国民女演员，作品优秀演技好路人缘好粉丝多,https://m.weibo.cn/detail/5069397472841040
白日提灯贺思慕/女鬼鬼王记忆,post,27,粉丝点评/记忆表达明确,迪迪卫突击队,#白日提灯# 我的评分： 迪丽热巴#白日提灯观后感# 热巴演戏反差感太棒了~白天是怯弱孤女贺小小，夜晚是执掌灵界的万灵之主！ 三妹太爱贺思慕啦 （大家都要在微博要评分哦）,https://m.weibo.cn/detail/5293414847351192
爱丽丝与热巴的双向奔赴,post,27,粉丝点评/记忆表达明确,巴的酸奶疙瘩63,宠粉天后 @Dear-迪丽热巴 饭撒到每一位爱丽丝宝宝，这就是双向奔赴的爱❤️心软软 巴的酸奶疙瘩63的微博视频,https://m.weibo.cn/detail/5182543379043296
爱丽丝与热巴的双向奔赴,post,27,粉丝点评/记忆表达明确,小妖追剧w,"超宠粉的10位明星，杨紫,赵丽颖上榜！你最喜欢谁？ 1:谭松韵，在我眼里，你们是我的世界。 2: 赵丽颖，怕退出娱乐圈儿没人给萤火虫撑腰。 3: 黄明昊，以前你们守护我，现在换我来保护你。 4: 鞠婧祎，欺负我可以，不要欺负我的粉丝。 5: 肖战，你可以骄傲的说，我喜欢的是肖战 6: 杨紫，不管发生什么， ...全文",https://m.weibo.cn/detail/4999541420198158
白日提灯贺思慕/女鬼鬼王记忆,post,27,粉丝点评/记忆表达明确,彩彩-ing,#迪丽热巴沉浸式追更#热巴这是把《白日提灯》的剧宣玩成行为艺术了吧？机场提红灯笼，秒变行走的鬼王贺思慕，这反差感我直接笑不活了！开播还蹲弹幕跟粉丝玩梗，这亲和力是真实存在的吗？粉丝豪掷15万云包场送会员，平台品牌跟着加码，没开发布会却靠网友共创刷屏，这剧宣操作太6了！ 400岁鬼王的人设本就戳我，加上热巴这波沉浸式追更，我已经入坑了，你们呢？#白日提灯#,https://m.weibo.cn/detail/5282081618792961
嘻嘻迪/表情包/可爱梗,post,27,粉丝点评/记忆表达明确,深圳吴晚乔,#迪丽热巴跑男只录了12天#迪丽热巴当年作为跑男常驻，整季实际录制仅12天，却播出12期、热度霸榜许久。灵动可爱的表现圈粉无数，短时间留下超多经典名场面，综艺感染力拉满。 L深圳吴晚乔的微博视频 ​,https://m.weibo.cn/detail/5291988494062107
花少/你好星期六等综艺片刻,post,27,粉丝点评/记忆表达明确,麻辣心墙,#开推4迪丽热巴退出丁程鑫加入#丁程鑫加入《开始推理吧》第四季，真的让人特别期待。虽然老粉们心里多少有点舍不得原来的熟悉面孔，觉得那份默契的团魂需要时间重新培养，但看到新名单里有他，又忍不住心生欢喜。他在《全员加速中》那种机灵劲儿和快速解题的能力大家有目共睹，脑子转得快，反应又灵敏，简直就是为推理综艺量身定做的。导演能主动去邀请他，说明是真的认可他的实力。为了这个节目，他甚至推掉了其他工作，这份诚意和重视程度本身就很难得。想象一下，他和,https://m.weibo.cn/detail/5279907116749892
嘻嘻迪/表情包/可爱梗,post,27,粉丝点评/记忆表达明确,Hello_是大A啊,我真的超期待《开始推理吧》原班人马再聚！白宇、刘宇宁、张凌赫、周柯宇、金靖、迪丽热巴这几个人在一起，氛围真的太绝了，有梗有智商，搜证互怼都特别自然，团感满满。看他们一起破案、互相挖坑又彼此兜底，那种默契是换谁都替代不了的。不管案子多烧脑，只要是他们六个，我就能安心追下去。真心希望节目组能圆我们老粉一个心愿，原班人马合体再开新案，快点回归吧，真的等太久了！#开始推理吧原班人马#,https://m.weibo.cn/detail/5265404914041459
花少/你好星期六等综艺片刻,post,27,粉丝点评/记忆表达明确,October-Geo,经超跟杜海涛这段💩都能给你笑憋回去综艺搞笑名场面 快乐大本营 迪丽热巴 李维嘉 LOctober-Geo的微博视频 ​,https://m.weibo.cn/detail/5294077480010395
跑男时期综艺名场面,post,27,粉丝点评/记忆表达明确,Absinthea,12天短短的热巴红的时间长长的爱的跑男迪她的鲜活，元气，不娇气以及她不服输的拼劲儿都让人喜欢每一个片段都是名场面大家的小迪大家的白月光热巴就是命好就是巨星 LAbsinthea的微博视频 ​,https://m.weibo.cn/detail/5292275295851436
红毯神图与高定封神造型,comment,27,粉丝点评/记忆表达明确,渺渺兮予迪,神图有了迷恋姐,https://m.weibo.cn/detail/5292716661672492
跑男时期综艺名场面,post,26,粉丝点评/记忆表达明确,曲雾聆,以前跑男女生的妆容都是淡淡的！看baby和热巴就知道了。,https://m.weibo.cn/detail/5293874373467621
爱丽丝与热巴的双向奔赴,post,26,粉丝点评/记忆表达明确,小諺寻迪記-热爱追妻版,#疑似杨紫后援会关注迪丽热巴超话#道歉啊 谁骂的谁就给人家道歉啊 有那么难吗？人家迪丽热巴莫名其妙被骂了一顿 粉丝去应援会底下讨要说法都不行 那就是受害者有罪论呗 受害者不能讨要说法呗 依旧双标更可笑的是 居然有人说是爱丽丝自己贴上来的你三观到哪去了 你眼睛到哪去了 你 ...全文,https://m.weibo.cn/detail/5288769752402285
生日生贺与小小迪陪伴记忆,post,26,粉丝点评/记忆表达明确,8号钰珑,【考古·2019生日会 】 内娱第一个给粉丝免费办生日会的明星 再看还是很感动 羡慕所有去现场的阿丝 热爱99 ​,https://m.weibo.cn/detail/5294455806756545
演员成长与角色群像评价,post,26,粉丝点评/记忆表达明确,不听哥哥冷语,#巴粉#不说谁敢信这是十年老粉圈？这血性看了谁不夸一句牛，流量更新换代，迪丽热巴和八毛屹立不倒 ​,https://m.weibo.cn/detail/5259675289518893
红毯神图与高定封神造型,post,26,粉丝点评/记忆表达明确,亲亲这只小兔叽巴巴,#王亚飞 迪丽热巴#可以多多关注美神吗，线下状态超好，完全沪上白月光来的，也期待《虽然不能同时拥有一切》早日播出 ​,https://m.weibo.cn/detail/5292731633239407
花少/你好星期六等综艺片刻,post,26,粉丝点评/记忆表达明确,追综VIP用户,热巴简直就是被幸运之神亲吻过的存在！这份好运，源自她骨子里的温柔与善意；追随她的每一份热爱，都悄然携带着同等的光晕与福气！#花儿与少年丝路季# #迪丽热巴# #封神综艺# L追综VIP用户的微博视频 ​,https://m.weibo.cn/detail/5294234241599424
嘻嘻迪/表情包/可爱梗,post,26,粉丝点评/记忆表达明确,遇渝栖于栩,𝐇𝐢𝐝𝐞｜《爱情公寓》第三季｜决战紫禁之巅萌宠头像｜治愈系头像头像安利｜卡通手绘｜软萌头像｜审美封神｜可爱爆棚｜毛茸茸萌物｜平板全屏壁纸｜手机超清壁纸｜小红书热榜｜无水印原图｜转运好运｜搞怪趣味｜小众独特｜清新温柔｜氛围感拉满｜韩系极简｜高级质感｜闺蜜双人头像｜横屏护眼壁纸 张子枫｜周也｜鞠婧祎｜张婧仪｜欧阳娜娜｜文淇｜陈都灵｜杨幂｜赵今麦｜卢昱晓｜白鹿｜刘亦菲｜Angelababy｜刘浩存｜李兰迪｜徐若晗｜杨超越｜田曦薇｜孟子义｜虞书,https://m.weibo.cn/detail/5294647519477897
乔晶晶与《你是我的荣耀》入坑记忆,post,26,粉丝点评/记忆表达明确,她惊艳时光也温柔岁月,#迪丽热巴乔晶晶##迪丽热巴你是我的荣耀#我的梦总有人明白，一切都是最好的安排小迪九月快乐@Dear-迪丽热巴 L中国艺术报的微博视频 ​,https://m.weibo.cn/detail/4544333572740298
高雯名场面与早期出圈,post,26,粉丝点评/记忆表达明确,快乐一夏鸭,#克拉恋人制片人转发迪丽热巴#我就是克拉恋人入坑的，那年我才高一 L快乐一夏鸭的微博视频 ​,https://m.weibo.cn/detail/5175925004045483
白日提灯贺思慕/女鬼鬼王记忆,post,26,粉丝点评/记忆表达明确,海上月823,#迪丽热巴白日提灯热度登顶#迪丽热巴主演《白日提灯》热度8720万登顶全网，开播15分钟热度破22000，峰值26481，刷新腾讯视频年度开播纪录。热巴一人分饰三角，红衣白发鬼王贺思慕气场炸裂，诡艳东方美学封神；柔弱孤女贺小小楚楚动人，演技反差封神。抖音话题50亿+播放，微博狂揽87个热搜，海外登陆23个平台，2026古偶天花板实锤！ L海上月823的微博视频,https://m.weibo.cn/detail/5284948435272441
红毯神图与高定封神造型,post,26,粉丝点评/记忆表达明确,冷九_o,#迪丽热巴微博之夜发型拆解#我的粉红玛丽猫猫@Dear-迪丽热巴 出山即出圈，每次造型都能给各大美妆博主，画手提供更多灵感来源，掀起一股模仿热潮 ​,https://m.weibo.cn/detail/4885488832348796
任安乐/帝梓元角色记忆,post,26,粉丝点评/记忆表达明确,迪迪对着樱桃树许愿,#迪丽热巴新剧公诉精英改名# dlrb#迪丽热巴# 一切只赋予你 我的爱 我的一切𝐄𝐯𝐞𝐫𝐲𝐭𝐡𝐢𝐧𝐠 𝐢𝐬 𝐨𝐧𝐥𝐲 𝐠𝐢𝐯𝐞𝐧 𝐭𝐨 𝐲𝐨𝐮 𝐦𝐲 𝐥𝐨𝐯𝐞 𝐦𝐲 𝐞𝐯𝐞𝐫𝐲𝐭𝐡𝐢𝐧𝐠@Dear-迪丽热巴 迪丽热巴安乐传|任安乐|迪丽热巴帝梓元|迪丽热巴公诉|安旎,https://m.weibo.cn/detail/4885480058129702
任安乐/帝梓元角色记忆,post,26,粉丝点评/记忆表达明确,o椰懒懒,迪丽热巴超话#迪丽热巴微博之夜发型拆解#dlrb #迪丽热巴新剧公诉精英改名# dlrb #长歌行播出两周年了# “总要去一趟新疆吧，看看她的故乡，总要去见她一面吧，给我的青春画上圆满的句号”@Dear-迪丽热巴 迪丽热巴公诉|安旎|迪丽热巴安乐传|任安乐|帝梓元@Dear-迪丽热巴 #迪丽热巴公诉#dlrb#迪丽热巴安旎#,https://m.weibo.cn/detail/4885464803184165
爱丽丝与热巴的双向奔赴,comment,26,粉丝点评/记忆表达明确,护舒宝,迪迪和爱丽丝们的双向奔赴看一次感动一次,https://m.weibo.cn/detail/5278306905883732
跑男时期综艺名场面,post,25,粉丝点评/记忆表达明确,时光里有诗,#迪丽热巴跑男只录了12天#当年那个凭借真实自然的综艺表现，给大家留下深刻印象的热巴，在2017年《奔跑吧》第五季期间的实际集中拍摄时间仅为12天。就是这短短十几天的拍摄，却爆发出超高热度，她真实又灵动的表现，和自然随性的性格，圈粉无数。短短数日，留下无数的名场面，成为经典记忆，足以见得她的人气与魅力。#微博二创视频创作季# L时光里有诗的微博视频,https://m.weibo.cn/detail/5291989872411136
跑男时期综艺名场面,post,25,粉丝点评/记忆表达明确,财阀千金j-c,#迪丽热巴跑男只录了12天#12天，一场跨越九年的综艺回响2026年的春日，一则旧闻突然炸上热搜——迪丽热巴2017年录制《奔跑吧》，满打满算居然只有12天。这个数字像颗投入湖面的石子，瞬间激起千层浪。无数网友翻出当年的视频：那个在泥潭里摸爬滚打、转起圈来像只灵动小鹿的姑娘，那个被喊着“胖迪”却笑眼弯弯的姑娘，原来只在镜头前真实奔跑了12个工作日。近3个月的播出周期，12期正片的密集陪伴，让观众早已把她当成了整季的“常驻记忆”。12天能,https://m.weibo.cn/detail/5291998510580590
跑男时期综艺名场面,post,25,粉丝点评/记忆表达明确,chayedannnnn,#迪丽热巴跑男只录了12天#不开玩笑这真的是我白月光 ​,https://m.weibo.cn/detail/5291986292837553
行走的油画/神女美貌出圈,post,25,粉丝点评/记忆表达明确,葡萄栀眠岛,我见青山多妩媚🌿𝗦𝗛𝗔𝗥𝗘丨𝗪𝗲𝗖𝗵𝗮𝘁聊天背景图勿拌匀文案丨手机壁纸高清丨古风壁纸丨女明星壁纸精选丨女星古装壁纸丨迪丽热巴壁纸丨古力娜扎丨赵丽颖丨白鹿丨卢昱晓丨鞠婧祎丨孙珍妮丨陈都灵丨孔雪儿丨陈瑶丨郭晓婷丨姜贞羽丨古装美人丨古偶丨仙侠丨摄影写真古风丨白日提灯贺思慕丨永夜星河镜妖丨与凤行丨逐玉丨俞浅浅丨月鳞绮纪丨露芜衣丨白月梵星丨女谋士丨江湖女侠丨疯批女帝丨神颜女明星丨神图壁纸丨华丽壁纸丨iPhone壁纸丨防窥壁纸丨精致壁纸丨女生头像丨,https://m.weibo.cn/detail/5293110288453643
跑男时期综艺名场面,post,25,粉丝点评/记忆表达明确,炡在包饺OvO,#迪丽热巴跑男只录了12天#迪丽热巴作为常驻嘉宾参与《奔跑吧》第五季（2017年），实际集中录制时长约12天，最终剪辑为12期正片内容播出。该季作为节目更名为《奔跑吧》的首季，因其活泼表现和名场面频出，成为观众记忆深刻的“跑男迪”时期。2026年4月下旬，这一冷知识被重新挖掘并登上热搜。不少网友（包括路人）表示难以置信，原以为她参与录制了整季甚至多季。话题聚焦于她在短期录制中展现的综艺感、真诚性格及持久影响力。,https://m.weibo.cn/detail/5291988679135643
李长歌与《长歌行》角色记忆,post,25,粉丝点评/记忆表达明确,-岁岁念8,#长歌行播出两周年了# dlrb#迪丽热巴长歌行# 我对你的爱就像百合花的花语一样，纯洁而伟大 🌷” 𝓜𝓎 𝓁𝓸𝓋𝓮 𝒻𝓸𝓇 𝓎𝓸𝓊 𝒾𝓈 𝒶𝓈 𝓅𝓊𝓇𝓮 𝒶𝓃𝒹 𝓰𝓇𝓮𝒶𝓉 𝒶𝓈 𝓉𝒽𝓮 𝒻𝓁𝓸𝓌𝓮𝓇 𝓸@Dear-迪丽热巴,https://m.weibo.cn/detail/4885457358559244
白日提灯贺思慕/女鬼鬼王记忆,comment,25,粉丝点评/记忆表达明确,什模范棒棒堂,观众表示，没在微博上被安利。在观众和巴粉的安利中，入坑贺思慕,https://m.weibo.cn/detail/5282912645155315
白日提灯贺思慕/女鬼鬼王记忆,post,24,粉丝点评/记忆表达明确,眼角痣小姐_,迪丽热巴#迪丽热巴贺思慕# dlrb#迪丽热巴白日提灯# 你是我在极寒中仍留有余温的玫瑰 @Dear-迪丽热巴,https://m.weibo.cn/detail/5293742319994496
爱丽丝与热巴的双向奔赴,post,24,粉丝点评/记忆表达明确,当然有戏__,#迪丽热巴挥手安慰粉丝不要哭#她跑的这几步，我看得起鸡皮疙瘩了，挥手是她对粉丝的回应，只要有粉丝在，她就会一直挥手，来说明她看到了，双向奔赴太好哭了！ 如果问什么样的明星值得喜欢一辈子，那我一定会说迪丽热巴！今年是我喜欢热巴的第9年，小的时候在电视上看到她只是觉得她很漂亮。 随着我 ...全文,https://m.weibo.cn/detail/5143684421779590
爱丽丝与热巴的双向奔赴,post,24,粉丝点评/记忆表达明确,星冰乐kiki,肖战红海不可复制的奇迹……肖战2020年12月20日星光大赏八秒红海，是一场盛大的久别重逢，是偶像与粉丝的双向奔赴！#肖战迪丽热巴入选中国十大新青年# 星冰乐kiki的微博视频,https://m.weibo.cn/detail/4995525566532733
白日提灯贺思慕/女鬼鬼王记忆,post,24,粉丝点评/记忆表达明确,菲念迪,#白日提灯今日收官# dlrb#迪丽热巴千字长文告别白日提灯# 看完巴巴写的长文，被这份细腻的共情狠狠戳中。巴巴你的用心把贺思慕的温柔带到了人间，让我们感受和理解，每一幕的演绎，都有了不一样的感受。从黑白而无声的虚空到鲜活的人间🌺让我们看见了爱的模样，感受到了自由是什么。 从角色 ...全文,https://m.weibo.cn/detail/5291054654030070
白日提灯贺思慕/女鬼鬼王记忆,post,24,粉丝点评/记忆表达明确,蜜蜜是我呀,#陈飞宇迪丽热巴短剧预告# 宣发天花板！《白日提灯》创新出圈，热巴陈飞宇CP感拉满 《白日提灯》这波宣发真的太会了，堪称内娱头一回！为庆祝双端预约突破600万（实际已达632万），剧组特别推出现代衍生短剧《四百岁祖宗穿越后反宠娇蛮大少爷》，以“强制爱”为核心，首创“看长剧送短剧”的联动模式 ...全文,https://m.weibo.cn/detail/5280368513255915
跑男时期综艺名场面,post,24,粉丝点评/记忆表达明确,咚嘀DUMDi,#迪丽热巴跑男只录了12天#考古一波高清图 ​,https://m.weibo.cn/detail/5292123625882387
嘻嘻迪/表情包/可爱梗,post,24,粉丝点评/记忆表达明确,一条胖头鱼罢了_,陈都灵｜早期｜古早味｜白月光｜清冷感｜月鳞绮纪｜雾妄言｜考古｜知性优雅美丽自信大方𝐒𝐡𝐚𝐫𝐞｜古早漫画风壁纸.ᐟ.ᐟ‪ᯅ̈ ｜ ins风壁纸 ｜女生头像𝗪𝗲𝗖𝗵𝗮𝘁 𝙒𝙚𝘾𝙝𝙖𝙩｜小猫头像头像分享| 卡通头像| 可爱头像 | 审美积累｜可爱｜萌宠｜ipad壁纸｜手机壁纸｜ins｜高清｜无水印｜好运｜搞怪｜毛茸茸｜奇奇怪怪｜头像推荐｜清新｜淡淡的｜高能量｜韩系｜高级感｜双人头像｜ipad壁纸张子枫｜周也｜鞠婧祎｜张婧仪｜欧阳娜娜｜文淇｜陈,https://m.weibo.cn/detail/5287305315093417
花少/你好星期六等综艺片刻,post,24,粉丝点评/记忆表达明确,小怡夏日恋啵记,#开推4女生只剩金靖了#《开始推理吧》第四季常驻阵容调整：迪丽热巴、白宇退出，金靖成为唯一常驻女嘉宾，丁程鑫新加入。原班“赫丽摸金宇”六人组默契难舍让老粉意难平，但金靖的综艺控场能力获认可，丁程鑫也被视为新鲜血液。节目组拟邀陈妍希等飞行嘉宾补位女性视角，新组合能否延续口碑尚待开播验证。,https://m.weibo.cn/detail/5280009151320951
白日提灯贺思慕/女鬼鬼王记忆,post,24,粉丝点评/记忆表达明确,阿後,啊后超话救命！这段陈飞宇主动找迪丽热巴聊天的视频，我真的能反复刷一百遍！谁能拒绝一个眼神亮晶晶、笑起来藏不住欢喜，还主动找你聊天的年下大男孩啊🥹！ 视频里陈飞宇低头笑着，嘴角弯得特别明显，那副“不值钱”的模样，隔着屏幕都能感受到他的藏不住的喜欢。旁边迪丽热巴淡定的样子，和他的热烈形成鲜明对比，这种“年下直球×御姐淡定”的反差感，直接把氛围感拉满！ 其实这段互动是《白日提灯》的剧宣名场面之一，陈飞宇饰演的少年将军段胥，本身就带着对迪丽热,https://m.weibo.cn/detail/5287568527852615
嘻嘻迪/表情包/可爱梗,post,24,粉丝点评/记忆表达明确,胖杉百事从欢,白日提灯剧版超话 @Dear-迪丽热巴 #归墟5A级景区观光团# 灵主你还有表情包吗再发点 ​,https://m.weibo.cn/detail/5284026743002149
生日生贺与小小迪陪伴记忆,post,24,粉丝点评/记忆表达明确,都怪姐姐让我爱上姐姐,入坑的点：“贺思慕，新年快乐，岁岁平安”“段小狐狸，祝你逢凶化吉，长命百岁”两小只都是用了自己认为对对方最真挚的祝福话语 她的世界不死不灭 他祝她岁岁平安 当下的“新年快乐” 他马皮裹尸 封狼居胥 一身血一身伤 她祝他逢凶化吉 凡人最看重的“长命百岁”他长命百岁 陪她久一点 ​,https://m.weibo.cn/detail/5282709457076315
白日提灯贺思慕/女鬼鬼王记忆,post,24,粉丝点评/记忆表达明确,Dear迪丽热巴黑骑士,迪丽热巴超话 5.3【守护贺思慕】打咔博【评论打咔后记得截自己的评论打咔图去👗内公/告填表哦❗❗❗】ps.剧播期间打咔全勤的有机会获得骑士准备的精美礼包一份哦～还没进👗的快来呀守护贺思慕#迪丽热巴贺思慕#dlrb#迪丽热巴白日提灯#dlrb#迪丽热巴# ​,https://m.weibo.cn/detail/5294599662994562
生日生贺与小小迪陪伴记忆,post,24,粉丝点评/记忆表达明确,迪迪卫突击队,迪圈✍🏻手写信大“晒”火热进行中：微博正文第十批手写信汇总来啦，喜欢哪个可以给哪个惹度！小巴花店87- 微博正文Dear一玫红丝儿微博正文伤心酱肉包微博正文玫瑰心动迪微博正文橙黄橘绿时dada 微博正文热巴是个小公举微博正文云上的韵律_ 微博正文热巴终爱的酸奶疙瘩微博正文十釉八乔笙微博正文Dilraba噫秽桉_ 微博正文一起携手热爱8-dlrb 微博正文Dear的夜礼服假面微博正文我油猫饼_ 微博正文鸡腿小达人微博正文五月的一只rain,https://m.weibo.cn/detail/5037703181897457
李长歌与《长歌行》角色记忆,post,24,粉丝点评/记忆表达明确,迪小姐很听话喔,迪丽热巴超话#迪丽热巴你是我的荣耀# dlrb#迪丽热巴李长歌# 追星大概就是 在陪他追求梦想的同时自己也在努力变成会发光的人自修图.可加文.禁二改.用图标源.沈桃颜超话@Dear-迪丽热巴 ​,https://m.weibo.cn/detail/4543245390186613
乔晶晶与《你是我的荣耀》入坑记忆,post,24,粉丝点评/记忆表达明确,淡淡生活0603,#迪丽热巴将录制花儿与少年5#如果是真的，那就期待迪丽热巴在综艺的表现。现在不如先回顾一下迪丽热巴的过往及作品。迪丽热巴的爆一番作品：《你是我的荣耀》云合集均破亿，前台集均1.6亿+《漂亮的李慧珍》云合集均破亿，拉升收视率210%，获金鹰奖：优秀电视剧奖迪丽热巴爆角色：高雯、白凤九、李慧珍、乔晶晶、李长歌、纪云禾迪丽热巴的爆综艺：《奔跑吧》《极限挑战》附，（漫游全世界迪丽热巴那期本人最爱）迪丽热巴的爆舞台：《DESPACITO》2017,https://m.weibo.cn/detail/4946968793055393
纪云禾与鲛人系角色记忆,post,24,粉丝点评/记忆表达明确,dear-王小小,#与君初相识##迪丽热巴纪云禾# 👖@优酷 @驭鲛记之与君初相识 求你了下一部恰似故人归能不能不要等太久现在两集更新更本满足不了我不管怎么样还是一整个期待住恰似故人归太好看了,https://m.weibo.cn/detail/4753181655957579
白日提灯贺思慕/女鬼鬼王记忆,post,23,粉丝点评/记忆表达明确,Dear迪丽热巴黑骑士,4.29【守护贺思慕】打咔博 【评论打咔后记得截自己的评论打咔图去👗内公/告填表哦❗❗❗】 ps.剧播期间打咔全勤的有机会获得骑士准备的精美礼包一份哦～还没进👗的快来呀守护贺思慕 #迪丽热巴贺思慕#dlrb#迪丽热巴白日提灯#dlrb#迪丽热巴#,https://m.weibo.cn/detail/5293145134728175
爱丽丝与热巴的双向奔赴,post,23,粉丝点评/记忆表达明确,股大户牛哥,#迪丽热巴补偿去巴黎的粉丝# 真的被迪丽热巴和粉丝的双向奔赴暖到了 💛 3月巴黎时装周，热巴因中东局势突发、滞留迪拜，遗憾缺席大秀，也没能见到专程飞赴巴黎的爱丽丝们 。 没想到她一直记挂着这份遗憾，近日亲自协调团队，为每一位赴巴黎的粉丝寄出补偿礼盒：亲笔签名照+手写祝福，还有富士胶 ...全文,https://m.weibo.cn/detail/5287091225493983
白日提灯贺思慕/女鬼鬼王记忆,post,23,粉丝点评/记忆表达明确,晚风小满安,#迪丽热巴我常常会心疼你# 一句心疼双向共情，愿热巴岁岁安稳自在发光 一句“我常常会心疼你”，既告别了贺思慕，也说尽了大家对迪丽热巴的心意。《白日提灯》圆满收官，热巴用细腻演技，把孤独隐忍、心怀大义的万灵之主贺思慕演得淋漓尽致，四百年孤寂清冷，一朝触碰人间暖意，每个情绪细节都格外戳 ...全文,https://m.weibo.cn/detail/5291013113646860
红毯神图与高定封神造型,post,23,粉丝点评/记忆表达明确,大王小王子子,觉得这个造型很适合主题呀 但是还是蛮多人说不好看 艺人与造型师双向奔赴 热巴靠美貌撑场 鲨姐用审美加分 内娱时尚名场面又多了 从2022年《费加罗》五套高定首秀到如今风格迭代，闵塔鲨用“高定资源+异域适配”的组合拳，既解锁了热巴的冷调御姐新身份，也因审美争议陷入双面评价。 作为前《费加罗》时 ...全文,https://m.weibo.cn/detail/5287549746025272
白日提灯贺思慕/女鬼鬼王记忆,post,23,粉丝点评/记忆表达明确,Idlemovie,#迪丽热巴女鬼一来了#一口气刷完《白日提灯》五集，对现在这些无端打一星，团建黑言黑语的行为很不齿，必须要为迪丽热巴仗义执言。 说热巴颜值不行，都把我逗笑了，剧中笑靥如花的热巴，说句古装顶配都不为过，这是实在找不到黑点了吗？都开始无的放矢，信口开河了，讲点基本法吧。 说热巴演技差，没 ...全文,https://m.weibo.cn/detail/5281750186198500
花少/你好星期六等综艺片刻,post,23,粉丝点评/记忆表达明确,小剧崽,热巴新剧的穿搭梦回花少发现她好喜欢上面裙子下面裤子的穿搭，度假氛围拉满，新剧《虽然不能同时拥有一切》里卫蓝的收腰裙叠搭牛仔裤，加上songmont包，很有点波西米亚的调调，好喜欢她这么穿啊迪丽热巴‖迪丽热巴超话 ​,https://m.weibo.cn/detail/5291224473011144
花少/你好星期六等综艺片刻,post,23,粉丝点评/记忆表达明确,追综-,今日份甜瓜来咯，3月24日，又到吃瓜时刻，张凌赫秒上热搜榜，这到底怎么回事呢？别走开，一起来看看吧。​在《开始推理吧》第四季直播中，张凌赫得知迪丽热巴、白宇退出常驻后第一反应是坚决不信，直言“假的！必须工作人员当面说才信”，真实反应引发全网热议。​网友们纷纷在线点赞、评论道:​还等着原班人马​好吧，哥姐多多拍戏吧​看得出来张凌赫是个重情义的人 ​​几个人的感情真的很好啊，很多观众都一样不愿意相信吧，期待各自的作品呀​之前一直没有官宣嘉宾,https://m.weibo.cn/detail/5280300666195864
跑男时期综艺名场面,post,23,粉丝点评/记忆表达明确,小怡夏日恋啵记,#谁没看过热巴这段伟大的转圈#2017年《奔跑吧》中，迪丽热巴与李沁的双人转圈裙摆飞扬、仙气十足，被誉“伟大的转圈”。近日“热巴仅录12天便贡献整季高光”的冷知识再引热议：从转圈舞到鸵鸟赛跑，高光名场面均出自短期集中拍摄。时间虽短，她却凭灵动与敬业成为“综艺白月光”，更让转圈舞从综艺片段升维为新疆文化符号。,https://m.weibo.cn/detail/5292030959812851
白凤九与三生三世情怀,post,23,粉丝点评/记忆表达明确,灌云小懒,#迪丽热巴跑男只录了12天#迪丽热巴2017年作为《奔跑吧》第五季常驻嘉宾的实际录制时长仅12个工作日，这一信息近期引发广泛讨论，公众聚焦于综艺剪辑的“造梗”能力与其个人表现的高效出圈效应。公众认知的澄清与反思1.加盟前已具高人气基础参与跑男前，迪丽热巴已凭《克拉恋人》高雯、《三生三世十里桃花》白凤九等角色积累人气：微博粉丝超2000万（2017年初），生日直播观看人次达1.38亿，电影《傲娇与偏见》票房破亿且盈利。节目组邀请逻辑是“谁,https://m.weibo.cn/detail/5292062419453651
嘻嘻迪/表情包/可爱梗,post,23,粉丝点评/记忆表达明确,Komorebi_须臾,动画片 | 童年回忆 | 海绵宝宝第九集｜痞老板退休记𝙒𝙚𝘾𝙝𝙖𝙩｜女明星高质量头像头像分享| 卡通头像| 可爱头像 | 审美积累｜可爱｜萌宠｜ipad壁纸｜手机壁纸｜ins｜高清｜无水印｜好运｜搞怪｜毛茸茸｜奇奇怪怪｜头像推荐｜清新｜小猫小狗｜拿花头像｜美女头像｜对镜拍｜张子枫｜周也｜鞠婧祎｜张婧仪｜欧阳娜娜｜文淇｜陈都灵｜杨幂｜赵今麦｜卢昱晓｜白鹿｜刘亦菲｜Angelababy｜刘浩存｜李兰迪｜徐若晗｜杨超越｜田曦薇｜孟子义｜虞书欣,https://m.weibo.cn/detail/5292416643106827
红毯神图与高定封神造型,post,23,粉丝点评/记忆表达明确,芸熙Emily,#手袋crush# 全球品牌大使迪丽热巴空降南京新店开业，一袭Dior2026早秋系列蝴蝶结蓝裙优雅出圈，而同场吸睛度拉满的DiorCigale手袋，更是整套造型的点睛灵魂。 包身线条利落简约，轮廓圆润高级，自带法式慵懒的精致格调，细腻质感自带柔光滤镜，低调又显贵。简约不浮夸的版型，大小比例恰到好处，手提优雅矜贵、斜挎灵动随性，适配红毯盛典、线下活动、日常通勤多种场景。 清冷蓝宝石系裙装温柔灵动，搭配DiorCigale手袋冷暖相衬、气,https://m.weibo.cn/detail/5293296114730724
白日提灯贺思慕/女鬼鬼王记忆,post,23,粉丝点评/记忆表达明确,才忆点,两人三次合作，互动越来越多! 1. 2021年《芭莎男士》杂志同框：首次合作，拍摄工装风封面。热巴高马尾配牛仔装清爽利落，陈飞宇少年感十足，互动清新如邻家姐弟，为后续缘分埋下伏笔。2. 2026年古装奇幻剧《白日提灯》：核心影视合作，热巴饰鬼王贺思慕、陈飞宇演少年将军段胥，剧中“五感互通”羁绊极具张力。雪地华尔兹名场面由热巴策划，花絮里捧脸、对视等互动甜度爆表，演技与默契度双在线。3. 2026年综艺《你好星期六》：剧综联动专场，两人复,https://m.weibo.cn/detail/5282919951632915
白日提灯贺思慕/女鬼鬼王记忆,post,23,粉丝点评/记忆表达明确,临帖逐韵少年,#迪丽热巴陈飞宇求不要考古合照#谁懂啊，这俩人的采访，越看越有意思。《白日提灯》探班现场，记者提起七年前两人的初次合作。迪丽热巴笑着说，那时候觉得陈飞宇像北方的暖气片，礼貌但疏离。现在再合作，直接升级成了太阳能，持续散发热量，是活跃片场的氛围担当。陈飞宇也接话，说以前觉得热巴内向高冷，合作后才发现，她幽默又乐观，是片场的开心果。聊到2017年合拍的杂志旧照，俩人更是默契同步。热巴笑着摆手，说“不要唤醒那些记忆”，陈飞宇赶紧跟着附和，“求,https://m.weibo.cn/detail/5282611169599614
红毯神图与高定封神造型,post,23,粉丝点评/记忆表达明确,星海小狗,当年这场红毯我真觉得全场最惊艳的就是她俩… ·迪丽热巴·迪丽热巴美神降临·赵丽颖·赵丽颖的每一步都是踏实走出来的·迪丽热巴赵丽颖 L星海小狗的微博视频 ​,https://m.weibo.cn/detail/5283968356454090
李长歌与《长歌行》角色记忆,post,23,粉丝点评/记忆表达明确,黑糖珍珠奶熊走冰走甜,呜呜呜呜呜p1真的第一戳我哭戏的感染力和原声台词真的瞬间鸡皮疙瘩今天的物料质量和水平太超乎预期了！好幸福！正好Easter vacation了！（虽然我还有好多ddl！今天的22:30来的格外的慢！还看不了山东卫视！想早点看到她那么爱的李长歌！！！#迪丽热巴李长歌# 只要你追剧 我们就是好鸽们！#迪丽热巴长歌行#,https://m.weibo.cn/detail/4620932683662495
白日提灯贺思慕/女鬼鬼王记忆,post,22,粉丝点评/记忆表达明确,Dear迪丽热巴守护星,迪丽热巴 超话每日总结： 🍒今日超话违规案例： 🈲提及他人 如图 🍒今日超话规则科普: ‼️互动/养号/水贴请统一在水贴专区【迪迪冲呀】发布。 #迪丽热巴白日提灯# dlrb#迪丽热巴贺思慕#,https://m.weibo.cn/detail/5293889168867827
红毯神图与高定封神造型,post,22,粉丝点评/记忆表达明确,奶芙泡泡AA,#迪丽热巴和素人合影# 迪丽热巴素人同框生图太能打，温柔气质直接出圈 路人镜头下的迪丽热巴和素人合影，完全没有明星距离感，颜值和人品双双在线太圈粉了。 都说路人镜头是颜值真实考验，热巴每一次和普通人同框都格外亮眼。不用精修滤镜，原生五官立体感拉满，气质大方又灵动，站在人群里一眼就 ...全文,https://m.weibo.cn/detail/5293746314805936
白日提灯贺思慕/女鬼鬼王记忆,post,22,粉丝点评/记忆表达明确,Dear迪丽热巴黑骑士,4.30【守护贺思慕】打咔博 【评论打咔后记得截自己的评论打咔图去👗内公/告填表哦❗❗❗】 ps.剧播期间打咔全勤的有机会获得骑士准备的精美礼包一份哦～还没进👗的快来呀守护贺思慕 #迪丽热巴贺思慕#dlrb#迪丽热巴白日提灯#dlrb#迪丽热巴#,https://m.weibo.cn/detail/5293498989281773
爱丽丝与热巴的双向奔赴,post,22,粉丝点评/记忆表达明确,稀饭油条不熬夜了,宝贝，感谢你带来这么好的角色贺思慕，她让人重新了解这个世界的美好，让人想要体验这些其实我们每个人都有的五感，贺思慕由❤️而生，迪丽热巴也是，因为被爱所以知道如何爱人，爱丽丝永远陪伴在你身边，一声热爱，一生热爱🫶！ 思慕啊～ 刚认识你的时候，我总在想，你是不是活在一片黑白无声的虚空里，五感是你与世界之间那层透明的屏障。你像被“秩序”束缚在万物之外，在虚无中长生。可偏偏，你不甘接受命运，成为了黑白世界里凭空绽放的一抹颜色，像一朵白山茶，清冽,https://m.weibo.cn/detail/5291005780956497
爱丽丝与热巴的双向奔赴,post,22,粉丝点评/记忆表达明确,舒月初晴兮,真的一直被迪丽热巴好好对待着 之前巴黎行程没能到场，一直记在心里，还特意给奔赴过去的粉丝准备了售后礼盒。 双向奔赴从来都不是说说而已，太暖心了。 #迪丽热巴给粉丝的巴黎售后#迪丽热巴#一分钟视频创作季##微博超有用视频大赛# 舒月初晴兮的微博视频,https://m.weibo.cn/detail/5287022694238035
爱丽丝与热巴的双向奔赴,post,22,粉丝点评/记忆表达明确,一口yan汽水_,#迪丽热巴补偿去巴黎的粉丝#迪丽热巴因中东冲突导致航班停飞而遗憾缺席2026年3月巴黎时装周，为弥补远赴现场却未能见面的粉丝，她于4月通过官方渠道收集地址，亲自寄送亲笔签名照与富士胶片相机作为心意补偿；这份“用镜头代替我看风景”的礼物不仅化解了粉丝的失落，更以“双向奔赴”的真诚举动赢得广 ...全文,https://m.weibo.cn/detail/5286946815345416
演员成长与角色群像评价,post,22,粉丝点评/记忆表达明确,反季感,当年就是从这个角色开始入的坑，简直是内地版千颂伊 L反季感的微博视频 ​,https://m.weibo.cn/detail/5290645888435467
白日提灯贺思慕/女鬼鬼王记忆,post,22,粉丝点评/记忆表达明确,宇宙无敌小橙C,谁懂啊！刷到热搜直接被迪丽热巴美到失语😭#迪丽热巴 古偶# 这个话题真的没吹爆！这么绝的颜值不演古偶难道真要让路人眼缘吗？ 而且这部剧的服化道和质感也太在线了，没有过度磨皮的塑料感，每一帧都透着电影级的东方美学，黑白转彩色的五感觉醒名场面，真的美到可以直接截当壁纸！ 别再说古偶没颜值没演技了，迪丽热巴的贺思慕就是最好的答案！没追剧的姐妹赶紧冲，绝对让你入坑不亏～#迪丽热巴白日提灯 ##内娱需要这样养眼的古装扮相#迪丽热巴超话,https://m.weibo.cn/detail/5283362843400734
白日提灯贺思慕/女鬼鬼王记忆,post,22,粉丝点评/记忆表达明确,阿娜酱汁,#魏哲鸣站姐拍的迪丽热巴好绝#魏哲鸣站姐镜头下的迪丽热巴，真的把“好绝”两个字具象化了！那张红衣白发的鬼王造型，直接封神。这哪是拍明星啊，分明是把剧里的“贺思慕”本尊抓到现实了。这站姐也太会拍了吧！红衣像火一样，白发像雪一样，热巴那个眼神，又冷又飒，直接把鬼王的气场拉满了。光影一打，氛围感直接爆棚，内娱女鬼天花板这个称号，热巴坐实了！果然啊，能当站姐的，手里都有点绝活。这组图一出，我总算明白《白日提灯》为啥这么让人上头了。热巴这个鬼王造,https://m.weibo.cn/detail/5282828196778869
跑男时期综艺名场面,post,22,粉丝点评/记忆表达明确,我是胡可怕,当年磕得有多上头，现在就有多后知后觉，迪丽热巴12天拍出来的素材，硬生生剪了12期播了三个月，现在回头看真的又好笑又感慨，我的青春好像被节目组狠狠拿捏了。#迪丽热巴跑男只录了12天# ​,https://m.weibo.cn/detail/5292004423505435
嘻嘻迪/表情包/可爱梗,post,22,粉丝点评/记忆表达明确,Abundantly_,萌萌的表情包，我将用上 ​,https://m.weibo.cn/detail/5280421010998576
白日提灯贺思慕/女鬼鬼王记忆,post,22,粉丝点评/记忆表达明确,Dear-九月天,#白日提灯台词太爽了#一人一句白日提灯名台词：“在下不才，万灵之主贺思慕！”这里入坑的“打不过我，杀不了我，又爱上了我” ​,https://m.weibo.cn/detail/5286969426840728
白日提灯贺思慕/女鬼鬼王记忆,post,22,粉丝点评/记忆表达明确,半只小辰,白日提灯剧版超话 药罐子挑衅醋坛子遇到对手了，因为晏柯不走这一挂段胥：凡人，会撒娇，思慕还很亲近，不好！风夷：我小时候老祖宗抱过我，我赢了白日提灯｜ L半只小辰的微博视频 ​,https://m.weibo.cn/detail/5292994951384842
白日提灯贺思慕/女鬼鬼王记忆,post,22,粉丝点评/记忆表达明确,迪迪卫小管家,迪丽热巴超话 娇韵诗发了热巴绝美视频，快来给热度娇韵诗微博正文【三千】管家微博正文【转发】#迪丽热巴贺思慕# dlrb#迪丽热巴白日提灯# dlrb#迪丽热巴卫蓝# ​,https://m.weibo.cn/detail/5294565252140859
红毯神图与高定封神造型,post,22,粉丝点评/记忆表达明确,暖剧系,迪丽热巴的颜现在连素人都打不过了，这还是工作室的返图……有些企业千金或者说富二代，松弛舒展，高挑又健康，比现在的流量花美，气质很大方。迪丽热巴这几年的状态真的不太行，年纪感一下子突然就上来了，春晚脸肿还出圈了，粉丝一直骂造型师化妆师，再这样下去内娱留给她粉丝骂的化妆师不多了…… L暖剧系的微博视频,https://m.weibo.cn/detail/5294420429899814
红毯神图与高定封神造型,post,22,粉丝点评/记忆表达明确,萌宝高光时刻,#迪丽热巴造型师是闵塔鲨#迪丽热巴的现任造型师确为闵塔鲨，这一合作关系已在2026年4月13日品牌直播活动中获工作室官方确认，但近期因直播造型争议与团队重组背景，闵塔鲨的审美稳定性及合作动向成为舆论焦点。 闵塔鲨自2024年起负责迪丽热巴绝大多数红毯、活动及直播造型，其身份在2026年4月13日Fakeme品牌直播宣传中被工作室明确标注。闵塔鲨曾为迪丽热巴打造复古烟斗礼服（2025年8月）等出圈造型，但多次被批“依赖艺人颜值硬撑”，如2,https://m.weibo.cn/detail/5287559244811745
演员成长与角色群像评价,post,22,粉丝点评/记忆表达明确,瓜田不打烊,热巴演技进化史，感觉哭戏进步不少 ​,https://m.weibo.cn/detail/5283595712988901
任安乐/帝梓元角色记忆,post,22,粉丝点评/记忆表达明确,心念迪崽崽,#夏日青春派对#dlrb#超话星愿池# 正所谓，墙里开花墙外香，热巴小姐姐美名传四方，温柔典雅美丽大方，长得好看都不用化妆。@Dear-迪丽热巴 迪丽热巴安乐传|任安乐|帝梓元|迪丽热巴公诉|安旎 #迪丽热巴公诉# L热爱热巴點點仔的微博视频 ​,https://m.weibo.cn/detail/4918464081564027
演员成长与角色群像评价,post,22,粉丝点评/记忆表达明确,韭菜馅的云吞,#仙侠剧女主终于支棱起来了# dlrb#迪丽热巴被四种文学整害羞了# “我希望角色都有着更加丰盈的个性。虽然我自己并没有太多个性，但我倒希望有一天，大家会说，迪丽热巴其实是很有个性的演员。我不太想让自己成为一个圆圆球，那不适合做好一个演员。我希望自己是个三角形，或是长方形，或是正方形，我希望它是有形状的”——@Dear-迪丽热巴,https://m.weibo.cn/detail/4753129256521702
任安乐/帝梓元角色记忆,post,22,粉丝点评/记忆表达明确,慕倾归与惜北,迪丽热巴超话#迪丽热巴纪云禾年度最热奇幻剧角色# dlrb#迪丽热巴说吃饱喝足去浅运动一下# 对迪丽热巴是用心的喜欢和极致的偏爱.我种的玫瑰花会开花.我爱的迪丽热巴也会风生水起@Dear-迪丽热巴 迪丽热巴公诉精英|迪丽热巴安旎|迪丽热巴安乐传|迪丽热巴任安乐|迪丽热巴帝梓元@Dear-迪丽热巴 #迪丽热巴公诉精英#dlrb#迪丽热巴安旎#,https://m.weibo.cn/detail/4852856929132180
李长歌与《长歌行》角色记忆,post,22,粉丝点评/记忆表达明确,热爱越来越好,#迪丽热巴长歌行# 听了萨顶顶老师的如若归来，我好像明白了为什么热巴会说她跟自己和解了。在那段疫情期间，我们每个人都是一样的，在生离死别中明白了人生的真谛。正如李长歌的经历，我们每个人都会认识到自己的渺小，也都会认识到自己的重要。没有什么会比家人和自己更重要。@Dear-迪丽热巴 你 会破 茧 成蝶，向着 光的方向 前进 如若归来 仍是少年期待今晚十点 山东卫视 腾讯视频#电视剧长歌行#,https://m.weibo.cn/detail/4620918050001265
纪云禾与鲛人系角色记忆,post,22,粉丝点评/记忆表达明确,隔壁粉丝都酸疯了,#迪丽热巴纪云禾#dlrb#迪丽热巴与君初相识# @优酷 @驭鲛记之与君初相识 每日一催，我想看纪云禾@Dear-迪丽热巴 ​,https://m.weibo.cn/detail/4687258906788030
李长歌与《长歌行》角色记忆,post,22,粉丝点评/记忆表达明确,南宫霂染,电视剧长歌行超话#电视剧长歌行# #迪丽热巴长歌行# 姐妹们，大鸽大终于知道自己有个微博了，他营业了，太感人了快点关注他关注他大鸽大勇敢飞 咕奶奶永相随🕊️ 🕊️ 🕊️关山万里路 拔剑起长歌🕊️ 🕊️ 🕊️（我…这两个口号我不知道用哪一个好了）,https://m.weibo.cn/detail/4488644288803579
红毯神图与高定封神造型,post,21,粉丝点评/记忆表达明确,Melancholiaii,#迪丽热巴和素人合影# 颜值与氛围感出圈 迪丽热巴身披蓝色露背长裙，撑透明伞亮相南京迪奥活动。雨幕中冷色调衬托出清冷氛围，怼脸生图展现精致骨相，裹毯回眸的镜头因“脆弱美感”登上热搜。部分网友认为卷发造型显老，但多数观点认可其“生图即神图”的扛镜头能力，称侧颜轮廓“美如建模”。 素人合 ...全文,https://m.weibo.cn/detail/5293737643086312
爱丽丝与热巴的双向奔赴,post,21,粉丝点评/记忆表达明确,心向迪baba,迪丽热巴 #迪丽热巴黄金色高定##迪丽热巴 热巴跟爱丽丝们一直都是双向奔赴真的好浪漫啊现场唱生日歌 热巴：真是的这些女人搞的这么伤感干嘛害得我掉眼泪了@Dear-迪丽热巴 CD心向迪的微博视频,https://m.weibo.cn/detail/5037935671643976
爱丽丝与热巴的双向奔赴,post,21,粉丝点评/记忆表达明确,清零公式,#迪丽热巴补偿去巴黎的粉丝#之前上热搜的事没想到还要后续，热巴之前因为突发国际事件缺席2026年3月巴黎时装周，后面主动为远赴现场却扑空的粉丝寄送亲笔签名照和胶片相机礼盒，姐姐太暖心了，粉丝和明星之间的双向奔赴好暖,https://m.weibo.cn/detail/5286970994986865
爱丽丝与热巴的双向奔赴,post,21,粉丝点评/记忆表达明确,敏昀昀,#迪丽热巴给粉丝寄签名照和相机# 这是什么神仙双向奔赴😭 是会把粉丝的爱放在心上，用满满诚意回应的迪迪子啊！这波宠粉直接封神，谁能不狠狠爱住！,https://m.weibo.cn/detail/5286948419935469
新疆舞与舞台表现名场面,post,21,粉丝点评/记忆表达明确,独孤九鎗,反差萌拉满！刘宇宁丁程鑫综艺互动，解锁默契新范式 在当下的综艺合作中，刘宇宁与丁程鑫的同框互动凭借独特的反差感与趣味性，成功出圈收获大批观众喜爱。两人从舞台舞蹈到游戏竞技，再到推理探险，展现出专业互补、趣味十足又暖心陪伴的多层次互动，既有高光满满的有效默契，也有令人捧腹的无效瞬间 ...全文,https://m.weibo.cn/detail/5281580698304971
红毯神图与高定封神造型,post,21,粉丝点评/记忆表达明确,是幸运的小虾米呀,明日开播！热巴饰贺思慕，红衣白发造型封神，回应最爱造型超宠粉，高情商发言圈粉无数，坐等共赴归墟！#迪丽热巴回应白日提灯最喜欢的造型##白日提灯明天播出##迪丽热巴共赴归墟##迪丽热巴白日提灯的追剧日历#,https://m.weibo.cn/detail/5281161418903099
枭起青壤/聂九罗表演突破,post,21,粉丝点评/记忆表达明确,不吃带鱼行不行,冷库这一段是真的带感啊枭起入坑片段，冷酷的炎总拽我一脸，即使冻到颤抖，依旧自信张扬，炎拓全肯定！迪丽热巴｜陈星旭｜枭起青壤 L不吃带鱼行不行的微博视频 ​,https://m.weibo.cn/detail/5289707034641498
嘻嘻迪/表情包/可爱梗,post,21,粉丝点评/记忆表达明确,L小安L,#迪丽热巴沉浸式追更#《白日提灯》完全是本人追剧实录蹲更新、刷花絮、反复品名场面，自己磕自己的剧，可爱又接地气。跟着热巴一起沉浸式入坑，根本停不下来 ​,https://m.weibo.cn/detail/5282080852546163
跑男时期综艺名场面,post,21,粉丝点评/记忆表达明确,圈外轿夫,#迪丽热巴跑男只录了12天#居然才录了 12 天吗😲当年迪丽热巴在跑男留下的美好回忆 ​,https://m.weibo.cn/detail/5292005722685835
跑男时期综艺名场面,post,21,粉丝点评/记忆表达明确,耀采夏月,#迪丽热巴跑男只录了12天#短短十二天的集中拍摄，能够留下贯穿整季、时隔多年依旧被人铭记的经典名场面，足以证明迪丽热巴拥有极强的镜头感染力与天生的综艺感。 在节目录制过程中，她没有偶像包袱，待人真诚随和，参与游戏认真拼命，哪怕内心害怕水上项目，也愿意勇敢完成挑战。灵动可爱的性格、自然松弛的状态、反差十足的个人气质，让她快速融入集体，一举一动都鲜活有记忆点。也正是这份真诚大方、元气纯粹的表现，让观众深深记住了温柔又直率的“胖迪”，成为很多,https://m.weibo.cn/detail/5292000258558623
嘻嘻迪/表情包/可爱梗,post,21,粉丝点评/记忆表达明确,遇渝栖于栩,𝐒𝐡𝐚𝐫𝐞｜古早漫画风壁纸.ᐟ.ᐟ‪ᯅ̈ ｜ ins风壁纸 ｜女生头像丨电视剧电视📺哈哈哈哈哈邓超搞笑名场面𝗪𝗲𝗖𝗵𝗮𝘁 𝙒𝙚𝘾𝙝𝙖𝙩｜小猫头像头像分享| 卡通头像| 可爱头像 | 审美积累｜可爱｜萌宠｜ipad壁纸｜手机壁纸｜ins｜高清｜无水印｜好运｜搞怪｜毛茸茸｜奇奇怪怪｜头像推荐｜清新｜淡淡的｜高能量｜韩系｜高级感｜双人头像｜ipad壁纸张子枫｜周也｜鞠婧祎｜张婧仪｜欧阳娜娜｜文淇｜陈都灵｜杨幂｜赵今麦｜卢昱晓｜白鹿｜刘亦菲｜A,https://m.weibo.cn/detail/5293199221329470
演员成长与角色群像评价,post,21,粉丝点评/记忆表达明确,Dear_迪阮昕,迪丽热巴超话#超星动告白信箱#亲爱的热巴 这是我喜欢你的2162天。我是千千万万喜欢你的粉丝的一员。最开始是因为看《奔跑吧兄弟》第一次认识了你、迷上你。那时候的你可爱、真实，善良又暖心。我就拿上我妈妈的手机搜索关于你的。从那以后，看你演的每一部剧、每一个角色，灵动又鲜活。喜欢你低调踏实、认真敬业，一直默默打磨演技，踏踏实实走好自己的每一步路。你温柔善良、三观超正，待人有礼貌，对待粉丝真诚，身上的阳光和治愈感，陪我走过了很多难熬的日子。,https://m.weibo.cn/detail/5294541945178690
《我很好，能做任何事》韧性发言,post,21,粉丝点评/记忆表达明确,我爱自由写作因为这真的很酷,陪我走过低谷，也照亮我创作路的三位女性 ——妇女节，致每一位平凡又闪耀的她在我人生很长一段时光里，有三位女艺人的力量一直陪伴着我、支撑着我。直到我真正踏上创作这条路，她们的光，依然像灯塔一样照亮我前行的方向——她们分别是杨超越、鞠婧祎，还有刘晓庆奶奶。最先打动我的是杨超越，我欣赏她骨子里的韧性与通透。《创造101》时期，她顶着全网的质疑与嘲讽，却能平静地说出“没关系，我能挺住”和“希望你们也相信我”。她从不掩饰自己实力的不足，却用最笨拙,https://m.weibo.cn/detail/5274111305059956
演员成长与角色群像评价,post,21,粉丝点评/记忆表达明确,奶酪毛绒绒,#曝迪丽热巴换了张小斐前经纪人#迪丽热巴真的靠一部部作品狠狠逆袭了✨颜值一直在线，演技一路飙升，这才是内娱真正的实力派大美女～ L奶酪毛绒绒的微博视频 ​,https://m.weibo.cn/detail/5278098224579428
演员成长与角色群像评价,post,21,粉丝点评/记忆表达明确,Ellis_迪乐园,#迪丽热巴公诉豆瓣开分6.6#公诉是我看过最棒的电视剧之一。不仅给我们带来正面的影响力和普法教育更让大家对检察官有更深的理解和感受。这一切都皆因@Dear-迪丽热巴 ，她完美地诠释了安旎检察官这角色。迪丽热巴演绎安旎时真的做好了许多功课和准备功夫。热巴在剧中台词有许多法律条规，她不仅咬字清晰，轻重音分明。 在她说法律法规的时候有很明显的体现，而且语调肃穆威严，非常贴合检察官角色，台词特有代入感。#迪丽热巴公诉#迪丽热巴公诉#迪丽热巴安旎,https://m.weibo.cn/detail/4918459177111914
演员成长与角色群像评价,post,21,粉丝点评/记忆表达明确,听甄也听Jay,【#迪丽热巴一千零一夜# 梦中化身最美白玉堂】凌凌七（化身版白玉堂）：“反正我们也不是什么好的角色，干点猥琐的事，才符合我们的人设”@Dear-迪丽热巴 凌凌七原来是这样的，热巴白衣翩翩欲仙了，这么美难道不怕被展昭爱上么？迪丽热巴超话 演技炸裂，太优秀了，被你的台词功力震慑了，小伙伴们赶紧起床复习功课了！ L甜Jaylin的秒拍视频,https://m.weibo.cn/detail/4256521686180277
爱丽丝与热巴的双向奔赴,comment,21,粉丝点评/记忆表达明确,毕冉也不在,属于是和粉丝的双向奔赴。,https://m.weibo.cn/detail/5278306905883732
枭起青壤/聂九罗表演突破,post,20,粉丝点评/记忆表达明确,绪凌dix,迪丽热巴#迪丽热巴# dlrb #迪丽热巴枭起青壤# dlrb #迪丽热巴聂九罗# 浅浅的来看看我们几年前的如歌、凤九、七七、丽姬麻麻的打戏混剪 枭起青壤官微的微博视频,https://m.weibo.cn/detail/5293734892931469
嘻嘻迪/表情包/可爱梗,post,20,粉丝点评/记忆表达明确,山野寻雾-Aura,#迪丽热巴闯祸进行曲# 这个热搜其实是轻松趣味玩梗，并非负面风波。直播里迪丽热巴俏皮追问平台固屏消失，软萌神态自带反差萌，被网友戏称奏响“闯祸进行曲”。剧中她是高冷鬼王，私下却灵动可爱，这种人设反差戳中观众笑点，快速发酵出圈。这波互动自然又接地气，巧妙带动新剧热度，是很讨喜的营业方 ...全文,https://m.weibo.cn/detail/5283182888879239
白日提灯贺思慕/女鬼鬼王记忆,post,20,粉丝点评/记忆表达明确,Dear迪丽热巴黑骑士,迪丽热巴 5.1【守护贺思慕】打咔博 【评论打咔后记得截自己的评论打咔图去👗内公/告填表哦❗❗❗】 ps.剧播期间打咔全勤的有机会获得骑士准备的精美礼包一份哦～还没进👗的快来呀守护贺思慕 #迪丽热巴贺思慕#dlrb#迪丽热巴白日提灯#dlrb#迪丽热巴#,https://m.weibo.cn/detail/5293870789430050
爱丽丝与热巴的双向奔赴,post,20,粉丝点评/记忆表达明确,独孤九鎗,寒冬暖食映真心 迪丽热巴逆应援重构内娱宠粉新范式 1. 暖心配置直击需求 细节处见真章 长沙的严寒冬日里，迪丽热巴为等候录制的粉丝送上的逆应援物资，成为内娱最温暖的风景线。这份充满诚意的礼包，以实用性为核心，精准捕捉粉丝现场需求：整只鸡熬制的参鸡汤暖意十足，搭配多口味面包与顶配热奶茶 ...全文,https://m.weibo.cn/detail/5264440844881490
嘻嘻迪/表情包/可爱梗,post,20,粉丝点评/记忆表达明确,Absinthea,哦莫莫莫可爱鼠啦卫蓝兔宝宝梦回花少的萌萌小热巴原博→微博正文 ​,https://m.weibo.cn/detail/5290146292564289
爱丽丝与热巴的双向奔赴,post,20,粉丝点评/记忆表达明确,小怡夏日恋啵记,#迪丽热巴再被叫胖迪很惊讶#一声“胖迪”跨越十年，在迪奥活动现场轻轻落进迪丽热巴耳中。她惊讶回眸，旋即笑意温柔——那是老粉才懂的暗号，承载着出道初期圆润脸颊与青涩时光。从“胖迪”到“巴姐”，昵称变迁见证少女蜕变为女王，而这一瞬的惊喜与怀念，恰是偶像与粉丝之间最温暖的双向奔赴：有些爱称从未消失，它只是静静躺在岁月里，等一个唤醒的契机。,https://m.weibo.cn/detail/5278962810884288
演员成长与角色群像评价,post,20,粉丝点评/记忆表达明确,小姗恋迪,#迪丽热巴我常常会心疼你#迪丽热巴超话小迪，你赋予了贺思慕鲜活的灵魂，让这个角色成为心底难忘的意难平与白月光灯火落幕，故事收官，但这份心动与温暖永远留存。愿剧中人岁岁长安，也愿迪丽热巴往后星途璀璨、一路繁花，永远向阳而生，奔赴更多更好的作品，一路相伴，我永远追随你，永远做你的观众,https://m.weibo.cn/detail/5291015356550866
机场饭拍与日常陪伴片刻,post,20,粉丝点评/记忆表达明确,赤心筑梦师,#迪丽热巴低头这一下#2026年3月，迪丽热巴因航班滞留迪拜引发粉丝担忧，回国后于机场遭遇接机时，数百名粉丝未如往常喧闹，而是整齐温柔地齐声祝福“迪丽热巴，平安喜乐”。她闻声后驻足，转身向人群深深鞠躬，眼中含泪的视频瞬间刷屏网络，成为“低头鞠躬”的暖心名场面。此事展现了公众人物与粉丝间基于真诚与尊重的双向情感互动，其不靠华丽辞藻、仅以一个鞠躬传递的感激与共情，超越了常规的明星-粉丝关系范式，向社会传递了在喧嚣中保持善意与温度的正向价值。,https://m.weibo.cn/detail/5292779015507028
白日提灯贺思慕/女鬼鬼王记忆,post,20,粉丝点评/记忆表达明确,车可木鱼瀞,#陈飞宇说迪丽热巴酸奶疙瘩是烟饼#醋意比酸奶疙瘩还酸，内娱最甜片场互动来了！ 话题直接承包了2026年3月最甜的内娱名场面！迪丽热巴在《白日提灯》片场给搭档陈飞宇分享新疆特产酸奶疙瘩，结果陈飞宇把黄白色的块状零食错认成剧组烟雾道具烟饼，后续的醋意反应更是直接把网友笑疯，话题火速冲上热搜，成为《白日提灯》开播期最出圈的名梗！ 一、事件完整经过：从认错道具到醋意拉满的名场面 1. 名场面核心剧情 2026年3月底，迪丽热巴、陈飞宇在古装剧《,https://m.weibo.cn/detail/5282255530366723
白日提灯贺思慕/女鬼鬼王记忆,post,20,粉丝点评/记忆表达明确,Dear迪丽热巴黑骑士,5.2【守护贺思慕】打咔博【评论打咔后记得截自己的评论打咔图去👗内公/告填表哦❗❗❗】ps.剧播期间打咔全勤的有机会获得骑士准备的精美礼包一份哦～还没进👗的快来呀守护贺思慕#迪丽热巴贺思慕#dlrb#迪丽热巴白日提灯#dlrb#迪丽热巴# ​,https://m.weibo.cn/detail/5294234227969341
嘻嘻迪/表情包/可爱梗,post,20,粉丝点评/记忆表达明确,沉默的布丁_,𝑾𝒆𝑪𝒉𝒂𝒕 女生头像｜女明星头像丨ins风女头分享｜韩系女头｜氛围感𝐖𝐞𝐂𝐡𝐚𝐭头像 | 高清女头 | 可爱头像 | 软萌头像 ｜苹果壁纸｜小清新｜手机壁纸｜手绘｜卡通｜简约｜可爱｜壁纸分享｜多巴胺头像｜王楚然丨章若楠丨刘浩存丨田曦薇丨白鹿｜赵今麦丨孟子义丨鞠婧祎丨卢昱晓 ｜包上恩｜杨超越｜李兰迪｜周也｜李一桐｜陈都灵｜iroha｜虞书欣｜朴秀荣｜迪丽热巴｜宋雨琦｜杨幂｜赵丽颖｜杨肸子｜赵露思善良如一杯清水，透明而纯净，宛如一朵荷花，,https://m.weibo.cn/detail/5294757741592964
嘻嘻迪/表情包/可爱梗,post,20,粉丝点评/记忆表达明确,Max九爷,"#浪姐争议嘉宾称也只签了一期合同#争议嘉宾洪朝阳（账号：哀绿妈妈洪朝阳）公开回应退出《乘风2026》评审名单一事，强调自己""只签了一期合同""且""并非评委""，直接揭开了综艺合约机制的行业现象。该博主表示并未收到任何相关通知与立案信息。对于不再参与后续三公及之后的节目录制一事，该博主表示自己本来就不是评委，且只与节目组签了一期合同。该博主表示并未收到任何相关通知与立案信息。对于不再参与后续三公及之后的节目录制一事，该博主表示自己本来就不是评",https://m.weibo.cn/detail/5294036120503725
演员成长与角色群像评价,post,20,粉丝点评/记忆表达明确,紫鹊界罗阿哥带你看世界,#星光大赏内场#85花集体缺席星光大赏，95花强势来袭，85花或将被替代？ #85花 #95花 #星光大赏阵容缩水，最大的讨论度是八五花集体缺席，不但淘的尖叫之夜越来越磕碜了，鹅的星光大赏也是一年比一年拉胯，尖叫之夜好歹还有一个八五花顶流杨幂见场子进攻大赏，那才是真的毫无星光。代表了热度和话题的八五花全员吹席，九五花的两大顶流迪丽热巴和杨紫也不见身影。然而女明星这边好歹还有逆风翻盘，带着年贯作品强势回归的赵露思，以及锦余小作坊公司后，来,https://m.weibo.cn/detail/5246469361632679
任安乐/帝梓元角色记忆,post,20,粉丝点评/记忆表达明确,悸迪甜,"迪丽热巴超话#迪丽热巴花儿与少年# dlrb#迪丽热巴安乐传# 梦回2018年那场金雨,明明是开心的一天,可就是那一天换回了无数的谩骂 ​",https://m.weibo.cn/detail/4962299931005835
白日提灯贺思慕/女鬼鬼王记忆,comment,20,粉丝点评/记忆表达明确,小巴晚安日记,热度破22000啦 都来@腾讯视频 看我们奇迹巴巴贺思慕@Dear-迪丽热巴 #白日提灯# #迪丽热巴贺思慕# #迪丽热巴# 迪丽热巴,https://m.weibo.cn/detail/5281417309194844
红毯神图与高定封神造型,post,19,粉丝点评/记忆表达明确,幸运天使918,#33岁迪丽热巴状态#迪丽热巴早知道这么多年你们攻击她的手段。迪丽热巴有的不只是美貌，她的天赋努力多才多艺，聪明又通透。别说迪丽热巴没给你们机会，就说时尚领域吧，迪丽热巴600多天没有有红毯，你们到是出圈取代她呀！她是目光所以，她不在你们只做了一件事内娱红毯还得看迪丽热巴，让大家更想念 ...全文,https://m.weibo.cn/detail/5292906165305491
红毯神图与高定封神造型,post,19,粉丝点评/记忆表达明确,巴分甜加冰,迪丽热巴💖#迪丽热巴迪奥南京活动人气#💝#33岁迪丽热巴状态# 别人是天生好看，热巴却是老天爷精心雕琢的顶配范本，颜值气质双双封神，温柔又有实力，一眼沦陷越看越惊艳。 @Dear-迪丽热巴,https://m.weibo.cn/detail/5292838000526494
白日提灯贺思慕/女鬼鬼王记忆,post,19,粉丝点评/记忆表达明确,玉兰落满空庭晚,#思胥万千终于重逢#《白日提灯》这段军营重逢直接戳爆泪点😭 摆脱控制的贺思慕终于奔向军营，段胥一眼就认出是他念了千万遍的爱人，疯了一样冲上去紧紧抱住，声音都在抖：“你真的来了吗？我唤了你好多次你都没来。” 思慕立刻软声安慰：“我现在来了~” 双向奔赴的宿命感拉满！跨越人灵、冲破束缚， ...全文,https://m.weibo.cn/detail/5288249345968571
白日提灯贺思慕/女鬼鬼王记忆,post,19,粉丝点评/记忆表达明确,92arb,#迪丽热巴慕胥辞# dlrb#迪丽热巴贺思慕# 世界需要讲讲道理，而我最偏心你～@Dear-迪丽热巴,https://m.weibo.cn/detail/5054761584298568
行走的油画/神女美貌出圈,post,19,粉丝点评/记忆表达明确,棃黛玉,#跑男最出圈的女嘉宾#来欣赏初代女MC杨颖Angelababy爆火出圈的美貌名场面，还有迪丽热巴李沁高速同频大爆出圈的双人旋转舞步 ​,https://m.weibo.cn/detail/5293833433907570
白日提灯贺思慕/女鬼鬼王记忆,post,19,粉丝点评/记忆表达明确,E下就乐了_,"#难怪迪丽热巴不爱上班#迪丽热巴饰演的鬼王贺思慕，表面是统御灵界的万灵之主，实则被困在名为""归墟""的5A级疯灵院：全员奇葩同事：下属二十四殿主性格极端——晏柯恋权成痴、姜艾贪财甩锅、方昌玩弄感情、颜璋恋爱脑误事，外加虎视眈眈的游灵随时篡位。贺思慕每日疲于镇压叛乱、调解冲突，如同现实职场中的""拆弹专家""。被迫营业的疲惫感：剧中她批阅公文时耷拉眼皮、手指漫不经心敲扶手，满脸写着""赶紧下班""；遇到烂摊子秒溜去人间""休沐""，被网友制成""这班谁爱",https://m.weibo.cn/detail/5284856872829259
生日生贺与小小迪陪伴记忆,post,19,粉丝点评/记忆表达明确,微醺Rose_,迪丽热巴2026生贺｜「这世界有那么多人」每一次的见面交织成一幅唯美的画卷你是我生命中的主角 让我感受到幸福的力量你是我的太阳 无论何时何地 都能让我感到温暖你是我的梦想 是我内心最深处的向往和追求你是一切美好的事物的源泉34岁愿你人生如远航 勇敢面对风浪34岁愿你的生活如诗 不仅有风和日丽 还有星辰大海 每处都是风景 每一刻都值得珍藏34岁愿你一直坚定又执着 对热爱的事物全力以赴又满载而归-亲爱的热巴又长大一岁-爱丽丝们一直在你身后-,https://m.weibo.cn/detail/5294766469156140
嘻嘻迪/表情包/可爱梗,post,19,粉丝点评/记忆表达明确,Tender_宁月湾_,蓝调时刻💙 田栩宁 梓渝中国美食 美食打卡 美食剪辑 豁达乐观 永远保持积极的态度21世纪大军夫人 李知恩（iu） 边佑锡 𝐇𝐢𝐝𝐞｜综艺精选剪辑｜现在就出发搞笑剪辑｜王安宇尝试空口吃葱“我会杀死你，不是用镰刀，而是用岁月.”萌宠头像｜治愈系头像头像安利｜卡通手绘｜软萌头像｜审美封神｜可爱爆棚｜毛茸茸萌物｜平板全屏壁纸｜手机超清壁纸｜微博热榜｜无水印原图｜转运好运｜搞怪趣味｜小众独特｜清新温柔｜氛围感拉满｜韩系极简｜高级质感｜闺蜜双人头,https://m.weibo.cn/detail/5292802816606721
红毯神图与高定封神造型,post,19,粉丝点评/记忆表达明确,追星女孩王猫猫,#王楚然 全女团队#王楚然演技好不好我不评价，但是我敢肯定一件事，就是王楚然这个人，她的运气确实很好。先不说她最近的《成何体统》大爆，妖妃这个角色，让她的美貌成为焦点。​就说她这一次的巴黎红毯，直接空降迪奥品牌大使，我捋了一下时间线，发现王楚然，真的好运降临。​这一次迪奥的中囯代表团，有迪丽热巴、李昀锐、王楚然三位。​迪丽热巴不用说，美艳女顶流，红毯造型每次都很出圈，基本就是焦点，王楚然在她身边，估计会有压力。​但是由于不可抗力因素，热,https://m.weibo.cn/detail/5279699815104733
白日提灯贺思慕/女鬼鬼王记忆,post,19,粉丝点评/记忆表达明确,车可木鱼瀞,#迪丽热巴陈飞宇求不要考古合照#七年默契升级！“捂热”式营业太好磕了！ 这波热搜真的甜到心坎里！话题引爆全网，两人在《白日提灯》探班采访中的幽默互动，不仅化解了七年旧照的“尴尬感”，更用“暖气片变太阳能”的绝妙比喻，实力诠释什么是“真正的搭档感”！ 核心互动：七年之约，从疏离到能量满格 1. 神仙比喻：暖气片 ➡️ 太阳能 迪丽热巴用极具画面感的比喻解读了两人关系的蜕变：初遇时：陈飞宇像北方暖气片——礼貌疏离，隔着一层距离感。合作后：陈,https://m.weibo.cn/detail/5282616321513487
迪拜报平安/守护型记忆,comment,19,粉丝点评/记忆表达明确,核桃花生奶-,所有的一切都比不上迪丽热巴本人的安全🙏今天是元宵节我只希望宝宝平安,https://m.weibo.cn/detail/5272395050912212
爱丽丝与热巴的双向奔赴,post,18,粉丝点评/记忆表达明确,祝大家天天开心健康快乐,迪丽热巴 白日提灯就该爆！！！好看好看，赚足我的眼泪，一直从36集哭到大结局😭通过这部剧，再次为巴巴的演技动容，感觉和与君一样，赚足我的眼泪。从15年的高雯喜欢巴巴，那个时候喜欢叫她胖迪，一直粉到现在，真为自己是爱丽丝而感到骄傲，巴巴永远都在进步都在给爱丽丝们足足的底气，希 ...全文,https://m.weibo.cn/detail/5288724423771032
迪拜报平安/守护型记忆,post,18,粉丝点评/记忆表达明确,姜莯祎,就连担忧你的人身安全也会存在滞后期#待的爱丽丝们说这次的突发情况让我迪丽热巴滞留迪拜……#春节二创视频大赛##一分钟视频创作季# 姜莯祎的微博视频,https://m.weibo.cn/detail/5272481459871176
白日提灯贺思慕/女鬼鬼王记忆,post,18,粉丝点评/记忆表达明确,星冰乐kiki,#迪丽热巴贺思慕蝉联角色热度冠军# 白日提灯，贺思慕角色热度破2亿，那还说什么，迪丽热巴的粉丝数量强到可怕……白日提灯真的杀疯了！东方奇幻美学天花板，特效绝美人设带感，越看越上头。#热巴贺思慕腾讯首个破2亿女性角色##迪丽热巴白日提灯热度登顶##迪丽热巴白日提灯打戏# 星冰乐kiki的微博视频,https://m.weibo.cn/detail/5285074134107745
爱丽丝与热巴的双向奔赴,post,18,粉丝点评/记忆表达明确,财欢欢呀,#粉丝喊迪丽热巴平安喜乐# 迪丽热巴和粉丝这次双向奔赴的互动也太好哭了吧！接机现场所有人齐声喊着“迪丽热巴平安喜乐”，她停下脚步认真聆听还深深鞠躬回应，隔着屏幕都能感受到满满的真诚和温暖，真的瞬间被戳中心底最软的地方！ 今年3月初迪丽热巴因为中东冲突滞留在迪拜，超过72小时都让人提心 ...全文,https://m.weibo.cn/detail/5278447410614474
红毯神图与高定封神造型,post,18,粉丝点评/记忆表达明确,海岸声,#迪丽热巴迪奥活动伟大的凝聚力#当迪奥的璀璨星光遇上东方佳人的极致魅力，迪丽热巴亮相迪奥活动的瞬间，便定格成时尚界的经典名场面，更让所有人见证了独属于她的伟大的凝聚力✨ 作为迪奥全球品牌大使，迪丽热巴自带优雅气场，一袭高定造型惊艳全场，将法式精致与东方神韵完美融合。每一个抬眸、每一 ...全文,https://m.weibo.cn/detail/5292765962567723
跑男时期综艺名场面,post,18,粉丝点评/记忆表达明确,吴大趴,#迪丽热巴跑男只录了12天#你说，顶着这么一张顶级甜热热的脸，玩游戏时候被叫迪丽热血！！真诚漂亮善良的女孩，你会不爱上吗？你能忍住不入坑吗？ ​,https://m.weibo.cn/detail/5292003187229719
跑男时期综艺名场面,post,18,粉丝点评/记忆表达明确,皮肤科周星医生,💫真的被惊到！迪丽热巴当年录制跑男居然只待了12天🥹短短十二天的短暂亮相，却留下无数经典名场面🌸温柔又灵动的跑男迪自带氛围感，温柔可爱又不做作，不靠时长堆砌，仅凭个人魅力牢牢圈粉，成为很多人心里的白月光。优质的氛围感和独特个人气质，从来都不是靠镜头时长换来的，短暂登场也能惊艳全场，永远会为真诚又有魅力的艺人心动。#迪丽热巴跑男回忆杀 #奔跑吧经典瞬间 #迪丽热巴 L皮肤科周星医生的微博视频,https://m.weibo.cn/detail/5292053070086816
李长歌与《长歌行》角色记忆,post,18,粉丝点评/记忆表达明确,橘猫樱巷,#迪丽热巴花魁造型#不仅是这套，还有浅紫色这套，简直梦回李长歌了 看的时候疯狂截图 ​,https://m.weibo.cn/detail/5285522194044672
跑男时期综艺名场面,post,18,粉丝点评/记忆表达明确,钴噜球,谁懂当年跑男这段，迪丽热巴和李沁转圈，真的又美又燃。 L钴噜球的微博视频 ​,https://m.weibo.cn/detail/5294566192447725
跑男时期综艺名场面,post,18,粉丝点评/记忆表达明确,深圳吴晚乔,#迪丽热巴跑男只录了12天#原来迪丽热巴当年录制跑男仅仅只有12天！一直以为录制了好几个月，留给大家的印象却格外深刻，镜头里每一帧都让人念念不忘，经典永远自带存在感✨ ​,https://m.weibo.cn/detail/5292022370926830
白凤九与三生三世情怀,post,18,粉丝点评/记忆表达明确,脆脆樱桃,#迪丽热巴 古偶# 作为一直追她古装剧的老粉真心觉得，热巴的古装造型从来没让人失望过，每一次出场都美得直击人心，光是看着就超级养眼，视觉享受拉满。从《三生三世枕上书》里娇俏灵动的凤九，一袭粉裙仙气飘飘、灵气逼人；到《秦时丽人明月心》中英姿大气的公孙丽，气场全开，一颦一笑都格外动人；还有《烈火如歌》里坚韧又清冷的烈如歌，每套服饰造型都像是为她量身定做，几乎没有不惊艳的时刻。《白日提灯》看了前几集直接被热巴狠狠圈住！贺思慕和段胥这对姐狗CP,https://m.weibo.cn/detail/5283409761931713
花少/你好星期六等综艺片刻,post,18,粉丝点评/记忆表达明确,我是渝渝控,#开始推理吧##开始推理吧#《开始推理吧》第四季于3月23日在长沙铜官窑古镇正式启动首轮录制，网传录制周期为3月23日-26日，节目最终常驻阵容为刘宇宁、张凌赫、周柯宇、金靖、丁程鑫，新增王玉雯参与首期录制，此前官宣的白宇、迪丽热巴确认退出常驻，丁程鑫补位，金靖为本季唯一常驻女嘉宾。节目组曾在发布会上承诺赫丽摸金宇六人组全员回归，如今阵容大幅变动引发老粉强烈不满，#开推4原班人马#话题持续发酵，不少观众表示“无原班不追”。本季节目升级实,https://m.weibo.cn/detail/5279700332840478
新疆舞与舞台表现名场面,post,18,粉丝点评/记忆表达明确,琪乐说育儿,#迪丽热巴马年央视春晚#谁还没被热巴要上春晚唱四川好地方给甜晕？讲真，我从她第一次上总台晚会就开始追，这么多年颜值稳就算了，每次还能玩出新花样。别人上春晚是完成任务，她上春晚是直接把地域风情焊在身上，一开口就让人想立刻订机票冲四川！ 作为一个追了她好多年的老粉，我太懂这种心情了。明明可以只靠脸圈粉，她偏要练台词、练唱歌、练舞台，每一次亮相都在悄悄升级。就像这次，不光是美，还带着满满的烟火气和亲和力，把四川的安逸舒服都唱进人心里。 我之前,https://m.weibo.cn/detail/5266670308295407
白凤九与三生三世情怀,post,18,粉丝点评/记忆表达明确,天选大帝,#迪丽热巴跑男只录了12天##微博智搜内容共创计划# 热议焦点：短期高效出圈个人魅力驱动：尽管时间短，迪丽热巴凭借转圈舞、拼游戏不矫情、怕水仍挑战水上项目等鲜活表现，塑造了“甜热热”“胖迪”等深入人心的形象，成为观众心中的“综艺白月光”。其灵动自然的感染力被广泛认可为“天生观众缘”的体现。热度贡献：该季节目热度创下新高，迪丽热巴个人热度断层领先。相关讨论强调她在加盟前已凭《三生三世十里桃花》白凤九、《克拉恋人》高雯等角色积累超2000万,https://m.weibo.cn/detail/5292009234369756
嘻嘻迪/表情包/可爱梗,post,18,粉丝点评/记忆表达明确,Absinthea,这个18G冲浪迪丽热巴的表情包好玩#白日提灯全员把超话聊成朋友圈# ​,https://m.weibo.cn/detail/5284118684504888
白日提灯贺思慕/女鬼鬼王记忆,post,18,粉丝点评/记忆表达明确,复几许梨花白,#迪丽热巴白日提灯# dlrb #迪丽热巴贺思慕# dlrb #白日提灯# 盛不盛开，花都是花，那片海的浪不会停，我对你的爱也是.迪丽热巴 |白日提灯 |虽然不能同时拥有一切| 贺思慕 | 卫蓝 @Dear-迪丽热巴 ​,https://m.weibo.cn/detail/5294640397293246
嘻嘻迪/表情包/可爱梗,post,18,粉丝点评/记忆表达明确,Corny_靁冄僸區_,豁达乐观 永远保持积极的态度21世纪大军夫人 李知恩（iu） 边佑锡 𝐇𝐢𝐝𝐞｜综艺精选剪辑｜现在就出发搞笑剪辑｜王安宇尝试空口吃葱“我会杀死你，不是用镰刀，而是用岁月.”萌宠头像｜治愈系头像头像安利｜卡通手绘｜软萌头像｜审美封神｜可爱爆棚｜毛茸茸萌物｜平板全屏壁纸｜手机超清壁纸｜微博热榜｜无水印原图｜转运好运｜搞怪趣味｜小众独特｜清新温柔｜氛围感拉满｜韩系极简｜高级质感｜闺蜜双人头像｜横屏护眼壁纸 张子枫｜周也｜鞠婧祎｜张婧仪｜欧阳娜,https://m.weibo.cn/detail/5292800105255169
生日生贺与小小迪陪伴记忆,post,18,粉丝点评/记忆表达明确,作手大佬,#嘉行传媒21年给迪丽热巴送的蛋糕#2021年6月3日，迪丽热巴29岁生日直播，嘉行传媒送上的蛋糕引发巨大争议，被网友戏称砖头蛋糕/搬砖蛋糕；蛋糕造型极简方正、几乎无装饰，印着“加油搬砖”四字，和粉丝、品牌方送的多层精致鲜花翻糖蛋糕形成刺眼对比。热巴镜头前短暂错愕，随即保持微笑完成许愿吹蜡烛的流程，全程体面；粉丝当场刷屏“姐姐快解约”，吐槽公司把顶流当赚钱工具、缺乏尊重。2026年初双方官宣不再续约，这个陈年蛋糕再次被扒出，成为粉丝佐证,https://m.weibo.cn/detail/5271107152120366
白日提灯贺思慕/女鬼鬼王记忆,post,18,粉丝点评/记忆表达明确,香草苏打泡泡,#迪丽热巴陈飞宇求不要考古合照#2026年3月31日，迪丽热巴与陈飞宇在《白日提灯》探班采访中被问及2017年首次合作旧照时，同步摆手求饶——热巴笑称“别唤醒三七分发型的记忆”，陈飞宇紧跟附和“求别考古”。两人还互评印象反差： 热巴比喻性格变化：合作前觉得陈飞宇像“北方暖气片”（礼貌但疏离），合作后升级为“太阳能”（持续散发温暖能量）； 陈飞宇回应反差感：原以为热巴“内向高冷”，实际发现她幽默乐观，是片场开心果#微博热点优质创作计划# ,https://m.weibo.cn/detail/5282688030480012
白日提灯贺思慕/女鬼鬼王记忆,post,18,粉丝点评/记忆表达明确,巴号钢琴曲,迪丽热巴超话#迪丽热巴贺思慕# dlrb#迪丽热巴聂九罗# dlrb#迪丽热巴枭起青壤# “即使不能见到你，我也很庆幸，因为我能在青春肆意的年纪遇见你” 𝒀𝒐𝒖𝒓 𝒔𝒕𝒂𝒓𝒍 𝒊𝒈𝒉𝒕𝒈𝒆𝒏 𝒕𝒍𝒆 𝒇𝒂𝒍𝒍 𝒇 𝒂𝒖𝒕𝒖𝒎𝒏@Dear-迪丽热巴 #慕胥辞# dlrb #迪丽热巴贺思慕# dlrb #迪丽热巴# 迪丽热巴 | 枭起青壤 | 利剑玫瑰|慕胥辞 |聂九罗 | 邓妍 | 贺思慕 | @Dear-迪丽热巴,https://m.weibo.cn/detail/5250049933313154
演员成长与角色群像评价,post,18,粉丝点评/记忆表达明确,唔系瓜瓜,1.白鹿看自己的剧时，也喜欢开着弹幕看，看下网友对自己角色的看法评论，有时也会在弹幕上发言。2.吴奇隆在圈内配音演员口中好感度很高，因为他每部戏古文念白都能做到台词一字不差。3.岳云鹏的脸到冬天，在室外，就通红通红的，苹果红的那种。4.前两天迪丽热巴那张经典的“睫毛挂住学士帽流苏”的图又火了，很多人都在感叹她睫毛长。其实《长歌行》播的时候，很多人说她的睫毛跟小扇子一样。粉丝：这还是她剪过的。 L铁岭在逃瓜瓜_的微博视频,https://m.weibo.cn/detail/4753147811334093
嘻嘻迪/表情包/可爱梗,post,18,粉丝点评/记忆表达明确,C_4炸蛋_,#迪丽热巴0603生日快乐# 哈哈哈哈哈#YC盛典# 上的爱丽丝宝宝真的太可爱了❤️忍不住想表白一波，前线的粉丝给自己加戏都那么可爱，大概是被金色美人鱼🧜‍♀️迪美到弯得不行了☺️☺️看到有句评论说得也超带感，“女生看了都想成为她男朋友，更何况男生.....”好吧，虽然她是我的，但此刻崽儿是将近四千万爱丽丝们的，比心❤️超棒@Dear-迪丽热巴 LDJ·舞歮的秒拍视频,https://m.weibo.cn/detail/4223430801163589
新疆舞与舞台表现名场面,post,18,粉丝点评/记忆表达明确,一米五呀一米八呀,#周渝民撒娇##周渝民##周渝民烈火如歌##迪丽热巴烈火如歌# 哇仔仔上热搜了！天上银雪，人间仔仔。盛世容颜周先森，了解一下。以前从没看过仔仔的剧但是粉了他的颜十几年，今年春晚和年初二的快本看到有仔仔还开心来着，一个月后就陷入了银雪的坑无法自拔。希望仔仔回归微博，这次回来多拍几部戏，再和甜热热合作一部现代剧之类的就更完美了,https://m.weibo.cn/detail/4223426464285004
演员成长与角色群像评价,post,18,粉丝点评/记忆表达明确,天琪宏偉丶写诗,杨紫超话 杨紫可能是最早介入演艺圈的年轻演员，所以给我们留下了很深的印象，她的清纯直率爽朗在85后90后的心里留下了很深的印象，同时也是85后90后的梦中女朋友的首选人之一。相对于#杨紫# 来说#迪丽热巴# 是最近几年才出现在演艺圈的清流美少女，个人对于她的一些作品也是关注过，确实演技也是数一数二的。无聊的话题人们我不想过多的说什么！因为萝卜白菜各有所爱，你喜欢那口肯定就觉得哪个好吃罢了。别挣个上下，因为最后你可能连南北都找不着了！最,https://m.weibo.cn/detail/4289966592932247
爱丽丝与热巴的双向奔赴,comment,18,粉丝点评/记忆表达明确,种花家雪兔,热巴和爱丽丝双向奔赴,https://m.weibo.cn/detail/5278306905883732
白日提灯贺思慕/女鬼鬼王记忆,comment,18,粉丝点评/记忆表达明确,绿芒果和青木瓜,我们不说天选贺思慕，我们说天才演员#白日提灯# #迪丽热巴贺思慕#,https://m.weibo.cn/detail/5288358121047579
演员成长与角色群像评价,comment,18,粉丝点评/记忆表达明确,我是一片云朵儿,#陈星旭回应从枭起青壤书迷变主演# #陈星旭枭起青壤# 有一种幸福就是看陈星旭的采访！太喜欢陈星旭的专访了！喜欢他分享像窒息这样的名场面是怎样演出来，真的很佩服他的敬业和专业！颜值气质演技那么好，永远低调真诚！他对每一个角色都倾注热情用心诠释，至今为止他演的每一个角色都不一样都很...全文,https://m.weibo.cn/detail/5240538725092439
演员成长与角色群像评价,comment,18,粉丝点评/记忆表达明确,urlittlestar,央仔上大分！陈星旭大帅哥演技太厉害了，敬业专业好演员,https://m.weibo.cn/detail/5240538725092439
白日提灯贺思慕/女鬼鬼王记忆,post,17,粉丝点评/记忆表达明确,迪迪卫小管家,迪丽热巴 rs来了🔥 ❶点进#迪丽热巴闯祸进行曲# ❷在热搜页面最下方点讨论发帖 ❸手动加入迪丽热巴 ❹输入自己写的安利文案 （在发帖的页面逗留15秒以上） 🔴安利白日提灯和迪丽热巴贺思慕演技 #迪丽热巴贺思慕# dlrb#迪丽热巴白日提灯#,https://m.weibo.cn/detail/5283176417068960
红毯神图与高定封神造型,post,17,粉丝点评/记忆表达明确,车可木鱼瀞,#迪丽热巴迪奥活动伟大的凝聚力#顶流粉丝天花板！迪丽热巴迪奥南京活动，巴粉凝聚力炸穿全网。 迪丽热巴南京迪奥活动，直接把“粉丝凝聚力”四个字焊死在了内娱教科书上，无官宣无组织，却硬生生交出了一份秩序、温暖、体面拉满的追星答卷！ 🔴 无官宣也能爆场！冒雨夜排，秩序封神 品牌未提前 ...全文,https://m.weibo.cn/detail/5292764621177258
爱丽丝与热巴的双向奔赴,post,17,粉丝点评/记忆表达明确,嚼嚼者er,迪丽热巴和爱丽丝一直都是双向奔赴的，她们也配得上所有的偏爱和称赞！ cr.瓜一个瓜｜迪丽热巴｜#迪丽热巴她会开窗的含金量# 嚼嚼者er的微博视频,https://m.weibo.cn/detail/5278571539202123
乔晶晶与《你是我的荣耀》入坑记忆,post,17,粉丝点评/记忆表达明确,阿後,啊后谁的DNA动了！《你是我的荣耀》这段同学会剧情，时隔多年再看依旧爽到跺脚！ 当年杨洋饰演的于途，被老同学阴阳怪气嘲讽“名校毕业还不如混得差的同学，连应届生薪水都比不上”，隔着屏幕都替他尴尬。而迪丽热巴饰演的乔晶晶，直接用教科书级别的“霸气护夫”，把这股憋屈狠狠打了回去。 ...全文,https://m.weibo.cn/detail/5290530390935571
白日提灯贺思慕/女鬼鬼王记忆,post,17,粉丝点评/记忆表达明确,车可木鱼瀞,#迪丽热巴方寸之间魅惑尽生#迪丽热巴红衣白发杀疯了！方寸之间魅惑尽生，内娱鬼塑天花板直接封神！ 2026年3月28日，迪丽热巴携新剧《白日提灯》中“归墟鬼王贺思慕”的红衣白发造型亮相《你好星期六》，工作室发布的“方寸之间，魅惑尽生”宣传文案直接炸穿热搜，用一场极致的视觉与演技盛宴，彻底定 ...全文,https://m.weibo.cn/detail/5281845345518596
枭起青壤/聂九罗表演突破,post,17,粉丝点评/记忆表达明确,剧情研究院,炎拓你笑成啥样了 我可太爱看这段拉扯了炎拓一整个看老婆眼色行事 虽然九罗还没恢复记忆 但依旧甜迪丽热巴｜陈星旭｜枭起青壤 L剧情研究院的微博视频 ​,https://m.weibo.cn/detail/5291586753924228
红毯神图与高定封神造型,post,17,粉丝点评/记忆表达明确,Reshimmer,迪丽热巴×贺思慕梦回故人#迪丽热巴造型师是闵塔鲨# ​,https://m.weibo.cn/detail/5287579811578301
高雯名场面与早期出圈,post,17,粉丝点评/记忆表达明确,可可可乐味,#迪丽热巴直播#梦回高雯了！姐现在状态非常好！活人感很强！来看白日提灯！迪丽热巴超话 ​,https://m.weibo.cn/detail/5287366040227777
红毯神图与高定封神造型,post,17,粉丝点评/记忆表达明确,我不可爱xii,#迪丽热巴和素人合影#近期迪丽热巴现身南京迪奥品牌活动，一袭蓝色露背长裙气质拉满，和现场素人粉丝的暖心互动直接圈粉无数。有粉丝合影时手冷紧张，她主动贴心提议互相取暖，温柔又接地气。合照里还主动歪头贴近粉丝，亲和力十足，女友感直接拉满。有人还顺势考古出她十五到十八岁做婚纱模特的素人旧照，即便造型带着影楼年代感，依旧难掩精致骨相和灵动眉眼，纯天然颜值从小就能打，妥妥天生明星底子。大家感慨她如今红毯生图依旧能打，骨相优势越长大越出彩。同时也热,https://m.weibo.cn/detail/5293730259273907
跑男时期综艺名场面,post,17,粉丝点评/记忆表达明确,游戏那些破事儿,#迪丽热巴跑男只录了12天#跑男一整季的内容，迪丽热巴只录了12天，浓缩式录制加上后期剪辑包装，营造出长期常驻的既视感，回看当年的各种争议，瞬间就都想通了。 ​,https://m.weibo.cn/detail/5291996916224378
花少/你好星期六等综艺片刻,post,17,粉丝点评/记忆表达明确,橙子睡不饱zZ,#开推4女生只剩金靖了#《开推4》阵容换血：遗憾与机遇并存，争议与期待齐飞 《开始推理吧》第四季常驻阵容大调整：迪丽热巴退出、丁程鑫加入、金靖成唯一常驻女嘉宾，白宇转飞行，节目组此前“全员回归”承诺落空，瞬间引爆舆论，争议与期待两极分化。 一、变动核心与原因 - 迪丽热巴退出：因《白日提灯》宣传、《慕胥辞》拍摄档期冲突，且近年侧重影视主业、减少综艺曝光，转为飞行嘉宾 。她是前三季“双女主”、颜值+推理+综艺感担当，缺席被视为“团魂断裂”,https://m.weibo.cn/detail/5279946206611715
花少/你好星期六等综艺片刻,post,17,粉丝点评/记忆表达明确,时光缓存区,#开始推理吧原班人马#最伤人的是信息的混乱。节目组才刚开完发布会，信誓旦旦地宣布“赫丽摸金宇”原班人马一个不少，给老粉吃了定心丸 。结果又网传常驻大换血，迪丽热巴、白宇退出，丁程鑫加入 。这种前后脚的巨大反差，让官方最初的承诺显得很儿戏，直接动摇的是观众对节目诚信度的基本信任。粉丝的强烈反应是因为“赫丽摸金宇”不是一个简单的拼盘，而是经过三季磨合、有真实情感连接的家族 。每个人都是拼图的关键一块：- 迪丽热巴：是脑力与颜值双担的“定海神,https://m.weibo.cn/detail/5265412849926237
嘻嘻迪/表情包/可爱梗,post,17,粉丝点评/记忆表达明确,遇渝栖于栩,爱情公寓经典名场面｜爱情公寓里封神的一集｜唐氏表演法则疯狂乱秀 ins风氛围感女头、高清无水印优质女头、温柔干净韩系甜妹头像、小众高级清纯私藏女头、动态心动女头、三丽鸥正版可爱女头超甜专属情头、猫和老鼠经典情头、蜡笔小新治愈风情头、单人氛围感情头、小众不撞款独家情头HelloKitty爆款头像、吉伊卡哇软萌头像、乌萨奇&小八二次元头像、可爱玩偶治愈头像、全网最全动漫头像库 微信小众聊天背景图、氛围感朋友圈封面图、iPhone全屏超清锁屏,https://m.weibo.cn/detail/5293584463169562
白日提灯贺思慕/女鬼鬼王记忆,post,17,粉丝点评/记忆表达明确,chayedannnnn,思胥万千超话 🦊🐰#思胥万千# 🦊🐰#白日提灯# 🦊🐰#迪丽热巴陈飞宇牵手奔跑# 整理了一些callback的合集嗯又给我吃美了后续有新的我会加进来！！然后大家看到也可以提醒我加进来呀1🐟写的“我们是不是在哪儿见过”，这句话是他俩拍的剧宣短剧视频里他对现代的贺思慕说的第一句话微博正文2我终于知道追剧团直播为什么说的是“又”害羞了微博正文3 嗯hi6一个切片好像是做游戏赢了他俩击掌然后8说了一句呦bro我以为真出成哥们了，，，结果今天看,https://m.weibo.cn/detail/5285033632858586
白日提灯贺思慕/女鬼鬼王记忆,post,17,粉丝点评/记忆表达明确,喵喵程程,#热巴贺思慕腾讯首个破2亿女性角色#欢迎大家入坑，思胥万千 ​,https://m.weibo.cn/detail/5284848056668548
白日提灯贺思慕/女鬼鬼王记忆,post,17,粉丝点评/记忆表达明确,Dear迪丽热巴守护星,迪丽热巴超话 超话每日总结：🍒今日超话违规案例：🈲提及他人 如图🍒今日超话规则科普:‼️互动/养号/水贴请统一在水贴专区【迪迪冲呀】发布。 #迪丽热巴白日提灯# dlrb#迪丽热巴贺思慕# ​​​,https://m.weibo.cn/detail/5294629295489177
行走的油画/神女美貌出圈,post,17,粉丝点评/记忆表达明确,葡萄栀眠岛,玲珑骰子安红豆𝗦𝗛𝗔𝗥𝗘丨𝗪𝗲𝗖𝗵𝗮𝘁聊天背景图勿拌匀文案丨手机壁纸高清丨古风壁纸丨女明星壁纸精选丨女星古装壁纸丨迪丽热巴壁纸丨古力娜扎丨赵丽颖丨白鹿丨蒋依依丨鞠婧祎丨孙珍妮丨陈都灵丨代露娃丨孟子义丨杨超越丨刘些宁丨古装美人丨古偶丨仙侠丨摄影写真古风丨白日提灯贺思慕丨玉面观音丨与凤行丨锦鲤抄丨逍遥电视剧丨月鳞绮纪丨露芜衣丨白月梵星丨碎梦仙君丨江湖女侠丨疯批女帝丨神颜女明星丨神图壁纸丨华丽壁纸丨iPhone壁纸丨防窥壁纸丨精致壁纸丨女生头,https://m.weibo.cn/detail/5294560421088285
行走的油画/神女美貌出圈,post,17,粉丝点评/记忆表达明确,葡萄栀眠岛,唯一纯白的茉莉花🥀𝗦𝗛𝗔𝗥𝗘丨𝗪𝗲𝗖𝗵𝗮𝘁头像勿拌匀文案丨女生头像高清丨女明星头像丨权威女头丨真人头像无水印丨内娱韩娱日娱丨刘亦菲头像丨迪丽热巴丨孟子义丨裴珠泫丨杨超越丨苍井优丨北川景子丨陈都灵丨李一桐丨神颜女明星丨神级美貌丨高颜值丨kpop女头丨爱豆头像丨追星女丨饭圈头像丨idol头像丨女演员丨国产剧丨日剧丨清纯小白花丨美好丨高清无水印丨精灵天使丨花仙子丨梦幻头像丨女神丨美女丨手机壁纸丨高质量头像丨iPhone壁纸丨平板壁纸丨每日一善,https://m.weibo.cn/detail/5291962556221338
红毯神图与高定封神造型,post,17,粉丝点评/记忆表达明确,等待夏天65794,#迪丽热巴金刚发型#迪丽热巴的“金刚发型”实为2026年4月在南京出席迪奥活动时尝试的一款复古小波浪卷发造型，搭配贴头皮斜刘海与蓝色缎面长裙，整体风格主打复古摩登、贵气优雅。该发型因线条慵懒精致、氛围感强烈而广受好评，被形容为“自带异域美人风情”“雨中氛围封神”。尽管部分现场生图与官方高盘发硬照存在视觉差异，引发关于造型是否“翻车”的讨论，但多数评价认为迪丽热巴凭借优越骨相与浓颜五官轻松驾驭该风格，即便妆发有争议，仍难掩其美貌与气场。王,https://m.weibo.cn/detail/5292966958858717
白日提灯贺思慕/女鬼鬼王记忆,post,17,粉丝点评/记忆表达明确,雪予记,#陈飞宇迪丽热巴5年前拍的杂志#陈飞宇和迪丽热巴5年前（2021年）为《芭莎男士》拍摄的工装风杂志大片近期被网友考古翻红，引发全网对二人“宿命重逢”的热议，并与两人主演的新剧《白日提灯》宣传形成联动效应。#智搜分析# ​,https://m.weibo.cn/detail/5279260295566233
演员成长与角色群像评价,post,17,粉丝点评/记忆表达明确,椰丸oooo,#迪丽热巴公诉豆瓣开分6.6#是因为热巴看的这部剧 必须说一句真的很好看啊 剧情紧凑不拖拉 演员演技也特别牛🐮🐮🐮🐮🐮🐮🐮🐮🐮🐮🐮🐮🐮 迪丽热巴在这剧真的突破很大台词真的没的说👍🏻👍🏻👍🏻👍🏻👍🏻👍🏻👍🏻👍🏻👍🏻👍🏻👍🏻👍🏻👍🏻👍🏻👍🏻👍🏻👍🏻👍🏻👍🏻👍🏻👍🏻👍🏻👍🏻👍🏻👍🏻👍🏻👍🏻👍🏻👍🏻👍🏻👍🏻👍🏻👍🏻👍🏻👍🏻👍🏻👍🏻👍🏻👍🏻👍🏻👍🏻👍🏻👍🏻👍🏻👍🏻👍🏻👍🏻👍🏻👍🏻👍🏻👍🏻👍🏻👍🏻👍🏻👍🏻👍🏻👍🏻👍🏻👍🏻👍🏻👍🏻👍🏻👍🏻👍🏻👍🏻👍🏻,https://m.weibo.cn/detail/4918462012464343
纪云禾与鲛人系角色记忆,post,17,粉丝点评/记忆表达明确,月是夜的美,电视剧与君初相识超话#迪丽热巴纪云禾##任嘉伦长意# 说说这部剧我看到目前的感受吧，我觉得什么副线啊或者狐女什么的加了不影响我看剧体验，毕竟都跟主线相关，但我觉得长意断尾还有纪云禾被困六年都没有拍出小说里面那种效果，目前就这两处我想吐槽一下下，继续期待接下来的剧情,https://m.weibo.cn/detail/4753189532603272
演员成长与角色群像评价,post,17,粉丝点评/记忆表达明确,听我说安旎哈撒呦,看到了很多阿丝儿开始逐渐明白我们以后该走的路是一件让人很开心的事！我知道或许我们每个阿丝儿之间有年龄差距，有性格的不同，所以我们对待酸黑的态度也不一样。但是我更希望，我们能开始逐渐成熟且清晰的认识到，美貌不会是热巴对长歌这个角色想追逐的目标，而单纯的美也不能打造一个有血有肉的角色，为什么角色值得我们骄傲？让我们喜爱？因为角色本身被演绎成为真真正正的存在。阿丝儿希望你也始终记得我们是演员迪丽热巴的粉丝，让我们一起期待热巴的演绎！,https://m.weibo.cn/detail/4620894309455682
嘻嘻迪/表情包/可爱梗,comment,17,粉丝点评/记忆表达明确,伊莉西娅Ilithyia,哈哈哈好可爱,https://m.weibo.cn/detail/4980676061299668
嘻嘻迪/表情包/可爱梗,comment,17,粉丝点评/记忆表达明确,温温柔媚娘,贺思慕是孩子王哈哈哈哈哈太可爱了#迪丽热巴贺思慕#,https://m.weibo.cn/detail/5281919984212055
爱丽丝与热巴的双向奔赴,post,16,粉丝点评/记忆表达明确,胖胖-我脸1点都不圆,#迪丽热巴低头这一下# 迪丽热巴线下 粉丝和正主都很让人感动，双向奔赴的感情#一分钟精选视频扶持计划# 胖胖-我脸1点都不圆的微博视频,https://m.weibo.cn/detail/5292780248376622
爱丽丝与热巴的双向奔赴,post,16,粉丝点评/记忆表达明确,在冲浪的章鱼哥_,姐姐~敏感是一种天赋，你要爱自己超过爱世界，我为是爱丽丝而骄傲 迪丽热巴丨你好星期六 在冲浪的章鱼哥_的微博视频,https://m.weibo.cn/detail/5281592744614053
爱丽丝与热巴的双向奔赴,post,16,粉丝点评/记忆表达明确,D-阿柠-W,#迪丽热巴补偿去巴黎的粉丝# 我们从来都是双向奔赴的呀 迪丽热巴内娱反向饭撒第一名！ 希望大家都来看白日提灯 @Dear-迪丽热巴,https://m.weibo.cn/detail/5286972494974135
白日提灯贺思慕/女鬼鬼王记忆,post,16,粉丝点评/记忆表达明确,车可木鱼瀞,#陈飞宇问迪丽热巴你看清过我吗#直播封神！《白日提灯》五感互通糖点炸翻全网。 《白日提灯》开播直播直接杀疯了🔥！词条光速屠榜，80万人在线围观的名场面，甜虐交织的氛围感直接拉满，这波剧宣真的赢麻了！ 3月28日开播盛典上，迪丽热巴饰演的鬼王贺思慕调侃自己高度近视，直言交换嗅觉要“买 ...全文,https://m.weibo.cn/detail/5281549184410234
爱丽丝与热巴的双向奔赴,post,16,粉丝点评/记忆表达明确,我只吃了三分报_,迪丽热巴不仅记得远赴巴黎的粉丝遗憾，还贴心送上亲笔签名礼物，双向奔赴的爱意永远热烈,https://m.weibo.cn/detail/5287392295526144
白凤九与三生三世情怀,post,16,粉丝点评/记忆表达明确,李妍晶,#迪丽热巴跑男只录了12天#红就是她的命，看了凤九入坑去看的跑男，出场真的惊艳了我，记得在里面还被外国人叫她李慧珍，我们慧珍超火的 ​,https://m.weibo.cn/detail/5292053144804508
跑男时期综艺名场面,post,16,粉丝点评/记忆表达明确,眠兔控,#迪丽热巴跑男只录了12天#不得不说迪丽热巴当年录跑男真的太传奇了，总共就录制十二天，却硬生生留下了好几年都忘不掉的名场面。明明只是短暂加盟，行程紧凑、时间很短，却全程真诚又投入，完全没有敷衍感。不娇气不摆架子，玩游戏放开玩，泥潭、挑战全都认真参与，温柔又元气，活泼又懂事，情商高还特别会照顾别人。就短短十二天的镜头，愣是凭独特的反差魅力、绝佳的颜值和讨喜的性格圈了一大波路人粉，成为无数观众心中的经典白月光。很多常驻录了一整季都没留下记忆,https://m.weibo.cn/detail/5292007003259106
嘻嘻迪/表情包/可爱梗,post,16,粉丝点评/记忆表达明确,蛋卷蛋卷是我呀呀,#迪丽热巴跑男只录了12天#居然只有短短12天吗！我怎么记得录了好久至少得有一季吧那时候看热巴玩游戏很有梗性格也可爱印象很深刻啊 ​,https://m.weibo.cn/detail/5291985955199078
花少/你好星期六等综艺片刻,post,16,粉丝点评/记忆表达明确,扶凝瑶,梦回开推3了迪丽热巴超话 ​,https://m.weibo.cn/detail/5284496704537255
跑男时期综艺名场面,post,16,粉丝点评/记忆表达明确,作手大佬,#迪丽热巴跑男只录了12天#考古热搜爆了——2017年她当《奔跑吧5》常驻，实际仅录12个工作日，却剪出12期正片、播了近3个月，被称“内娱综艺高效天花板”。 L作手大佬的微博视频 ​,https://m.weibo.cn/detail/5292146789974044
跑男时期综艺名场面,post,16,粉丝点评/记忆表达明确,漏漏的二师兄,#谁没看过热巴这段伟大的转圈#到底是谁在考古跑男啊？跑男缺热度还是谁？热巴站岗好几天了，让她歇会吧 ​,https://m.weibo.cn/detail/5292034128611762
演员成长与角色群像评价,post,16,粉丝点评/记忆表达明确,Resasuke,#迪丽热巴再被叫胖迪很惊讶#迪丽热巴在2026年3月20日的迪奥活动上被粉丝称呼“胖迪”时露出惊讶表情，这一昵称的突然重现唤起了许多老粉的回忆，也引发大众对“胖迪”背后故事的关注。一、事件核心：昵称重现引发惊喜现场互动细节在迪奥品牌晚宴现场，有粉丝（微博用户“喵喵”）当面称呼迪丽热巴为“胖迪”，她瞬间愣住并露出惊讶表情，随后转为温柔笑意。这一反应被解读为多年未闻旧称的意外与触动。 昵称渐少使用的原因“胖迪”是迪丽热巴出道早期（约2018,https://m.weibo.cn/detail/5278979049136200
跑男时期综艺名场面,post,16,粉丝点评/记忆表达明确,chayedannnnn,#迪丽热巴跑男只录了12天#居然只有12天跑男迪完全白月光来的 ​,https://m.weibo.cn/detail/5291982529237878
乔晶晶与《你是我的荣耀》入坑记忆,post,16,粉丝点评/记忆表达明确,醉词啊,最火的10部现偶甜剧，哪一部是你心中的白月光呢？1.《骄阳似我》宋威龙&赵今麦2.《许我耀眼》陈伟霆&赵露思3.《你是我的荣耀》杨洋&迪丽热巴4.《在暴雪时分》吴磊&赵今麦5.《亲爱的，热爱的》李现&杨紫6.《何以笙箫默》钟汉良&唐嫣7.《你是我的城池营垒》白敬亭&马思纯8.《去有风的地方》李现&刘亦菲9.《一生一世》任嘉伦&白鹿10.《微微一笑很倾城》杨洋,https://m.weibo.cn/detail/5291221733346330
演员成长与角色群像评价,post,16,粉丝点评/记忆表达明确,财繁华梦,#迪丽热巴贺思慕新媒体指数TOP1#最戳心的名场面台词，当属那句掷地有声的「在下不才，万灵之主贺思慕」。短短一句，气场全开，直接成为全剧经典名梗，自带震撼记忆点。 这场戏场景特效堪称顶级，氛围感拉满，镜头美学与画面质感双在线，每一帧都精致如壁纸，将万灵之主的磅礴气场完美烘托。演员颜值与演技更是双双封神，颜值惊艳贴合人设，演技细腻又有张力，眼神里满是角色的傲骨与威严，台词功底扎实，声线与角色高度契合。 没有浮夸表演，每一个神态、动作都精准,https://m.weibo.cn/detail/5284091528225654
白日提灯贺思慕/女鬼鬼王记忆,post,16,粉丝点评/记忆表达明确,W云之铃,"#难怪迪丽热巴不爱上班#迪丽热巴在《白日提灯》中角色""贺思慕""职场困境的全网共情梗，剧中她饰演的鬼王面对奇葩下属和糟心职场，精准戳中当代打工人的厌班情绪，而她本人曾公开的高强度工作经历更强化了这种代入感。归墟职场堪比""疯人院""迪丽热巴在《白日提灯》中饰演灵界之主贺思慕，掌管秩序混乱的""归墟""。这一职场设定被观众戏称为""5A级疯人院""，其手下二十四殿主全员性格极端： 奇葩同事群像：晏柯恋权成痴、姜艾贪财无度、方昌玩弄感情、颜璋恋爱脑晚期，",https://m.weibo.cn/detail/5284812690821588
嘻嘻迪/表情包/可爱梗,post,16,粉丝点评/记忆表达明确,屿间来信_,「8张床的秘密」01奶茶床：梦里都是三分糖的甜，醒了却只剩一身珍珠的重量。02棉花床：软到能把所有不开心都陷进去，连呼吸都变得轻飘飘。04金币床：睡在钱堆里的人，永远不懂棉花床里的温柔。06岩浆床：连噩梦都不敢靠近，毕竟谁也不想被岩浆烫醒。情侣头像 | 头像分享 | 真人情头 | 氛围感情头 | 治愈系情头 | 小众情头 | 卡通情侣头像 | 高质量情头 | 不撞款情头 | 超甜情侣头像 | 低调不明显情头 | 真人壁纸 | 手机壁纸 ,https://m.weibo.cn/detail/5292323223373346
花少/你好星期六等综艺片刻,post,16,粉丝点评/记忆表达明确,影片热映中,1.宋祖儿瘦到只有70出头的体重，整个人都没有精气神，靠吃打营养液吊着。2.陈妍希起诉了骂过她的“陈晓粉丝”，而且要求强制执行道歉，她如今是真的特别恨前夫。3.孟子义最近因为连轴转经常生小病，身体状态不是很好，所以她打算忙完这一阵就休息一段时间。4.刘晓庆每天都像有使不完的劲一样，团队里比她年轻得多的工作人员都比不过她。5.迪丽热巴和鹿晗当年没有任何情况，纯是配合节目效果进行炒作，剪辑师也有意制造粉红泡泡。6.谢娜频繁的在浪姐们的群聊里,https://m.weibo.cn/detail/5291961068292781
嘻嘻迪/表情包/可爱梗,post,16,粉丝点评/记忆表达明确,颜与YY_,音乐分享｜不能握的手 从此匿名的朋友｜感觉至上超绝氛围感真人情头｜小众不撞款高质量情头治愈系卡通情侣头像 甜度满分超甜情头高清无水印头像壁纸合集 全员氛围感拉满 女生头像｜男生头像｜闺蜜双人女头｜清纯温柔女头ins高级感小众头像 捧花萌宠对镜自拍全都有三丽鸥吉伊卡哇｜HelloKitty｜猫和老鼠｜蜡笔小新卡通萌系头像壁纸 软萌多巴胺风格全覆盖 高清无水印全屏壁纸手机/平板/电脑/锁屏/竖屏/横屏壁纸微信聊天背景｜朋友圈背景图｜ins风,https://m.weibo.cn/detail/5294792206453476
任安乐/帝梓元角色记忆,post,16,粉丝点评/记忆表达明确,hello魅儿,#2023最出圈女性角色#那还得是我们任安乐和安旎，两个都好喜欢@Dear-迪丽热巴 ​,https://m.weibo.cn/detail/4975283023121537
生日生贺与小小迪陪伴记忆,post,16,粉丝点评/记忆表达明确,迪w玊,2019.6.1迪丽热巴生日会时阿丝给的祝福语已经找大师帮你们翻译好了热巴，世界上比你优秀，比你粉丝多的偶像数不胜数。但是，在我们阿丝眼里你就是全世界，所以那些都不会存在的！你是最好的，你的阿丝们也是最好的！如果爱你非要加个期限的话，那就三生三世吧！2023赴约玫红海@Dear-迪丽热巴 #迪丽热巴生日会# 2新疆,https://m.weibo.cn/detail/4400930403272848
红毯神图与高定封神造型,post,16,粉丝点评/记忆表达明确,小猫追星,不知道大家发现没​迪丽热巴最近的状态​真的越来越怪了​以前她可是公认的浓颜大美女，明艳又有辨识度，一出场就能艳压全场​现在每次出席活动，脸都感觉有点奇怪，要么看着五官有点僵，要么滤镜开得老大，完全没了以前那种机灵劲​​别的女明星状态都挺稳的，就她越变越陌生，好好一张脸，愣是没了以前那种惊艳感#一分钟精选视频扶持计划# L小猫追星的微博视频,https://m.weibo.cn/detail/5293188977790040
红毯神图与高定封神造型,post,16,粉丝点评/记忆表达明确,两只小猴子yao,#迪丽热巴陈飞宇求不要考古合照# 七年之约反差暴击，戏外求饶戏内封神！ 随着《白日提灯》热播升温，迪丽热巴与陈飞宇2017年的早期杂志合照被网友集体“考古”出圈，引发#迪丽热巴陈飞宇求不要考古合照# 话题爆火 。当年两人为迪士尼特刊拍摄的造型堪称“黑历史名场面”——迪丽热巴夸张爆炸头童趣灵动，陈飞宇贴头皮中分被调侃“牛舔头”，青涩模样与如今的荧幕形象反差巨大。 在新剧宣传采访中，两人面对旧照直接同步开启“求饶模式”，异口同声呼吁“别考古,https://m.weibo.cn/detail/5282656753557028
白日提灯贺思慕/女鬼鬼王记忆,post,16,粉丝点评/记忆表达明确,财欢欢呀,#陈飞宇迪丽热巴5年前拍的杂志#陈飞宇和迪丽热巴这波五年前的杂志旧照突然翻红也太有宿命感了吧！从当年青涩清爽的工装同框，到如今携手主演《白日提灯》，这是什么内娱神仙重逢啊，越看越觉得暖心又惊喜！ 他俩这组五年前的《芭莎男士》大片真的太有氛围感了！2021年发布的工装风造型，迪丽热巴高马尾配牛仔工装，清爽又有活力，陈飞宇蓬松短发少年感拉满，俩人同框自然又舒服，妥妥的邻家姐弟既视感，当年就因为清新高级被好多人喜欢，现在回看依旧很惊艳。 最让,https://m.weibo.cn/detail/5279263576295132
红毯神图与高定封神造型,post,16,粉丝点评/记忆表达明确,汀兰初雨,#迪丽热巴陈飞宇求不要考古合照#迪丽热巴和陈飞宇在宣传新剧《白日提灯》时，被问到七年前的旧合照，两人当场幽默求饶“求不要考古”，反而掀起全网考古热潮。热巴笑称陈飞宇早年像“北方暖气片”，礼貌又疏离，现在变成了温暖的“太阳能”；陈飞宇也坦言原本觉得热巴高冷，相处后才发现她开朗又有趣。网友很快扒出2017年两人的复古造型，爆炸头和贴头皮发型被调侃全靠颜值硬撑。,https://m.weibo.cn/detail/5282647928742675
纪云禾与鲛人系角色记忆,post,16,粉丝点评/记忆表达明确,Dear-关关_,#迪丽热巴与君初相识# dlrb#迪丽热巴纪云禾# 我是一个不会轻易长时间喜欢明星偶像的一个人，但自从通过高雯这个角色遇见她之后，这一喜欢，就喜欢了快7年，那么就一定有喜欢她的道理，迪丽热巴——始于颜值，陷于才华，久于善良，忠于人品。不管任何时候，你都永远可以相信她，只因这个女孩，她值得永远相信自己，你真的很棒，我们永远在你身后@Dear-迪丽热巴 L护迪·爱丽丝的微博视频,https://m.weibo.cn/detail/4753190656148895
纪云禾与鲛人系角色记忆,post,16,粉丝点评/记忆表达明确,边璟古筝,《与君初相识 恰似故人归》插曲《如你所想》纯筝版~哈哈哈哈哈，一口气看了四集，简直太香了！剧情吸引人，场景美爆了，上面的音乐也好好听，尤其是《如你所想》，简直太爱毛毛的嗓音啦~@中国古筝网 #迪丽热巴##任嘉伦#任嘉伦超话#任嘉伦长意##任嘉伦与君初相识##迪丽热巴与君初相识##与君初相识##毛不易如你所想# L边璟之之的微博视频,https://m.weibo.cn/detail/4753144027813930
红毯神图与高定封神造型,post,16,粉丝点评/记忆表达明确,-Enclave-,论长歌行的108种挑法：具不完全统计：女二艳压女主一波，女主嫌弃男主一波，男主嫌弃女主一波，男女主没有cp感一波，男二艳压男主一波，男主撞脸别的男演员一波，上星卫视挑一波，播出时间挑一波，女主造型挑一波，剧改编挑一波，漫剧对比挑一波……这还没完哈哈哈哈哈哈哈哈哈哈哈anyway，红黑俱是热度，费心了费心了。花这么多心思在长歌行上，难怪迪丽热巴这么多年还是女顶流,https://m.weibo.cn/detail/4620901004085363
红毯神图与高定封神造型,post,16,粉丝点评/记忆表达明确,醉染桃枝,棉花美娃娃超话占名：白紫鸢（紫鸢）🎨：@强子今天也很想一夜暴富 （打扰啦）感谢劳斯，神仙劳斯画的神仙美女，太会画啦。原型是迪丽热巴白凤九凡间造型，在跳舞的紫衣美人。仅仅惊鸿一瞥，就让人难以忘却。柔和的月光下，九美人身着一袭紫衣翩翩起舞，她心爱的王君就坐在不远处，神情专注的看着她，月光打在腰间的银链上熠熠生辉，仿佛时间停滞在了这美好的一刻。九美人面带温柔的笑容，翩若惊鸿，婉若游龙的为她的王君作舞。那柔软的腰肢，白皙的手腕，惊为天人的美貌,https://m.weibo.cn/detail/4687202338737755
高雯名场面与早期出圈,post,16,粉丝点评/记忆表达明确,图图不糊涂啊_,迪丽热巴超话#迪丽热巴慢游希腊##迪丽热巴白凤九# 如果去见你，我一定是用跑的💕 从《克拉恋人》里的精分可爱的大明星高雯，到如今可以独挡一面的宠粉大明星迪丽热巴。这一路来，我们都见证着彼此的成长！未来我们都要继续努力加油，做更好的自己！等我明年高考完以最棒的姿态去见你，我最爱的大明星----迪丽热巴@Dear-迪丽热巴,https://m.weibo.cn/detail/4422336264929094
嘻嘻迪/表情包/可爱梗,comment,16,粉丝点评/记忆表达明确,咩1128咩,哈哈哈哈太可爱了，下次找个低的跳,https://m.weibo.cn/detail/4980676061299668
白日提灯贺思慕/女鬼鬼王记忆,post,15,粉丝点评/记忆表达明确,夏季樱桃巷,迪丽热巴迪丽热巴#迪丽热巴贺思慕# dlrb #迪丽热巴白日提灯# dlrb #迪丽热巴卫蓝# 迪丽热巴 |白日提灯 | 虽然不能同时拥有一切 | 贺思慕 |卫蓝@Dear-迪丽热巴 是你的话，我就什么都不要。不是你的话，我要天上的鳖，海底的月。,https://m.weibo.cn/detail/5293452279417346
白日提灯贺思慕/女鬼鬼王记忆,post,15,粉丝点评/记忆表达明确,Iam锅巴,迪丽热巴#迪丽热巴白日提灯# dlrb #迪丽热巴贺思慕# dlrb #白日提灯# 我喜欢你，穷奇所思，可赴千里。 迪丽热巴 |白日提灯 |虽然不能同时拥有一切| 贺思慕 | 卫蓝 @Dear-迪丽热巴,https://m.weibo.cn/detail/5293322554049757
白日提灯贺思慕/女鬼鬼王记忆,post,15,粉丝点评/记忆表达明确,迪迪卫小管家,迪丽热巴 热搜🔥🔥 ①点进#感觉迪丽热巴从头到脚都香香的# ②在热搜页面最下方点讨论发帖 ③手动加入迪丽热巴 ④输入自己写的安利文案 （在发帖的页面逗留15秒以上） 🔴安利白日提灯和迪丽热巴贺思慕演技 #迪丽热巴贺思慕# dlrb#迪丽热巴白日提灯#,https://m.weibo.cn/detail/5283189900707920
演员成长与角色群像评价,post,15,粉丝点评/记忆表达明确,独孤九鎗,迪丽热巴闯进“好凉赛道”：反差人设引爆狂欢，重塑古偶新范式 近期，“迪丽热巴也闯进好凉赛道了”成为全网刷屏热梗，这一趣味话题源自她主演的古装奇幻剧《白日提灯》，一句即兴台词“啊好凉”搭配极致反差人设，引爆全民玩梗与二创狂欢。这不仅是单一角色的出圈，更是剧集质感、演员演技与创新人设 ...全文,https://m.weibo.cn/detail/5282311877953711
爱丽丝与热巴的双向奔赴,post,15,粉丝点评/记忆表达明确,剧综妙妙屋,你懂这一刻的含金量吗！啊啊啊 要哭了！当她奔向你！世界明亮了啊！啊啊啊啊 热爱是真的！ #迪丽热巴与粉丝双向奔赴的爱##迪丽热巴飞奔接粉丝的信# 剧综妙妙屋的微博视频,https://m.weibo.cn/detail/5139074240743273
演员成长与角色群像评价,post,15,粉丝点评/记忆表达明确,米粒56锦鲤,#迪丽热巴沉浸式追更# 谁还没体会过追剧追上头、抓心挠肝等更新的感觉啊，看到#迪丽热巴沉浸式追更#着急了的话题，真的瞬间共情，这不就是我们追更时的真实写照嘛，连主演自己都被剧情勾得心急，足以见得这部剧是真的太上头了。 热巴追的正是自己主演的新剧，明明是自己演的戏，可追起剧来一点不含糊，完全沉浸式代入观众视角，看着剧情推进、悬念拉满，直接露出着急的小表情，一点没有明星的架子，跟我们普通观众蹲更新、盼剧情、恨不能快进的样子一模一样，也太真实,https://m.weibo.cn/detail/5282083224159791
行走的油画/神女美貌出圈,post,15,粉丝点评/记忆表达明确,家有一只招财猫猫,#白日提灯播出反馈#迪丽热巴你多多演古偶好不好🥺视觉盛宴啊太美了又美又有演技，演技入坑又被美到了，以后你每部剧我都会追。做剧粉，求多演古偶洗洗眼睛太美太优秀了 ​,https://m.weibo.cn/detail/5281436534046981
白日提灯贺思慕/女鬼鬼王记忆,post,15,粉丝点评/记忆表达明确,迪迪肉啵-,#迪丽热巴跑男只录了12天#女神就这样有魅力！当年看过的谁能不被迪丽热血迷住呢来看我们正在腾讯热播的《白日提灯》超绝女本位就这个女鬼王设定爽 ​,https://m.weibo.cn/detail/5292008063107970
跑男时期综艺名场面,post,15,粉丝点评/记忆表达明确,独行侠老白,#迪丽热巴跑男只录了12天#谁能想到当年爆火的跑男第五季，迪丽热巴全程仅仅录制12天。整季十二期内容，横跨数月播出，留下超多经典名场面。短短十几天的出镜，凭超强综艺感圈粉无数，温柔又拼的模样狠狠圈粉，这才是真正的有效常驻。 L独行侠老白的微博视频 ​,https://m.weibo.cn/detail/5291998776922906
红毯神图与高定封神造型,post,15,粉丝点评/记忆表达明确,冷色冰岛,#迪丽热巴跑男只录了12天#此女就是天生红人命 仅12天就吸粉无数 给大家留下这么多印象深刻的造型和名场面 参加跑男之前微博粉丝就已经2000多万 而且还被外国友人认出是李慧珍 谁能不爱我们活泼明媚的跑男迪 ​,https://m.weibo.cn/detail/5292060005371344
嘻嘻迪/表情包/可爱梗,post,15,粉丝点评/记忆表达明确,黄发发发宝,好喜欢看哥哥弟弟对话弟弟：你对我有没有一丝心疼哈哈哈哈哈哈好喜欢看这几个人在饭桌上聊天纯聊天但是一点也不干大家好会爆梗和届梗哈哈哈哈哈一句话都掉不到地上周柯宇 白宇 刘宇宁 金靖 张凌赫 迪丽热巴 ｜开始推理吧超话 L黄发发发宝的微博视频 ​,https://m.weibo.cn/detail/5289156151346894
白日提灯贺思慕/女鬼鬼王记忆,post,15,粉丝点评/记忆表达明确,Dear迪丽热巴守护星,迪丽热巴超话 超话每日总结：🍒今日超话违规案例：🈲在超话发布个人照片⚠️注意保护个人隐私🍒今日超话规则科普:‼️互动/养号/水贴请统一在水贴专区【迪迪冲呀】发布。 #迪丽热巴白日提灯# dlrb #迪丽热巴贺思慕# ​,https://m.weibo.cn/detail/5284127194486250
白日提灯贺思慕/女鬼鬼王记忆,post,15,粉丝点评/记忆表达明确,拾光里的暖10,#陈飞宇 篮球和迪丽热巴#这里给你理清陈飞宇、篮球、迪丽热巴的核心关联，主要来自2026年3月《你好星期六》的剧宣名场面（为古装剧《白日提灯》造势），同时补充陈飞宇本人的篮球爱好： 🔥 综艺名场面 主持人提问：迪丽热巴和篮球有什么共同点？ 1. 迪丽热巴答：都很圆（理性幽默）2. 陈飞宇答：都是我的最爱（感性土味情话，当场让热巴捂嘴害羞）3. 后续陈飞宇还补了一句：我跳舞不行，但打篮球很好。 🏀 陈飞宇的篮球背景 陈飞宇身高188cm，,https://m.weibo.cn/detail/5282303531552056
白日提灯贺思慕/女鬼鬼王记忆,post,15,粉丝点评/记忆表达明确,财八路来财,#张俪迪丽热巴眼神算不上清白#张俪和迪丽热巴目前只有两部合作剧，都是奇幻题材，角色反差拉满： 1. 《枭起青壤》（2025-11-22，腾讯视频） - 类型：都市奇幻悬疑- 角色关系：宿敌/正邪对立- 热巴：聂九罗（猎魔人，主角）- 张俪：林喜柔（反派，特别主演）- 看点：两人对手戏张力极强，全网出圈 2. 《白日提灯》（2026-03-28，腾讯视频） - 类型：古装奇幻权谋- 角色关系：君臣/主仆+至交（身份大反转）- 热巴：贺思慕,https://m.weibo.cn/detail/5281747686393088
红毯神图与高定封神造型,post,15,粉丝点评/记忆表达明确,柿香摸渝,#陈飞宇为了看罗云熙倒着走红毯#别人都是过客，师尊才是真爱啊陈飞宇在2020年星光大赏红毯上转身倒走注视罗云熙的举动，近期因新剧宣传被重新热议，引发罗云熙粉丝强烈反弹，争议焦点集中于艺人营销边界与粉丝话语权冲突。 事件核心：红毯细节与舆论分化倒走名场面还原2020年12月，陈飞宇与罗云熙先后亮相星光大赏红毯。当主持人宣布罗云熙即将出场时，尚未走完红毯的陈飞宇突然转身倒行，全程注视罗云熙方向。该片段被CP粉视为“飞云系营业”经典画面。后续,https://m.weibo.cn/detail/5282654560723138
机场饭拍与日常陪伴片刻,post,15,粉丝点评/记忆表达明确,女烟神CTJ,为何陈飞宇仅凭一段白日提灯剧宣路透就爆火出圈？从阿瑟请坐到少年将军，他早已用八年给出了答案…… L女烟神CTJ的微博视频 ​,https://m.weibo.cn/detail/5284606355704211
白日提灯贺思慕/女鬼鬼王记忆,post,15,粉丝点评/记忆表达明确,拾光里的暖10,#陈飞宇迪丽热巴5年前拍的杂志#这组2021年的杂志旧照近期因新剧《白日提灯》被网友考古翻红 📸 杂志核心信息 杂志名称：《芭莎男士》发布时间：2021年2月（总第017期） 封面阵容：葛优、迪丽热巴、陈飞宇、华晨宇四人同框贺岁拍摄风格：工装风为主，整体呈现清爽青涩的少年少女氛围，高级感十足 ✨ 网友热议点 颜值保鲜：五年过去，迪丽热巴依旧明艳大气，陈飞宇清隽少年感未减，被称“内娱冻龄天花板” 。宿命联动：从当年的杂志搭档，到2026年,https://m.weibo.cn/detail/5279252888949052
白日提灯贺思慕/女鬼鬼王记忆,post,15,粉丝点评/记忆表达明确,_happymorning,#陈飞宇迪丽热巴5年前拍的杂志#陈飞宇和迪丽热巴在2021年共同为《芭莎男士》2月刊拍摄了一组工装风写真，近期因两人合作新剧《白日提灯》被网友考古热议。一、杂志拍摄背景与风格五年前（2021年），陈飞宇与迪丽热巴曾为《芭莎男士》拍摄双人工装风写真。画面中两人身着简约工装，造型清爽利落，迪丽热巴明艳大方，陈飞宇则展露少年感，同框氛围自然清新。目前原版高清图未全面释出，网友主要通过考古博主的局部截图回顾（如封面、内页选图）。二、网友热议焦点,https://m.weibo.cn/detail/5279266465382684
乔晶晶与《你是我的荣耀》入坑记忆,post,15,粉丝点评/记忆表达明确,崎川长岛,#迪丽热巴你是我的荣耀# dlrb#迪丽热巴乔晶晶# 创造营2019‖迪丽热巴‖发起人甜妹，又飒@Dear-迪丽热巴 禁二改 二传 ​,https://m.weibo.cn/detail/4545784466904571
机场饭拍与日常陪伴片刻,post,15,粉丝点评/记忆表达明确,Leonard迪迪,迪丽热巴超话 贺思慕♦️♦️♦️𝐇𝐚𝐩𝐩𝐲 𝐀𝐩𝐫𝐢𝐥 𝐅𝐨𝐨𝐥𝐬' 𝐃𝐚𝐲!机场迪来了:-D2018 12.22北京机场(看到水印。)@Dear-迪丽热巴 🍒🍒🍒#愚人节站姐团建##迪丽热巴专属考古基地# ​,https://m.weibo.cn/detail/5282815912445430
跑男时期综艺名场面,post,15,粉丝点评/记忆表达明确,雨打松枝之幸福,#迪丽热巴跑男只录了12天#迪丽热巴2017年参与《奔跑吧》第五季仅录制12个工作日，却被剪成横跨近三个月的常驻效果，这一冷知识引发热议。我觉得这一现象揭开了综艺工业的滤镜真相，节目组通过剪辑放大存在感，既满足了观众对“常驻”的期待，也为艺人保留了档期弹性，但也让真人秀的真实感大打折扣，所谓的陪伴感不过是镜头拼接的结果，难怪越来越多观众对综艺的“剧本感”感到麻木。#海生博语#,https://m.weibo.cn/detail/5292155950072477
任安乐/帝梓元角色记忆,post,15,粉丝点评/记忆表达明确,啊森同学呢,"迪丽热巴超话#迪丽热巴微博之夜发型拆解#dlrb#迪丽热巴新剧公诉精英改名#“你的微笑在我的心尖闪耀，编织了每一个奇妙。”""𝓨𝓸𝓾𝓻 𝓼𝓶𝓲𝓵𝓮 𝓼𝓱𝓲𝓷𝓮𝓼 𝓲𝓷 𝓶𝔂 𝓱𝓮𝓪𝓻𝓽 𝓪𝓷𝓭 𝔀𝓮𝓪𝓿𝓮𝓼 𝓮𝓿𝓮𝓻𝔂 𝔀𝓸𝓷𝓭𝓮𝓻.""@Dear-迪丽热巴 迪丽热巴安乐传|任安乐|帝梓元|迪丽热巴公诉|安旎 @Dear-迪丽热巴",https://m.weibo.cn/detail/4885460566938261
李长歌与《长歌行》角色记忆,post,15,粉丝点评/记忆表达明确,迪圈智慧树,🌳3.31/小树资讯台/语录专栏“陪伴着长歌走完这段成长之路，希望长歌身上的勇气与坚守，能够激励更多在路上的你们” ——迪丽热巴·迪力木拉提很高兴你能遇到李长歌这样的“人生角色”，希望一切都如你所愿，关山万里路，拔剑起长歌！！！时间不多了，快准备准备，跟小树一起搭上李长歌的马去看长歌行吧！！！#迪丽热巴李长歌# @Dear-迪丽热巴 #迪丽热巴长歌行#,https://m.weibo.cn/detail/4620917646823135
李长歌与《长歌行》角色记忆,post,15,粉丝点评/记忆表达明确,一颗专属你的糖yuan,她来了她来了，她带着发博向我们走来了，歌儿，是你吗？明天是个好日子🕊️ 🕊️ 🕊️ 🕊️ 🕊️ 🕊️ 🕊️ 🕊️ 🕊️ 🕊️ 🕊️ 🕊️ 🕊️ 🕊️ 🕊️ 🕊️ 咕咕咕咕咕咕咕咕#迪丽热巴李长歌# #电视剧长歌行#,https://m.weibo.cn/detail/4488659271141898
嘻嘻迪/表情包/可爱梗,post,15,粉丝点评/记忆表达明确,Wuli老仙女圈圈,迪丽热巴超话#电视剧一千零一夜##迪丽热巴一千零一夜# 嘻嘻，热烈庆祝《一千零一夜》开播第五天，新鲜出炉的热巴《一千零一夜》壁纸第⑤批结尾还附送龙哥表情包一个，我龙哥就是帅点赞自取❌❌禁止二传二改❌❌依旧本着信任的原则，没有打水印，且行且珍惜 ​​​,https://m.weibo.cn/detail/4256252416074143
生日生贺与小小迪陪伴记忆,comment,15,粉丝点评/记忆表达明确,面包脑袋NaOMi,亲爱的迪迪坨@Dear-迪丽热巴 ，又长大了一岁，要快乐要自由，要勇敢做自己，愿你平安喜乐，永远发光，我会永远永远的爱你😘，未来我们一起努力吧 #迪丽热巴0603生日快乐#,https://m.weibo.cn/detail/4776335489371746
演员成长与角色群像评价,post,14,粉丝点评/记忆表达明确,星婧追剧日记,这说的应该是迪丽热巴，暂时没接剧，只接触了一个综艺。她现在不要盲目接戏是对的，30+女艺人找准赛道靠一部大🔥且口碑还不错的作品作为后半场安身立命的本钱比较重要。我还是觉得她不要再轻易尝试古装，这个太吃状态和灵气，也别轻易尝试悬疑赛道，这个太需要演技。都市丽人赛道适合她，演得出飒爽 ...全文,https://m.weibo.cn/detail/5293869277124102
演员成长与角色群像评价,post,14,粉丝点评/记忆表达明确,用户v53on8lmye,#迪丽热巴凌晨4点未发出的信息#作为迪巴多年剧粉，我想说你们以为迪巴的火只是因为她漂亮吗？所以跟着营销美貌，学她的造型，学她的举手投足……我想说肤浅了。迪巴由内而外的落落大方、优雅得体、可爱又疏离的气质，迪巴温柔善良的共情能力，迪巴有所为有所不为的那份坚持，迪巴为每个舞台每个角色默 ...全文,https://m.weibo.cn/detail/4966805174487428
白日提灯贺思慕/女鬼鬼王记忆,post,14,粉丝点评/记忆表达明确,清茶微微苦,迪丽热巴 | 白日提灯 x 贺思慕·个人修图合集巴姐再拍古装好吗？好的。红衣+两根木簪发饰——初登场，装柔弱，坐灯上看微博正文⭐️毛领绿袄裙——战场上弹阮微博正文⭐️⭐️毛领蓝袄裙——绝美转身刀人，一秒变脸可怜巴巴微博正文⭐️⭐️白毛领红斗篷——吃瓜围观中，各种小表情超可爱微博正文绿白——得到触感微博正文粉绿——拒绝大帅邀请微博正文红战国袍——花海里获取嗅觉微博正文⭐️⭐️绿战国袍——施法恢复扶桑木，无色屋子里刻木雕微博正文浅绿裙——幻,https://m.weibo.cn/detail/5291664780296542
红毯神图与高定封神造型,post,14,粉丝点评/记忆表达明确,远岛晴日,#迪丽热巴跑男只录了12天#原来她2017年作为跑男常驻嘉宾，整季节目实际全程录制下来，仅仅只参与了12天工作日的拍摄！节目组靠着拆分同一场景镜头、反复循环使用同款互动对视、游戏同框片段，再搭配后期BGM和字幕刻意引导，硬生生把短短12天零散拍出来的碎片素材，拉长剪辑成横跨整整3个月播出周期、12期完整正片的季播综艺内容。骗了全网观众一整个青春，所有人都以为她全程跟队录制、整季常驻随行，到头来全是后期剪辑制造出来的“长期参与”错觉。回看,https://m.weibo.cn/detail/5292045979880767
嘻嘻迪/表情包/可爱梗,post,14,粉丝点评/记忆表达明确,噜噜赫OvO,Wechat｜爱情公寓搞笑片段｜热血版｜经典综艺片段｜气质干净𝐢𝐧𝐬女头 ｜女生头像｜小众头像｜气质头像｜温柔女头｜甜美头像｜韩系女头｜颜值头像 壁纸分享/Wechat背景图/背景图/聊天背景图/壁纸套图/iPhone壁纸/审美积累/手机壁纸/高清/风景/小众 /自喜/猜你喜欢/头像/风景/壁纸/头像 杨幂 刘诗诗 唐嫣 赵丽颖 赵今麦 孙千 周雨彤 张婧仪 周也 范冰冰 谭松韵 关晓彤 景甜 李沁江疏影 秦岚 宋祖儿 陈都灵 张子枫 ,https://m.weibo.cn/detail/5292012606851230
白日提灯贺思慕/女鬼鬼王记忆,post,14,粉丝点评/记忆表达明确,迪迪卫小管家,迪丽热巴超话 4月13日 KOL汇总大家要重视安利博主发的KOL安利博，有助于贺思慕和白日提灯破圈！加群➡️贺思慕KOL热度(二)视频剪辑【🎯转评都需要3️⃣0️⃣0️⃣➕】 福多多剧有福 ①微博正文 福多多剧有福 ②微博正文 修图+动图【🎯转评都需要3️⃣0️⃣0️⃣➕】闻汤识面泡剧 微博正文橄榄不菜微博正文白夜飛行家微博正文表情包【🎯转评都需要2️⃣0️⃣0️⃣➕】Carol婵微博正文#迪丽热巴贺思慕# dlrb#迪丽热巴白日提灯,https://m.weibo.cn/detail/5287274075656583
嘻嘻迪/表情包/可爱梗,post,14,粉丝点评/记忆表达明确,今天吃了cake嘛,迪丽热巴超话 有没有热巴的表情包啊，特别是贺思慕的，求求求了 ​,https://m.weibo.cn/detail/5285697842842410
嘻嘻迪/表情包/可爱梗,post,14,粉丝点评/记忆表达明确,一品一晶,跑男的常驻女MC，从来都不是只会造梗的花瓶！初代baby的鲜活、热巴的灵动、雨琦的飒爽、白鹿的热烈，每一位都带着独一份的热血与真诚。有人是永远的初代白月光，有人是自带笑点的小太阳，有人是拼尽全力的热血少女，她们在奔跑的赛道上，用真实和勇气打破标签，把“女MC”的角色，活成了自己最耀眼的样子。#白鹿 杨颖##一分钟精选视频扶持计划# L一品一晶的微博视频,https://m.weibo.cn/detail/5294788154229006
李长歌与《长歌行》角色记忆,post,14,粉丝点评/记忆表达明确,Eerie骨生花,我的˗ˋˏ 𝟐𝟎𝟐𝟔 ˎˊ˗ 一定很哇塞🧨爱你老己 明天见 ˚₊ᦒ♡ᦒ₊˚.@迪迪碎语 ╭╯叮～2026新年好运正在派送💌╰⊙═⊙╯╰═⊙═⊙═══⊙╯迪迪@Dear-迪丽热巴 新年快乐！@许愿长痛细水长流 @倾泪诉歌 @兔玫卷卷丨koiio @迪迪最萌版@Dear_万人迷@抹茶嚼嚼乐 @晚安丨有热巴活动彩带 @唯虞-ysx@困桦瑾意_@HY-鸠瑶_ @圆圆不源yuan @Dear-周巴要吃菠萝包 @巴味小酥呀- @翊只小宅鱼 @弦乐四,https://m.weibo.cn/detail/5250263986209605
嘻嘻迪/表情包/可爱梗,post,14,粉丝点评/记忆表达明确,花小物fafa,迪丽热巴超话真的太爱这一季的花少了，这一季的每个成员性格都好好这种相处氛围愉悦，又有文化宣传的综艺真的强烈安利给大家~到迪迪当导游啦！想起迪迪接到导游任务卡一秒变脸的样子就好好笑迪迪也没有想到自己会当导游吧哈哈哈~ 分享一组迪迪的表情包给大家，快来抱走可爱的迪迪吧~迪丽热巴超话#花儿与少年##花儿与少年5##花少q版迪丽热巴##表情包##可爱##可爱表情包##秦岚迪丽热巴花少新导游#花儿与少年超话#花儿与少年下一站导游会是谁#,https://m.weibo.cn/detail/4973386665035927
演员成长与角色群像评价,post,14,粉丝点评/记忆表达明确,Vista看天下,【#重生之我在拼豆界考研#】#有人看春晚有人在拼豆# 除夕夜，艺人易烊千玺和陈小春一起合作了歌舞节目。与此同时，一种名为“拼豆”的神秘仪式正在社交平台上散播。先是网友“一颗孤星”发布了易烊千玺的“春晚拼豆形象”，还公布了设计图纸，很快，易烊千玺的粉丝们就开始火速复刻这个作品。不止易烊千玺，汪苏泷、迪丽热巴等艺人亮相春晚后，其“春晚拼豆形象”也随之出现。连春晚顶流打醉拳的机器人、春晚logo等等，都被“像素化”了。在某社交平台发布的《20,https://m.weibo.cn/detail/5268109175819779
红毯神图与高定封神造型,post,14,粉丝点评/记忆表达明确,第一准则,"#迪丽热巴工作室 王亚飞#近期围绕迪丽热巴工作室与长期合作的化妆师王亚飞之间的争议持续发酵，核心矛盾集中在王亚飞的妆造效果争议、团队管理问题及粉丝的强烈不满上。一、核心争议事件梳理春晚妆容引发两极评价2026年春晚宜宾分会场表演中，王亚飞为迪丽热巴设计的""人鱼姬妆""（蓝调珠光眼影+裸色唇妆+湿发造型）引发分歧。支持者认为其契合""长江生态""主题，舞台远观艺术感强；但粉丝质疑该妆弱化迪丽热巴的浓颜优势，冷光下显病态，修容不足致脸部浮肿，与2",https://m.weibo.cn/detail/5291705155716034
红毯神图与高定封神造型,post,14,粉丝点评/记忆表达明确,66的迷你Tg版,"#多位艺人成名前都当过爱格模特#爱格杂志在2026年4月8日宣布停刊912天后正式回归，掀起网友的青春回忆潮，尤其引人注目的是多位顶流艺人如宋威龙、赵露思、迪丽热巴、白敬亭等被曝出均在成名前担任过该杂志的模特，这份""明星摇篮""的履历意外成为热议焦点。爱格被誉为""青春文学界的时尚杂志""和""影像第一刊""，主打青春文艺风格，2007年创刊后以半月刊形式发行（含A/B版及言情、时尚子刊）。其封面和内页常采用新人模特，为素人提供曝光平台。2023",https://m.weibo.cn/detail/5285818465780364
乔晶晶与《你是我的荣耀》入坑记忆,post,14,粉丝点评/记忆表达明确,独恋猫的鱼v,明星大咖超话 2021bg之光 荣耀夫妇 必须进前三.开火箭发糖真的了不起. 杨洋 迪丽热巴 你是我的荣耀综艺 娱乐 搞笑 明星 吐槽#日常##优质博文上热搜开放计划# Lrituto的微博视频 ​,https://m.weibo.cn/detail/4965365639546297
白凤九与三生三世情怀,post,14,粉丝点评/记忆表达明确,Dear仪生热爱,迪丽热巴超话#迪丽热巴# 2013年阿娜尔罕2014年古剑奇谭，微时代2015年克拉之恋，逆光之恋2016年麻辣变形计，爱的阶梯，六扇门2017年漂亮的李慧珍，秦时丽人明月心，烈火如歌，三生三世十里桃花，奔跑吧，解忧杂货店，傲娇与偏见2018年热舞吧青春，一千零一夜，21克拉2019年极限挑战第5季，创造营20192020年极限挑战第6季，三生三世枕上书，幸福触手可及待播:长歌行，你是我的荣耀@Dear-迪丽热巴 迪丽热巴未来可期，金,https://m.weibo.cn/detail/4536647767560413
红毯神图与高定封神造型,post,14,粉丝点评/记忆表达明确,大石头dashitou6,#迪丽热巴陈飞宇求不要考古合照#随着迪丽热巴、陈飞宇合作新剧《白日提灯》热度走高，网友翻出两人2017年同登《SuperELLE》迪士尼特刊的旧照引发热议。当年造型风格偏夸张复古，热巴是爆炸头搭配休闲装扮，陈飞宇则是紧贴头皮的中分发型，青涩稚嫩与如今形象反差明显。在近期宣传采访中，两人先后在线“求饶”，热巴直言不想被唤醒这段记忆，陈飞宇也同步求大家别再考古,https://m.weibo.cn/detail/5282653744137413
任安乐/帝梓元角色记忆,post,14,粉丝点评/记忆表达明确,六月的你十月的我,#迪丽热巴新剧公诉精英改名#⚖#迪丽热巴公诉# 你曾说“我从来不觉得自己是幸运的，因为幸运是靠自己去争取的”！从阿娜尔罕到乔晶晶、纪云禾，再到女公诉人安旎、安乐寨主任安乐，约28个角色；数不尽的日夜，探不清的脚步。星光璀璨，为你闪耀@Dear-迪丽热巴 ✨✨✨期待【迪丽热巴任安乐丨迪丽热巴帝梓元丨迪丽热巴安乐传丨迪丽热巴安旎丨迪丽热巴公诉精英丨任安乐丨帝梓元丨安旎丨热巴 @Dear-迪丽热巴 ​​】图源：cr.水印,https://m.weibo.cn/detail/4885430128871366
新疆舞与舞台表现名场面,post,14,粉丝点评/记忆表达明确,天山月浮云,任嘉伦超话 💫#迪丽热巴任嘉伦云朵合唱#💫 这是嘉伦第二次参加央视国庆晚会。第一次无缘而错过，这次万幸认识了嘉伦。看到央视舞台上的任嘉伦光彩夺目，沉稳大气，流行与民族唱法的结合的度也拿捏的很好，唱功比两年前进步很大。真是颜值和歌声都给人意外的惊喜。表白任嘉伦和任嘉伦一起用歌声告白我们伟大的祖国,https://m.weibo.cn/detail/4554988409853074
爱丽丝与热巴的双向奔赴,comment,14,粉丝点评/记忆表达明确,Madeline0621,巴巴和爱丽丝一直都是双向奔赴的爱,https://m.weibo.cn/detail/5278306905883732
迪拜报平安/守护型记忆,comment,14,粉丝点评/记忆表达明确,ROUYMAX,我只相信迪丽热巴自己报平安,https://m.weibo.cn/detail/5272393920546624
红毯神图与高定封神造型,post,13,粉丝点评/记忆表达明确,没钥匙的贞操锁,#迪丽热巴和素人合影#雨中造型氛围感出圈 迪丽热巴身穿蓝色露背长裙，撑透明雨伞亮相南京迪奥活动现场，冷色调与雨天交融形成清冷氛围。怼脸生图展现精致骨相，侧颜轮廓被赞“美如建模”，裹毯回眸的瞬间因“脆弱美感”登上热搜。部分网友认为卷发造型略显成熟，但多数观点认可其扛镜头能力，称“生图 ...全文,https://m.weibo.cn/detail/5293778882528112
爱丽丝与热巴的双向奔赴,post,13,粉丝点评/记忆表达明确,我最不喜欢听狗叫,#迪丽热巴问白日提灯固屏去哪了#穿着粉丝应援色衣服 钢琴弹的是致爱丽丝 发现腾讯首页没白日提灯你主动说 就这样把爱丽丝护在身后吧 世界上最好的迪丽热巴迪丽热巴,https://m.weibo.cn/detail/5282962761321089
红毯神图与高定封神造型,post,13,粉丝点评/记忆表达明确,财繁华梦,#迪丽热巴陈飞宇求不要考古合照#着《白日提灯》热播，迪丽热巴、陈飞宇7年前首次合作旧照被网友考古翻红，二人在双采中首度回应，直接笑求“别考古那张合照”，趣味互动拉满宿命感。 2017年两人为《SuperELLE》迪士尼特刊同框，热巴爆炸头搭配米奇T恤元气灵动，陈飞宇中分短发造型青涩，彼时互动拘谨 ...全文,https://m.weibo.cn/detail/5282617406528220
乔晶晶与《你是我的荣耀》入坑记忆,post,13,粉丝点评/记忆表达明确,海上月823,#上次忘不了的还是于途和乔晶晶# 谁的DNA又动了！时隔多年，最让人念念不忘的荧幕情侣，还是《你是我的荣耀》里的于途和乔晶晶。 航天工程师与顶流女明星的双向奔赴，成年人势均力敌的爱情，清醒又浪漫。从高中暗恋到久别重逢，从宇宙星辰到人间烟火，每一个细节都甜到骨子里。 这才是顶级偶像剧的天 ...全文,https://m.weibo.cn/detail/5282078133585030
跑男时期综艺名场面,post,13,粉丝点评/记忆表达明确,夏屿繁星,#迪丽热巴跑男只录了12天# 迪丽热巴跑男只录了12天：短暂相遇，却成无数人心中的白月光 偶然刷到#迪丽热巴跑男只录了12天#这个话题，一瞬间满是感慨和意外。谁也没想到，那个鲜活热烈、真诚又勇敢的跑男小迪，竟然仅仅只用了十二天的录制时间，就深深烙印在观众的记忆里，成为很多人心中无可替代的经 ...全文,https://m.weibo.cn/detail/5291986091251032
爱丽丝与热巴的双向奔赴,post,13,粉丝点评/记忆表达明确,星动追踪,迪丽热巴！北京️长沙到达。然后…和接机粉丝来了一张大合影，真的是超级宠粉~ 王稳龙灬红人博主的微博视频,https://m.weibo.cn/detail/4863186333599482
爱丽丝与热巴的双向奔赴,post,13,粉丝点评/记忆表达明确,待爆滑滑梯,宠粉这一块还得看女顶流，能火这么多年、粉丝粘性和战斗力一直这么强真不是没有原因的 热巴好像从来不会让等待的粉丝落空，多次下车看应援，逆应援也毫不敷衍，除了奶茶面包还有参鸡汤#迪丽热巴给粉丝点了奶茶面包鸡汤#,https://m.weibo.cn/detail/5264418117783204
白日提灯贺思慕/女鬼鬼王记忆,post,13,粉丝点评/记忆表达明确,采裙裙,#迪丽热巴陈飞宇求不要考古合照#看了白日提灯，目前最大的感触是，长剧确实无法被短剧替代……还是想感叹一下，很少看到这么有魅力的上位者女主。 我的审美其实是坚韧小白花，入坑短剧以来更是苦“大女主”久矣，要么金手指开得超大，睥睨一群配角，解决问题全靠外挂，又端又装的； 要么被虐到重生，突然智商能力开挂打脸渣男，再遇新欢。我一直在想，这样的女主，凭什么能重生? 现在我刷到这类型剧都会直接划走。 贺思慕一样是能力超群，十代内最强，有活了四百年的,https://m.weibo.cn/detail/5282620374256987
跑男时期综艺名场面,post,13,粉丝点评/记忆表达明确,千万正能量,#迪丽热巴跑男只录了12天#2017年，迪丽热巴加盟《奔跑吧》第五季，作为代班常驻嘉宾，她实际集中录制仅12天，却以耀眼表现成为观众心中无可替代的“跑男迪”，用短暂时光铸就综艺经典。 彼时的她，带着青涩与真诚登场，毫无偶像包袱。游戏中拼劲十足，低温拍摄、泥潭挑战、指压板闯关从不退缩，哪怕恐水也坚持完成水上任务，每一刻都尽显敬业。她性格鲜活灵动，既有甜美可爱的一面，转圈名场面元气满满；又有直率暖心的特质，默默帮队友整理仪容、擦拭水渍，细腻,https://m.weibo.cn/detail/5292009015216470
演员成长与角色群像评价,post,13,粉丝点评/记忆表达明确,一只米妮,我偷拍的美女客户试戴瞬间，好白好高好美！美人的长法局部就能看出多美了！她就是那位抽雪茄的美女客户，同时自己在深圳南山有一家自己的雪茄吧，昨天一个人就买了一堆，这条项链也看中了，不过准备自己拿裸石定制。这款极繁主义的“凌乱感”K金多宝项链是我们做的第三条了，前面两条一条是长的像迪丽热巴的美女买走了，一条给也是南山区的专门做资产配置的利落老粉买走了，只要是我卖掉的，我都记得这些客人。好的珠宝会自己找主人～ 2深圳·Minipura珠宝·海上,https://m.weibo.cn/detail/5294076935278064
演员成长与角色群像评价,post,13,粉丝点评/记忆表达明确,月影素寒流2,#陈飞宇迪丽热巴5年前拍的杂志#老粉应该还对一封更早的有米老鼠的杂志有印象。 ​,https://m.weibo.cn/detail/5279250321247456
嘻嘻迪/表情包/可爱梗,post,13,粉丝点评/记忆表达明确,雾中藏诗-AAA,#迪丽热巴再被叫胖迪很惊讶#谁能想到，一句久违的“胖迪”，直接让迪丽热巴当场愣住，满眼都是藏不住的惊讶。在品牌活动现场，突然被喊起这个早期昵称，她瞬间睁大眼睛，反应又真实又可爱，瞬间戳中无数老粉的心。 这个称呼是她刚走红时的专属爱称，和身材无关，满是粉丝的宠溺，见证了她从青涩新人一路走到如今的顶流。这些年大家更习惯叫她热巴、巴姐，这个带着青春回忆的名字早已很少被提起，也难怪她会如此意外。 从软萌可爱的胖迪到优雅大气的迪丽热巴，变的是称呼,https://m.weibo.cn/detail/5278942458032396
白日提灯贺思慕/女鬼鬼王记忆,post,13,粉丝点评/记忆表达明确,偏迪子爱,柔色，月落眉弯 ‖ 白月光🤍贺思慕#迪丽热巴贺思慕# ​,https://m.weibo.cn/detail/5294570096035271
白日提灯贺思慕/女鬼鬼王记忆,post,13,粉丝点评/记忆表达明确,迪迪卫小管家,迪丽热巴超话 可逐发了热巴的表情包，大家快来给足热度～可逐微博正文（一千）管家微博正文（转发）#迪丽热巴白日提灯# dlrb#迪丽热巴贺思慕# dlrb#白日提灯# ​,https://m.weibo.cn/detail/5285135332671860
白日提灯贺思慕/女鬼鬼王记忆,post,13,粉丝点评/记忆表达明确,用户7928477143,思胥万千超话 👻#思胥万千7日安利计划#🦊#向全世界安利思胥万千#Day1入坑思胥万千的原因真的要说被剧中贺思慕和段胥的爱情打动，其实是在剧情的中间阶段，进入归墟后的剧情。段胥太热烈了，一次次的奔向贺思慕，少年将军在战场浴血奋战，年少夺魁在朝堂也是熠熠生辉，但是在强大的万灵之主面前他甘愿臣服，没有一点男性角色身上的“劣性”。在段胥和贺思慕的感情中，我看到的是两个人，而非男女。贺思慕为什么爱段胥，剧中给出了一个看似具体的答案——交换五感,https://m.weibo.cn/detail/5289580544656970
嘻嘻迪/表情包/可爱梗,post,13,粉丝点评/记忆表达明确,Komorebi_须臾,动画片 | 童年回忆 | 海绵宝宝第十一集｜神奇的缩小海绵𝙒𝙚𝘾𝙝𝙖𝙩｜女明星高质量头像头像分享| 卡通头像| 可爱头像 | 审美积累｜可爱｜萌宠｜ipad壁纸｜手机壁纸｜ins｜高清｜无水印｜好运｜搞怪｜毛茸茸｜奇奇怪怪｜头像推荐｜清新｜小猫小狗｜拿花头像｜美女头像｜对镜拍｜张子枫｜周也｜鞠婧祎｜张婧仪｜欧阳娜娜｜文淇｜陈都灵｜杨幂｜赵今麦｜卢昱晓｜白鹿｜刘亦菲｜Angelababy｜刘浩存｜李兰迪｜徐若晗｜杨超越｜田曦薇｜孟子义｜虞,https://m.weibo.cn/detail/5294059263625046
演员成长与角色群像评价,post,13,粉丝点评/记忆表达明确,ii-LY,演员迪丽热巴 愿你能接到想演的角色 喜欢的剧本 会有越来越多的人看见你 认可你我一直做你的观众 ​,https://m.weibo.cn/detail/5294636277174983
嘻嘻迪/表情包/可爱梗,post,13,粉丝点评/记忆表达明确,Max九爷,音乐分享｜今日分享音乐｜感觉至上“为我心中挚爱，赠以感激之情”ins｜薄荷曼波壁纸∘˚🧴˚˟🫙˖⭒˚薄荷绿｜壁纸分享｜夏日清凉壁纸｜全屏壁纸｜锁屏壁纸｜氛围感壁纸｜iphone壁纸｜绿色果然是生命的颜色｜薄荷曼波𝙒𝙚𝘾𝙝𝙖𝙩背景图 𝙞𝙣𝙨风 背景图推荐❤️🧡💛💚💙💜🤎🖤🤍杨幂 刘诗诗 唐嫣 赵丽颖 赵今麦 孙千 周雨彤 张婧仪 周也 谭松韵 关晓彤 景甜 李沁江疏影 秦岚 宋祖儿 陈都灵 张子枫 古力娜扎卢昱晓 戚薇 毛晓彤 李庚希 向,https://m.weibo.cn/detail/5294297020894539
花少/你好星期六等综艺片刻,post,13,粉丝点评/记忆表达明确,给啵摘星,"#周柯宇来内娱是为了追星吗#对迪丽热巴的追星成功周柯宇多次公开表示，因2015年观看《克拉恋人》喜欢迪丽热巴而入行，后通过努力加入嘉行传媒成为其同事。2023年两人共同录制《开始推理吧》时，他不仅在节目中大方表达崇拜，更被拍到主动为热巴披外套防走光、游戏时紧挽其手臂等细节，被粉丝调侃为""带薪追星""的典范。与吴彦祖的梦幻联动2026年录制综艺《风华合伙人》期间，周柯宇以""追星""姿态引发热议：出发前发文""出发追星去了""，自称""东城阿祖""呼应",https://m.weibo.cn/detail/5286320662646399
红毯神图与高定封神造型,post,13,粉丝点评/记忆表达明确,独孤九鎗,从巴黎秀场到风格标杆：迪丽热巴的“真人芭比”进化论，我再补充两句。一、巴黎高光：蓝裙精灵的芭比具象化时刻2025年10月1日的巴黎时装周，迪丽热巴用一套造型重新定义了“真人芭比”的标准答案。迪奥2026春夏系列的蓝色无袖花朵套裙上，立体花瓣与重工刺绣随步态轻颤，背后超大蝴蝶结如同精灵的翅膀，被粉丝爱称为“满天星裙”。真发编织的齐刘海搭配金色长卷发，柔化了她深邃五官的锐利感，169cm的身形让梦幻裙摆更显灵动。外媒镜头下的生图里，她兼具“,https://m.weibo.cn/detail/5217060007187432
白日提灯贺思慕/女鬼鬼王记忆,post,13,粉丝点评/记忆表达明确,今昭小雨淅淅,#陈飞宇迪丽热巴5年前拍的杂志#陈飞宇与迪丽热巴2021年为《芭莎男士》拍摄的工装风大片意外翻红，清爽少年感搭配明艳大气，同框氛围感拉满。这组尘封旧照被网友考古后迅速刷屏，五年前同框宿命感话题登上热搜。从杂志初识到新剧《白日提灯》再合作，两人从青涩搭档变身为鬼王贺思慕与少年将军段胥，戏里人鬼羁绊、戏外跨时空重逢，宿命感直接拉满。这波考古热度与剧宣完美联动，为剧集带来自来水式传播，未播先火，网友直呼“缘分早已写好”。,https://m.weibo.cn/detail/5279259753972145
乔晶晶与《你是我的荣耀》入坑记忆,post,13,粉丝点评/记忆表达明确,lessismore227,#迪丽热巴大明星的星光# 还记得2021大明星乔晶晶红遍东南亚！戏里戏外都诠释星光大女主本人！要奖有奖、要爆剧有爆剧、N多个出圈角色！巴粉吃太好了 ​,https://m.weibo.cn/detail/4938338773506610
白凤九与三生三世情怀,post,13,粉丝点评/记忆表达明确,我游遍人间四境200212,迪丽热巴超话 釜山电影节正式晋升为国际A类迪丽热巴2020年凭借《三生三世枕上书》获得釜山电影节亚洲内容最佳新人演员，提名釜山电影节亚洲内容最佳女主角。此前也只有周迅提名、宋佳获奖，迪丽热巴直接一提一获，90唯一视后的含金量还在上升 ​​​所以 我期待迪丽热巴每一部作品 期待白日提灯#迪丽热巴 白日提灯##2026白玉兰预测##迪丽热巴dlrb#,https://m.weibo.cn/detail/5276553308276991
红毯神图与高定封神造型,post,13,粉丝点评/记忆表达明确,来一壶大枣茶,啊啊啊真是考古挖到宝了！！！你俩这造型也太有回忆杀了吧#迪丽热巴陈飞宇17年合拍的杂志##迪丽热巴陈飞宇一个爆炸头一个牛舔头# ​,https://m.weibo.cn/detail/5280301538345261
枭起青壤/聂九罗表演突破,post,13,粉丝点评/记忆表达明确,萌泪语,#迪丽热巴枭起青壤#dlrb#迪丽热巴聂九罗#你是自由的蝴蝶 我是枯萎的花@Dear-迪丽热巴 ​,https://m.weibo.cn/detail/5277970026731275
枭起青壤/聂九罗表演突破,post,13,粉丝点评/记忆表达明确,旎今天吃菠萝包,#迪丽热巴枭起青壤# ​​​dlrb#迪丽热巴聂九罗#“𝒢𝒾𝓋𝓮 𝓉𝒽𝓮 𝒻𝓁𝓸𝓌𝓮𝓇 𝓸𝒻 𝒶 𝒸𝒾𝓉𝓎 𝓉𝓸 𝓂𝓎 𝓈𝓌𝓮𝓮𝓉𝒽𝓮𝒶𝓇𝓉 ·倾一城之花 赠与我心上人”@Dear-迪丽热巴#迪丽热巴聂九罗# dlrb #迪丽热巴枭起青壤# 迪丽热巴｜枭起青壤｜聂九罗@Dear-迪丽热巴,https://m.weibo.cn/detail/5183371625894986
纪云禾与鲛人系角色记忆,post,13,粉丝点评/记忆表达明确,Dear-海边吃提拉米苏看黄昏,"#迪丽热巴与君初相识# dlrb#迪丽热巴纪云禾# 𝓨𝓸𝓾 𝓪𝓻𝓮 𝓶𝔂 𝓵𝓲𝓰𝓱𝓽, 𝓪𝓷𝓭 𝓘 𝔀𝓲𝓵𝓵 𝓪𝓵𝔀𝓪𝔂𝓼 𝓱𝓪𝓿𝓮 𝓪 𝓬𝓻𝓾𝓼𝓱 𝓸𝓷 𝔂𝓸𝓾. 🦋 你就是我的那束光，我会永远对你心动”@Dear-迪丽热巴",https://m.weibo.cn/detail/4753171224986368
白凤九与三生三世情怀,post,13,粉丝点评/记忆表达明确,Dear_霸气热巴肉巴,各位爱丽丝们可还记得热巴演的 一些角色《风中奇缘》饰演骊姬《阿娜尔罕》饰演阿娜尔罕《克拉恋人》饰演高雯《古剑奇谭》饰演芙蕖《麻辣变形记》饰演关小迪《漂亮的李慧珍》李慧珍《三生三世十里桃花》白凤九《逆光之恋》江离《烈火如歌》烈如歌@Dear-迪丽热巴 @Dear-迪丽热巴 @Dear-迪丽热巴 #4y20r迪丽热巴刘佳音##迪丽热巴烈火如歌##迪丽热巴烈火如歌##迪丽热巴##迪丽热巴凤九#,https://m.weibo.cn/detail/4223667296891952
演员成长与角色群像评价,post,13,粉丝点评/记忆表达明确,巴巴梦女,迪丽热巴超话#迪丽热巴杜莎穿越之旅# 还记得第一次关注你的时候是在克拉恋人上，当时你在剧中饰演的是一个古灵精怪为朋友两肋插刀的女明星，之后通过各种角色我慢慢的喜欢上了你，一个明明可以靠颜值却要靠演技的你，后来，听说你要上跑男激动的一晚上睡不着在然后，看到跑男上时而呆萌时而霸气时而性感的你，我的心告诉我就是你了@Dear-迪丽热巴 我是一个不喜欢煽情的人，但我愿意为了你变得肉麻，我是一个不善言辞的人，但我愿意为了你变得能言善变，我是一个,https://m.weibo.cn/detail/4290042065797516
嘻嘻迪/表情包/可爱梗,comment,13,粉丝点评/记忆表达明确,badada博,我的热巴说: 摄像机好乖啊～ 我在屏幕前说: 啊啊啊我的热巴好可爱啊～软萌软萌哒～,https://m.weibo.cn/detail/4978824249083389
白日提灯贺思慕/女鬼鬼王记忆,comment,13,粉丝点评/记忆表达明确,非常喜欢旎,白日提灯看的人就是多，尤其喜欢贺思慕,https://m.weibo.cn/detail/5284489620358334
演员成长与角色群像评价,comment,13,粉丝点评/记忆表达明确,支持正能量的宝宝们,这真是粉丝吗，粉丝视角和路人视角就是不一样哈，因为他说的热巴以前的好我没get到过，他批判热巴现在的差我也无从感知，因为热巴就没给过我会演戏的感觉，没被吸引过，因为别人看过一两部里面有她的，她就被我定性为不适合当演员的演员了，就再没给过机会，所以她粉丝说她如今的差也自然感受不到,https://m.weibo.cn/detail/5281465973871458
红毯神图与高定封神造型,post,12,粉丝点评/记忆表达明确,顾珎之_,#迪丽热巴美美出片#2026年4月，迪丽热巴凭多组高质感造型与出片刷屏全网： 南京DIOR雨中蓝裙撑伞画面封神，冷艳破碎感出圈，直播造型多变、亲民互动圈粉；工作室对镜自拍又显软萌，生图与高效出片实力被赞“出片王者”。 公众对其33岁状态热议，认可她松弛反差美学与健康气质，反对年龄标签化；同时商 ...全文,https://m.weibo.cn/detail/5293531695683181
白日提灯贺思慕/女鬼鬼王记忆,post,12,粉丝点评/记忆表达明确,Dear迪丽热巴守护星,迪丽热巴 超话每日总结： 🍒今日超话违规案例： 注意修图质量 ，🈲️换脸图 如图 🍒今日超话规则科普: ‼️互动/养号/水贴请统一在水贴专区【迪迪冲呀】发布。 #迪丽热巴贺思慕# dlrb#迪丽热巴白日提灯#,https://m.weibo.cn/detail/5293162050356455
爱丽丝与热巴的双向奔赴,post,12,粉丝点评/记忆表达明确,杂菇君,有这么双向奔赴的巴巴和巴粉，根本不知道拿什么输。迪丽热巴爱丽丝的双向奔赴 迪丽热巴爱永远有回应#暑假刷到宝了##一分钟视频创作季# 甜趣娱小酱的微博视频,https://m.weibo.cn/detail/5208948795508762
爱丽丝与热巴的双向奔赴,post,12,粉丝点评/记忆表达明确,Absinthea,我们家两个宝贝对粉丝那是一等一的好 线下活动有排面又有秩序 虽然出现的时间不长但是该给粉丝的爱一直都有 挥手微笑飞吻鞠躬等等等等 爱就是双向奔赴 永远爱洋迪❤️,https://m.weibo.cn/detail/5292750797016809
迪拜报平安/守护型记忆,post,12,粉丝点评/记忆表达明确,尺渔方至,其实早就料到你会心疼……是见不得大家淋雨催大家赶紧回家的你是生日会让大家回家报平安的你是说大家没有距离我们是“胖迪亲友团”的你是心疼大家冷到没有等到你反向应援的你是看见来看你的人的眼泪，也会掉下眼泪的你你依旧是这么多年我彻底入坑那天的你 ​,https://m.weibo.cn/detail/5292811392125690
白日提灯贺思慕/女鬼鬼王记忆,post,12,粉丝点评/记忆表达明确,阿佳小0,我还是那句话，贺思慕这个角色对于女演员来说演到就是赚到。这个故事这个角色能从头到尾维持住女主内核思想，始终以贺思慕为尊，就是圈内对她咖位的最大认可。贺思慕非迪丽热巴演不可，换个女演员都不可能这么女尊的。好好珍惜白日提灯吧！就长剧现在这种颓势，这种配置班底这种长集数这种大女尊的古装剧估计以后也难有了。因为我对灯从来没有特别期待过什么，所以这次是我入坑以来追剧体验最开心的一次。没有什么可遗憾的，没有什么可生气的，所有的成绩都是它的命。大家都,https://m.weibo.cn/detail/5288107823595983
嘻嘻迪/表情包/可爱梗,post,12,粉丝点评/记忆表达明确,椰猫若,#迪丽热巴工作室 王亚飞#萌萌的双马尾唉~梦回当年阿！巴宝真的很可爱啦~就很青春阳光的感觉！#流量飙升# ​,https://m.weibo.cn/detail/5291731340759427
跑男时期综艺名场面,post,12,粉丝点评/记忆表达明确,倔强阿芙,死去的记忆又复活了热巴出场时的画面简直太美了只听邓超 郑恺 李晨 王祖蓝 鹿晗哇声一片#迪丽热巴跑男只录了12天# L倔强阿芙的微博视频 ​,https://m.weibo.cn/detail/5291997719957194
嘻嘻迪/表情包/可爱梗,post,12,粉丝点评/记忆表达明确,草莓配蛋挞,陈飞宇一开口梦回李峋，热巴低音炮说“我叫李峋，我在哪，哪就是山顶”好可爱陈飞宇 迪丽热巴 ‖你好星期六超话 L草莓配蛋挞的微博视频 ​,https://m.weibo.cn/detail/5289201223336809
乔晶晶与《你是我的荣耀》入坑记忆,post,12,粉丝点评/记忆表达明确,磕CP的葡萄子,当年的荣耀夫妇，各自都活成了更好的样子。#迪丽热巴##杨洋# L磕CP的葡萄子的微博视频 ​,https://m.weibo.cn/detail/5293499465341270
跑男时期综艺名场面,post,12,粉丝点评/记忆表达明确,剧综时尚美妆,我突然理解迪丽热巴粉丝的执念了。她当年录制《奔跑吧》，实际录制时长仅仅只有12天。一整季近4个月拍摄周期、12期节目。大多数观众看完都以为她全程常驻录满一季，我以前也一直是这么认为。谁也没想到，仅仅十几天的节目出镜，却让她在此后长达九年里，一次次陷入舆论非议与无端争议。喜欢她已经八年半。看着她从当年饱受争议的新人，一步步走到如今手握多项顶奢代言，还有大女主新剧《白日提灯》待播，一路走来真的很让人感慨。 L剧综时尚美妆的微博视频,https://m.weibo.cn/detail/5292086649950165
花少/你好星期六等综艺片刻,post,12,粉丝点评/记忆表达明确,暴脾气甜甜兔,#网传开推4常驻女嘉宾只剩下金靖了#2月9日，#开推4常驻女嘉宾只剩下金靖了# 登上热搜，形成官方原班承诺与网传换血的激烈对立，截至10日仍无定论。 事件核心为信息矛盾：2月7-8日节目组连发声明，确认“赫丽摸金宇”六人组全员回归，金靖、刘宇宁等嘉宾互动也强化团魂期待。但次日多家娱乐账号爆料，迪丽热巴因《白日提灯》宣传、春晚及新剧进组等档期冲突，确定退出常驻，丁程鑫补位，白宇转为飞行，常驻女嘉宾仅剩金靖。 舆论呈两极分化：老粉惋惜“双女,https://m.weibo.cn/detail/5264699224491379
嘻嘻迪/表情包/可爱梗,post,12,粉丝点评/记忆表达明确,猴脸歪鼻秒了姐,#迪丽热巴跑男只录了12天#当时她真的好火，广告铺天盖地，有清纯的仙女，有性感的御姐，从天而降这么一位集可爱美丽高贵异域风情的少女，真的太吸引人了，加上她三观正内外兼修太有魅力，顿时成为无数人的白月光。怎么能不爱上她！ ​,https://m.weibo.cn/detail/5292111441169626
红毯神图与高定封神造型,post,12,粉丝点评/记忆表达明确,金猪胖嘟,#迪丽热巴邓为迪奥生图#迪奥南京活动生图出圈，迪丽热巴与邓为同框上演“男帅女美”的视觉盛宴，零滤镜镜头下的真实状态，尽显顶级时尚适配度与明星质感。迪丽热巴身着蓝色无袖礼裙，雨中撑伞身姿摇曳，优越骨相与清透皮肤无惧怼脸拍，被赞“生图即神图”，甜美优雅又不失大气，完美诠释迪奥的浪漫高级感。邓为金发搭配丹宁印花套装，造型清爽吸睛，少年感与贵气兼具，挺拔身形与松弛气场尽显时尚可塑性。两人风格互补、气场契合，无刻意炒作，自然同框的画面极具故事感。,https://m.weibo.cn/detail/5292699457423644
白日提灯贺思慕/女鬼鬼王记忆,post,12,粉丝点评/记忆表达明确,想成为想成为的人的木木木,家人们谁懂啊！《白日提灯》23-24集虐心修罗场直接给我看emo了！！段胥失恋跑回人间独自神伤，这边贺思慕刚开窍两人又开始互相折磨。最炸裂的是男二晏柯！表面温润如玉，背地里放任颜璋使阴招想害死女主夺权，这腹黑舔狗反噬看得我拳头硬了。虽然是冲着热巴陈飞宇的绝美神颜入坑，但这剧情后劲也太大了，根本停不下来，全员演技在线太顶了！别光顾着养肥，快来评论区告诉我你是不是也被晏柯这老六气得睡不着？顺便提一嘴，剧集热度真的很能打，昨天4月10日单日播,https://m.weibo.cn/detail/5286549156528590
嘻嘻迪/表情包/可爱梗,post,12,粉丝点评/记忆表达明确,Forever08261,𝐇𝐢𝐝𝐞｜憨豆先生｜第二集萌宠头像｜治愈系头像头像安利｜卡通手绘｜软萌头像｜审美封神｜可爱爆棚｜毛茸茸萌物｜平板全屏壁纸｜手机超清壁纸｜小红书热榜｜无水印原图｜转运好运｜搞怪趣味｜小众独特｜清新温柔｜氛围感拉满｜韩系极简｜高级质感｜闺蜜双人头像｜横屏护眼壁纸 张子枫｜周也｜鞠婧祎｜张婧仪｜欧阳娜娜｜文淇｜陈都灵｜杨幂｜赵今麦｜卢昱晓｜白鹿｜刘亦菲｜Angelababy｜刘浩存｜李兰迪｜徐若晗｜杨超越｜田曦薇｜孟子义｜虞书欣｜迪丽热巴｜刘,https://m.weibo.cn/detail/5292986713508653
花少/你好星期六等综艺片刻,post,12,粉丝点评/记忆表达明确,玛窝美木,迪丽热巴很少参加综艺 但老被说什么综艺咖 其实你们也知道迪丽热巴的性格在真人秀中很讨喜吧 参加的奔跑吧是历届跑男中顶🔥的一季 参加的花少5️⃣获奖白玉兰最佳综艺 参与的开推也被yx成群像的神 我甚至还没有提极限挑战和创造营2019 ​,https://m.weibo.cn/detail/5292024737566692
白凤九与三生三世情怀,post,12,粉丝点评/记忆表达明确,墨染银霜雪,如果你认识她，请停留片刻，请为这位将西域明艳与百变实力柔进光影的耀眼演员，点亮一束支持的鲜花。她是迪丽热巴，2013年，她因主演阿娜尔罕正式出道，那个美丽坚韧的维吾尔族少女，让观众初识这张来自新疆的面孔。此后十余年，她用一个个深入人心的角色完成了从新星到顶流的蜕变，2015年，克拉恋人中，鬼马精灵的高雯让她一炮而红。2017年，三生三世十里桃花里，痴情灵动的白凤九让她获得白玉兰奖最佳女配角提名。2018年，26岁的迪丽热巴成为金鹰电视艺,https://m.weibo.cn/detail/5273739748706073
乔晶晶与《你是我的荣耀》入坑记忆,post,12,粉丝点评/记忆表达明确,别在姐面前吹,#今年夏天结束了##迪丽热巴乔晶晶# dlrb#迪丽热巴吃个彩虹# 2018夏天有游塞舌尔2019夏天有游希腊可是2020的夏天没有收到迪迪子的旅游图呢我的漂亮姐姐，今天在干什么呢@Dear-迪丽热巴 ​,https://m.weibo.cn/detail/4543228928335280
跑男时期综艺名场面,post,12,粉丝点评/记忆表达明确,桃眠小农Leo,#迪丽热巴跑男只录了12天#迪丽热巴在2017年《奔跑吧》第五季的实际录制时长仅12个工作日，却凭借鲜活表现与节目组的剪辑手法，成为观众心中经典的“跑男迪”，并引发对综艺制作逻辑与艺人影响力的多重讨论。 ​,https://m.weibo.cn/detail/5292238474055208
白日提灯贺思慕/女鬼鬼王记忆,post,12,粉丝点评/记忆表达明确,重生之我帅的被人砍z,"#迪丽热巴陈飞宇一个爆炸头一个牛舔头#迪丽热巴爆炸头""与""陈飞宇牛舔头""的讨论热潮源自两人2017年合拍杂志的复古造型被网友考古翻出，其反差感极强的形象与如今新剧《白日提灯》中""鬼王×将军""的宿命CP形成鲜明对比，引爆全网玩梗狂欢。2017年，迪丽热巴与陈飞宇为《SuperELLE》迪士尼米奇90周年特辑拍摄时尚大片。迪丽热巴以蓬松张扬的复古爆炸头亮相，搭配彩色发带彰显灵动野性；陈飞宇则梳着服帖的中分短发，紧贴头皮的发型被网友调侃神似""",https://m.weibo.cn/detail/5280371908280353
纪云禾与鲛人系角色记忆,post,12,粉丝点评/记忆表达明确,Dear-辰辰吃不饱,#迪丽热巴互动胡意旋自带bgm# dlrb#一口气炫完与君初相识# 海底月是天上月，眼前人是心上人，与君初相识，恰似故人归，我只爱你一人，人间纵有百媚千红，唯独你是情之所钟，我只想把最好的给你，我愿提笔画尽天下，许你一世繁华，他日定赴余生之约 与君相向转向卿 ，与君双栖共一生。@Dear-迪丽热巴 【迪丽热巴与君初相识纪云禾】cr.见水印,https://m.weibo.cn/detail/4753193597407366
李长歌与《长歌行》角色记忆,post,12,粉丝点评/记忆表达明确,月亮说别睡了起来学习,作为观众来说，看罗云熙的剧我真的不会care剧里的cp咋样，全程只会注意罗云熙有多帅多好看，因为颜值太出众导致我觉得剧里没有人能和他搭哈哈哈哈哈。女主对我来说可能就真的有点工具人了（骚瑞）包括热巴的剧也是，除了长歌行的cp我狠狠get到了，其他剧里男主对我而言也就是工具人。（个人观点，别来杠我，你杠就是我对）,https://m.weibo.cn/detail/4753172163727407
纪云禾与鲛人系角色记忆,post,12,粉丝点评/记忆表达明确,小迪滴晗,#仙侠剧女主终于支棱起来了#快来优酷看迪丽热巴纪云禾与君初相识有迪丽热巴真不错啊 迪丽热巴饰演的纪云禾绝了我见过周身杀气的纪云禾，也见过宁死不屈一身傲骨的纪云禾，还见过万念俱灰的纪云禾，更见过为自己所爱之人放下自己的傲骨苦苦哀求的纪云禾，这一切都是迪丽热巴把书中的纪云禾演活了。@Dear-迪丽热巴,https://m.weibo.cn/detail/4753098994878342
纪云禾与鲛人系角色记忆,post,12,粉丝点评/记忆表达明确,63号热爱庇护所首任长官,#与君初相识恰似故人归优酷年度剧集TOP1#【与君初相识·纪云禾】纪云禾的眼神就能让我神魂颠倒！恭喜@Dear-迪丽热巴 ​,https://m.weibo.cn/detail/4852873882242408
嘻嘻迪/表情包/可爱梗,post,12,粉丝点评/记忆表达明确,董小姐影综剪辑,迪丽热巴超话 迪丽热巴：太累了我真的太累了。哈哈哈哈哈翻滚吧热巴！我的灵魂歌手怎么嫩么可爱鸭@Dear-迪丽热巴 L校花的微博视频 ​,https://m.weibo.cn/detail/4389016239297865
花少/你好星期六等综艺片刻,post,11,粉丝点评/记忆表达明确,小兔桃汽龅,张凌赫看起来就很好骗的样子哈哈哈哈哈太逗了 金靖｜迪丽热巴｜张凌赫｜白宇｜刘宇宁｜周柯宇｜沈月｜开始推理吧｜开推｜ 小兔桃汽龅的微博视频,https://m.weibo.cn/detail/5292707292908191
白日提灯贺思慕/女鬼鬼王记忆,post,11,粉丝点评/记忆表达明确,夏季樱桃巷,迪丽热巴迪丽热巴#迪丽热巴贺思慕# dlrb #迪丽热巴白日提灯# dlrb #迪丽热巴卫蓝# 迪丽热巴 |白日提灯 | 虽然不能同时拥有一切 | 贺思慕 |卫蓝@Dear-迪丽热巴 赞美你 包容你 都是我的使命,https://m.weibo.cn/detail/5293729082773357
红毯神图与高定封神造型,post,11,粉丝点评/记忆表达明确,宝藏匿名,#迪丽热巴和素人合影# 好美呀 迪丽热巴近期在南京迪奥活动中与素人粉丝的合影引发热议，雨中撑伞、蓝裙飘逸的形象被赞“破碎感美神”，而她主动搓手为粉丝取暖的细节更让网友直呼“温柔到骨子里”。 一、活动生图状态与造型亮点 颜值与氛围感出圈 迪丽热巴身披蓝色露背长裙， ...全文,https://m.weibo.cn/detail/5293737574141930
红毯神图与高定封神造型,post,11,粉丝点评/记忆表达明确,偷一颗里里梨,#迪丽热巴#蓝裙造型封神 4月28日，迪丽热巴作为迪奥全球品牌大使出席南京活动，身披蓝色露背长裙，搭配透明雨伞与眼尾蓝色亮片妆。雨中撑伞画面被赞“美神降临”，生图侧颜轮廓优越，离场时湿发裹毯的“战损美学”更成热议焦点。迪奥副总裁亲自迎接，凸显品牌重视。 粉丝双向奔赴 线下人气爆棚：活动 ...全文,https://m.weibo.cn/detail/5292992312116363
行走的油画/神女美貌出圈,post,11,粉丝点评/记忆表达明确,富贵是只宝宝猫,思胥万千 “你喜欢我今日的样子吗？我想让你看到这世上的生机，也想让你看到最真实耀眼的我”哇哇好甜 陈飞宇×迪丽热巴，段胥×贺思慕的宿命感直接拉满！ 紫衫少年与白衣神女，一眼万年的双向奔赴，每一个画面都美到失语✨ 富贵是只宝宝猫的微博视频,https://m.weibo.cn/detail/5286796838572563
跑男时期综艺名场面,post,11,粉丝点评/记忆表达明确,撸猫纸痕,#迪丽热巴跑男只录了12天#迪丽热巴2017年作为常驻嘉宾参与《奔跑吧》第五季录制，实际拍摄仅12天，却剪成了12期节目播出近3个月，这一冷知识近期引发热议，许多网友惊叹于短期录制竟能创造贯穿整季的经典记忆。一、核心事实与录制背景录制时长与播出效果迪丽热巴于2017年加盟《奔跑吧》第五季（节目更名后首季），实际集中录制时长约12个工作日，素材最终被剪辑为12期正片，播出周期横跨近3个月。她凭借活泼开朗的性格、游戏中的拼劲（如低温拍摄、鸵,https://m.weibo.cn/detail/5291997514435804
跑男时期综艺名场面,post,11,粉丝点评/记忆表达明确,中网传播,#迪丽热巴跑男只录了12天##奔跑吧路透#今日，有网友考古出@Dear-迪丽热巴 作为常驻嘉宾参与《奔跑吧》第五季（2017年），实际集中录制时长约12个工作日，素材被剪辑为12期正片播出跨度近3个月，该季是节目更名为《奔跑吧》的首季，迪丽热巴超话她因活泼表现被称为“跑男迪”，迪丽热巴凭借转圈舞蹈、游戏拼搏等画面，塑造了“甜热热”“胖迪”等鲜活形象，成为观众心中的“综艺白月光”。 L中网传播的微博视频,https://m.weibo.cn/detail/5292113350886576
白日提灯贺思慕/女鬼鬼王记忆,post,11,粉丝点评/记忆表达明确,想多多吃鱼,#白日提灯#老🍆粉恶意截图又加速，无非就是故意抹黑迪丽热巴演技，随橙想呢，让这个邪恶沙糖桔看起来更像被鬼附身了，让我们一起看《白日提灯》，真假贺思慕吧总而言之言而总之，都不是747该考虑的事 ​,https://m.weibo.cn/detail/5282625488946616
花少/你好星期六等综艺片刻,post,11,粉丝点评/记忆表达明确,再惹寿司吧,#开推4迪丽热巴退出丁程鑫加入#迪丽热巴退出确实挺可惜的。她前三季在节目里颜值、智商、综艺感都在线，和其他嘉宾配合默契，造型亮眼、搜证认真，还能接梗造笑点，是很多人追开推的理由之一。这次因为档期等原因不常驻，老粉难免舍不得，少了她总觉得少点味道。再看丁程鑫加入，算是新鲜血液。他年轻有活力，在其他综艺里反应快、脑子灵，综艺感不错，颜值也能打，年轻观众应该会很期待。推理综艺需要脑力和体力，他的加入能给团队补活力、带新节奏，和老成员磨合好了，,https://m.weibo.cn/detail/5279931070156834
花少/你好星期六等综艺片刻,post,11,粉丝点评/记忆表达明确,才春风,《开始推理吧4》阵容换血了。迪丽热巴退出，丁程鑫加入。消息一出，老粉心里咯噔一下：那个造型亮眼、推理在线、时不时贡献名场面的“热巴推探”，这一季看不到了。热巴在前三季的存在感毋庸置疑——从女明星到女侦探，她把综艺感演成了连续剧。而丁程鑫的加入，也让人期待新火花。他够机灵、能接梗，在推理综艺里未必不能杀出一条路。只是女生只剩金靖一个，这配置确实让人想问：女推探的“战斗力”，会不会掉？阵容换血是常态，推理综艺的魅力在于人设和化学反应的不可预,https://m.weibo.cn/detail/5279885502972207
白日提灯贺思慕/女鬼鬼王记忆,post,11,粉丝点评/记忆表达明确,群子在成长,陈飞宇迪丽热巴5年前拍的杂志这波考古真的太有感觉了！就忍不住想跟大家聊聊这份跨越时光的缘分。 五年前，是2021年2月，两人登上了《芭莎男士》2月刊，那组工装风大片现在看依然很能打￼￼￼。那时的陈飞宇眉眼清隽，蓬松的短发透着干净的少年感，迪丽热巴则是利落的高马尾，明艳大气又充满活力。两人并肩同框，互动自然又稚气未脱，那种清新清爽的氛围，被网友调侃像“邻家姐弟出游”，高级感满满￼￼￼。 没想到一晃五年过去了，最近两人因为新剧《白日提灯》再,https://m.weibo.cn/detail/5279271803421878
花少/你好星期六等综艺片刻,post,11,粉丝点评/记忆表达明确,星篱Min,#网传开推4常驻女嘉宾只剩下金靖了##智搜纠错# 我有补充 《开始推理吧》第四季常驻女嘉宾阵容变动引发热议，网传迪丽热巴退出常驻，金靖成为唯一留守女嘉宾，白宇也不再常驻、可能转为飞行嘉宾，新阵容加入丁程鑫。节目组曾官宣原班人马回归，后续却传出阵容调整，消息前后矛盾，目前官方还未确认最终名单，迪丽热巴被指因新剧档期冲突退出。老粉对原班组合解散感到遗憾，大家很喜欢迪丽热巴在节目里的造型和推理表现。金靖一直是气氛担当，能调节节目节奏，观众期待,https://m.weibo.cn/detail/5264695750558661
嘻嘻迪/表情包/可爱梗,post,11,粉丝点评/记忆表达明确,迪巴是女王大人,迪丽热巴超话#迪丽热巴##迪丽热巴花儿与少年# 遥遥领先，我们花儿与少年丝路季遥遥领先！平平无奇爆款小综艺，东北五凤爆笑出⭕，北斗七行和谐团建，旅行过程名梗不断，完美拯救ru腺，看起来看起来 ​,https://m.weibo.cn/detail/4967037376397316
白日提灯贺思慕/女鬼鬼王记忆,post,11,粉丝点评/记忆表达明确,海蓝色裙子的乔晶晶,#迪丽热巴8部作品集均破5000万#全部都看过，李慧珍入坑成剧粉，后面也不知道啥时候从剧粉彻底入坑成了唯粉，现在在追的白日提灯，贺思慕也被你演的特别好，我愿做你一辈子剧粉@Dear-迪丽热巴 迪丽热巴超话白日提灯剧版超话 ​,https://m.weibo.cn/detail/5287708545260297
白日提灯贺思慕/女鬼鬼王记忆,post,11,粉丝点评/记忆表达明确,夜欣星辰,家人们，《白日提灯》最新两集糖分超标啦！贺思慕和段胥互换触感后，贺思慕首次感知触觉，对一切都新奇不已，像个好奇宝宝，这儿摸摸，那儿碰碰，还捏段胥的脸，趴在他身上听心跳。她虽没那暧昧心思，可这些无意之举，简直太好磕了！ 贺思慕有了触感后，整个人蹦蹦跳跳闹个不停。段胥当众抱着她从秦帅等人面前离开，还告诉她人体会累。这时，贺思慕歪头靠在段胥肩上，段胥一转头，两人脸瞬间贴在一起。哇塞，这暧昧氛围直接拉满！而且段胥居然还回味了一下，保持这个姿势好,https://m.weibo.cn/detail/5283587135375568
嘻嘻迪/表情包/可爱梗,post,11,粉丝点评/记忆表达明确,Komorebi_须臾,动画片 | 童年回忆 | 海绵宝宝第十集｜捣乱三叉戟𝙒𝙚𝘾𝙝𝙖𝙩｜女明星高质量头像头像分享| 卡通头像| 可爱头像 | 审美积累｜可爱｜萌宠｜ipad壁纸｜手机壁纸｜ins｜高清｜无水印｜好运｜搞怪｜毛茸茸｜奇奇怪怪｜头像推荐｜清新｜小猫小狗｜拿花头像｜美女头像｜对镜拍｜张子枫｜周也｜鞠婧祎｜张婧仪｜欧阳娜娜｜文淇｜陈都灵｜杨幂｜赵今麦｜卢昱晓｜白鹿｜刘亦菲｜Angelababy｜刘浩存｜李兰迪｜徐若晗｜杨超越｜田曦薇｜孟子义｜虞书欣｜,https://m.weibo.cn/detail/5293819432277939
行走的油画/神女美貌出圈,post,11,粉丝点评/记忆表达明确,葡萄栀眠岛,人生若只如初见𝗦𝗛𝗔𝗥𝗘丨𝗪𝗲𝗖𝗵𝗮𝘁聊天背景图勿拌匀文案丨手机壁纸高清丨女明星壁纸精选丨真人壁纸丨神颜女明星丨刘亦菲壁纸丨迪丽热巴壁纸丨孔雪儿丨卢昱晓丨白鹿丨田曦薇丨陈都灵丨鞠婧祎丨张予曦丨古风壁纸丨古装造型丨剧照丨摄影写真丨古风美人丨天选古人丨古偶剧丨女演员丨高级感壁纸丨绝美壁纸丨iPhone壁纸丨白日提灯丨贺思慕丨子夜归丨战国袍丨月鳞绮纪丨雾妄言丨梦华录丨临江仙丨高清无水印壁纸丨仙气飘飘丨精致壁纸丨权威女明星丨女生头像丨剑仙丨神级,https://m.weibo.cn/detail/5292092840477170
红毯神图与高定封神造型,post,11,粉丝点评/记忆表达明确,等待夏天65794,#热巴蓝裙#迪丽热巴于2026年4月28日出席Dior南京德基广场甜品主题限时精品店活动，以全球品牌大使身份亮相，身穿 Dior by Jonathan Anderson 2026早秋系列天蓝色蝴蝶结连衣裙，搭配全新 Cigale手袋，造型清冷优雅，极具氛围感。裙装为冰蓝缎面材质，采用V领、露背与薄纱层叠设计，腰间立体大蝴蝶结成为视觉亮点，被网友誉为“雨中撑伞的美神”。活动现场恰逢降雨，热巴撑伞下车的瞬间生图广受赞誉，状态极佳，颜值出圈,https://m.weibo.cn/detail/5292982154039224
迪拜报平安/守护型记忆,post,11,粉丝点评/记忆表达明确,永追可可修影,#曝某顶流线下活动难过审##微博兴趣创作计划# 现在内娱的热搜，越来越像“猜谜大会”。又是“某顶流线下活动难过审”，点名张艺兴、肖战，又是“软封杀”“风险艺人”的猜测，但截至目前，没有任何官方文件，也没有当事人实锤。与其忙着对号入座，不如等一个官方说明，让子弹再飞一会儿。从“活动取消”到“审批卡壳”，再到“软封杀”的传闻，这波讨论的核心其实就两点：1. 线下演出审批，到底卡在哪儿？2. 所谓的“行业潜规则”，有没有越界变成“针对个人”？,https://m.weibo.cn/detail/5278496089179449
演员成长与角色群像评价,post,11,粉丝点评/记忆表达明确,打着伞吃着酸奶疙瘩,喜欢热巴很多年了，当初是偶然看剧，因高雯入坑，后来补了央视正剧《阿娜尔罕》，不得不说热巴是一位极具天赋和才华的优秀演员，她的表演风格多样，能够准确地诠释角色，她的演技充满了灵气和感染力，能够让我完全沉浸在剧情中。后来就开启了追她所有剧的模式，李慧珍大火那会，在跑男里的外国路人都认识她，特别为她高兴，热巴本身多才多艺，为人又谦逊，该她爆火！今年，热巴在时尚圈的表现也很优秀，入选了BOF2023年全球时尚产业人物500强，也是今年唯一入选的,https://m.weibo.cn/detail/4975898023429427
乔晶晶与《你是我的荣耀》入坑记忆,post,11,粉丝点评/记忆表达明确,听雨吟诗SONG赐迪,迪丽热巴超话迪丽热巴大爆轨迹#迪丽热巴大爆的时间轨迹#2013年因为偶然试戏成功，一番大女主正剧收获90花最高收视。2015年因为高颜值和好演技，高雯大爆吸粉一夜涨粉800万。2017年大爆，爆剧爆角色爆综艺爆红毯，全方位爆出圈，成为女顶流。此后几乎每年年冠，每年上平台财报，很多会员拉新年冠，超点&招商狂赚，成为商业价值最高的女星。2021年因为乔晶晶大爆，成为行业现偶标杆。2022年因为纪云禾开大大出圈，成为i女强真正天菜。2023,https://m.weibo.cn/detail/4969890700330382
爱丽丝与热巴的双向奔赴,post,11,粉丝点评/记忆表达明确,yang玖希,追迪丽热巴10年了 ，我总说我的眼泪早就在2020年以前就流干了。 以后要流也流幸福的眼泪，但其实每一年都有点烂人烂事让我难受，我看着从最初到现在初心和真诚不变的你，看着你说想让粉丝更有底气喜欢自己的你，看着在行业内兢兢业业恪守本职的你，总是在想到底为什么，总是有没由来的恶意和臆测，是眼睛瞎了还是心瞎了。离谱的事不断刷新下限，今天的事我完全力竭了，从头到尾我都是生命粉，只求一个平安健康 万事顺遂。迪丽热巴超话,https://m.weibo.cn/detail/5272533656144662
乔晶晶与《你是我的荣耀》入坑记忆,post,11,粉丝点评/记忆表达明确,重庆火锅好安逸,#迪丽热巴乔晶晶# 迪丽热巴#迪丽热巴李长歌# 大概就是2019年的生日会了吧那个大合唱我们的姐姐流泪了历历在目呢一生热爱·步履不停@Dear-迪丽热巴 2重庆·杨家坪 ​,https://m.weibo.cn/detail/4545161968754060
跑男时期综艺名场面,post,11,粉丝点评/记忆表达明确,Ceazinndle,#迪丽热巴跑男只录了12天#迪丽热巴2017年作为常驻嘉宾加盟《奔跑吧》第五季，实际录制时长仅12天，却凭借鲜活表现留下贯穿整季的经典名场面，这一冷知识近期翻红登上热搜。 一、事件核心事实与热议焦点录制时长与剪辑反差迪丽热巴参与《奔跑吧》第五季（2017年）全程仅录制12个工作日，素材被剪辑成12期正片播出，横跨近3个月。节目组通过重复镜头、特写、BGM强化等手法，将短期互动延展为长线内容，例如线实际集中于同框的12天内，却营造出贯穿整,https://m.weibo.cn/detail/5292004959586612
纪云禾与鲛人系角色记忆,post,11,粉丝点评/记忆表达明确,63号甜品店_,#迪丽热巴与君初相识# dlrb#迪丽热巴纪云禾# “星星总是那么温柔，总是那么闪烁，我最终发现你就是那星星，那么温柔，那么闪烁”我将玫瑰藏于身后 ，时刻期盼着与你赴约🦋ℐ 𝒽𝒾𝒹ℯ 𝓉𝒽ℯ 𝓇ℴ𝓈ℯ 𝒷ℯ𝒽𝒾𝓃𝒹 𝓂ℯ 𝒶𝓃𝒹 𝒶𝓁𝓌𝒶𝓎𝓈 𝓁ℴℴ𝓀 𝒻ℴ𝓇𝓌𝒶𝓇𝒹 𝓉ℴ 𝓂𝓎 𝒶𝓅𝓅ℴ𝒾𝓃𝓉𝓂ℯ𝓃𝓉 𝓌𝒾𝓉𝒽 𝓎ℴ𝓊@Dear-迪丽热巴,https://m.weibo.cn/detail/4753169647667399
纪云禾与鲛人系角色记忆,post,11,粉丝点评/记忆表达明确,Dili-Diliresa,#仙侠剧女主终于支棱起来了#我个人其实很喜欢纪云禾一点就是坚韧顽强，刚正不阿，做事留有底线，与君初相识给我展现的是一个多方面的纪云禾。在业务能力上，她处事周全，又聪慧细致，她善用驭心之术，虽是为驭灵，却始终留有底线，深知不可为便不为。在为人处世方面，她有着一颗八面玲珑的心，在万花谷这么处处被老谷主和林昊青压迫的情况下，游刃有余，四方周旋，走一步看三步。在面对自己的朋友和爱人时，付出真心，给洛洛最好的流光裙，给鲛人最好的伙食，最悉心的照料,https://m.weibo.cn/detail/4753106183394178
纪云禾与鲛人系角色记忆,post,11,粉丝点评/记忆表达明确,爱上姐姐是人之常情-,#仙侠剧女主终于支棱起来了# 我愿称纪云禾为仙侠剧女主之光！有颜值有武力，还有智慧，坚韧、独立、自信，从不依附于他人，用自己的力量保护所爱之人，永远忠于自己的内心，命运打不碎她的铮铮傲骨，纪云禾身上有一切我欣赏的品质，仙侠剧女主也可以是飒爽拯救苍生的角色！@Dear-迪丽热巴 #与君初相识# ​不互,https://m.weibo.cn/detail/4753093626171171
迪拜报平安/守护型记忆,post,11,粉丝点评/记忆表达明确,履晨曦,肖战超话#肖战迪丽热巴年度封面之星# #肖战我喜欢你# 喜欢战战三年了，他一直都很优秀，不断突破自己，总带给我们很多惊喜，最难能可贵的是战战的“不忘初心”，无论是霸道总裁、邻家男孩还是阳光运动的战战都好爱啊肖战依然是那个肖战，小飞侠们也一直都在愿战战新的一年平安顺遂,https://m.weibo.cn/detail/4852856622160889
白凤九与三生三世情怀,post,11,粉丝点评/记忆表达明确,fddk123,由张艺上、官鸿、王一菲领衔主演的古装剧《玉昭令》正在热播中，该剧根据作家尾鱼的小说《开封志怪》改编，讲述了耿直上仙端木翠与冷面捕头展颜从合作断案到情愫暗生的故事。张艺上饰演的是大女主端木翠，她是英姿飒爽的上仙，说话直爽率真，性格一点都不高冷，骨子里自带喜感和搞笑。官鸿饰演的是男主角展展颜，他是启封城的总捕头，性格外冷内热，心思缜密细腻，后来选择跟端木翠一起合作断案。原本是冲张艺上和官鸿的高颜值去追剧的，却不小心被女二号王一菲圈粉了。曾经,https://m.weibo.cn/detail/4620940757175643
李长歌与《长歌行》角色记忆,post,11,粉丝点评/记忆表达明确,三千公里的浪漫,#迪丽热巴李长歌# #电视剧长歌行# 再过10分钟，咱们的迪长子就要在电视台降临了，我已经洗好澡，铺好床了。再过40分钟，长歌就要在鸭鸭家走出来，我已经正衣冠，十分虔诚迎接这个对她来说意义非凡的角色。谢谢李长歌，让我们好好守护你。ps：我困的眼睛已经差不多用火柴棍支上了，下周可得恢复正常，要不挺不住了我家没有电视，都贡献不了收视率，只能贡献点击量了，明天白天再回味一下,https://m.weibo.cn/detail/4620929357060552
乔晶晶与《你是我的荣耀》入坑记忆,post,11,粉丝点评/记忆表达明确,云禾没吃饱,"#迪丽热巴你是我的荣耀# #迪丽热巴乔晶晶# ""只有遇见迪姑娘才是我长久奔赴的意义.""•@Dear-迪丽热巴 2邳州 ​",https://m.weibo.cn/detail/4653922947436384
生日生贺与小小迪陪伴记忆,post,11,粉丝点评/记忆表达明确,偷走迪仔的秋裤,#迪丽热巴晒照祝福祖国##迪丽热巴正能量# 不止这一次，每一次都是，原来是，以后也会一如既往“爱你万里河山，无限荣光，更爱你饱经风霜后的坚强，你是色彩，是光华，你的名字就是我的信仰。”这是青年演员@Dear-迪丽热巴 对祖国的深情表白，亦是我们这一代年轻人的心声——无论走到哪里，不变的永远是对祖国的眷恋，和热巴一起祝祖国繁荣昌盛，生日快乐！,https://m.weibo.cn/detail/4687251181928603
乔晶晶与《你是我的荣耀》入坑记忆,post,11,粉丝点评/记忆表达明确,莞莞非云,#迪丽热巴绛红漫舞纱裙# #迪丽热巴民族风情造型# 晚自习回来后就赶紧播到东方卫视一直等着，刚刚热巴出场那一刻我在心里啊啊啊啊啊啊啊啊啊啊啊没好意思叫出来，心头只有卧槽太美了五个字，又听见我妈妈在旁边感叹热巴是真的很美，一下子就觉得宝贝真的每天每年都会给阿丝儿不一样的惊喜！！！2021期待我们歌歌子，期待大明星乔晶晶，还有一直没有来的嫦娥！新的一年我依旧爱你@Dear-迪丽热巴,https://m.weibo.cn/detail/4588317330900446
白凤九与三生三世情怀,post,11,粉丝点评/记忆表达明确,美梦是个气球向往着蓝天,#迪丽热巴 唱跳#热巴是演员，唱歌就是过年和大家热闹热闹，新年快乐呀！我们一起期待一下迪丽热巴电视剧《三生三世枕上书》《爱情高级定制》电影《日月》鸭！！LHanah是小乖的微博视频,https://m.weibo.cn/detail/4455686501449873
嘻嘻迪/表情包/可爱梗,post,11,粉丝点评/记忆表达明确,关关关关晓宇-,#YC盛典# 只是想感慨一下，提前了一个小时下班，可还是赶上高峰期，一直堵在四环无奈从中关村下来倒地铁，在水立方外面就听见马思纯的声音了，进去以后位置比较靠后，所以一直瞄着前排更好的位置，拍了好多明星，几乎都是糊的，哈哈哈哈哈哈哈哈哈哈杨洋一直等到最后才等到他来，真的非常非常帅！而且非常绅士非常可爱非常有礼貌，也是帅的不得了，差点从易烊千玺那儿爬到杨洋的墙头张杰果然是全场的人气王，一举一动都有很多粉丝跌宕起伏的张杰，最后的合唱真的感动哭,https://m.weibo.cn/detail/4223407996723603
爱丽丝与热巴的双向奔赴,comment,11,粉丝点评/记忆表达明确,澎湃瑄扬,迪丽热巴粉丝爱丽丝最棒 人与人之间怎么能是一样的，路人都被你们粉丝弄得好感动，看到你们粉丝的各种花式应援，各种相互关照，真心是这个世界最难能可贵的，你们粉丝好有爱，好温暖，好善良，跟热巴一样的正能量,https://m.weibo.cn/detail/5292476416918298
高雯名场面与早期出圈,comment,11,粉丝点评/记忆表达明确,相思酒解相思愁,高雯能出圈不是因为人设简单吗？而且是大明星，迪丽热巴她的舒适圈其实是演明星,https://m.weibo.cn/detail/5281465973871458
跑男时期综艺名场面,post,10,粉丝点评/记忆表达明确,导演小二郭宏伟,#迪丽热巴跑男只录了12天# 【录了12天却火了7年：这波“时间错觉”打了多少综艺剧本的脸】 这两天#迪丽热巴跑男只录了12天#的话题突然冲上热搜，把不少老综艺粉都惊到了——毕竟直到现在还有人对当年她在跑男里的名场面记忆犹新，还有不少“陆地夫妇”的老观众，总觉得两人搭档了整整一季，怎么算都不 ...全文,https://m.weibo.cn/detail/5291985087763558
红毯神图与高定封神造型,post,10,粉丝点评/记忆表达明确,Ddial_grey,#迪丽热巴和素人合影# 雨中氛围感出圈：迪丽热巴身穿蓝色露背长裙，手持透明雨伞亮相南京迪奥活动。冷色调雨幕衬托其清冷气质，怼脸生图展现优越骨相，裹毯回眸的镜头因“脆弱美感”登上热搜。部分网友认为卷发造型显成熟，但多数观点认可其扛镜头能力，称侧颜“美如建模”。 素人颜值引惊叹：多名与 ...全文,https://m.weibo.cn/detail/5293745797074190
白日提灯贺思慕/女鬼鬼王记忆,post,10,粉丝点评/记忆表达明确,迪可爱妃,#迪丽热巴千字长文告别白日提灯#再见万灵之主贺思慕，感谢给我们带来这么精彩的角色，贺思慕被你演活了，真的很希望你也在现实生活中也是自由的，也是开心快乐的，平安健康的❤️宝宝从阿娜尔罕开始喜欢你，爱你，你真的很好，很善良，但是我希望你不要过于太善良，该很的时候一定要狠一点，不要心软， ...全文,https://m.weibo.cn/detail/5291033516837258
爱丽丝与热巴的双向奔赴,post,10,粉丝点评/记忆表达明确,星冰乐kiki,#迪丽热巴报平安#迪丽热巴后援会说我们都非常爱你牵挂你 ，爱丽丝和热巴一直都是双向奔赴…只希望迪丽热巴能够平安归来，愿滞留在海外的同胞也能够早日归来。#迪丽热巴工作室##一分钟视频创作季##微博新知# 星冰乐kiki的微博视频,https://m.weibo.cn/detail/5272851847317703
白日提灯贺思慕/女鬼鬼王记忆,post,10,粉丝点评/记忆表达明确,半只羊954,感觉热巴剧每次都是 粉丝冲那么多热度上不去不说 新剧播出连固屏也没 这待遇差的不是一星半点 不知道腾讯是怎么回事 可着好说话的使劲欺负似的 还是爱丽丝素质太高了 要是某人粉丝不知道要骂成什么样了迪丽热巴#白日提灯##迪丽热巴贺思慕#,https://m.weibo.cn/detail/5283027187925471
爱丽丝与热巴的双向奔赴,post,10,粉丝点评/记忆表达明确,Dear_绿鲤鱼,迪丽热巴#迪丽热巴##迪丽热巴和粉丝双向奔赴# 即使未曾谋面，也会互相关心 @Dear-迪丽热巴 自古逢秋悲寂寥0603的微博视频,https://m.weibo.cn/detail/4848781819125567
爱丽丝与热巴的双向奔赴,post,10,粉丝点评/记忆表达明确,老特拉福德的糖猫儿,迪丽热巴真的都有好好保存爱丽丝们写的信，也仔细看了信。。爱从来都是双向奔赴的！ 我的天，巴巴宝把粉丝的心都好好收藏，这次公开了一些，她把每一封都有好好保存，而且她还提到了她记得粉丝和她的约定，她说有粉丝和她约定好考上大学就来见她，她因此感到很有价值很有力量 你那些少女心事和约定她都有记得🥹,https://m.weibo.cn/detail/5288002049807137
机场饭拍与日常陪伴片刻,post,10,粉丝点评/记忆表达明确,Leonard迪迪,迪丽热巴超话 ♦️♦️♦️鄢小小小小茜2014-10-25#迪丽热巴# 妹子真的太瘦太美了，分分钟入坑呀说话好温柔酥死我了@Dear-迪丽热巴#迪丽热巴#141025北京机场接机2.@鄢_浪浪浪浪 /转载请注明出处 看到龙猫开心得不得了 wow~龙猫~ （请自行脑补画面软软软迪妹子！#迪丽热巴专属考古基地#,https://m.weibo.cn/detail/5293973057044672
跑男时期综艺名场面,post,10,粉丝点评/记忆表达明确,冬序诀别詩,#迪丽热巴跑男只录了12天#天呐我现在才知道，原来当初她只录了12天吗？感觉大多数人对跑男印象最深刻的应该是有她的那个版本，当时的跑男真是青春热血有她和baby特别养眼，当时最喜欢这两位姐姐了一代人的回忆，居然只用了12天录制迪丽热巴天生红的命吧 ​​​,https://m.weibo.cn/detail/5292013202183143
李长歌与《长歌行》角色记忆,post,10,粉丝点评/记忆表达明确,盛夏挽小迪i,鸟蛋超话 梦回长歌#电视剧长歌行# 长歌是长安城里最皎洁的白月光#迪丽热巴长歌行# ​,https://m.weibo.cn/detail/5285743912028466
演员成长与角色群像评价,post,10,粉丝点评/记忆表达明确,心鱼默默,“当年就是这个角色的一句台词，让迪丽热巴一夜涨粉八百万” L心鱼默默的微博视频 ​,https://m.weibo.cn/detail/5294182173245910
白日提灯贺思慕/女鬼鬼王记忆,post,10,粉丝点评/记忆表达明确,用户v53on8lmye,#迪丽热巴跑男只录了12天#如果说跑男迪是我的白月光，那贺思慕就是我如今的朱砂痣。不允许还有人没有看过白日提灯迪丽热巴超话 ​,https://m.weibo.cn/detail/5292071462371765
白凤九与三生三世情怀,post,10,粉丝点评/记忆表达明确,小段星球_碎碎念版,#迪丽热巴跑男只录了12天#玛雅这么说来我天生就该被迪丽热巴吸引，当年是看高雯就是莫名其妙被这个女配打动除了角色自身还有热巴的演绎魅力，后来看了跑男就越来越喜欢这个小姑娘，加上白凤九看着她越来越好就莫名很开心，这些年也一直无限好感，就是我少女时期唯一的女艺人白月光 ​,https://m.weibo.cn/detail/5291988129155085
嘻嘻迪/表情包/可爱梗,post,10,粉丝点评/记忆表达明确,一只耳朵mimi,固定npc获得哈哈哈哈哈｜抽象｜生活｜搞笑｜娱乐｜笑一笑｜搞怪｜本人精神状态｜没有意义但有趣｜整活｜表情包反映我的状态｜古希腊掌管抽象的神｜精神稳定发疯｜看笑了｜综艺𝑾𝒆𝑪𝒉𝒂𝒕｜超可爱猫咪头像韩系背景图｜ins风背景图 ​| 无水印背景图 | 星星月亮背景图 | 高级感背景图 | 暗色系背景图 | 氛围感背景图 | 纯色背景图 | 小众背景图 | 灰色系背景图 | 审美积累 | 壁纸头像分享| 卡通头像| 可爱头像 | 审美积累｜可爱,https://m.weibo.cn/detail/5286983792595311
白日提灯贺思慕/女鬼鬼王记忆,post,10,粉丝点评/记忆表达明确,Dear_万人迷,#迪丽热巴白日提灯# dlrb#迪丽热巴贺思慕#晚风和你都很独特，我站在原地，等风也等你。@Dear-迪丽热巴 ​,https://m.weibo.cn/detail/5294643387302427
嘻嘻迪/表情包/可爱梗,post,10,粉丝点评/记忆表达明确,甜田小渝饼,𝐇𝐢𝐝𝐞｜《爱情公寓》第四季｜曾小贤胡一菲上演潘金莲西门庆萌宠头像｜治愈系头像头像安利｜卡通手绘｜软萌头像｜审美封神｜可爱爆棚｜毛茸茸萌物｜平板全屏壁纸｜手机超清壁纸｜小红书热榜｜无水印原图｜转运好运｜搞怪趣味｜小众独特｜清新温柔｜氛围感拉满｜韩系极简｜高级质感｜闺蜜双人头像｜横屏护眼壁纸 张子枫｜周也｜鞠婧祎｜张婧仪｜欧阳娜娜｜文淇｜陈都灵｜杨幂｜赵今麦｜卢昱晓｜白鹿｜刘亦菲｜Angelababy｜刘浩存｜李兰迪｜徐若晗｜杨超越｜田曦,https://m.weibo.cn/detail/5293111054173644
嘻嘻迪/表情包/可爱梗,post,10,粉丝点评/记忆表达明确,屿间来信_,警告！这是一条极度舒适的史莱姆声控暴击！fluffy milk的质感真的绝了——上手软到能陷进去，拉起来却带着恰到好处的韧劲，每一次拉扯都能拉出丝滑又绵密的纹理，捏爆的瞬间发出的闷响，直接给大脑做了一场极致的按摩。全程盯着奶白色的泥在镜头里流动、翻折、舒展，连呼吸都跟着慢下来，所有的焦虑和疲惫，都在这一声声治愈的玩泥声里，被揉碎、抚平，消失得无影无踪。情侣头像 | 头像分享 | 真人情头 | 氛围感情头 | 治愈系情头 | 小众情头 |,https://m.weibo.cn/detail/5291960168351984
乔晶晶与《你是我的荣耀》入坑记忆,post,10,粉丝点评/记忆表达明确,dd88的小可爱嗷,#迪丽热巴乔晶晶# #迪丽热巴李长歌# 姐妹们！我的通知书到了！虽然感觉离线下追星越来越远（高考没考好，去不了北上广追星，只能寄希望于考研了），但是还是很开心！阿丝儿们，我们一起加油啊！！！ ​,https://m.weibo.cn/detail/4546460802615371
红毯神图与高定封神造型,post,10,粉丝点评/记忆表达明确,桑雨幽怜,#迪丽热巴和素人合影#2026年4月底，迪丽热巴作为迪奥全球品牌大使现身南京德基广场活动。现场她与多名素人粉丝亲切合影，部分素人因精致骨相和出众气质被网友评价“颜值不输明星” 。活动当日阴雨绵绵，她身着蓝色露背长裙撑透明雨伞，冷色调造型营造出“破碎感美神”氛围，生图侧颜轮廓和回眸瞬间因“神图级美感”登上热搜 。,https://m.weibo.cn/detail/5293734625542192
白凤九与三生三世情怀,post,10,粉丝点评/记忆表达明确,菠桃汽味水,#曝迪丽热巴和嘉行签了一年短约#据娱记刘大锤直播爆料，迪丽热巴与嘉行传媒已签订一年短约，为彻底独立做过渡安排。此前双方13年经纪合约于2026年2月26日到期，外界普遍认为将彻底解约，此次短约签约反转舆论。按照新协议，热巴将高度自主运营事业，原经纪人龚芳楠团队已离职，新任经纪人为曾操盘张小斐的郝阿三（刘冲）。其个人独资的上海镜砚影视文化工作室，将全面负责影视、商务与宣传事务。嘉行仅保留部分商务分成与优先合作权，不再干预剧本选择与团队管理,https://m.weibo.cn/detail/5290629896870022
演员成长与角色群像评价,post,10,粉丝点评/记忆表达明确,柿香摸渝,#郑合惠子签约杨幂新公司#郑合惠子的签约被视为其职业转折点，能否借杨幂团队资源打破“戏红人不红”的瓶颈，将成为后续关注核心。2026年4月9日，郑合惠子工作室官方微博认证信息正式变更为杨幂创办的上海天伊娱乐有限公司，确认其以“全约艺人”身份签约杨幂新公司，引发公众对双方合作前景的广泛讨论。 🔍 核心事实与背景签约确认郑合惠子工作室于4月9日完成机构认证更新，显示所属公司为“上海天伊娱乐有限公司”（机构代码：91310106MAD0YQL,https://m.weibo.cn/detail/5285793075823048
李长歌与《长歌行》角色记忆,post,10,粉丝点评/记忆表达明确,听六月的风,#迪丽热巴李长歌##迪丽热巴创造营2019# 我们的发起人好漂漂！@Dear-迪丽热巴 ​,https://m.weibo.cn/detail/4546984189624513
李长歌与《长歌行》角色记忆,post,10,粉丝点评/记忆表达明确,茶沫辞,#迪丽热巴李长歌# 迪丽热巴#迪丽热巴创造营2019# 喜欢一个人是藏不住的，就算你不说，也会从你的动作和眼神中流露出来！ @Dear-迪丽热巴 早晨好哇！ ​,https://m.weibo.cn/detail/4545734176671117
跑男时期综艺名场面,post,10,粉丝点评/记忆表达明确,天选猫塑-,2017年的《奔跑吧》录制现场，初夏的阳光透过场馆玻璃窗，落在迪丽热巴略显局促的侧脸。她是新加入的成员，站在相熟已久的兄弟团里，始终带着几分格格不入的拘谨，连笑都透着小心翼翼。 第一期团队竞赛闹得沸反盈天，汗水浸湿衣摆，欢呼声、呐喊声裹着燥热的风，撞在耳边。鹿晗混在人群里，视线却像被牵引一般，始终追着那个奔跑的身影。看她拼尽全力完成游戏，看她累得弯腰喘气，看她被调侃时耳尖泛红，心底某块柔软的地方，就这么轻易被撬动。 游戏间隙，杂乱的道具,https://m.weibo.cn/detail/5289147641110379
任安乐/帝梓元角色记忆,post,10,粉丝点评/记忆表达明确,呆瑶儿,#迪丽热巴微博之夜发型拆解# dlrb#迪丽热巴公诉# 欢迎收看巴神美貌名场面☞‖玫瑰庄园的公主🌹🌹🌹‖复古名伶💗💗💗‖经典优雅赫本黑裙👗👗👗点地成毯𝙂𝙤𝙡𝙙𝙚𝙣 𝙇𝙚𝙜𝙚𝙣𝙙💖💖💖‖摇曳生姿花仙子🧚🏻🧚🏻🧚🏻‖惊艳四座娇艳美人鱼💖💖💖【迪丽热巴美神降临】🎊🎊🎊迪丽热巴公诉|安旎|迪丽热巴安乐传|任安乐|帝梓元@Dear-迪丽热巴 #迪丽热巴公诉#dlrb#迪丽热巴安旎#,https://m.weibo.cn/detail/4885444350707959
纪云禾与鲛人系角色记忆,post,10,粉丝点评/记忆表达明确,李李家的姑娘,#迪丽热巴公诉豆瓣开分6.6#《长歌行》《你是我的荣耀》《与君初相识，恰似故人归》《公诉》都是和女儿一起追的，每天准时报道 ​,https://m.weibo.cn/detail/4918464018646036
纪云禾与鲛人系角色记忆,post,10,粉丝点评/记忆表达明确,在迪巴怀里撒娇,#迪丽热巴与君初相识# dlrb#迪丽热巴纪云禾# “我应该是属于那种一年四季都很喜爱的一个人，因为我觉得每一个季节都有它不同的美。我都很享受，我不会说，哎冬天太冷夏天太热，每一个季节我都能够找出它的乐趣，所以我爱这世间的一年四季” ——@Dear-迪丽热巴,https://m.weibo.cn/detail/4753210181162728
任安乐/帝梓元角色记忆,post,10,粉丝点评/记忆表达明确,拾肆情诗,#迪丽热巴安旎# dlrb#迪丽热巴任安乐# “我觉得我跟自己和解的时间算是比较长的。因为我也不是时时刻刻自信，以前是特别不自信，然后加上特别没安全感，但是现在会稍微好那么一点点。大多数一遇到不自信或者是没安全感的时候，我就会去跟自己做一个心理的沟通“哎呀不行不行，不能这样想”，就会稍微好一点” ——@Dear-迪丽热巴,https://m.weibo.cn/detail/4819517375514933
乔晶晶与《你是我的荣耀》入坑记忆,post,10,粉丝点评/记忆表达明确,打卡了么,#迪丽热巴乔晶晶# #迪丽热巴你是我的荣耀# 发个帖证明我一直在 ​,https://m.weibo.cn/detail/4653922700498546
乔晶晶与《你是我的荣耀》入坑记忆,post,10,粉丝点评/记忆表达明确,谁默,#迪丽热巴乔晶晶#dlrb#迪丽热巴你是我的荣耀#「今日互动帖」晚点会回评。乔晶晶乔晶晶每天都是亮晶晶！@Dear-迪丽热巴​​​ 【迪丽热巴你是我的荣耀乔晶晶】 L嘉行迪丽热巴工作室的微博视频 ​,https://m.weibo.cn/detail/4687262686907453
演员成长与角色群像评价,post,10,粉丝点评/记忆表达明确,三音Z,说偶像剧转型成功，今年就有两三位。《逆局》周渝民，这部剧之前，他合作迪丽热巴主演偶像剧，跟刘涛合作《大明宫词》，一塌糊涂，偶像剧不行，电影方面也没什么好的表现，没想到一下子来一《逆局》，成了，真是戏如人生。《华灯初上》林心如，之前其实她也客串过几个厚重的角色，像《嫌疑人X的献身》里面，像《谁是被害者》里，但整体上林心如还是一个偶像演员。《华灯初上》会让观众有一个全新的认识。其实偶像剧转型演员没那么容易，不是你演过了就行了，还要让观众记得,https://m.weibo.cn/detail/4720581268472027
嘻嘻迪/表情包/可爱梗,post,10,粉丝点评/记忆表达明确,孙姝颖ssy,好一句“你要是不嫁给我，我就杀光所有人”#赖艺烈火如歌# 这狰狞的表情包挺让人佩服的，这么个求婚法也倒是癫狂的很#电视剧烈火如歌# &#迪丽热巴烈火如歌# 不过这俩人#结婚#穿的和平常衣着区别也不大呀，貌似一直穿的都是#情侣# 红装 2南京,https://m.weibo.cn/detail/4223550916908846
演员成长与角色群像评价,post,10,粉丝点评/记忆表达明确,醉倒在音符上的猫,女演员中，目前最让我佩服的就是傅晶，杨蓉的保养驻颜术了！！我跟她们年龄差不多，但是看起来我是她们的阿姨啊！！关键是，她们的颜值里，还有一种知识女性的书卷气，温润秀雅，没有攻击性和侵略性，看起来特别舒服！相比较，我心中第一美女，范冰冰，就是非常带有侵略性的美！陈数，其实我心里，美貌跟范冰冰同级，既有知识女性的书卷美，又有一点点的侵略美！！迪丽热巴，就是天外飞仙异域美！没办法形容啊！！！总而言之，美女真是太多了！！但是，因为傅晶和杨蓉都属于,https://m.weibo.cn/detail/4256552896637560
红毯神图与高定封神造型,comment,10,粉丝点评/记忆表达明确,迪迪巴巴酱ovo,美女随手一拍就是神图,https://m.weibo.cn/detail/5283326770284395
白日提灯贺思慕/女鬼鬼王记忆,comment,10,粉丝点评/记忆表达明确,一口吞掉热巴,最后一天倒计时！我宣布明天的我：手机电量满格+零食囤货+Wi-Fi信号满格=万事俱备只等贺思慕！热巴演的双面鬼王，想想就激动到睡不着，明天必须守在屏幕前第一时间追剧！@Dear-迪丽热巴,https://m.weibo.cn/detail/5281020265894734
嘻嘻迪/表情包/可爱梗,comment,10,粉丝点评/记忆表达明确,_is曲奇,哈哈哈哈迪丽热巴也太可爱了,https://m.weibo.cn/detail/4980676061299668
生日生贺与小小迪陪伴记忆,post,9,粉丝点评/记忆表达明确,江清月近人-期待卫蓝版,#迪丽热巴0603生日快乐# 📢📢迪丽热巴2026河南郑州生日线下第二弹活动开始啦～ 爱丽丝们，你有一份痛楼邀请函待签收噢～ 1.活动地址：郑州正弘汇商场 2.活动时间：5.29-5.31📆 3.活动形式：热巴生日痛楼 4.活动特色：打卡互动/游园会/ 5.活动内容： ①本次活动以游 ...全文,https://m.weibo.cn/detail/5293790153935991
白日提灯贺思慕/女鬼鬼王记忆,post,9,粉丝点评/记忆表达明确,Dear-源饼,迪丽热巴#迪丽热巴白日提灯#dlrb#迪丽热巴贺思慕#dlrb#迪丽热巴# 半途而废可不好所以我会爱你到老 @Dear-迪丽热巴,https://m.weibo.cn/detail/5293761542226293
红毯神图与高定封神造型,post,9,粉丝点评/记忆表达明确,Shiyittt,迪丽热巴 去年迪奥活动封神了，状态超好的姐姐,https://m.weibo.cn/detail/5293340251916820
生日生贺与小小迪陪伴记忆,post,9,粉丝点评/记忆表达明确,倾听世界雨,迪丽热巴#迪丽热巴# #迪丽热巴0603生日快乐# -*✰* ੈ✩‧₊ ✰˚* ੈ✩‧₊ ✰'' ˚* ੈ✩‧₊- ⁺₊♡₊⁺ 0603热巴的許願日 .ᐟ.ᐟ-ˋˏ -ˋˏ 第𝟑𝟑封𝐁𝐢𝐫𝐭𝐡𝐝𝐚𝐲邮件派送中 请注意查收 ✉︎ ˎ 爱丽丝的生日来电 请 ...全文,https://m.weibo.cn/detail/5173240035280643
白日提灯贺思慕/女鬼鬼王记忆,post,9,粉丝点评/记忆表达明确,巴次暗恋,迪丽热巴 贺思慕#迪丽热巴# dlrb #迪丽热巴白日提灯# dlrb#白日提灯# dlrb #迪丽热巴贺思慕# 迪丽热巴💖爱丽丝！ @Dear-迪丽热巴 们爱丽丝的微博视频,https://m.weibo.cn/detail/5288088835461134
爱丽丝与热巴的双向奔赴,post,9,粉丝点评/记忆表达明确,Dear-躺胖迪怀里吃香草味冰淇淋,#迪丽热巴补偿去巴黎的粉丝#双向奔赴的爱意迪丽热巴你好会爱人呀,https://m.weibo.cn/detail/5286995205030167
白日提灯贺思慕/女鬼鬼王记忆,post,9,粉丝点评/记忆表达明确,富贵是只宝宝猫,#白日提灯后劲好大##白日提灯# 谁懂啊！《白日提灯》的后劲真的太顶了😭 前一秒还在为贺思慕和段胥的大婚狂喜，红绸漫天、红绳系腕，拜堂时的虔诚，交杯酒的温柔，拥吻时的悸动，每一幕都甜到心巴上，以为是双向奔赴的圆满结局✨ 可下一秒，刀就狠狠扎了进来。 那个笑着说“我娶你”的少年将军，倒在 ...全文,https://m.weibo.cn/detail/5288414321836928
爱丽丝与热巴的双向奔赴,post,9,粉丝点评/记忆表达明确,面包脑袋的87见过热巴版,所以这个巴巴补偿去巴黎的粉丝的礼物是亲签 和富士相机是吗?啊啊啊我哭死属于我 们之间的双向奔赴，迪丽热巴做你的粉丝真的好幸福#迪丽热巴##迪丽热巴补偿去巴黎的粉丝##迪丽热巴特地沟通团队补偿巴黎粉丝##去巴黎的粉丝收到了迪丽热巴的补偿# @Dear-迪丽热巴,https://m.weibo.cn/detail/5287057569350779
白日提灯贺思慕/女鬼鬼王记忆,post,9,粉丝点评/记忆表达明确,我萌宅,「思胥万千」就这样双向奔赴这么赌一下就能得到灵主了？腹黑段小狐狸 他就是在钓灵主 灵主果然跟踪发现他是假结婚！ 陈飞宇 迪丽热巴 贺思慕 段胥 #白日提灯# ·#迪丽热巴不知道市面上有什么剧本# 我萌宅的微博视频,https://m.weibo.cn/detail/5285841078848429
爱丽丝与热巴的双向奔赴,post,9,粉丝点评/记忆表达明确,盆盆游小渝blue,#孙俪小助理好爱她# 长情陪伴引发羡慕 小助理跟随孙俪十余年仍保持记录热情，网友感慨“只有值得被爱的人才能换来如此坚定的选择”。话题下涌现“给迪丽热巴/鹿晗接同款工作室”的刷屏呼吁，粉丝直言“真爱难得，内娱难卷”。 双向奔赴的行业价值 孙俪与团队的互动被视作“内娱职场关系标杆”：工作室 ...全文,https://m.weibo.cn/detail/5285162491576701
爱丽丝与热巴的双向奔赴,post,9,粉丝点评/记忆表达明确,____青璃,#迪丽热巴补偿去巴黎的粉丝# @Dear-迪丽热巴 和爱丽丝一直是双向奔赴的 #迪丽热巴贺思慕#迪丽热巴,https://m.weibo.cn/detail/5287015139775309
白日提灯贺思慕/女鬼鬼王记忆,post,9,粉丝点评/记忆表达明确,快乐追星嗑糖机,#白日提灯 双结局##白日提灯大结局##白日提灯# 白日提灯真的太宠粉了，两版结局各有各的好哭。贺思慕和段胥在平行时空一定要好好在一起啊，迪丽热巴陈飞宇演的思胥万千我真的舍不得结束。 快乐追星嗑糖机的微博视频,https://m.weibo.cn/detail/5288041515584961
白日提灯贺思慕/女鬼鬼王记忆,post,9,粉丝点评/记忆表达明确,耶搜课代表,#内娱鬼王也搞男女轮班制了# 从与君CP到“鬼王同事”，任嘉伦和迪丽热巴这波联动是把回忆杀和新剧情焊一起了！一个为当人碎成渣，一个靠爱人五感尝人间，两种“成人”路数，一个虐到肝颤一个甜到心软，这哪是选戳不戳，是两个都想打包带走啊！#电视剧佳偶天成# L耶搜课代表的微博视频 ​,https://m.weibo.cn/detail/5291544623975172
跑男时期综艺名场面,post,9,粉丝点评/记忆表达明确,哭泣結,#迪丽热巴跑男只录了12天#居然只录了十二天吗…每期都是经典啊 到现在都记忆深刻 ​,https://m.weibo.cn/detail/5292076795171646
白日提灯贺思慕/女鬼鬼王记忆,post,9,粉丝点评/记忆表达明确,对迪迪的爱意不止,迪丽热巴超话#迪丽热巴贺思慕# dlrb#迪丽热巴白日提灯# 梦回漫游迪🍏@Dear-迪丽热巴 ​,https://m.weibo.cn/detail/5294556427845942
花少/你好星期六等综艺片刻,post,9,粉丝点评/记忆表达明确,小巴杂志部,#迪丽热巴爱奇艺新综艺# dlrb#迪丽热巴卫蓝# 考古到一张早期照片@Dear-迪丽热巴 #迪丽热巴爱奇艺新综艺# ​,https://m.weibo.cn/detail/5289792086741097
跑男时期综艺名场面,post,9,粉丝点评/记忆表达明确,Dealingwith-,迪丽热巴超话 当年好喜欢的一组图！#迪丽热巴跑男只录了12天# ​,https://m.weibo.cn/detail/5292309457669353
跑男时期综艺名场面,post,9,粉丝点评/记忆表达明确,Jewellery-姜小姜,#迪丽热巴跑男只录了12天#短短十二天记了十来年，当年的胖迪的含金量不必多说 ​,https://m.weibo.cn/detail/5292005572742399
花少/你好星期六等综艺片刻,post,9,粉丝点评/记忆表达明确,开心果茉莉椰大王,抢到票是最好的生日礼物了 自己一个人来看 同担都好好 发物料的时候真的很幸福 ——“家属证”演唱会努力想看清楚 努力想记住每一时刻 还是好远 还是慢慢模糊 还好录了一部分视频 时常看看 花少喜欢迪丽热巴 “光束一夜黑” 好奇去搜这首歌看开推到折腰 书卷一梦 地球 玫瑰丛生《走马》好熟悉的声音 原来早在2020年就已经“认识”了 这首歌给我太多太多力量老大真是顶顶好的人 是自己努力想成为的那种人 在此之前我是不追星的 尊重但是不理解为什么,https://m.weibo.cn/detail/5290447677165867
花少/你好星期六等综艺片刻,post,9,粉丝点评/记忆表达明确,梦屿鱼,《开始推理吧4》这波操作真的有点败好感，迪丽热巴刚传回归就光速退出，说是档期冲突，由丁程鑫常驻，可观众又不是看不懂套路。前几季靠着热巴撑住不少热度，推理在线、颜值出圈，多少人是冲她才追的综。结果节目官宣溜粉，临录制直接换人，老粉期待直接落空，嘴上说原班人马，实则说换就换，诚意在哪？新嘉宾是来了，但观众想看的默契、氛围、熟脸感没那么容易补上。打着情怀旗号，却一次次消耗老粉信任，再好看的剧本，也架不住这么折腾。 L梦屿鱼的微博视频,https://m.weibo.cn/detail/5280057809439590
演员成长与角色群像评价,post,9,粉丝点评/记忆表达明确,宅泪呆郁,王嘉尔抽到了热巴的礼物王嘉尔抽礼物直接抽到迪丽热巴！这波梦幻联动直接炸出多少“肉巴”老粉，瞬间梦回当年！曾经的荧幕默契、同框名场面一幕幕浮现，时隔多年还能有这种不经意的小缘分，真的甜到心坎里，谁的青春DNA狠狠动了我不说！ ​,https://m.weibo.cn/detail/5270954217571993
跑男时期综艺名场面,post,9,粉丝点评/记忆表达明确,麻六六,#迪丽热巴跑男只录了12天#跑男热巴只录12天，凭鲜活综艺感出圈，成为观众心中的白月光 ​,https://m.weibo.cn/detail/5292118039856752
红毯神图与高定封神造型,post,9,粉丝点评/记忆表达明确,吃一口鱼丸99,#迪丽热巴跑男只录了12天#什么？你是说出了那么多神图和名场面热巴才录了12天！当时真的把小小的老子迷住了 ​,https://m.weibo.cn/detail/5292105719087849
演员成长与角色群像评价,post,9,粉丝点评/记忆表达明确,Ellieeee不可用,#迪丽热巴女性角色热度前十揽三#这两年最喜欢的几个女性角色都是热巴贡献的，剧粉入坑 ​,https://m.weibo.cn/detail/5286206185406928
白日提灯贺思慕/女鬼鬼王记忆,post,9,粉丝点评/记忆表达明确,阿丝吃货,#热带鱼#这么关心热巴就来看白日提灯吧，超级好看，入坑不亏 ​,https://m.weibo.cn/detail/5286127696089688
生日生贺与小小迪陪伴记忆,post,9,粉丝点评/记忆表达明确,迪曦李,迪丽热巴超话 与@Dear迪丽热巴广西分会 的第一个生日应援，很奈斯，期待下次再与桂桂见提前祝小巴@Dear-迪丽热巴 同学生日快乐🎂🎉不管几岁开心万岁≧▽≦祝我们都越来越好，慢慢相遇！宝宝，愿你天天开心，好好照顾自己#迪丽热巴0603生日快乐# dlrb#Dear迪丽热巴广西分会# dlrb#迪丽热巴广西2026生日线下应援#,https://m.weibo.cn/detail/5294646710239699
生日生贺与小小迪陪伴记忆,post,9,粉丝点评/记忆表达明确,一只仙品,好美啊这个！能去打卡的可真幸福到没边了！！！#迪丽热巴0603生日快乐# ​,https://m.weibo.cn/detail/5294633915516918
嘻嘻迪/表情包/可爱梗,post,9,粉丝点评/记忆表达明确,颜与YY_,𝐇𝐢𝐝𝐞｜阳光治愈的一刻｜阳光下的猫咪萌宠头像｜治愈系头像头像安利｜卡通手绘｜软萌头像｜审美封神｜可爱爆棚｜毛茸茸萌物｜平板全屏壁纸｜手机超清壁纸｜微博热榜｜无水印原图｜转运好运｜搞怪趣味｜小众独特｜清新温柔｜氛围感拉满｜韩系极简｜高级质感｜闺蜜双人头像｜横屏护眼壁纸 张子枫｜周也｜鞠婧祎｜张婧仪｜欧阳娜娜｜文淇｜陈都灵｜杨幂｜赵今麦｜卢昱晓｜白鹿｜刘亦菲｜Angelababy｜刘浩存｜李兰迪｜徐若晗｜杨超越｜田曦薇｜孟子义｜虞书欣｜迪,https://m.weibo.cn/detail/5292089275057584
生日生贺与小小迪陪伴记忆,post,9,粉丝点评/记忆表达明确,巴个汉堡_,#巴粉有在好好热爱生活# 16岁啦！今天很开心，和好朋友一起过了生日，收到了很多祝福和礼物，还定了一个和巴巴同款的蛋糕～离高考又近了一步，那么生日第一个愿望就是早日见到迪丽热巴！高考大捷！@Dear-迪丽热巴 晚安咯大家！希望16岁的我能一直开心快乐 ​,https://m.weibo.cn/detail/4972471321362502
李长歌与《长歌行》角色记忆,post,9,粉丝点评/记忆表达明确,爰宸,#迪丽热巴你是我的荣耀# @Dear-迪丽热巴 #迪丽热巴长歌行# 9.11日护舒宝见面会明天去见美女啦~请问哪位姐妹知道明天要提早多久去呀？云追星end...... ​,https://m.weibo.cn/detail/4547546943325867
乔晶晶与《你是我的荣耀》入坑记忆,post,9,粉丝点评/记忆表达明确,太阳之下星璀璨,#迪丽热巴你是我的荣耀# dlrb#迪丽热巴李长歌# dlrb#迪丽热巴乔晶晶# 我能做的就是做追星人不做摘星人图源来源超话 ​,https://m.weibo.cn/detail/4545779635589347
乔晶晶与《你是我的荣耀》入坑记忆,post,9,粉丝点评/记忆表达明确,jul7-35,#迪丽热巴李长歌#dlrb#迪丽热巴乔晶晶# ▪️ 我感觉我不是在追星，而是在和迪丽热巴谈一场恋爱@Dear-迪丽热巴 ​,https://m.weibo.cn/detail/4543795498322542
乔晶晶与《你是我的荣耀》入坑记忆,post,9,粉丝点评/记忆表达明确,吃棉花嘛,#迪丽热巴乔晶晶# dlrb#你是我的荣耀# 是追星不是摘星，要跟着他一起努力一起成为更好的自己@Dear-迪丽热巴 ty：见水印 ​,https://m.weibo.cn/detail/4543530527101635
红毯神图与高定封神造型,post,9,粉丝点评/记忆表达明确,最爱瑶瑶的小凝子,#陈飞宇迪丽热巴5年前拍的杂志#核心信息时间：2021年2月（距2026年刚好5年）；刊物：《芭莎男士》2月刊（总第017期）；主题为工装风时尚大片。造型：迪丽热巴高马尾+牛仔工装，利落飒爽；陈飞宇蓬松短发+休闲工装，满是少年感。同框互动自然青涩，无刻意炒CP，氛围像邻家姐弟出游。翻红契机：2026年3月《白日提灯》定档3月28日腾讯视频独播，网友考古挖出这组旧照，“五年前杂志搭档→如今剧里宿命情侣”的反差引爆话题。当年反响：低调上线、,https://m.weibo.cn/detail/5279345494986651
白日提灯贺思慕/女鬼鬼王记忆,post,9,粉丝点评/记忆表达明确,橙子叶的清甜时光,#陈飞宇迪丽热巴5年前拍的杂志#五年前（2021年），陈飞宇与迪丽热巴曾共同为《芭莎男士》杂志拍摄了一组工装风大片，两人青涩清爽的造型近期因合作新剧《白日提灯》再度翻红，引发全网对“宿命感重逢”的热议。 一、杂志拍摄背景与风格2019年，陈飞宇和迪丽热巴首次合作为《芭莎男士》拍摄杂志，主题为工装风造型。照片中迪丽热巴以高马尾造型搭配牛仔工装，展现明艳活力；陈飞宇则顶蓬松短发，身着休闲服饰，少年感十足。两人互动自然，整体风格清爽邻家，被网,https://m.weibo.cn/detail/5279270738071382
乔晶晶与《你是我的荣耀》入坑记忆,post,9,粉丝点评/记忆表达明确,Dear-凌什么,迪丽热巴超话#迪丽热巴李长歌##迪丽热巴乔晶晶# 2021.3.10 长沙出发小可爱 我们下次见吧 LDear-凌什么的微博视频 ​,https://m.weibo.cn/detail/4613094120359850
演员成长与角色群像评价,post,9,粉丝点评/记忆表达明确,家姐满分女,迪丽热巴超话 💞💞💞#迪丽热巴专属考古基地##迪丽热巴# 《快乐大本营》（2018年《烈火如歌》剧组宣传期）扮演角色：孟姜女图源见水印 ​ 专栏 · 迪麗熱巴考古 ​,https://m.weibo.cn/detail/5276165044701383
演员成长与角色群像评价,post,9,粉丝点评/记忆表达明确,刘亦菲刘茜茜,#迪丽热巴微博之夜发型拆解# 迪丽热巴在微博之夜上的发型成为热议话题，同时也有人开始讨论她的演技。虽然认为她有演技的人不在少数，但许多人仍然认为她在外表和气质方面比在演技上更有优势。因此，她的演技常常被掩盖在其他印象深刻的方面之下。然而，她在自己的作品中所展现出的灵动和高冷，都在证明她是一个有实力的演员。#跃初文娱#,https://m.weibo.cn/detail/4885471144713201
任安乐/帝梓元角色记忆,post,9,粉丝点评/记忆表达明确,di88_,迪丽热巴超话#迪丽热巴微博之夜发型拆解##迪丽热巴新剧公诉精英改名#dlrb #公诉##长歌行播出两周年了# 妈耶！我姐好红都一周了，还在讨论我姐造型，迪丽热巴是最nb的，再说一遍，我姐nb！正所谓，墙里开花墙外香，热巴小姐姐美名传四方，温柔典雅美丽大方，长得好看都不用化妆。@Dear-迪丽热巴 迪丽热巴公诉|安旎|迪丽热巴安乐传|任安乐|帝梓元@Dear-迪丽热巴 #迪丽热巴公诉#dlrb#迪丽热巴安旎#,https://m.weibo.cn/detail/4885439540628751
任安乐/帝梓元角色记忆,post,9,粉丝点评/记忆表达明确,此ID名字已被占用,迪丽热巴超话#迪丽热巴# 根正苗红央视出道科班女演员迪丽热巴一步一个脚印！未来可期[举杠铃]@Dear-迪丽热巴 巴巴 dlrb 小巴 巴粉 8粉 巴 巴姐 8姐 热巴 88 四字女星 热巴粉丝 rb 迪丽热巴生图 迪丽热巴粉丝 九字女星 88粉丝 8 八粉 八分 迪丽热巴安乐传任安乐 ​,https://m.weibo.cn/detail/4918464734829415
迪拜报平安/守护型记忆,post,9,粉丝点评/记忆表达明确,来一克柠檬,【本月新开机的剧，近期疫情频发，多多注意安全！】👇🏼👇🏼👇🏼👇🏼👇🏼👇🏼🍓●3.1 谭松韵、井柏然《归路》🍓●3.2 胡一天、梁洁《请和这样的我恋爱吧》🍓●3.5 陈晓、李沁《人生·路遥》🍓●3.7 李梦、代云帆、马伯骞《此处禁止恋爱》🍓●3.8 迪丽热巴、佟大为《公诉精英》🍓●3.9 高伟光、宣璐、任豪《只此江湖梦》🍓●3.10 刘亦菲、李现《去有风的地方》🍓●3.10 黄景瑜、辛芷蕾《失落在东经97度的记忆》🍓●3.13 杨烁、侯勇,https://m.weibo.cn/detail/4753183676826375
纪云禾与鲛人系角色记忆,post,9,粉丝点评/记忆表达明确,Dilimple酒窝,#仙侠剧女主终于支棱起来了##迪丽热巴纪云禾##与君初相识# 我不为纪云禾发疯我为谁而疯！！真的好爱这种清醒智慧的女主角啊与君初相识剧里每一个角色都值得大家喜欢。希望大家有空可以看看我们的与君初相识，总有一款戳中你的萌点，我疯狂夸每一个漂亮姐姐！！！与君初相识好看，中国人不骗中国人！ ​​​,https://m.weibo.cn/detail/4753093009084424
任安乐/帝梓元角色记忆,post,9,粉丝点评/记忆表达明确,提子的樱桃树_见过热巴版,#迪丽热巴任安乐#dlrb#迪丽热巴安乐传#电视剧安乐传超话 “你是帝家后人， 就该有当年帝家家主翻云覆雨的魄力” 看@Dear-迪丽热巴 饰演的任安乐/帝梓元如何翻云覆雨，我可真是太期待大女主任安乐啦，迪丽热巴古装永远的神！！迪丽热巴任安乐|帝梓元|安乐传|迪丽热巴公诉精英|安旎 @Dear-迪丽热巴L九方阙的微博视频,https://m.weibo.cn/detail/4819526254594874
李长歌与《长歌行》角色记忆,post,9,粉丝点评/记忆表达明确,三千公里的浪漫,#迪丽热巴李长歌# #电视剧长歌行# 再过10分钟，咱们的迪长子就要在电视台降临了，我已经洗好澡，铺好床了。再过40分钟，长歌就要在鸭鸭家走出来，我已经正衣冠，十分虔诚迎接这个对她来说意义非凡的角色。谢谢李长歌，让我们好好守护你。ps：我困的眼睛已经差不多用火柴棍支上了，下周可得恢复正常，要不挺不住了我家没有电视，都贡献不了收视率，只能贡献点击量了，明天白天再回味一下,https://m.weibo.cn/detail/4620928988743003
李长歌与《长歌行》角色记忆,post,9,粉丝点评/记忆表达明确,168热热,热巴，你知道么！你有多棒 你要知道女生喜欢女生 很难的 所以你知道你是有多棒 才会有这么多女粉 你要永远都做自己女孩子的眼光不会错第六感也很准 热巴希望有一天你的努力不会被辜负 你要努力要好好加油 等待属于你的完美蜕变做自己的女王 不要畏惧任何流言蜚语 不迎合任何人 人际关系也罢 工作也罢 粉丝也罢 你要一直一直做那个迪丽热巴 我终究还是败给了你@Dear-迪丽热巴 短片我看哭了 保护好自己的腰和脖子#迪丽热巴长歌行单人cut# #迪丽,https://m.weibo.cn/detail/4620914837163848
乔晶晶与《你是我的荣耀》入坑记忆,post,9,粉丝点评/记忆表达明确,炙骨o,#迪丽热巴乔晶晶# #迪丽热巴与君初相识# @Dear-迪丽热巴 自修||🈲二传二改 朝着光走吧 我朝着你走 ​,https://m.weibo.cn/detail/4687259116506029
乔晶晶与《你是我的荣耀》入坑记忆,post,9,粉丝点评/记忆表达明确,如果我说喜欢你三木南,7⃣️ 你是我的荣耀 （杨洋&迪丽热巴）帅哥美女盛宴，今夏最火爆的现偶剧。内娱BG天花板，现偶第一名，没人反对吧！航天工作者于途&人气女明星乔晶晶。杨洋这个脸就得出现在大屏幕上，迪丽热巴根本不用说了。就是绝配。整部剧就是太甜了，严重怀疑顾漫的小说都是参考杨洋为原型写的吧，怎么能这么契合。杨洋你真的要多拍戏。谁不想让于途带着打游戏啊。“在茫茫宇宙中，寻找地球和人类起源的真相。”“航天是最浪漫的职业”“我们和世界最顶尖的距离相差大概有三四十,https://m.weibo.cn/detail/4720518353126288
演员成长与角色群像评价,comment,9,粉丝点评/记忆表达明确,Ellis_迪乐园,迪丽热巴优秀演员！期待@Dear-迪丽热巴 为我们带来更多精彩的作品和角色,https://m.weibo.cn/detail/5287974830082673
爱丽丝与热巴的双向奔赴,post,8,粉丝点评/记忆表达明确,宝贝为什么不跟他换个位置,#迪丽热巴补偿去巴黎的粉丝#热巴因突发中东冲突缺席巴黎时装周后，主动为远赴巴黎扑空的粉丝寄送了亲笔签名照和胶片相机礼盒，这一双向奔赴的举动点燃了全网对艺人真诚与粉丝关系的热议,https://m.weibo.cn/detail/5287029433962223
爱丽丝与热巴的双向奔赴,post,8,粉丝点评/记忆表达明确,接收司青的信号_,#迪丽热巴补偿去巴黎的粉丝# 明星和粉丝的双向奔赴 泪奔了 巴粉好幸福❤,https://m.weibo.cn/detail/5287015463782092
白日提灯贺思慕/女鬼鬼王记忆,post,8,粉丝点评/记忆表达明确,巴适热豆浆,迪丽热巴#迪丽热巴贺思慕顶级压制##迪丽热巴白日提灯热度登顶# 2026别再追流水线古偶了！《白日提灯》直接封神！四百年无感鬼王贺思慕×背负血海深仇少年将军段胥，宿命感拉满！红衣鬼王造型绝美，五感互通的设定新颖又好嗑，你借我感知世间烟火，我为你冲破幽冥枷锁，没有狗血剧情，全是双向 ...全文,https://m.weibo.cn/detail/5284473380013387
跑男时期综艺名场面,post,8,粉丝点评/记忆表达明确,固幸而遇予,#迪丽热巴跑男只录了12天# 只看过第一季奔跑吧兄弟和热巴参加的这季奔跑吧，因为当时在追running man，谁懂从奔跑吧兄弟得知running man，入坑running man后，又被热巴吸引去看奔跑吧的含金量？？！！ ​,https://m.weibo.cn/detail/5291993842585168
嘻嘻迪/表情包/可爱梗,post,8,粉丝点评/记忆表达明确,大菠萝很萌,迪丽热巴超话 更新的时候看了五集 然后忙着考试 虽然我没时间看 推荐我兄弟看 她现在巨迷热巴 一个劲的催我快点看到最新集 如果我说我现在刚看到第九集 更新了三十几集 你也会觉得我好命吧 哈哈哈哈哈哈不说了 继续看了 兄弟催了 （兄弟已入坑我巴）,https://m.weibo.cn/detail/5287280948281434
白日提灯贺思慕/女鬼鬼王记忆,post,8,粉丝点评/记忆表达明确,鲤乐莓莓,#迪丽热巴演技#迪丽热巴超话 在宿舍看白日提灯成功把舍友拉入坑 迪丽热巴简直美绝了好吗 都来看这个白日提灯 ​,https://m.weibo.cn/detail/5281963046867284
嘻嘻迪/表情包/可爱梗,post,8,粉丝点评/记忆表达明确,_不要粗线条啊_,动画短片 经典片段 童年回忆 喜羊羊与灰太狼 懒羊羊头像壁纸合集｜高清无水印·氛围感拉满✨ 情侣头像｜真人情头｜氛围感情头｜小众高级不撞款治愈系情头｜卡通情头｜可爱情头｜超甜情头｜高质量情头 女生头像｜温柔干净女头｜氛围感女头｜清纯女头｜女明星头像男生头像｜简约高级｜小众头像｜真人头像闺蜜头像｜双人女头｜双人头像｜单人头像 手机壁纸｜锁屏壁纸｜平板壁纸｜电脑壁纸全屏壁纸｜聊天背景｜微信背景｜朋友圈背景治愈风｜可爱风｜ins风｜高级感｜多,https://m.weibo.cn/detail/5292259320270262
跑男时期综艺名场面,post,8,粉丝点评/记忆表达明确,oxo_Coral,#迪丽热巴跑男只录了12天#迪丽热巴2017年作为常驻嘉宾参与《奔跑吧》第五季录制，实际拍摄时长仅12天，却剪成了12期节目播出近三个月，这一冷知识近期引发热议。12天的录制浓缩成国民级回忆，既因迪丽热巴个人魅力的高效释放，也折射综艺工业的放大效应。网友怀念“跑男迪”的真诚鲜活，亦反思娱乐生态中艺人与制作的博弈关系。,https://m.weibo.cn/detail/5292006949521761
红毯神图与高定封神造型,post,8,粉丝点评/记忆表达明确,洋迪9963,杨洋迪丽热巴超话 这妆造梦回我们安心的温柔 ​,https://m.weibo.cn/detail/5284740760602708
演员成长与角色群像评价,post,8,粉丝点评/记忆表达明确,月屿樱,谁敢想迪丽热巴当年因为这一句台词涨粉几百万！迪丽热巴｜美女｜电视剧 L月屿樱的微博视频 ​,https://m.weibo.cn/detail/5294529839892058
红毯神图与高定封神造型,post,8,粉丝点评/记忆表达明确,椰猫若,#迪丽热巴跑男只录了12天#爱上迪丽热巴人之常情，跑男迪真的很权威！当年反反复复看~造型也很权威，青春美丽直接溢出来了！！！#流量飙升# ​,https://m.weibo.cn/detail/5292063297904094
花少/你好星期六等综艺片刻,post,8,粉丝点评/记忆表达明确,番茄炒蛋只能吃甜的,#网传开推4常驻女嘉宾只剩下金靖了#网传《开始推理吧4》常驻女嘉宾仅剩金靖，消息引发综艺阵容热议。爆料称新常驻为刘宇宁、张凌赫、周柯宇、金靖、丁程鑫，迪丽热巴、白宇因档期冲突退出常驻，相关档期原因均未获官方证实。腾讯视频在2026年2月8日发布会上明确表示，第四季原班“赫丽摸金宇”六人组全员回归，强调团魂为节目核心，并宣布最终阵容于4月15日官方公告为准。金靖凭借强综艺感与控场能力备受期待，但若成为唯一女常驻，节目氛围与互动结构或将调整,https://m.weibo.cn/detail/5264690943100105
嘻嘻迪/表情包/可爱梗,post,8,粉丝点评/记忆表达明确,Leonard迪迪,迪丽热巴超话 ♦️♦️♦️姐的天赋比你高2017-5-1#迪丽热巴# 来一发老视频 第一次见到热巴的那一天 活动结束等电梯 超可爱 2015年秋天 那年迪丽热巴23岁 想想见过热巴几十次了吧 哈哈哈 别羡慕 老粉滴光荣 你迪越来越火 粉丝越来越多 各路亲友们 迪丽热巴的未来就交给我们一起努力了@Dear-迪丽热巴 🍒🍒🍒#迪丽热巴专属考古基地# LLeonard迪迪的微博视频,https://m.weibo.cn/detail/5262816841826607
跑男时期综艺名场面,post,8,粉丝点评/记忆表达明确,旎眼角的泪痣,#迪丽热巴跑男只录了12天#迪丽热巴人格魅力太强了，只录了十二天的节目成了多少人的白月光，那一年的迪丽热血简直就是在全国观众面前刷脸，谁看了不说一句初恋 ​,https://m.weibo.cn/detail/5292000313869369
嘻嘻迪/表情包/可爱梗,post,8,粉丝点评/记忆表达明确,_不要粗线条啊_,灰太狼名场面来啦！ 米西米西滑不拉叽～喜羊羊 灰太狼 懒羊羊 沸羊羊 动画片 搞笑 童年回忆𝐒𝐡𝐚𝐫𝐞｜古早漫画风壁纸.ᐟ.ᐟ‪ᯅ̈ ｜ ins风壁纸 ｜女生头像𝗪𝗲𝗖𝗵𝗮𝘁 𝙒𝙚𝘾𝙝𝙖𝙩｜小猫头像头像分享| 卡通头像| 可爱头像 | 审美积累｜可爱｜萌宠｜ipad壁纸｜手机壁纸｜ins｜高清｜无水印｜好运｜搞怪｜毛茸茸｜奇奇怪怪｜头像推荐｜清新｜淡淡的｜高能量｜韩系｜高级感｜双人头像｜ipad壁纸张子枫｜周也｜鞠婧祎｜张婧仪｜欧阳娜娜,https://m.weibo.cn/detail/5293070642056803
嘻嘻迪/表情包/可爱梗,post,8,粉丝点评/记忆表达明确,噜啦露拉噜啦嘞,秦岚在《亲爱的客栈2026》里，神复刻了胡先煦在《花少5》的“哈哈哈刀哈哈”冷笑话，直接把沈月和徐志胜笑趴，这也引来了网友对“北斗七行”的一波“回忆杀”。🎭 名场面：一脉相承的冷幽默这个让全场“笑撅过去”的段子，其实是秦岚对自己“老搭档”的经典模仿：· 原版名场面：胡先煦曾一本正经地讲了一个“笑里藏刀”的梗：“有一个哈哈哈刀哈哈哈哈哈”（读作“哈哈哈哈哈刀哈哈哈哈哈”）。· 岚姐神复刻：在客栈里，秦岚惟妙惟肖地重现了这个画面，让沈月和徐,https://m.weibo.cn/detail/5289347261925081
嘻嘻迪/表情包/可爱梗,post,8,粉丝点评/记忆表达明确,雨滴Aquarius,萌物小天使壁纸｜好心情是挤出来的^o^高清壁纸 小熊 护眼 纯色壁纸 元气少女缘结神壁纸 巴卫 奈奈生 无水印 韩系风 星星壁纸 kpop风格 白色背景图 条纹壁纸 审美积累 女生头像 情侣头像 萌妹专用壁纸 可爱表情包 兔子壁纸 简约风 iPhone壁纸分享 ​(⸝⸝•‧̫•⸝⸝)来分享一下！#怎么进行审美积累？下面这些关键词你就搜吧，一用一个不吱声：海报、杂志、专辑封面、书封、摄影、手帐、美化、平面设计、拼贴、古物、复古、文创、邮票,https://m.weibo.cn/detail/5293536098649125
生日生贺与小小迪陪伴记忆,post,8,粉丝点评/记忆表达明确,殤紫,迪丽热巴超话 台湾的爱丽丝们5/30欢迎来玩 #迪丽热巴# #迪丽热巴0603生日快乐# #迪丽热巴卫蓝# #迪丽热巴虽然不能同时拥有一切# #迪丽热巴贺思慕# ​,https://m.weibo.cn/detail/5294327132587305
嘻嘻迪/表情包/可爱梗,post,8,粉丝点评/记忆表达明确,Tender_宁月湾_,蓝调时刻💙 田栩宁 梓渝中国美食 美食打卡 美食剪辑 豁达乐观 永远保持积极的态度21世纪大军夫人 李知恩（iu） 边佑锡 𝐇𝐢𝐝𝐞｜综艺精选剪辑｜现在就出发搞笑剪辑｜王安宇尝试空口吃葱“我会杀死你，不是用镰刀，而是用岁月.”萌宠头像｜治愈系头像头像安利｜卡通手绘｜软萌头像｜审美封神｜可爱爆棚｜毛茸茸萌物｜平板全屏壁纸｜手机超清壁纸｜微博热榜｜无水印原图｜转运好运｜搞怪趣味｜小众独特｜清新温柔｜氛围感拉满｜韩系极简｜高级质感｜闺蜜双人头,https://m.weibo.cn/detail/5292666519816944
白凤九与三生三世情怀,post,8,粉丝点评/记忆表达明确,OurDreamtotheSky,光热CP超话A: I just wanted to say that Dilraba feels like DongHua DiJun here... must be enjoyable for her.B: Ahaha Dijun I can see the similarities.C: Dong Hua Dijun from Eternal Love (2017) or Eternal Love of Dream (2020)?,https://m.weibo.cn/detail/5283162093521637
生日生贺与小小迪陪伴记忆,post,8,粉丝点评/记忆表达明确,ID_Tenhours_豆浆,@嘉行迪丽热巴工作室 @郝阿三 生日安排一场粉丝生日会或者粉丝见面会吧，要钱还是免费都无所谓我现在更想要这个 ​,https://m.weibo.cn/detail/5294162904613935
演员成长与角色群像评价,post,8,粉丝点评/记忆表达明确,是这样滴-,#迪丽热巴 恶女戏#红衣出水，丽姬互刺，刀柄转向男主，九尾狐开大和窗台边那个破碎感，雪中奔跑……看到这些就能浮现出来画面俺们绿眼影宋子涵哈哈哈也要被更多人认识了，演员迪丽热巴的道路是一部一部剧走出来的，从龙套群演到配角到女二到大礼包她对得起她自己演绎的每个角色，我永远期待演员迪丽热巴的每一个角色，期待打拐题材《利剑玫瑰》迪丽热巴饰演的邓妍警官。还有安利下公诉在二轮播出～迪丽热巴饰演的安旎也很好很好很好,https://m.weibo.cn/detail/4973580766414409
李长歌与《长歌行》角色记忆,post,8,粉丝点评/记忆表达明确,小狐狸887,#迪丽热巴长歌行# dlrb#迪丽热巴你是我的荣耀# 第一期团建：迪圈最令我感动的瞬间其实追星本事就是她一件令人感动的事了，好多人一起追随一个目标，大家都因热爱一个人而努力，听起来就很棒呀 ​,https://m.weibo.cn/detail/4545176170925061
乔晶晶与《你是我的荣耀》入坑记忆,post,8,粉丝点评/记忆表达明确,迪加猫咪猫,#迪丽热巴恋爱的贡多拉##迪丽热巴乔晶晶##迪圈令你感动的瞬间#迪圈的公益，最让我感动我们在追星，也在做公益未来无限我们顶峰相见@Dear-迪丽热巴 ​,https://m.weibo.cn/detail/4545165668916572
演员成长与角色群像评价,post,8,粉丝点评/记忆表达明确,电竞高雯,#2023最出圈女性角色#迪丽热巴安旎 ​,https://m.weibo.cn/detail/4975291680424749
白日提灯贺思慕/女鬼鬼王记忆,post,8,粉丝点评/记忆表达明确,小周妮妮呢,#迪丽热巴陈飞宇一个爆炸头一个牛舔头#“迪丽热巴陈飞宇一个爆炸头一个牛舔头”是网友对两人2017年合拍杂志造型的幽默调侃，爆炸头指迪丽热巴的复古卷发，牛舔头形容陈飞宇贴头皮的中分短发。这一话题近期翻红，主要因两人主演的新剧《白日提灯》即将播出，网友考古旧照时发现反差感十足。@中网传播12橘子娱乐橘子娱乐露边冰橙式准精彩中网传播初次限定追星人的快乐屋一、造型细节与反差感迪丽热巴的爆炸头：2017年拍摄迪士尼主题杂志时，她以蓬松张扬的复古卷,https://m.weibo.cn/detail/5280378780652939
白日提灯贺思慕/女鬼鬼王记忆,post,8,粉丝点评/记忆表达明确,正版小y师傅,腾讯、爱奇艺、优酷放大招！7部王炸剧扎堆上线，剧迷直接爽翻三大平台火力全开！奇幻虐恋、古装权谋、年代逆袭、民国探险、硬核刑侦、古装探案全品类覆盖，顶流+戏骨强强联手的追剧清单来啦！主演：迪丽热巴（饰 贺思慕）、陈飞宇（饰 段胥）领衔，魏哲鸣、张俪特邀主演剧情：改编自黎青燃高分小说，东方奇幻世界观拉满。归墟万灵之主贺思慕天生无五感，以执灯引渡亡魂为任；身世成谜的少年将军段胥背负血海深仇，意外与鬼王互通五感、命理相连。二人从互相试探到双向救,https://m.weibo.cn/detail/5280013484032337
跑男时期综艺名场面,post,8,粉丝点评/记忆表达明确,乱兔曲,#迪丽热巴跑男只录了12天#原来经典都是浓缩的精华！2017年作为代班常驻，热巴2-4月间零散12天跑遍上海、杭州、西安等录制地。每天10+小时高密度拍摄，背规则、拼游戏、全程在线，没有偶像包袱只有极致敬业。12天素材撑3个月播出，名场面与高热度齐飞，用最短时间交出最亮眼成绩单，这才是真正的综艺生命力✨ L乱兔曲的微博视频,https://m.weibo.cn/detail/5292064378193025
枭起青壤/聂九罗表演突破,post,8,粉丝点评/记忆表达明确,迪迪88号,#迪丽热巴聂九罗# dlrb #迪丽热巴枭起青壤# dlrb #迪丽热巴#迪丽热巴纪云禾的每一场哭戏都是按当下剧情富有不同层次，不同情绪，笑着哭的，悲伤到极致的，泪水在眼框打转的，每一滴泪都令人共情。预约利剑玫瑰O利剑·玫瑰迪丽热巴#迪丽热巴腿环# | 枭起青壤 | 利剑玫瑰 | 开始推理吧 | 聂九罗 | 邓妍@Dear-迪丽热巴L林一撸秃的猫的微博视频 ​,https://m.weibo.cn/detail/5018118818370033
李长歌与《长歌行》角色记忆,post,8,粉丝点评/记忆表达明确,荣121128,迪丽热巴超话#迪丽热巴新剧公诉精英改名##公诉##长歌行播出两周年了##迪丽热巴微博之夜发型拆解# 国民度更高且【唯一】一位超话路好粉丝过千万的国民女演员迪丽热巴。【一番】上星收视率【破1剧最多】的90后演员【一番】收视【拉升率最高】的90后演员【一番】【均集破亿剧最多】的90后演员网播平台【年冠最多】的90后演员主演【电影票房全部破亿】 【唯一】拥有一番收视破1 ➕一番票房破亿的90后演员 #迪丽热巴#迪丽热巴 dlrb 巴巴粉,https://m.weibo.cn/detail/4885464618897993
李长歌与《长歌行》角色记忆,post,8,粉丝点评/记忆表达明确,悸谙筱,"#迪丽热巴新剧公诉精英改名# dlrb#长歌行播出两周年# “我始终相信，即使万千星河黯淡，你也始终闪闪发光.” ""𝓘 𝓌𝒾𝓁𝓁 𝒶𝓁𝓌𝒶𝓎𝓈 𝒷𝓮𝓁𝒾𝓮𝓋𝓮 𝓉𝒽𝒶𝓉 𝓮𝓋𝓮𝓃 𝒾𝒻 𝓉𝒽𝓮 𝓈𝓉𝒶𝓇𝓈 𝒶𝓇𝓮 𝒹𝒾𝓂, 𝓎𝓸𝓊 𝓌𝒾𝓁𝓁 𝒶𝓁𝓌𝒶𝓎𝓈 𝓈𝒽𝒾𝓃𝓮."" @Dear-迪丽热巴",https://m.weibo.cn/detail/4885462864631387
任安乐/帝梓元角色记忆,post,8,粉丝点评/记忆表达明确,贞不拖延了,#迪丽热巴公诉豆瓣开分6.6# 好像是最近最早开分的剧，有些剧比公诉早播完到现在还没开分，如果公诉的开分再往后压一压分数可能会更好。这个分有点偏低，我个人认为公诉全员的演绎不只这个分。但也还好啦，中等偏上，云合和cvb的成绩都还不错，作为剧粉已经很满意这个成绩了。期待不久后就会相见的迪丽热巴《安乐传》，我最喜欢的猫猫头任安乐😽,https://m.weibo.cn/detail/4918462989735173
任安乐/帝梓元角色记忆,post,8,粉丝点评/记忆表达明确,我爱迪迪崽,#迪丽热巴安乐传# dlrb#迪丽热巴任安乐# 老婆晚~𝐼𝒻 𝓎𝑜𝓊 𝒶𝓇𝑒 𝒶𝓁𝓌𝒶𝓎𝓈 𝒽𝑒𝓇𝑒 𝐼 𝓌𝒾𝓁𝓁 𝒶𝓁𝓌𝒶𝓎𝓈 𝓁𝑜𝓋𝑒.你若一直在，我便一直爱@Dear-迪丽热巴💗迪丽热巴公诉|安旎|安乐传|任安乐|帝梓元 #迪丽热巴公诉豆瓣开分6.6#,https://m.weibo.cn/detail/4918460628862814
任安乐/帝梓元角色记忆,post,8,粉丝点评/记忆表达明确,爱神颜aa,迪丽热巴超话#迪丽热巴纪云禾年度最热奇幻剧角色# dlrb#迪丽热巴公诉精英# “情起一时的喜欢不叫热爱，长久无言的陪伴才可抵岁月漫长”@Dear-迪丽热巴 迪丽热巴任安乐|帝梓元|安乐传|迪丽热巴公诉精英| ​,https://m.weibo.cn/detail/4852873928119999
乔晶晶与《你是我的荣耀》入坑记忆,post,8,粉丝点评/记忆表达明确,极恶梅关系1,积分互评O今晚22:00 山东卫视一起看 ！@Dear-迪丽热巴 演绎的李长歌！在有生之年 ，得见盛世大唐！迪丽热巴李长歌殿下，麻麻爱你😘@山东卫视 不见不散ipad#山东卫视长歌行# #迪丽热巴李长歌##迪丽热巴纪云禾# [牛哞哞]#迪丽热巴与君初相识# [牛哞哞]#迪丽热巴李长歌# [牛哞哞]#迪丽热巴长歌行# [牛哞哞]#迪丽热巴你是我的荣耀# [牛哞哞]#迪丽热巴乔晶晶# [牛哞哞] dlrb 哪有什么满眼星辰，分明就是满眼的你,https://m.weibo.cn/detail/4620911159020491
生日生贺与小小迪陪伴记忆,post,8,粉丝点评/记忆表达明确,抹茶渺,"迪丽热巴超话祝福祖国的明天,天更蓝山更绿水更清,经济更繁荣人民更幸福国力更强盛“我们的国家处在新时代，需要有更多更好的作品去反映我们的生活，电视界一定不能缺少正能量作品，这一点很重要，我希望在这方面有更多探索。”——@Dear-迪丽热巴#迪丽热巴纪云禾# dlrb#迪丽热巴与君初相识##祝福祖国生日快乐#",https://m.weibo.cn/detail/4687239786008180
红毯神图与高定封神造型,comment,8,粉丝点评/记忆表达明确,半夜起床吃薯片,随便一个镜头都能当壁纸，简直封神,https://m.weibo.cn/detail/5236870947801618
行走的油画/神女美貌出圈,post,7,粉丝点评/记忆表达明确,Muwingi,#王亚飞遭迪丽热巴粉丝抵制#美貌是第一生产力，迪丽热巴素颜就已经绝美 化妆只起到锦上添花的作用 所以来预约迪丽热巴《虽然不能同时拥有一切》,https://m.weibo.cn/detail/5292753623978037
白日提灯贺思慕/女鬼鬼王记忆,post,7,粉丝点评/记忆表达明确,巴的酸奶疙瘩63,#白日提灯# 我的评分： #白日提灯观后感#迪丽热巴演技太好了，每一个故事她就是那其中一个人物，代入感很强，一点都不会出戏，这次的贺思慕强大而孤寂，就是女本位强强强，演技真的很好,https://m.weibo.cn/detail/5293051119667443
白日提灯贺思慕/女鬼鬼王记忆,post,7,粉丝点评/记忆表达明确,用户v53on8lmye,#迪丽热巴问白日提灯固屏去哪了#一部独播剧很诡异平台没有站内首页宣传。可见内娱恶性竞争多么荒诞。 迪丽热巴和爱丽丝都是体面人，演员迪丽热巴认真专业完美的塑造了她的角色贺思慕，她无愧于演员的初心。爱丽丝努力为爱发声不过希望贺思慕一角色被更多人看到，迪丽热巴的心血不能淹没在你们内 ...全文,https://m.weibo.cn/detail/5282940403845045
爱丽丝与热巴的双向奔赴,post,7,粉丝点评/记忆表达明确,小巴厨,#迪丽热巴补偿去巴黎的粉丝#姐姐一直把粉丝放心上啊，双向奔赴就是最美好的,https://m.weibo.cn/detail/5286968809229678
爱丽丝与热巴的双向奔赴,post,7,粉丝点评/记忆表达明确,尹尹约约cmfc,#迪丽热巴补偿去巴黎的粉丝#这真的是内娱最顶级的“双向奔赴”吧！ 热巴因为不可抗力滞留迪拜，没能如约抵达巴黎，让专程奔赴的粉丝们扑了空。看似是一场遗憾的错过，却被她用行动酿成了最甜的糖。,https://m.weibo.cn/detail/5286959997784710
爱丽丝与热巴的双向奔赴,post,7,粉丝点评/记忆表达明确,代号猪酱,#迪丽热巴补偿去巴黎的粉丝#女明星真好 双向奔赴,https://m.weibo.cn/detail/5286956226577579
爱丽丝与热巴的双向奔赴,post,7,粉丝点评/记忆表达明确,Dear_巴韵拾光匣,#迪丽热巴补偿去巴黎的粉丝#要喜欢一个本身就是很好的人永远是双向奔赴的爱意,https://m.weibo.cn/detail/5286953975287136
白日提灯贺思慕/女鬼鬼王记忆,post,7,粉丝点评/记忆表达明确,拉爆你担,#迪丽热巴我常常会心疼你# 贺思慕 原来你不是活在黑白虚空里的灵主 是被人间烟火和滚烫真心捂热的白山茶 从扶桑树下独守归墟的万灵之主 到终于敢为自己活一次的贺姑娘 你用四百年的等待换来了一场双向奔赴的爱 谢谢你 让我们看见原来强大与温柔可以共生 爱才是你存在的底色 万灵之主贺思慕 就此收官,https://m.weibo.cn/detail/5291060106363299
白日提灯贺思慕/女鬼鬼王记忆,post,7,粉丝点评/记忆表达明确,寻豹启事,谢谢编剧老师为如此完美的贺思慕筑牢了基底充实了内核//@全糖小巴滴滴:完美的初心，完美的呈现，观众和主创完美的双向奔赴#迪丽热巴贺思慕# 《白日提灯》创作小记之“贺思慕”篇 #白日提灯##贺思慕#,https://m.weibo.cn/detail/5290951713229882
爱丽丝与热巴的双向奔赴,post,7,粉丝点评/记忆表达明确,神颜之美,热巴和爱丽丝就这样都把对方当小孩 迪丽热巴 | 双向奔赴 | 宠粉 神颜之美的微博视频,https://m.weibo.cn/detail/5264471531979288
生日生贺与小小迪陪伴记忆,post,7,粉丝点评/记忆表达明确,樱花落i浅暮雪LC洛辰,迪丽热巴李长歌 迪字开头，丽字抒情，热字霸气，巴字结尾，迪丽热巴·迪力木拉提，全称63画，生日6月3日，却是爱丽丝一辈子的信仰，还有她那168的身高支撑了爱丽丝的全部，吾心向迪永不分离 。山外青山楼外楼，我家热巴最温柔。超甜爱豆热巴💙新疆美妞热巴💜优雅可爱热巴🍭可盐可甜热巴☁ ...全文,https://m.weibo.cn/detail/4539557352309367
白日提灯贺思慕/女鬼鬼王记忆,post,7,粉丝点评/记忆表达明确,烫水的热嘴,#入坑迪丽热巴陈飞宇新剧##白日提灯倍速不了一点#此生做过最正确的决定就是入坑迪丽热巴陈飞宇新剧，《白日提灯》真是美之爽之啊～万灵之主贺思慕和少年将军段胥相遇，跨越人灵界限彼此救赎，仙侠味足权谋也是相当精彩，追剧时生怕漏掉一丁点细节，此剧精致到扛得住反复细品！ ​,https://m.weibo.cn/detail/5282092289625614
演员成长与角色群像评价,post,7,粉丝点评/记忆表达明确,倔犟的小狮子吖,迪丽热巴超话 #迪丽热巴贺思慕# 今天彻底被演技折服！太会演了，就那个受刑的片段！那个结束后脸部肌肉的微微抽动，太他妈有感染力了！！！！真是个好演员@Dear-迪丽热巴 以前眼👀有点瞎，是我的错！这几天在恶补枭起妈呀，怎么也这么好看，又美又飒！嘻嘻不过也挺好的、入坑的晚，但我可以看的多啊！10几年的时间呢！这么一算，我要赚啊！！！！！啊哈哈哈哈,https://m.weibo.cn/detail/5286985473203339
李长歌与《长歌行》角色记忆,post,7,粉丝点评/记忆表达明确,夏见汐寒,#白日提灯 女本位#从长歌行开始入坑迪丽热巴 ​,https://m.weibo.cn/detail/5283734744995333
白日提灯贺思慕/女鬼鬼王记忆,post,7,粉丝点评/记忆表达明确,周唯慕羡,白日提灯能不能一次性更完 入坑了发现得攒着看就很痛苦#白日提灯热度##迪丽热巴# ​,https://m.weibo.cn/detail/5281968305999583
白日提灯贺思慕/女鬼鬼王记忆,post,7,粉丝点评/记忆表达明确,透明软壳,#白日提灯开播#终于等到你！🥳 等了这么久，《白日提灯》今天真的开播啦！迪丽热巴的红衣白发鬼王造型真的杀疯了！一出场氛围感直接拉满，又美又飒，破碎感和霸气感平衡得刚刚好，完全就是从书里走出来的贺思慕本人。陈飞宇演的少年将军段胥也超绝，意气风发又隐忍腹黑，和热巴的对手戏张力十足，宿命感都要溢出屏幕了。最爱的就是这个“五感互通”的设定！四百年无五感的鬼王，借少年将军的眼看世界、用他的耳听风声，这种极致的羁绊也太好哭了。S+级的制作真不是盖的,https://m.weibo.cn/detail/5281419074998010
白日提灯贺思慕/女鬼鬼王记忆,post,7,粉丝点评/记忆表达明确,Myself必殺技,白日提灯终于定档开播了 迪丽热巴、陈飞宇新剧白日提灯开播定档白日提灯 迪丽热巴 陈飞宇白日提灯设定好新奇陈飞宇热巴白日提灯两集短剧入坑热巴的第一部剧是______ LMyself必殺技的微博视频 ​,https://m.weibo.cn/detail/5280798697856799
嘻嘻迪/表情包/可爱梗,post,7,粉丝点评/记忆表达明确,颜与YY_,音乐分享｜爱只能在回忆里完整｜最后一页｜感觉至上谁懂啊！神仙质感头像壁纸合集来啦✨全都是高清无水印，不用裁剪不用二次修图，直接保存就能用～ 整理了超多风格：真人情头、卡通情头、小众高级氛围感情头，温柔干净女生头像、高级感清纯女头、闺蜜双人头像全覆盖💖还有手机壁纸、锁屏壁纸、平板/电脑全屏壁纸、微信聊天背景、朋友圈背景图通通安排！ 治愈风、可爱风、ins简约风、多巴胺软萌风全都有玫色、粉色、蓝色、紫色、黑白、暖冷渐变各种色系齐全，颜值直接,https://m.weibo.cn/detail/5294627873886327
演员成长与角色群像评价,post,7,粉丝点评/记忆表达明确,Isola_08,#白日提灯今日收官# 简直是追着杀啊……演员的伟大之处在于能让观众跟着共情或回忆。谁懂，看到迪丽热巴喊出“你不要走，谁来救救他”那一刻，自己以为早已遗忘的回忆、那些过去的感受，居然全部闪回了。明明清明已过，却在家里嚎啕大哭，狼狈不堪…… ​,https://m.weibo.cn/detail/5290960288486676
跑男时期综艺名场面,post,7,粉丝点评/记忆表达明确,-佰刻硫酸银-,#迪丽热巴跑男只录了12天#近期一条关于“迪丽热巴2017年仅用12天完成《奔跑吧》整季录制”的冷知识引发热议，不少网友惊叹于如此短暂的拍摄周期竟能创造贯穿12期的经典记忆，并持续影响至今。 ​,https://m.weibo.cn/detail/5292017923916750
演员成长与角色群像评价,post,7,粉丝点评/记忆表达明确,Like_Qn,#白日提灯今日收官#亲爱的热巴，恭喜你解锁人生新角色——贺思慕🩷，也恭喜你 演绎生涯增添了一块新的拼图🧩开播准时收看《白日提灯》的那一天，你初登场时的惊艳亮相仍让我记忆深刻。紧随其后的是你出色的表演，吸引着我每天准时打开手机观看，随着剧情的不断深入，也再次被你细腻的演技所打动：扮演柔弱无害贺小小时的灵动可爱🥹；切大号作为归墟灵主时的威严从容🤨；方昌附体贺小小时的阴险恶毒👿；初次体验痛感时的浑身颤栗🫨；交换五感后感受人间时的鲜活明媚🥰；在,https://m.weibo.cn/detail/5290956913119900
乔晶晶与《你是我的荣耀》入坑记忆,post,7,粉丝点评/记忆表达明确,冰染倾迪,幸运咖的全身图原来是这样的吖 好好看的红裙子 梦回乔晶晶 ​,https://m.weibo.cn/detail/5288025422563942
白日提灯贺思慕/女鬼鬼王记忆,post,7,粉丝点评/记忆表达明确,哈哈哈就要开心,#迪丽热巴花魁造型#我们鬼王脸都要笑僵了，她古装好漂亮啊，真是最适合内娱古装“违章建筑”了，紫色的梦回长歌，不过长歌为了贴合角色更偏男妆一点，而且眼睛可以传达出好多情绪，开心、质疑、生气、伤心……#白日提灯# ​,https://m.weibo.cn/detail/5285576733624061
嘻嘻迪/表情包/可爱梗,post,7,粉丝点评/记忆表达明确,我今天吃得很好,居然还模仿过尔康的表情包，好可爱。小巴早期角色可考古的物料太少了，跑龙套的骊姬，倾城，安心都没有花絮我好难受，吴安珀，宋子涵，江离也没有花絮吗？甚至都演女主了，苏溢清的花絮也没看见过，是没发过还是没拍过，有没有好心人给我发一下。这个采访应该是唐楠楠的# 迪丽热巴# ​,https://m.weibo.cn/detail/5292455064766364
高雯名场面与早期出圈,post,7,粉丝点评/记忆表达明确,RayBan明明,#迪丽热巴跑男只录了12天#我天，我记得当年除了克拉恋人古剑奇谭还有三生三世以外，我印象最深的就是这个跑男迪，当时很不喜欢看综艺的，但是看过一次切片以后，基本上每周五都会准时打开浙江卫视看的 ​,https://m.weibo.cn/detail/5291994161350593
花少/你好星期六等综艺片刻,post,7,粉丝点评/记忆表达明确,会炸毛的焦绿猫,#开推老粉意难平#想看迪丽热巴可以等这个星期六中午十二点在@腾讯视频 看@白日提灯官微 ，也可以等这个星期六晚上在@湖南卫视你好星期六 看迪丽热巴参加的剧宣综艺！ ​,https://m.weibo.cn/detail/5279998401317865
跑男时期综艺名场面,post,7,粉丝点评/记忆表达明确,tianc_xx,#迪丽热巴再被叫胖迪很惊讶#七年老粉才懂的这个称呼的含金量 ​,https://m.weibo.cn/detail/5278935757620622
花少/你好星期六等综艺片刻,post,7,粉丝点评/记忆表达明确,想要的或许在星期巴,#迪丽热巴跑男只录了12天#迪丽热巴跑男仅录12天都能如此火，不仅是爆剧漂亮的李慧珍自带流量进组，更是综艺里这个小巴巴的表现深得观众喜爱，才能以短短的时间获得如此大的流量回报，跑男节目组也不是做慈善的。举几个例子，花少里的热巴细腻体贴，人见人爱，总是在意别人的情绪并温柔的开解，连拍摄的工作人员她都会喊他们去休息和分享美食，开始推理吧里迪丽热巴出圈的造型更是数不胜数，早期点的漫游全世界综艺一袭白裙的热巴简直就是白月光，当时我年纪很小都印象,https://m.weibo.cn/detail/5292070034215839
嘻嘻迪/表情包/可爱梗,post,7,粉丝点评/记忆表达明确,遇渝栖于栩,𝐒𝐡𝐚𝐫𝐞｜古早漫画风壁纸.ᐟ.ᐟ‪ᯅ̈ ｜ ins风壁纸 ｜女生头像丨电视剧电视📺丨搞笑综艺丨喜人奇妙夜丨喜人丨爆梗日常搞笑《拜访城堡》⭐💐🫧𝗪𝗲𝗖𝗵𝗮𝘁 𝙒𝙚𝘾𝙝𝙖𝙩｜小猫头像头像分享| 卡通头像| 可爱头像 | 审美积累｜可爱｜萌宠｜ipad壁纸｜手机壁纸｜ins｜高清｜无水印｜好运｜搞怪｜毛茸茸｜奇奇怪怪｜头像推荐｜清新｜淡淡的｜高能量｜韩系｜高级感｜双人头像｜ipad壁纸张子枫｜周也｜鞠婧祎｜张婧仪｜欧阳娜娜｜文淇｜陈都灵｜杨,https://m.weibo.cn/detail/5294473883943806
嘻嘻迪/表情包/可爱梗,post,7,粉丝点评/记忆表达明确,遇渝栖于栩,𝐒𝐡𝐚𝐫𝐞｜古早漫画风壁纸.ᐟ.ᐟ‪ᯅ̈ ｜ ins风壁纸 ｜女生头像丨电视剧电视📺丨搞笑综艺丨喜人奇妙夜丨喜人丨爆梗日常搞笑《风云再起饭局往事续集》⭐💐🫧𝗪𝗲𝗖𝗵𝗮𝘁 𝙒𝙚𝘾𝙝𝙖𝙩｜小猫头像头像分享| 卡通头像| 可爱头像 | 审美积累｜可爱｜萌宠｜ipad壁纸｜手机壁纸｜ins｜高清｜无水印｜好运｜搞怪｜毛茸茸｜奇奇怪怪｜头像推荐｜清新｜淡淡的｜高能量｜韩系｜高级感｜双人头像｜ipad壁纸张子枫｜周也｜鞠婧祎｜张婧仪｜欧阳娜娜｜文淇,https://m.weibo.cn/detail/5293417606154943
演员成长与角色群像评价,post,7,粉丝点评/记忆表达明确,ovoSakura,#迪丽热巴千字长文告别白日提灯##白日提灯今日收官# 男主演爽了吧 换我演演第一眼见到灵主就是我见犹怜的模样零帧起演贺思慕 这谁不立马爱上画面、特效、妆造、质感都很好巴的原声台词好爽！一人两角部分演技超直观狠狠期待《虽然不能同时拥有一切》小沉英演得好灵动，角色魅力很大！宴科这个角色确实复杂，姜艾是天选打工人第四集片尾神来的 周深唱的《初醒》太应景了弹幕超有梗剧情节奏前30多集都不错，最后几集感情线较多有点疲软，个人喜欢be结局,https://m.weibo.cn/detail/5291147584864329
嘻嘻迪/表情包/可爱梗,post,7,粉丝点评/记忆表达明确,迪雅温,迪丽热巴超话 贺思慕美貌与搞笑并存，这很迪丽热巴✨✨✨（我真的有这些表情包♪(^∇^*)）#ally整容模版是迪丽热巴# ​,https://m.weibo.cn/detail/5287411687096865
纪云禾与鲛人系角色记忆,post,7,粉丝点评/记忆表达明确,养爱ai多-全网同名,此沙超话 新粉入坑，求涨经验值关于沙沙我是看捕风追影才入坑的，但考古发现，之前追热巴的剧时 他早就和热巴搭过《与君初相识》超好看，大家可以去看看沙沙的荧幕初吻，考古一下沙沙的早期演技哦最后附上沙沙的帅照，大家帮我涨涨经验值吧 ​,https://m.weibo.cn/detail/5294095733884263
演员成长与角色群像评价,post,7,粉丝点评/记忆表达明确,爱热热哦,#迪丽热巴# 想把这幅作品安利给所有人！点击年度创作-星粉展区，速来pick你喜欢的星粉超话年度创作，助TA神速出圈！#超话大赏# ​​​宝宝们，投一下产出，比糖果还甜的热巴，辛苦大家啦！ ​​​,https://m.weibo.cn/detail/4974535602340121
乔晶晶与《你是我的荣耀》入坑记忆,post,7,粉丝点评/记忆表达明确,浅若rb,#迪丽热巴造型 MixWei#今天就安利一下超级无敌可爱、明媚漂亮、坚韧勇敢的大明星乔晶晶，真的太心疼也太喜欢晶晶了，坚韧勇敢美丽大方，骄傲善良执着倔强，她成就了爱人的梦想，还能给他带来属于明天日出东升的希望 ，就像小太阳一样温暖身边的人L胖杉被迫改名的微博视频#和迪丽热巴一起花路游学#dlr #迪丽热巴花儿与少年#,https://m.weibo.cn/detail/4973351894517000
演员成长与角色群像评价,post,7,粉丝点评/记忆表达明确,爱睡觉爱吃饭D,#迪丽热巴这段自我介绍完播率100%#迪丽热巴一段18岁新生档案视频近期因“完播率100%”成为网络焦点，其青涩娇憨的早期形象与当下明艳风格的强烈反差引发广泛讨论。223热爱栀子巷一、视频核心亮点：原生状态与反差魅力青涩形象引发怀旧共鸣 视频为迪丽热巴早年试镜素材：她以素颜或淡妆出镜，身着低饱和色调服装，清晰介绍年龄、学校等基本信息，语气娇憨自然，动作略带腼腆。这种未经修饰的真实状态与如今荧幕上精致明艳的形象形成鲜明对比。 @小怡夏日恋,https://m.weibo.cn/detail/5255020229698674
李长歌与《长歌行》角色记忆,post,7,粉丝点评/记忆表达明确,ryeo赫海,2021年3月31日，《长歌行》正式开播，随后垂直入坑，在QQ加入到了长歌行迪丽热巴群，渐渐转入微博，从此命运的齿轮⚙️开始转动…… ​,https://m.weibo.cn/detail/4961585355556463
李长歌与《长歌行》角色记忆,post,7,粉丝点评/记忆表达明确,热呼脆薯条_DI,#迪丽热巴粉丝相约20210729# dlrb#迪丽热巴李长歌# 2018.07.29--2020.07.29 两年后的今天我还在@Dear-迪丽热巴 1使用标源 禁二改1 ​,https://m.weibo.cn/detail/4531989854817567
红毯神图与高定封神造型,post,7,粉丝点评/记忆表达明确,下雨天发呆,#迪丽热巴跑男只录了12天#迪丽热巴2017常驻跑男第五季，实际录制仅12天，却凭灵动表现和镜头氛围感，封神经典“跑男迪”，至今仍是综艺名场面天花板。 ​,https://m.weibo.cn/detail/5292017448127377
任安乐/帝梓元角色记忆,post,7,粉丝点评/记忆表达明确,88是ba,"#迪丽热巴微博之夜发型拆解# dlrb#迪丽热巴新剧公诉精英改名# “庄园有无数朵玫瑰，我唯独看向了你”𝑻𝒉𝒆𝒓𝒆 𝒂𝒓𝒆 𝒄𝒐𝒖𝒏𝒕𝒍𝒆𝒔𝒔 𝒓𝒐𝒔𝒆𝒔 𝒊𝒏 𝒕𝒉𝒆 𝒎𝒂𝒏𝒐𝒓, 𝒃𝒖𝒕 𝑰 𝒐𝒏𝒍𝒚 𝒍𝒐𝒐𝒌 𝒂𝒕 𝒚𝒐𝒖.迪丽热巴公诉精英｜安旎|迪丽热巴安乐传|任安乐|帝梓元 @Dear-迪丽热巴",https://m.weibo.cn/detail/4885482842098535
红毯神图与高定封神造型,post,7,粉丝点评/记忆表达明确,小头胖虎嘎嘎帅,今日有网友问我：为啥每次提到红毯top，很少有人提名古力娜扎呢？ 想想还真是，娜扎的颜值与身材双绝，每次走红毯都艳惊四座，而且常常扛得住各种生图，算得上是生图与精修图差距很小的女明星了，但每次提到会走红毯的女明星，的确很少有人提起她，大多会提名迪丽热巴与Angelababy这些。 ​​​,https://m.weibo.cn/detail/4885482268526805
任安乐/帝梓元角色记忆,post,7,粉丝点评/记忆表达明确,唯爱迪n,"迪丽热巴超话#迪丽热巴新剧公诉精英改名#dlrb #迪丽热巴# 爱意化成风声，替我转交给你𝓛𝓸𝓋𝓮 𝓉𝓊𝓇𝓃𝓈 𝒾𝓃𝓉𝓸 𝓌𝒾𝓃𝒹, 𝓰𝒾𝓋𝓮 𝒾𝓉 𝓉𝓸 𝓎𝓸𝓊 𝒻𝓸𝓇 𝓂𝓮.@Dear-迪丽热巴迪丽热巴公诉精英|迪丽热巴安旎|迪丽热巴安乐传|迪丽热巴任安乐|迪丽热巴帝梓元@Dear-迪丽热巴",https://m.weibo.cn/detail/4885423728102391
花少/你好星期六等综艺片刻,post,7,粉丝点评/记忆表达明确,i看书的仓鼠,迪丽热巴超话#迪丽热巴花儿与少年# dlrb #和迪丽热巴点亮微博之夜#💐记录巴黎的点点滴「迪」，捎上一包法棍，走进路旁用鲜花点缀的咖啡店，转角的剧院里或许浪漫正在上演，来自小迪@Dear-迪丽热巴 的城市漫游记忆(≧ω≦)/迪丽热巴| 迪丽热巴邓妍 | 迪丽热巴花儿与少年 L嘉行迪丽热巴工作室的微博视频 ​​​,https://m.weibo.cn/detail/4985145553328327
李长歌与《长歌行》角色记忆,post,7,粉丝点评/记忆表达明确,_纪云禾梦女_,电视剧长歌行超话长歌忘不了那晚的期盼与渴望，紧张到颤抖，久旱逢甘霖的感觉，所有憋着说不出的话在看到你的那一刻像春风拂过心头一样被缓缓治愈，是我茫茫大海中的浮木，带我离开梦魇是你赋予了她不同凡响的意义能做到的，只有你啊，我的李哥哥@Dear-迪丽热巴 一年，快乐愿你得见大唐盛世——你的长安故交#迪丽热巴李长歌#,https://m.weibo.cn/detail/4753209153295325
纪云禾与鲛人系角色记忆,post,7,粉丝点评/记忆表达明确,limban,#迪丽热巴说自由的味道有股瓜味#我急需一个嘴替来表达我看了今天这两集#与君初相识# 之后对纪云禾的喜爱救命啊我喜欢得只会尖叫啊啊啊啊啊啊受伤的时候是脆得我心揪揪探寻转机的时候是拽得我卧槽连篇 有勇有谋 运筹帷幄 活得现实 爱得浪漫情深不寿 慧极伤根又有什么要紧👊🏻纪云禾就是要打心底里自由的传奇人物电视剧与君初相识超话,https://m.weibo.cn/detail/4753169375039040
纪云禾与鲛人系角色记忆,post,7,粉丝点评/记忆表达明确,另一半呢,纪云禾啊 你说你 好不容易出去了又被提留回去了 不过 你明天才能救出去我就想知道 啥时候开席 哈哈哈哈 等不及了果然 最精彩的部分永远在下一集上部分快完结了 每一个人物都好鲜明他们各有各的特色 我好像也不恨仙姬不恨仙师可能 都有难言之隐 这剧 人物鲜明 我喜欢我最在意的还是上部完结的时候能不能开席#迪丽热巴与君初相识#,https://m.weibo.cn/detail/4753162303179389
纪云禾与鲛人系角色记忆,post,7,粉丝点评/记忆表达明确,jinzideyouhuo,#仙侠剧女主终于支棱起来了#我真的爱女强的仙侠，虽然与君初相识定位是东方童话，但精神内核就是追求自由，反抗压迫和特权。纪云禾有颜值有武力有智慧，坚韧、独立、自信，用自己的力量保护所爱之人，忠于自己的内心，命运打不碎她的铮铮傲骨。真的好多年没有看过这种仙侠女主了，太爱纪云禾了#与君初相识# ​,https://m.weibo.cn/detail/4753095077398601
任安乐/帝梓元角色记忆,post,7,粉丝点评/记忆表达明确,阿拉萌萌巴巴酱,#迪丽热巴公诉精英# dlrb#迪丽热巴安乐传# “我觉得我跟自己和解的时间算是比较长的。因为我也不是时时刻刻自信，以前是特别不自信，然后加上特别没安全感，但是现在会稍微好那么一点点。大多数一遇到不自信或者是没安全感的时候，我就会去跟自己做一个心理的沟通“哎呀不行不行，不能这样想”，就会稍微好一点” ——@Dear-迪丽热巴迪丽热巴公诉精英|迪丽热巴安旎|迪丽热巴安乐传|迪丽热巴任安乐|迪丽热巴帝梓元@Dear-迪丽热巴,https://m.weibo.cn/detail/4852870324954940
李长歌与《长歌行》角色记忆,post,7,粉丝点评/记忆表达明确,最爱迪热热女士,迪丽热巴官方粉丝群超话迪丽热巴#长歌行#迪丽热巴李长歌超话绝绝子@Dear-迪丽热巴 老婆yyds我大爱你@Dear-迪丽热巴 ​,https://m.weibo.cn/detail/4620945551793387
李长歌与《长歌行》角色记忆,post,7,粉丝点评/记忆表达明确,几页书看完了吗,看到《长歌行》被拍成了电视剧才想起来我只看到了弥弥古丽自杀长歌暴走就专注高中学习去了又想起来躲被窝里看的《哑舍》也只看到了扶苏复活医生躲进了老板的兔兔里面，还想起来《秦时明月》快两三年了还没更新高中忙里偷闲的滋味真的太美妙了（ps.迪丽热巴演长歌真的不太行啊，但凡是个年纪小一点的漂亮妹妹都更合适吧）,https://m.weibo.cn/detail/4488656184527914
白凤九与三生三世情怀,post,7,粉丝点评/记忆表达明确,西柠Alin,剧版三生三世枕上书超话#电视剧三生三世枕上书# 打脸太快 功力太低 出坑失败 微博 douyin一刷都是枕上书的算了算了 顺其自然 不立flag了做了个东华帝君的视频一颦一笑 无论是高冷的帝君 还是那个幼稚，爱吃醋 厚脸皮的东华 都是忘不了❤❤❤❤是这样做到这么自然又迷人的wink睁一只眼闭一只眼也是帅到…《枕边人》这歌也是洗脑洗的出不了#高伟光东华帝君##高伟光演技##高伟光三生三世枕上书##高伟光#高伟光超话#三生三世枕上书发糖,https://m.weibo.cn/detail/4488641412164719
李长歌与《长歌行》角色记忆,post,7,粉丝点评/记忆表达明确,嗑瓜子专用君,【热剧选角定角资讯更新】★《长歌行》迪丽热巴、屈楚萧、赵露思★《亲爱的戎装》黄景瑜、李沁★《盛装》宋佳、袁咏仪、陈赫 、金晨、王耀庆、张超★《镜双城》肖战、祝绪丹or彭小苒★《人生若如初见》李现★《天涯客》茅子俊、李岱昆★《冰雨火》陈晓、王一博★《涩女郎》殷桃、宋轶、魏大勋、杨烁、孙艺洲★《天下谁人配白衣》罗云熙、陈飞宇★《你是我的小确幸》唐晓天、刑菲★《清落》刘学义、王梓薇★《落花时节又逢君》方逸伦、李庚希★《遇龙》王鹤棣、祝绪丹★《,https://m.weibo.cn/detail/4455685133710563
生日生贺与小小迪陪伴记忆,post,7,粉丝点评/记忆表达明确,面条要吸汤,虽然镜头切的超级使我不适！但我觉得我的宝贝超级棒！！！唱的很好喜欢你真的是太美好了！@Dear-迪丽热巴 会演戏会唱歌会跳舞会洗衣做饭！我的宝贝怎么这么厉害呢新的一年我也要像你一样！必须努力一点辛苦啦2019年到处奔波这一年你尝试了很多很多我一直觉得你可能不会去触及的一些东西创造营发起人主持的真的很好生日会上唱歌跳舞你知道吗你真的很棒的！！！今晚的你很美很飒很棒2019有你陪着一起跨年真的好棒2020我还在哦~怎么办我这辈子就赖着你赖着,https://m.weibo.cn/detail/4455681883015688
爱丽丝与热巴的双向奔赴,post,7,粉丝点评/记忆表达明确,冬日长岛冰茶,赞美的话我不会夸，还是路人很会夸哈哈哈，昨天的优酷YC盛典热巴的金色吊带裙从远处款款而来，摇曳生姿，那一瞬间，恍惚中我看到了自信的高雯，昂首挺胸，阔步而来，她的微笑如沐春风，吹进了我心里，她每一个举动高贵而不失优雅，我就想，啊，这是我的雯儿啊，她真的长大了，说实话，我是2015年看高雯才入粉，当初她出道才两年就演出道多年的高雯真的太难了，但她很好地演活我心中的那个雯儿，甚至更好！现在的她，经历过雯儿所经历过的一些事情，这个经历反而会是宝,https://m.weibo.cn/detail/4223620379807761
嘻嘻迪/表情包/可爱梗,post,7,粉丝点评/记忆表达明确,我的小迪公举,#电视剧烈火如歌# 之前看过一篇小说，是这么形容长的好看的人。从前女娲造人刚开始是捏的，后来捏累了是直接用藤鞭甩出来的。哈哈哈，难怪我长的不咋样，原来我是女娲甩出来的( ｰ̀εｰ́ )我家热巴应该是捏出来的，而且是捏上个三天三夜精心的捏出来的，所以才那么美最后这个动图的小眼神好可爱啊，爱你，么么哒～(^з^)-☆@Dear-迪丽热巴,https://m.weibo.cn/detail/4223555959327931
白日提灯贺思慕/女鬼鬼王记忆,comment,7,粉丝点评/记忆表达明确,大人小孩小迪,演员扛首播扛角色，迪丽热巴扛住了角色也扛住了首播。新剧白日提灯开播各个维度都爆火（讨论度，玩梗出圈，下沉效应，在追人数，广告，周边，联名等#迪丽热巴白日提灯# #迪丽热巴贺思慕#,https://m.weibo.cn/detail/5281803091052306
白日提灯贺思慕/女鬼鬼王记忆,comment,7,粉丝点评/记忆表达明确,花花很幸运呀,优秀的演员迪丽热巴贺思慕演的别好特别棒期待卫蓝与我们相见#迪丽热巴白日提灯# dlrb #迪丽热巴贺思慕#,https://m.weibo.cn/detail/5290918258148612
李长歌与《长歌行》角色记忆,comment,7,粉丝点评/记忆表达明确,十之二一II,她从长歌行就是“我想拍完赶紧收工”的状态，还怪其他演员太优秀。我当年还在搞戏剧，最讨厌这种人。现实中一个剧组是一整个团队多少百人的生计，这种自以为是敷衍工作的还不如来体验的天龙人。这几年她人气不行星光不在了其实反而演戏有点努力了，但已经回不来了。,https://m.weibo.cn/detail/5281465973871458
红毯神图与高定封神造型,post,6,粉丝点评/记忆表达明确,mua木拉提,#迪丽热巴邓为迪奥生图# 女明星要多美才是美 状态要多好才称好 迪丽热巴纯天然大美女不接受反驳 任何见过迪丽热巴本人的人无一不震惊于她的美貌 没有人会永远年轻但她永远有魅力永远漂亮 出圈美神迪丽热巴,https://m.weibo.cn/detail/5292805763105632
白日提灯贺思慕/女鬼鬼王记忆,post,6,粉丝点评/记忆表达明确,-Dear-ying,迪丽热巴#迪丽热巴白日提灯# dlrb #迪丽热巴贺思慕# dlrb #白日提灯# 🏮全天下好东西都该属于我，包括你在内 迪丽热巴 |白日提灯 | 虽然不能同时拥有一切 | 贺思慕 |卫蓝 @Dear-迪丽热巴 ⛲️,https://m.weibo.cn/detail/5293533032351440
白日提灯贺思慕/女鬼鬼王记忆,post,6,粉丝点评/记忆表达明确,-Dear-ying,迪丽热巴 #迪丽热巴贺思慕# dlrb #迪丽热巴白日提灯# dlrb #白日提灯# 迪丽热巴 |白日提灯 | 虽然不能同时拥有一切 | 贺思慕 |卫蓝 @Dear-迪丽热巴 迪丽热巴#迪丽热巴利剑玫瑰# dlrb#迪丽热巴花儿与少年# “你是我无法写的野蛮玫瑰，也是我寻求一生也得不偿的明月。” @Dear-迪丽热巴,https://m.weibo.cn/detail/5293532971797004
白日提灯贺思慕/女鬼鬼王记忆,post,6,粉丝点评/记忆表达明确,初素景蝶恋-,#迪丽热巴贺思慕# dlrb#迪丽热巴白日提灯# 在男女牵手的学校里，我握住的是你的小卡 @Dear-迪丽热巴迪丽热巴,https://m.weibo.cn/detail/5293466471105448
迪拜报平安/守护型记忆,post,6,粉丝点评/记忆表达明确,娑椤树下花静晚,不是说苦尽甘来吗？为什么迪丽热巴苦了一年又一年？看到热巴因滞留迪拜缺席时装周，明明工作室其他成员和装造团队都是直飞，就让热巴一个人在阿联酋转机，而热巴甚至还担心粉丝专门前往巴黎期待与他见面，很遗憾让大家跑空专门为此次来到巴黎的爱丽丝们准备了一些心意。之前就被曝团队里5个人有2个内鬼 ...全文,https://m.weibo.cn/detail/5272790308750548
白日提灯贺思慕/女鬼鬼王记忆,post,6,粉丝点评/记忆表达明确,巴次暗恋,迪丽热巴 贺思慕#迪丽热巴# dlrb #迪丽热巴白日提灯# dlrb#白日提灯# dlrb #迪丽热巴贺思慕# 迪丽热巴💖爱丽丝！ @Dear-迪丽热巴 们爱丽丝的微博视频,https://m.weibo.cn/detail/5289511309020049
白日提灯贺思慕/女鬼鬼王记忆,post,6,粉丝点评/记忆表达明确,巴次暗恋,迪丽热巴 贺思慕#迪丽热巴# dlrb #迪丽热巴贺思慕# dlrb #迪丽热巴白日提灯# dlrb#白日提灯# 热·爱双向奔赴，真诚的热巴永远打动我 @Dear-迪丽热巴 todayis-lly的微博视频,https://m.weibo.cn/detail/5288088991435214
白日提灯贺思慕/女鬼鬼王记忆,post,6,粉丝点评/记忆表达明确,牛肚粗面,思胥万千 刚追完第32集。 氛围感拉满，贺思慕与段胥的宿命爱恋细腻又动人。 迪丽热巴把灵主清冷孤傲演绎得淋漓尽致，外表清冷疏离，眼底尽是温柔牵挂，甘愿冲破规则护他周全，内敛深情藏于眉眼之间。陈飞宇将段胥的温柔隐忍刻画入微，以凡人之心默默守护，处处体谅、满心在意。 二人双向奔赴 ...全文,https://m.weibo.cn/detail/5287016998639187
演员成长与角色群像评价,post,6,粉丝点评/记忆表达明确,Ambroisie-卡布奇诺,#迪丽热巴补偿去巴黎的粉丝#迪丽热巴就是超宠粉的小女孩，心地善良，低调做事在最近热播的白日提灯里也是独立清醒的大女主，台词清楚演技超棒,https://m.weibo.cn/detail/5287003310787619
机场饭拍与日常陪伴片刻,post,6,粉丝点评/记忆表达明确,热之w森,#迪丽热巴给粉丝点了奶茶面包鸡汤# 我不酸我不酸我不酸……才怪💔 为什么我不在长沙？！真的好羡慕！巴姐好宠粉！热爱是真的！ #迪丽热巴Hi6卷发上班路透#,https://m.weibo.cn/detail/5264450278132786
乔晶晶与《你是我的荣耀》入坑记忆,post,6,粉丝点评/记忆表达明确,无镶47710,#迪丽热巴跑男只录了12天#居然只录制了12天吗？那几期节目都快被盘包浆了！啥也别说了，瞄准#白日提灯# 嗷嗷一顿看！从来都不只是因为美貌入坑，更多的是看了阿娜尔罕、高雯、白凤九、关小迪、丽姬、傲娇与偏见、二十克拉、解忧杂货店、与君初相识、任安乐、乔晶晶、邓妍、聂九罗、贺思慕等等吧，喜欢跑男上的热血迪，喜欢极限挑战上的小迪，更喜欢北斗七星中的迪迪，以及开始推理吧中的巴姐！美貌在她有趣的灵魂面前不值一提！不只是荧幕前的偶像，更是我想努力成,https://m.weibo.cn/detail/5292046060620883
白日提灯贺思慕/女鬼鬼王记忆,post,6,粉丝点评/记忆表达明确,YAMI0521,#迪丽热巴眼技#好多人都是睁眼说瞎话 你们是想堵住多少人的嘴 我就是被热巴的演技吸引入坑的 欢迎来看白日提灯迪丽热巴超话#迪丽热巴# ​,https://m.weibo.cn/detail/5280316285519719
红毯神图与高定封神造型,post,6,粉丝点评/记忆表达明确,梨春枝_,谁的童年回忆被考古了！12个工作日的录制，剪出整整12期正片横跨三月播出，名场面封神多年全力以赴的甜热热，永远是内娱综艺天花板✨#迪丽热巴跑男只录了12天# ​,https://m.weibo.cn/detail/5292099071381950
跑男时期综艺名场面,post,6,粉丝点评/记忆表达明确,年糕不温柔,#迪丽热巴跑男只录了12天#谁能想到，只有12天录制的份量，能让跑男迪成为很多人青春年少里的精彩回忆此女的魅力真的是是顶级，出现即圈粉 ​,https://m.weibo.cn/detail/5292014146946023
白日提灯贺思慕/女鬼鬼王记忆,post,6,粉丝点评/记忆表达明确,阿la希,#白日提灯今日收官#舍不得真的舍不得，追剧的时光总是那么短暂，这部剧承载了我的喜怒哀乐，陪着贺思慕一起笑，一起怒，一起哭。有着太多太多的回忆，演员迪丽热巴在这里饰演的贺思慕简直太形象，演的非常出彩。虽舍不得，但我们还是要一直向前，接下来就期待卫蓝的登场，静待花开 ​,https://m.weibo.cn/detail/5290935069706956
嘻嘻迪/表情包/可爱梗,post,6,粉丝点评/记忆表达明确,用户6742798435,#迪丽热巴跑男只录了12天#是可爱活泼古灵精怪的迪丽热巴，虽然只录了十来天，但是足以让人记忆深刻，十分喜欢 ​,https://m.weibo.cn/detail/5292099822160540
李长歌与《长歌行》角色记忆,post,6,粉丝点评/记忆表达明确,迪桉予真,迪丽热巴超话dlrb#迪丽热巴贺思慕#dlrb #迪丽热巴待播剧#梦回长歌@Dear-迪丽热巴 ​,https://m.weibo.cn/detail/5286071375496480
李长歌与《长歌行》角色记忆,post,6,粉丝点评/记忆表达明确,彩釚瓶子儿,#迪丽热巴花魁造型#梦回李长歌啊 我的长歌行#长歌行##迪丽热巴贺思慕# ​,https://m.weibo.cn/detail/5285711594915894
红毯神图与高定封神造型,post,6,粉丝点评/记忆表达明确,喝口迪迪味,迪丽热巴超话 贺思慕 美神降临 繁琐的好看 简约的也好看 有一种梦回长歌行的感觉有人懂么#迪丽热巴花魁造型##迪丽热巴贺思慕# ​,https://m.weibo.cn/detail/5285700142631199
白日提灯贺思慕/女鬼鬼王记忆,post,6,粉丝点评/记忆表达明确,梦想是当迪丽热巴的棉裤,迪丽热巴超话#神器认主镜头是迪丽热巴想的#迪丽热巴美！！！这种华丽的头饰就该配绝色美人，还有后面的造型梦回长歌#迪丽热巴说想挑战过瘾的角色##迪丽热巴白日提灯# dlrb #迪丽热巴贺思慕# dlrb #白日提灯# 迪丽热巴 |白日提灯 | 虽然不能同时拥有一切 | 贺思慕 |卫蓝@Dear-迪丽热巴 ​,https://m.weibo.cn/detail/5285480669118524
新疆舞与舞台表现名场面,post,6,粉丝点评/记忆表达明确,Absinthea,两只烦人的苍蝇哈哈哈哈这个面帘梦回热巴之前有个红衣遮脸跳舞的舞台 LAbsinthea的微博视频 ​,https://m.weibo.cn/detail/5284994203517004
李长歌与《长歌行》角色记忆,post,6,粉丝点评/记忆表达明确,掰你门牙o,#白日提灯#是你吗长歌这个造型真的梦回李长歌贺思慕坐在屋顶上的样子像那种偷偷溜出山门、蹲在房檐上晃悠的贪玩小师姐本人啊白日提灯剧版超话#迪丽热巴贺思慕# ​,https://m.weibo.cn/detail/5284774992413250
机场饭拍与日常陪伴片刻,post,6,粉丝点评/记忆表达明确,Leonard迪迪,迪丽热巴超话 ♦️♦️♦️saine-2015-11-21151116 #迪丽热巴# @ 北京首都国际机场 拖了好几天终于发了原图出来2333@Dear-迪丽热巴 🍒🍒🍒#迪丽热巴专属考古基地# ​,https://m.weibo.cn/detail/5291927416344544
高雯名场面与早期出圈,post,6,粉丝点评/记忆表达明确,音秀爷,#迪丽热巴在还63张自拍的债了#热巴上跑男前就大火了吧，三生三世十里桃花的凤九当年确实是现象级的，还有女明星高雯也出圈，她是靠剧火的，才会火到顶流，若只靠奔跑吧的综艺火，就是火也不会火到顶流这么多年。 ​,https://m.weibo.cn/detail/5293945091260423
跑男时期综艺名场面,post,6,粉丝点评/记忆表达明确,落刀吻,#迪丽热巴跑男只录了12天# 迪丽热巴作为第五季常驻嘉宾，实际拍摄集中在2017年2月至4月间的12个工作日，却剪成了12期、播了近3个月，扛起了当年跑男的热度，不愧是顶流明星。迪丽热巴天生就活该红#奔跑吧# L落刀吻的微博视频 ​,https://m.weibo.cn/detail/5292251932524773
跑男时期综艺名场面,post,6,粉丝点评/记忆表达明确,杏猫top1,#迪丽热巴跑男只录了12天#当年谁不喜欢这个迪丽热血呢？又有活力，长得又美，性格还好 ​,https://m.weibo.cn/detail/5292213459222789
跑男时期综艺名场面,post,6,粉丝点评/记忆表达明确,睡不醒的小乔a,#迪丽热巴跑男只录了12天#真的有被震惊到，原来迪丽热巴当年录跑男，实际只拍了12天却被剪成一整季，播出了好几个月，每期都有她的身影，我还以为她录了好久又拼又放得开，玩游戏全程认真不划水可爱又不矫情，圈粉无数而且曾经的奔跑吧节目对比现在强度可大了去了短短12天，却成了多少人的白月光颜值性格双在线，放到现在依旧很能打原来有热巴的奔跑吧兄弟已经是2017年的事情了,https://m.weibo.cn/detail/5292067964061370
跑男时期综艺名场面,post,6,粉丝点评/记忆表达明确,重度追剧用户,#迪丽热巴跑男只录了12天#迪丽热巴当年素颜录制跑男，好清纯美萌啊，睡前还要拉伸腿，不愧是舞蹈生～迪丽热巴超话#迪丽热巴我常常会心疼你##迪丽热巴腿部肌肉线条##超话创作官##一分钟视频创作季# L重度追剧用户的微博视频 ​,https://m.weibo.cn/detail/5292023843653139
跑男时期综艺名场面,post,6,粉丝点评/记忆表达明确,Yisright-,#迪丽热巴跑男只录了12天#跑男迪真是白月光让我了解热巴 无限守护我们跑男迪 ​,https://m.weibo.cn/detail/5291988131775234
嘻嘻迪/表情包/可爱梗,post,6,粉丝点评/记忆表达明确,熠ieay,不丢超话 丢丢表情包广为人知，连热巴都在用 ​,https://m.weibo.cn/detail/5284085217107452
嘻嘻迪/表情包/可爱梗,post,6,粉丝点评/记忆表达明确,遇渝栖于栩,𝐇𝐢𝐝𝐞｜《爱情公寓》第三季｜曾小贤关谷吕子乔为赢回张伟房间使用权和一菲进行智力大比拼萌宠头像｜治愈系头像头像安利｜卡通手绘｜软萌头像｜审美封神｜可爱爆棚｜毛茸茸萌物｜平板全屏壁纸｜手机超清壁纸｜小红书热榜｜无水印原图｜转运好运｜搞怪趣味｜小众独特｜清新温柔｜氛围感拉满｜韩系极简｜高级质感｜闺蜜双人头像｜横屏护眼壁纸 张子枫｜周也｜鞠婧祎｜张婧仪｜欧阳娜娜｜文淇｜陈都灵｜杨幂｜赵今麦｜卢昱晓｜白鹿｜刘亦菲｜Angelababy｜刘浩存｜,https://m.weibo.cn/detail/5294294521089106
嘻嘻迪/表情包/可爱梗,post,6,粉丝点评/记忆表达明确,甜田小渝饼,𝐇𝐢𝐝𝐞｜《爱情公寓》第三季｜吕子乔爆笑上演替身吕布萌宠头像｜治愈系头像头像安利｜卡通手绘｜软萌头像｜审美封神｜可爱爆棚｜毛茸茸萌物｜平板全屏壁纸｜手机超清壁纸｜小红书热榜｜无水印原图｜转运好运｜搞怪趣味｜小众独特｜清新温柔｜氛围感拉满｜韩系极简｜高级质感｜闺蜜双人头像｜横屏护眼壁纸 张子枫｜周也｜鞠婧祎｜张婧仪｜欧阳娜娜｜文淇｜陈都灵｜杨幂｜赵今麦｜卢昱晓｜白鹿｜刘亦菲｜Angelababy｜刘浩存｜李兰迪｜徐若晗｜杨超越｜田曦薇｜孟,https://m.weibo.cn/detail/5293877646590734
嘻嘻迪/表情包/可爱梗,post,6,粉丝点评/记忆表达明确,Tender_宁月湾_,中国美食 美食打卡 美食剪辑 烟火南京 历史古城 南京美食豁达乐观 永远保持积极的态度21世纪大军夫人 李知恩（iu） 边佑锡 𝐇𝐢𝐝𝐞｜综艺精选剪辑｜现在就出发搞笑剪辑｜王安宇尝试空口吃葱“我会杀死你，不是用镰刀，而是用岁月.”萌宠头像｜治愈系头像头像安利｜卡通手绘｜软萌头像｜审美封神｜可爱爆棚｜毛茸茸萌物｜平板全屏壁纸｜手机超清壁纸｜微博热榜｜无水印原图｜转运好运｜搞怪趣味｜小众独特｜清新温柔｜氛围感拉满｜韩系极简｜高级质感｜闺蜜双,https://m.weibo.cn/detail/5292422839929485
嘻嘻迪/表情包/可爱梗,post,6,粉丝点评/记忆表达明确,爱小西贝-,头像壁纸合集｜高清无水印·氛围感拉满✨ 情侣头像｜真人情头｜氛围感情头｜小众高级不撞款治愈系情头｜卡通情头｜可爱情头｜超甜情头｜高质量情头 女生头像｜温柔干净女头｜氛围感女头｜清纯女头｜女明星头像男生头像｜简约高级｜小众头像｜真人头像闺蜜头像｜双人女头｜双人头像｜单人头像 手机壁纸｜锁屏壁纸｜平板壁纸｜电脑壁纸全屏壁纸｜聊天背景｜微信背景｜朋友圈背景治愈风｜可爱风｜ins风｜高级感｜多巴胺｜软萌 色系壁纸：蓝/粉/黑/白/黄/红/橙/绿,https://m.weibo.cn/detail/5294299245708919
乔晶晶与《你是我的荣耀》入坑记忆,post,6,粉丝点评/记忆表达明确,誓不如诗,#迪丽热巴乔晶晶# dlrb#迪丽热巴你是我的荣耀# “追星只是我对你的形容词 其实 早已对你心动”@Dear-迪丽热巴 ·自修/调 禁二改🎥·查看原图更清晰 用图标源 毁图可删· ​,https://m.weibo.cn/detail/4543723503098755
演员成长与角色群像评价,post,6,粉丝点评/记忆表达明确,独孤求富者,#白日提灯已破27000#我们灵主大人太美了，演技台词吊打营销咔，颜色粉破防中 ​,https://m.weibo.cn/detail/5282107469598983
新疆舞与舞台表现名场面,post,6,粉丝点评/记忆表达明确,badada7080,#迪丽热巴给姚琛新歌打call#梦回创造营2019，因为热巴，我唯一看过的一季选秀节目热巴跳舞超帅的！ ​,https://m.weibo.cn/detail/4970259811408200
演员成长与角色群像评价,post,6,粉丝点评/记忆表达明确,-诗人爱写月亮,#第30届中国电视金鹰奖##金鹰奖参选名单#都0202年了 还有人说迪丽热巴的奖水…一开始我也很难接受 但有比她更好的人选吗？本来就是选两个实力派演员 再选两个新生代演员中比较突出的以此鼓励 评选范围2016.3.1-2018.4.30这段时间这奖不能给迪丽热巴吗？？？她有主角上星代表作 现实题材（虽然是翻拍）收视率达到要求 演技也能过去关于杨紫 也就是2018年暑假的仙侠剧火了之后的粉丝才不服气吧 但是评选的那个时间段里有女主的代表作,https://m.weibo.cn/detail/4527806958018895
跑男时期综艺名场面,post,6,粉丝点评/记忆表达明确,玉哥的日常,#迪丽热巴跑男只录了12天#迪丽热巴在2017年担任《奔跑吧》第五季常驻嘉宾时，实际集中录制的时间确实只有12天左右。尽管录制时间短暂，但这一季节目播出跨度长达数月，迪丽热巴凭借极高的综艺感和个人魅力，给观众留下了仿佛“全程陪伴”的深刻印象。惊人的“投入产出比”：短短12天的录制素材，经过后期剪辑支撑起了整季12期的播出内容。她在节目中贡献了转圈、与鸵鸟赛跑、泥潭大战等众多经典名场面，被网友称为“有效出场”的典范。 L玉哥的日常的微博视,https://m.weibo.cn/detail/5291997606975371
机场饭拍与日常陪伴片刻,post,6,粉丝点评/记忆表达明确,Leonard迪迪,迪丽热巴超话 ♦️♦️♦️浅浅咿点緑2017-7-10象山影视城偶遇的热巴，可惜不是我，看到也要分享分享@Dear-迪丽热巴 🍒🍒#迪丽热巴专属考古基地# LLeonard迪迪的微博视频 ​,https://m.weibo.cn/detail/5286115797631968
任安乐/帝梓元角色记忆,post,6,粉丝点评/记忆表达明确,蜜桃奶罐_,#迪丽热巴微博之夜发型拆解# dlrb#迪丽热巴复古名伶# 你让我了解了一笑倾城这句话的意义，在看完照片后，我不敢轻易回复，我担心我庸俗不堪的语言会玷污了这世间少有的美感。但我还是回复了，如果不能在如此精彩的照片后面留下我的伏笔，那将会成为我的遗憾。请原谅我的自私，无论用多么华丽言语修饰都已无法形容你的美感，太美了。@Dear-迪丽热巴 迪丽热巴安乐传|迪丽热巴任安乐|迪丽热巴帝梓元|迪丽热巴公诉|迪丽热巴安旎@Dear-迪丽热巴 #迪,https://m.weibo.cn/detail/4885451733472407
任安乐/帝梓元角色记忆,post,6,粉丝点评/记忆表达明确,姩海中捞月,"#迪丽热巴新剧公诉精英改名# dlrb#公诉# ＂见面时，我们的呐喊声定能响彻整片海.""𝑾𝒉𝒆𝒏 𝒘𝒆 𝒎𝒆𝒆𝒕, 𝒐𝒖𝒓 𝒔𝒉𝒐𝒖𝒕𝒔 𝒘𝒊𝒍𝒍 𝒓𝒆𝒔𝒐𝒖𝒏𝒅 𝒕𝒉𝒓𝒐𝒖𝒈𝒉 𝒕𝒉𝒆 𝒔𝒆𝒂.@Dear-迪丽热巴 迪丽热巴安乐传｜任安乐｜迪丽热巴帝梓元｜迪丽热巴公诉精英 | 安旎 ​",https://m.weibo.cn/detail/4885431311403208
纪云禾与鲛人系角色记忆,post,6,粉丝点评/记忆表达明确,罗碧佳22284,电视剧与君初相识超话#迪丽热巴纪云禾#我就想说，北渊那伙地仙是不是被屏蔽pyq了？人人（仙仙）都知道纪云禾是为了鲛人被抓，连天君都知道这个八卦，北渊的都没收到半点消息？？北渊：纪云禾背叛了鱼。纪云禾说不定和顺德一伙的。其他：纪云禾为了鱼被顺德抓去坐牢。鱼成了青丘狐王女婿。。。。。。,https://m.weibo.cn/detail/4753198252037725
演员成长与角色群像评价,post,6,粉丝点评/记忆表达明确,小马球学记,#杨幂李易峰古剑奇谭将在日本三个平台播出#《古剑奇谭》可以说是一代人的回忆了，2014年刚播出时，就成功登顶电视派榜首，它开启了国内流量时代，这部剧几乎所有主演都红了，比如杨幂、李易峰、乔振宇、马天宇，陈伟霆、迪丽热巴、乔振宇等，2022年古剑奇谭将在日本三个平台播出，好的作品值得被更多人看到 L八卦娱公的微博视频,https://m.weibo.cn/detail/4753094787992061
任安乐/帝梓元角色记忆,post,6,粉丝点评/记忆表达明确,巴巴牌救心丸,迪丽热巴超话#迪丽热巴安乐传# dlrb#迪丽热巴任安乐# 你所清楚预见的、热切渴望的、真诚追求的、全心争取的，都会自然而然地实现。@Dear-迪丽热巴 #和迪丽热巴一起迎接2023# dlrb#与迪丽热巴一起欢乐跨年##微博跨年狂欢节# 你在我面前永远都闪闪发光，就像整个宇宙的星光都洒在你身上😍😍😍@Dear-迪丽热巴LDear-迪丽热巴专属投投的微博视频,https://m.weibo.cn/detail/4852868379328369
李长歌与《长歌行》角色记忆,post,6,粉丝点评/记忆表达明确,一级团准备,有一说一迪丽热巴真的不适合李长歌这个角色（抛开演技，气质外貌人设都不合适）漫画里李长歌一开始天之娇女，不可一世，一种小爷我最帅的气质，迪丽热巴一点都没有表现出来，而且李长歌漫画一开始只有十多岁，是汉族和突厥那边混血，漫画里是圆脸有点婴儿肥，迪丽热巴身高长相维和就算了，妆容也很违和，眉毛真的很出戏，尤其是迪丽热巴总是微微皱眉当然吴磊也不合适阿史那隼，吴磊脸太小了。尤其是他和迪丽热巴对戏的时候，我竟然觉得迪丽热巴更适合演男主。。。。还有迪丽,https://m.weibo.cn/detail/4620927659148473
乔晶晶与《你是我的荣耀》入坑记忆,post,6,粉丝点评/记忆表达明确,十一月空谷幽兰,积分互评O今晚22:00 山东卫视一起看 ！@Dear-迪丽热巴 演绎的李长歌！在有生之年 ，得见盛世大唐！迪丽热巴李长歌殿下，麻麻爱你😘@山东卫视 不见不散ipad#山东卫视长歌行# #迪丽热巴李长歌##迪丽热巴纪云禾# [牛哞哞]#迪丽热巴与君初相识# [牛哞哞]#迪丽热巴李长歌# [牛哞哞]#迪丽热巴长歌行# [牛哞哞]#迪丽热巴你是我的荣耀# [牛哞哞]#迪丽热巴乔晶晶# [牛哞哞] dlrb 遇到喜欢的人就要认真喜欢！@Dea,https://m.weibo.cn/detail/4620913062711140
嘻嘻迪/表情包/可爱梗,post,6,粉丝点评/记忆表达明确,十安少年,#东方卫视跨年# 跨年碎碎念东方卫视我爱了！！！我喜欢的好多人都在东方呜呜呜1.肖战张艺兴开场，肖战一身红衣真的是太帅了啊啊啊啊啊！！边看边给我妈普及知识哈哈哈我妈也夸战战好看了！OK四舍五入我妈同意这门婚了2.话说迪丽热巴那个感觉光没打好3.陈慧娴出场我爸终于插上了话哈哈哈哈哈我妈说陈慧娴这衣服尾巴真长，十个人给她拖着，我：哈哈哈哈哈哈哈哈哈哈哈哈 4.现哥帅的哦！！！现男友我可以！！！期待现哥新的作品！！！ 5.王祖蓝扮的哪吒好像啊,https://m.weibo.cn/detail/4455657136357861
嘻嘻迪/表情包/可爱梗,post,6,粉丝点评/记忆表达明确,每天都不懂我自己在说什么啊,【迪丽热巴 头套】#迪丽热巴一千零一夜##迪丽热巴新舞林大会# 凌凌七女士，您是搞笑艺人吗？最近收表情包收到手软《一千零一夜》湖南卫视金鹰独播剧场，优酷腾讯都能看哦！想看更多精彩花絮，解锁更多沙雕表情包动图嘛，指路一千零一夜官博君:@电视剧一千零一夜 新粉的话别忘了关注小热巴哦:@Dear-迪丽热巴 还有可爱的迪迪办公室:@嘉行迪丽热巴工作室 迪圈欢迎您,https://m.weibo.cn/detail/4256369685256437
生日生贺与小小迪陪伴记忆,comment,6,粉丝点评/记忆表达明确,浅汐的冰糖葫芦,#迪丽热巴0603生日快乐# 祝歌手／演员迪丽热巴•迪力木拉提33岁生日快乐！今年是我喜欢你的第10年啦，希望你喜乐安康，永远热烈永远鲜活，往后的路请大步向前走吧，即使前路曲折我也会一直陪在你身边，愿你能收获更多的鲜花与掌声。生日快乐哇，不止生日！,https://m.weibo.cn/detail/5173240034232656
白日提灯贺思慕/女鬼鬼王记忆,comment,6,粉丝点评/记忆表达明确,OcOheu91_,我只能说没看过白日提灯的都没眼福。。。 #迪丽热巴贺思慕我见犹怜具象化# #迪丽热巴贺思慕﻿#,https://m.weibo.cn/detail/5283382496070381
生日生贺与小小迪陪伴记忆,comment,6,粉丝点评/记忆表达明确,蜜桃睡不醒_,我最偏爱的热巴小朋友 愿你永远平安 快乐 自由今年的蛋糕和鲜花格外好看@Dear-迪丽热巴 #迪丽热巴0603生日快乐#,https://m.weibo.cn/detail/4776335489371746
枭起青壤/聂九罗表演突破,post,5,粉丝点评/记忆表达明确,嘉信寄冬o3,#迪丽热巴新剧路透梦回关小迪# 90🌸top🔝迪丽热巴💕扛剧能手👍🏻迪丽热巴💞财报小福星✨美神迪丽热巴👑国民度👍🏻影响力🎊商业价值💯全能女神👸🏻多面发展🎉演员迪丽热巴未来可期❗ 待播剧 《枭起青壤》聂九罗🗡️ 《虽然不能同时拥有一切》敬请期待❗ ...全文,https://m.weibo.cn/detail/5228864028544937
红毯神图与高定封神造型,post,5,粉丝点评/记忆表达明确,红酒沫,#迪丽热巴和素人合影#迪丽热巴现身南京迪奥线下活动，雨中蓝裙撑伞的氛围感造型一经曝光便快速出圈，清冷温柔的气质在阴雨环境里格外动人，原生生图也尽显扎实出众的骨相条件。 活动现场和素人粉丝近距离同框合影，没有刻意的距离感，主动弯腰配合身高、主动让出中心位置，温柔为粉丝搓手取暖的小细节 ...全文,https://m.weibo.cn/detail/5293746541039478
红毯神图与高定封神造型,post,5,粉丝点评/记忆表达明确,堡堡你萌,这条博文记录了迪丽热巴在 2026 年 4 月 2 日参加新剧《白日提灯》微博追剧团活动的现场直拍。博主通过视频捕捉了热巴在活动现场的状态，并用“从头到脚都香香的”来形容她迷人的气质和造型。结合当天其他娱乐博主的反馈，此次活动不仅是剧集宣传的一环，现场还复刻了剧中“背后抱”等名场面，引发了粉...全文 #感觉迪丽热巴从头到脚都香香的# 迪丽热巴《白日提灯》微博追剧团现场直拍🈶感觉热巴从头到脚都香香的 听月娱乐的微博视频,https://m.weibo.cn/detail/5283197831358536
爱丽丝与热巴的双向奔赴,post,5,粉丝点评/记忆表达明确,你是爱丽丝梦游仙境的奇遇,这是爱意和善意的传递永远爱这个大家庭爱丽丝们继续加油，聚是一团火，散是满天星，祝爱丽丝们在各自领域越来越好下次有机会我们还一起遇见迪丽热巴迪丽热巴迷你剧虽然不能同时拥有一切#迪丽热巴贺思慕# 迪丽热巴 从英国飞回来，买的🎫管的太严没能进去里面近距离，有点遗憾。接下来希望能把我的公司做大做强，以后能以Vic的身份见8（爱8真的有让我变得越来越好越强） 见到了同担们很开心，大家人均爱8七年以上，8粉真普遍长得特别美人特别好特别可爱特别有素质,https://m.weibo.cn/detail/5293436385366047
爱丽丝与热巴的双向奔赴,post,5,粉丝点评/记忆表达明确,宁时恪,迪丽热巴#迪丽热巴# 迪迪宝贝和爱丽丝一直是双向奔赴🥰🎀 迪丽热巴 世界上最真的心是少女的真心 最美的颜色是玫红#迪丽热巴#,https://m.weibo.cn/detail/5292999366940439
白日提灯贺思慕/女鬼鬼王记忆,post,5,粉丝点评/记忆表达明确,野迪Fight,迪丽热巴 贺思慕#迪丽热巴# dlrb #迪丽热巴永远值得# 从初见就被吸引，喜欢你的真诚、努力和温柔，愿你永远平安健康、自在快乐，爱丽丝会一直坚定站在你身后，陪你走更远的路。@Dear-迪丽热巴 #迪丽热巴白日提灯获年度原创文学ip奖#,https://m.weibo.cn/detail/5289496598808068
白日提灯贺思慕/女鬼鬼王记忆,post,5,粉丝点评/记忆表达明确,慢游热爱星球_,#迪丽热巴枭起青壤# dlrb #迪丽热巴聂九罗# dlrb #枭起青壤# 迪丽热巴给爱丽丝的专属浪漫，一生热爱，步履不停 预约枭起青壤枭起青壤 迪丽热巴 | 枭起青壤 | 利剑玫瑰|慕胥辞 |聂九罗 | 邓妍 | 贺思慕 | @Dear-迪丽热巴 枭起青壤官微的微博视频,https://m.weibo.cn/detail/5287392535910460
白日提灯贺思慕/女鬼鬼王记忆,post,5,粉丝点评/记忆表达明确,灯灯梦游仙境,#白日提灯##迪丽热巴贺思慕# 第五天弹幕破亿，我们又破了自己的记录，爱丽丝伟大,https://m.weibo.cn/detail/5283201631398927
演员成长与角色群像评价,post,5,粉丝点评/记忆表达明确,是元气少女mini呀,大女儿邓妍一直在打拐，带大家回家，愿天下无拐！ 二女儿聂九罗在温暖和煦的小院里雕刻自己的作品，身边有炎拓的相伴！ 小女儿贺思慕和爱人前世今生双向奔赴，千年万载，岁岁平安！最后，收官大吉，感谢演员迪丽热巴带给我的每个角色，期待卫蓝！迪丽热巴#白日提灯今日收官#,https://m.weibo.cn/detail/5290985928267997
爱丽丝与热巴的双向奔赴,post,5,粉丝点评/记忆表达明确,热黄油小迪,#迪丽热巴补偿去巴黎的粉丝#小巴怎么这么好！！！热巴永远和爱丽丝双向奔赴，我将永远追随你@Dear-迪丽热巴,https://m.weibo.cn/detail/5286970831672292
爱丽丝与热巴的双向奔赴,post,5,粉丝点评/记忆表达明确,吧唧巴口迪,#迪丽热巴补偿去巴黎的粉丝#巴巴真的很好，和爱丽丝就是双向奔赴,https://m.weibo.cn/detail/5287037800284293
跑男时期综艺名场面,post,5,粉丝点评/记忆表达明确,草莓纯牛奶iuk,因为奔跑吧这个转圈片段入坑的有多少！李沁跟迪丽热巴两位真的好美呀！ L草莓纯牛奶iuk的微博视频 ​,https://m.weibo.cn/detail/5292007228702873
白日提灯贺思慕/女鬼鬼王记忆,post,5,粉丝点评/记忆表达明确,sweetboxTM,#周柯宇宣传迪丽热巴白日提灯##陈星旭包场迪丽热巴白日提灯#感谢支持！欢迎入坑来看白日提灯，太好看了。 ​,https://m.weibo.cn/detail/5281480676215164
跑男时期综艺名场面,post,5,粉丝点评/记忆表达明确,TT有恋狗癖,#迪丽热巴跑男只录了12天#本期热议本质是公众对综艺真实性与网络暴力代价的双重反思，而非对艺人个人的颠覆性评判。迪丽热巴用短暂时长留下长尾记忆，印证其职业素养与观众缘。 ​,https://m.weibo.cn/detail/5292028638267293
嘻嘻迪/表情包/可爱梗,post,5,粉丝点评/记忆表达明确,YY是农民,“记忆是无花的蔷薇 永远不会败落” 𝘚𝘩𝘢𝘳𝘦 手机壁纸 ｜ 风景壁纸 ｜ 城市街景 ｜ 深色壁纸 ｜ 高清无水印壁纸 ｜ ins风 ｜ 聊天背景 ｜ iphone17手机壁纸 ｜ 全面屏手机壁纸 ｜ 大自然绿色系 ｜ 远山风景 ｜ 夕阳𝙒𝙚𝘾𝙝𝙖𝙩背景图 𝙞𝙣𝙨风 背景图推荐❤ ️🧡💛💚💙💜🤎🖤🤍杨幂 刘诗诗 唐嫣 赵丽颖 赵今麦 孙千 周雨彤 张婧仪 周也 范冰冰 谭松韵 关晓彤 景甜 李沁江疏影 秦岚 宋祖儿 陈都灵 张子枫 古力,https://m.weibo.cn/detail/5291911575243742
白日提灯贺思慕/女鬼鬼王记忆,post,5,粉丝点评/记忆表达明确,奥奥爱吃鱼嘛,迪丽热巴超话 dlrb#迪丽热巴# dlrb#迪丽热巴贺思慕# dlrb梦回小迪，现在是我的迪姐 ​,https://m.weibo.cn/detail/5292263468958211
白日提灯贺思慕/女鬼鬼王记忆,post,5,粉丝点评/记忆表达明确,心结evo,迪丽热巴超话#贺思慕的无感体验卡##迪丽热巴贺思慕##追剧名场面存档中# p5我觉得梦回纪云禾！《白日提灯》追更进度：22最喜欢的台词/名场面：血洗24殿我的产出/剧评：迪丽热巴完全女神啊啊啊啊演技看哭我了… ​,https://m.weibo.cn/detail/5285050091310991
嘻嘻迪/表情包/可爱梗,post,5,粉丝点评/记忆表达明确,芋头小锦鲤,考古早期迪 24岁的青涩小巴 碎碎念好可爱｜“毛裤推销员” L芋头小锦鲤的微博视频 ​,https://m.weibo.cn/detail/5292335409398212
红毯神图与高定封神造型,post,5,粉丝点评/记忆表达明确,Leonard迪迪,迪丽热巴超话♦️♦️♦️瑞丽服饰美容2020-9-21#瑞丽服饰美容# X @Dear-迪丽热巴 10月刊A、B版封面正式曝光！#迪丽热巴紫禁600仍少年##迪丽热巴齐耳短发# 作为#紫禁600仍少年#首席见证官，与我们携手用镜头记录紫禁、记录十月中国红。在历史长河面前，步履不停，向时代展现中国少年风采！#紫禁600仍少年# ，瑞丽25正年少！摄影｜冯海摄影监制丨Rayli石璐编辑&造型｜李禹辰化妆｜张进ZJZJ发型｜ 王朋版式设计｜,https://m.weibo.cn/detail/5289652015595953
跑男时期综艺名场面,post,5,粉丝点评/记忆表达明确,油炸小可爱嘿,#迪丽热巴跑男只录了12天#当年小小的老子就是被热巴的公主裙惊艳到了！！ ​,https://m.weibo.cn/detail/5292234640460427
跑男时期综艺名场面,post,5,粉丝点评/记忆表达明确,-你也爱吃酸奶疙瘩吗,#迪丽热巴跑男只录了12天#没有人会不爱当年的迪丽热血！！一起来腾讯视频看#迪丽热巴贺思慕# ！！ ​,https://m.weibo.cn/detail/5292084244514449
跑男时期综艺名场面,post,5,粉丝点评/记忆表达明确,凌凌七的心事,当年追了一整季的跑男迪，居然只录了12天✨播出三个月录制短短十二天，却留下无数经典瞬间，综艺感、表现力拉满🥇迪丽热巴超话#迪丽热巴跑男只录了12天##迪丽热巴# ​,https://m.weibo.cn/detail/5292072506493749
跑男时期综艺名场面,post,5,粉丝点评/记忆表达明确,钱钱速来从四面八方来,#迪丽热巴跑男只录了12天#当年因为此女的一个微笑，就去追了一整季节目。元气二字被她具像化了。整个人都在发光。也给我们留下了很多名场面，结果才只拍了12天。所以，有些人会红，是注定的。 ​,https://m.weibo.cn/detail/5292072481064590
跑男时期综艺名场面,post,5,粉丝点评/记忆表达明确,帅的美的有演技的我都喜欢,#迪丽热巴跑男只录了12天#当年也只看了有热巴的跑男 ​,https://m.weibo.cn/detail/5292048603418136
演员成长与角色群像评价,post,5,粉丝点评/记忆表达明确,Sen什么林,#王亚飞 迪丽热巴#亚飞老师 我是你的二十年老粉 请您在3.3号开一次线下见面会吧！！！不要去巴黎了求求 ​,https://m.weibo.cn/detail/5270503831112493
跑男时期综艺名场面,post,5,粉丝点评/记忆表达明确,又青betterandbetter,#迪丽热巴跑男只录了12天#白月光迪丽热巴 ​,https://m.weibo.cn/detail/5292085773078094
跑男时期综艺名场面,post,5,粉丝点评/记忆表达明确,怪我比菌主义,#迪丽热巴跑男只录了12天#多数声音认可其敬业态度与天生观众缘：观众视角：怀念24岁时她“未被磨钝的鲜活感”，称其为“综艺白月光”。业内视角：肯定其镜头感染力，认为“有效出场取决于艺人特质而非时长”。近年其主演的《白日提灯》海外热播，印证了以作品立足的转型。 ​,https://m.weibo.cn/detail/5292047533608160
跑男时期综艺名场面,post,5,粉丝点评/记忆表达明确,呆呆鱼很懒,迪丽热巴超话 我的白月光#迪丽热巴跑男只录了12天# ​,https://m.weibo.cn/detail/5292022887878755
跑男时期综艺名场面,post,5,粉丝点评/记忆表达明确,蔓漫船鲸岛,#迪丽热巴跑男只录了12天#迪丽热巴2017年参与《奔跑吧》第五季录制时，实际集中拍摄时长仅12天，却凭借鲜明个性和高光表现成为观众心中不可替代的“跑男迪”。 一、核心事实与背景12天支撑整季内容迪丽热巴作为常驻嘉宾加盟《奔跑吧》第五季（2017年），实际拍摄周期约12个工作日。节目组通过剪辑将素材延展为12期正片，贯穿近3个月的播出周期，成为节目更名为《奔跑吧》后的首季亮点。热议契机2026年4月下旬，这一录制细节被重新挖掘并登上热搜,https://m.weibo.cn/detail/5292007675136220
嘻嘻迪/表情包/可爱梗,post,5,粉丝点评/记忆表达明确,YY是农民,“藤冰山月季的气质像白月光”𝘚𝘩𝘢𝘳𝘦 手机壁纸 ｜ 风景壁纸 ｜ 城市街景 ｜ 深色壁纸 ｜ 高清无水印壁纸 ｜ ins风 ｜ 聊天背景 ｜ iphone17手机壁纸 ｜ 全面屏手机壁纸 ｜ 大自然绿色系 ｜ 远山风景 ｜ 夕阳𝙒𝙚𝘾𝙝𝙖𝙩背景图 𝙞𝙣𝙨风 背景图推荐❤ ️🧡💛💚💙💜🤎🖤🤍杨幂 刘诗诗 唐嫣 赵丽颖 赵今麦 孙千 周雨彤 张婧仪 周也 范冰冰 谭松韵 关晓彤 景甜 李沁江疏影 秦岚 宋祖儿 陈都灵 张子枫 古力娜扎卢昱,https://m.weibo.cn/detail/5291768380654979
跑男时期综艺名场面,post,5,粉丝点评/记忆表达明确,妮D8,迪丽热巴超话#迪丽热巴跑男只录了12天# 才录了12天嘛，但是当时我身边的朋友都对姐姐印象很深刻，还创造了这么多名场面，但是也被骂了好久呜呜呜 ​,https://m.weibo.cn/detail/5292248604345581
跑男时期综艺名场面,post,5,粉丝点评/记忆表达明确,恰巴v巴塔,#迪丽热巴跑男只录了12天#居然就只录了12天吗？！迪丽热巴真的命里带火 就12天贡献这么多出圈名场面！有效出镜啊简直 没人说12天我以为120天！ ​,https://m.weibo.cn/detail/5292235677761656
嘻嘻迪/表情包/可爱梗,post,5,粉丝点评/记忆表达明确,巴巴的Dilara,迪丽热巴超话 甄稀冰淇淋表情包6枚～ ​,https://m.weibo.cn/detail/5293305596219311
嘻嘻迪/表情包/可爱梗,post,5,粉丝点评/记忆表达明确,奶茶金吉拉,口不泽颜超话#口不泽颜30天安利计划#【Day 1】19年为了热巴点开创造营 第一眼就爱上了那个操着重庆口音喊老干妈选F班的拽男 赛时团时一直是77嬷嬷 不理解怎么会有人嗑他瓜明明那么可爱那么花 团解散后因为学业工作不怎么关注了 去年十一月左右 抖音刷到了77 想起了白月光搜了他在好六的cut 不太记得是哪期了 但跟zl很甜蜜垂直入坑 直到现在 5577请一起走下去吧,https://m.weibo.cn/detail/5289150477504308
白日提灯贺思慕/女鬼鬼王记忆,post,5,粉丝点评/记忆表达明确,幸运天使918,#迪丽热巴幸运女神#我们幸运女神的剧白日提灯在热播中，迪丽热巴古装该美的地方美人如玉有没有？我就是被凤九那小狐狸的美貌迷惑入坑的，不许任何人忤逆迪丽热巴古装造型。来看看贺思慕，会被美晕，演技还好层次分明。该感谢贺思慕得遇最好的迪丽热巴来演。迪丽热巴超话#迪丽热巴贺思慕# ​,https://m.weibo.cn/detail/5288984345575715
白日提灯贺思慕/女鬼鬼王记忆,post,5,粉丝点评/记忆表达明确,玉米吃个der面包,#迪丽热巴白日提灯打戏#自从因为关小迪入坑，每一部迪丽热巴的电视剧我都在期待她的打戏，看不到就有一种亏了的感觉我太慕那种高武力值的女人了二次元是这样三次元也这样小说也这样电视剧更是#迪丽热巴贺思慕# ​,https://m.weibo.cn/detail/5285035541792958
李长歌与《长歌行》角色记忆,post,5,粉丝点评/记忆表达明确,伊人169,迪丽冷巴超话#迪丽热巴李长歌##迪丽热巴你是我的荣耀#@Dear-迪丽热巴 出发！！杭州见面会我来了！终于能结束云追星，激动的心情真的无法形容！ 2杭州·西兴 ​,https://m.weibo.cn/detail/4547864732375241
白日提灯贺思慕/女鬼鬼王记忆,post,5,粉丝点评/记忆表达明确,种玫瑰的妍究生,#迪丽热巴美美出片#热巴好美，贺思慕也很美，欢迎打开《白日提灯》，一口气看全集，这个五一看起来！看过的可以再看一遍，每次都有新感受！ ​,https://m.weibo.cn/detail/5293526989671048
白日提灯贺思慕/女鬼鬼王记忆,post,5,粉丝点评/记忆表达明确,我萌宅,当爱吃香菜的灵主和不爱吃香菜的段小狐狸一起吃饭～陈飞宇迪丽热巴《白日提灯》香菜事件花絮～白日提灯 迪丽热巴 贺思慕 陈飞宇 段胥#白日提灯# ·#谁懂镜头有两个迪丽热巴的震撼# L我萌宅的微博视频 ​,https://m.weibo.cn/detail/5282908207055528
李长歌与《长歌行》角色记忆,post,5,粉丝点评/记忆表达明确,星空静月,迪丽热巴超话#超话星愿池##非正式跨年派对# 强烈安利各位观众老爷，长歌行真的好看，不好看你砍我(*꒦ິ⌓꒦ີ) ​,https://m.weibo.cn/detail/4973487053343358
乔晶晶与《你是我的荣耀》入坑记忆,post,5,粉丝点评/记忆表达明确,badada新疆炒米粉爆辣版,#迪丽热巴你是我的荣耀##迪丽热巴乔晶晶# 这是双向的爱，永远热爱@Dear-迪丽热巴 视频cr.L猫眼大明星的秒拍视频 ​​​,https://m.weibo.cn/detail/4545797171973339
乔晶晶与《你是我的荣耀》入坑记忆,post,5,粉丝点评/记忆表达明确,迪迪颖颖杂货铺,#迪丽热巴你是我的荣耀# dlrb#迪丽热巴乔晶晶# dlrb“你是天上的星 我是尘世间那个追星人”@Dear-迪丽热巴 ​,https://m.weibo.cn/detail/4544026579048244
嘻嘻迪/表情包/可爱梗,post,5,粉丝点评/记忆表达明确,葡萄柚绿半糖,𝐇𝐢𝐝𝐞｜少年包青天封神名场面｜原来这一切的根源都是主持年轻时犯下的一个错 沉默不是代表我的错~分手不是唯一的结果~萌宠头像｜治愈系头像头像安利｜卡通手绘｜软萌头像｜审美封神｜可爱爆棚｜毛茸茸萌物｜平板全屏壁纸｜手机超清壁纸｜小红书热榜｜无水印原图｜转运好运｜搞怪趣味｜小众独特｜清新温柔｜氛围感拉满｜韩系极简｜高级质感｜闺蜜双人头像｜横屏护眼壁纸 张子枫｜周也｜鞠婧祎｜张婧仪｜欧阳娜娜｜文淇｜陈都灵｜杨幂｜赵今麦｜卢昱晓｜白鹿｜刘亦菲｜,https://m.weibo.cn/detail/5289146086329666
红毯神图与高定封神造型,post,5,粉丝点评/记忆表达明确,最爱瑶瑶的小凝子,#迪丽热巴造型师是闵塔鲨#迪丽热巴的现任（长期）造型师就是闵塔鲨（本名闵锐）。一、合作关系（官方实锤）2022年起：首次合作《费加罗》10月刊封面。2026年4月13日：迪丽热巴工作室 & 闵塔鲨本人，双双确认 fakeme 直播造型由他操刀。业内称他 “闵姐姐”、“高定狂魔”。二、他给热巴做过哪些出圈造型2024 鎏金高定裙（全球首穿）2025 W光影盛典 黑色高定+复古烟斗2025 蓝色人鱼高定（直播）花仙子、复古国风、敦煌元素等三,https://m.weibo.cn/detail/5287578574260551
新疆舞与舞台表现名场面,post,5,粉丝点评/记忆表达明确,落单布谷鸟--打工蚁族音乐家国峰,申国峰超话 申国峰最著名的十首歌包括：‌无根草：春晚呼声最高的作品，聚焦打工群体乡愁与情感修复，被称“音乐红娘”。‌‌‌‌离乡别井‌：融入高空作业创伤，反映返乡潮核心矛盾，代表作之一。‌‌‌‌21楼‌：揭露苏州求职困境（需购3元门票），记录工业区生存压迫。‌‌‌‌还是算了吧‌：关注剩女/毕业生压力，汶川灾区慰问引发共鸣。‌‌‌‌北方‌：以“野花随风摆荡”等意象描绘漂泊者离乡心酸。‌‌‌‌风停来时路‌：延续城市流浪主题，收录于2025年,https://m.weibo.cn/detail/5276457955491925
红毯神图与高定封神造型,post,5,粉丝点评/记忆表达明确,大木木的浇水壶,#迪丽热巴这真是妈咪级别的#迪丽热巴身穿红黑皮革蕾丝拼接礼服（Moliiin 2024春夏系列），搭配流苏帽，现场未修图照片显示其皮肤细腻、五官立体，怼脸镜头下仍无瑕疵，被粉丝称为“生图比精修更绝”。红黑撞色设计强化暗黑神秘感，契合剧中“万灵之主”角色，兼具冷艳神性与亲和力。 ​,https://m.weibo.cn/detail/5282923827957257
迪拜报平安/守护型记忆,post,5,粉丝点评/记忆表达明确,来剧啦,陈飞宇床照风波后商务报价腰斩，2023年6月追剧团，他拿起迪丽热巴手里的饼直接上嘴。床照事件刚过去几个月。他之前的商务报价是800万。后来掉到300万。中间差了500万。500万能买什么。能买北京一套小公寓的首付。能买一辆不错的跑车。能请一个顶级公关团队干半年。但他好像没太在意。当年全网都在骂。微博热评第一句是“资源咖的傲慢”。点赞十几万。抖音高赞视频说他“急着炒CP”。播放量几千万。豆瓣小组有人发帖。标题是“团队教了也白教”。底下跟了,https://m.weibo.cn/detail/5284467969103969
花少/你好星期六等综艺片刻,post,5,粉丝点评/记忆表达明确,爱的颗粒198007,#汪文斌分享迪丽热巴新疆舞#仅一年时间，迪丽热巴实现了两次破圈层成就 第一次是因为影视剧作品《公诉》，该作品作为2023反诈大动作唯一女性视角的公检正剧，在无观众基础的情况下四台播出，上星拿下了cvb0.633的好成绩，网播也力压多部偶像剧的脱水播放量，迄今为止还保留着卫视年亚的实绩。 第二次是在综艺作品《花儿与少年·丝路季》中以新疆服饰起舞，传递民族特色民族精彩，让世界看中国看大美新疆。花少丝路季一改前几季的颓势，以迅雷之势登顶各个平,https://m.weibo.cn/detail/4975521308608879
演员成长与角色群像评价,post,5,粉丝点评/记忆表达明确,迪迪哒哒哒么么哒,#2023最出圈女性角色#迪丽热巴的安旎，最美公诉人 ​,https://m.weibo.cn/detail/4975296251953451
演员成长与角色群像评价,post,5,粉丝点评/记忆表达明确,港剧辣评社,藝人周星馳主理的新片《女足》已低調在內地開拍，他連日來在現場指揮大局，又親自向演員講解，當中不乏空翻、吊威吔踢波等高難度動作，網民直指神還原前作《少林足球》的「經典感」。去年中周星馳趁生日報喜，確認開拍籌備兩年的新片《女足》，作為送給自己的禮物。消息傳出後引起熱議，尤其選角方面經過多月海選，名單上依然以氣質美女「打頭陣」，當中包括內地影后張小斐、張天一、迪麗熱巴、林允及周潔瓊等，而「男一」瘋傳是張藝興囊中物，最厲害是周星馳成功邀得康城影,https://m.weibo.cn/detail/5145854106931744
乔晶晶与《你是我的荣耀》入坑记忆,post,5,粉丝点评/记忆表达明确,姃千花,#迪丽热巴 失职# 2014：《古剑奇谭》芙蕖，开始被观众认识​- 2015：《克拉恋人》高雯，爆火出圈​- 2017：《三生三世十里桃花》凤九，国民度大涨​- 2018：《烈火如歌》《一千零一夜》双剧热播​- 2020：《三生三世枕上书》凤九再成经典​- 2021：《你是我的荣耀》乔晶晶，顶流热度 迪丽热巴在嘉兴传媒还是有不少角色让我记住的，但是迪丽热巴没有乔晶晶的命没有乔晶晶的福气哎,https://m.weibo.cn/detail/5273854295411146
白凤九与三生三世情怀,post,5,粉丝点评/记忆表达明确,雪夜还我一场初晴,腾讯经典畅销榜（拉新年榜）电视剧前10（不包含动漫）2020👑：《三生三世枕上书》迪丽热巴、高伟光 ​,https://m.weibo.cn/detail/5276455916803801
新疆舞与舞台表现名场面,post,5,粉丝点评/记忆表达明确,娑椤树下花静晚,2025星光大赏，翻到2019这波神级同框！肖战、王一博、赵丽颖、杨洋、迪丽热巴、杨幂同框的瞬间，是谁的DNA动了？那年的星光舞台，连空气都飘着青春的味道✨ L娑椤树下花静晚的微博视频 ​,https://m.weibo.cn/detail/5246459135920173
花少/你好星期六等综艺片刻,post,5,粉丝点评/记忆表达明确,么么么啾啾啾_,#迪丽热巴将录制花儿与少年5# 继2019年后终于有常驻综艺的综艺迪迪了👏👏是迪丽热巴的剧粉，也是综艺粉。好开心又可以看到综艺憨憨热巴 ​,https://m.weibo.cn/detail/4947070579904679
李长歌与《长歌行》角色记忆,post,5,粉丝点评/记忆表达明确,63·魔法,#迪丽热巴李长歌# #迪圈令我感动的瞬间# 2019年的限定发起人第三次公演现场阿丝们喊热巴热巴热巴那一刻我很感动哪怕是现在再回看一遍也很感动我们发起人小姐姐@Dear-迪丽热巴 的排面NO1 L迪迪子的魔法的微博视频 ​,https://m.weibo.cn/detail/4545192948672888
嘻嘻迪/表情包/可爱梗,post,5,粉丝点评/记忆表达明确,Leonard迪迪,迪丽热巴超话 ♦️♦️♦️茜茜姐妹_China2018-9-20#迪丽热巴 气质#气质的@Dear-迪丽热巴 小姐姐曾登上#茜茜姐妹CéCi2018.6月刊##茜茜姐妹CéCi2017.3月刊# 可以是青春俏皮的可爱少女，也可以是印花长裙的美丽公举，超级吸睛的有木有你给小姐姐的气质打几分呢#迪丽热巴专属考古基地#,https://m.weibo.cn/detail/5286804737229399
红毯神图与高定封神造型,post,5,粉丝点评/记忆表达明确,Leonard迪迪,迪丽热巴超话 ♦️♦️♦️SuperELLE欣漾2018-2-25@Dear-迪丽热巴 🍒🍒🍒教堂钟声响起，夜色降临，身穿华贵礼服的女王即将登场。#迪丽热巴#皇冠造型👑2.0版，小姐姐回眸的瞬间简直艳压群芳！Super小姐姐可以说是很期待今天Dolce&Gabbana Secrets Diamonds秘密秀了～#迪丽热巴专属考古基地# LLeonard迪迪的微博视频,https://m.weibo.cn/detail/5262408889402492
李长歌与《长歌行》角色记忆,post,5,粉丝点评/记忆表达明确,迪w玊,#迪丽热巴益起来##迪丽热巴李长歌# “出淤泥怎能不染”这句话我不赞同2017 2018的全网黑我的女孩@Dear-迪丽热巴 但是她并没有报复社会 而是在这些“淤泥”中越来越纯洁 她变得越来越优秀 越来越多的人肯定她 你说她不值 那只能说你眼瞎我的女孩我们比谁都清楚 我的女孩是需要指点 但不需要指指点点,https://m.weibo.cn/detail/4536896405639745
枭起青壤/聂九罗表演突破,post,5,粉丝点评/记忆表达明确,詅按提宝宝,#迪丽热巴聂九罗# dlrb #迪丽热巴枭起青壤#我围绕着你，就像星星环绕着月亮。@Dear-迪丽热巴 ​,https://m.weibo.cn/detail/5183371686975337
任安乐/帝梓元角色记忆,post,5,粉丝点评/记忆表达明确,迪迪迪迪迪子8,迪丽热巴超话#迪丽热巴微博之夜发型拆解# dlrb#迪丽热巴新剧公诉精英改名# “比如你要侦查一个游戏类的犯罪案件 ，你就得完全了解这个游戏是怎么运营的 ，它的运营方是谁 ，游戏规则怎么玩 ，这些东西你都要仔细了解 。像我可能就做不来 ，所以我很想有安旎这么聪明的朋友 。”——@Dear-迪丽热巴迪丽热巴公诉|安旎|迪丽热巴安乐传|任安乐|帝梓元@Dear-迪丽热巴 #迪丽热巴公诉#dlrb#迪丽热巴安旎#,https://m.weibo.cn/detail/4885482108621857
李长歌与《长歌行》角色记忆,post,5,粉丝点评/记忆表达明确,小S朋a友m,"#长歌行播出两周年了# 从这部剧认识的热巴！！！在去年年底，很偶然的机会，被拉着一起看的。是的，从来不关心内yu，刷wb是为了完成工作任务，也没被安利过，更连一张照片也不曾看到过！（听说过这个新疆姑娘的程度吧，在某主持人叫错名字被广泛流传期间）这年头，还能有我这样的人，大概是不多了吧！所以，长歌行，打开了我人生一扇重要的""启门""，意义重大！从此，我的世界里只有热巴，家人，和其他人！#迪丽热巴公诉# dlrb #公诉#",https://m.weibo.cn/detail/4885429948781397
演员成长与角色群像评价,post,5,粉丝点评/记忆表达明确,小巴巴呢,#迪丽热巴公诉豆瓣开分6.6# 好剧值得更多人知道 迪丽热巴饰演的安旎检察官演技台词统统在线，家人也爱看和旎一起预防诈骗 L巴巴的圈外宝贝的微博视频 ​,https://m.weibo.cn/detail/4918465729927302
演员成长与角色群像评价,post,5,粉丝点评/记忆表达明确,夏树风阳,#迪丽热巴公诉精英豆瓣开分6.6# 不看公诉你将失去观看一部绝对展示女性高光剧情紧凑不拖沓防诈骗防损失好演员好演技好剧情的好剧所带来的视觉盛宴以及烧脑和打工人带入感强烈的良好体验不看你绝对后悔@Dear-迪丽热巴 LSweet猫饼的微博视频 ​,https://m.weibo.cn/detail/4918465646040295
李长歌与《长歌行》角色记忆,post,5,粉丝点评/记忆表达明确,喝白开水长大的孩子,长歌行入坑以来，迪丽热巴给了我好多惊喜，从李长歌到乔姐姐再到纪云禾，每一个角色的完成度都不错，角色塑造分明，演技也在一步一步提升，迪丽热巴凭自己的努力与专业赋予了角色魅力与生命，作为观众真的很幸运，谢谢迪丽热巴，也谢谢我自当初己没有因为网络上的新闻对她带有偏见，迪丽热巴真的是一个很好的人啊，我们小巴继续发光发亮吧。#与君初相识##迪丽热巴纪云禾#,https://m.weibo.cn/detail/4753198764524202
李长歌与《长歌行》角色记忆,post,5,粉丝点评/记忆表达明确,ID知一,以后都不会看赵露思任何戏长歌行踩迪丽热巴且试天下开始踩杨洋。下一部三石弟弟的戏可遇见的踩三石弟弟在且试天下还没有大范围营销。我就留言过。不要踩杨洋。事情有一次可原谅。两次就是故意。不知道取关你后你会不会看的到消息。我还在评论留言了。注:不要忘记自己火是因为人不错给大家路人缘好。现在路人缘省着点用#杨洋且试天下#,https://m.weibo.cn/detail/4753165741985893
纪云禾与鲛人系角色记忆,post,5,粉丝点评/记忆表达明确,Philidolzstar,9敏是哪位神仙想出来让热巴和国超合作的，简直深得我心！就这一生一世一双人那个女配应该不会作妖叭（只对角色不对人）赶紧演赶紧给我救出来！我要看黑化后的大尾巴鱼是咋爱纪云禾的（小说是对女主的各种好，又是黑化了个寂寞）还有不许把北渊尊主要坏规矩的节段给我掐掉，要不然观众可能得先掐死导演哈哈哈……恰似故人归快来吧！孩子已经等不及了电视剧驭鲛记之与君初相识超话#任嘉伦长意##迪丽热巴纪云禾#,https://m.weibo.cn/detail/4753160122143036
纪云禾与鲛人系角色记忆,post,5,粉丝点评/记忆表达明确,想和迪丽热巴battle惊雷,#迪丽热巴与君初相识# dlrb#迪丽热巴纪云禾# “我将思念打包 随着秋风吹向你”𝐈 𝐩𝐚𝐜𝐤 𝐦𝐲 𝐭𝐡𝐨𝐮𝐠𝐡𝐭𝐬 𝐚𝐧𝐝 𝐛𝐥𝐨𝐰 𝐭𝐡𝐞𝐦 𝐭𝐨 𝐲𝐨𝐮 𝐰𝐢𝐭𝐡 𝐭𝐡𝐞 𝐚𝐮𝐭𝐮𝐦𝐧 𝐰𝐢𝐧𝐝. @Dear-迪丽热巴,https://m.weibo.cn/detail/4753152069339366
纪云禾与鲛人系角色记忆,post,5,粉丝点评/记忆表达明确,夜半天秤,#仙侠剧女主终于支棱起来了#我很喜欢与君初相识的一点是，编剧和导演在刻画纪云禾的高光的时候，她有拼死奋战保护心爱之人的决心，她有以一人对千人的杀伐果断，但同时她也有属于爱人的温柔和细腻，她也有审时度势的蕙质兰心。在这种新时代，它让我们打破世俗的枷锁，看到的是女性并不一定需要依附男性而存活，女性也会有足够的能力去保护心爱之人，也可以竭尽全力血战到底@Dear-迪丽热巴,https://m.weibo.cn/detail/4753101016013285
纪云禾与鲛人系角色记忆,post,5,粉丝点评/记忆表达明确,今天做个摆烂人,#仙侠剧女主终于支棱起来了#咋滴，这是写了迪丽热巴的名字了，还是写了纪云禾的名字了，怎么自己上赶着就归为纪云禾，那看来与君初相识是真的火啊，感谢大家的认可。再说一句，这个话题下，你也可以提别人啊，你自己都在提纪云禾，那没办法啊。这个话题，你随便安利自己喜欢的人都行啊，又没写谁的专属。别硬黑了，好吗？,https://m.weibo.cn/detail/4753089590465036
任安乐/帝梓元角色记忆,post,5,粉丝点评/记忆表达明确,玫红色裙子的阿丝,迪丽热巴超话 |#迪丽热巴任安乐#dlrb#迪丽热巴安乐传#|电视剧安乐传超话被我们寨主迷得神魂颠倒，要和美女@Dear-迪丽热巴 贴贴迪丽热巴任安乐|帝梓元|安乐传|迪丽热巴公诉精英|安旎 @Dear-迪丽热巴L雪碧三分饱的微博视频 ​,https://m.weibo.cn/detail/4819530892714322
爱丽丝与热巴的双向奔赴,post,5,粉丝点评/记忆表达明确,巴巴牌救心丸,迪丽热巴超话#迪丽热巴与君初相识# dlrb#迪丽热巴纪云禾# 最难过的，莫过于当你遇上一个特别的人，却明白永远不可能在一起，或迟或早，你不得不放弃。@Dear-迪丽热巴 #和迪丽热巴一起迎接2023# dlrb#与迪丽热巴一起欢乐跨年##微博跨年狂欢节#愿新的一年迪丽热巴与爱丽丝都自由自在，无忧无虑，平安喜乐。@Dear-迪丽热巴L不灭幽灵的微博视频,https://m.weibo.cn/detail/4852867468628652
李长歌与《长歌行》角色记忆,post,5,粉丝点评/记忆表达明确,阿幽鸭,不追剧的我，整理了整间屋子，洗完澡整个身上都涂的香香，罕见的敷了个面膜补了个水。 穿上最舒适的那一套家居服，给整间屋子都喷了淡淡的香水。现在躺在床上。静静的等待开始！ 李长歌我太爱你了！这也算得上是沐浴焚香吧去迎接美好的事物，都要用自己最美好的一面去对待！@Dear-迪丽热巴 我敢说这是我最期待的一部剧@电视剧长歌行 #迪丽热巴李长歌#,https://m.weibo.cn/detail/4620927252304935
乔晶晶与《你是我的荣耀》入坑记忆,post,5,粉丝点评/记忆表达明确,贰月杏意闹,积分互评迪丽热巴李长歌殿下要来啦O 今晚22:00 山东卫视一起看 ！@Dear-迪丽热巴 演绎的李长歌！在有生之年 ，得见盛世大唐！迪丽热巴李长歌殿下，麻麻爱你😘@山东卫视 不见不散ipad#山东卫视长歌行# #迪丽热巴李长歌# #迪丽热巴纪云禾# [牛哞哞]#迪丽热巴与君初相识# [牛哞哞]#迪丽热巴李长歌# [牛哞哞]#迪丽热巴长歌行# [牛哞哞]#迪丽热巴你是我的荣耀# [牛哞哞]#迪丽热巴乔晶晶# [牛哞哞] dlrb 哪有什,https://m.weibo.cn/detail/4620917152682932
乔晶晶与《你是我的荣耀》入坑记忆,post,5,粉丝点评/记忆表达明确,捌月枫林染迪,O今晚22:00 山东卫视一起看 ！@Dear-迪丽热巴 演绎的李长歌！在有生之年 ，得见盛世大唐！迪丽热巴李长歌殿下，麻麻爱你😘@山东卫视 不见不散ipad#山东卫视长歌行# #迪丽热巴李长歌# #迪丽热巴纪云禾# [牛哞哞]#迪丽热巴与君初相识# [牛哞哞]#迪丽热巴李长歌# [牛哞哞]#迪丽热巴长歌行# [牛哞哞]#迪丽热巴你是我的荣耀# [牛哞哞]#迪丽热巴乔晶晶# [牛哞哞] dlrb 哪有什么满眼星辰，分明就是满眼的你@De,https://m.weibo.cn/detail/4620914857083878
李长歌与《长歌行》角色记忆,post,5,粉丝点评/记忆表达明确,玉桂狗妈妈的好大儿,迪丽热巴超话#迪丽热巴纪云禾##迪丽热巴任安乐# 马上就要新的一年了。真的很开心热巴能在这一年有《你是我的荣耀》《长歌行》这两部超级好看的剧，喜欢她也一年多了，真的越来越爱她了，而且每次在学校有点抑郁的时候，只要一想到她，我就很开心，她真的给了我很大的力量。希望在新的一年里，热巴能够越来越好，(希望她的剧能够早点放)，我永远支持她,https://m.weibo.cn/detail/4720590193168520
李长歌与《长歌行》角色记忆,post,5,粉丝点评/记忆表达明确,飞鹰踏云出_,迪丽热巴超话期待姐姐的长歌行，李长歌么么哒 ​,https://m.weibo.cn/detail/4488673653697479
李长歌与《长歌行》角色记忆,post,5,粉丝点评/记忆表达明确,乔晶晶妆发指导_,迪丽冷巴超话#迪丽热巴李长歌# 积分积分谢谢她是备受观众喜爱的知名演员，也是身体力行做公益的正能量青年，她是@Dear-迪丽热巴 。她不仅以自身影响力带动粉丝大众参与公益，更曾亲身探访羌塘，她去修缮猛兽防护网、在海拔4800米爬山维护监测雪豹的红外相机。公益这件事，她说得诚恳，做得用心，赤诚热爱，不止于行。,https://m.weibo.cn/detail/4488659866748690
演员成长与角色群像评价,post,5,粉丝点评/记忆表达明确,年纪轻轻老寒腿-,在b站把热巴版的将门毒后追完了，up主也太棒了吧，论一部剧剧本的重要性 。真的好喜欢演员迪丽热巴啊，她的角色不需要大哭大喊的才能让人感受到她的情绪，只要看着她的眼睛，眼神就能表达她的一切情感，羞涩，不屑，开心，难过，痛苦，心碎......我都好爱～（姐你真的好好磨练演技吧，我想看好多部好多部你的戏）,https://m.weibo.cn/detail/4356007247192093
新疆舞与舞台表现名场面,post,5,粉丝点评/记忆表达明确,司法圈的小透明,迪丽热巴超话#迪丽热巴野蛮生长# 在一本ylq小说看到这段话：“哪怕所有人是六十分就可以及格，她不行，她必须做到八十分才是及格线，否则气势汹汹的舆论又要卷土重来。她太明白网友对自己有多严格了。”其他网友不好评价，我只知道其实有些爱丽丝对她也很严格我只知道随便换一个女性演员的唱跳舞台能够达到今天这样的效果，她们家粉丝应该已经夸上天在超话过年了。今天我也想在我们超话过年热巴，你很棒！今天的你在我这儿是99分少的那一分给你发自拍奖励用 L迪,https://m.weibo.cn/detail/4455676455761501
行走的油画/神女美貌出圈,post,5,粉丝点评/记忆表达明确,12号狗子君,一样的杰哥 一样的配方 现场的魅力是无法用言语表达出来的 你的一句“谢谢久等的你们” 就真的什么都值得了 熟悉的你 后会有期（杰哥你胖啦！第一次见到热巴的真人 简直是仙女本仙啊🧚‍♀️！ 那颜可以舔一辈子的 哭泣 太完美了 真人比照片好看一百倍啊！ 神颜我的小墙头千玺 这次不知道什么原因没有来 但是现场听到很多粉丝特别惋惜 我也一样 想见你不容易 不知道下次有机会是多久了 （黄牛借着千玺把票抬到1000 最后得知不来 却连150的票都卖,https://m.weibo.cn/detail/4223432319597509
嘻嘻迪/表情包/可爱梗,post,5,粉丝点评/记忆表达明确,每天都不懂我自己在说什么啊,【迪丽热巴 头套】#迪丽热巴一千零一夜##迪丽热巴新舞林大会# 凌凌七女士，您是搞笑艺人吗？最近收表情白收到手软《一千零一夜》湖南卫视金鹰独播剧场，优酷腾讯都能看哦！想看更多精彩花絮，解锁更多沙雕表情包动图嘛，指路一千零一夜官博君:@电视剧一千零一夜 新粉的话别忘了关注小热巴哦:@Dear-迪丽热巴 还有可爱的迪迪办公室:@嘉行迪丽热巴工作室 迪圈欢迎您,https://m.weibo.cn/detail/4256363217782136
嘻嘻迪/表情包/可爱梗,comment,5,粉丝点评/记忆表达明确,我要去幼儿园接迪迪了,这些表情包笑死我了,https://m.weibo.cn/detail/5119792709370676
白日提灯贺思慕/女鬼鬼王记忆,comment,5,粉丝点评/记忆表达明确,爱吃菠萝包8,真的太会演了我被这个贺思慕迷死了#白日提灯# #迪丽热巴贺思慕#,https://m.weibo.cn/detail/5281473722583480
嘻嘻迪/表情包/可爱梗,comment,5,粉丝点评/记忆表达明确,tingsy-,哈哈哈哈哈哈哈哈哈哈哈哈好可爱啊,https://m.weibo.cn/detail/4981002855779822
生日生贺与小小迪陪伴记忆,comment,5,粉丝点评/记忆表达明确,凌凌七小可耐,生日快乐！我们爱你@Dear-迪丽热巴 #迪丽热巴0603生日快乐#,https://m.weibo.cn/detail/4776335489371746
跑男时期综艺名场面,post,4,粉丝点评/记忆表达明确,追星狂想,迪丽热巴近期几部作品口碑热度双双走低，影视接连遇冷，路人盘与热度大幅下滑，粉丝无奈只能靠炒冷饭挽口碑、抬热度。 粉丝翻出当年她常驻《跑男》的旧料，大肆宣扬仅录制十二天，就凭超高话题与人气拉高节目热度，硬生生把节目推向国民级热度，极力吹捧她是无可替代的王牌女MC。 为了抬高自家，还 ...全文,https://m.weibo.cn/detail/5292784946250422
白日提灯贺思慕/女鬼鬼王记忆,post,4,粉丝点评/记忆表达明确,嘉信寄冬o3,#迪丽热巴贺思慕#dlrb#迪丽热巴白日提灯# 白茶清欢无别事，我在等风，也在等你。 @Dear-迪丽热巴,https://m.weibo.cn/detail/5276026772130190
红毯神图与高定封神造型,post,4,粉丝点评/记忆表达明确,YlnOslA,#迪丽热巴和素人合影#雨中“蓝裙神图”出圈 她身披迪奥蓝色露背长裙、撑透明雨伞亮相，冷色调雨幕中形成强烈视觉冲击。怼脸生图展现精致骨相，裹毯回眸镜头因脆弱美感登上热搜，多数观点认可其“生图即神图”的抗镜头能力，部分声音认为卷发显老，但争议未影响话题正向发酵。 素人颜值意外获高关注 合 ...全文,https://m.weibo.cn/detail/5293760549489823
红毯神图与高定封神造型,post,4,粉丝点评/记忆表达明确,-宅铭沮叽Ming-,#迪丽热巴和素人合影#这次出圈的核心不是造型，是“不对等的温柔”。 明星对粉丝好不稀奇，但迪丽热巴的细节太精准了——粉丝犹豫不敢握手，她主动说“互相取取暖”，把“施舍”变成了“彼此需要”；合影让出C位、歪头贴近、弯腰配合身高，每一帧都在消解“明星 vs 素人”的权力差。 这波操作的高明 ...全文,https://m.weibo.cn/detail/5293755618037118
红毯神图与高定封神造型,post,4,粉丝点评/记忆表达明确,一日辰光,"#迪丽热巴美美出片# 迪丽热巴近期在南京迪奥活动中的雨中蓝裙造型被全网称为""神图""，其生图状态与粉丝互动掀起热议，同时她本人于4月30日发布的新物料再次印证了""随手一拍即大片""的拍摄实力。 2026年4月28日，迪丽热巴身着迪奥早秋系列蓝色露背长裙亮相南京活动。恰逢小雨，她撑透明伞步入现场的画面被 ...全文",https://m.weibo.cn/detail/5293520629793329
白日提灯贺思慕/女鬼鬼王记忆,post,4,粉丝点评/记忆表达明确,小说里都是骗人的,#贺思慕血洗二十四殿# 被爱丽丝和《白日提灯》剧粉们狠狠宠爱全力托举的贺思慕，每一份喜爱都是因为你@Dear-迪丽热巴 作为演员交出的完美答卷。 加油吖！万灵之主贺思慕！比心！ #热巴贺思慕腾讯首个破2亿女性角色##迪丽热巴贺思慕##迪丽热巴白日提灯##白日提灯#白日提灯剧版 ...全文,https://m.weibo.cn/detail/5284855288171218
跑男时期综艺名场面,post,4,粉丝点评/记忆表达明确,迪妻_87,迪丽热巴 dlrb #smartwater全球代言人迪丽热巴# dlrb #迪丽热巴利剑玫瑰# dlrb #迪丽热巴# 入圈以来一共看到迪丽热巴十次眼泪一次是为最疼爱她的姥姥，五次是为她最爱的粉丝，一次是被工作人员触动到，两次是代入自己热爱的角色感触，一次是跑男回忆录。 第一次，17年一个品牌线下活动，巴粉 ...全文,https://m.weibo.cn/detail/5192247332833900
爱丽丝与热巴的双向奔赴,post,4,粉丝点评/记忆表达明确,迪系心跳,#迪丽热巴粉丝线上为线下点单送温暖#迪丽热巴迪丽热巴和爱丽丝双向奔赴粉随正主,https://m.weibo.cn/detail/5292693636253968
白日提灯贺思慕/女鬼鬼王记忆,post,4,粉丝点评/记忆表达明确,badalla,热巴收官快乐！贺思慕的故事在这个春天结束啦 贺思慕生来没有五感 孤寂的岁月里 每一份柔软都意义非凡 但演员迪丽热巴的演绎之路还在继续 爱丽丝们我们下个角色见！迪丽热巴#迪丽热巴##虽然不能同时拥有一切##白日提灯##贺思慕##卫蓝#,https://m.weibo.cn/detail/5291169959382541
白日提灯贺思慕/女鬼鬼王记忆,post,4,粉丝点评/记忆表达明确,巴是小猫脑袋,迪丽热巴 贺思慕#迪丽热巴# dlrb #迪丽热巴白日提灯# dlrb#白日提灯# dlrb #迪丽热巴贺思慕# 迪丽热巴💖爱丽丝！ @Dear-迪丽热巴 们爱丽丝的微博视频,https://m.weibo.cn/detail/5288093271988298
迪拜报平安/守护型记忆,post,4,粉丝点评/记忆表达明确,超爱贺小小,迪丽热巴#迪丽热巴报平安# 巴巴，你好！@Dear-迪丽热巴 我是你万万千千粉丝里的一个！说起来认认真真喜欢你应该是从花少5开始，被你的善良，敏感（不是不好的意思哦！是说你善于感知情绪，共情能力很高)，被你的古怪精灵，被你为人很真的一面所吸引，然后被折服！ ...全文,https://m.weibo.cn/detail/5272873977254802
白日提灯贺思慕/女鬼鬼王记忆,post,4,粉丝点评/记忆表达明确,离人梦43889,#迪丽热巴补偿去巴黎的粉丝# 小巴巴如此好，与粉丝也从来都是双向奔赴欢迎大家收看白日提灯，万灵之主贺思慕也是非常好看的,https://m.weibo.cn/detail/5287161219780594
爱丽丝与热巴的双向奔赴,post,4,粉丝点评/记忆表达明确,肆个晴天_YY,#迪丽热巴补偿去巴黎的粉丝# 真的被迪丽热巴和粉丝的双向奔赴狠狠戳到了 ！因为不可抗力没能赴巴黎之约，她却一直记挂着远赴现场的粉丝，不仅第一时间安抚，还精心准备了签名照和定制胶片相机礼盒，把遗憾都补成了温暖。从来不是单向的付出，你懂我们奔赴的心意，我们懂你突发的不易。把每一份真心都放 ...全文,https://m.weibo.cn/detail/5286965991704487
爱丽丝与热巴的双向奔赴,post,4,粉丝点评/记忆表达明确,安奶迪8,#迪丽热巴给粉丝寄签名照和相机#热爱99，迪丽热巴和爱丽丝双向奔赴，热爱一辈子,https://m.weibo.cn/detail/5287031162019205
白日提灯贺思慕/女鬼鬼王记忆,post,4,粉丝点评/记忆表达明确,懂猫帝,#我做的白日提灯二创上大屏了#为心中的万灵之主贺思慕写下一曲，如今在追剧团大屏响起，和迪丽热巴的身影同频共振。这是属于二创人的浪漫，也是最棒的双向奔赴。 懂猫帝的微博视频,https://m.weibo.cn/detail/5282887089523696
爱丽丝与热巴的双向奔赴,post,4,粉丝点评/记忆表达明确,番茄炒蛋只能吃甜的,#热巴你好星期六repo#迪丽热巴2月9日录制《你好星期六》凭反差造型、综艺艺能与暖心宠粉强势出圈，两套风格造型切换惊艳，御姐甜美与特工飒爽兼具，梦回新剧《白日提灯》。综艺中答题反差、蒙眼抓人萌态百出，笑点密集；面对严寒应援粉丝，她贴心准备参鸡汤、热饮等120份专属礼包，细节尽显温柔。节目 ...全文,https://m.weibo.cn/detail/5265056419021106
机场饭拍与日常陪伴片刻,post,4,粉丝点评/记忆表达明确,禾下棉花,#迪丽热巴回应被粉丝催发vlog##迪丽热巴#迪丽热巴这一年有多火应该不用赘述了，不过相较于很多人气暴涨的小鲜肉，她似乎又有那么点不同。在迪丽热巴这，你永远也听 不到这种传言，反而全是她如何宠粉，对待粉丝像家人一样亲切的消息。 比如在机场接机，粉丝们看到偶像自然都有点把持不止，都拿起相机 ...全文,https://m.weibo.cn/detail/4541721079458923
跑男时期综艺名场面,post,4,粉丝点评/记忆表达明确,初夏夜的0603d8,迪丽热巴超话 ❤️#迪丽热巴跑男只录了12天#我才知道只录了12天！谁没有被当时灵动的胖迪迷住啊！我的入坑综艺迪丽热巴就这样牛 ​,https://m.weibo.cn/detail/5292464734995365
红毯神图与高定封神造型,post,4,粉丝点评/记忆表达明确,今视频长天新闻,【谁是你心中内娱最漂亮的女明星？】每个人心里都有一张封神的脸！有人偏爱清冷高级脸，自带疏离故事感；有人喜欢甜美治愈系，一笑起来整个世界都亮了；还有人被明艳大气圈粉，红唇一涂气场全开。少女感、御姐范、古典美、现代风……内娱从来不缺让人一眼沦陷的面孔。评论区分享你的天花板！顺便说说——是哪个角色或造型让你彻底入坑？是生图杀手还是动态比静态更绝？快来为你的女神打call，看看谁的呼声最高！👇@Dear-迪丽热巴 @关晓彤 @鞠婧祎 @刘亦菲 ,https://m.weibo.cn/detail/5289777465395724
白日提灯贺思慕/女鬼鬼王记忆,post,4,粉丝点评/记忆表达明确,XNN174X,好久没追剧了， 这两天看了热巴的新剧，垂直入坑思胥万千啊！明明挺好的剧，为啥有这么多恶意的评价，尤其都是同性，为啥对热巴恶意那么大。#迪丽热巴 白日提灯# ​,https://m.weibo.cn/detail/5282653224045073
白日提灯贺思慕/女鬼鬼王记忆,post,4,粉丝点评/记忆表达明确,轩轩日记1994,《白日提灯》：迪丽热巴演400岁鬼王，和陈飞宇的“五感共享”虐到我心碎古装剧爱好者注意了！3月28日刚开播的《白日提灯》，可能是你今年追的最虐心的一部。改编自晋江9.5分同名小说，由《长相思》导演秦榛执导，迪丽热巴、陈飞宇主演。故事设定非常新颖：迪丽热巴饰演的贺思慕，是活了四百年的万灵之主、冷傲鬼王；陈飞宇饰演的段胥，是身负血海深仇的少年将军。两人在战场上邂逅，意外结下“五感共享”契约。什么是“五感共享”？就是贺思慕通过段胥的身体，第一,https://m.weibo.cn/detail/5282614711161008
跑男时期综艺名场面,post,4,粉丝点评/记忆表达明确,齐天大圣孙乌空,#迪丽热巴跑男只录了12天#只录了12天，却成为了一代人青春的回忆，天生红人命的小巴巴 ​,https://m.weibo.cn/detail/5291996323251550
嘻嘻迪/表情包/可爱梗,post,4,粉丝点评/记忆表达明确,恍若清欢寄梦,绿意是如此形象。绿意在她身上是活的，在晨光里浮着的，软软的，温润的；也在初夏的风里随性的，松弛的，有生命的。春末夏初的盎然将她悄然装扮，柔柔地舒展开，她的发梢被春风轻拂，白皙的脸颊被晴光轻吻。丁达尔效应描摹下她的身姿，榕树的年轮记录下她的童年，草木的清香晕染开她的气味。那是欢喜，是生长，是活着的气息。她是如此蓬勃与轻盈，她也在记录如此可爱的人间。光透过枝叶留下细碎的影影绰绰，她白色的衣裙映着叶的斑驳，像是她不经意用光留下春天的影像。她仰,https://m.weibo.cn/detail/5294179529789504
跑男时期综艺名场面,post,4,粉丝点评/记忆表达明确,迪一块恰巴塔,#迪丽热巴跑男只录了12天#真的假的，真是令人记忆深刻 ​,https://m.weibo.cn/detail/5292016650158085
跑男时期综艺名场面,post,4,粉丝点评/记忆表达明确,五文鱼鱼鱼,#迪丽热巴跑男只录了12天#12天的奔跑之旅，成就了现象级的“跑男迪”记忆，其背后是艺人自身魅力与综艺剪辑的共生结果。观众怀念的不仅是短暂的高光时刻，更是那份真实，“经典从不限时长，感染力才是满分答案”。 ​,https://m.weibo.cn/detail/5292000762397687
行走的油画/神女美貌出圈,post,4,粉丝点评/记忆表达明确,夕很烦,迪丽热巴超话我不行了，这一套完全少女来的，梦回甜热热#迪丽热巴工作室 王亚飞#虽然但是，发型师能不能认真点，全靠我姐美貌硬撑好吗 ​,https://m.weibo.cn/detail/5291774734238474
跑男时期综艺名场面,post,4,粉丝点评/记忆表达明确,就爱你眼,梦回小迪迪丽热巴超话#迪丽热巴##迪丽热巴奔跑吧# ​,https://m.weibo.cn/detail/5290088000129146
白日提灯贺思慕/女鬼鬼王记忆,post,4,粉丝点评/记忆表达明确,青团超爱迪,迪丽热巴超话 贺思慕#迪丽热巴白日提灯热度登顶# 这个造型我直接梦回丽姬，热巴好美，白日提灯好好看 ​,https://m.weibo.cn/detail/5288820117342944
白日提灯贺思慕/女鬼鬼王记忆,post,4,粉丝点评/记忆表达明确,咪明明鑫巴巴,迪丽热巴超话 贺思慕#迪丽热巴白日提灯热度登顶##迪丽热巴贺思慕# 梦回 ​,https://m.weibo.cn/detail/5285881344430750
白凤九与三生三世情怀,post,4,粉丝点评/记忆表达明确,闻奇奇你被捕啦,#迪丽热巴在陈飞宇张俪身后跳舞#这么灵动 梦回白凤九啊 没人觉得嘛！ ​,https://m.weibo.cn/detail/5285023171482071
嘻嘻迪/表情包/可爱梗,post,4,粉丝点评/记忆表达明确,只不过是微弱的雨,@迪丽热巴超话 考古早期的迪，九年了，小迪变成了巴姐，而我也奔三十了。早期的迪无敌了，美到我失语，内娱无代餐，调皮活泼开朗敢拼。现在增添了一丝成熟的韵味，感慨时间的飞快，但还好，热巴越来越好，还是像以前一样可爱美丽大方。 ​,https://m.weibo.cn/detail/5290237658138309
红毯神图与高定封神造型,post,4,粉丝点评/记忆表达明确,小猫追星,迪丽热巴上次没有遇到好的经纪人这次是没遇到好的化妆师（造型师）真的，就这个发型立马老了五岁还有这个妆容，是要画贵妇妆吗？说不出哪里好看，感觉乱糟糟的那个拥有绝世容颜的迪丽热巴号称中国版千颂伊的迪丽热巴真的不复当年模样了#一分钟精选视频扶持计划# L小猫追星的微博视频 ​,https://m.weibo.cn/detail/5292825392450471
跑男时期综艺名场面,post,4,粉丝点评/记忆表达明确,Fouuyu_江枫渔火,#迪丽热巴跑男只录了12天#原来迪丽热巴当年跑男只录了12天 最近被这个冷知识刷屏：2017年迪丽热巴代班《奔跑吧》，整季12期节目，实际录制仅12天。 短短十几天在上海、大连等地集中拍摄，转圈舞、泥潭挑战、指压板、水上项目……无数名场面都出自这里。节目组通过素材拆分、镜头复用、后期剪辑，把十几天内容拉长到近三个月播出，完美营造出常驻的效果。 那季的她灵动又敬业，不怕吃苦没有偶像包袱，还即兴带来新疆民族舞，温柔又有活力，成为很多人心中的,https://m.weibo.cn/detail/5292236967511277
跑男时期综艺名场面,post,4,粉丝点评/记忆表达明确,我吻开你眼角的泪,#迪丽热巴跑男只录了12天#只记得当年迪丽热巴和Angelababy杨颖同框那一期，小小的本人只觉得两个人都好美啊 ​,https://m.weibo.cn/detail/5292000422399759
高雯名场面与早期出圈,post,4,粉丝点评/记忆表达明确,鹿宁寧,"#迪丽热巴再被叫胖迪很惊讶#老粉的集体回忆话题下大量七年以上老粉留言感慨，称该事件""瞬间拉回《克拉恋人》时期""。有网友分析，热巴的惊讶源于该称呼已近五年未在公开场合出现，此次突然听到触发""时代眼泪""。艺人态度强化好感度历史采访视频显示，热巴对""胖迪""始终持珍视态度。她曾强调：""这是粉丝起的名字，听到就能立刻反应过来""，并解释该昵称承载着粉丝的亲密情感，自己从未因""胖""字介意。此番重逢旧称的真诚反应，进一步强化其""不忘初心的艺人形象""。",https://m.weibo.cn/detail/5278937195743751
花少/你好星期六等综艺片刻,post,4,粉丝点评/记忆表达明确,这年头谁追星啊,迪丽热巴被“踢”出局，《开始推理吧4》原班人马的承诺，一夜之间成了最大的笑话。 说好的“赫丽摸金宇”团魂呢？迪丽热巴一句“档期冲突”就没了，白宇也转成飞行。超九成的老粉直接炸锅，评论区全是“非原班不看”。 结果呢？节目组反手一场900万人看的早餐直播，刘宇宁亲自喂丁程鑫吃甜品，当着所有人面说“弟弟我来照顾”。77个热搜直接把场子给你热回来。 你以为你在守护一份不可替代的团魂，其实你只是在观看一场精心计算的流量接力。#金牌剪刀手##一分钟,https://m.weibo.cn/detail/5289926649451443
白日提灯贺思慕/女鬼鬼王记忆,post,4,粉丝点评/记忆表达明确,品七芝麻饼,感想就是，看了白日提灯的大概狠狠爱上迪丽热巴，贺思慕的权威太直观了，香到我这个n年老粉都已经重新陷入和巴巴姐的热恋。但我这种情感大概也是量变产生的质变，从利剑玫瑰起就开始积累了，利剑玫瑰、枭起青壤、白日提灯明显能看出演技越来越纯熟，也更能触摸到巴巴姐的内核，相比前几年她又成长到了nextlevel。,https://m.weibo.cn/detail/5289499174635887
花少/你好星期六等综艺片刻,post,4,粉丝点评/记忆表达明确,谅解我的坏脾气,#开始推理吧#之前官宣阵容直接炸穿热搜，争议至今没停！当初节目组亲口承诺原班人马回归，结果官宣大换血，瞬间点燃全网讨论。迪丽热巴退出常驻、白宇转为飞行，丁程鑫全新加盟，一边是老粉怀念旧团魂，舍不得熟悉的推理默契；一边是路人好奇新嘉宾能碰撞出什么新鲜火花，两极评价直接吵上热搜。抛开阵容争议，节目实景置景很用心，悬疑伏笔密集，反转全程高能。刘宇宁、张凌赫、周柯宇、金靖留守坐镇稳住基调，新成员加入也带来不少趣味互动。一边纠结意难平，一边忍不住,https://m.weibo.cn/detail/5284426880913456
李长歌与《长歌行》角色记忆,post,4,粉丝点评/记忆表达明确,港啫秋,#迪丽热巴 郝阿三#刚刷到#迪丽热巴 郝阿三# 直接冲上文娱TOP2，4500万+阅读量，这瓜藏得够深！👀 有网友扒出，前张小斐经纪人郝阿三悄悄关注了迪丽热巴和她的工作室，疑似要接手热巴的经纪工作。回想这些年，嘉行给热巴堆了多少资源，从《克拉恋人》到《长歌行》，工作人员业务能力也一直被夸，现在突然换将，不少粉丝都在慌：“陪了这么多年的团队说换就换？”“郝阿三之前带张小斐成绩不错，但能接住热巴的顶流盘吗？”也有路人觉得：“换个思路未必是坏,https://m.weibo.cn/detail/5278212285536103
花少/你好星期六等综艺片刻,post,4,粉丝点评/记忆表达明确,盐酥海苔卷,"#陈妍希周柯宇 开推4#大量剧粉对综艺合体表示期待，认为两人默契度高、互动自然，直言""合体必开会员""""安安静静同框也爱看""，甚至称其为""内娱售后天花板""。常驻变动引发不满网传原班人马中迪丽热巴、白宇退出，新加入丁程鑫，导致部分老粉不满。有观众认为前三季成员默契是节目核心魅力，换人可能影响观感；但也有声音认可新阵容的潜力，如金靖的幽默表现、丁程鑫的粉丝基础等。CP营销的边界争议因陈妍希已婚身份与两人现实年龄差，部分网友质疑剧播完后仍捆绑C",https://m.weibo.cn/detail/5264778747970025
红毯神图与高定封神造型,post,4,粉丝点评/记忆表达明确,甜热热牛奶,迪丽热巴周边中转站超话 集28z 可互dd看看跑男白月光造型5.1开售～ ​,https://m.weibo.cn/detail/5292626823872998
跑男时期综艺名场面,post,4,粉丝点评/记忆表达明确,凌凌七小可耐,#迪丽热巴跑男只录了12天#迪丽热巴天生红人命，跑男迪永远的白月光🥰 ​,https://m.weibo.cn/detail/5292249990824361
跑男时期综艺名场面,post,4,粉丝点评/记忆表达明确,鼻涕泡汤加点辣i,"#迪丽热巴跑男只录了12天#九年过去，""跑男迪""仍被观众称为""综艺白月光""，其24岁时热烈鲜活的生命力成为跨越时间的珍贵影像。热巴以短期录制扛起整季热度，被业内视为""高效出圈""典范 ​",https://m.weibo.cn/detail/5292046233636020
跑男时期综艺名场面,post,4,粉丝点评/记忆表达明确,id好天气,#迪丽热巴跑男只录了12天#哇 居然仅仅只录了12天 就有很多名场面 还是太吸引大家的注意力了 希望多多参加节目 ​,https://m.weibo.cn/detail/5292112081851210
嘻嘻迪/表情包/可爱梗,post,4,粉丝点评/记忆表达明确,熊熊很本分,迪丽热巴、张俪、陈星旭现场挑战名梗，看来大家网速都还可以～枭起青壤、枭起青壤追剧团 #枭起青壤# L熊熊很本分的微博视频 ​,https://m.weibo.cn/detail/5236917375339408
嘻嘻迪/表情包/可爱梗,post,4,粉丝点评/记忆表达明确,早八不困哇,汪苏泷 你看我像鬼脸嘟嘟吗？？？哈哈哈哈哈哈𝒔𝒉𝒂𝒓𝒆 | ins风壁纸 为什么连雨天也这么美𝗪𝗲𝗖𝗵𝗮𝘁 𝙒𝙚𝘾𝙝𝙖𝙩｜小猫头像 王濛头像分享| 卡通头像| 可爱头像 | 审美积累｜可爱｜萌宠｜ipad壁纸｜手机壁纸｜ins｜高清｜无水印｜好运｜搞怪｜毛茸茸｜奇奇怪怪｜头像推荐｜清新｜淡淡的｜高能量｜韩系｜高级感｜双人头像｜ipad壁纸张子枫｜周也｜鞠婧祎｜张婧仪｜欧阳娜娜｜文淇｜陈都灵｜杨幂｜赵今麦｜卢昱晓｜白鹿｜刘亦菲｜Angel,https://m.weibo.cn/detail/5290962034628281
嘻嘻迪/表情包/可爱梗,post,4,粉丝点评/记忆表达明确,caTToiinMiss,迪丽热巴怎么这么多小猫表情包 ​,https://m.weibo.cn/detail/5284037809145227
白日提灯贺思慕/女鬼鬼王记忆,post,4,粉丝点评/记忆表达明确,sun洒满了阳光,#阿瑟不卖的时候反耳嗑到了#你就嗑去吧越磕越上头，前期看片场拍戏路透那贺思慕和段胥的频糖点满满，如今看剧依然是咧个大嘴激动的哇哇哇没有不入坑的道理，每晚六点腾讯视频看来嗑贺思慕和段胥的互相试探，再到心疼和彼此守护！！！ ​,https://m.weibo.cn/detail/5283476175585547
嘻嘻迪/表情包/可爱梗,post,4,粉丝点评/记忆表达明确,YY是农民,捕捉春天的气味🍃 春天的气味是无数回忆𝘚𝘩𝘢𝘳𝘦 手机壁纸 ｜ 风景壁纸 ｜ 城市街景 ｜ 深色壁纸 ｜ 高清无水印壁纸 ｜ ins风 ｜ 聊天背景 ｜ iphone17手机壁纸 ｜ 全面屏手机壁纸 ｜ 大自然绿色系 ｜ 远山风景 ｜ 夕阳𝙒𝙚𝘾𝙝𝙖𝙩背景图 𝙞𝙣𝙨风 背景图推荐❤ ️🧡💛💚💙💜🤎🖤🤍杨幂 刘诗诗 唐嫣 赵丽颖 赵今麦 孙千 周雨彤 张婧仪 周也 范冰冰 谭松韵 关晓彤 景甜 李沁江疏影 秦岚 宋祖儿 陈都灵 张子枫 古,https://m.weibo.cn/detail/5293728375246043
白日提灯贺思慕/女鬼鬼王记忆,post,4,粉丝点评/记忆表达明确,重温剧情_,白日提灯剧版超话殿内与殿外的场景形成了鲜明的对比，殿内是至高无上的权利伴随着孤独，而殿外的人却为了权利拼个你死我活，思慕冷酷强大的外表下一直隐藏着内心的孤寂，看到这里算是彻底理解明白了，灵主很强大但是这不是她想要的！#迪丽热巴 白日提灯##迪丽热巴贺思慕﻿# L重温剧情_的微博视频,https://m.weibo.cn/detail/5294209383007319
白日提灯贺思慕/女鬼鬼王记忆,post,4,粉丝点评/记忆表达明确,喝A迪钙奶,迪丽热巴超话#迪丽热巴白日提灯#dlrb#迪丽热巴贺思慕#dlrb#迪丽热巴#在未来我只希望你过的好@dear-迪丽热巴 ​,https://m.weibo.cn/detail/5294390600795993
花少/你好星期六等综艺片刻,post,4,粉丝点评/记忆表达明确,小藕精,迪丽热巴超话 以前：我从来不追星。现在：我超爱的，哪个粉丝团能加下我，我要去线下。（卑微hh以前：我从来不看综艺。现在：热热拍过的挨个看。以前：我才不冲会员呢现在：可以留言第二条，冲。以前：谁做梦还梦见明星啊，又不是现实中的人。现在：连续梦了两天，早上起来嘴角都压不住，能量满满的一天～,https://m.weibo.cn/detail/5293196164728153
李长歌与《长歌行》角色记忆,post,4,粉丝点评/记忆表达明确,念念悠芋,这一年追星其实都不太开心 从不进组的焦虑到安乐传的失望 都有点受打击 花少本来会以为是自己的兴奋剂 但是目前看让我有点兴奋过头了哈哈。没有想到还是靠88把我治愈了 花少的舞蹈看了不下十遍 但是没想到有这么破圈的关注量 虽然是因为8的民族原因 但是就是别人说的 机会是留给有准备的人，她落落大方的英语交流和生命力十足的舞蹈 才有了今天的局面 中国女演员迪丽热巴·迪力木拉提，她一直很爱自己的国家 自己的民族 ，她的作品长歌行的家国大义把我锤入,https://m.weibo.cn/detail/4975700635550780
演员成长与角色群像评价,post,4,粉丝点评/记忆表达明确,木一猊,迪丽热巴超话#迪丽热巴邓妍# 我不理解所谓的粉了好几年的粉丝，如果你说你的偶像烂，那么你是为了什么而粉上她，再说她在业内都获得这么多的好评，足以证明她很好，如果你现在作为粉丝不能支持她，反而去诋毁她，那这也是负能量的追星了吧，对你自己本身也不好，对会看粉丝留言的她也不好，那不如就听她说的，感觉到不开心了，就回归现实生活，她不会怪你。其实说白了，作为演员，每次剧播后都会有新的粉丝入坑，她的演技肯定是在线的，不用听多了洗脑包就开始对她恶语,https://m.weibo.cn/detail/4971955648208717
嘻嘻迪/表情包/可爱梗,post,4,粉丝点评/记忆表达明确,管教你支配你_,你愿不愿意跟我走红白囍 柴束薪 木葛生 音乐分享｜今日分享音乐｜感觉至上“为我心中挚爱，赠以感激之情”ins｜薄荷曼波壁纸∘˚🧴˚˟🫙˖⭒˚薄荷绿｜壁纸分享｜夏日清凉壁纸｜全屏壁纸｜锁屏壁纸｜氛围感壁纸｜iphone壁纸｜绿色果然是生命的颜色｜薄荷曼波𝙒𝙚𝘾𝙝𝙖𝙩背景图 𝙞𝙣𝙨风 背景图推荐❤️🧡💛💚💙💜🤎🖤🤍杨幂 刘诗诗 唐嫣 赵丽颖 赵今麦 孙千 周雨彤 张婧仪 周也 谭松韵 关晓彤 景甜 李沁江疏影 秦岚 宋祖儿 陈都灵 张子枫 ,https://m.weibo.cn/detail/5294379444734348
嘻嘻迪/表情包/可爱梗,post,4,粉丝点评/记忆表达明确,葡萄柚绿半糖,𝐇𝐢𝐝𝐞｜少年包青天封神名场面｜千鲤湖奇案终于落幕，终究还是一个痴情女和负心男的故事这个故事告诫我们不要以为爱情是你的全部，千万不要恋爱脑萌宠头像｜治愈系头像头像安利｜卡通手绘｜软萌头像｜审美封神｜可爱爆棚｜毛茸茸萌物｜平板全屏壁纸｜手机超清壁纸｜小红书热榜｜无水印原图｜转运好运｜搞怪趣味｜小众独特｜清新温柔｜氛围感拉满｜韩系极简｜高级质感｜闺蜜双人头像｜横屏护眼壁纸 张子枫｜周也｜鞠婧祎｜张婧仪｜欧阳娜娜｜文淇｜陈都灵｜杨幂｜赵今麦｜,https://m.weibo.cn/detail/5288701353526480
嘻嘻迪/表情包/可爱梗,post,4,粉丝点评/记忆表达明确,儿虫不飞,代表我活着的moment Jennie联名名创的周边，🐠直接先送我心心念念的大娃娃，她真的又美又大方。我总打趣让她多赚点钱，多请我吃饭，一直觉得她长得超像迪丽热巴。刚入职场时，我一犯错，她兜底，哪怕自己忙得焦头烂额，也总会耐心帮我解决问题。她离职已经一年咯，我也是从她离开后才真正学会独立、慢慢成长。直到现在，工作上和生活上我还是一如既往习惯性找她说实话和🍫闹翻，也是我最不想回忆的一个点，很莫名其妙，也许是积压已久，吵架过后双方没一个愿意,https://m.weibo.cn/detail/5284129717625622
红毯神图与高定封神造型,post,4,粉丝点评/记忆表达明确,三铜钱师傅,2025乙巳年，2026丙午年，2027丁未年，这三年火势集中，火一旺首先受克的就是弱弱的庚金和辛金，会被折磨得不成人样，其次弱弱的壬水和癸水也是受害者，除非是很强的壬癸水能抗得住强火的冲击，水本可以灭火，但火太旺也可以把水蒸发，弱水面对强火会迎来史诗级的灾难。但是弱弱的丙火和丁火会迎来史持级的加强。#唐嫣曾被张艺谋选中为奥运宝贝 鹿晗 关晓彤 王一博 王俊凯 罗志祥 杨幂 唐嫣 王源 易烊千玺 胡彦斌 迪丽热巴 赵丽颖 杨颖 黄晓明 ,https://m.weibo.cn/detail/5281761858420991
白日提灯贺思慕/女鬼鬼王记忆,post,4,粉丝点评/记忆表达明确,绿芒果和青木瓜,#迪丽热巴生离死别哭戏#热巴在白日提灯里面的每一场每一场情绪戏都精准到恐怖，真的把贺思慕演活了，这还只是2024年的迪丽热巴，难以想象现在的她有多强#白日提灯# ​,https://m.weibo.cn/detail/5288450867856745
花少/你好星期六等综艺片刻,post,4,粉丝点评/记忆表达明确,制作人何小庭,【2022-2023 #微博剧综行业报告# 人物篇】剧集演员发博互动量TOP20：沉香如屑沉香重华-成毅、暮色心约-任嘉伦、莲花楼-成毅、玉骨遥-肖战、长相思第一季-檀健次、长相思第一季-杨紫、苍兰诀-王鹤棣、骄阳伴我-肖战、梦中的那片海-肖战、攻速-迪丽热巴、底线-成毅、星汉灿烂月升沧海-吴磊、苍兰诀-虞书欣、沉香如屑沉香重华-杨紫、长相思第一季-邓为、星汉灿烂月升沧海-赵露思、冰雨火-王一博、两个人的小森林-虞书欣、请君-任嘉伦、长,https://m.weibo.cn/detail/4975580485521135
乔晶晶与《你是我的荣耀》入坑记忆,post,4,粉丝点评/记忆表达明确,提一盏灯63,迪丽热巴超话#超话星愿池# dlrb#迪丽热巴花儿与少年# 2021暑期第一爆，播出时正是奥运会，登腾讯两季度财报，2021首播播放量云合top，网剧播放指数2021最高。2021紫薇星女明星小太阳大明星随处可见乔晶晶稳稳出圈top[/cp]大自然的优美与宁静，调谐在星光与波光的默契中。此时情绪此时天，让我们与@Dear-迪丽热巴 相伴，将清风揽入怀中，将胜景长存心底。,https://m.weibo.cn/detail/4959591717932434
嘻嘻迪/表情包/可爱梗,post,4,粉丝点评/记忆表达明确,L兰叶春葳蕤L,2月27日 娱乐小料 今日圈内动态不断，多部剧集过审待播、综艺阵容曝光、新项目陆续启动，一起来看： 1. 优酷S+综艺《哈哈不哈哈》拟邀阵容曝光，曾舜晞、辛云来、梁龙、杨迪、管乐、雷淞然、王楚然、易立竞、陈鑫海、曹骏等在列​2. 潘粤明、王鹤棣《黑夜告白》近日过审下证，开播在即​3. 黄景瑜主演《斗贼》近日过审下证，积压剧迎来新消息​4. 拍摄于2019年的《完美证据》近日过审下证，有望近期上线​5. 👖悬疑剧《猎雨人间》3月中旬开机，,https://m.weibo.cn/detail/5271084844712749
跑男时期综艺名场面,post,4,粉丝点评/记忆表达明确,婂婂冰,#迪丽热巴跑男只录了12天#迪丽热巴以代班身份（顶替孕期的Angelababy）在2017年2月至4月间分散拍摄约12天，覆盖上海、大连等多地经典场面的录制。节目组通过拆分单场素材复用至多期、强化BGM/慢镜头特写、模糊时间线等剪辑手法，将12天内容延展为12期节目。我居然都没发现只有12天迪丽热巴超话 ​,https://m.weibo.cn/detail/5292217690228744
白日提灯贺思慕/女鬼鬼王记忆,post,4,粉丝点评/记忆表达明确,爱上姐姐是人之常情-,#刘冲和迪丽热巴聚餐#这个小女孩就这样不骄不躁 欢迎大家来预约我们《白日提灯》期待贺思慕@Dear-迪丽热巴 ​,https://m.weibo.cn/detail/5277970077844679
枭起青壤/聂九罗表演突破,post,4,粉丝点评/记忆表达明确,宇浩960124,迪丽热巴超话#迪丽热巴手执疯刀剧照##枭起青壤# dlrb#迪丽热巴陈星旭双人花絮##迪丽热巴慕胥辞##迪丽热巴#热·爱双向奔赴，真诚的热巴永远打动我预约利剑玫瑰O利剑·玫瑰迪丽热巴 | 枭起青壤 | 利剑玫瑰|慕胥辞 |聂九罗 | 邓妍 | 贺思慕 | @Dear-迪丽热巴L《利剑·玫瑰》迪丽热巴金世佳正义出鞘 ​,https://m.weibo.cn/detail/5183371598366002
枭起青壤/聂九罗表演突破,post,4,粉丝点评/记忆表达明确,ryeo赫海,迪丽热巴官方粉丝群超话#迪丽热巴聂九罗# dlrb #迪丽热巴枭起青壤# dlrb #迪丽热巴#没有人能逃过热巴的古装!看一眼就沦陷，演技好的美女谁能不爱啊预约利剑玫瑰O利剑·玫瑰迪丽热巴 | 枭起青壤 | 利剑玫瑰 | 开始推理吧 | 聂九罗 | 邓妍@Dear-迪丽热巴 L一阵阵疯的微博视频 ​,https://m.weibo.cn/detail/5018122792730927
演员成长与角色群像评价,post,4,粉丝点评/记忆表达明确,她的守护者-,90TOP🌸演员#迪丽热巴#待播剧👇🏻腾讯视频#枭起青壤# 预约：O枭起青壤腾讯视频#利剑玫瑰# 预约：O利剑·玫瑰腾讯视频#慕胥辞# 预约：O白日提灯演员@Dear-迪丽热巴 国民度高，路人缘好，演技好，形象佳，每年都有优秀作品稳定输出，流量演技人气实力兼得。一番收视率破1剧最多的90后一番收视拉升率最高的90后一番网剧年冠最多的90后一番集均破亿剧最多的90后一番全网播放量最高的90后一番云合前十剧最多的90后一番既有收视破1又有电,https://m.weibo.cn/detail/5051099360530326
红毯神图与高定封神造型,post,4,粉丝点评/记忆表达明确,岁月染过的-梦,狗仔拍到鞠婧祎和助理一起逛街，期间助理摸了她的臀部。虽然粉丝和部分路人认为这很正常，助理是女生，女生之间经常会有这种亲密动作。但也有很多人觉得这位助理一看就是中性风，在大庭广众摸艺人臀部就是很不合适。她和身边工作人员关系都很好，助理也几乎是24小时陪在身边的，私下这种亲密动作多了去了。2很多人都非常好奇刘昊然和周冬雨的感情现状，他俩又恢复到之前的状态了，没有分开的迹象，而且最近开始共用人脉和资源了。刘昊然没有被逼迫，也没有把柄在周冬雨手,https://m.weibo.cn/detail/4885444574055120
任安乐/帝梓元角色记忆,post,4,粉丝点评/记忆表达明确,清风挽迪87,迪丽热巴超话#长歌行播出两周年了# dlrb#迪丽热巴微博之夜发型拆解# “小时候的快乐和烦恼都很纯粹，记忆中也确实拥有过极致的快乐，让我希望能回到那个时候。不过一切顺其自然长到现在，我觉得都挺好。”——@Dear-迪丽热巴迪丽热巴安乐传|任安乐|迪丽热巴帝梓元|迪丽热巴公诉|安旎@Dear-迪丽热巴 #迪丽热巴安乐传#dlrb#迪丽热巴任安乐#,https://m.weibo.cn/detail/4885438429142200
任安乐/帝梓元角色记忆,post,4,粉丝点评/记忆表达明确,-秦雾凉阮提-,#迪丽热巴新剧公诉精英改名# dlrb#长歌行播出两周年了# dlrb#迪丽热巴公诉#dlrb#迪丽热巴安旎#电视剧安乐传超话 “你是帝家后人， 就该有当年帝家家主翻云覆雨的魄力” 看@Dear-迪丽热巴 饰演的任安乐/帝梓元如何翻云覆雨，我可真是太期待大女主任安乐啦，迪丽热巴古装永远的神！！迪丽热巴安乐传|任安乐|帝梓元|迪丽热巴公诉|安旎 @Dear-迪丽热巴L九方阙的微博视频,https://m.weibo.cn/detail/4885424373763776
李长歌与《长歌行》角色记忆,post,4,粉丝点评/记忆表达明确,四月芳菲317,#和迪丽热巴点亮微博之夜# 好剧推荐先来感受一波大唐女子力女子也可以顶天立地行走在这世间“我想在有生之年，得见盛世大唐！” 迪丽热巴《长歌行》李长歌 @Dear-迪丽热巴#迪丽热巴花儿与少年# 丝路季今日已更新接下来期待#迪丽热巴利剑玫瑰# ，🐧预约起来L阿隼隼呗的微博视频 ​ ​​​,https://m.weibo.cn/detail/4985143318815561
纪云禾与鲛人系角色记忆,post,4,粉丝点评/记忆表达明确,我的心巴er,#一口气炫完与君初相识#就可以有底气大胆的说纪云禾的纸片人破碎感.是有眼睛就能看到的.不需要粉丝去粉饰.眼睛是用来看，心是用来感受的.真不是你洗脑一句谁谁谁或者谁谁演出了我心目中的仙侠剧女主的样子.求求你别撒谎.诚实才是美德！此刻我不是粉.我只是一个普通普通再普通的观众.谢谢迪丽热巴纪云禾没有愚弄我的眼睛宝为了贴近角色都瘦脱相了.我心疼，但我深知这是她作为演员最基本的素养.踏实努力进取一直都是小迪的初心.而我也会一如既往的做你忠实的观众,https://m.weibo.cn/detail/4753197107774610
纪云禾与鲛人系角色记忆,post,4,粉丝点评/记忆表达明确,ID简黎昱,#迪丽热巴与君初相识# dlrb#迪丽热巴纪云禾#𝐩𝐚𝐜𝐤 𝐦𝐲 𝐭𝐡𝐨𝐮𝐠𝐡𝐭𝐬 𝐚𝐧𝐝 𝐛𝐥𝐨𝐰 𝐭𝐡𝐞𝐦 𝐭𝐨 𝐲𝐨𝐮 𝐰𝐢𝐭𝐡 𝐭𝐡𝐞 𝐚𝐮𝐭𝐮𝐦𝐧 𝐰𝐢𝐧𝐝. “我将思念打包 随着秋风吹向你”@Dear-迪丽热巴,https://m.weibo.cn/detail/4753190962596128
纪云禾与鲛人系角色记忆,post,4,粉丝点评/记忆表达明确,是灯还是云,#与君初相识#滴！恭喜玩家纪云禾获得仙师府半日游体验卡一张，请勿触碰展览文物话说纪云禾你逃生路上还能抽空吃个瓜到底是什么神仙体质啊（逃跑那段迪丽热巴身段好漂亮）不过这里其实也是有在做小铺垫，仙师的师父还有那团黑气应该就是关于后面仙姬练的那个禁术了吧我感觉纪云禾跟仙师和仙姬的戏还挺有意思的（我想说三个疯批凑一堆）我永远爱纪云禾的倔强和傲气。明知不可为而为之，我知道打不过你，但我就是要给你一针，怎么的吧老头，不服气嗷，不服气打我啊就是说纪云,https://m.weibo.cn/detail/4753183396071254
爱丽丝与热巴的双向奔赴,post,4,粉丝点评/记忆表达明确,贺思慕老婆,迪丽热巴超话#和迪丽热巴一起迎接2023# dlrb#与迪丽热巴一起欢乐跨年##微博跨年狂欢节#愿新的一年迪丽热巴与爱丽丝都自由自在，无忧无虑，平安喜乐。@Dear-迪丽热巴L不灭幽灵的微博视频 ​,https://m.weibo.cn/detail/4852873966658851
任安乐/帝梓元角色记忆,post,4,粉丝点评/记忆表达明确,清瑶dd,迪丽热巴超话#迪丽热巴纪云禾年度最热奇幻剧角色# dlrb#与迪丽热巴一起欢乐跨年##微博跨年狂欢节#太空浩瀚，岁月悠长，我始终乐于和你分享同一颗行星和同一个时代@Dear-迪丽热巴 迪丽热巴公诉精英|迪丽热巴安旎|迪丽热巴安乐传|迪丽热巴任安乐|迪丽热巴帝梓元 @Dear-迪丽热巴 #迪丽热巴#dlrb#迪丽热巴安旎#dlrb#迪丽热巴公诉精英#,https://m.weibo.cn/detail/4852858811591385
李长歌与《长歌行》角色记忆,post,4,粉丝点评/记忆表达明确,天生大明星罢辽,电视剧长歌行超话又刀又好笑。前一秒叮咛嘱咐，后一秒长歌说我不走了，阿娘立刻冷脸，你快走吧哈哈哈哈哈哈@Dear-迪丽热巴 可能最后一次见面了，找点乐子 ​,https://m.weibo.cn/detail/4620945752333681
纪云禾与鲛人系角色记忆,post,4,粉丝点评/记忆表达明确,携花束赴初夏_,#迪丽热巴与君初相识# dlrb#迪丽热巴纪云禾# 马上就2022年了㊗️宝贝在新的一年里身体健康，工作顺利同时祝《与君初相识》纪云禾 《安乐传》 任安乐新年快乐！早点见面嘿嘿“辞旧迎新”把旧的霉运清走，迎接新的好运“永远都会对这个世界抱有善意，永远都会用一种美好的心去看待这个世界。希望能让大家去看到很正面的一些东西，也让他们对于这个社会能够充满善意，充满阳光”—— @Dear-迪丽热巴,https://m.weibo.cn/detail/4720583931071348
李长歌与《长歌行》角色记忆,post,4,粉丝点评/记忆表达明确,黑蝶信使,迪丽热巴超话dlrb #迪丽热巴李长歌# dlrb迪丽热巴美图组超话 你是我的白日光@Dear-迪丽热巴 #迪丽热巴吃个彩虹# 自修·禁二改·禁抹水印·二传标源 ​​​ ​​​ ​​​ ​​​ ​​​ ​​​ ​​​ ​​​ ​​​ 2喀什·疏勒,https://m.weibo.cn/detail/4521638315643015
嘻嘻迪/表情包/可爱梗,post,4,粉丝点评/记忆表达明确,badada爱我,迪丽热巴超话康康我沙雕的小姐妹，流苏毛裤也想得出，哈哈哈哈，笑死我了 ​,https://m.weibo.cn/detail/4455696731349709
嘻嘻迪/表情包/可爱梗,post,4,粉丝点评/记忆表达明确,我的小迪公举,#电视剧烈火如歌# 之前看过一篇小说，是这么形容长的好看的人。从前女娲造人刚开始是捏的，后来捏累了是直接用藤鞭甩出来的。哈哈哈，难怪我长的不咋样，原来我是女娲甩出来的( ｰ̀εｰ́ )我家热巴应该是捏出来的，而且是捏上个三天三夜精心的捏出来的，所以才那么美最后这个动图的小眼神好可爱啊，爱你，么么哒～(^з^)-☆@Dear-迪丽热巴,https://m.weibo.cn/detail/4223555547375639
生日生贺与小小迪陪伴记忆,comment,4,粉丝点评/记忆表达明确,披萨快乐包,#迪丽热巴0603生日快乐# 迪迪生日快乐～❤️❤️❤️,https://m.weibo.cn/detail/5173240034232656
生日生贺与小小迪陪伴记忆,comment,4,粉丝点评/记忆表达明确,皮卡的蓝胖子,#迪丽热巴0603生日快乐# 迪迪生日快乐～❤️❤️❤️,https://m.weibo.cn/detail/5173240034232656
嘻嘻迪/表情包/可爱梗,comment,4,粉丝点评/记忆表达明确,碎碎念的一只喵吖,哈哈哈哈穿着贺思慕的衣服说自己是聂九罗的可爱宝宝#迪丽热巴白日提灯# #迪丽热巴贺思慕#,https://m.weibo.cn/detail/5283679241769049
白日提灯贺思慕/女鬼鬼王记忆,post,3,粉丝点评/记忆表达明确,迪宝甜崽,#白日提灯# 我的评分： #白日提灯观后感# 万灵之主贺思慕行事有分寸，处世有底线，温柔强大不言自威#迪丽热巴##贺思慕#,https://m.weibo.cn/detail/5283164035483508
红毯神图与高定封神造型,post,3,粉丝点评/记忆表达明确,别勾叫了行吗,#迪丽热巴和素人合影#4月底南京迪奥活动中，迪丽热巴雨中撑伞生图封神，更因主动与粉丝搓手取暖、谦逊让C位等暖心互动引爆热搜。,https://m.weibo.cn/detail/5293742374260284
演员成长与角色群像评价,post,3,粉丝点评/记忆表达明确,D巴次心动,#迪丽热巴千字长文告别白日提灯#迪丽热巴热巴真的有在好好对待每一个角色，也有好好对待自己作为演员这个身份，我会一直支持你的@Dear-迪丽热巴 ，爱丽丝一直在你身边,https://m.weibo.cn/detail/5291031895737568
爱丽丝与热巴的双向奔赴,post,3,粉丝点评/记忆表达明确,云隙撞碎光,#迪丽热巴补偿去巴黎的粉丝#迪丽热巴因中东冲突致迪拜中转航班停飞，遗憾缺席巴黎时装周，全球奔赴的爱丽丝空等一场，双向奔赴落得满心遗憾。她并未因不可抗力免责，反而心疼粉丝远赴重洋的付出，4月通过后援会核实信息启动专属补偿。这份不推诿、记挂粉丝心意的举动，打破艺人与粉丝的距离感，用真诚 ...全文,https://m.weibo.cn/detail/5286962238063035
白日提灯贺思慕/女鬼鬼王记忆,post,3,粉丝点评/记忆表达明确,大风-77,#陈飞宇新剧骗不了迪丽热巴的原因# 我真服了，这部剧宣发在哪里啊！？？，第八集后段胥杀疯，人设立起来了，贺思慕有了触感以后，灵动可爱，多好看啊，没热搜词条！！宣发好像不存在，这剧抖音红薯都在夸，就跟不上宣传，野蛮生长！！纯靠爱丽丝呢😓,https://m.weibo.cn/detail/5282893393297480
迪拜报平安/守护型记忆,post,3,粉丝点评/记忆表达明确,初识阿楚,迪丽热巴平安回国！粉丝从凌晨等到落地，全场大喊“欢迎回家”，这一幕真的破防了！光看视频我就是要哭的程度，更别说当时在现场的爱丽丝们了 #迪丽热巴已安全回国# 初识阿楚的微博视频,https://m.weibo.cn/detail/5273175147680574
爱丽丝与热巴的双向奔赴,post,3,粉丝点评/记忆表达明确,多抓,#迪丽热巴补偿去巴黎的粉丝# 危难滞留缺席时装周，暖心赠礼回馈粉丝，双向奔赴格外治愈 迪丽热巴补偿去巴黎的粉丝,https://m.weibo.cn/detail/5287016716832773
爱丽丝与热巴的双向奔赴,post,3,粉丝点评/记忆表达明确,passby经过,#迪丽热巴补偿去巴黎的粉丝#双向奔赴的爱,https://m.weibo.cn/detail/5286979625290680
爱丽丝与热巴的双向奔赴,post,3,粉丝点评/记忆表达明确,骨上瘾,#迪丽热巴补偿去巴黎的粉丝# 哇塞 迪丽热巴也太好了吧 人这么漂亮 粉丝不再是单向付出 而是双向奔赴 这样粉丝真的要爱她一辈子了,https://m.weibo.cn/detail/5286961260789983
爱丽丝与热巴的双向奔赴,post,3,粉丝点评/记忆表达明确,软萌的两小只_,#迪丽热巴补偿去巴黎的粉丝# 小迪怎么可以这么好 好温柔 好宠粉 也算是粉丝和正主的双向奔赴了 你为我们演绎百态人生，绽放万丈光芒； 我们为你守护岁岁年年，奔赴一路晴朗。 你为我们传递温柔力量，初心一如既往； 我们为你抵挡世间纷扰，护你自在坦荡。,https://m.weibo.cn/detail/5286956760043309
白日提灯贺思慕/女鬼鬼王记忆,post,3,粉丝点评/记忆表达明确,星冰乐kiki,#迪丽热巴眼神转换好牛# 女导演和女编剧的感情戏和镜头语言到底做到有多细腻？《白日提灯》（迪丽热巴陈飞宇）前11集的这三处细节给出了完美答案！它用实力证明：好的心动从不用台词喊，好的人物从不用标签堆……喜欢贺思慕的这段台词： “何为天经地义，姜艾贪财，晏柯恋权，关淮贪生，你名利萦心渴求 ...全文,https://m.weibo.cn/detail/5284074097737780
白日提灯贺思慕/女鬼鬼王记忆,post,3,粉丝点评/记忆表达明确,阳光可露丽,《白日提灯》：五感互通，是我今年看过最浪漫的设定 有人说《白日提灯》是“女强男弱”的又一次狂欢，可看完前几集，我发现它讲的根本不是谁强谁弱，而是两个残缺的人，如何在对方身上找回自己丢掉的那一块。 迪丽热巴饰演的鬼王贺思慕，活了四百年，却天生缺失五感——她看不见颜色，尝不出味道，闻 ...全文,https://m.weibo.cn/detail/5283019050978544
白日提灯贺思慕/女鬼鬼王记忆,post,3,粉丝点评/记忆表达明确,顺逆变化UDLG,#白日提灯# 见面会甜度拉满！迪丽热巴×陈飞宇名场面不断，戴脸链、做糖画、还原台词，贺思慕段胥线下同框狠狠嗑到！ #迪丽热巴##陈飞宇##白日提灯微博追剧团##陈飞宇为迪丽热巴戴脸链# 顺逆变化UDLG的微博视频,https://m.weibo.cn/detail/5282983160578295
白日提灯贺思慕/女鬼鬼王记忆,post,3,粉丝点评/记忆表达明确,派大星的小玥亮,#白日提灯# 我的评分： #白日提灯观后感#真的很好看，整部剧的美学呈现真的很令我惊讶，红衣造型的鬼王造型清冷又惊艳，幽冥与人间的场景对比鲜明，提灯亮起时的柔光，既温暖又带着淡淡的忧伤。而演员们的演绎更是赋予角色灵魂，迪丽热巴将贺思慕从懵懂孤寂到深情温柔的 ...全文,https://m.weibo.cn/detail/5287218785553319
爱丽丝与热巴的双向奔赴,post,3,粉丝点评/记忆表达明确,十荔派,#迪丽热巴补偿去巴黎的粉丝# 迪丽热巴和爱丽丝永远都是双向奔赴 热爱🔒,https://m.weibo.cn/detail/5287005386709620
爱丽丝与热巴的双向奔赴,post,3,粉丝点评/记忆表达明确,真服了别管,#迪丽热巴走出来第一秒是望向粉丝# 这就是双向奔赴，嘿嘿,https://m.weibo.cn/detail/5287005371243500
白日提灯贺思慕/女鬼鬼王记忆,post,3,粉丝点评/记忆表达明确,是甜甜的迪迪子,#迪丽热巴补偿去巴黎的粉丝# 双向奔赴的爱真好磕❤️ #迪丽热巴白日提灯# dlrb #迪丽热巴贺思慕#,https://m.weibo.cn/detail/5287003101860705
白日提灯贺思慕/女鬼鬼王记忆,post,3,粉丝点评/记忆表达明确,惊醒了孤,#我做的白日提灯二创上大屏了#太激动啦！为迪丽热巴饰演的贺思慕创作的角色曲《万灵之主》登上追剧团大屏，歌声与角色同频，这份双向奔赴太圆满啦！追剧综的李二狗的微博视频,https://m.weibo.cn/detail/5282886317509476
乔晶晶与《你是我的荣耀》入坑记忆,post,3,粉丝点评/记忆表达明确,柠檬茶杏子,"#上次忘不了的还是于途和乔晶晶#该剧航天工程师×女明星的设定打破传统偶像剧套路，两人势均力敌的平等关系引发广泛共鸣。杨洋与迪丽热巴因高度契合的角色演绎被封为""天选组合""，剧中双向奔赴的克制情感和细节处理被观众誉为""现偶天花板""。博主以粉丝身份喊话期待演员再次合作现代偶像剧。",https://m.weibo.cn/detail/5282110724378838
乔晶晶与《你是我的荣耀》入坑记忆,post,3,粉丝点评/记忆表达明确,搞笑的赶脚,迪丽热巴#迪丽热巴吃个彩虹##迪丽热巴乔晶晶# 她很真实，大大咧咧，不过她又很宠粉，好爱好爱,https://m.weibo.cn/detail/4544756406034626
乔晶晶与《你是我的荣耀》入坑记忆,post,3,粉丝点评/记忆表达明确,去你去看晚霞,#迪丽热巴乔晶晶# #迪丽热巴李长歌# 昨天姐姐的自拍看到了吗？姐姐真的太宠粉了，啾咪小可爱，啾咪小可爱@Dear-迪丽热巴,https://m.weibo.cn/detail/4541374555234337
白日提灯贺思慕/女鬼鬼王记忆,post,3,粉丝点评/记忆表达明确,青椒部落,#入坑迪丽热巴陈飞宇新剧##白日提灯倍速不了一点#《白日提灯》根本没法倍速！迪丽热巴演的贺思慕外冷内萌，陈飞宇的段胥又苏又会撩，宿命感拉满，权谋戏也超带感，每一秒都不能错过！ ​,https://m.weibo.cn/detail/5282098694850349
白日提灯贺思慕/女鬼鬼王记忆,post,3,粉丝点评/记忆表达明确,今视频长天新闻,【哪部剧让你忍不住想二刷？】是某个深夜意犹未尽、反刍再三的心动瞬间？还是那些藏于细节的伏笔，非得重头再看方能读懂其中深意？一刷入坑，二刷入魂，每一次重温都是与旧友的重逢。评论区交出那部让你心甘情愿按下播放键的剧名，一起聊聊那些越品越上头的名场面。《月鳞绮纪》@鞠婧祎 @曾舜晞Joseph @陈都灵 @田嘉瑞6 《白日提灯》@Dear-迪丽热巴 @陈飞宇Arthur 《八千里路云和月》@王阳0313 @万茜 @黄澄澄 《危险关系》@tur,https://m.weibo.cn/detail/5285414677776764
高雯名场面与早期出圈,post,3,粉丝点评/记忆表达明确,小鸡腿是我男神,与她们相遇的瞬间 与她们相遇的瞬间高雯 我的点评：[苹果][苹果][苹果][苹果][苹果]高雯入坑迪丽热巴 ​,https://m.weibo.cn/detail/5284800630101279
白日提灯贺思慕/女鬼鬼王记忆,post,3,粉丝点评/记忆表达明确,漏漏的二师兄,#迪丽热巴陈飞宇白日提灯热度涨幅#可控的东西都是浮云，无所谓，不影响迪丽热巴打破洗脑包，不影响她吸高质量剧粉，白日提灯剧情越来越高能，现在入坑可以爽看十几二十集咯 ​,https://m.weibo.cn/detail/5284338352259368
演员成长与角色群像评价,post,3,粉丝点评/记忆表达明确,小年糕饼干,#迪丽热巴演技#话不多说，看剧绝对入坑 ​,https://m.weibo.cn/detail/5281927699370928
跑男时期综艺名场面,post,3,粉丝点评/记忆表达明确,别动小獭的毛毯_,#迪丽热巴跑男只录了12天#我记得我当时特别喜欢看有迪丽热巴的那几期，真的是童年回忆了 ​,https://m.weibo.cn/detail/5292089421595813
跑男时期综艺名场面,post,3,粉丝点评/记忆表达明确,会说话的土豆是西红柿,#迪丽热巴跑男只录了12天#居然只有12天吗？但是感觉好久的样子，天哪，满满都是回忆啊，当初最爱看的就是跑男了 ​,https://m.weibo.cn/detail/5292043448618415
跑男时期综艺名场面,post,3,粉丝点评/记忆表达明确,痛肢,#迪丽热巴跑男只录了12天#原来热巴当年在跑男只录了12天，却承包了好多人的青春回忆，原来好的镜头真的能记很久啊 L痛肢的微博视频 ​,https://m.weibo.cn/detail/5292033762662568
跑男时期综艺名场面,post,3,粉丝点评/记忆表达明确,巴次元,迪丽热巴超话#迪丽热巴跑男只录了12天#我巴只用12天，就成了一代人的回忆 ​,https://m.weibo.cn/detail/5292016646753656
白日提灯贺思慕/女鬼鬼王记忆,post,3,粉丝点评/记忆表达明确,昪日弁vvvvv,我修的smell 很感慨 看到这么多鲜活小回忆。#迪丽热巴贺思慕# ​,https://m.weibo.cn/detail/5291066870989126
红毯神图与高定封神造型,post,3,粉丝点评/记忆表达明确,游乐追星海,迪丽热巴哪哪都挺好的，但独独有一点，挺让人看不懂的，那就是她的造型总是一言难尽。这礼服衣服虽然挺有记忆点，但设计比例实在有点奇怪，蝴蝶结的位置太尴尬了，不仅把腰线拉低了，还显得胖。还有她的头发，明明盘起来的时候很好看，现在放下来感觉，发根没夹好，下面的卷也有点乱，不清爽。要不是迪丽热巴的颜值，这造型谁能撑起来啊？#微博二创视频创作季# L游乐追星海的微博视频,https://m.weibo.cn/detail/5292781855572874
跑男时期综艺名场面,post,3,粉丝点评/记忆表达明确,悠悠拾光紀,#迪丽热巴跑男只录了12天#OMG才录了12天吗!记忆中很多神级镜头，吃辣椒酱，水池大战，指压板上吃面包等等印象超深刻。力气大、活泼漂亮、玩得起没有偶像包袱、性格讨人喜欢，非常出圈。带给我很多欢乐，特别喜欢迪丽热巴。 ​,https://m.weibo.cn/detail/5292061051323437
跑男时期综艺名场面,post,3,粉丝点评/记忆表达明确,极少日记,#迪丽热巴跑男只录了12天#：12天的录制成为现象级记忆点，既是迪丽热巴观众缘与综艺感的印证，也折射出早期综艺制作的放大效应。观众怀念的不仅是经典画面，更是她毫无保留的真诚投入 ​,https://m.weibo.cn/detail/5292009411578648
跑男时期综艺名场面,post,3,粉丝点评/记忆表达明确,椰椰玛祁朵,#迪丽热巴跑男只录了12天#录制时长与背景迪丽热巴作为《奔跑吧》第五季（2017年）常驻嘉宾，整季12期内容实际拍摄仅耗时12个工作日，却支撑了近3个月的播出周期。该季是节目更名为《奔跑吧》的首季，她因活泼表现被称为“跑男迪”“甜热热”，成为观众记忆中的高光角色。 热议契机2026年4月下旬，这一旧闻被重新挖掘并登上热搜，许多网友表示难以置信，原以为她参与了整季长期录制。,https://m.weibo.cn/detail/5292002398438101
跑男时期综艺名场面,post,3,粉丝点评/记忆表达明确,Dear_万人迷,#迪丽热巴跑男只录了12天#原来只录了十二天吗 吸粉无数的热甜甜 ​当时真的记忆深刻啊 ​天生红人命 ​​​创造了很多名场面 ​​​,https://m.weibo.cn/detail/5292002015972402
白日提灯贺思慕/女鬼鬼王记忆,post,3,粉丝点评/记忆表达明确,巴分糖63,迪丽热巴超话 姐姐鲨我，梦回火狼女#迪丽热巴贺思慕蝉联角色热度冠军# ​,https://m.weibo.cn/detail/5290489965184225
李长歌与《长歌行》角色记忆,post,3,粉丝点评/记忆表达明确,每天热爱巴巴,梦回李长歌迪丽热巴超话 ​,https://m.weibo.cn/detail/5289212643640634
白日提灯贺思慕/女鬼鬼王记忆,post,3,粉丝点评/记忆表达明确,badada热可可,真的梦回#迪丽热巴贺思慕# ​,https://m.weibo.cn/detail/5286536716749089
生日生贺与小小迪陪伴记忆,post,3,粉丝点评/记忆表达明确,蒸鱼Joon,迪丽热巴超话#迪丽热巴0603生日快乐# 考古一波旧照（自修）也许有你没见过的，晚安 ​,https://m.weibo.cn/detail/5293912974429955
花少/你好星期六等综艺片刻,post,3,粉丝点评/记忆表达明确,wyl_砚凝,迪丽热巴超话 回看之后，才更加深爱迪丽热巴重新回看迪丽热巴参加的所有综艺，从《花儿与少年》到《开始推理吧》第二季、第三季，一路完整看完，心里只剩下满满的偏爱，也越发喜欢这个温柔又强大的女孩。初看《花儿与少年》时，只觉得她温柔懂事。旅途之中，她内敛低调，心思细腻，习惯顾及身边所有人，从不争抢镜头，总是默默体贴同伴，小心翼翼又柔软善良。那时的她带着一丝拘谨，习惯收敛自己，把温柔留给身边的人，在慢节奏的旅行里慢慢被治愈，也慢慢舒展自己。那时,https://m.weibo.cn/detail/5289715272254403
红毯神图与高定封神造型,post,3,粉丝点评/记忆表达明确,第周巴见面_,迪丽热巴超话 忆当年我夺山河！@Dear-迪丽热巴 #迪丽热巴邓为迪奥生图##迪丽热巴金刚发型# ​,https://m.weibo.cn/detail/5293195699160124
嘻嘻迪/表情包/可爱梗,post,3,粉丝点评/记忆表达明确,你就是我光束中的一夜黑啊,#33岁迪丽热巴状态# 想起之前跟很多巴粉都玩过她“优雅知性”的梗，看看现在的她我觉得我真得道歉，说十年后会成为一个优雅知性的女子现在你真的做到了，是我当年有眼无珠了 ​,https://m.weibo.cn/detail/5292826603820967
跑男时期综艺名场面,post,3,粉丝点评/记忆表达明确,-日记的第九页k,#迪丽热巴跑男只录了12天#颠覆认知，原来迪丽热巴当年加盟跑男只录了12天，行程紧凑却表现亮眼，温柔又有活力，颜值实力双在线，每一期都让人印象深刻，难怪大家一直反复怀念 ​,https://m.weibo.cn/detail/5292214045378155
红毯神图与高定封神造型,post,3,粉丝点评/记忆表达明确,釜山06錵,#迪丽热巴跑男只录了12天#你知道的我当年特爱看热巴那一季 现在还记得热巴当时下车走红毯的画面 ​,https://m.weibo.cn/detail/5292090837958958
跑男时期综艺名场面,post,3,粉丝点评/记忆表达明确,无欲无求随便活着,#迪丽热巴跑男只录了12天#当年没弃跑男的时候迪丽热巴那季我看了。不做作，能放下包袱又很拼，其实挺全力以赴拼搏不轻言放弃精神的跑男精神（现在…算了吧）。不过发现没，越是这样的人这节目越留不住，因为他们不懂“变通”，以为无愧于心就够了。不过为什么会重提这个？ ​,https://m.weibo.cn/detail/5292084678099083
跑男时期综艺名场面,post,3,粉丝点评/记忆表达明确,美萌egg,#迪丽热巴跑男只录了12天#真的假的这么短时间，那当年嗑的陆地前后只相处了12天是吗 ​,https://m.weibo.cn/detail/5292028146750147
演员成长与角色群像评价,post,3,粉丝点评/记忆表达明确,雪薄灰烬,#开推4迪丽热巴退出丁程鑫加入#二、争议焦点与观众分歧节目组承诺落差：2月8日发布会宣称“赫丽摸金宇（原六人组）全员回归”，但次日网传名单曝光变动，被质疑宣传诚信。部分观众认为迪丽热巴档期理由存疑（《白日提灯》2025年已杀青）。观众反馈两极分化：担忧方：认为迪丽热巴缺席削弱情感维度，金靖独挑女性角色压力大；部分老粉质疑“流量取代实力”，担忧推理严谨性下降。支持方：丁程鑫的年轻活力可为节目注入新鲜感，其推理天赋（如狼人杀游戏MVP表现）,https://m.weibo.cn/detail/5279940566322457
演员成长与角色群像评价,post,3,粉丝点评/记忆表达明确,隔着星星想你,#迪丽热巴迎来了属于自己的玲姐#老粉已内牛满面 这位“玲姐”一定要保护好我家巴巴！ ​,https://m.weibo.cn/detail/5279028253563193
迪拜报平安/守护型记忆,post,3,粉丝点评/记忆表达明确,ZS--DD88,迪丽热巴超话 致亲爱的巴巴：我是你八年多的老粉了！我几乎很少发帖，但现在我请你一定要平安回来！我们不去时装周了，我不在乎妆造，我什么都不在乎，我只在乎你的安全！你一个人在那里，听着爆炸声，肯定很无助害怕，不要怕姐姐，好好照顾自己！ 平安归来！！！姐姐快快发个微博报平安吧！！！@Dear-迪丽热巴,https://m.weibo.cn/detail/5272551014271129
行走的油画/神女美貌出圈,post,3,粉丝点评/记忆表达明确,雾蝶望轩vin,☑️四月产出总结▷娜扎爱豆🎤微博正文学姐🏫微博正文梦一场💤微博正文百合🟣微博正文▷宋轶相思泪💧微博正文垂耳兔🐰微博正文萌新主公🌸微博正文阴雨季🌧️微博正文▷周也公主👸🏻微博正文夏晓兰⏰微博正文青绿🖼️微博正文👓微博正文红黑⚫微博正文▷闫桉雪落❄️微博正文战🗡️微博正文化蝶🦋微博正文神⬜微博正文贵公子👑微博正文▷周深童话🍄微博正文粉🌷微博正文春日来信📨微博正文陈旧的书📚微博正文▷李兰迪花开🌺微博正文旷野行🌵微博正文贵女⬛微博正文▷张婧仪向,https://m.weibo.cn/detail/5293513962426329
高雯名场面与早期出圈,post,3,粉丝点评/记忆表达明确,是澜云酱呀,迪丽热巴跑男只录了12天，就留下了万万粉丝心中的白月光跑男迪，美丽转圈圈，迪丽热血，此女的魅力简直超乎众人想象请谨记，迪丽热巴不是上了跑男才火的，而是火了之后才上的跑男，高雯凤九哪个不出圈 ​,https://m.weibo.cn/detail/5292035432518272
爱丽丝与热巴的双向奔赴,post,3,粉丝点评/记忆表达明确,单车小朋,#迪丽热巴在还63张自拍的债了#在这个明星随口画饼、营业全靠敷衍的内娱，迪丽热巴用一场“分期付款式”的自拍还债，诠释了偶像和粉丝之间最美好的双向奔赴。当初只是探班现场一个粉丝互动的小约定，没有任何合约约束，也没有强制要求，可她偏偏记在了心里，哪怕新剧开播、行程繁忙，也依旧分批兑现承诺，认认真真对待粉丝的每一个小期待。熟悉她的人都知道，这不是她第一次这么宠粉。早年间她就有过一次性发布百张自拍的宠粉名场面，如今63张CCD自拍的约定，更是让,https://m.weibo.cn/detail/5294035277185302
红毯神图与高定封神造型,post,3,粉丝点评/记忆表达明确,职场王怼怼,#迪丽热巴邓为迪奥生图# 迪丽热巴蓝调礼裙撑伞名场面，原相机直出也美到发光！邓为金发贵气感拉满，同框颜值暴击💥#迪丽热巴迪奥南京活动人气##时尚灵感解读# L影视剧未央的微博视频 ​,https://m.weibo.cn/detail/5292712190552120
跑男时期综艺名场面,post,3,粉丝点评/记忆表达明确,呆汪萨团o,#迪丽热巴跑男只录了12天#名场面至今被反复重温 ​,https://m.weibo.cn/detail/5292221582806559
跑男时期综艺名场面,post,3,粉丝点评/记忆表达明确,第壹萬小時,#迪丽热巴跑男只录了12天#迪丽热巴作为常驻嘉宾加盟2017年《奔跑吧》第五季，实际拍摄仅12个工作日（分散在2月至4月），却通过剪辑支撑起整季12期、跨度近3个月的播出内容。其录制地点覆盖上海、杭州、大连等多地，包含转圈舞、泥潭挑战等经典名场面。 ​,https://m.weibo.cn/detail/5292117834334289
嘻嘻迪/表情包/可爱梗,post,3,粉丝点评/记忆表达明确,雨巷听箫,#迪丽热巴跑男只录了12天#这么好的热巴，就录了这么短时间，真的没看够啊！要是能多录一阵子，肯定能留下超多可爱名场面的！ ​,https://m.weibo.cn/detail/5292095554192166
嘻嘻迪/表情包/可爱梗,post,3,粉丝点评/记忆表达明确,遇渝栖于栩,𝐒𝐡𝐚𝐫𝐞｜古早漫画风壁纸.ᐟ.ᐟ‪ᯅ̈ ｜ ins风壁纸 ｜女生头像丨电视剧电视📺丨搞笑综艺丨喜人奇妙夜丨喜人丨爆梗日常搞笑《打工人的怨气》⭐💐🫧𝗪𝗲𝗖𝗵𝗮𝘁 𝙒𝙚𝘾𝙝𝙖𝙩｜小猫头像头像分享| 卡通头像| 可爱头像 | 审美积累｜可爱｜萌宠｜ipad壁纸｜手机壁纸｜ins｜高清｜无水印｜好运｜搞怪｜毛茸茸｜奇奇怪怪｜头像推荐｜清新｜淡淡的｜高能量｜韩系｜高级感｜双人头像｜ipad壁纸张子枫｜周也｜鞠婧祎｜张婧仪｜欧阳娜娜｜文淇｜陈都灵,https://m.weibo.cn/detail/5293780557365647
嘻嘻迪/表情包/可爱梗,post,3,粉丝点评/记忆表达明确,1颗外星人,你们都是玩梗，只有我是天天跟我妈吵得鸡飞狗跳（因为我不想按她的安排去相亲联姻，门当户对有什么意思啊，我真是不懂了）然后我爸就假装要停我副卡（没真停，转头偷偷给我转了200w让我自己玩）我直接拎着刚买的限量款包揣着刚抽的演唱会门票溜了，笑死，他们还一直派人找我（我家司机大叔，找到我先塞了顿火锅，嘴上骂我任性转头帮我瞒行程）这些年身边追我的人能从市中心排到海边，除了她@Dear-迪丽热巴 （我媳妇 老子不想跪榴莲）,https://m.weibo.cn/detail/5292436944849846
嘻嘻迪/表情包/可爱梗,post,3,粉丝点评/记忆表达明确,_PeaceFuL-JoY_,周小闹团播系列第九集：团播，会遇到怎么样的奇葩粉丝Wechat｜现在就出发搞笑片段｜经典综艺片段｜气质干净𝐢𝐧𝐬女头 ｜女生头像｜小众头像｜气质头像｜温柔女头｜甜美头像｜韩系女头｜颜值头像 壁纸分享/Wechat背景图/背景图/聊天背景图/壁纸套图/iPhone壁纸/审美积累/手机壁纸/高清/风景/小众 /自喜/猜你喜欢/头像/风景/壁纸/头像 杨幂 刘诗诗 唐嫣 赵丽颖 赵今麦 孙千 周雨彤 张婧仪 周也 范冰冰 谭松韵 关晓彤 景甜,https://m.weibo.cn/detail/5291919263662700
嘻嘻迪/表情包/可爱梗,post,3,粉丝点评/记忆表达明确,有事就闭嘴_,ฅʕ•̫͡•ʔฅ¨̮ ᴴᴬᵛᴱ ᴬ ᴳᴼᴼᴰ ᵀᴵᴹᴱ🚚..........ᴅᴜᴅᴜ！精致女生头像|闺蜜女头｜氛围感女头|精选头像 | 双人女头｜双人头像 ｜高级头像 ｜头像分享玫色蓝色系粉色系黑白色系黄色系红色系橙色系绿色系紫色系棕色咖色灰色冷色调暖色调渐变可爱高级感高质量氛围感ins风无水印 ins风 𝙒𝙚𝘾𝙝𝙖𝙩｜女头分享💫女生头像 分享清纯 女头精选 温柔干净 高质量无水印 氛围感女头 情侣头像 单人情头 超甜情头 头像WeCh,https://m.weibo.cn/detail/5291735194537366
嘻嘻迪/表情包/可爱梗,post,3,粉丝点评/记忆表达明确,朝朝满地爬,𝙒𝙚𝘾𝙝𝙖𝙩背景图 𝙞𝙣𝙨风 背景图推荐奶龙表情包 奶龙可爱❤️🧡💛💚💙💜🤎🖤🤍杨幂 刘诗诗 唐嫣 赵丽颖 赵今麦 孙千 周雨彤 张婧仪 周也 范冰冰 谭松韵 关晓彤 景甜 李沁 甜玉米江疏影 秦岚 宋祖儿 陈都灵 张子枫 古力娜扎卢昱晓 戚薇 毛晓彤 李庚希 向涵之 张小斐 周冬雨 迪丽热巴 陈瑶 吴谨言 蓝盈莹 李一桐 孟子义 彭小苒 祝绪丹 张予曦 金晨 蔡文静𝙒𝙚𝘾𝙝𝙖𝙩头像丨头像分享丨可爱头像丨可爱玩偶头像丨可爱 𝙬𝙖𝙡𝙡𝙥𝙖,https://m.weibo.cn/detail/5290054985712945
嘻嘻迪/表情包/可爱梗,post,3,粉丝点评/记忆表达明确,今天也很耶yeah,迪丽热巴超话 谁有这个系列的表情包，真的好可爱 ​,https://m.weibo.cn/detail/5284056910791640
白日提灯贺思慕/女鬼鬼王记忆,post,3,粉丝点评/记忆表达明确,巴分糖我爱,超前点映 看完了白日提灯大结局 好感动这是我看过最好看的古装剧！开播第一天到现在 白日提灯温暖了我治愈了我热巴的演技和台词真的太厉害了！也很感谢我们热巴把万灵之主贺思慕诠释得这么好这么到位这么动人我怎么没有早点发现这个宝贝呢 我总在想 这个女孩儿到底是怎么把每一件事都能够完成得这么完美 我也总在想 这个女孩儿为什么一路走来历经风雨 却依旧努力 坚韧 温柔 善良又美好 我想 这应该也是她能走到今天的原因吧我很荣幸入坑，我想，哪怕有一天我不,https://m.weibo.cn/detail/5288151766796158
枭起青壤/聂九罗表演突破,post,3,粉丝点评/记忆表达明确,我本不听道理,迪丽热巴超话#迪丽热巴聂九罗# dlrb #迪丽热巴枭起青壤#“永远喜欢她那种不服输敢于尝试的勇气”@Dear-迪丽热巴 ​,https://m.weibo.cn/detail/5294605777766331
嘻嘻迪/表情包/可爱梗,post,3,粉丝点评/记忆表达明确,Forever08261,𝐇𝐢𝐝𝐞｜憨豆先生｜第三集萌宠头像｜治愈系头像头像安利｜卡通手绘｜软萌头像｜审美封神｜可爱爆棚｜毛茸茸萌物｜平板全屏壁纸｜手机超清壁纸｜小红书热榜｜无水印原图｜转运好运｜搞怪趣味｜小众独特｜清新温柔｜氛围感拉满｜韩系极简｜高级质感｜闺蜜双人头像｜横屏护眼壁纸 张子枫｜周也｜鞠婧祎｜张婧仪｜欧阳娜娜｜文淇｜陈都灵｜杨幂｜赵今麦｜卢昱晓｜白鹿｜刘亦菲｜Angelababy｜刘浩存｜李兰迪｜徐若晗｜杨超越｜田曦薇｜孟子义｜虞书欣｜迪丽热巴｜刘,https://m.weibo.cn/detail/5293349141741794
白日提灯贺思慕/女鬼鬼王记忆,post,3,粉丝点评/记忆表达明确,Eady迪,迪丽热巴超话#迪丽热巴贺思慕##白日提灯##向全世界安利迪丽热巴# 宝宝你萌 ​,https://m.weibo.cn/detail/5291994110231237
演员成长与角色群像评价,post,3,粉丝点评/记忆表达明确,易山洪的daily,想把这幅作品安利给所有人！点击年度创作-星粉展区，速来pick迪丽热巴星粉超话年度创作，助TA神速出圈！#超话大赏# ​,https://m.weibo.cn/detail/4974553929091111
红毯神图与高定封神造型,post,3,粉丝点评/记忆表达明确,abash_perturb,晚上跑车，顺道儿刷微博，好家伙，迪丽热巴和邓为的生图刷屏了，颜值真能打。邓为内场搞得跟粉丝见面会似的，人气高得离谱。我这老司机平时不追星，也忍不住多看两眼。想起前几天北京车展，人山人海，全是冲着新鲜玩意儿去的。这两年大家看腻了滤镜，想瞅点真实的。北京车展也是这理儿。以前光看外观漂不漂亮，现在咱老司机更看重实实在在的能耐。最让我眼前一亮的是荣威火山合作的家越AI原生汽车——听着科幻，但人家拿出了真本事。跑出租最怕续航虚标，天热开空调掉一半,https://m.weibo.cn/detail/5292770669101686
白凤九与三生三世情怀,post,3,粉丝点评/记忆表达明确,烟雨行舟89,#迪丽热巴造型 MixWei#迪丽热巴超话有热搜不安利难不成唠嗑嘛！“我这段人生，看似很短实则很长”——阿兰若相里阿兰若和白凤九拥有一样的脸但迪丽热巴演出了不一样的感觉和气质LDI-WARRIOR大院的微博视频 #迪丽热巴花儿与少年#dlrb#花儿与少年#｜迪丽热巴花儿与少年｜花儿与少年丝路季 @Dear-迪丽热巴,https://m.weibo.cn/detail/4973355883300279
李长歌与《长歌行》角色记忆,post,3,粉丝点评/记忆表达明确,JEN_XINYI,迪丽热巴超话#迪丽热巴李长歌# dlrb#迪丽热巴吃个彩虹# “那一年她穿着一身白裙，惊艳了我的一生，我从此踏上了追星之旅”@-小樱的存图库- 原图在这禁二改 用图标明 长按查看原图 ​,https://m.weibo.cn/detail/4545811532482156
乔晶晶与《你是我的荣耀》入坑记忆,post,3,粉丝点评/记忆表达明确,米兰下雨了吗,#迪丽热巴# dlrb#迪丽热巴乔晶晶# 我愿意一直这样 变成你爱的模样 像影子离不开光 从黑夜追随到天亮 你的方向 就是我飞跃的地方@Dear-迪丽热巴 L张斯涵zsh的微博视频 ​,https://m.weibo.cn/detail/4544376405234051
跑男时期综艺名场面,post,3,粉丝点评/记忆表达明确,_蚕子老师,你的财库里，藏着多少财富？原创文/蚕子老师蚕子老师您好！一直关注您的文章，对您分析精准眼光十分钦佩。我是一名正在经营生意的女性，非常享受创业的过程，也特别喜欢赚钱带来的成就感。我的八字是：甲辰、乙亥、丁卯、甲辰。想恳请老师为我详细剖析一下，我的财运根基如何？未来哪些年份是赚钱的黄金期？生意路上需要注意哪些关卡？感谢老师指点！【蚕子老师解答】坤造：甲辰 乙亥 丁卯 甲辰，起大运周岁：2岁 2个月 13天，2017年 1月 27日起己巳运(,https://m.weibo.cn/detail/5292209575822221
嘻嘻迪/表情包/可爱梗,post,3,粉丝点评/记忆表达明确,NGGDQ-执意,𝐇𝐢𝐝𝐞｜爱情公寓封神名场面｜吕子乔大战熊孩子｜吕子乔遇到人生大敌萌宠头像｜治愈系头像头像安利｜卡通手绘｜软萌头像｜审美封神｜可爱爆棚｜毛茸茸萌物｜平板全屏壁纸｜手机超清壁纸｜小红书热榜｜无水印原图｜转运好运｜搞怪趣味｜小众独特｜清新温柔｜氛围感拉满｜韩系极简｜高级质感｜闺蜜双人头像｜横屏护眼壁纸 张子枫｜周也｜鞠婧祎｜张婧仪｜欧阳娜娜｜文淇｜陈都灵｜杨幂｜赵今麦｜卢昱晓｜白鹿｜刘亦菲｜Angelababy｜刘浩存｜李兰迪｜徐若晗｜杨超,https://m.weibo.cn/detail/5288677070340259
白凤九与三生三世情怀,post,3,粉丝点评/记忆表达明确,高高高兴呐-见过热巴版,迪丽热巴超话#迪丽热巴饰演的角色个个出圈#2013 阿娜尔罕《阿娜尔罕》：坚韧倔强、敢爱敢恨的南疆少女。 2014 芙蕖《古剑奇谭》：温柔善良、重情重义的小师妹。 吴安珀《微时代》：娇俏直率、敢爱敢恨的富家千金。 江离《逆光之恋》：骄纵任性却内心单纯的富家女。 倾城《美人制造》：美艳痴情、为爱执着的女子。 骊姬《风中奇缘》：美艳灵动、异域风情的舞姬。 2015 高雯《克拉恋人》：傲娇毒舌、内心单纯可爱的当红女星。 楼兰公主《班淑传奇》,https://m.weibo.cn/detail/5286845030338136
嘻嘻迪/表情包/可爱梗,post,3,粉丝点评/记忆表达明确,睡觉时不困-0_0-,𝐇𝐢𝐝𝐞｜电视剧爱情公寓名场面｜大逃亡｜请务必清醒的救自己于水火之中萌宠头像｜治愈系头像头像安利｜卡通手绘｜软萌头像｜审美封神｜可爱爆棚｜毛茸茸萌物｜平板全屏壁纸｜手机超清壁纸｜微博热榜｜无水印原图｜转运好运｜搞怪趣味｜小众独特｜清新温柔｜氛围感拉满｜韩系极简｜高级质感｜闺蜜双人头像｜横屏护眼壁纸 张子枫｜周也｜鞠婧祎｜张婧仪｜欧阳娜娜｜文淇｜陈都灵｜杨幂｜赵今麦｜卢昱晓｜白鹿｜刘亦菲｜Angelababy｜刘浩存｜李兰迪｜徐若晗｜杨超,https://m.weibo.cn/detail/5286808112071072
白日提灯贺思慕/女鬼鬼王记忆,post,3,粉丝点评/记忆表达明确,茶色眸O_o,迪丽热巴所有红毯合集 #迪丽热巴 2024一场红毯还没走 所有人都在想念这个女人的红毯哈哈哈哈哈哈 #白日提灯 #贺思慕 L晨曦徽光的微博视频 ​,https://m.weibo.cn/detail/5283505031610953
演员成长与角色群像评价,post,3,粉丝点评/记忆表达明确,爱吃热巴,迪丽热巴超话可她一开始就是靠演技出圈的 央视出道 科班出身 怎么就演技差了 为什么要因为她漂亮脸就要否定她的演技 2022全球最佳女演员提名 并且是唯一入围的中国女艺人 在此只有成龙前辈获得这个奖项 可是高雯一角色圈粉800万 白凤九一角色圈粉1000万 她本来就是靠演技出圈的 可是到后来却说她没演技,https://m.weibo.cn/detail/4952546059229250
乔晶晶与《你是我的荣耀》入坑记忆,post,3,粉丝点评/记忆表达明确,十一rb-,迪丽热巴超话内娱第一位37亿广告女王《与君》打破优酷热度破万记录被誉为“春日第一爆”的剧获得腾讯视频星光大赏“Vip之星”2021煮娱指数剧综人气榜十月份最受欢迎电视剧top20我家一共占5部成为唯一一个入围“亚洲之心”奖项的中国人获得泰国WeTv2021最佳女演员成为2022年年度最具影响力女演员和年度最受欢迎华语女演员连续4年登顶女演员人气榜登上白玉兰灯光秀第一位女星《漂亮的李慧珍》2017年全国首部收视率破2的黑马剧2022年新,https://m.weibo.cn/detail/4934680568928681
乔晶晶与《你是我的荣耀》入坑记忆,post,3,粉丝点评/记忆表达明确,我要巴分甜辣,我爱上32个人第一个，2013年5月7日，她叫阿娜尔罕第二个，2014年7月2日，她叫芙蕖第三个，2014年7月21日，她叫吴安珀第四个，2014年9月7日，她叫倾城第五个，2014年10月1日，她叫骊姬第六个，2015年2月2日，她叫江离第七个，2015年7月22日，她叫高耍第八个，2015年10月6日，她叫楼兰公主第九个，2015年12月3日，她叫赫美丽第十个，2016年3月10日，她叫宋子涵第十一个，2016年6月20日，她叫苏溢,https://m.weibo.cn/detail/5265897537147367
演员成长与角色群像评价,post,3,粉丝点评/记忆表达明确,糖心楠楠,#杨紫迪丽热巴今日开屏#迪丽热巴五奢，年年爆剧爆角色，有颜值有演技的好演员。1.3部上星破1剧90最多，年冠2部+年亚2部+年季2部，一番集均破亿8部+破2亿2部+破3亿1部。2.网剧100%年冠，电影100%破亿。3.小金书2020年所有剧播放量年冠腾讯拉新年冠，荣耀2021网剧年冠拉新前三，与君2022优酷年冠拉新破优酷4年记录。L溪宁不是西宁的微博视频,https://m.weibo.cn/detail/4930257587276118
演员成长与角色群像评价,post,3,粉丝点评/记忆表达明确,金陵有桐豆,郭晓婷的长相在娱乐圈非常具有辨识度，虽是童星出身，却不是一张软萌幼态脸，整个人的气质都变得清冷硬朗起来。细看之下，她的面部线条偏硬朗，尤其侧脸的鼻基底和眉骨高度，下颌线清晰利落，自带清冷疏离感，又英气勃勃。所以演的了《与君初相识》里的顺德仙姬/宁悉语、《苍兰诀》里的战神赤地女子，均是白月光类的角色，美丽、清冷、遥远、有故事感。而她的眼睛也非常特别，眼裂开阔，眼尾上扬，眉峰明显，抬眉时气场强，落眉时显温柔。非常适合古装里清丽脱俗的女子，现,https://m.weibo.cn/detail/5271249689511832
生日生贺与小小迪陪伴记忆,post,3,粉丝点评/记忆表达明确,青孩儿,#迪丽热巴去了沙特音乐节#想考古的话，可以去看她2019的生日演唱会哦。#和迪丽热巴一起秋日出行# ​,https://m.weibo.cn/detail/4949125000596473
迪拜报平安/守护型记忆,post,3,粉丝点评/记忆表达明确,土豆就够了,"#迪丽热巴新经纪人郝阿三上岗了#郝阿三当年因为护着张小斐在业内出名，2018年直接发文怼过孙茜。这种""护短""特质正是粉丝最期待的——毕竟迪丽热巴原团队出过滞留迪拜这种重大失误。 ​",https://m.weibo.cn/detail/5278515740278945
跑男时期综艺名场面,post,3,粉丝点评/记忆表达明确,锈呓,#迪丽热巴跑男只录了12天#迪丽热巴在2017年《奔跑吧》第五季的实际录制时间确实仅为12天。这一冷知识近期被网友重新翻出，引发大众对综艺剪辑效果与实际拍摄周期的广泛讨论。核心事实工作时长：迪丽热巴作为第五季常驻嘉宾参与拍摄，集中同框与录制的实际周期为12天。播出跨度：节目组将有限素材剪辑成12期内容正片，实际播出时长覆盖近3个月。剪辑手法素材拉长：后期通过重复使用互动镜头、叠加专属字幕与BGM，将碎片化片段拼接出贯穿全季的完整叙事线。,https://m.weibo.cn/detail/5291990787032555
新疆舞与舞台表现名场面,post,3,粉丝点评/记忆表达明确,今视频长天新闻,#沈梦辰说杜海涛比张凌赫先走进心里# 4月23日，@沈梦辰 在社交平台回应网友提问。网友问“跨年晚会后，@杜海涛 有没有学模特步？”沈梦辰说：“涛哥比@张凌赫z 先走进我的心里。”据了解，张凌赫在2025至2026湖南卫视跨年晚会上的走秀出圈，成为现象级名场面。在谈到防晒问题时，她强调防晒要无处不在，比如在室内靠近窗户、甚至坐长途车时都需要防晒，并建议使用物理防晒产品，效果更好。（现代快报）更多消息：#快手 慢脚文化##女歌手因恐飞取消,https://m.weibo.cn/detail/5291163812628913
白日提灯贺思慕/女鬼鬼王记忆,post,3,粉丝点评/记忆表达明确,嘀嘀叭巴,迪丽热巴超话#迪丽热巴贺思慕# dlrb #迪丽热巴慕胥辞# dlrb #迪丽热巴# @Dear-迪丽热巴#超话星愿池# 永远真诚的宝宝 ​,https://m.weibo.cn/detail/5051099700265721
白日提灯贺思慕/女鬼鬼王记忆,post,3,粉丝点评/记忆表达明确,长安观落雪,迪丽热巴超话#迪丽热巴登人民日报宣传片#dlrb #迪丽热巴蝴蝶结马尾辫#dlrb #迪丽热巴条纹毛衣搭花苞裙#dlrb #迪丽热巴陈飞宇慕胥辞情侣装# 热巴真的好美呀！ 期待热巴万灵之主贺思慕！！ ​,https://m.weibo.cn/detail/5084439853404465
白日提灯贺思慕/女鬼鬼王记忆,post,3,粉丝点评/记忆表达明确,云禾知长风-,迪丽热巴超话#迪丽热巴聂九罗# dlrb #迪丽热巴枭起青壤# dlrb #迪丽热巴#时尚前沿雕塑家，睡衣富翁聂九罗@Dear-迪丽热巴 ，文能高雅艺术，武能辣手催枭，独居三合院，全能颜值高，你们让一让，我先结个婚。预约O枭起青壤 ​​​ 迪丽热巴 | 枭起青壤 | 利剑玫瑰|慕胥辞 |聂九罗 | 邓妍 | 贺思慕 | @Dear-迪丽热巴L枭起青壤官微的微博视频,https://m.weibo.cn/detail/5084439749858018
白日提灯贺思慕/女鬼鬼王记忆,post,3,粉丝点评/记忆表达明确,第八页个月亮,迪丽热巴超话#迪丽热巴# dlrb #给迪丽热巴的年终告白# dlrb #我担夸夸时间到# 从无忧无虑意气风发的小郡主，变成失去了家想要复仇的李十四，再一步步成长成真真正正的大唐郡主，热巴把每一阶段的李长歌都演绎得活灵活现。预约慕胥辞O白日提灯迪丽热巴 | 枭起青壤 | 利剑玫瑰|慕胥辞 |聂九罗 | 邓妍 | 贺思慕 | @Dear-迪丽热巴L网剧慕胥辞的微博视频,https://m.weibo.cn/detail/5117778849957806
任安乐/帝梓元角色记忆,post,3,粉丝点评/记忆表达明确,pukaurism,迪丽热巴超话#迪丽热巴公诉# dlrb#迪丽热巴安旎# “ ᴹʸ ˡᵒᵛᵉ ⁱˢ ʷʳⁱᵗᵗᵉⁿ ⁱⁿ ᵗʰᵉ ʷⁱⁿᵈ ᵉᵛᵉʳ ˢⁱⁿᶜᵉ ᵗʰᵉ ʷʰᵒˡᵉ ʷᵒʳˡᵈ ⁱˢ ʸᵒᵘ 我的喜欢写在风里 从此整个世界都是你” 迪丽热巴公诉|安旎|迪丽热巴安乐传|任安乐|帝梓元@Dear-迪丽热巴 #迪丽热巴公诉#dlrb#迪丽热巴安旎#,https://m.weibo.cn/detail/4885487816802514
任安乐/帝梓元角色记忆,post,3,粉丝点评/记忆表达明确,鉄树開花了嗎,#公诉#dlrb#迪丽热巴公诉#dlrb#迪丽热巴安旎# “我觉得我做的最棒的一次决定，好像就是在做一些事情都坚持吧。但我觉得这不是一个特别大的东西。就怎么说，不是说一件大事上，反而是很多小事，或者是比较难熬的日子，坚持下来。我觉得坚持应该是我做过最棒的一件事”——@Dear-迪丽热巴迪丽热巴公诉|迪丽热巴安旎|迪丽热巴安乐传|迪丽热巴任安乐|迪丽热巴帝梓元@Dear-迪丽热巴,https://m.weibo.cn/detail/4885487044791603
红毯神图与高定封神造型,post,3,粉丝点评/记忆表达明确,初霁怀安,#迪丽热巴微博之夜发型拆解#我需要的是发型吧，是脸啊，出山即出圈，巴姐🐮。欢迎收看巴神美貌名场面☞‖玫瑰庄园的公主🌹🌹🌹‖复古名伶💗💗💗‖经典优雅赫本黑裙👗👗👗点地成毯𝙂𝙤𝙡𝙙𝙚𝙣 𝙇𝙚𝙜𝙚𝙣𝙙💖💖💖‖摇曳生姿花仙子🧚🏻🧚🏻🧚🏻‖惊艳四座娇艳美人鱼💖💖💖【迪丽热巴美神降临】🎊🎊🎊,https://m.weibo.cn/detail/4885486642923904
任安乐/帝梓元角色记忆,post,3,粉丝点评/记忆表达明确,一起去冰岛看日出-,"#迪丽热巴微博之夜发型拆解# dlrb#迪丽热巴新剧公诉精英改名# “镜头里的对视，哪怕是隔着屏幕 我也能感觉到你的灵魂炽热耀眼” ""𝓛𝓸𝓸𝓴𝓲𝓷𝓰 𝓪𝓽 𝓮𝓪𝓬𝓱 𝓸𝓽𝓱𝓮𝓻 𝓲𝓷 𝓽𝓱𝓮 𝓵𝓮𝓷𝓼, 𝓮𝓿𝓮𝓷 𝓪𝓬𝓻𝓸𝓼𝓼 𝓽𝓱𝓮 𝓼𝓬𝓻𝓮𝓮𝓷, 𝓘 𝓬𝓪𝓷 𝓯𝓮𝓮𝓵 𝔂𝓸𝓾𝓻 𝓼𝓸𝓾𝓵 𝓱𝓸𝓽 𝓪𝓷𝓭 𝓭𝓪𝔃𝔃𝓵𝓲𝓷𝓰.@Dear-迪丽热巴 迪丽热巴公诉精英|迪丽热巴安旎|迪丽热巴安乐传|迪丽热巴任安乐|迪丽热巴帝梓元@Dear-",https://m.weibo.cn/detail/4885441272611880
任安乐/帝梓元角色记忆,post,3,粉丝点评/记忆表达明确,Dear-八周困巴天,#迪丽热巴新剧公诉精英改名##长歌行播出两周年了##公诉# “小时候的快乐和烦恼都很纯粹，记忆中也确实拥有过极致的快乐，让我希望能回到那个时候。不过一切顺其自然长到现在，我觉得都挺好。”——@Dear-迪丽热巴迪丽热巴公诉|安旎|迪丽热巴安乐传|任安乐|帝梓元@Dear-迪丽热巴 #迪丽热巴公诉#dlrb#迪丽热巴安旎#,https://m.weibo.cn/detail/4885421878939514
任安乐/帝梓元角色记忆,post,3,粉丝点评/记忆表达明确,光束一夜黑bada,迪丽热巴超话#迪丽热巴安乐传# dlrb#迪丽热巴任安乐# dlrb#迪丽热巴新剧公诉精英改名# dlrb#公诉# dlrb“我现在也能够渐渐意识到年轻真的是无所畏惧，像前两年说想去蹦极这件事情因为一直没有去蹦过，然后就到现在这个刚过完生日的年纪，就会有点害怕了，就不会再像年轻那样无所畏惧了”——@Dear-迪丽热巴 ​,https://m.weibo.cn/detail/4885421601587920
演员成长与角色群像评价,post,3,粉丝点评/记忆表达明确,四月芳菲317,#和迪丽热巴点亮微博之夜# 【迪丽热巴】一千零一夜 / 凌凌七 反正我们也不是什么好的角色 干点猥琐的事才符合我们的人设小细节上的演技拿捏的死死的我超爱迪丽玉堂，谁懂@Dear-迪丽热巴 接下来期待《利剑玫瑰》守护万家团圆的邓妍女警官👮🏻‍♀️#迪丽热巴利剑玫瑰##迪丽热巴花儿与少年# L雪碧三分饱的微博视频 ​,https://m.weibo.cn/detail/4985142787442365
纪云禾与鲛人系角色记忆,post,3,粉丝点评/记忆表达明确,RankChen,电视剧与君初相识超话很心疼云禾，她只给长意看到她希望看到的，那些看不见的一直都是云禾自己在背负。从天师府到北境，长意只知她背叛过他，也想逃离他，如果不是顺德伤口撒盐他一直不知道当初她伤了他，自己以命相博为他拖延时间。也不知道那那六年她全靠姬成羽传递关于他的消息活着。她会为所有人着想，唯独忘了她自己。一个在从棘所用灵力画鱼以寄深思，一个在随时随地随景会想起以前的点点滴滴，云意夫妇一直都是双向奔赴的，缘深不灭，情深不减！#与君初相识##电,https://m.weibo.cn/detail/4753212924233403
李长歌与《长歌行》角色记忆,post,3,粉丝点评/记忆表达明确,今天也要拼尽全力地活着,电视剧长歌行超话之前剪了个长歌个人成长向的一周年纪念视频 本来还想再剪个歌隼 结果计划赶不上变化 忙到今晚才有时间 应该赶不上周年啦 没有时间限制之后应该又是慢慢磨 什么时候有成品我也不知道【毕竟我剪前一个视频都用好几个月了】【万一是两周年才剪出来呢？】😂😂😂没有视频 只好直接用语言表达我的喜悦啦从2021年3月31日到2022年3月31日那段追剧的时间真的既痛苦又快乐 仿佛在平行世界陪着主角们经历他们的喜怒哀乐悲欢离合细细回想 应该,https://m.weibo.cn/detail/4753200848044286
纪云禾与鲛人系角色记忆,post,3,粉丝点评/记忆表达明确,阿璇快逃,"#迪丽热巴与君初相识# dlrb#迪丽热巴纪云禾# 黑暗无光的深渊世界 我遇见了万丈光芒的你𝓘𝓷 𝓽𝓱𝓮 𝓭𝓪𝓻𝓴 𝓪𝓷𝓭 𝓭𝓪𝓻𝓴 𝔀𝓸𝓻𝓵𝓭 𝓸𝓯 𝓽𝓱𝓮 𝓪𝓫𝔂𝓼𝓼, 𝓘 𝓶𝓮𝓽 𝔂𝓸𝓾 𝔀𝓲𝓽𝓱 𝓰𝓻𝓮𝓪𝓽 𝓵𝓲𝓰𝓱𝓽@Dear-迪丽热巴",https://m.weibo.cn/detail/4753151096261508
演员成长与角色群像评价,post,3,粉丝点评/记忆表达明确,演纸,#与君初相识# 我的评分：🌟亮点推荐：所以说，好作品是一个演员最好的基石，原来对迪丽热巴连路人都算不上，就偶尔会对她的红毯惊艳一下，感慨这么好的颜再配上好的演技该多好啊。这几次她挑的剧本还真的不错，你是我的荣耀，长歌行，终于，我看到了与君初相识，剧本非常不错，男女主演演的也不错，还是有上升空间的。 ​​​,https://m.weibo.cn/detail/4753129889860282
纪云禾与鲛人系角色记忆,post,3,粉丝点评/记忆表达明确,乐乐要学习via,电视剧驭鲛记之与君初相识超话🐟#迪丽热巴纪云禾# 我一直不懂为什么长意明明和云禾一起经历了那么多，还是相信了云禾在悬崖上漏洞百出的谎言，今天看了解说突然明白了。对于云禾来说，她觉得最重要的是自由，自由高于一切，所以她不愿意长意为了她失去自由，她想保护好她这一生中为数不多的美好，所以想要拼尽全力还他自由。而对于长意来说，他失去了尾巴，失去了自由，把鲛珠给了云禾，他什么都没了，家也回不去了，他只有云禾，有的是他们俩的承诺，在他心里什么都没,https://m.weibo.cn/detail/4753123098230995
纪云禾与鲛人系角色记忆,post,3,粉丝点评/记忆表达明确,快吃糯米糖葫芦,#仙侠剧女主终于支棱起来了##仙侠剧女主终于不再是傻白甜了# 与君初相识中的万花谷护法，最强的驭灵师纪云禾向往自由却被困折磨六年，前期是意气风发驭灵师！后期破碎感 半妖。变身九尾狐的时候太帅了！仙侠剧女主终于不是软弱求保护的小白花了，美强惨纪云禾太上头了！迪丽热巴演技可塑性好强！微表情拿捏到我了，眼中含泪的片段太鲨我了，纪云禾的破碎感让人忍不住想要保护她！不得不说一句，迪丽热巴你好会演！@Dear-迪丽热巴 #迪丽热巴与君初相识#,https://m.weibo.cn/detail/4753113309776270
红毯神图与高定封神造型,post,3,粉丝点评/记忆表达明确,回忆勾勒的曾经98557,迪丽热巴超话dlrb迪丽热巴超话出山即出圈，高定随便挑 是高定追求她@Dear-迪丽热巴 ​,https://m.weibo.cn/detail/4786193961062120
任安乐/帝梓元角色记忆,post,3,粉丝点评/记忆表达明确,忆长安--,#迪丽热巴安乐传# dlrb#迪丽热巴公诉精英# “新疆白月光永旋不落 高高挂起 藏在我心中闪闪发光”迪丽热巴丨公诉精英丨安旎丨安乐传丨帝梓元丨任安乐丨@Dear-迪丽热巴 ​,https://m.weibo.cn/detail/4819534353271340
演员成长与角色群像评价,post,3,粉丝点评/记忆表达明确,起个超好听的名字真难,迪丽热巴超话#迪丽热巴公诉精英# #迪丽热巴任安乐# “我希望角色都有着更加丰盈的个性。虽然我自己并没有太多个性，但我倒希望有一天，大家会说，迪丽热巴其实是很有个性的演员。我不太想让自己成为一个圆圆球，那不适合做好一个演员。我希望自己是个三角形，或是长方形，或是正方形，我希望它是有形状的”——@Dear-迪丽热巴,https://m.weibo.cn/detail/4819526229953655
纪云禾与鲛人系角色记忆,post,3,粉丝点评/记忆表达明确,女明星的王国,迪丽热巴超话#迪丽热巴与君初相识# dlrb#迪丽热巴纪云禾##迪丽热巴纪云禾年度最热奇幻剧角色##和迪丽热巴一起迎接2023# dlrb#与迪丽热巴一起欢乐跨年##微博跨年狂欢节#啊呜呜呜 快来一起回顾我们漂亮御姐的跨年舞台集合～越来越期待美女子迪丽热巴的下一个舞台了里，2023继续发光发亮 @Dear-迪丽热巴L星姐微博的微博视频,https://m.weibo.cn/detail/4852870694833024
李长歌与《长歌行》角色记忆,post,3,粉丝点评/记忆表达明确,今天-花生什么树,#迪丽热巴李长歌# @Dear-迪丽热巴 #迪丽热巴长歌行# 我妈陪我一起在电视上看完长歌行的第一集。火急火燎的说快快快，给我看接下来的剧情，把你ipad拿出来，快点，然后一开始进去很卡，我妈很急躁，说，这么多人进嘛，卡成这样子，我说等一会儿，没准儿网卡，然后在腾讯看完第一集后立马走开了，说，不看了，不然我忍不住追下去，那种感觉太难受了，我要等它多更几集，不然熬不住，亲爱的妈妈，你以为我就熬得住了吗,https://m.weibo.cn/detail/4620944884629604
白凤九与三生三世情怀,post,3,粉丝点评/记忆表达明确,一口咬住邝玲玲,三万岁的小凤九可爱天真，凡间的白小九成熟稳重，梵音谷的阿兰若惊艳坚强，演员@Dear-迪丽热巴 用不同的神情不同的方式把“三世”中的人物诠释的惟妙惟肖，一路成长的白凤九，从此根植在我的心里。 ​,https://m.weibo.cn/detail/4653922465354118
李长歌与《长歌行》角色记忆,post,3,粉丝点评/记忆表达明确,羽忆_Chloe,2021追星史🌌本命依旧不变，但今年没有跨年晚会（第一次全都不参加）年初有斗罗大陆，中间有长歌行和你是我的荣耀，年末有王牌部队，还是蛮充实的！唯一可惜的就是我的余生没能播，还有小凯一直在拍戏，但是无比期待明年的时影大人、纪云禾&孟超！最后，希望新的一年我爱的人和爱我的人都可以健健康康、平平安安、快快乐乐、顺顺利利！@X玖少年团肖战DAYTOY @Dear-迪丽热巴 @TFBOYS-王俊凯,https://m.weibo.cn/detail/4720590265258851
乔晶晶与《你是我的荣耀》入坑记忆,post,3,粉丝点评/记忆表达明确,Mercurywill,迪丽热巴超话#迪丽热巴李长歌# #迪丽热巴乔晶晶# 今天是2021年最后一天，想特意留个纪念，超爱今年的热巴，自信大方温柔强大，好喜欢李长歌和乔晶晶，李长歌美强惨，坚强有谋略有大义，爱惨她了，乔晶晶可爱温暖但独立，就是小太阳，照亮了我的心，好甜好暖！愿李长歌和乔晶晶在平行世界幸福美满下去，愿我的小可爱迪丽热巴越来越好，越来越开心，勇敢做自己，相信你未来可期,https://m.weibo.cn/detail/4720578034142119
李长歌与《长歌行》角色记忆,post,3,粉丝点评/记忆表达明确,演艺不息-掌声不停,#迪丽热巴长歌行# 关山万里路，拔剑起长歌！我想在有生之年，得见盛世大唐！@Dear-迪丽热巴 李长歌加油！#迪丽热巴李长歌# ​,https://m.weibo.cn/detail/4488673258919947
白凤九与三生三世情怀,post,3,粉丝点评/记忆表达明确,爱国的大仙女,#迪丽热巴生图##迪丽热巴#0068是女明星中五官比较立体，而且嗯更加欧美的那一种明艳挂女生。我个人比较喜欢他的样貌。他的身材也非常的好，是每个女生都会羡慕，每个男人都会流口水的。我对他印象最深的就是他参加各种盛典，各种礼服就跟女王和公主一般的存在。就是让人看上去就没有办法移开视线，非常的耀眼。他在同届的女生里也是比较漂亮的，而且演技非常不错，我们对他印象最深的就是克拉恋人里面的高文。之后他演的三生三世十里桃花白凤九，也挺灵动可爱的。最,https://m.weibo.cn/detail/4488671900271230
李长歌与《长歌行》角色记忆,post,3,粉丝点评/记忆表达明确,·热恋眠宿·,迪丽热巴长歌行超话“我想在有生之年，得见盛世大唐。”李氏长歌，只为苍生——李长歌要说上下五千年，谁能不爱大唐，盛世大唐的包容和多元，谁能不津津乐道。但我最爱的，是盛唐堪称霸道的自信感。生在那样一个时代真是太幸运了。唐人的自信仿佛是与生俱来的，它长在骨子里、它融在血里。大唐是没有惧怕这回事的，更没有排外这回事。管它什么外来的别国的标新立异的，统统都照单全收，融合演变成唐文化的一部分。这是何等强悍的自信！“我的自然是我的。你来了我这里，你,https://m.weibo.cn/detail/4488660328130461
白凤九与三生三世情怀,post,3,粉丝点评/记忆表达明确,胡婧婧,#剧星微博指数榜# 说书人 迪丽热巴 dlrb#迪丽热巴三生三世枕上书##迪丽热巴长歌行# 迪丽热巴｜古装群像高燃踩点混剪｜只是戏中你我▫️说书人｜暗杠寅子 ▸ 白凤九×烈如歌×公孙丽×苏溢清×骊姬×迪丽热巴CR. L·環星記·的微博视频@Dear-迪丽热巴 ​​​ ​ ​ ​ ​ ​ ​ ​ ​ ​ 2北京,https://m.weibo.cn/detail/4488639389778251
白凤九与三生三世情怀,post,3,粉丝点评/记忆表达明确,元味荔枝_,第一世你化作爱而无果的小狐狸第二世你成为从容潇洒的阿兰若第三世你是敢爱敢恨的青丘凤九三生三世 化作执念等佛铃花开惦念成卷偏偏我最喜欢你什么时候我带你去我们青丘看星星我说的或许是真的，或许是假的，或许是我真心喜欢你，或许是我真心捉弄你有时候会觉得不够，但有时候又觉得，你这样就很好她想她同帝君着实走了一段很长的路，前半段她一个人追着他的背影追得很辛苦，所幸后半段老天施恩，才终于叫她将他赶上了#电视剧三生三世枕上书##迪丽热巴##高伟光# @,https://m.weibo.cn/detail/4488639373370919
演员成长与角色群像评价,post,3,粉丝点评/记忆表达明确,柠檬水铺子,#极限挑战第五季#今天才看见了鸡条大换血的消息 虽然一开始我是为了小猪看的 一路走过来 我已经爱上了里面的每一个人 我已经爱上了男人帮 说实话 在其他综艺都在不停地弄花头 不停换人 我一直在担心我的鸡条会怎样 还好你们几个人一起走过了四季 但我担心的事情也发生了 我没有说新来的这一季怎样 加进来的人怎样 像雷佳音我也是很喜欢的 我很期待他能在鸡条展现自己 毕竟都是老男人 真的很喜欢男人帮 但对于来的唯一的女的迪丽热巴 我没有对她有什么意,https://m.weibo.cn/detail/4355976318602353
行走的油画/神女美貌出圈,post,3,粉丝点评/记忆表达明确,娜娜的芒果巧克力,#迪丽热巴 唱跳#优雅 大方 知性 成熟……这些词慢慢的在你身上显现……不知不觉，一年又过去了，明天你就28了吧，不知道和五年前的你相比，你感觉自己拥有了一些什么，又或者失去了一些什么……人生若只如初见，那你对我来说可能是一眼万年吧，四年，我从一名稚嫩的初中生蜕变成如今的高三学子，面貌在变化，心境也在改变，有一句话是这样说的“当手中的荧光棒变成了拐杖，你依旧是我的信仰”，“拐杖”可能离我还有点遥远，但我想说“当我越来越来成熟，接触到的人,https://m.weibo.cn/detail/4455689781291394
红毯神图与高定封神造型,post,3,粉丝点评/记忆表达明确,Lauren_Lau,#年终女星礼服盘点#——迪丽热巴篇。热巴今年的礼服TOP 3（当然这TOP 3是我自己排的）即图123，礼服分别来自Reem Acra、Jenny Packham、Alex Perry。简洁不繁复的亮片设计+强调腰线的轮廓能放大热巴的身材优势，大概是今年热巴惊艳的腰臀比上了热搜后团队决定借此机会转转型？事实证明有优势就要放大利用啊，前两件亮片礼服都上了热搜，这两个造型也确实优秀。其他造型相对于TOP 3来说总有点不如意的地方，但大体是礼,https://m.weibo.cn/detail/4455636580470981
迪拜报平安/守护型记忆,post,3,粉丝点评/记忆表达明确,缥缈寻雪,#烈火如歌大结局##电视剧烈火如歌##雪歌幸福的生活在一起##迪丽热巴烈火如歌##周渝民烈火如歌# @电视剧烈火如歌暗夜罗——毫无悬念作为本剧的最大反派，这位大哥在50集被烈火集团的小伙伴们给灭了。暗夜绝——这位把暗夜罗当必生的执念的人儿，哥哥都死了，她又怎能独活，所以暗夜绝也game over了熏衣——这姑娘其实不坏，但如果她活着，就会跟姬惊雷、碧儿形成三角恋，不好处理，所以她也只能送人头，死于暗夜罗手里了。凤凰——这剧除了主角之外最,https://m.weibo.cn/detail/4223611005151190
演员成长与角色群像评价,post,3,粉丝点评/记忆表达明确,Nacc_墨,迪丽热巴超话#迪丽热巴凌凌七# 迪丽热巴迪丽热巴 头套终于找到了一直想要的第一集的wink动图最近也有听身边的朋友提起一千零一夜很多朋友给我说剧情有点浮夸，还说热巴怎么老演一些很中二的角色，但是经过我的强烈安利之后她们好像现在比我还追得凶，还说要给我剧透去死吧作为一个看过了热巴大多数作品的人来说，我觉得凌凌七这个角色和热巴之前的现代剧角色完全不一样我也很开心看到热巴能塑造出有区别性的角色来凌凌七不同于高雯的傲气，也不同于李慧珍的隐忍目,https://m.weibo.cn/detail/4256407140526760
白日提灯贺思慕/女鬼鬼王记忆,comment,3,粉丝点评/记忆表达明确,美女米酱,不知道啊 这个@Dear-迪丽热巴 就在我怀里发热诶#迪丽热巴贺思慕# #迪丽热巴白日提灯#,https://m.weibo.cn/detail/5281526705296536
白日提灯贺思慕/女鬼鬼王记忆,comment,3,粉丝点评/记忆表达明确,馨雨198011,白日提灯冲冲冲！贺思慕太喜欢你啦,https://m.weibo.cn/detail/5281417309194844
白日提灯贺思慕/女鬼鬼王记忆,comment,3,粉丝点评/记忆表达明确,熹宝棒棒哒,#迪丽热巴贺思慕#演员 迪丽热巴的台词太好听啦！贺思慕我会一直一直想你哒！#白日提灯今日收官#,https://m.weibo.cn/detail/5290918258148612
生日生贺与小小迪陪伴记忆,comment,3,粉丝点评/记忆表达明确,Ran柒穗,#迪丽热巴0603生日快乐#迪丽热巴#迪丽热巴0603生日快乐#新岁启程，愿你： 所得皆所愿，所行皆坦途。 平安顺遂，自在欢喜。 继续在热爱的世界里闪耀，抵达更广阔的远 方。 生日快乐，迪丽热巴！未来可期，爱丽丝长伴。,https://m.weibo.cn/detail/5173240034232656
白日提灯贺思慕/女鬼鬼王记忆,comment,3,粉丝点评/记忆表达明确,迪迪真,贺思慕身居归墟，以万灵之主的身份守护灵界安稳 #迪丽热巴##贺思慕#,https://m.weibo.cn/detail/5282642956125244
白日提灯贺思慕/女鬼鬼王记忆,comment,3,粉丝点评/记忆表达明确,Ellis_迪乐园,一起来守护 @Dear-迪丽热巴 万灵之主～贺思慕！#迪丽热巴贺思慕#dlrb#迪丽热巴白日提灯# 迪丽热巴｜贺思慕｜白日提灯,https://m.weibo.cn/detail/5287949256099308
迪拜报平安/守护型记忆,comment,3,粉丝点评/记忆表达明确,你是哪颗酸奶疙瘩,如果不是迪丽热巴体面 如果不是官方号一直都心系热巴 担心安危 其实就嘉行的所作所为早就会大肆发酵了 但是没有 从始至终我们要的就是一个说法 一个为什么将迪丽热巴的人身安全给放在最后 不管不顾签约艺人的说法,https://m.weibo.cn/detail/5273424425388880
机场饭拍与日常陪伴片刻,post,2,粉丝点评/记忆表达明确,o0泡沫影子0o,近日，迪丽热巴因与素人的合影路透登上热搜。画面中她身穿休闲装、素颜现身机场，面对粉丝合影请求亲和力满满，毫无明星架子。这组未经修饰的生图迅速引发热议，网友直呼“生图状态比精修还能打”，五官立体度在人群中依旧耀眼。话题#迪丽热巴和素人合影#随即霸榜，被赞为“内娱生图天花板”，真实状态 ...全文,https://m.weibo.cn/detail/5293854950430727
嘻嘻迪/表情包/可爱梗,post,2,粉丝点评/记忆表达明确,废诗稿_,𝑾𝒆𝑪𝒉𝒂𝒕 头像｜美食壁纸丨ins风女头分享｜韩系女头｜氛围感𝐖𝐞𝐂𝐡𝐚𝐭头像 | 高清女头 | 可爱头像 | 软萌头像 ｜苹果壁纸｜小清新｜手机壁纸｜手绘｜卡通｜简约｜可爱｜壁纸分享｜多巴胺头像 ｜王楚然丨章若楠丨刘浩存丨田曦薇丨白鹿｜赵今麦丨孟子义丨鞠婧祎丨卢昱晓 ...全文,https://m.weibo.cn/detail/5293533684568015
花少/你好星期六等综艺片刻,post,2,粉丝点评/记忆表达明确,夏沫樱花雨31751,花儿与少年🤗 专栏 · 花少迪迪,https://m.weibo.cn/detail/5293858675758289
红毯神图与高定封神造型,post,2,粉丝点评/记忆表达明确,叮咚东东_,#迪丽热巴和素人合影#在路人真实镜头下，热巴和粉丝都能美得发光，直接打破了“明星与素人有壁”的刻板印象。这种真实的“生图较量”，比精修大片更有说服力。与其盯着明星的完美包装，不如多看看身边这些鲜活又自信的美，毕竟这种不靠妆造堆砌出来的真实魅力，才是最让人心动的！,https://m.weibo.cn/detail/5293745291396741
红毯神图与高定封神造型,post,2,粉丝点评/记忆表达明确,保证只对你坏_,#迪丽热巴和素人合影#迪丽热巴南京活动以绝美生图和暖心互动双重出圈：雨中“破碎感”造型展现顶级颜值，主动与粉丝“互相取暖”、侧身让光等细节尽显温柔教养。她用真诚打破偏见，完美诠释了“人美心善”的顶流风范 迪丽热巴和素人合影,https://m.weibo.cn/detail/5293743253226722
爱丽丝与热巴的双向奔赴,post,2,粉丝点评/记忆表达明确,Dear-爱迪ying,谁懂啊！这就是内娱独一份的双向奔赴吧😭 她永远会把粉丝放在心上，隔着人群也会回头挥手，会用各种方式回应我们的爱意。 迪丽热巴@Dear-迪丽热巴 和爱丽丝的关系，从来都是彼此照亮，永远热恋❤️迪丽热巴 #内娱神仙星粉关系##迪丽热巴# #迪丽热巴和爱丽丝是双向奔赴# #内娱神仙星粉关系#说的是迪丽热巴与爱丽丝们之间的热爱关系吗?!,https://m.weibo.cn/detail/5293528563581992
生日生贺与小小迪陪伴记忆,post,2,粉丝点评/记忆表达明确,Dear--迪热热_,迪丽热巴 痛楼形式的第二场生日会来临~感兴趣的爱丽丝们来看看~,https://m.weibo.cn/detail/5293793872187204
生日生贺与小小迪陪伴记忆,post,2,粉丝点评/记忆表达明确,K-迪沐楠,迪丽热巴#超星动告白信箱#姐姐 我从初中就开始喜欢你了，不是因为你是新疆的 我也是新疆的 所以喜欢你 是一眼万年的那种 当时我记得好像是你的生日0603 我看到一些爱丽丝发你照片 然后我无意间刷到了 当时我在想我们新疆还有你这样的明星吗？ 我就觉得你好漂亮 后面看了你的剧《傲娇与偏见》《 ...全文,https://m.weibo.cn/detail/5293560217995806
白日提灯贺思慕/女鬼鬼王记忆,post,2,粉丝点评/记忆表达明确,迪菲皖-87,迪丽热巴#贺思慕的无感体验卡##迪丽热巴贺思慕##追剧名场面存档中#非常好看呀，希望爱丽丝们快快去看，帮姐姐刷一刷热度 《白日提灯》追更进度：已追评 最喜欢的台词/名场面：黑夜提灯，为人引路。白日提灯，替灵开道。在下不才万灵之主 我的产出/剧评：剧非常好看，巴巴第1次尝试这种创造也是 ...全文,https://m.weibo.cn/detail/5293352679375407
白日提灯贺思慕/女鬼鬼王记忆,post,2,粉丝点评/记忆表达明确,刚刚的大事,迪丽热巴红衣花魁美晕谁了！贺思慕不愧十代内最强灵主！书剧能彼此成就，离不开迪丽热巴和爱丽丝的双向体面#白日提灯# 刚刚的大事的微博视频,https://m.weibo.cn/detail/5285804089541127
高雯名场面与早期出圈,post,2,粉丝点评/记忆表达明确,Dear-北藤,迪丽热巴 hi，亲爱的巴，今天是我喜欢你的第3560天，不知不觉已经是喜欢你的第九年！突然感叹时间过得真的很快，刚开始认识你还是从《克拉恋人》里面的高雯，再到后来是《麻辣变形记》里面的关小迪让我对你印象深刻！我不知道从什么时候开始我对你的喜欢已经变成了爱！爱四处蔓延让我无法割舍 ...全文,https://m.weibo.cn/detail/5281587216517400
跑男时期综艺名场面,post,2,粉丝点评/记忆表达明确,章鱼醒醒醒8D_D,李煜东 我常常在想喜欢上李煜东到底是为什么？以前六年级的时候喜欢上刚出圈不就的热巴，她的坚韧，她的勇敢让我为她着迷，是跑男上大方展示自己，有时又让人心疼的巴巴，那是时不懂什么是追星，只知道喜欢就买她的各种海报，现在都还贴在我房间的墙上买了印着她照片的抱枕，很喜欢巴 ...全文,https://m.weibo.cn/detail/5292440325197666
白日提灯贺思慕/女鬼鬼王记忆,post,2,粉丝点评/记忆表达明确,也许QVQ喜欢你,迪丽热巴 贺思慕#迪丽热巴白日提灯# dlrb#迪丽热巴贺思慕# dlrb#迪丽热巴# 爱丽丝说要环游世界，结果围着迪迪走了一圈 ⸜(๑'ᵕ'๑)⸝⋆* @迪丽热巴,https://m.weibo.cn/detail/5292004050474528
白日提灯贺思慕/女鬼鬼王记忆,post,2,粉丝点评/记忆表达明确,以巴命名的六月,迪丽热巴 贺思慕#迪丽热巴# dlrb #迪丽热巴白日提灯# dlrb#白日提灯# dlrb #迪丽热巴贺思慕# 迪丽热巴💖爱丽丝！ @Dear-迪丽热巴 们爱丽丝的微博视频,https://m.weibo.cn/detail/5290275631274808
生日生贺与小小迪陪伴记忆,post,2,粉丝点评/记忆表达明确,墨染0603,迪丽热巴 江西的巴粉看过来 热爱·生辉 2026年江西南昌5.16迪丽热巴生咖已启动 迪丽热巴2026江西线下生日会 本次活动由散粉自发组织，先进群后看群公告，满足条件后由管理员审核邀请参与本次活动。本次活动为AA制，因场地限制，人数限制120人左右，达到一定人数将不再审核。欢迎爱丽丝们前来参与🎉 ...全文,https://m.weibo.cn/detail/5289874359591478
白日提灯贺思慕/女鬼鬼王记忆,post,2,粉丝点评/记忆表达明确,巴是小猫脑袋,迪丽热巴 贺思慕#迪丽热巴# dlrb #迪丽热巴白日提灯# dlrb#白日提灯# dlrb #迪丽热巴贺思慕# 迪丽热巴💖爱丽丝！ @Dear-迪丽热巴 们爱丽丝的微博视频,https://m.weibo.cn/detail/5284414508500601
爱丽丝与热巴的双向奔赴,post,2,粉丝点评/记忆表达明确,冯念祎,热巴和爱丽丝就这样都把对方当小孩#迪丽热巴 #爱丽丝 #追星#双向奔赴……#春节二创视频大赛##一分钟视频创作季# 冯念祎的微博视频,https://m.weibo.cn/detail/5281569415631441
白日提灯贺思慕/女鬼鬼王记忆,post,2,粉丝点评/记忆表达明确,以巴命名的六月,迪丽热巴#迪丽热巴# dlrb #迪丽热巴白日提灯# dlrb#白日提灯# dlrb #迪丽热巴贺思慕# 迪丽热巴💖爱丽丝！ @Dear-迪丽热巴 们爱丽丝的微博视频,https://m.weibo.cn/detail/5281178424708419
白日提灯贺思慕/女鬼鬼王记忆,post,2,粉丝点评/记忆表达明确,巴是小猫脑袋,迪丽热巴#迪丽热巴# dlrb #迪丽热巴白日提灯# dlrb#白日提灯# dlrb #迪丽热巴贺思慕# 迪丽热巴💖爱丽丝！ @Dear-迪丽热巴 们爱丽丝的微博视频,https://m.weibo.cn/detail/5279763020123024
白日提灯贺思慕/女鬼鬼王记忆,post,2,粉丝点评/记忆表达明确,巴是小猫脑袋,迪丽热巴#迪丽热巴# dlrb #迪丽热巴白日提灯# dlrb#白日提灯# dlrb #迪丽热巴贺思慕# 迪丽热巴💖爱丽丝！ @Dear-迪丽热巴 们爱丽丝的微博视频,https://m.weibo.cn/detail/5278282757966177
白日提灯贺思慕/女鬼鬼王记忆,post,2,粉丝点评/记忆表达明确,泡泡小胖迪,"迪丽热巴#终于有人拍出迪丽热巴的美貌##白日提灯﻿ ﻿##迪丽热巴贺思慕# @Dear-迪丽热巴 我们爱丽丝都能看得出你的辛苦与付出 我们只希望你好好休息，好好吃饭,你真的辛苦了@Dear-迪丽热巴 泡泡小胖迪的微博视频",https://m.weibo.cn/detail/5271450823167546
白日提灯贺思慕/女鬼鬼王记忆,post,2,粉丝点评/记忆表达明确,Bemyloveba,迪丽热巴#迪丽热巴白日提灯# dlrb#迪丽热巴贺思慕# 我爱上了一个女孩二十八次。 第一次是小时候2015年在家里的电视机上看到高雯这样一个古灵精怪的小女孩 那时我只觉得她长得好美 第二次是2016年《麻辣变形计》的播出，我认识到了关小迪这样一个勇敢强大的女主，梦想着染一纵蓝发 第三次是在 ...全文,https://m.weibo.cn/detail/5269510941838995
演员成长与角色群像评价,post,2,粉丝点评/记忆表达明确,吃口饼_,天呐，双向奔赴的爱，真的一个片段就把我看哭了，好演员的演技真的好牛 ins风氛围感女头、高清无水印优质女头、温柔干净韩系甜妹头像、小众高级清纯私藏女头、动态心动女头、三丽鸥正版可爱女头 超甜专属情头、猫和老鼠经典情头、蜡笔小新治愈风情头、单人氛围感情头、小众不撞款独家情头 HelloKi ...全文,https://m.weibo.cn/detail/5292058346524143
白日提灯贺思慕/女鬼鬼王记忆,post,2,粉丝点评/记忆表达明确,森林小径涂鸦,全程沉浸式追剧根本停不下来！《白日提灯》打破古偶固有套路，剧情立意高级，剧情线饱满饱满，虐点与苏点并存，氛围感直接拉满。迪丽热巴赋予贺思慕独一无二的气场，千年孤寂藏于眼底，冷艳绝美又自带破碎感，演技细腻又有张力；陈飞宇演绎的段胥热血赤诚，隐忍偏执又深情专一，两人宿命绑定双向奔赴， ...全文,https://m.weibo.cn/detail/5291168805949426
爱丽丝与热巴的双向奔赴,post,2,粉丝点评/记忆表达明确,有糖就会笑的周周,#迪丽热巴走出来第一秒是望向粉丝# 双向奔赴的爱意呀~ 但愿你一路喜乐平安， 桥都坚固，隧道都光明！,https://m.weibo.cn/detail/5287135990253449
爱丽丝与热巴的双向奔赴,post,2,粉丝点评/记忆表达明确,聆听28秒旋律,#迪丽热巴补偿去巴黎的粉丝#永远是双向奔赴的爱！,https://m.weibo.cn/detail/5287030994241016
爱丽丝与热巴的双向奔赴,post,2,粉丝点评/记忆表达明确,非典型花融孝女,#迪丽热巴补偿去巴黎的粉丝#宝宝就是这样人美心善，只能说真正的爱是双向奔赴，爱上姐姐都是姐姐的错，我亲亲,https://m.weibo.cn/detail/5287003985806789
白日提灯贺思慕/女鬼鬼王记忆,post,2,粉丝点评/记忆表达明确,Mark-米米,雪夜咒起，宿命相逢——《白日提灯》第8集观后感 如果说《白日提灯》前7集是在为一段跨越人灵的羁绊铺陈底色，那么第8集无疑是将这份羁绊淬炼成钢的关键一锤。当段胥孤身闯敌营的热血尚未冷却，雪夜结咒的温情与宿命感便汹涌而来，让观众在酣畅淋漓与揪心共情间反复拉扯，这一集，堪称整部剧目前为止的 ...全文,https://m.weibo.cn/detail/5282993371615634
爱丽丝与热巴的双向奔赴,post,2,粉丝点评/记忆表达明确,很好相处的女人DM,迪丽热巴 风里雨里湘见巴！！🥳🥳#迪丽热巴##爱丽丝##热爱##热爱双向奔赴##见面##迪丽热巴给粉丝点了奶茶面包鸡汤##向全世界安利我担# 很好相处的女人DM的微博视频,https://m.weibo.cn/detail/5264892053688598
白日提灯贺思慕/女鬼鬼王记忆,post,2,粉丝点评/记忆表达明确,Dear-爱迪ying,#白日提灯# 我的评分： #白日提灯观后感#迪丽热巴@Dear-迪丽热巴 全程五星好评，诚意满满！追完《白日提灯》全程意犹未尽，这不仅是一部氛围感拉满的古装奇幻剧，更是一部剧情扎实、人设出彩、质感绝佳的优质佳作，而迪丽热巴塑造的贺思慕，更是整部剧的灵魂所 ...全文,https://m.weibo.cn/detail/5291351694377743
白日提灯贺思慕/女鬼鬼王记忆,post,2,粉丝点评/记忆表达明确,以巴命名的六月,迪丽热巴 贺思慕#迪丽热巴# dlrb #迪丽热巴贺思慕# dlrb #迪丽热巴白日提灯# dlrb#白日提灯# 热·爱双向奔赴，真诚的热巴永远打动我 @Dear-迪丽热巴 todayis-lly的微博视频,https://m.weibo.cn/detail/5290275753956317
演员成长与角色群像评价,post,2,粉丝点评/记忆表达明确,简单最M,#梁朝伟迪丽热巴幸运咖品牌代言人# @幸运咖 作为一直爱喝幸运咖的老粉，看到这个TVC的时候真的很惊喜。从学生时代就常喝他家的咖啡，从经典的冰美式到奶香浓郁的生椰拿铁，每一款都很戳我。现在看到喜欢的演员和自己爱喝的品牌合作，感觉就像一份双向奔赴的快乐。#迪丽热巴#咖啡#明星# ...全文,https://m.weibo.cn/detail/5290233547457655
白日提灯贺思慕/女鬼鬼王记忆,post,2,粉丝点评/记忆表达明确,甜迪物语ID,#迪丽热巴白日提灯# dlrb#迪丽热巴贺思慕# 最好的追星文案就是我们彼此双向奔赴 @Dear-迪丽热巴,https://m.weibo.cn/detail/5287476710605677
爱丽丝与热巴的双向奔赴,post,2,粉丝点评/记忆表达明确,甜迪碎碎思,迪丽热巴 贺思慕 #迪丽热巴补偿去巴黎的粉丝#热爱一直都是双向奔赴！！,https://m.weibo.cn/detail/5287049835841122
爱丽丝与热巴的双向奔赴,post,2,粉丝点评/记忆表达明确,Dear-Zaria,#迪丽热巴补偿去巴黎的粉丝#妈呀爱丽丝和热巴真的是双向奔赴，永远会为热爱CP而感动,https://m.weibo.cn/detail/5287042289503757
爱丽丝与热巴的双向奔赴,post,2,粉丝点评/记忆表达明确,匿名信笺_Anon,#迪丽热巴补偿去巴黎的粉丝# 迪丽热巴真的把温柔刻进骨子里，。。还记得远赴巴黎的粉丝遗憾，贴心送上亲笔签名礼物，双向奔赴的爱意太好哭了。！ #全网热点共创计划#,https://m.weibo.cn/detail/5287030886238816
爱丽丝与热巴的双向奔赴,post,2,粉丝点评/记忆表达明确,电竞可达鸭,#迪丽热巴补偿去巴黎的粉丝#我靠，我们迪丽热巴本来就是一个超级好的人啊，这一波真的是跟粉丝的双向奔赴了，看的人心软软的迪丽热巴,https://m.weibo.cn/detail/5286990094272804
白日提灯贺思慕/女鬼鬼王记忆,post,2,粉丝点评/记忆表达明确,巴次暗恋,迪丽热巴#迪丽热巴# dlrb #迪丽热巴贺思慕# dlrb #迪丽热巴白日提灯# dlrb#白日提灯# 热·爱双向奔赴，真诚的热巴永远打动我 @Dear-迪丽热巴 todayis-lly的微博视频,https://m.weibo.cn/detail/5282988313281628
红毯神图与高定封神造型,post,2,粉丝点评/记忆表达明确,爱已风生水起哦,#迪丽热巴可逐全球品牌代言人##颈快变美吧# @KAZOO可逐 🎉💃【迪丽热巴×KAZOO可逐官宣！这支TVC美到窒息，颈膜效果直接封神！】🔥✨ 当“红毯定海神针”迪丽热巴遇上“颈部护理专家”KAZOO可逐，这波合作简直是“颜值天花板”的双向奔赴！💫官宣TVC里，热巴一袭露肩礼服，天鹅颈在光影下泛 ...全文,https://m.weibo.cn/detail/5282155355706986
爱丽丝与热巴的双向奔赴,post,2,粉丝点评/记忆表达明确,妤夏眠眠,迪丽热巴把双向奔赴玩明白了！戏内霸气戏外细腻，这才是顶级宠粉 新剧《白日提灯》热播，迪丽热巴饰演的鬼王贺思慕又飒又撩，热度一路飙升。而她也没忘了远在巴黎支持自己的粉丝，特意送上暖心礼物，直接让网友破防。 此前迪丽热巴因行程问题未能现身巴黎时装周，不少粉丝依旧远赴当地应援支持 ...全文,https://m.weibo.cn/detail/5287022853624938
乔晶晶与《你是我的荣耀》入坑记忆,post,2,粉丝点评/记忆表达明确,岁岁平安88,#迪丽热巴乔晶晶# dlrb#迪丽热巴吃个彩虹# 看照片的时候觉得 啊你应该多宠粉这样我才能更爱你 可是看到你视频的时候 我突然觉得 哪怕你什么都不做 光是站在那里就值得我把全世界最好的爱都给你 @Dear-迪丽热巴,https://m.weibo.cn/detail/4539237221797259
白日提灯贺思慕/女鬼鬼王记忆,post,2,粉丝点评/记忆表达明确,绿芒果和青木瓜,好演员的突破就是这么直观，贺思慕的权威就是看了白日提灯的都会垂直入坑#迪丽热巴贺思慕##迪丽热巴白日提灯# ​,https://m.weibo.cn/detail/5292286787453602
生日生贺与小小迪陪伴记忆,post,2,粉丝点评/记忆表达明确,等落日吧rb,迪丽热巴超话 祝自己生日快乐呀🎂入坑热巴始于2017年《漂亮的李慧珍》，一喜欢就是好多年，新一岁，继续陪着热巴，岁岁相伴，不离不弃❤️ ​,https://m.weibo.cn/detail/5292113060954546
白日提灯贺思慕/女鬼鬼王记忆,post,2,粉丝点评/记忆表达明确,巴旦牧,迪丽热巴超话 贺思慕 #迪丽热巴工作室 王亚飞##迪丽热巴腿部肌肉线条##迪丽热巴直播#我入坑的地方 ​,https://m.weibo.cn/detail/5291758854342816
白日提灯贺思慕/女鬼鬼王记忆,post,2,粉丝点评/记忆表达明确,Dear-冯晴,#利剑玫瑰#超级好看我已经说腻了，这部剧里每一位女性都很勇敢，她们背后的被拐经历真的被她们演的淋漓尽致。一开始知道热巴的这部剧，我肯定会看，但是打拐类题材，是我知道的既定结局，一直都没有入坑去看。直到最近，随着白日提灯的结束，我开始回头看利剑玫瑰，它的好看程度已经带我进入到了一种，这就是身边真实的每一幕。原来，拐卖妇女儿童，黄赌毒甚至以高薪工作先骗出国，再进行拐卖，是如此的可恶和令人发指，原来比法律的普及先来到的是习以为常的犯罪，原来一,https://m.weibo.cn/detail/5289810751139389
跑男时期综艺名场面,post,2,粉丝点评/记忆表达明确,刚刚的剧,当年的事 真怪不到我们头上！迪丽热巴//鹿晗 //陆地夫妇 #奔跑吧##春日心动放映季# L刚刚的剧的微博视频 ​,https://m.weibo.cn/detail/5289804520489894
迪拜报平安/守护型记忆,post,2,粉丝点评/记忆表达明确,通通不是酱,说点没出息的话 我初中看咖啡遇上香草 认识樱田通以前 我是非常抵触日本的 也从来不会关注有关于日本的事 真的是打心底感觉自己就是那种抗日积极分子的人 我真的没想到我真的垂直入坑产生了好想学日语的想法 因为爱上一个人所以爱上一个国家的语言 在我看那部剧以前我是完全不知道的 契机就是我在2019年那个暑假抖音刷到了咖啡的切片 然后就一个人跑去注册ins 🪜什么的完全不知道 注册账号注册了非常非常非常久 过程就不详细说了 其实在这之前我压根不,https://m.weibo.cn/detail/5287778613200128
演员成长与角色群像评价,post,2,粉丝点评/记忆表达明确,Dx3906星辰,属性介绍高浓内娱，我担张新成，张新成全肯定I like：姚弛，道枝骏佑，邱凯伟，Timothée Chalame，奥兰多布鲁姆好感：straykids，鞠婧祎，郑云龙，丞磊，迪丽热巴，王玉雯，王佑硕，唐嫣，范丞丞，黄景瑜，龚俊，李一桐，徐正溪，严屹宽，DL，张若昀影视类张新成所有作品，《蜗牛与黄鹂鸟》入坑《光渊》《天才基本法》《冰糖炖雪梨》《大宋少年志》巨爱《东宫》古偶top，除了男主演员其他都爱《庆余年》《清平乐》《大明风华》《香蜜》,https://m.weibo.cn/detail/5283702792002679
高雯名场面与早期出圈,post,2,粉丝点评/记忆表达明确,然紫枫叶,#迪丽热巴演技# 我就是当时古剑奇谭里面小师妹吸引来的，后来的高雯入坑，真得绝了 ​,https://m.weibo.cn/detail/5281889372082013
迪拜报平安/守护型记忆,post,2,粉丝点评/记忆表达明确,tintin很奶啊,陆地夫妇小萌新超话 【陆地·平行世界·热巴被投放到战区②】“轰——嘣”随着爆炸声从身后响起，迪丽热巴蜷缩的身子抖动了一瞬，车外尖叫声哭喊声交替叠加着，她紧紧闭着眼，对战争的恐惧让她此刻格外冷静，大脑一遍遍回忆着前半生的一切故事。【你要做好随时被推下水的准备。】所以这次还是她准备做少了吗？她有些分不清了。分不清这是第几次承受工作人员的失误，承受公司的不作为。原来不续约要承受这么大的代价吗？算了，其实她知道的，就算是续约，她也得承受这么大,https://m.weibo.cn/detail/5293917836675447
嘻嘻迪/表情包/可爱梗,post,2,粉丝点评/记忆表达明确,葡萄柚绿半糖,𝐇𝐢𝐝𝐞｜少年包青天封神名场面｜牡丹亭少女现真容！ 萌宠头像｜治愈系头像头像安利｜卡通手绘｜软萌头像｜审美封神｜可爱爆棚｜毛茸茸萌物｜平板全屏壁纸｜手机超清壁纸｜小红书热榜｜无水印原图｜转运好运｜搞怪趣味｜小众独特｜清新温柔｜氛围感拉满｜韩系极简｜高级质感｜闺蜜双人头像｜横屏护眼壁纸 张子枫｜周也｜鞠婧祎｜张婧仪｜欧阳娜娜｜文淇｜陈都灵｜杨幂｜赵今麦｜卢昱晓｜白鹿｜刘亦菲｜Angelababy｜刘浩存｜李兰迪｜徐若晗｜杨超越｜田曦薇｜孟,https://m.weibo.cn/detail/5293471734171519
嘻嘻迪/表情包/可爱梗,post,2,粉丝点评/记忆表达明确,恶釹一击斬殺,Share｜这里像一场浸在回忆里的梦 思绪顺着回忆轻轻散开 𝒔𝒉𝒂𝒓𝒆 | 风景动态壁纸分享/Wechat背景图/背景图/聊天背景图/壁纸套图/iPhone壁纸/审美积累/手机壁纸/高清/风景/小众 /自喜/猜你喜欢/头像/风景/壁纸｜Wallpaper壁纸推荐 ｜暗黑风纯欲少女｜平板动态壁纸｜ ins风壁纸 ｜女生头像｜电脑动态壁纸｜实况壁纸｜魔法少女小圆 ｜动态背景图｜平板动态壁纸｜暗黑系壁纸𝗪𝗲𝗖𝗵𝗮𝘁 𝙒𝙚𝘾𝙝𝙖𝙩｜小猫头像头像,https://m.weibo.cn/detail/5292708570872816
跑男时期综艺名场面,post,2,粉丝点评/记忆表达明确,超想入非非,#迪丽热巴跑男只录了12天#天啊迪丽热巴好美啊，真的很吸睛！虽然只参加了十二天但给我们留下了很美好的回忆 ​,https://m.weibo.cn/detail/5292068786148409
跑男时期综艺名场面,post,2,粉丝点评/记忆表达明确,言不由衷_菜鸟,#迪丽热巴跑男只录了12天#居然才12天吗？感觉那会经常见到她，以为是常驻，像在回忆上辈子的事一样 ​,https://m.weibo.cn/detail/5292056378344223
跑男时期综艺名场面,post,2,粉丝点评/记忆表达明确,Corn看场初雪_,#迪丽热巴跑男只录了12天#真假啊？我记得当时看了很长时间 又回忆起来了特别喜欢看 ​,https://m.weibo.cn/detail/5292031154851010
跑男时期综艺名场面,post,2,粉丝点评/记忆表达明确,Sillycatwish,#迪丽热巴跑男只录了12天#当时真的记忆很深刻，到现在也能回忆起来很多关键情节，竟然只录了12天吗！ ​,https://m.weibo.cn/detail/5292007333299244
跑男时期综艺名场面,post,2,粉丝点评/记忆表达明确,钰见热巴,迪丽热巴超话 怎么不是回忆杀#迪丽热巴跑男# ​,https://m.weibo.cn/detail/5291554935671564
跑男时期综艺名场面,post,2,粉丝点评/记忆表达明确,不止六月疯,迪丽热巴超话#迪丽热巴跑男只录了12天# 𝓜𝓮𝓂𝓸𝓇𝓎 𝒾𝓈 𝒶 𝓌𝒶𝓎 𝓸𝒻 𝓂𝓮𝓮𝓉𝒾𝓃𝓰.记忆是相遇的一种方式. ​,https://m.weibo.cn/detail/5293452944474941
跑男时期综艺名场面,post,2,粉丝点评/记忆表达明确,淋湿der宁,#迪丽热巴跑男只录了12天#妈呀！但记忆真的很深刻 ​,https://m.weibo.cn/detail/5292074880733592
跑男时期综艺名场面,post,2,粉丝点评/记忆表达明确,我叹春山寂寥,#迪丽热巴跑男只录了12天#居然才12天吗 感觉一直都在 记忆最深的丝带双马尾🎗️ ​,https://m.weibo.cn/detail/5292072915437924
跑男时期综艺名场面,post,2,粉丝点评/记忆表达明确,将登太行雪满山1679,原来迪丽热巴跑男只录了12天吗？感觉很有记忆点哎！！迪丽热巴真的很好看哎，我都没忍住摸了个视频呢 L将登太行雪满山1679的微博视频 ​,https://m.weibo.cn/detail/5291988305313864
白日提灯贺思慕/女鬼鬼王记忆,post,2,粉丝点评/记忆表达明确,软软的小棉花_o,#白日提灯# 2024.6.24日官宣2026.4.25日看完一直不想看结局，终究还是看完了，期待了，陪伴了两年的贺思慕段胥再见啦贺思慕你的不死不灭，停滞的时间重新流动，却因段胥的死再次经历所爱之人的离开，你的世界终究还是只剩下带着记忆的你了灵主大人，愿你能再次在某一刻重新遇到段胥，平平淡淡的过完一生迪丽热巴你真的演的很棒，又是一部完美的剧下一步戏见面啦，演员迪丽热巴,https://m.weibo.cn/detail/5291664668366000
白日提灯贺思慕/女鬼鬼王记忆,post,2,粉丝点评/记忆表达明确,温柔剧本家,#迪丽热巴千字长文告别白日提灯#四百年孤身守界，于黑白天地里寻一抹暖意，贺思慕的一生遗憾又圆满。迪丽热巴以长篇文字温柔送别，将角色的孤独、坚守与蜕变娓娓道来，灯火渐熄，爱意长存，这段荧幕记忆永远难忘。#白日提灯##电视剧# ​,https://m.weibo.cn/detail/5291186864784865
迪拜报平安/守护型记忆,post,2,粉丝点评/记忆表达明确,宋茜是我老婆·,那一年我13岁，是独属于我青春的奔跑热血迪是2017年永远的珍藏记忆无论怎样，至少那一年对你的真心是真的也曾为你惋惜过…也曾为你心疼过…#迪丽热巴# ​,https://m.weibo.cn/detail/5291151250686909
嘻嘻迪/表情包/可爱梗,post,2,粉丝点评/记忆表达明确,-早安小笼包-,迪丽热巴超话#迪丽热巴跑男只录了12天##迪丽热巴# 梦回小迪可爱死了 ​,https://m.weibo.cn/detail/5292350267990339
红毯神图与高定封神造型,post,2,粉丝点评/记忆表达明确,Aaaa少挑衅我,#迪丽热巴工作室 王亚飞#今天的妆造梦回跑男好美 ​,https://m.weibo.cn/detail/5291725864043478
生日生贺与小小迪陪伴记忆,post,2,粉丝点评/记忆表达明确,badada专属飞机,迪丽热巴超话 梦回小小迪！ ​,https://m.weibo.cn/detail/5291709584900655
李长歌与《长歌行》角色记忆,post,2,粉丝点评/记忆表达明确,奶味肉饼,迪丽热巴超话 贺思慕 这一组真的梦回李长歌. ​,https://m.weibo.cn/detail/5291126150137124
嘻嘻迪/表情包/可爱梗,post,2,粉丝点评/记忆表达明确,煜制辣条,#Angelababy郑恺陈赫李晨合影#看到这张合影，瞬间梦回2014！李晨、郑恺、陈赫、Baby，你们还是当年的样子，那句“We are 伐木累”真的刻进了DNA里。虽然邓超、鹿晗、王祖蓝没在，但这波回忆杀已经够我哭了。不过，心里还是有个小小的愿望：如果有一天，当年的“八人组”能真正大团圆，加上我们可爱的迪丽热巴！希望能等到全员集结合照的那一天！,https://m.weibo.cn/detail/5287269221008437
白日提灯贺思慕/女鬼鬼王记忆,post,2,粉丝点评/记忆表达明确,AcceleratorZ_,灵主大人白色斗篷造型梦回枕上书阿兰若🤍🤍🩵🩵💙💙🩶🩶灵主大人斗篷下面若观音～身似谪仙～白色斗篷造型梦幻三生三世枕上书阿兰若～好喜欢P5的造型～好像白孔雀～梦幻联动也算弥补了6年前造型镜头少的遗憾从枕上书的小狐狸到白日提灯万灵之主一晃也是6年了以后也要坚定陪伴热巴姐姐走花路哒迪丽热巴超话#迪丽热巴贺思慕##迪丽热巴 白日提灯##迪丽热巴白日提灯灵主人设##三生三世枕上书#,https://m.weibo.cn/detail/5286961812341796
李长歌与《长歌行》角色记忆,post,2,粉丝点评/记忆表达明确,小猫太天真,迪丽热巴超话 梦回长歌#白日提灯# ​,https://m.weibo.cn/detail/5286915286766598
李长歌与《长歌行》角色记忆,post,2,粉丝点评/记忆表达明确,Loerb--0603,迪丽热巴超话 贺思慕梦回长歌行#迪丽热巴##白日提灯# ​,https://m.weibo.cn/detail/5286094715492970
李长歌与《长歌行》角色记忆,post,2,粉丝点评/记忆表达明确,迪迪酱Di,梦回长歌、很喜欢这个造型、当初还有人吐槽、说热巴不适合、我看就挺好的。迪丽热巴超话#白日提灯# 联动了、一下子拉回到了长歌行的剧情、想去二刷了 ​,https://m.weibo.cn/detail/5285911647488666
白日提灯贺思慕/女鬼鬼王记忆,post,2,粉丝点评/记忆表达明确,Dear-冰冷的猫,迪丽热巴超话 贺思慕#迪丽热巴白日提灯热度登顶# dlrb#迪丽热巴白日提灯热度登顶# 这个造型有点让我梦回秦时丽人明月心哈哈哈啊@Dear-迪丽热巴 ​,https://m.weibo.cn/detail/5285724439970895
李长歌与《长歌行》角色记忆,post,2,粉丝点评/记忆表达明确,睡觉了小迪,#迪丽热巴贺思慕# 梦回长歌行 ​,https://m.weibo.cn/detail/5285573373986464
李长歌与《长歌行》角色记忆,post,2,粉丝点评/记忆表达明确,吧哒吧哒小魔女,#迪丽热巴花魁造型#这三组造型简直了这部剧真是造型最好的了 梦回长歌行对于长歌 你也有遗憾吧 ​,https://m.weibo.cn/detail/5285519376515144
白日提灯贺思慕/女鬼鬼王记忆,post,2,粉丝点评/记忆表达明确,剧能挣,白日提灯剧版超话 思慕和段胥终于再次重逢了～思慕这个造型梦回长歌时期段胥：又拒绝我又找我玩对视那里 我真的#白日提灯# 迪丽热巴｜陈飞宇｜ L剧能挣的微博视频 ​,https://m.weibo.cn/detail/5284852624788955
白日提灯贺思慕/女鬼鬼王记忆,post,2,粉丝点评/记忆表达明确,洪太太-,#迪丽热巴 古偶# 气场好强大！！！！！ 这身衣服梦回阿纪！！！谁懂啊#白日提灯#白日提灯超话 ​,https://m.weibo.cn/detail/5283358494953110
白日提灯贺思慕/女鬼鬼王记忆,post,2,粉丝点评/记忆表达明确,didi去哪里呀,迪丽热巴超话救命啊🆘🆘🆘🆘我要被今晚的剧情笑鼠了“我是主他是仆”#白日提灯# 段胥库库打人思慕就坐在纬帐里慢条斯理看着不好吃的菜思慕夹走段胥立马给继续布菜思慕敲敲杯子段胥就给倒酒（这个场景梦回致命女人了）伊里尔老爷等着议事段胥搁那用灵力盛汤给思慕我真笑拥了哈哈哈哈哈哈哈哈#迪丽热巴白日提灯#,https://m.weibo.cn/detail/5283349884305474
跑男时期综艺名场面,post,2,粉丝点评/记忆表达明确,顺风顺水的祥瑞,"考古早期跑男，名场面真是一个接一个 ""跑男 ""名场面 ""抽象 #微博二创视频创作季##奔跑吧兄弟# L顺风顺水的祥瑞的微博视频 ​",https://m.weibo.cn/detail/5294439897500557
行走的油画/神女美貌出圈,post,2,粉丝点评/记忆表达明确,热巴爱你么么,迪丽热巴超话#迪丽热巴在还63张自拍的债了##迪丽热巴美美出片##迪丽热巴虽然不能同时拥有一切##虽然不能同时拥有一切# 考古早期的巴巴美貌直接杀疯了，我要是绝对的压制！一众欧美明星里，仍然一眼就是气质落落大方、倾国倾城的迪丽热巴！ ​,https://m.weibo.cn/detail/5294432207510317
白日提灯贺思慕/女鬼鬼王记忆,post,2,粉丝点评/记忆表达明确,赠尔只铃铛-87,白日提灯完结后，看到源源不断的有人为你而来，我真的特别高兴。后面因为一些原因又被虐了几波，反而呢让我疯狂的迷上还是迪丽热血时期的你了，考古了很多关于我们的以前，感觉恍如昨日一般，看着每一张照片都是如此熟悉，我看着照片能想到那时的点点滴滴，你就这样陪着我从十三岁到二十二岁，可我还没去见你一面，是我之过，等我忙完这一年我就去见你吧，在我爱你的第十年一定会相见的。@Dear-迪丽热巴,https://m.weibo.cn/detail/5294168805214935
跑男时期综艺名场面,post,2,粉丝点评/记忆表达明确,新任校长,#跑男什么时候变成这样了#考古早期跑男，名场面真是一个接一个 L新任校长的微博视频 ​,https://m.weibo.cn/detail/5294067946618915
嘻嘻迪/表情包/可爱梗,post,2,粉丝点评/记忆表达明确,鸢尾枳壳,#迪丽热巴跑男只录了12天#考古过，跑男的迪丽热巴真的很可爱，原来只录了12天吗？那可能是我看太多遍了，所以觉得好多期一样，不说都不知道 ​,https://m.weibo.cn/detail/5292035092775066
跑男时期综艺名场面,post,2,粉丝点评/记忆表达明确,煜只鼬,#迪丽热巴跑男只录了12天#谁懂啊，考古到迪丽热巴当年录《奔跑吧》的冷知识，真的被狠狠震撼到了——原来她2017年参加第五季，全程只集中录制了12个工作日，却撑起了一整季12期的内容，播出周期横跨近三个月，给观众留下了贯穿一整年的深刻印象。回看那季节目，迪丽热巴塑造的“跑男迪”形象至今仍是内娱综艺圈的经典。她自带的元气buff太有感染力，标志性的转圈登场、游戏里拼尽全力的模样，还有低温拍摄、鸵鸟赛跑时毫无偶像包袱的反差感，每一幕都鲜活又,https://m.weibo.cn/detail/5292009365440783
跑男时期综艺名场面,post,2,粉丝点评/记忆表达明确,晋衢在何方,今日，有网友考古出@M鹿M 与@Dear-迪丽热巴 早期在《奔跑吧》节目的互动名场面，多数观点认为迪丽热巴超话和鹿晗超话的节目片段翻红源于对2017年内娱综艺黄金期的追忆，节目无剧本感强、艺人状态松弛，承载了观众的青春情怀。 #打卡衢州# L晋衢在何方的微博视频 ​,https://m.weibo.cn/detail/5291160033558751
白日提灯贺思慕/女鬼鬼王记忆,post,2,粉丝点评/记忆表达明确,偷一束迪光,迪丽热巴超话 dlrb#迪丽热巴谈性格敏感# dlrb#迪丽热巴贺思慕# dlrb#迪丽热巴贺思慕# 考古到的✨ ​,https://m.weibo.cn/detail/5288044548852299
白日提灯贺思慕/女鬼鬼王记忆,post,2,粉丝点评/记忆表达明确,偷一束迪光,迪丽热巴超话 dlrb#迪丽热巴贺思慕# dlrb#迪丽热巴白日提灯# dlrb#迪丽热巴补偿去巴黎的粉丝# 考古到的小热巴 ​,https://m.weibo.cn/detail/5287341677874612
跑男时期综艺名场面,post,2,粉丝点评/记忆表达明确,一颗桉心糖YA_,原来迪丽热巴当时跑男只录了12天吗！迪丽热巴跑男只录了12天，真相让人太意外最近看到这个话题真的被震惊到了，当年在跑男里刷屏那么多次的迪丽热巴，居然只录了12天就撑起了整季内容，这效率也太吓人了吧 #迪丽热巴跑男只录了12天# ​,https://m.weibo.cn/detail/5292108015732692
跑男时期综艺名场面,post,2,粉丝点评/记忆表达明确,Barrrrrrer,#迪丽热巴跑男只录了12天#迪丽热巴超话天 当年小小的老娘就是这么被这个女人迷的死死的 ​,https://m.weibo.cn/detail/5292089081858510
红毯神图与高定封神造型,post,2,粉丝点评/记忆表达明确,钟凰小橘,#迪丽热巴跑男只录了12天#原来当年追了一整季的快乐，全是她12天的浓缩精华泥潭、指压板、转圈入场…每一幕都刻进记忆里12天封神，这就是天生的综艺感吧✨#2023时尚年鉴##我的年度LOOKBOOK# L钟凰小橘的微博视频 ​,https://m.weibo.cn/detail/5292087118403848
跑男时期综艺名场面,post,2,粉丝点评/记忆表达明确,長眼睛的美女,#迪丽热巴跑男只录了12天#当年我只知道胖迪 ​,https://m.weibo.cn/detail/5292082287088286
跑男时期综艺名场面,post,2,粉丝点评/记忆表达明确,视频主,姐的12天又是谁的一辈子！！！ 影响一代人大江南北无数人爱上迪丽热巴的跑男只录了12天，却剪成了12期、播了近3个月，扛起了当年跑男的热度#迪丽热巴跑男只录了12天# L视频主的微博视频 ​,https://m.weibo.cn/detail/5292073984987012
跑男时期综艺名场面,post,2,粉丝点评/记忆表达明确,爱情总在转移,#迪丽热巴跑男只录了12天#我应该不是最后一个知道，迪丽热巴当年那季节目只拍了12天吧？上海杭州大连跑了一圈，结果泥潭里摔一跤的镜头愣是剪出了好几集，连车里对视、做游戏那点互动都得反复用。靠慢放和配乐硬撑了三个月的播出量，当时还以为她整季都在，有一说一，早期热巴好萌呀 ​,https://m.weibo.cn/detail/5292072414219710
红毯神图与高定封神造型,post,2,粉丝点评/记忆表达明确,雾秽惜霜祎,#迪丽热巴跑男只录了12天#谁懂啊！迪丽热巴跑男居然只录了12天？！当年那个又美又飒的“怪力少女”，居然是12天就封神的程度…原来经典真的和时长无关啊 ​,https://m.weibo.cn/detail/5292000900288227
演员成长与角色群像评价,post,2,粉丝点评/记忆表达明确,wyl_砚凝,迪丽热巴超话 不知不觉我也是一个默默守候的老粉来打call咯！#迪丽热巴角色影响力# ​,https://m.weibo.cn/detail/5286278973359261
演员成长与角色群像评价,post,2,粉丝点评/记忆表达明确,仲翀十五桥,老粉考古一下迪丽热巴·迪卡普里奥的早期迪丽热巴超话#迪丽热巴##迪丽热巴早期##早期# ​,https://m.weibo.cn/detail/5282659187302271
演员成长与角色群像评价,post,2,粉丝点评/记忆表达明确,夏屿繁星,#张凌赫知道热巴白宇退出开推的反应#张凌赫的反应，是团魂最真的模样刷到#张凌赫知道热巴白宇退出开推的反应#，我这个老粉直接破防。他的反应太真实了，不是演出来的客套，是把“赫里摸金宇”六个人的情谊，完完整整摆在了镜头前。3月24日开推4“全员早餐局”直播，消息刚传出来，张凌赫第一反应就是斩钉截铁：“假的！到时候都会来”，还放话“必须工作人员当面说才信”，甚至要等热巴、白宇在群里亲口确认才罢休。那股子倔强，像极了我们不想接受坏消息时的样子—,https://m.weibo.cn/detail/5279989675330411
花少/你好星期六等综艺片刻,post,2,粉丝点评/记忆表达明确,最爱瑶瑶的小凝子,#张凌赫知道热巴白宇退出开推的反应#张凌赫得知热巴与白宇退出《开始推理吧4》常驻的第一反应是强烈抗拒，完全不愿相信，态度十分坚决。具体反应硬核否认：他当场连连摆手，表示“不可能、假的”，坚持认为“到时候都会来”。坚持原则：他还补充了一句“只有工作人员当面说我才信”，直接把这条消息划入了“待核实”区域，主打一个不见棺材不掉泪。现场氛围这段“不相信”的反应被现场捕捉后，话题火速登上热搜。同场的金靖也在一旁佐证，说张凌赫就是这种“必须他们亲自,https://m.weibo.cn/detail/5279970993640074
演员成长与角色群像评价,post,2,粉丝点评/记忆表达明确,这真不懂了嗷,#迪丽热巴 嘉行#我靠，12年老粉激动地跳起来了，谁懂以前被公司气的天天骂 ​,https://m.weibo.cn/detail/5271099829127275
红毯神图与高定封神造型,post,2,粉丝点评/记忆表达明确,廖连中逸云融道,#谁给迪丽热巴化的妆#热巴春晚人鱼姬妆引两极争议！这波妆造到底输在哪？ 2026春晚宜宾分会场迪丽热巴的人鱼姬妆直接炸上热搜！王亚飞操刀的珠光蓝调眼影+湿发造型，本是呼应《立上游》江豚与人鱼公主主题，结果网友评价直接掰成两半💥 夸的人直呼封神：珠光细闪融在舞台光影里太绝，湿发造型自带清冷破碎感，热巴的国泰民安脸配这妆，妥妥的江豚公主下凡，一个回眸直接美到心巴上！吐槽的人也毫不留情：上镜妆感太淡没层次感，完全浪费热巴的浓颜骨相，底妆贴肤度,https://m.weibo.cn/detail/5267058607531894
演员成长与角色群像评价,post,2,粉丝点评/记忆表达明确,是你的南话,她粉丝很多都是七八年老粉#热巴说会因记不住每个粉丝而难过##视频黑马扶持计划# L是你的南话的微博视频 ​,https://m.weibo.cn/detail/5259724175444969
演员成长与角色群像评价,post,2,粉丝点评/记忆表达明确,石小姐的趣生活,#Fakeme和迪丽热巴的双向奔赴##被迪丽热巴的眼镜杀疯了# @Fakeme眼镜官方微博 被迪丽热巴的眼镜杀疯了｜原来风格与美的双向奔赴长这样✨谁懂啊！当迪丽热巴戴上Fakeme眼镜的那一刻，我直接在屏幕前尖叫出声！这哪里是眼镜，明明是把“氛围感”三个字焊在了脸上。之前看热巴的硬照，总觉得她的美是明艳又有距离感的，但Fakeme这波合作完全打破了我的固有印象。复古猫眼款衬得她又酷又飒，清冷方框款则自带松弛感，就连日常的素颜镜都能被她戴,https://m.weibo.cn/detail/5259673126832676
李长歌与《长歌行》角色记忆,post,2,粉丝点评/记忆表达明确,綉簇Karry,迪丽热巴超话 看了几十遍还是走不出来，每次都被李长歌狠狠戳中，又感动又想哭😭 我的李长歌，我的李十四郎，永远的白月光✨她从长安一路颠沛，家破人亡却心怀家国，从复仇的小公主长成护苍生的炬火🔥“我已失家，不愿再失大唐”，她的坚韧、孤勇与温柔，真的越看越心疼，越爱越深💔 ​,https://m.weibo.cn/detail/5294250985260809
跑男时期综艺名场面,post,2,粉丝点评/记忆表达明确,林雪锋aoO小四定,#迪丽热巴跑男只录了12天# 谁的12天 是别人的一辈子？ 跑男迪真的是内娱综艺里白月光似的存在 ​,https://m.weibo.cn/detail/5292663591142929
白日提灯贺思慕/女鬼鬼王记忆,post,2,粉丝点评/记忆表达明确,樱花落下37秒,迪丽热巴超话#贺思慕的无感体验卡##迪丽热巴贺思慕##追剧名场面存档中# 《白日提灯》追更进度：已追评最喜欢的台词/名场面：我听说十指连心 那我是不是握住了你的心脏我的产出/剧评：好看！！！！！ ​,https://m.weibo.cn/detail/5293480156070707
花少/你好星期六等综艺片刻,post,2,粉丝点评/记忆表达明确,萌猫小兔酱,热巴开车名场面，热巴开车简直演我考驾照，还有王安宇的一句“搞咩啊”经典永流传！！#迪丽热巴##花儿与少年# L萌猫小兔酱的微博视频 ​,https://m.weibo.cn/detail/5292771725283619
白日提灯贺思慕/女鬼鬼王记忆,post,2,粉丝点评/记忆表达明确,迪乖小孩,迪丽热巴超话#贺思慕的无感体验卡##迪丽热巴贺思慕##追剧名场面存档中#《白日提灯》追更进度：已追完最喜欢的台词/名场面：我用尽我所有方式来爱你，我甚至把心都掏给你，你也一分不要我的产出/剧评：我去，太好看了 ​,https://m.weibo.cn/detail/5292745032991818
红毯神图与高定封神造型,post,2,粉丝点评/记忆表达明确,大眼崽爹咪,#迪丽热巴雨中下车神图#一场细雨成就绝佳名场面，迪丽热巴雨中下车的画面温婉高级，造型亮眼状态绝佳，浑然天成的美貌永远令人心生惊艳。 ​,https://m.weibo.cn/detail/5292723842320885
白日提灯贺思慕/女鬼鬼王记忆,post,2,粉丝点评/记忆表达明确,小透明-88,#白日提灯# 我的评分：#白日提灯观后感#🌟亮点推荐：迪丽热巴×陈飞宇，破碎感与救赎感拉满，名场面全程高能，哭点与燃点并存🔥 ​,https://m.weibo.cn/detail/5292720866459768
嘻嘻迪/表情包/可爱梗,post,2,粉丝点评/记忆表达明确,葡萄柚绿半糖,𝐇𝐢𝐝𝐞｜少年包青天封神名场面｜双凶遁入雁不归险地，公孙策抽丝剥茧寻真相！ 萌宠头像｜治愈系头像头像安利｜卡通手绘｜软萌头像｜审美封神｜可爱爆棚｜毛茸茸萌物｜平板全屏壁纸｜手机超清壁纸｜小红书热榜｜无水印原图｜转运好运｜搞怪趣味｜小众独特｜清新温柔｜氛围感拉满｜韩系极简｜高级质感｜闺蜜双人头像｜横屏护眼壁纸 张子枫｜周也｜鞠婧祎｜张婧仪｜欧阳娜娜｜文淇｜陈都灵｜杨幂｜赵今麦｜卢昱晓｜白鹿｜刘亦菲｜Angelababy｜刘浩存｜李兰迪｜徐,https://m.weibo.cn/detail/5292440140653461
白日提灯贺思慕/女鬼鬼王记忆,post,2,粉丝点评/记忆表达明确,奔跑的笨猪123,#微博二创视频创作季#男二和万灵灯一起认主名场面迪丽热巴 #魏哲鸣 ##白日提灯# L奔跑的笨猪123的微博视频 ​,https://m.weibo.cn/detail/5292410676449025
跑男时期综艺名场面,post,2,粉丝点评/记忆表达明确,FM1031济南交通广播,#迪丽热巴李沁跑男转圈圈名场面##迪丽热巴紧张时也一直笑着# 来回顾《奔跑吧》中@Dear-迪丽热巴 &@李沁 转圈圈名场面，在紧张的氛围中也一直保持微笑，就这么转到阿乐心里面啦~#迪丽热巴跑男只录了12天# L新浪娱乐的微博视频 ​,https://m.weibo.cn/detail/5292111777498176
跑男时期综艺名场面,post,2,粉丝点评/记忆表达明确,拟等着寿司吧,#迪丽热巴跑男只录了12天#迪丽热巴2017年担任《奔跑吧》第五季常驻嘉宾，实际仅录制12个工作日，节目组通过剪辑、拆分素材等方式将内容延展为12期正片。她贡献了多个名场面，塑造了讨喜的个人形象，且加盟跑男前已凭借多部热门剧集积累了高人气与粉丝基础。 ​,https://m.weibo.cn/detail/5292100411195440
跑男时期综艺名场面,post,2,粉丝点评/记忆表达明确,久城拓摩ONE,迪丽热巴跑男只录了12天 不敢相信，因为在这里面的出圈名场面真的太多了，什么叫做有效录制呀 ​,https://m.weibo.cn/detail/5292095749489023
跑男时期综艺名场面,post,2,粉丝点评/记忆表达明确,萌乃生存法则,#迪丽热巴跑男只录了12天#只有12天 哇塞创造了好多名场面 ​,https://m.weibo.cn/detail/5292090741490327
跑男时期综艺名场面,post,2,粉丝点评/记忆表达明确,纠结薯片,#迪丽热巴跑男只录了12天# 名场面转圈圈 ​,https://m.weibo.cn/detail/5292090657605826
跑男时期综艺名场面,post,2,粉丝点评/记忆表达明确,仓兔混养_ovo,#迪丽热巴跑男只录了12天#12天带来的影响力也太大了 诞生了好多名场面 ​,https://m.weibo.cn/detail/5292089390930050
嘻嘻迪/表情包/可爱梗,post,2,粉丝点评/记忆表达明确,今视频长天新闻,【笑不活了！#张若昀评论区唐艺昕烫嘴rap刷屏#】近日，《乘风2026》二公，唐艺昕组在舞台表演时，一段“烫嘴rap”意外出圈，引发网友争相模仿。不少网友改编唐艺昕rap版“嗨呀呀”，在张若昀评论区玩梗。网友调侃：张若昀本人再次“从浪姐的全世界路过”唐艺昕此前在节目中称，自己能力有限，本来这两句歌词不是给自己的，“但是我们本来就是一个组的，分担一下没什么。”原唱@希林娜依高 评论@唐艺昕 称：“是词烫嘴！ 不怪你们！”（封面新闻） 更多,https://m.weibo.cn/detail/5292041854255554
嘻嘻迪/表情包/可爱梗,post,2,粉丝点评/记忆表达明确,早八不困哇,好美的一张脸 好搞笑的一堆梗综艺/搞笑/名场面/韩综/哈哈哈哈𝙒𝙚𝘾𝙝𝙖𝙩背景图 𝙞𝙣𝙨风 背景图推荐❤️🧡💛💚💙💜🤎🖤🤍杨幂 刘诗诗 唐嫣 赵丽颖 赵今麦 孙千 周雨彤 张婧仪 周也 范冰冰 谭松韵 关晓彤 景甜 李沁江疏影 秦岚 宋祖儿 陈都灵 张子枫 古力娜扎卢昱晓 戚薇 毛晓彤 李庚希 向涵之 张小斐 周冬雨 迪丽热巴 陈瑶 吴谨言 蓝盈莹 李一桐 孟子义 彭小苒 祝绪丹 张予曦 金晨 蔡文静𝙒𝙚𝘾𝙝𝙖𝙩头像丨头像分享丨可爱头像,https://m.weibo.cn/detail/5290272514638956
嘻嘻迪/表情包/可爱梗,post,2,粉丝点评/记忆表达明确,猫胖,#迪丽热巴跑男只录了12天# 12天，够她吃遍所有道具，也够观众记住她所有表情包。 ​,https://m.weibo.cn/detail/5291986389045578
嘻嘻迪/表情包/可爱梗,post,2,粉丝点评/记忆表达明确,烤懒羊羊串,憨憨巴，好适合拿来做表情包迪丽热巴超话 ​,https://m.weibo.cn/detail/5291715138163274
嘻嘻迪/表情包/可爱梗,post,2,粉丝点评/记忆表达明确,小鱼爱吃甜甜圈__,恶心朋友抽象发疯表情包1.0抽象表情包丨抽象文案丨表情包分享丨亲亲表情包丨搞笑沙雕 ​头像分享｜今日分享｜感觉至上“为我心中挚爱，赠以感激之情”ins｜薄荷曼波壁纸∘˚🧴˚˟🫙˖⭒˚薄荷绿｜壁纸分享｜夏日清凉壁纸｜全屏壁纸｜锁屏壁纸｜氛围感壁纸｜iphone壁纸｜绿色果然是生命的颜色｜薄荷曼波𝙒𝙚𝘾𝙝𝙖𝙩背景图 𝙞𝙣𝙨风 背景图推荐❤️🧡💛💚💙💜🤎🖤🤍杨幂 刘诗诗 唐嫣 赵丽颖 赵今麦 孙千 周雨彤 张婧仪 周也 谭松韵 关晓彤 景甜 ,https://m.weibo.cn/detail/5288426448357756
嘻嘻迪/表情包/可爱梗,post,2,粉丝点评/记忆表达明确,阿年喜欢碎碎念,不丢超话 我们不丢不愧素喵喵届大top啊，表情包连热巴都在用 ​,https://m.weibo.cn/detail/5284081769390593
白凤九与三生三世情怀,post,2,粉丝点评/记忆表达明确,欣欣兮兮呀,宇宙热恋超话 破万纪念贴！这半个多月剧也追完了，糖点也盘包浆了，每天不刷个几遍超话就不得劲儿呀！当初因为三生三世入坑了热巴，十年来她是我唯一的心头好。但是我和热巴同年，小小的老子当年太稚嫩，因为男方的主动、节目组刻意引导和身边人起哄真心实意磕过黑历史cp，但是热巴得到的全是谩骂即使发博说散发着单身女子的清香都止不住。后来再也不磕她任何cp，坚持让我巴独美，而巴巴也争气，和男演员接触都很有分寸。直到这一次看了这么多，不论真相如何，结果如,https://m.weibo.cn/detail/5290630427183577
演员成长与角色群像评价,post,2,粉丝点评/记忆表达明确,拉爆你担,#迪丽热巴回应自己心目中的贺思慕#贺思慕就是一个非常有魅力的女性角色呀你喜欢的女强！天上天下 惟我独尊她都有！欢迎来腾讯视频入坑品鉴！入股不亏！！迪丽热巴诠释的太完美了！演技又好 可以说人生角色之一了！ ​,https://m.weibo.cn/detail/5285819181171048
白日提灯贺思慕/女鬼鬼王记忆,post,2,粉丝点评/记忆表达明确,安旎迪迪巴巴,#白日提灯第8集30分5秒#都来看白日提灯 现在入坑也不晚L白日提灯官微的微博视频 ​,https://m.weibo.cn/detail/5282502046647343
生日生贺与小小迪陪伴记忆,post,2,粉丝点评/记忆表达明确,呆緹,迪丽热巴超话#迪丽热巴0603生日快乐# dlrb#迪丽热巴0603生日快乐# dlrb🩷因为热爱相聚 感谢有你下次见@Dear迪丽热巴广西分会 我在广西祝迪丽热巴生日快乐@Dear-迪丽热巴 ​,https://m.weibo.cn/detail/5294640620374480
爱丽丝与热巴的双向奔赴,post,2,粉丝点评/记忆表达明确,猫竷_,迪丽热巴超话 姐姐我们爱丽丝应援色的花花 ​,https://m.weibo.cn/detail/5294170709427742
嘻嘻迪/表情包/可爱梗,post,2,粉丝点评/记忆表达明确,Forever08261,𝐇𝐢𝐝𝐞｜憨豆先生｜第五集萌宠头像｜治愈系头像头像安利｜卡通手绘｜软萌头像｜审美封神｜可爱爆棚｜毛茸茸萌物｜平板全屏壁纸｜手机超清壁纸｜小红书热榜｜无水印原图｜转运好运｜搞怪趣味｜小众独特｜清新温柔｜氛围感拉满｜韩系极简｜高级质感｜闺蜜双人头像｜横屏护眼壁纸 张子枫｜周也｜鞠婧祎｜张婧仪｜欧阳娜娜｜文淇｜陈都灵｜杨幂｜赵今麦｜卢昱晓｜白鹿｜刘亦菲｜Angelababy｜刘浩存｜李兰迪｜徐若晗｜杨超越｜田曦薇｜孟子义｜虞书欣｜迪丽热巴｜刘,https://m.weibo.cn/detail/5294043642729503
嘻嘻迪/表情包/可爱梗,post,2,粉丝点评/记忆表达明确,Forever08261,𝐇𝐢𝐝𝐞｜憨豆先生｜第四集萌宠头像｜治愈系头像头像安利｜卡通手绘｜软萌头像｜审美封神｜可爱爆棚｜毛茸茸萌物｜平板全屏壁纸｜手机超清壁纸｜小红书热榜｜无水印原图｜转运好运｜搞怪趣味｜小众独特｜清新温柔｜氛围感拉满｜韩系极简｜高级质感｜闺蜜双人头像｜横屏护眼壁纸 张子枫｜周也｜鞠婧祎｜张婧仪｜欧阳娜娜｜文淇｜陈都灵｜杨幂｜赵今麦｜卢昱晓｜白鹿｜刘亦菲｜Angelababy｜刘浩存｜李兰迪｜徐若晗｜杨超越｜田曦薇｜孟子义｜虞书欣｜迪丽热巴｜刘,https://m.weibo.cn/detail/5293711358955312
嘻嘻迪/表情包/可爱梗,post,2,粉丝点评/记忆表达明确,Corny_靁冄僸區_,𝐇𝐢𝐝𝐞｜综艺精选剪辑｜现在就出发搞笑剪辑｜王安宇尝试空口吃葱“我会杀死你，不是用镰刀，而是用岁月.”萌宠头像｜治愈系头像头像安利｜卡通手绘｜软萌头像｜审美封神｜可爱爆棚｜毛茸茸萌物｜平板全屏壁纸｜手机超清壁纸｜微博热榜｜无水印原图｜转运好运｜搞怪趣味｜小众独特｜清新温柔｜氛围感拉满｜韩系极简｜高级质感｜闺蜜双人头像｜横屏护眼壁纸 张子枫｜周也｜鞠婧祎｜张婧仪｜欧阳娜娜｜文淇｜陈都灵｜杨幂｜赵今麦｜卢昱晓｜白鹿｜刘亦菲｜Angelaba,https://m.weibo.cn/detail/5293438459448573
嘻嘻迪/表情包/可爱梗,post,2,粉丝点评/记忆表达明确,Tender_宁月湾_,蓝调时刻💙 田栩宁 梓渝 甜玉米中国美食 美食打卡 美食剪辑 豁达乐观 永远保持积极的态度21世纪大军夫人 李知恩（iu） 边佑锡 𝐇𝐢𝐝𝐞｜综艺精选剪辑｜现在就出发搞笑剪辑｜王安宇尝试空口吃葱“我会杀死你，不是用镰刀，而是用岁月.”萌宠头像｜治愈系头像头像安利｜卡通手绘｜软萌头像｜审美封神｜可爱爆棚｜毛茸茸萌物｜平板全屏壁纸｜手机超清壁纸｜微博热榜｜无水印原图｜转运好运｜搞怪趣味｜小众独特｜清新温柔｜氛围感拉满｜韩系极简｜高级质感｜闺,https://m.weibo.cn/detail/5293332534135869
嘻嘻迪/表情包/可爱梗,post,2,粉丝点评/记忆表达明确,Tender_宁月湾_,蓝调时刻💙 田栩宁 梓渝中国美食 美食打卡 美食剪辑 豁达乐观 永远保持积极的态度21世纪大军夫人 李知恩（iu） 边佑锡 𝐇𝐢𝐝𝐞｜综艺精选剪辑｜现在就出发搞笑剪辑｜王安宇尝试空口吃葱“我会杀死你，不是用镰刀，而是用岁月.”萌宠头像｜治愈系头像头像安利｜卡通手绘｜软萌头像｜审美封神｜可爱爆棚｜毛茸茸萌物｜平板全屏壁纸｜手机超清壁纸｜微博热榜｜无水印原图｜转运好运｜搞怪趣味｜小众独特｜清新温柔｜氛围感拉满｜韩系极简｜高级质感｜闺蜜双人头,https://m.weibo.cn/detail/5292978870419617
嘻嘻迪/表情包/可爱梗,post,2,粉丝点评/记忆表达明确,吃口饼_,真的每个转场都很绝，拍的真好萌宠头像｜治愈系头像头像安利｜卡通手绘｜软萌头像｜审美封神｜可爱爆棚｜毛茸茸萌物｜平板全屏壁纸｜手机超清壁纸｜微博热榜｜无水印原图｜转运好运｜搞怪趣味｜小众独特｜清新温柔｜氛围感拉满｜韩系极简｜高级质感｜闺蜜双人头像｜横屏护眼壁纸 张子枫｜周也｜鞠婧祎｜张婧仪｜欧阳娜娜｜文淇｜陈都灵｜杨幂｜赵今麦｜卢昱晓｜白鹿｜刘亦菲｜Angelababy｜刘浩存｜李兰迪｜徐若晗｜杨超越｜田曦薇｜孟子义｜虞书欣｜迪丽热巴｜刘,https://m.weibo.cn/detail/5292956539425336
嘻嘻迪/表情包/可爱梗,post,2,粉丝点评/记忆表达明确,Corny_靁冄僸區_,中国美食 美食打卡 美食剪辑 豁达乐观 永远保持积极的态度21世纪大军夫人 李知恩（iu） 边佑锡 𝐇𝐢𝐝𝐞｜综艺精选剪辑｜现在就出发搞笑剪辑｜王安宇尝试空口吃葱“我会杀死你，不是用镰刀，而是用岁月.”萌宠头像｜治愈系头像头像安利｜卡通手绘｜软萌头像｜审美封神｜可爱爆棚｜毛茸茸萌物｜平板全屏壁纸｜手机超清壁纸｜微博热榜｜无水印原图｜转运好运｜搞怪趣味｜小众独特｜清新温柔｜氛围感拉满｜韩系极简｜高级质感｜闺蜜双人头像｜横屏护眼壁纸 张子枫,https://m.weibo.cn/detail/5292635185218499
嘻嘻迪/表情包/可爱梗,post,2,粉丝点评/记忆表达明确,吃口饼_,这才是财阀千金厌世感！先天拽姐圣体！太爱了萌宠头像｜治愈系头像头像安利｜卡通手绘｜软萌头像｜审美封神｜可爱爆棚｜毛茸茸萌物｜平板全屏壁纸｜手机超清壁纸｜微博热榜｜无水印原图｜转运好运｜搞怪趣味｜小众独特｜清新温柔｜氛围感拉满｜韩系极简｜高级质感｜闺蜜双人头像｜横屏护眼壁纸 张子枫｜周也｜鞠婧祎｜张婧仪｜欧阳娜娜｜文淇｜陈都灵｜杨幂｜赵今麦｜卢昱晓｜白鹿｜刘亦菲｜Angelababy｜刘浩存｜李兰迪｜徐若晗｜杨超越｜田曦薇｜孟子义｜虞书欣,https://m.weibo.cn/detail/5292615000133180
李长歌与《长歌行》角色记忆,post,2,粉丝点评/记忆表达明确,罗兰懿佳,迪丽热巴超话#迪丽热巴登费加罗闭年刊# dlrb#汪文斌分享迪丽热巴新疆舞# 今天高兴的事情一件接着一件，第一次追星。原来追星那么快乐呀。就像自家的娃一样，看着迪宝那么好真的好骄傲啊。希望我闺女长大了也优秀，就不奢望和热巴一样优秀了吧大家来看长歌行吧，真的很好看！ ​,https://m.weibo.cn/detail/4975309534003567
乔晶晶与《你是我的荣耀》入坑记忆,post,2,粉丝点评/记忆表达明确,小欣贼喜欢8,#迪丽热巴李长歌# dlrb#迪丽热巴乔晶晶# 你们可以嘲笑我追星 但是不能嘲笑我追的星@Dear-迪丽热巴 ​,https://m.weibo.cn/detail/4547866133793362
演员成长与角色群像评价,post,2,粉丝点评/记忆表达明确,回避日记,我每天都在庆幸幸好我粉了一个演员而且还是像迪丽热巴这种“菩萨”型的女演员没绯闻不作妖天生丽质有事业心演技还细腻抓人追星能遇见迪迪真好迪迪说30以后再考虑谈恋爱那爸爸再看管你两年啦两年后迪迪再谈恋爱爸爸就不管你了 ​,https://m.weibo.cn/detail/4547537472061730
白日提灯贺思慕/女鬼鬼王记忆,post,2,粉丝点评/记忆表达明确,8月的迪,迪丽热巴超话#迪丽热巴#dlrb#迪丽热巴白日提灯#dlrb#迪丽热巴贺思慕#龙应该藏在云里，你应该藏在我的心里@Dear-迪丽热巴迪丽热巴丨#迪丽热巴#迪丽热巴白日提灯丨#迪丽热巴白日提灯#丨迪丽热巴贺思慕丨#迪丽热巴贺思慕# ​,https://m.weibo.cn/detail/5294781141877506
行走的油画/神女美貌出圈,post,2,粉丝点评/记忆表达明确,剧永一,它戴斗篷都会有一种美到神圣不可侵犯的感觉，三生三世枕上书有个白色的绝美还被风吹了一下 长歌行那个黑袍也超绝眼神我的妈呀第一眼就被美到迪丽热巴 L剧永一的微博视频 ​,https://m.weibo.cn/detail/5294274427487046
花少/你好星期六等综艺片刻,post,2,粉丝点评/记忆表达明确,追综VIP用户,《花儿与少年·丝路季》第七期火热上线！笑点密集、旅途高能，迪丽热巴的名场面再度刷屏#热门# #综艺# #花儿与少年# L追综VIP用户的微博视频 ​,https://m.weibo.cn/detail/5294130906533693
嘻嘻迪/表情包/可爱梗,post,2,粉丝点评/记忆表达明确,Lucky-星辰-,☀️Wechat｜现在就出发搞笑片段｜经典综艺片段｜气质干净𝐢𝐧𝐬女头 ｜女生头像｜小众头像｜气质头像｜温柔女头｜甜美头像｜韩系女头｜颜值头像 壁纸分享/Wechat背景图/背景图/聊天背景图/壁纸套图/iPhone壁纸/审美积累/手机壁纸/高清/风景/小众 /自喜/猜你喜欢/头像/风景/壁纸/头像 杨幂 刘诗诗 唐嫣 赵丽颖 赵今麦 孙千 周雨彤 张婧仪 周也 范冰冰 谭松韵 关晓彤 景甜 李沁江疏影 秦岚 宋祖儿 陈都灵 张子枫 古,https://m.weibo.cn/detail/5294782148248421
纪云禾与鲛人系角色记忆,post,2,粉丝点评/记忆表达明确,唯8主义论-,迪丽热巴超话#迪丽热巴与君初相识#dlrb#迪丽热巴纪云禾#“其实女生有时候化化妆打扮打扮自己，去买一些漂漂亮亮的小衣服穿上，其实完全就是你自己心情好，我想去做这件事，而不是因为一定要让谁看到要让谁去评价我这现在好不好，完全只是取决于我自己想要去做这件事”——@Dear-迪丽热巴迪丽热巴纪云禾|迪丽热巴恰似故人归|迪丽热巴与君初相识L嘉行迪丽热巴工作室的微博视频,https://m.weibo.cn/detail/5294630396497913
李长歌与《长歌行》角色记忆,post,2,粉丝点评/记忆表达明确,滴丽热巴,𓏴┊𓏵┊𓏴梦回长歌行𓏴┊𓏵┊𓏴 ˖ ᜊ ⊹ 𝓟𝓲𝓷𝓴 𝓜𝓮𝓶𝓸𝓲𝓻𝓼 ⊹ ᜊ ˖ ˖ ᜊ ⊹ Dilraba ⊹ ᜊ ˖ ₊‧Beauty goddess arrived🪡✩‧₊˚迪丽热巴超话 贺思慕#迪丽热巴待播剧# ​,https://m.weibo.cn/detail/5286102031404976
乔晶晶与《你是我的荣耀》入坑记忆,post,2,粉丝点评/记忆表达明确,是面包人8,"#迪丽热巴乔晶晶# 迪8#迪丽热巴吃个彩虹# 迪8#迪丽热巴李长歌# “要一直陪迪丽热巴走下去.她是星光.是我最初的梦.”“To always go with Dilraba, she is the starlight, is my original dream” ​",https://m.weibo.cn/detail/4537785459418678
花少/你好星期六等综艺片刻,post,2,粉丝点评/记忆表达明确,诸葛亮体育,我算看明白了 没有什么事情是你们花少团做不出来的 ❀花儿与少年丝路季 ❀迪丽热巴 ❀娱你安利 L-小鱼小虞的微博视频 ​,https://m.weibo.cn/detail/4972343978887718
乔晶晶与《你是我的荣耀》入坑记忆,post,2,粉丝点评/记忆表达明确,Meiiid_,#迪丽热巴乔晶晶# dlrb#迪丽热巴李长歌# “记住我们是追星人不是摘星人.默默守护好自己的那颗星就好” 2北京·北京优龙会议中心 ​,https://m.weibo.cn/detail/4545705139503721
演员成长与角色群像评价,post,2,粉丝点评/记忆表达明确,今视频长天新闻,【#张译希望用中国故事连接世界#】从演员到评委，他以电影为窗看见世界，以真诚共情打动人心。对话@北京国际电影节 评委@张译 ，谈及创作，他心怀使命与紧迫感，坚持扎根生活、修身养性；立志做电影界的马可・波罗，用中国故事连接世界，传递中国温度与自信。 （北京卫视） L北京卫视的微博视频 ​​​ 更多文娱消息：#歌手2026##张月 挂电##陈律自曝痞幼是他前女友##唐艺昕 何宣林##张颂文没看过狂飙##迪丽热巴跑男只录了12天##井柏然 老,https://m.weibo.cn/detail/5292126909759703
跑男时期综艺名场面,post,2,粉丝点评/记忆表达明确,今视频长天新闻,#一部剧带火一个小镇#【#生命树杨紫的家成了打卡点#】@杨紫 @胡歌 等主演的总台电视剧《生命树》热播后，取景地青海德令哈市柯鲁柯镇，每周都会迎来客流高峰。游客可以打卡老火车站、医院等剧中经典场景，可以体验影视片段实景拍摄。这两天，当地还推了实景演绎、剧情复刻通关等项目，让游客从“看景”变为“入戏”。 （央视新闻）更多文娱消息：#橹穆测速##陈律自曝痞幼是他前女友##唐艺昕 何宣林##歌手2026##浪姐直播疑似没人理何宣林##迪丽热巴,https://m.weibo.cn/detail/5292083877511987
嘻嘻迪/表情包/可爱梗,post,2,粉丝点评/记忆表达明确,葡萄柚绿半糖,𝐇𝐢𝐝𝐞｜少年包青天封神名场面｜隐逸村的开始call back 原来楚楚爹竟然是崇庆七鹰…萌宠头像｜治愈系头像头像安利｜卡通手绘｜软萌头像｜审美封神｜可爱爆棚｜毛茸茸萌物｜平板全屏壁纸｜手机超清壁纸｜小红书热榜｜无水印原图｜转运好运｜搞怪趣味｜小众独特｜清新温柔｜氛围感拉满｜韩系极简｜高级质感｜闺蜜双人头像｜横屏护眼壁纸 张子枫｜周也｜鞠婧祎｜张婧仪｜欧阳娜娜｜文淇｜陈都灵｜杨幂｜赵今麦｜卢昱晓｜白鹿｜刘亦菲｜Angelababy｜刘浩,https://m.weibo.cn/detail/5290057609249770
嘻嘻迪/表情包/可爱梗,post,2,粉丝点评/记忆表达明确,葡萄柚绿半糖,少年包青天封神名场面｜包拯解开干尸之谜 凶手浮出水面萌宠头像｜治愈系头像头像安利｜卡通手绘｜软萌头像｜审美封神｜可爱爆棚｜毛茸茸萌物｜平板全屏壁纸｜手机超清壁纸｜小红书热榜｜无水印原图｜转运好运｜搞怪趣味｜小众独特｜清新温柔｜氛围感拉满｜韩系极简｜高级质感｜闺蜜双人头像｜横屏护眼壁纸 张子枫｜周也｜鞠婧祎｜张婧仪｜欧阳娜娜｜文淇｜陈都灵｜杨幂｜赵今麦｜卢昱晓｜白鹿｜刘亦菲｜Angelababy｜刘浩存｜李兰迪｜徐若晗｜杨超越｜田曦薇｜孟,https://m.weibo.cn/detail/5285400488445238
嘻嘻迪/表情包/可爱梗,post,2,粉丝点评/记忆表达明确,吃口饼_,王安宇：你们又踢我出局啊～萌宠头像｜治愈系头像头像安利｜卡通手绘｜软萌头像｜审美封神｜可爱爆棚｜毛茸茸萌物｜平板全屏壁纸｜手机超清壁纸｜微博热榜｜无水印原图｜转运好运｜搞怪趣味｜小众独特｜清新温柔｜氛围感拉满｜韩系极简｜高级质感｜闺蜜双人头像｜横屏护眼壁纸 张子枫｜周也｜鞠婧祎｜张婧仪｜欧阳娜娜｜文淇｜陈都灵｜杨幂｜赵今麦｜卢昱晓｜白鹿｜刘亦菲｜Angelababy｜刘浩存｜李兰迪｜徐若晗｜杨超越｜田曦薇｜孟子义｜虞书欣｜迪丽热巴｜刘诗,https://m.weibo.cn/detail/5285359053439867
白日提灯贺思慕/女鬼鬼王记忆,post,2,粉丝点评/记忆表达明确,尼克安闲,#今日头三条体育娱乐新闻##ai##豆包三条##千问三条##deepseek三条##微博热点优质创作计划##带你涨知识##校园v计划#校园超话 今日头三条体育娱乐新闻（2026年03月28日）豆包三条1. 苏翊鸣世界杯双冠封神（国内体育）3月28日，国际雪联官宣：苏翊鸣斩获2025-2026赛季单板滑雪坡面障碍技巧世界杯总冠军。继大跳台总冠军后，包揽两项目赛季水晶球，实现世界杯双冠。本赛季出战4场全部登领奖台（2金1银1铜），加米兰冬,https://m.weibo.cn/detail/5281367400906942
新疆舞与舞台表现名场面,post,2,粉丝点评/记忆表达明确,落单布谷鸟--打工蚁族音乐家国峰,支点许巍莫文蔚 申国峰 梁静茹庄心妍崔健2024广西桂林大学城泸沽湖畔慰问找工作毕业生剩女剩男演出现场#梁静茹一开口回忆全来了 #驻唱歌手 #心如止水翻唱 王琪#流淌的美好时光##淡淡的略过神秘又美丽##王一博冰雨火##我要上热门##迪丽热巴[超话]# L落单布谷鸟--歌唱流浪打工仔国峰的微博视频#开门迎春晚全网征集##开门迎春晚##易烊千玺[超话]#,https://m.weibo.cn/detail/5268099659989143
爱丽丝与热巴的双向奔赴,post,2,粉丝点评/记忆表达明确,一屉小憨包,迪丽热巴超话 dlrb#迪丽热巴聂九罗# 1 2023.04.06 → 2026.04.06，整整三年。不是三分钟热度，是细水长流的陪伴。感谢这段时光有你，未来继续做你的爱丽丝💖@Dear-迪丽热巴 ​,https://m.weibo.cn/detail/5284653012619404
任安乐/帝梓元角色记忆,post,2,粉丝点评/记忆表达明确,热爱巴88,任安乐超话 2023，不负热爱！我在#超话大赏#为 任安乐超话 投入一份热爱，速来 2023超话大赏 安乐传超话任安乐超话迪丽热巴超话 ​,https://m.weibo.cn/detail/4975585313686501
任安乐/帝梓元角色记忆,post,2,粉丝点评/记忆表达明确,热爱巴88,任安乐超话 爱TA多一点！我为 任安乐超话 增加了1点热爱值！2023#超话大赏#等你一起奔赴热爱！2023超话大赏 我对一个叫任安乐的女子动过心，但我这一世都会护着帝梓元#迪丽热巴任安乐# ​,https://m.weibo.cn/detail/4975584830293663
纪云禾与鲛人系角色记忆,post,2,粉丝点评/记忆表达明确,Rhocturnal,#迪丽热巴 古偶#如果你也看迪丽热巴古偶的话……《与君初相识.恰似故人归》 热播期脱水集均3700w+ 2022年优酷年冠现在热播的《白日提灯》看过的都说好我愿称之为迪丽热巴演技大赏 清明在家可以一口气看15集《白日提灯》今晚的归墟副本好看到爆炸💥如果你也爱看迪丽热巴的古偶那我们就是好姐妹,https://m.weibo.cn/detail/5283347766188274
任安乐/帝梓元角色记忆,post,2,粉丝点评/记忆表达明确,人狂性子傲_cwl,迪丽热巴超话#迪丽热巴利剑玫瑰#dlrb#迪丽热巴邓妍#2022年活动造型合集ᴵ ˡⁱᵏᵉ ᵃˡˡ ᵗʰᵉ ʷᵃʸ ʸᵒᵘ ˡᵒᵒᵏ.你所有的样子 我都喜欢迪丽热巴安乐传|任安乐|迪丽热巴帝梓元|迪丽热巴公诉|安旎@Dear-迪丽热巴 Lduoduoxixixi的微博视频 ​​​,https://m.weibo.cn/detail/5279057271066761
乔晶晶与《你是我的荣耀》入坑记忆,post,2,粉丝点评/记忆表达明确,安安琪儿2037,卧槽刚才@我人的@魏大勋 粉丝了啊？呵🙃说说吧这时间从2022年的照片杨洋是吧是因为迪丽热巴和杨洋演(你是我的荣耀)看完开始粉杨洋和迪丽热巴，然后因为有迪丽热巴上花儿与少年，我是因迪丽热巴看上花儿与少年然后就粉朵拉哑音秦岚了，再说以前事微博新闻说的魏大勋和秦岚谈恋爱吧是吧，如以我告诉他@魏大勋 好好对秦岚。@我人的粉丝你大脑丟了好吧请你麻烦看看时间好不好，本来就是爱一个扔一个，再说花儿与少年等播完了，就爱下一个了好无语请麻烦看看时间帮我,https://m.weibo.cn/detail/4975390621173717
红毯神图与高定封神造型,post,2,粉丝点评/记忆表达明确,音潮狗狗派,章子怡又垫肩了。 第几次了？数不清。 红毯上那副“钢筋铁骨”，隔着屏幕都觉得硌得慌。 看看这直角肩风潮怎么来的： 2021年起，女明星开始“肩部军备竞赛”。迪丽热巴、倪妮、钟楚曦。。个个把肩膀凹成直角尺。 钟楚曦甚至出过教程：挺胸、旋肩胛骨、下沉斜方肌，三秒速成。 医学上这叫“肩胛骨下回旋综合征”，是病。 但她们不在乎。 红毯如战场，垫肩是盔甲。 谁肩膀不够平，谁就输了气场。 可你发现没？ 真正定格的经典美人，刘亦菲那样的溜肩，反而温润,https://m.weibo.cn/detail/5290261804485158
乔晶晶与《你是我的荣耀》入坑记忆,post,2,粉丝点评/记忆表达明确,醒醒小回__,迪丽热巴超话 其实当你在说这些台词的时候，也一定融入了你的想法吧。你这么多年来也一直以这个标准要求自己，公诉、长歌行、利剑玫瑰都是很有社会意义的剧，谢谢你选择演员这个行业。你热爱演戏，我们陪你。第一次看的时候是2021年，那时我才初三，很多台词我都没有看懂，直到今天我重刷，才终于懂得乔晶晶真正的魅力。她配得感高，从不觉得自卑，主体性强，别人夸于途，乔晶晶会说“那是因为我足够好”。这几年热巴一直潜心贯注演技，上的综艺少之又少，但是足够出,https://m.weibo.cn/detail/5279780220963539
红毯神图与高定封神造型,post,2,粉丝点评/记忆表达明确,琪花瑛草,#迪丽热巴18秒超强压迫感#迪丽热巴超话#时尚# 迪丽热巴，堪称红毯界的“定海神针”，每一次登场都能掀起时尚巨浪。 在北京W年度光影盛典上，迪丽热巴身着2025秋冬高定黑色烫金鱼尾裙，黑金配色搭配大光明盘发，手持烟斗道具，一出场就将复古女王的气场拉满，古典好莱坞式的权力与松弛感被她演绎得淋漓尽致，仿若建模的身材比例更是直接碾压全场，这片红毯俨然是她的专属主场。 她的红毯造型从不重样且各有姓名：“复古东方赫本”造型，完美融合东方优雅与西,https://m.weibo.cn/detail/5229391220574780
新疆舞与舞台表现名场面,post,2,粉丝点评/记忆表达明确,爱吃热巴,迪丽热巴超话迪父是国家一级演员 迪巴是内娱唯一女顶流 有其父必有其女 主打一个帅 迪力木拉提·爱拜杜拉是热巴的父亲 他是国家一级演员 虽然在国内名气不高 但在新疆是出了名的红人 迪丽热巴能上大舞台也是因为迪父 自从迪父热巴推上舞蹈之路 她就一直很努力 成果也不少 首先出圈从来不靠高定 美貌是第一生产力 迪丽热巴三大主流奖均有提名 2020年最佳女演员被提名者 中国只有迪丽热巴入围 登上白玉兰灯光秀 内娱唯一女星 超话大咖数第一 是我家,https://m.weibo.cn/detail/4955072965120204
红毯神图与高定封神造型,post,2,粉丝点评/记忆表达明确,洛汐辰是迪迪的Yeh,迪丽热巴超话2020.12.20#迪丽热巴专属考古基地# 腾讯视频星光大赏第二套晚会造型#迪丽热巴# ​,https://m.weibo.cn/detail/5276400177391183
白日提灯贺思慕/女鬼鬼王记忆,post,2,粉丝点评/记忆表达明确,年年不香菜,迪丽热巴超话dlrb#迪丽热巴贺思慕# dlrb#迪丽热巴白日提灯# 宝宝的2019是在好多人的赞美中度过的 ​,https://m.weibo.cn/detail/5281162286338272
新疆舞与舞台表现名场面,post,2,粉丝点评/记忆表达明确,冬冬鼓,#任豪伟大的爱豆时期##任豪连热巴都夸帅的人# 创造营2019的经典名场面里一定有任豪，颜值出众舞台亮眼，连热巴都夸赞过，如今在演员路上稳步前进，让人反复心动。 L冬冬鼓的微博视频 ​,https://m.weibo.cn/detail/5280312955503467
迪拜报平安/守护型记忆,post,2,粉丝点评/记忆表达明确,枫山岚漫,#迪丽热巴 滞留迪拜# 当年李易峰2019年上半年跟欢瑞合约到期不续，稍微查查就知道，李易峰作为在2016年青云志网播量年冠，麻雀央视卫视全平台收视率年度总亚军的一年双爆剧的双百亿先生，在2017年2018年2019年一连三年竟然无剧播出艺人方面觉得自己没有一红就拍屁股毁约走人，坚持到约满才离开，已经仁至义尽。公司却永远不知足，不续约就给你颜色看看元宵佳节，希望每一个中国人平安，芙渠小师妹真不容易啊，唉~,https://m.weibo.cn/detail/5272501363934431
乔晶晶与《你是我的荣耀》入坑记忆,post,2,粉丝点评/记忆表达明确,上火加上头,#迪丽热巴李长歌# @Dear-迪丽热巴 #迪丽热巴乔晶晶# 2019创造营总决赛真的好喜欢这次的造型和妆发（图源网络） ​,https://m.weibo.cn/detail/4546180724032632
花少/你好星期六等综艺片刻,post,2,粉丝点评/记忆表达明确,哪里可爱啦,迪丽热巴超话 梦回2018是我们古灵精怪的七七呀#迪丽热巴变身店小二后梦回凌凌七##迪丽热巴花儿与少年##迪丽热巴# ​,https://m.weibo.cn/detail/4963430044009205
跑男时期综艺名场面,post,2,粉丝点评/记忆表达明确,幸运小能毛,迪丽热巴2017年作为常驻嘉宾加盟《奔跑吧》第五季，实际录制时长仅12天，却凭借鲜活表现留下贯穿整季的经典名场面，这一冷知识近期翻红登上热搜。但迪丽热巴作为常驻嘉宾参与的是《奔跑吧第五季》（即《奔跑吧兄弟》第九季），网络流传的“只录了12天”说法很可能源于对“录制了12期节目”的误传或对录制日程的不准确描述。 “12天”很可能是误传‌：综艺节目的“期”与实际“录制天数”并非简单对等。一季节目通常会在一个集中的时间段内完成多期内容的录制，,https://m.weibo.cn/detail/5292004663889495
演员成长与角色群像评价,post,2,粉丝点评/记忆表达明确,金豆咖啡,#迪丽热巴陈飞宇一个爆炸头一个牛舔头#​哈哈哈哈！谁能想到几年前的爆炸头和寸头，现在要一起演灵主和将军了，这缘分太妙了！原来迪丽热巴和陈飞宇早有交集！爆炸头vs牛舔头，这青涩感谁看了不喊一句好配！说真的，这组老图刚刷到的时候，我第一反应是：“这俩居然还有这么青涩的时候？”迪丽热巴那爆炸头，真的是把“复古叛逆”焊在头上了，跟她现在精致大气的样子反差超大；陈飞宇那寸头，干净利落，少年感拉满，跟现在的模样也差了点意思。网友说“好磕”，其实也不,https://m.weibo.cn/detail/5280373567393245
白日提灯贺思慕/女鬼鬼王记忆,post,2,粉丝点评/记忆表达明确,予迪87封信,迪丽热巴超话 贺思慕 #迪丽热巴白日提灯# dlrb #迪丽热巴贺思慕# dlrb #白日提灯# 心怀大义守护人间与灵界，贺思慕格局拉满，迪丽热巴快诠释这气魄！各种增加预约方法微博正文迪丽热巴 |白日提灯 |虽然不能同时拥有一切| 贺思慕 | 卫蓝 @Dear-迪丽热巴L网剧慕胥辞的微博视频 ​,https://m.weibo.cn/detail/5282665733292632
白日提灯贺思慕/女鬼鬼王记忆,post,2,粉丝点评/记忆表达明确,我是d丽热b的丽,迪丽热巴超话 贺思慕#迪丽热巴白日提灯# dlrb #迪丽热巴贺思慕# dlrb #白日提灯# 心怀大义守护人间与灵界，贺思慕格局拉满，迪丽热巴快诠释这气魄！预约 O明星作品上榜信息各种增加预约方法微博正文迪丽热巴 |白日提灯 |虽然不能同时拥有一切| 贺思慕 | 卫蓝 @Dear-迪丽热巴L网剧慕胥辞的微博视频,https://m.weibo.cn/detail/5282665695543512
白日提灯贺思慕/女鬼鬼王记忆,post,2,粉丝点评/记忆表达明确,詅按提宝宝,#迪丽热巴慕胥辞#dlrb #迪丽热巴贺思慕# “大雾四起，我在无人处爱你；大雾散去，我爱你人尽皆知”@Dear-迪丽热巴 ​​​,https://m.weibo.cn/detail/5183371789471723
白日提灯贺思慕/女鬼鬼王记忆,post,2,粉丝点评/记忆表达明确,詅按提宝宝,#迪丽热巴贺思慕我见犹怜具象化# dlrb#迪丽热巴陈飞宇慕胥辞初遇名场面# 美人杀人不用刀，勾魂夺魄全在脸@Dear-迪丽热巴 ​​​,https://m.weibo.cn/detail/5183371764566114
白日提灯贺思慕/女鬼鬼王记忆,post,2,粉丝点评/记忆表达明确,詅按提宝宝,#迪丽热巴慕胥辞#dlrb #迪丽热巴贺思慕# “大雾四起，我在无人处爱你；大雾散去，我爱你人尽皆知”@Dear-迪丽热巴 ​​​,https://m.weibo.cn/detail/5183371715806164
白日提灯贺思慕/女鬼鬼王记忆,post,2,粉丝点评/记忆表达明确,黑黑黑不溜秋0603,#向全世界安利我担##微博之夜# dlrb #迪丽热巴聂九罗# dlrb #枭起青壤#自秦始，猎枭军，一入黑白涧，人为枭鬼，枭为人魔。看刀家后人聂九罗@Dear-迪丽热巴 孤注一掷，绝境逢生。预约 O明星作品上榜信息各种增加预约方法微博正文迪丽热巴 | 枭起青壤 | |慕胥辞 |聂九罗 | 贺思慕 | @Dear-迪丽热巴L枭起青壤官微的微博视频,https://m.weibo.cn/detail/5250050781086866
枭起青壤/聂九罗表演突破,post,2,粉丝点评/记忆表达明确,没有任何一个选择能同时拥有一切,迪丽热巴超话#迪丽热巴枭起青壤# ​​​dlrb#迪丽热巴聂九罗#海的那边就是海 我的心里也是.𝐴𝑛𝑦 𝑠𝘩𝑖𝑝 𝑤𝑖𝑡𝘩𝑜𝑢𝑡 𝑑𝑖𝑟𝑒𝑐𝑡𝑖𝑜𝑛 𝑖𝑠 𝑎𝑔𝑎𝑖𝑛𝑠𝑡 𝑡𝘩 𝑤𝑖𝑛𝑑.@Dear-迪丽热巴#迪丽热巴聂九罗# dlrb #迪丽热巴枭起青壤# 迪丽热巴｜枭起青壤｜聂九罗@Dear-迪丽热巴,https://m.weibo.cn/detail/5018119458262284
枭起青壤/聂九罗表演突破,post,2,粉丝点评/记忆表达明确,奶疙瘩H_,迪丽热巴超话#迪丽热巴腿环##林俊杰演唱会 迪丽热巴##迪丽热巴聂九罗# dlrb #迪丽热巴枭起青壤# dlrb #迪丽热巴#哇哇哇是我们又甜又萌的寨主任安乐 谁看了都想抱回家预约利剑玫瑰O利剑·玫瑰迪丽热巴 | 枭起青壤 | 利剑玫瑰 | 开始推理吧 | 聂九罗 | 邓妍@Dear-迪丽热巴L西升月的微博视频,https://m.weibo.cn/detail/5018117397023913
枭起青壤/聂九罗表演突破,post,2,粉丝点评/记忆表达明确,卡酷巴-2,迪丽热巴超话#和迪丽热巴邂逅夏天# dlrb#夏日青春派对# dlrb #迪丽热巴#纪云禾你若能抉择来世的命运 愿你能够自由来去预约枭起青壤O枭起青壤迪丽热巴 | 枭起青壤 | 利剑玫瑰 | 开始推理吧 | 聂九罗 | 邓妍@Dear-迪丽热巴L们爱丽丝的微博视频 ​,https://m.weibo.cn/detail/5051099952972903
枭起青壤/聂九罗表演突破,post,2,粉丝点评/记忆表达明确,微笑迪迪Dear,迪丽热巴超话#和迪丽热巴邂逅夏天# dlrb#夏日青春派对# dlrb #迪丽热巴#连风都在偏爱的女人迪丽热巴每一步都踩在我的心上预约枭起青壤O枭起青壤迪丽热巴 | 枭起青壤 | 利剑玫瑰 | 开始推理吧 | 聂九罗 | 邓妍@Dear-迪丽热巴 ​,https://m.weibo.cn/detail/5051099930953991
枭起青壤/聂九罗表演突破,post,2,粉丝点评/记忆表达明确,小巴打太极,#和迪丽热巴邂逅夏天# dlrb#夏日青春派对# dlrb #迪丽热巴#没有人能逃过热巴的古装!看一眼就沦陷，演技好的美女谁能不爱啊预约枭起青壤O枭起青壤迪丽热巴 | 枭起青壤 | 利剑玫瑰 | 开始推理吧 | 聂九罗 | 邓妍@Dear-迪丽热巴 L一阵阵疯的微博视频 ​,https://m.weibo.cn/detail/5051099545870484
行走的油画/神女美貌出圈,post,2,粉丝点评/记忆表达明确,VALEN2711,#迪丽热巴微博之夜发型拆解#嗯嗯看了一遍又一遍愣是没看懂光顾着欣赏美貌了只知道出山即出圈@Dear-迪丽热巴 ​,https://m.weibo.cn/detail/4885488886616410
李长歌与《长歌行》角色记忆,post,2,粉丝点评/记忆表达明确,樱桃欣欣28,两周年咯 真的好快 上次提到长歌行还是在小学捏 特别清楚的记得当时坐我旁边的人天天听我念叨我的歌隼 后来就也就在我的比比叨叨下听说了一些迪丽热巴吴磊咯 如果没记错的话我当时真的天天都在说 这部剧在我的心里是和苍兰诀平起平坐的 真的超级喜欢！特别爱我的古偶🔝就是感觉它和其他的不一样（没有踩一捧一 哦对了我们还唱过光的方向哈哈哈哈哈哈很尴尬又很值得😻,https://m.weibo.cn/detail/4885487909340590
任安乐/帝梓元角色记忆,post,2,粉丝点评/记忆表达明确,DHLMLYT,#迪丽热巴公诉# dlrb#迪丽热巴安旎# “我在拍戏之前买了语法律相关的书籍来着 ，感觉法律很严肃 ，又很有温度 ，如果我们在生活中早一点普及法律常识 ，那就会让很多人少走弯路 。”——@Dear-迪丽热巴迪丽热巴公诉|安旎|迪丽热巴安乐传|任安乐|帝梓元@Dear-迪丽热巴 #迪丽热巴公诉#dlrb#迪丽热巴安旎#,https://m.weibo.cn/detail/4885477670523264
任安乐/帝梓元角色记忆,post,2,粉丝点评/记忆表达明确,亭惊溯初,迪丽热巴超话#迪丽热巴微博之夜发型拆解#dlrb #迪丽热巴公诉# “我对你的爱就像百合花的花语一样，纯洁而伟大 🌷” 𝓜𝓎 𝓁𝓸𝓋𝓮 𝒻𝓸𝓇 𝓎𝓸𝓊 𝒾𝓈 𝒶𝓈 𝓅𝓊𝓇𝓮 𝒶𝓃𝒹 𝓰𝓇𝓮𝒶𝓉 𝒶𝓈 𝓉𝒽𝓮 𝒻𝓁𝓸𝓌𝓮𝓇 𝓸@Dear-迪丽热巴迪丽热巴公诉|安旎|迪丽热巴安乐传|任安乐|帝梓元@Dear-迪丽热巴 #迪丽热巴公诉#dlrb#迪丽热巴安旎#,https://m.weibo.cn/detail/4885473056523597
任安乐/帝梓元角色记忆,post,2,粉丝点评/记忆表达明确,亭惊溯初,迪丽热巴超话#迪丽热巴新剧公诉精英改名#dlrb #迪丽热巴公诉#· 以花之名 言我所爱 · · 𝒮𝒶𝓎 𝓌𝒽𝒶𝓉 𝐼 𝓁𝑜𝓋𝑒 𝒾𝓃 𝓉𝒽𝑒 𝓃𝒶𝓂𝑒 𝑜𝒻 𝓉𝒽𝑒 𝒻𝓁𝑜𝓌𝑒𝓇 ·@Dear-迪丽热巴 迪丽热巴公诉|安旎|迪丽热巴安乐传|任安乐|帝梓元@Dear-迪丽热巴 #迪丽热巴公诉#dlrb#迪丽热巴安旎#,https://m.weibo.cn/detail/4885472884556728
任安乐/帝梓元角色记忆,post,2,粉丝点评/记忆表达明确,莳静初翊,"迪丽热巴超话迪丽热巴超话#迪丽热巴公诉#dlrb#迪丽热巴安旎#“在这个喧嚣的冬季，闪闪发光吧我的大明星” ""𝓘𝓷 𝓽𝓱𝓲𝓼 𝓷𝓸𝓲𝓼𝔂 𝔀𝓲𝓷𝓽𝓮𝓻, 𝓼𝓱𝓲𝓷𝓮 𝓶𝔂 𝓫𝓲𝓰 𝓼𝓽𝓪𝓻.""迪丽热巴公诉|安旎|迪丽热巴安乐传|任安乐|帝梓元 @Dear-迪丽热巴",https://m.weibo.cn/detail/4885455965787560
李长歌与《长歌行》角色记忆,post,2,粉丝点评/记忆表达明确,带着迪迪去散步,"迪丽热巴超话#迪丽热巴微博之夜发型拆解# dlrb#迪丽热巴新剧公诉精英改名# dlrb#长歌行播出两周年了# dlrb#公诉# 你是神殿陨落的爱神 是救赎我的玫瑰''𝓨𝓸𝓾 𝓪 𝓸𝓯 𝓽𝓱𝓮 𝓽𝓮𝓶𝓹𝓵𝓮, 𝓽𝓱𝓮 𝓻𝓸𝓼𝓮 𝓽𝓱𝓪𝓽 𝓻𝓮𝓭𝓮𝓮𝓶𝓼 𝓶𝓮.@Dear-迪丽热巴",https://m.weibo.cn/detail/4885449947221228
李长歌与《长歌行》角色记忆,post,2,粉丝点评/记忆表达明确,樱桃颂d8,"迪丽热巴超话#迪丽热巴微博之夜发型拆解# dlrb#迪丽热巴新剧公诉精英改名# dlrb#长歌行播出两周年了# dlrb#公诉# 你是神殿陨落的爱神 是救赎我的玫瑰''𝓨𝓸𝓾 𝓪 𝓸𝓯 𝓽𝓱𝓮 𝓽𝓮𝓶𝓹𝓵𝓮, 𝓽𝓱𝓮 𝓻𝓸𝓼𝓮 𝓽𝓱𝓪𝓽 𝓻𝓮𝓭𝓮𝓮𝓶𝓼 𝓶𝓮.@Dear-迪丽热巴",https://m.weibo.cn/detail/4885448239615968
任安乐/帝梓元角色记忆,post,2,粉丝点评/记忆表达明确,Dira_小猫尾巴,迪丽热巴超话#长歌行播出两周年了# dlrb#迪丽热巴微博之夜发型拆解# 让长歌成为串联起大唐群像的一条线，我们跟着她走过的路，去见识见识那些有血有肉有脾性的人们，通过那些群像窥见大唐一角，这才是大女主的意义@Dear-迪丽热巴 想念长歌的n天迪丽热巴公诉|安旎|迪丽热巴安乐传|任安乐|帝梓元@Dear-迪丽热巴 #迪丽热巴公诉#dlrb#迪丽热巴安旎#,https://m.weibo.cn/detail/4885445323793011
任安乐/帝梓元角色记忆,post,2,粉丝点评/记忆表达明确,梦A迪宝,迪丽热巴超话#迪丽热巴公诉# dlrb#迪丽热巴安乐传# “很多人会以为你到了这个程度一定选择很多，你没拍戏就代表没有一个本子找来。并不是这样的，我会为一个喜欢的角色等待许久。”——@Dear-迪丽热巴迪丽热巴公诉|安旎|迪丽热巴安乐传|任安乐|帝梓元@Dear-迪丽热巴 #迪丽热巴公诉#dlrb#迪丽热巴安旎#,https://m.weibo.cn/detail/4885434401819979
任安乐/帝梓元角色记忆,post,2,粉丝点评/记忆表达明确,-秦雾凉阮提-,"#迪丽热巴新剧公诉精英改名# dlrb#长歌行播出两周年了# dlrb#迪丽热巴任安乐#dlrb#迪丽热巴安乐传#电视剧安乐传超话“你是帝家后人，聚和散，无休上演”襟飘带舞,裙裾飞扬,我那命运般的安乐寨主，什么时候才能团圆😭😭迪丽热巴安乐传|任安乐|帝梓元|迪丽热巴公诉|安旎 @Dear-迪丽热巴L唐沁GARBAGE的微博视频",https://m.weibo.cn/detail/4885424336801062
演员成长与角色群像评价,post,2,粉丝点评/记忆表达明确,_橘子汽水_-,#迪丽热巴公诉豆瓣开分6.6#dlrb#迪丽热巴公诉# 不错，还可以再高点，演员们台词演技都很好，迪丽热巴未来可期 ​​​,https://m.weibo.cn/detail/4918465943838583
演员成长与角色群像评价,post,2,粉丝点评/记忆表达明确,大爱白夜之城,#迪丽热巴公诉豆瓣开分6.6# 公诉值得更高分。一个个由现真实案件改变故事，多少个家庭的血泪给出的教训。演员全员演技在线，台词清晰，女主头脑清醒，职业敏感度高，专业干练，怎么就不值个更高分了呢？傻白甜看多了，看有脑子的女主不习惯是吗？ ​,https://m.weibo.cn/detail/4918465741456855
任安乐/帝梓元角色记忆,post,2,粉丝点评/记忆表达明确,和迪迪看世界,#迪丽热巴0603生日快乐#dlrb#迪丽热巴任安乐#电视剧安乐传超话“是风动，还是幡动”是心动💓我们的安乐寨寨主快来吧，真的等不及了迪丽热巴任安乐|帝梓元|安乐传|迪丽热巴公诉精英|安旎 @Dear-迪丽热巴Ltodayis-lly的微博视频 ​,https://m.weibo.cn/detail/4918464593004355
任安乐/帝梓元角色记忆,post,2,粉丝点评/记忆表达明确,捞起月亮的小咪,#迪丽热巴公诉精英豆瓣开分6.6# dlrb#迪丽热巴安旎# “人间山高水远 心中有玫瑰 心中有桔梗 爱不会被尘封 我对你永远热恋” ​@Dear-迪丽热巴 迪丽热巴公诉|迪丽热巴安旎|迪丽热巴安乐传|迪丽热巴任安乐|迪丽热巴帝梓元 @Dear-迪丽热巴 #迪丽热巴#dlrb#迪丽热巴安旎#dlrb#迪丽热巴公诉# ​,https://m.weibo.cn/detail/4918464568104546
演员成长与角色群像评价,post,2,粉丝点评/记忆表达明确,JsXu97,迪丽热巴超话#迪丽热巴公诉豆瓣开分6.6# 低了，起码7分以上呀，剧情很不错，演技都在线，台词也很棒，还能学到好多防诈小知识，不说了，去二刷了 2北京 ​,https://m.weibo.cn/detail/4918464395871764
生日生贺与小小迪陪伴记忆,post,2,粉丝点评/记忆表达明确,喝一杯热可可巴,迪丽热巴超话#迪丽热巴0603生日快乐#dlrb#迪丽热巴利剑玫瑰#用初心与热血照亮孩子回家的路，利剑出鞘，向黑暗宣战，盛放的玫瑰装载着主义者的信念。期待《利剑玫瑰》，期待邓妍@Dear-迪丽热巴 警官！迪丽热巴利剑玫瑰|邓妍|迪丽热巴公诉|安旎@Dear-迪丽热巴 ​,https://m.weibo.cn/detail/4918463518217318
演员成长与角色群像评价,post,2,粉丝点评/记忆表达明确,解放自我的枷锁,#迪丽热巴公诉豆瓣开分6.6#虽然我料想到了有热巴的剧不会有好消息 但是还是忍不住失望 明明大家都是有思想的人 偏偏因为偏见对她如此苛刻 美貌一时承认一时不承认 演技曾经认可过又被全盘否定 真的心酸 迪丽热巴是演员 安旎是角色 希望有🧠的人可以分开 因为一部剧不是只有她 没看过的人 没资格做评价 至于真假只有你自己心里有数 问心无愧就行 公诉值得更好的！,https://m.weibo.cn/detail/4918463347032275
纪云禾与鲛人系角色记忆,post,2,粉丝点评/记忆表达明确,Richleeeee,#恰似故人归# 纪云禾真是女主控的最爱呀“我纪云禾生来好胜不服管，就喜欢知其不可为而为之。”明明是最向往自 由 的 灵 魂，却一次次被 囚 禁，从万花谷到仙师府。她始终是断崖上那个霸气又不羁的纪云禾。期待电视剧恰似故人归超话 @Dear-迪丽热巴 【迪丽热巴恰似故人归纪云禾】#迪丽热巴恰似故人归# dlrb#迪丽热巴纪云禾# L俺八段酱的微博视频,https://m.weibo.cn/detail/4753212458932298
嘻嘻迪/表情包/可爱梗,post,2,粉丝点评/记忆表达明确,dlrbwcx我爱你,#迪丽热巴专属考古基地# “我觉得不管到什么年纪，可能人的眼神里会透露出一种沧桑感，或者经历了很多事情，很有故事的一双眼睛 当然我也希望自己会有故事，但是我希望那些故事是藏在我的脑袋里，眼睛里还是会像小孩子一样 因为这样的人永远都会很可爱，永远都会对这个世界报有善意，永远都会用一种美好的心去看待这个世界”—— @Dear-迪丽热巴#一年一度粉丝考古大赛# dlrb#请回答x时代# L嘉行迪丽热巴工作室的微博视频,https://m.weibo.cn/detail/4753173916683387
纪云禾与鲛人系角色记忆,post,2,粉丝点评/记忆表达明确,diireebaii-蛋挞小巴,"#迪丽热巴与君初相识# dlrb#迪丽热巴纪云禾# 黑暗无光的深渊世界 我遇见了万丈光芒的你𝓘𝓷 𝓽𝓱𝓮 𝓭𝓪𝓻𝓴 𝓪𝓷𝓭 𝓭𝓪𝓻𝓴 𝔀𝓸𝓻𝓵𝓭 𝓸𝓯 𝓽𝓱𝓮 𝓪𝓫𝔂𝓼𝓼, 𝓘 𝓶𝓮𝓽 𝔂𝓸𝓾 𝔀𝓲𝓽𝓱 𝓰𝓻𝓮𝓪𝓽 𝓵𝓲𝓰𝓱𝓽@Dear-迪丽热巴",https://m.weibo.cn/detail/4753173203914114
纪云禾与鲛人系角色记忆,post,2,粉丝点评/记忆表达明确,帝无双,#迪丽热巴说自由的味道有股瓜味# 今晚《驭鲛记之与君初相识》继续更新，纪云禾@Dear-迪丽热巴 抓住结界松动时机成功短暂地拥抱了一下自由，没想到却意外知道了仙师的秘密，吃到一手瓜！而之后她虽然又被困住，不过通过共情之力成功说服天君与她结盟，达成救援小分队！希望纪云禾下次的逃跑可以成功啊 #纪云禾不是驭心是共情#,https://m.weibo.cn/detail/4753162672276948
李长歌与《长歌行》角色记忆,post,2,粉丝点评/记忆表达明确,帮帮拉515,2021年电视剧白皮书:迪丽热巴 #你是我的荣耀# 荣获2个冠军，#叛逆者# 赘婿 #风起洛阳##雪中悍刀行##王牌部队##扫黑风暴# 都表现不错。【2021年综合热度TOP20剧集】赘婿、风起洛阳、雪中悍刀行、王牌部队、扫黑风暴、你是我的荣耀、斗罗大陆、斛珠夫人、长歌行、一生一世、千古玦尘、锦心似玉、叛逆者、女心理师、爱上特种兵、司藤、小敏家、突围、小舍得、周生如故【2021年综合口碑TOP10剧集】山海情、觉醒年代、功勋、大江大河2,https://m.weibo.cn/detail/4753160248234363
纪云禾与鲛人系角色记忆,post,2,粉丝点评/记忆表达明确,妮妮冲吧,电视剧与君初相识超话#仙侠剧女主终于支棱起来了##迪丽热巴纪云禾# 总是反复被纪云禾感动 她始终忠于自我：从未放弃外面那个向往的世界，努力去实现自己和洛洛的梦；她真挚又善良：训御灵兽从不用暴虐的手段而是真心换真心，所以地仙都爱她；她坚定又执着：为了保护心爱的人，宁可自己被误会折磨多年，真是个“傻丫头”；她勇敢又坚韧：面对黑暗和暴虐从不退缩，孤身守崖，千疮百孔也不会退；这就是我们的纪云禾呀，即使对峙过绝望也不曾哭一场，我永远爱她。纪云禾,https://m.weibo.cn/detail/4753125054089195
纪云禾与鲛人系角色记忆,post,2,粉丝点评/记忆表达明确,故人戏0603,#仙侠剧女主终于支棱起来了# 与君初相识迪丽热巴纪云禾演的就是好棒啊本i女强就是喜欢看啊我看有些人在哪吹尬的才是真的尬吧管天管地管还不许人家喜欢看？纪云禾就是牛啊！！！【迪丽热巴与君初相识纪云禾】#迪丽热巴与君初相识#dlrb#迪丽热巴纪云禾#@Dear-迪丽热巴,https://m.weibo.cn/detail/4753102928611211
纪云禾与鲛人系角色记忆,post,2,粉丝点评/记忆表达明确,Ivycrayon,#仙侠剧女主终于支棱起来了# “当年，她便愿冒死将你推落悬崖，放你离开。而后又独自舍命相搏，帮你挡了身后追兵……” “她是为何杀你，为何被擒，又是为何被我极尽折磨，过的那六年？”“好啊好……这个纪云禾，却是连真相也舍不得让你知道！” 这就是你心中最好的仙侠女主纪云禾!#迪丽热巴纪云禾##与君初相识#,https://m.weibo.cn/detail/4753094061067697
生日生贺与小小迪陪伴记忆,post,2,粉丝点评/记忆表达明确,迪迪卫不打烊_,迪丽热巴超话#迪丽热巴#dlrb #迪丽热巴0603生日快乐# “希望我的女孩永远开心无忧无虑，不要被流言蜚语影响心情”@Dear-迪丽热巴 ​,https://m.weibo.cn/detail/4819534319452295
任安乐/帝梓元角色记忆,post,2,粉丝点评/记忆表达明确,泡泡巴啦,#迪丽热巴任安乐#dlrb#迪丽热巴安乐传#电视剧安乐传超话我叫任安乐～我是辣痞寨主等你来撩💖实在不行了，本寨主智勇双全来撩你啦😌迪丽热巴任安乐|帝梓元|安乐传|迪丽热巴公诉精英|安旎 @Dear-迪丽热巴L真真巴适的微博视频 ​,https://m.weibo.cn/detail/4819534169507902
任安乐/帝梓元角色记忆,post,2,粉丝点评/记忆表达明确,九歌迪迪,迪丽热巴超话#迪丽热巴任安乐#dlrb#迪丽热巴安乐传#电视剧安乐传超话wuli任安乐什么时候来！什么时候来娶我！已经迫不及待了！迪丽热巴任安乐|帝梓元|安乐传|迪丽热巴公诉精英|安旎 @Dear-迪丽热巴L市井浪漫的微博视频 ​,https://m.weibo.cn/detail/4819532244061750
演员成长与角色群像评价,post,2,粉丝点评/记忆表达明确,火锅汤沾小油条,迪丽热巴超话#迪丽热巴安旎# #迪丽热巴公诉精英# “我希望角色都有着更加丰盈的个性。虽然我自己并没有太多个性，但我倒希望有一天，大家会说，迪丽热巴其实是很有个性的演员。我不太想让自己成为一个圆圆球，那不适合做好一个演员。我希望自己是个三角形，或是长方形，或是正方形，我希望它是有形状的”——@Dear-迪丽热巴,https://m.weibo.cn/detail/4819527706347154
任安乐/帝梓元角色记忆,post,2,粉丝点评/记忆表达明确,静静的_吧,#迪丽热巴安乐传# dlrb#迪丽热巴任安乐# 宝贝 新年快乐，2023是一个新的起点，让我们把以往的那些烦心事都抛之脑后，让它与2022一起烟消云散，未来的道路阿丝会一直与你并肩前行，不要被以往的俗世绊住脚，阿丝一直在。迪迪 新年快乐！愿你以后的每一天都平平安安 快快乐乐🤗🤗我们永远爱你🥰🥰么么嗒😙@Dear-迪丽热巴 L87颗迪的微博视频,https://m.weibo.cn/detail/4852864801572220
任安乐/帝梓元角色记忆,post,2,粉丝点评/记忆表达明确,玫瑰待迪,#迪丽热巴纪云禾年度最热奇幻剧角色# dlrb#迪丽热巴安旎# “小时候的快乐和烦恼都很纯粹，记忆中也确实拥有过极致的快乐，让我希望能回到那个时候。不过一切顺其自然长到现在，我觉得都挺好。”——@Dear-迪丽热巴迪丽热巴公诉精英|安旎|迪丽热巴安乐传|任安乐|帝梓元@Dear-迪丽热巴 #迪丽热巴公诉精英#dlrb#迪丽热巴安旎#,https://m.weibo.cn/detail/4852862117480305
任安乐/帝梓元角色记忆,post,2,粉丝点评/记忆表达明确,慕晚提,#迪丽热巴纪云禾年度最热奇幻剧角色# dlrb#迪丽热巴安乐传# “小时候的快乐和烦恼都很纯粹，记忆中也确实拥有过极致的快乐，让我希望能回到那个时候。不过一切顺其自然长到现在，我觉得都挺好。”——@Dear-迪丽热巴迪丽热巴公诉精英|迪丽热巴安旎|迪丽热巴安乐传|迪丽热巴任安乐|迪丽热巴帝梓元@Dear-迪丽热巴,https://m.weibo.cn/detail/4852858375382859
任安乐/帝梓元角色记忆,post,2,粉丝点评/记忆表达明确,迪的小屋,#迪丽热巴纪云禾年度最热奇幻剧角色# dlrb#迪丽热巴公诉精英# “小时候的快乐和烦恼都很纯粹，记忆中也确实拥有过极致的快乐，让我希望能回到那个时候。不过一切顺其自然长到现在，我觉得都挺好。”——@Dear-迪丽热巴迪丽热巴公诉精英|安旎|迪丽热巴安乐传|任安乐|帝梓元@Dear-迪丽热巴 #迪丽热巴公诉精英#dlrb#迪丽热巴安旎#,https://m.weibo.cn/detail/4852857016422960
任安乐/帝梓元角色记忆,post,2,粉丝点评/记忆表达明确,Kiss-派宝巴宝,"迪丽热巴超话 dlrb #迪丽热巴#所有方程都有解 唯有我对你的爱无解.𝓝𝓸 𝔀𝓪𝓻𝓷𝓲𝓷𝓰, 𝓷𝓸 𝓻𝓮𝓪𝓼𝓸𝓷, 𝔂𝓸𝓾 𝓸𝓬𝓬𝓾𝓹𝔂 𝓶𝔂 𝓵𝓸𝓷𝓰 ❤️𝓽𝓮𝓷𝓭𝓮𝓻𝓷𝓮𝓼𝓼. @Dear-迪丽热巴迪丽热巴公诉精英｜安旎｜迪丽热巴安乐传｜任安乐｜帝梓元@Dear-迪丽热巴 #迪丽热巴公诉精英#dlrb#迪丽热巴安旎#",https://m.weibo.cn/detail/4852856388069014
嘻嘻迪/表情包/可爱梗,post,2,粉丝点评/记忆表达明确,清晖流月,#长歌行# 在看了！剧情超级紧张刺激，画面贼有质感，抽空看看，不出我所料反响真不错哈哈哈，@Dear-迪丽热巴 长歌刚出场帅我一脸，披风就是最吊的！结果见到麻麻一秒变乖，圆圆的脑阔太可爱了下午看那么多黑帖还很担心，现在完全放心啦，长歌就是很飒很可爱很美，剧情就是很好看,https://m.weibo.cn/detail/4620945476819062
李长歌与《长歌行》角色记忆,post,2,粉丝点评/记忆表达明确,两酒一梨_21,#迪丽热巴李长歌# 不看长歌你不行看看我们长歌 ​,https://m.weibo.cn/detail/4620945455317119
李长歌与《长歌行》角色记忆,post,2,粉丝点评/记忆表达明确,暮凝Sylvie,#迪丽热巴李长歌# #迪丽热巴长歌行# 我爱李长歌是因为她让小巴找到了最适合自己的状态，因为这个角色，小巴肉眼可见地转变了，走出自己的小世界了，敢于释放真实的自我了。我如此期待李长歌是因为我好奇到底是怎样的角色怎样的故事促成我宝的成长，所以李长歌对我来说，并不仅仅是一个剧里的某个角色而已，我对李长歌的爱胜过对剧，而我爱剧也只是因为剧在讲李长歌的故事，仅此而已。（态度很明确了，我只为长歌而来）李长歌，她是小巴的灯塔，是我的光。@Dear-,https://m.weibo.cn/detail/4620924920004715
李长歌与《长歌行》角色记忆,post,2,粉丝点评/记忆表达明确,-Moonrika-,她真的真的好喜欢长歌好感谢朱锐斌导演给了一个机会让她接触到李长歌是李长歌让她重新自信起来我会好好看每一个镜头我会当一个用心的观众我对长歌的爱很满很满每一个地方我都好喜欢剧组的氛围很好每个演员也很好文字不能表达我的喜欢和爱呀但我还是想说长歌行真的太值得啦@朱銳斌 @Dear-迪丽热巴,https://m.weibo.cn/detail/4620907317037983
李长歌与《长歌行》角色记忆,post,2,粉丝点评/记忆表达明确,才知道原来改昵称这么麻烦,默默吐槽，长歌行漫画从开始构图我就有关注了，本来因为迪丽热巴还挺期待剧版长歌行的，现在感觉彻底被人物造型给伤了，男男女女这些造型都什么跟什么啊，哪找的造型师啊？！！！那又光又大的脑门，还有两根须须，简直太浪费女主的美貌了！造型还不如带帽子来的顺眼！吴磊也太小了，这cp感看起来就不太行，刘宇宁这脸真的可以么？脖子都没抻直，真是服气。生气了，又幻灭了，明明漫画人物这么好。。。,https://m.weibo.cn/detail/4620904645002272
李长歌与《长歌行》角色记忆,post,2,粉丝点评/记忆表达明确,我吃了个樱桃,#长歌行# #迪丽热巴长歌行# 对于桃花🌸凤九入坑的剧粉来说追热巴的剧太难了因为后面全部都是jx自制剧所以说@电视剧长歌行 是正儿八经作为女一的第一部正常班底制作的外戏吧所以这次真的真的炒鸡期待啊从看高雯cut到追🌸凤九长歌行目前是我最最期待的剧啦相信@Dear-迪丽热巴 本人如此热爱的角色一定也不会让我失望的 加油吧 冲啊,https://m.weibo.cn/detail/4620874484024030
李长歌与《长歌行》角色记忆,post,2,粉丝点评/记忆表达明确,热爱光芒万丈,#迪丽热巴李长歌# #迪丽热巴长歌行# “ 我和她都是一下子进入到陌生的环境里，很多事情没有人告诉应该怎么做，怎么想，都是自己慢慢琢磨来的。”——@Dear-迪丽热巴给自己一个恰当的目标，一个方向，弯下身子，潜下心来，默默地努力一把，不怨天，不怨地，真实、自然地活着，假以时日，一定会收获更多美好的人生。,https://m.weibo.cn/detail/4620873519337282
乔晶晶与《你是我的荣耀》入坑记忆,post,2,粉丝点评/记忆表达明确,一口咬住邝玲玲,#迪丽热巴乔晶晶#dlrb#迪丽热巴你是我的荣耀# 「养耗不回」常开心，常充实。@Dear-迪丽热巴 ​​,https://m.weibo.cn/detail/4653922616084701
乔晶晶与《你是我的荣耀》入坑记忆,post,2,粉丝点评/记忆表达明确,一生壹次心动_,#迪丽热巴乔晶晶# dlrb#迪丽热巴你是我的荣耀# “你现在是满身荣耀的大明星 你的背后我们在”@Dear-迪丽热巴 ​,https://m.weibo.cn/detail/4653922021540239
乔晶晶与《你是我的荣耀》入坑记忆,post,2,粉丝点评/记忆表达明确,顾丸迪,#迪丽热巴乔晶晶# dlrb#迪丽热巴你是我的荣耀# “你现在是满身荣耀的大明星 你的背后我们在”@Dear-迪丽热巴 ​,https://m.weibo.cn/detail/4653921849578966
新疆舞与舞台表现名场面,post,2,粉丝点评/记忆表达明确,婕缇儿,没有迪迪子的跨年好无聊啊，总觉得少了点什么东西@Dear-迪丽热巴 今晚要好好营业哦～最好来个钢琴vlog，抚慰我受伤的心灵，真的好期待你的跨年舞台呀，从成为你的路好开始每年都看你的跨年舞台，只看你！！！今年只能看你之前的表演了 ，明年一定要参加哦～真的很喜欢你唱歌跳舞💃新年快乐！明年再见期待演员迪丽热巴的新作品#迪丽热巴任安乐# #迪丽热巴纪云禾# L星姐微博的微博视频,https://m.weibo.cn/detail/4720547688611900
演员成长与角色群像评价,post,2,粉丝点评/记忆表达明确,甜橘是我呦,成功的可贵在于它的来之不易，在沿途跋涉时总免不了一些坎坷的经历，我们要敢于面对，而这其中的心酸，只有我们自己了解。成功后绽放的花朵必定是用鲜血浇灌的，而那娇艳的模样，正是成功孕育出来的孩子。 当2018年中国演员迪丽热巴荣获金鹰女神奖时，在娱乐圈的确掀起了热潮，人们将她与成功联系起来，当做爱丽丝们共同的骄傲，而迪丽热巴始终保持低调。真正成功的人她会将自己所发掘出来的成果呈现在世人的眼前，而她自己却一直默默无闻的努力着。 她演绎着各种各样,https://m.weibo.cn/detail/4720526780798322
李长歌与《长歌行》角色记忆,post,2,粉丝点评/记忆表达明确,石小耶耶耶耶耶耶耶,电视剧长歌行超话啊啊啊啊啊啊啊啊啊啊鸡冻的心，颤抖的手呦呦切克闹，长歌行必火我知道官博好可爱啊啊啊啊啊啊我爱了@电视剧长歌行 #长歌行##电视剧长歌行##迪丽热巴李长歌#,https://m.weibo.cn/detail/4488640044839231
新疆舞与舞台表现名场面,post,2,粉丝点评/记忆表达明确,开心就好其他随意,嘲妆容发型似乎已经成为了某些人的日常，工作室啥时候营业她们就啥时候准点嘲，似乎8从来没有过让她们满意的造型和妆容，那那些被路人夸的造型可能都是因为路人眼瞎了吧，其他粉丝觉得某些造型好看也是因为眼瞎了吧。顺带想说一句，如果今天我在学校参加某个晚会唱歌跳舞发了一段视频，本来非常高兴来着，希望有人能夸夸我的表现，结果一打开，怎么全是说我妆容发型不好的，就会想真的这么不好看吗，我的表现真的也这么一般吗，都没人夸我。一些人这时候看到这种评论会有点,https://m.weibo.cn/detail/4455675717491044
演员成长与角色群像评价,post,2,粉丝点评/记忆表达明确,咏小辫不爱拉便便,如果之前有人问我 大陆范围最喜欢的女明星 我会说迪丽热巴 喜欢她的长相性格和努力 被高雯圈粉 《三生》虽然剧不怎么样但凤九还可以 热度和流量都有了之后 我认为挑剧本是她可以自己做主的 但是之后的剧 我部部都看 每部都是看了一两集实在看不下去 不光是剧情剧本原因 还有热巴的角色和演技 不想认同有人说她只能演女二 可是她女一的剧 真的不如演女二的剧好看 总之盼望她接的剧会越来越有质量 别演傻白甜,https://m.weibo.cn/detail/4256654700390667
演员成长与角色群像评价,post,2,粉丝点评/记忆表达明确,yiyi201906,（最喜欢的凌凌七片段）这是我很难得看偶像剧（姑且归为这个类型，但不确定，白日梦剧场感觉越来越惊喜，有点要被玩疯掉的样子）被女主整个人身上的气质，尤其是笑容喜欢到。 明明设定应该是很浮夸的做白日梦，但迪丽热巴的凌凌七为什么能把一个小女孩的白日梦做得那么………正能量，而且是那种不忘初心的正能量，是那种一下子就能戳中人心的正能量。我说的当然不是剧情设置的为了梦想连考三年什么的…………还有那些有点太补了的玛丽杰克和苏汤。 油腔滑调调皮捣蛋贱萌欠,https://m.weibo.cn/detail/4256564510628994
嘻嘻迪/表情包/可爱梗,post,2,粉丝点评/记忆表达明确,小康要吃Sscone_,迪丽热巴超话#电视剧一千零一夜##迪丽热巴一千零一夜##迪丽热巴凌凌七# 我们傻的可爱的七七从看电视掏出您的小鸭舌到回房间就一直拿着那一包太可爱了好想知道你吃的哪个牌子的我也要去买..注意！我不是黑，实在是七妹这个王之藐视，小戏精的喜剧翻白眼xswl，这段儿看的我真的笑到沙发下面了哈哈哈哈哈哈哈哈哈哈哈哈哈哈哈哈哈哈哈哈哈，请继续你的表情包之路！,https://m.weibo.cn/detail/4256414967234103
嘻嘻迪/表情包/可爱梗,post,2,粉丝点评/记忆表达明确,听祁煜说_热爱版,迪丽热巴这个姑娘啊，很可爱，吃货呐，可爱哒，笔芯，我最喜欢你，是你让我的病越来越深了，哈哈哈，你会发光哦，发光的让我一眼就喜欢你了，希望我的混血公主是你，让我王凤九保护你，希望你每天开心哦，天天美美哒，待我强大，定你天下，你若欺负，来到我身后，我王凤九保护你，喝醉了，就想抱着你，撒娇，我比谁都想，悄悄告诉你啦，你的优点很多我喜欢，就算没有优点了，我也有你的缺点喜欢，如果缺点优点都没有了，那么我们再来创优点，我要喜欢你一辈子，我的公主啊，,https://m.weibo.cn/detail/4290062990513543
白日提灯贺思慕/女鬼鬼王记忆,comment,2,粉丝点评/记忆表达明确,面包脑袋ovo_,迪丽热巴#白日提灯# #迪丽热巴贺思慕# #贺思慕的五感体验卡# 姐姐 你好美,https://m.weibo.cn/detail/5287949256099308
白日提灯贺思慕/女鬼鬼王记忆,post,1,粉丝点评/记忆表达明确,温妤暖提87,#迪丽热巴贺思慕# dlrb #迪丽热巴白日提灯# dlrb#迪丽热巴和素人合影# 盛不盛开，花都是花，那片海的浪不会停，我对你的爱也是. @Dear-迪丽热巴,https://m.weibo.cn/detail/5293895602145639
白日提灯贺思慕/女鬼鬼王记忆,post,1,粉丝点评/记忆表达明确,啵阿阿阿巴,迪丽热巴#迪丽热巴白日提灯# dlrb #迪丽热巴贺思慕# dlrb #白日提灯# 🍨 我爱过大海和星辰，唯独对你一心一意,https://m.weibo.cn/detail/5293531598954944
演员成长与角色群像评价,post,1,粉丝点评/记忆表达明确,柠小栀and伊小瑶,迪丽热巴撒娇好可爱啊 “当年就是这个角色的一句台词，让迪丽热巴一夜涨粉八百万” 留守先生的微博视频,https://m.weibo.cn/detail/5283220787565089
白日提灯贺思慕/女鬼鬼王记忆,post,1,粉丝点评/记忆表达明确,嘉信寄冬o3,迪丽热巴 #迪丽热巴贺思慕# #迪丽热巴白日提灯# 殿下，我祈求你 让我唤你一声思慕吧 二传请勿截掉水印不能二改谢谢 #迪丽热巴贺思慕##贺思慕的五感体验卡#,https://m.weibo.cn/detail/5276518462261317
迪拜报平安/守护型记忆,post,1,粉丝点评/记忆表达明确,记得吃饭饭噢,迪丽热巴 有担心姐还没睡的吗 能不能回国了 报个平安 别让粉丝担心了！！！！！！ @Dear-迪丽热巴 @嘉行迪丽热巴工作室,https://m.weibo.cn/detail/5272552899348344
枭起青壤/聂九罗表演突破,post,1,粉丝点评/记忆表达明确,嘉信寄冬o3,#迪丽热巴 绝美ending#迪丽热巴 都市奇幻+热血打戏，《枭起青壤》题材太对味，为#迪丽热巴#的聂九罗而来！#聂九罗#,https://m.weibo.cn/detail/5234477389581863
枭起青壤/聂九罗表演突破,post,1,粉丝点评/记忆表达明确,樱桃吻迪风,迪丽热巴#迪丽热巴枭起青壤#dlrb#迪丽热巴聂九罗#迪丽热巴1聂九罗1枭起青壤 外界的质疑我来扛，你的梦想你去闯，我会一直做你最坚定的后盾。 @Dear-迪丽热巴 樱桃吻迪风的微博视频,https://m.weibo.cn/detail/5293673274410843
白日提灯贺思慕/女鬼鬼王记忆,post,1,粉丝点评/记忆表达明确,五行缺肉被窝探险家,#迪丽热巴愚人节骗到了陈飞宇##热巴说维语骗陈飞宇##白日提灯# 昨天直播的名场面终于破案了！热巴教陈飞宇说维语颜色，结果是让人家念了一到十五。阿瑟那个认真跟读的样子，配上热巴最后那个wink，当时就觉得有猫腻。果然，新疆粉丝一解释大家都懂了。热巴这愚人节整蛊，从策划到执行到收尾，简直天衣 ...全文,https://m.weibo.cn/detail/5283191532555526
爱丽丝与热巴的双向奔赴,post,1,粉丝点评/记忆表达明确,8杯冰冰美式,#迪丽热巴在还63张自拍的债了#原来是对粉丝的承诺，这波双向奔赴爱了,https://m.weibo.cn/detail/5293899821355715
红毯神图与高定封神造型,post,1,粉丝点评/记忆表达明确,西孝汝,#迪丽热巴在还63张自拍的债了#把粉丝玩笑当约定，CCD自拍氛围感直接封神,https://m.weibo.cn/detail/5293892094399198
跑男时期综艺名场面,post,1,粉丝点评/记忆表达明确,我要当热巴的狗,刷到奔跑吧的通稿了，只说一句，辛苦白鹿的粉丝仔细甄别，巴粉和迪丽热巴都不会参与这次围剿，所以如果有人提到迪丽热巴，那一定不是巴粉，请不要上升哈。 还有17年那一季，迪丽热巴只拍了12天，没有要当综艺守门人的义务，那只是个工作而已，当年换头粉也是一直骂巴姐来的，还联合某家一起打压。 某家 ...全文,https://m.weibo.cn/detail/5293888975933216
高雯名场面与早期出圈,post,1,粉丝点评/记忆表达明确,偷喝一口晚风WR,迪丽热巴，当年就是从这个角色开始入的坑，简直是内地版千颂伊！克拉恋人 偷喝一口晚风WR的微博视频,https://m.weibo.cn/detail/5293874404656818
白日提灯贺思慕/女鬼鬼王记忆,post,1,粉丝点评/记忆表达明确,kiku露小小,迪丽热巴 dlrb#迪丽热巴白日提灯# dlrb#迪丽热巴贺思慕# 我们的距离不是几百公里的物理距离 是我就算付出再多 在你那也只是粉丝的代名词 @Dear-迪丽热巴,https://m.weibo.cn/detail/5293860179679249
红毯神图与高定封神造型,post,1,粉丝点评/记忆表达明确,_妹宝小橘,#迪丽热巴和素人合影#迪丽热巴近期在南京迪奥活动中与素人粉丝的合影引发热议，雨中撑伞、蓝裙飘逸的形象被赞“破碎感美神”，而她主动搓手为粉丝取暖的细节更让网友直呼“温柔到骨子里”。 一、活动生图状态与造型亮点 颜值与氛围感出圈 迪丽热巴身披蓝色露背长裙，撑透明伞亮相南京迪奥活动。雨幕中 ...全文,https://m.weibo.cn/detail/5293739142548065
花少/你好星期六等综艺片刻,post,1,粉丝点评/记忆表达明确,_PeaceFuL-JoY_,周小闹团播系列第十五集：团播，也是粉丝之间的斗//争 Wechat｜现在就出发搞笑片段｜经典综艺片段｜气质干净𝐢𝐧𝐬女头 ｜女生头像｜小众头像｜气质头像｜温柔女头｜甜美头像｜韩系女头｜颜值头像 壁纸分享/Wechat背景图/背景图/聊天背景图/壁纸套图/iPhone壁纸/审美积累/手机壁纸/高清/风景/ ...全文,https://m.weibo.cn/detail/5293387894490930
红毯神图与高定封神造型,post,1,粉丝点评/记忆表达明确,抱抱小日常,4月28日，迪丽热巴今日线下生图，令人两眼一黑，化妆师造型师对的起工资么？ 脸比身体黑，30岁的年纪老往40岁打扮！出发图盘发本来挺好的，结果出席线下活动时变成了中卷发，生图拍出来脸黑黄黑黄的，活动主题是甜甜的蛋糕，搞这样意欲何为？ 对得起冒雨前来又淋着雨呼喊应援的粉丝么！迪丽热巴工作 ...全文,https://m.weibo.cn/detail/5293312942017454
白日提灯贺思慕/女鬼鬼王记忆,post,1,粉丝点评/记忆表达明确,ID-困困爱吃青提,#迪丽热巴贺思慕# dlrb #迪丽热巴慕胥辞# 你是我的理想，也是我热爱这个世界的唯一理由 @Dear-迪丽热巴,https://m.weibo.cn/detail/5293269596504314
枭起青壤/聂九罗表演突破,post,1,粉丝点评/记忆表达明确,ID-困困爱吃青提,#迪丽热巴聂九罗# dlrb #迪丽热巴枭起青壤# 爱你不是秘密 我要人尽皆知 @Dear-迪丽热巴,https://m.weibo.cn/detail/5293269538833205
红毯神图与高定封神造型,post,1,粉丝点评/记忆表达明确,栀子云香,2026.4.29 20点娱乐八卦速报 ✨截至4月29日20点，娱乐圈最新热点汇总，速看！ 演唱会&活动动态 🔥谢娜成都演唱会门票秒罄，加场依旧火速售空！谢娜自曝曾担心观众少，想请亲友、母校同学凑座位，没想到人气爆棚，粉丝纷纷喊话继续加场～ 💙迪丽热巴南京迪奥活动造型封神，蓝色露背长裙优雅十 ...全文,https://m.weibo.cn/detail/5293130016098732
生日生贺与小小迪陪伴记忆,post,1,粉丝点评/记忆表达明确,恰糖豆包吗,突然意识到，今天何老师又过生日了。 去他微博看了下，除了杨迪和鲍春来，一个明星留言都没了。 曾经让各家粉丝争得“头破血流”的【何】榜，终究是成了历史。 记得十年前，每到4月28日零点，各个顶流明星都会卡点出现在何炅生日博下面，为其送上生日祝福。 接着他们的粉丝就会努力“做数 ...全文,https://m.weibo.cn/detail/5293106909151579
爱丽丝与热巴的双向奔赴,post,1,粉丝点评/记忆表达明确,热爱巴巴凯凯,迪丽热巴#超星动告白信箱# 记得12岁的时候下载抖音就是为了关注你 现在一眨眼我已经20岁啦 时间过得很快 已经过去那么多年啦 还是一如既往的喜欢你 可能喜欢你🫶🏻是我这辈子做的最正确的事情啦 以后会一直喜欢你 爱你呀热热 记得好好休息哦 好好照顾自己！我们爱丽丝会一直陪伴你很久 ...全文,https://m.weibo.cn/detail/5293601011531865
爱丽丝与热巴的双向奔赴,post,1,粉丝点评/记忆表达明确,拉爆你担,#王亚飞 迪丽热巴# 热巴跟爱丽丝双向奔赴 哈特软软 拉爆你担的微博视频,https://m.weibo.cn/detail/5292707547185868
白日提灯贺思慕/女鬼鬼王记忆,post,1,粉丝点评/记忆表达明确,ylllllc8,呜呜呜看完了《白日提灯》[流泪]，首部鬼人恋的古偶，夯爆了了了了！！！！四十集根本不够看，我巴好美，演技好牛，哭戏好有感染力，豆大的眼泪吧嗒吧嗒掉别哭了宝宝[流泪][流泪]还有因救段胥杀了凡人而受罚那段，太牛逼了，无实物表演痛苦的感觉，脸上的汗水和突起的青筋，迪丽热巴你夯爆了！我觉得这 ...全文,https://m.weibo.cn/detail/5292089186197030
爱丽丝与热巴的双向奔赴,post,1,粉丝点评/记忆表达明确,星星卜打烊u,永远会为热巴和爱丽丝之间的双向奔赴而热泪盈眶迪丽热巴爱丽丝双向奔赴贺思慕白日提灯 星星卜打烊u的微博视频,https://m.weibo.cn/detail/5291608679385048
爱丽丝与热巴的双向奔赴,post,1,粉丝点评/记忆表达明确,鸢尾-爱丽丝,迪丽热巴#迪丽热巴# 热巴从很早开始就热心公益了，真是人美心善的巴巴，成为爱丽丝是满满的骄傲@Dear-迪丽热巴,https://m.weibo.cn/detail/5289590932113428
演员成长与角色群像评价,post,1,粉丝点评/记忆表达明确,挽迪赴玫瑰海,迪丽热巴 贺思慕 内娱总爱给迪丽热巴养死士，我就要一辈子爱我家心肝，迪丽热巴就是演技好，迪丽热巴就是尊重每一个人，迪丽热巴就是抗拒，迪丽热巴就是很会塑造角色，迪丽热巴演的剧就是都很好看，迪丽热巴戏路就是很宽。没有任何一个人可以定义她，无论是过去还是现在，她很有自己的看法， ...全文,https://m.weibo.cn/detail/5289192378075701
白日提灯贺思慕/女鬼鬼王记忆,post,1,粉丝点评/记忆表达明确,紫色的羊被关押,迪丽热巴 贺思慕#迪丽热巴回京后独自去做美容# 一起为热巴继续挂播白日提灯#迪丽热巴 白日提灯# 我们要拉集均#迪丽热巴总裁妆# 热巴身后只有我们，加油吧，爱丽丝们#迪丽热巴# 为了热巴付出全部努力,https://m.weibo.cn/detail/5288858977829278
白日提灯贺思慕/女鬼鬼王记忆,post,1,粉丝点评/记忆表达明确,Dear-刘慕提,迪丽热巴#迪丽热巴聂九罗# dlrb #迪丽热巴枭起青壤# dlrb #迪丽热巴# 迪丽热巴💖爱丽丝！一生热爱，步履不停 预约枭起青壤枭起青壤 迪丽热巴 | 枭起青壤 | 利剑玫瑰|慕胥辞 |聂九罗 | 邓妍 | 贺思慕 | @Dear-迪丽热巴 枭起青壤官微的微博视频,https://m.weibo.cn/detail/5288116663354742
白日提灯贺思慕/女鬼鬼王记忆,post,1,粉丝点评/记忆表达明确,口口今天挨打了嘛,#迪丽热巴贺思慕热度榜TOP1##迪丽热巴走出来第一秒是望向粉丝##迪丽热巴贺思慕# 爱丽丝全力托举这个迪丽热巴这个贺思慕尊重并爱护迪丽热巴的努力成果 迪丽热巴每次看到粉丝都笑眼弯弯跟爱丽丝们各种调皮打声招呼比心心并且“她会开窗的”深入粉丝内心 贺思慕也让我们看到了不一样的迪丽热巴 白日提灯 ...全文,https://m.weibo.cn/detail/5287188476723714
白日提灯贺思慕/女鬼鬼王记忆,post,1,粉丝点评/记忆表达明确,鱿鱼稣968,白日提灯剧版#归墟5a级景区观光团# @Dear-迪丽热巴 灵主大人，爱丽丝是你的第23任我们就要这样强制爱，让段胥在等几百年,https://m.weibo.cn/detail/5284319427036144
爱丽丝与热巴的双向奔赴,post,1,粉丝点评/记忆表达明确,怼人一级选手,#迪丽热巴# ·#巴粉# 迪丽热巴和爱丽丝是双向奔赴的爱意 一颗白桃儿的微博视频,https://m.weibo.cn/detail/5259841909818155
爱丽丝与热巴的双向奔赴,post,1,粉丝点评/记忆表达明确,迪林-热巴,迪丽热巴#迪丽热巴千字长文告别白日提灯# #迪丽热巴陈飞宇合作不需要破冰# 这场雨，不只是迪丽热巴的魅力，还有爱丽丝们对他的爱，爱是双向奔赴的。爱丽丝们在爱他，他也在爱你们。@Dear-迪丽热巴,https://m.weibo.cn/detail/5293501285670598
爱丽丝与热巴的双向奔赴,post,1,粉丝点评/记忆表达明确,慕瑰壤,迪丽热巴双向奔赴的巴巴和爱丽丝#迪丽热巴# 哇这个视角 姐姐的三次飞吻🥰 看初夏小报的微博视频,https://m.weibo.cn/detail/5293483592255488
爱丽丝与热巴的双向奔赴,post,1,粉丝点评/记忆表达明确,火漆,#迪丽热巴粉丝线上为线下点单送温暖#巴粉给巴粉应援 太牛了爱丽丝们！,https://m.weibo.cn/detail/5292694239710065
白日提灯贺思慕/女鬼鬼王记忆,post,1,粉丝点评/记忆表达明确,大噜啦噜啦,迪丽热巴 鬼王大人贺思慕，很好，特别好。我们胖迪演技好，谢谢你为我们呈现这么好的一个角色。你做的很棒，相信自己，我们会一直支持你的，加油，一直向前进吧。最近有很多质疑声，不管是电视剧又或是参与的综艺，你都备受讨论，但我们爱丽丝很一直在你身后，在你需要的时候挺身而出。加油， ...全文,https://m.weibo.cn/detail/5292662064155568
高雯名场面与早期出圈,post,1,粉丝点评/记忆表达明确,孤烟与云,现在是我粉你的第十一年 我是一个不怎么追剧也不怎么关注娱乐新闻的人 但是当我从一个人嘴里听到你的名字的时候(甚至不知道你长什么样) 我就觉得我应该会喜欢你 不出所料 那个女明星高雯 让你深深烙印在我心里 成为永恒 之后的每个角色 只要我在家 我都会看(除了动漫 只看过你的剧) 在跑男里你和lh绑定 ...全文,https://m.weibo.cn/detail/5291946149151136
嘻嘻迪/表情包/可爱梗,post,1,粉丝点评/记忆表达明确,YYdeDILRABA,迪丽热巴 热巴：我肯定特别酷 爱丽丝：好可爱哈哈哈哈哈,https://m.weibo.cn/detail/5291746678539041
白日提灯贺思慕/女鬼鬼王记忆,post,1,粉丝点评/记忆表达明确,W凌凌七-,迪丽热巴 贺思慕#迪丽热巴 白日提灯##迪丽热巴白日提灯热度登顶##迪丽热巴陈飞宇大片# “两份律师函只为他的爱丽丝，你要知道热爱不是单向奔赴“@Dear-迪丽热巴,https://m.weibo.cn/detail/5291529410972680
白日提灯贺思慕/女鬼鬼王记忆,post,1,粉丝点评/记忆表达明确,玫红色的魚yy,#迪丽热巴千字长文告别白日提灯# 白日提灯大结局啦！也祝收官快乐！！陪哭了好多次或许是你的演技越来越好！希望贺思慕永远自由永远有她的事情做的 享受人间的快乐 现在终于不用灵主两个字束缚啦~热巴 你也是，要自由想做什么就做什么 爱丽丝永远陪着你~你的又一个角色展现给大家 期待你的每一个新角...全文 思慕啊～ 刚认识你的时候，我总在想，你是不是活在一片黑白无声的虚空里，五感是你与世界之间那层透明的屏障。你像被“秩序”束缚在万物之外，在虚无,https://m.weibo.cn/detail/5291168783139926
白日提灯贺思慕/女鬼鬼王记忆,post,1,粉丝点评/记忆表达明确,Dear-Shin,今日份贺思慕迪迪～《白日提灯》在此正式迎来收官。故事落幕，灯未熄。虽有万般不舍，但还是要认真地说一声：再见啦。作为观众，想将这一份感谢留给演员迪丽热巴·迪力木拉提。感谢她赋予贺思慕生命，让这个角色不止于被观看，更能够被真实地感受。也同样感谢贺思慕这个角色本身。她像一盏灯，带着我们...全文 思慕啊～ 刚认识你的时候，我总在想，你是不是活在一片黑白无声的虚空里，五感是你与世界之间那层透明的屏障。你像被“秩序”束缚在万物之外，在虚无中长生。,https://m.weibo.cn/detail/5291014889935150
白日提灯贺思慕/女鬼鬼王记忆,post,1,粉丝点评/记忆表达明确,捏捏巴巴_,#白日提灯今日收官# #迪丽热巴贺思慕# #迪丽热巴# 巴巴 谢谢你给我们带来魅力无限 勇敢善良的贺思慕！感恩给我们带来这么优秀的作品和温暖的故事。谢谢你的每一份认真付出 你值得更多的鲜花与掌声 值得每一位用心欣赏这份作品的观众的赞美声。你一直以来 谦虚做人 低调做事。你会越来越好 越来越棒 请...全文 思慕啊～ 刚认识你的时候，我总在想，你是不是活在一片黑白无声的虚空里，五感是你与世界之间那层透明的屏障。你像被“秩序”束缚在万物之外,https://m.weibo.cn/detail/5291001402888932
演员成长与角色群像评价,post,1,粉丝点评/记忆表达明确,Rubies_珍迪爱妮525,宝贝睡前又看到你的长文了，一字一句都诉说着对贺思慕的喜爱与珍视…爱丽丝也很爱你演绎下的贺思慕💙感谢演员迪丽热巴对这个角色的演绎…爱你🩷做个好梦吧宝贝🧡期待卫兰💜#迪丽热巴# 迪丽热巴 思慕啊～ 刚认识你的时候，我总在想，你是不是活在一片黑白无声的虚空里，五感是你与世界之间那层透明的屏障。你像被“秩序”束缚在万物之外，在虚无中长生。可偏偏，你不甘接受命运，成为了黑白世界里凭空绽放的一抹颜色，像一朵白山茶，清冽又藏着不为人知的温柔。 我常常,https://m.weibo.cn/detail/5290999268246198
白日提灯贺思慕/女鬼鬼王记忆,post,1,粉丝点评/记忆表达明确,黎清苡米,迪丽热巴 贺思慕 记得收看慕胥辞，和我一起观看鬼王打大人的人间生活 你可以尽情发挥你的诋毁，因为迪丽热巴星光灿烂 如果你说仅仅只有粉丝看剧支持，并没有被压热度，那不好意思，我们巴粉就是有实力，就是长情，就是能顶起王座让迪丽热巴稳坐顶流宝座 no one care 那么喜欢关注我家姐姐， ...全文,https://m.weibo.cn/detail/5289920937592575
生日生贺与小小迪陪伴记忆,post,1,粉丝点评/记忆表达明确,思雨巴心,迪丽热巴#迪丽热巴0603生日快乐# 期待爱丽丝们快来 迪丽热巴#迪丽热巴0603生日快乐# ᐅ 祝福征集 一年一度的收集祝福时间到！爱丽丝们一定有很多话想对宝贝说！一起为宝贝送上最真挚的祝福吧~大型表白现场等你来 阿丝们可以去到自己所在城市的地标建筑或当下最美的风景前，说出你对热巴最诚挚的祝福，并录制成视频！ 🍒参与方式： 主题： ...全文,https://m.weibo.cn/detail/5289803760273712
白日提灯贺思慕/女鬼鬼王记忆,post,1,粉丝点评/记忆表达明确,Dear-樱桃提子汁,迪丽热巴 贺思慕#迪丽热巴白日提灯# dlrb#迪丽热巴贺思慕# dlrb#迪丽热巴# 爱丽丝说要环游世界，结果围着迪迪走了一圈 ⸜(๑'ᵕ'๑)⸝⋆* @迪丽热巴 白日提灯官微的微博视频,https://m.weibo.cn/detail/5286609828184284
演员成长与角色群像评价,post,1,粉丝点评/记忆表达明确,长歌三千8,迪丽热巴 一个小有感吧 其实白日提灯网上的黑水很多，作为爱丽丝我看不惯，而作为剧粉我更看不惯 白日提灯作为一个好的文艺作品无论是从妆造到制片特效后期都做得非常用心包括演员的各种塑造 会认真去读原著 认真了解演绎 同时白日提灯亦是一股清流 因为在这样大众化的市场当中，越来越 ...全文,https://m.weibo.cn/detail/5284384737331340
爱丽丝与热巴的双向奔赴,post,1,粉丝点评/记忆表达明确,Serendipity_bdd,OMG迪丽热巴唯爱爱丽丝 迪丽热巴穿着应援色来了。。。我美艳动人摇曳生姿的妈咪。。。 酒酿熊子的微博视频,https://m.weibo.cn/detail/5282955834690722
白日提灯贺思慕/女鬼鬼王记忆,post,1,粉丝点评/记忆表达明确,方思迪csy,迪丽热巴 贺思慕#迪丽热巴白日提灯# dlrb#迪丽热巴贺思慕# dlrb#迪丽热巴# 爱丽丝说要环游世界，结果围着迪迪走了一圈 ⸜(๑'ᵕ'๑)⸝⋆* @迪丽热巴 白日提灯官微的微博视频,https://m.weibo.cn/detail/5282023654032174
白日提灯贺思慕/女鬼鬼王记忆,post,1,粉丝点评/记忆表达明确,以巴命名的六月,迪丽热巴#迪丽热巴# dlrb #迪丽热巴白日提灯# dlrb#白日提灯# dlrb #迪丽热巴贺思慕# 迪丽热巴💖爱丽丝！ @Dear-迪丽热巴 们爱丽丝的微博视频,https://m.weibo.cn/detail/5279759522072260
白日提灯贺思慕/女鬼鬼王记忆,post,1,粉丝点评/记忆表达明确,巴是小猫脑袋,迪丽热巴#迪丽热巴# dlrb #迪丽热巴白日提灯# dlrb#白日提灯# dlrb #迪丽热巴贺思慕# 迪丽热巴💖爱丽丝！ @Dear-迪丽热巴 们爱丽丝的微博视频,https://m.weibo.cn/detail/5273569043158569
迪拜报平安/守护型记忆,post,1,粉丝点评/记忆表达明确,泡泡娇娇糖,#迪丽热巴报平安# 真的好佩服迪丽热巴强大的内核#迪丽热巴 #迪丽热巴报平安 #爱丽丝 泡泡娇娇糖的微博视频,https://m.weibo.cn/detail/5272865750393305
演员成长与角色群像评价,post,1,粉丝点评/记忆表达明确,蒲月洱旖_和小古握手三次版,#迪丽热巴千字长文告别白日提灯#话题#迪丽热巴我常常会心疼你#同步发酵，粉丝将长文视为“演员与角色的双向奔赴”，并延伸至对迪丽热巴本人敬业付出的心疼（如全年无休拍戏、打戏受伤坚持等）。,https://m.weibo.cn/detail/5291157908357983
爱丽丝与热巴的双向奔赴,post,1,粉丝点评/记忆表达明确,晋衢在何方,【#迪丽热巴曾深陷情绪低谷# 】#迪丽热巴低谷期万千粉丝的默默陪伴# 迪丽热巴近日接受采访时，坦诚吐露曾深陷情绪低谷。万千粉丝的默默陪伴与坚定支持，化作她前行的温暖底气。她以自身积极形象治愈粉丝，完成双向奔赴的温柔相伴，并暖心寄语大众：直面迷茫、勇敢前行，就一定能找到出路。 ...全文,https://m.weibo.cn/detail/5288215135388271
白日提灯贺思慕/女鬼鬼王记忆,post,1,粉丝点评/记忆表达明确,诗诗姐一定会瘦,白日提灯剧版#迪丽热巴贺思慕# ❤️#陈飞宇段胥# 真心被《白日提灯》狠狠戳中，看得又哭又笑，后劲太大了。 男女主演技真的无可挑剔，把角色的层次与拉扯感演到了骨子里。女主霸气与温柔无缝切换，眼神里全是故事；男主深情、鲜活，微表情与情绪递进细腻动人，两人默契十足，每一个镜头都藏 ...全文,https://m.weibo.cn/detail/5287904814825616
爱丽丝与热巴的双向奔赴,post,1,粉丝点评/记忆表达明确,就捂就捂,#迪丽热巴补偿去巴黎的粉丝#一直双向奔赴,https://m.weibo.cn/detail/5287056999712016
爱丽丝与热巴的双向奔赴,post,1,粉丝点评/记忆表达明确,_亲亲的轻轻_,#迪丽热巴补偿去巴黎的粉丝#呜呜呜呜双向奔赴的爱但是巴巴一直挺好的,https://m.weibo.cn/detail/5287021836766306
爱丽丝与热巴的双向奔赴,post,1,粉丝点评/记忆表达明确,临冬眠貓,#迪丽热巴给粉丝寄签名照和相机# 啊啊啊啊真的超好 粉丝和正主的双向奔赴！,https://m.weibo.cn/detail/5286994651386273
爱丽丝与热巴的双向奔赴,post,1,粉丝点评/记忆表达明确,Sugar87,#迪丽热巴补偿去巴黎的粉丝#刻在骨子里的温柔热爱双向奔赴,https://m.weibo.cn/detail/5286983687736970
爱丽丝与热巴的双向奔赴,post,1,粉丝点评/记忆表达明确,睡不醒的W19,#迪丽热巴补偿去巴黎的粉丝#哇，与粉丝的双向奔赴了,https://m.weibo.cn/detail/5286976816417256
爱丽丝与热巴的双向奔赴,post,1,粉丝点评/记忆表达明确,我还是我ha,#迪丽热巴补偿去巴黎的粉丝#双向奔赴，就是很爽啊,https://m.weibo.cn/detail/5286975313549819
爱丽丝与热巴的双向奔赴,post,1,粉丝点评/记忆表达明确,喜欢糯叽叽丶,迪丽热巴#迪丽热巴补偿去巴黎的粉丝# 爱上迪丽热巴就是一辈子的事儿！ 她真的太好太好了！！ 就像“她会开窗的”一样 迪丽热巴和爱丽丝一直都是双向奔赴 热爱是真的！！！,https://m.weibo.cn/detail/5286974949956004
爱丽丝与热巴的双向奔赴,post,1,粉丝点评/记忆表达明确,科技林先生,娱乐#迪丽热巴补偿去巴黎的粉丝#远赴巴黎的遗憾被迪丽热巴温柔化解，她没有忘记粉丝的奔赴，亲手送上签名礼物，每一份心意都沉甸甸，双向奔赴的爱意真的太好哭了。,https://m.weibo.cn/detail/5286966654666757
爱丽丝与热巴的双向奔赴,post,1,粉丝点评/记忆表达明确,dlidlidlidlibb,#迪丽热巴补偿去巴黎的粉丝#热爱一直双向奔赴！,https://m.weibo.cn/detail/5286962437036170
爱丽丝与热巴的双向奔赴,post,1,粉丝点评/记忆表达明确,_就一个小透明,#迪丽热巴补偿去巴黎的粉丝#双向奔赴最是感人,https://m.weibo.cn/detail/5286956485576877
爱丽丝与热巴的双向奔赴,post,1,粉丝点评/记忆表达明确,人间观察大赏,娱乐#迪丽热巴每次对着粉丝眼睛都是弯弯的#迪丽热巴上海出发，特地走出来跟粉丝打招呼，每次对着粉丝都是弯弯的，每一次都是热巴和爱丽丝的双向奔赴啊 搞到顶流明星了的微博视频,https://m.weibo.cn/detail/5286936658838616
演员成长与角色群像评价,post,1,粉丝点评/记忆表达明确,Dear-d63-87,迪丽热巴 我爱一个新疆女孩 1. 眼有星光 2. 笑靥如花 3. 舞台封神 4. 演技灵动 5. 性格直爽 6. 颜值天花板 7. 温柔宠粉 8. 努力上进 9. 穿搭封神 10. 新疆风情 11. 共情力强 12. 真实可爱 13. 身材绝绝子 14. 声音清甜 15. 永远真诚 16. 古装yyds 17. 现代装清爽 18. 敬业负责 19. 温柔善良 2 ...全文,https://m.weibo.cn/detail/5286699938612393
白日提灯贺思慕/女鬼鬼王记忆,post,1,粉丝点评/记忆表达明确,梦与声,吻完就翻脸？迪丽热巴这操作太绝了！陈飞宇哭成“心碎小狗”，但观众却直呼过瘾？ 《白日提灯》这段强吻戏，真把我看破防了。 贺思慕看着段胥在归墟被寒毒折磨，怕他耗下去丢了性命，只能用最极端的方式逼他离开。主动强吻过后，转头就放狠话，说只是一时兴起，要用这个吻了结一切，把“吻别即决 ...全文,https://m.weibo.cn/detail/5284481394806275
白日提灯贺思慕/女鬼鬼王记忆,post,1,粉丝点评/记忆表达明确,剧好看鸭,#陈飞宇看迪丽热巴许愿的眼神##迪丽热巴陈飞宇情侣日常# 段胥看贺思慕的眼神根本藏不住爱！陈飞宇细腻的眼神戏，把对热巴的偏爱与心疼演得淋漓尽致，双向奔赴又互相治愈，思胥万千好嗑到失语 #白日提灯# 剧好看鸭的微博视频,https://m.weibo.cn/detail/5283603824510734
红毯神图与高定封神造型,post,1,粉丝点评/记忆表达明确,好运螺狮,官宣大片：金框墨镜×简约黑裙，高级感封神👑 #Fakeme和迪丽热巴的双向奔赴##被迪丽热巴的眼镜杀疯了# @Fakeme眼镜官方微博 迪丽热巴 官宣物料里这套造型直接把“氛围感”拉满！热巴身着简约黑色缎面长裙，利落的剪裁勾勒出挺拔身形，而点睛之笔正是那副Fakeme金框墨镜🕶️ 金属边框 ...全文,https://m.weibo.cn/detail/5259709430891639
生日生贺与小小迪陪伴记忆,post,1,粉丝点评/记忆表达明确,许醒幸福,迪丽热巴 dlrb#迪丽热巴0603生日快乐# dlrb 明天可能不会准时祝你生日快乐了！提前看吧。 TO 迪丽热巴 6月来临。6月是个很特别的月份，6月的第一天就是儿童节！6月3号就是你的生日啦！没错没错也就是今天！很开心也很荣幸这是陪你一起度过的第4个生日！我喜欢你已经四年了！ 其实我也没 ...全文,https://m.weibo.cn/detail/5173143842591461
爱丽丝与热巴的双向奔赴,post,1,粉丝点评/记忆表达明确,莹布噜莹,迪丽热巴有万千少女的真心 而万千少女也有迪丽热巴的真心阿丝们真的好好 辛苦你们了迪丽热巴 双向奔赴的爱 迪丽热巴#迪丽热巴现身南京雨天粉丝热情不减#就算彻夜不眠 我们也都甘愿,https://m.weibo.cn/detail/5292998237884276
白日提灯贺思慕/女鬼鬼王记忆,post,1,粉丝点评/记忆表达明确,迪芷惜,迪丽热巴#迪丽热巴慕胥辞#dlrb#迪丽热巴贺思慕# 最好的追星文案就是我们彼此双向奔赴 @Dear-迪丽热巴,https://m.weibo.cn/detail/5290245101717577
白日提灯贺思慕/女鬼鬼王记忆,post,1,粉丝点评/记忆表达明确,蓝调梦旅人,看完《白日提灯》真的后劲滔天，久久走不出来🥺 哪里只是一部古言小甜虐剧啊。 贺思慕活了四百年，身为万灵之主，却早就丧失感知世界的能力，活得像一具没有温度的空壳。 直到段胥出现，以五感为契，为她死寂的世界重新填上色泽、温度与人烟。 原来生命的鲜活，从来无关权柄与永恒，只在于风拂过皮肤...全文 #迪丽热巴生离死别哭戏##白日提灯后劲好大##看完白日提灯比失恋还难受# 追完《白日提灯》大结局，好久没缓过来，后劲真的比我预想的还要足。 思胥万,https://m.weibo.cn/detail/5289559542995375
白日提灯贺思慕/女鬼鬼王记忆,post,1,粉丝点评/记忆表达明确,晗存一迪,迪丽热巴#贺思慕的无感体验卡##迪丽热巴贺思慕##追剧名场面存档中#迪丽热巴#迪丽热巴陈飞宇收视热度双丰收# 《白日提灯》追更进度：追至二十集 最喜欢的台词/名场面：- 黑夜提灯，为人引路；白日提灯，替灵开道。 我的产出/剧评：《白日提灯》真的把仙侠宿命感写到了极致！ 红衣白发的幽冥 ...全文,https://m.weibo.cn/detail/5289345613564164
红毯神图与高定封神造型,post,1,粉丝点评/记忆表达明确,尖峰墨客,#迪丽热巴可逐全球品牌代言人##颈快变美吧# @KAZOO可逐 迪丽热巴同款｜可逐银绷带颈膜✨15分钟淡纹，养出天鹅颈🦢 护肤只顾脸、脖子却悄悄出卖年龄😮💨！低头族、熬夜党、颈纹星人狂喜——迪丽热巴官宣可逐全球品牌代言人，同款银绷带颈膜直接封神，把院线级颈护搬回家，轻松拿捏热巴同款 ...全文,https://m.weibo.cn/detail/5289141736052311
爱丽丝与热巴的双向奔赴,post,1,粉丝点评/记忆表达明确,兔咪糕妹,#迪丽热巴补偿去巴黎的粉丝#迪丽热巴因突发不可抗力缺席巴黎时装周后，主动为远赴现场却扑空的粉丝寄送亲笔签名照和胶片相机礼盒，这一“双向奔赴”举动引发全网热议，被赞为内娱体面偶像的暖心范本。,https://m.weibo.cn/detail/5287037053700268
爱丽丝与热巴的双向奔赴,post,1,粉丝点评/记忆表达明确,凛姐姐点到为止,#迪丽热巴补偿去巴黎的粉丝#迪丽热巴和爱丽丝一直都是双向奔赴好会爱人,https://m.weibo.cn/detail/5287032744052130
爱丽丝与热巴的双向奔赴,post,1,粉丝点评/记忆表达明确,badada的小丸子啦,#迪丽热巴补偿去巴黎的粉丝#双向奔赴 就是这么好的宝宝 把粉丝都放在心上,https://m.weibo.cn/detail/5287029342471494
爱丽丝与热巴的双向奔赴,post,1,粉丝点评/记忆表达明确,第八凌河系,#迪丽热巴补偿去巴黎的粉丝#姐姐一直都很真诚 姐姐和阿丝一直都是双向奔赴,https://m.weibo.cn/detail/5287020842714557
爱丽丝与热巴的双向奔赴,post,1,粉丝点评/记忆表达明确,下不完的晓雨,#迪丽热巴补偿去巴黎的粉丝#姐姐真的很好 和粉丝双向奔赴,https://m.weibo.cn/detail/5287013878073846
爱丽丝与热巴的双向奔赴,post,1,粉丝点评/记忆表达明确,Dear-古锦,#迪丽热巴补偿去巴黎的粉丝#巴宝一直宠粉，爱丽丝一直都是双向奔赴,https://m.weibo.cn/detail/5287005491568572
爱丽丝与热巴的双向奔赴,post,1,粉丝点评/记忆表达明确,想上岸的渝,#迪丽热巴补偿去巴黎的粉丝#真的是人美心善的巴巴 这是粉丝与偶像的双向奔赴了,https://m.weibo.cn/detail/5287004851671508
白日提灯贺思慕/女鬼鬼王记忆,post,1,粉丝点评/记忆表达明确,数只轻舟Z,我们的沉英喝小小姐姐就这么双向奔赴#迪丽热巴贺思慕# #迪丽热巴白日提灯# //@八杯甜可乐:我不得劲…白日提灯贺思慕不仅是体验了五感，不单单有爱情，也有别的，沉英的“守护”，孟校尉的替身而出，明知贺思慕非人仍放她走🥺姨母的礼物不仅是五感，是贺思慕真真切切体验人间百味，世间百...全文 你护着我做什么，我又不会死，我只是会疼而已 #白日提灯##迪丽热巴贺思慕#,https://m.weibo.cn/detail/5283013668638929
演员成长与角色群像评价,post,1,粉丝点评/记忆表达明确,xiwanghuofojigongpaishe100bu,我给你补一份**《斗罗大陆：成神之路》的顶配全球演员阵容**，按角色气质、实景打戏、颜值气场、适配度全排满，全是能扛大场面、能演狠角色、能撑史诗感的人，不搞花里胡哨，只选最贴脸的。 一、唐三（海神+修罗神） - 首选：于适 理由：188cm身高、武生功底、真打无替身、眼神干净又有神性，能演 ...全文,https://m.weibo.cn/detail/5282902940320796
任安乐/帝梓元角色记忆,post,1,粉丝点评/记忆表达明确,每天为万民祈福,安居乐烨CP好消息 《安乐传》N刷指数59.13 N刷指数59.13，热度口碑双在线。 龚俊饰演的韩烨太子，是古今中外第一情圣，更是最好的太子殿下，温润如玉、心怀天下，一身家国大义，飒爽英姿尽显储君风范。迪丽热巴饰演的任安乐英姿飒爽，智勇双全，与太子并肩守护家国天下，双向奔赴、情义两全 ...全文,https://m.weibo.cn/detail/5282675356863271
爱丽丝与热巴的双向奔赴,post,1,粉丝点评/记忆表达明确,兔BOOM_YHB,"#迪丽热巴给粉丝寄签名照和相机# 迪丽热巴因巴黎时装周意外缺席，主动向未能见面的粉丝寄送亲笔签名照和胶片相机礼盒作为心意补偿，这份""双向奔赴""的宠粉行动引发全网热议。",https://m.weibo.cn/detail/5286954987946150
白日提灯贺思慕/女鬼鬼王记忆,post,1,粉丝点评/记忆表达明确,沈琰迪,迪丽热巴#迪丽热巴贺思慕# dlrb#迪丽热巴白日提灯# dlrb#迪丽热巴卫蓝# dlrb 胖迪除了你我真的看不到比你还宠粉的人了 你真的我哭死 @Dear-迪丽热巴,https://m.weibo.cn/detail/5269541701815827
白日提灯贺思慕/女鬼鬼王记忆,post,1,粉丝点评/记忆表达明确,绿芒果和青木瓜,我说啥来着看了白日提灯咋可能不垂直入坑迪丽热巴#迪丽热巴贺思慕# ​,https://m.weibo.cn/detail/5293555658523057
演员成长与角色群像评价,post,1,粉丝点评/记忆表达明确,离奇猫,#钢铁森林为什么能火# 还有谁跟我一样，是女主高跟鞋砸玻璃自救那段入坑的？高跟鞋从女性美丽的“枷锁”，变成了逃生的必备工具，好美的力量感🥺如果说不魔改是这个《钢铁森林》好看的基础，那“尊重女性”就是编剧真正实力的秀场！影视寒冬里反而出现了越来越多好的女性角色，文淇演的许可、杨幂演的宁绣绣、迪丽热巴演的贺思慕 ，都有不同的女本位视角，支持内娱编剧和女演员这样创作下去！,https://m.weibo.cn/detail/5288365508529434
白日提灯贺思慕/女鬼鬼王记忆,post,1,粉丝点评/记忆表达明确,缝隙里溢出阳光,老铁们这个白日提灯真的好看到爆了特效也好剧情也好迪丽热巴更是好得没话讲 硬生生把飞鱼都看顺眼了我即将剧抛入坑之 ​,https://m.weibo.cn/detail/5284312111124896
白日提灯贺思慕/女鬼鬼王记忆,post,1,粉丝点评/记忆表达明确,Qd1ko-,#白日提灯# 我的评分：#白日提灯观后感#谁懂啊！《白日提灯》直接杀疯出圈✨迪丽热巴红衣执灯封神！一眸藏四百年孤寂，又飒又美氛围感拉满～鬼王×少年将军宿命纠缠，五感互通双向救赎，甜虐拉扯狠狠戳心！权谋+志怪双在线，剧情紧凑不注水，台词走心、格局拉满肉眼可见的精良制作，东方美学直接焊死屏幕年度古颜天花板，入坑入股绝对血赚，不追真的会遗憾！,https://m.weibo.cn/detail/5283632088613881
白日提灯贺思慕/女鬼鬼王记忆,post,1,粉丝点评/记忆表达明确,迪迪的Alice-,心累真的 我想不通为什么热度上不去 明明讨论度很高 🫘也有很多人入坑 周边看的人也很多 还有剧宣也被说其他剧难道没有吗 不想管了 该安利就安利 反正白日提灯夯棒了 非常非常好看 无论后面播怎么样 我很喜欢贺思慕这个角色 迪丽热巴·迪力木拉提姐姐你演的太棒了！！！ ​,https://m.weibo.cn/detail/5283611358003670
白日提灯贺思慕/女鬼鬼王记忆,post,1,粉丝点评/记忆表达明确,雪漫热巴,#迪丽热巴贺思慕#《白日提灯》（小说+剧版）真正的亮点，是设定、人设、情感、制作四项全在线，且每一项都踩在古偶/奇幻的爽点上。 ✨ 1. 设定：五感互通，虐恋天花板 - 核心强设定：400岁无五感鬼王 × 少年将军，五感互通、共享痛觉、命锁共生- 你的甜就是我的甜，你的伤就是我的伤- 从“利用”到“上瘾”，生理+情感双重捆绑，宿命感焊死- 人鬼殊途+寿命差：她永恒，他短暂，注定 BE 感拉满- 不是为虐而虐，是设定自带虐点，后劲极强 👑,https://m.weibo.cn/detail/5283310592594585
白日提灯贺思慕/女鬼鬼王记忆,post,1,粉丝点评/记忆表达明确,忘卿少女,#入坑迪丽热巴陈飞宇新剧##白日提灯倍速不了一点#白天是柔弱孤女贺小小，晚上秒变战力天花板，热巴这反差感直接封神！陈飞宇演的段胥又苏又带感，两人对手戏张力拉满，每一秒都不想快进！ ​,https://m.weibo.cn/detail/5282223762970108
白日提灯贺思慕/女鬼鬼王记忆,post,1,粉丝点评/记忆表达明确,爱看剧的番薯,#入坑迪丽热巴陈飞宇新剧##白日提灯倍速不了一点#《白日提灯》每帧全是细节，五感互通宿命感拉满，甜虐交织又带感，根本舍不得快进，细糠就得慢慢品太上头！ ​,https://m.weibo.cn/detail/5282100179898954
白日提灯贺思慕/女鬼鬼王记忆,post,1,粉丝点评/记忆表达明确,葡萄酒专业户·,#入坑迪丽热巴陈飞宇新剧# 🔍全程信息量爆炸！不敢快进一点，仙侠权谋双在线，人物演技在线，每一幕都是良心制作 #白日提灯倍速不了一点# ​,https://m.weibo.cn/detail/5282098891722663
白日提灯贺思慕/女鬼鬼王记忆,post,1,粉丝点评/记忆表达明确,Dear-迪丽热巴大宝贝,越看越上头的颜值谁懂啊💫迪丽热巴状态永远在线🌟你是因为哪部剧入坑的？ 迪丽热巴超话#迪丽热巴##迪丽热巴贺思慕特效妆vlog# ​,https://m.weibo.cn/detail/5280584171783039
行走的油画/神女美貌出圈,post,1,粉丝点评/记忆表达明确,迪淼鸢,迪丽热巴超话#超星动告白信箱# ✨这真的是可以免费看的吗？！🤯每一帧都美到失语，每一眼都是心脏暴击💘热巴的镜头表现力就是顶级神颜的教科书吧！氛围感直接拉满，我直接一个垂直入坑躺平！！这波美颜暴击，入股不亏家人们！！🥰 ​,https://m.weibo.cn/detail/5280118841021867
嘻嘻迪/表情包/可爱梗,post,1,粉丝点评/记忆表达明确,三文鱼绪语,𝒔𝒉𝒂𝒓𝒆 |小马宝莉/小马国女孩/食堂之歌/ ins风壁纸 动态视频 回忆里的夏天☀️𝗪𝗲𝗖𝗵𝗮𝘁 𝙒𝙚𝘾𝙝𝙖𝙩｜小猫头像头像分享| 卡通头像| 可爱头像 | 审美积累｜可爱｜萌宠｜ipad壁纸｜手机壁纸｜ins｜高清｜无水印｜好运｜搞怪｜毛茸茸｜奇奇怪怪｜头像推荐｜清新｜淡淡的｜高能量｜韩系｜高级感｜双人头像｜ipad壁纸张子枫｜周也｜鞠婧祎｜张婧仪｜欧阳娜娜｜文淇｜陈都灵｜杨幂｜赵今麦｜卢昱晓｜白鹿｜刘亦菲｜Angelababy｜,https://m.weibo.cn/detail/5294647606772025
跑男时期综艺名场面,post,1,粉丝点评/记忆表达明确,冯念祎,爱是秩序外的那一瞬间#陆地夫妇 #布谷cp #回忆 #奔跑吧……#微博二创视频创作季##一分钟视频创作季# L冯念祎的微博视频 ​,https://m.weibo.cn/detail/5294239933534540
跑男时期综艺名场面,post,1,粉丝点评/记忆表达明确,为你飘落了一片雪,跑男每一位女MC都给跑男带来了不一样的看点和笑点，风格也完全不一样这几位历届常驻女MC里，你们的白月光是谁？从最开始一直陪着的Angelababy，从第1季就常驻，到现在还在跑男里，情商高放得开，多少人的童年综艺回忆啊！后来的迪丽热巴，第5季的限定快乐，明艳自信又有点憨憨吃货属性，当时真的被她圈粉好久！还有宋雨琦，第3季就来了，游戏能力超强玩得开，和谁都能打成一片，跑男的体力担当实锤了！最后是现在常驻的白鹿，从第8季开始就一直在，完全没,https://m.weibo.cn/detail/5294164612746678
嘻嘻迪/表情包/可爱梗,post,1,粉丝点评/记忆表达明确,恶釹一击斬殺,Share｜这里像一场浸在回忆里的梦 思绪顺着回忆轻轻散开 𝒔𝒉𝒂𝒓𝒆 | 风景动态壁纸分享/Wechat背景图/背景图/聊天背景图/壁纸套图/iPhone壁纸/审美积累/手机壁纸/高清/风景/小众 /自喜/猜你喜欢/头像/风景/壁纸｜Wallpaper壁纸推荐 ｜暗黑风纯欲少女｜平板动态壁纸｜ ins风壁纸 ｜女生头像｜电脑动态壁纸｜实况壁纸｜魔法少女小圆 ｜动态背景图｜平板动态壁纸｜暗黑系壁纸𝗪𝗲𝗖𝗵𝗮𝘁 𝙒𝙚𝘾𝙝𝙖𝙩｜小猫头像头像,https://m.weibo.cn/detail/5293043193480840
新疆舞与舞台表现名场面,post,1,粉丝点评/记忆表达明确,今视频长天新闻,【#误闯天家歌词到底啥意思#】“误闯天家”这句歌词源自2016年的古风歌曲《辞·九门回忆》，原本描述小说《老九门》中二月红为救妻子冒死求药却被权贵拒绝的悲剧，而2026年因泰国明星蔡有福的抽象手势舞爆火。众明星纷纷加入模仿，孟子义在片场跳舞时因动作太投入“越跳越远”，滑出镜头范围，成为经典名场面；李昀锐、卢昱晓、周深、白鹿、杨紫、李一桐、曾舜晞、陈都灵等也相继挑战，各具风格。 （津云新闻）更多文娱消息：#韩汶栩宣布恋情##王楚然高度近视,https://m.weibo.cn/detail/5292642055227552
跑男时期综艺名场面,post,1,粉丝点评/记忆表达明确,-RAFA-,#迪丽热巴跑男只录了12天#宝子 这真是我童年回忆了 ​,https://m.weibo.cn/detail/5292087234789747
红毯神图与高定封神造型,post,1,粉丝点评/记忆表达明确,今视频长天新闻,【#万千慧发文告别者来女#】4月25日，在《乘风2026》第二次公演中，歌手@者来女 以33票的超低票数被淘汰。#者来女浪姐史上最封神的淘汰离场# 4月26日，者来家族“者来妹”万千慧@千惠在这里 发长文告别者来女：“二公舞台结束了，我拥有了机会也留下了遗憾，我们的者来家族者来女姐姐 😭😭😭我的vlog里还藏了好多的你，我们一起搓澡一起吃饭一起说了好多好多的心里话，还记得多年前你在我评论区力挺我，缘分的种子就这样种下了，六年后我们在乘风,https://m.weibo.cn/detail/5292048656893440
嘻嘻迪/表情包/可爱梗,post,1,粉丝点评/记忆表达明确,汀汀不加班,#迪丽热巴跑男只录了12天#救命！才知道迪丽热巴跑男只录了12天？！我以为她录了一整季，结果12天剪出了一整个夏天的回忆，剪辑师和热巴都太牛了！这才叫真正的综艺效果，又有梗又有记忆点，根本看不腻！ ​,https://m.weibo.cn/detail/5292007176278233
跑男时期综艺名场面,post,1,粉丝点评/记忆表达明确,就这个胡图图,#迪丽热巴跑男只录了12天#：12天的录制浓缩成国民级回忆，既因迪丽热巴个人魅力的高效释放，也折射综艺工业的放大效应。网友怀念“跑男迪”的真诚鲜活，亦反思娱乐生态中艺人与制作的博弈关系 ​,https://m.weibo.cn/detail/5292006699961573
白日提灯贺思慕/女鬼鬼王记忆,post,1,粉丝点评/记忆表达明确,Dear-囡記呓,迪丽热巴超话 贺思慕#迪丽热巴关小迪#dlrb #迪丽热巴麻辣变形计# dlrb #迪丽热巴# 人这一辈子，总会有几个特别难忘的回忆，而每当你想起这个回忆，就会有一瞬间是你这辈子都忘不了的@Dear-迪丽热巴 ​,https://m.weibo.cn/detail/5291923084675828
红毯神图与高定封神造型,post,1,粉丝点评/记忆表达明确,来碗大米123,谁路过都得停下看看这段，啊啊啊啊啊啊好好磕，以前的时候不懂什么是cp，只记得当时午休时间隔壁班的好朋友拉着我，去她们班一起看这一段，她说这集特别好看，当时就被热巴迷住了，巨巨巨美，这个黄色丝带造型记了很久，虽然不咋追星，但欣赏美喜欢美，还有！真的很好磕啊啊啊啊啊啊啊这能怪我吗这能怪我吗，现在看还是很好磕，不管真假我先磕开心了 L来碗大米123的微博视频,https://m.weibo.cn/detail/5291013741745494
嘻嘻迪/表情包/可爱梗,post,1,粉丝点评/记忆表达明确,badada是大宝贝,贺思慕，四百年来你一直是孤单的一个人。直到有人闯入了你的世界，能和你交换五感，能让你体会到这世间的美好与温柔。触觉让你感到风从身体里出来，你像小孩一样，到处感受世间万物。嗅觉让你闻到烟火气息，也闻到了这世间最好闻的味道。视觉让你第一眼看见是鲜艳的红，这也是最适配你的颜色。味觉让你尝到了沉英的肉饼还有花蜜等好吃的，我们思慕吃得鼓囊囊的，可爱极了。听觉让你在大婚之时听到了有韵律的囍乐，也听到了清晨来自大自然的声音。最后大婚，拥有完整五感的你,https://m.weibo.cn/detail/5290999903427177
李长歌与《长歌行》角色记忆,post,1,粉丝点评/记忆表达明确,任安乐87,迪丽热巴超话#超星动告白信箱#亲爱的热巴 很高心认识你，了解你，喜欢你，到完全爱上姐姐这个人，我从初中开始就跟着姐姐，一直到现在大学毕业实习，但是我记忆深刻的是高中的时候才完全有了自己买的的一部手机，了解到微博可以关注到自己喜欢的明星，姐姐是我第一个关注的演员，也是我唯一最喜欢的女演员。高三的时候我还记得晚自习偷偷看姐姐的与君初相识，我发现我身边的同学也都在看，她们都说姐姐的古装剧特别好看，我当时也很为你高兴。我对姐姐的喜欢是一点一点,https://m.weibo.cn/detail/5294647305568380
嘻嘻迪/表情包/可爱梗,post,1,粉丝点评/记忆表达明确,Corny_靁冄僸區_,田栩宁 梓渝 济宁夹饼 美食剪辑狂飙 电视剧剪辑 我想吃鱼了豁达乐观 永远保持积极的态度21世纪大军夫人 李知恩（iu） 边佑锡 𝐇𝐢𝐝𝐞｜综艺精选剪辑｜现在就出发搞笑剪辑｜王安宇尝试空口吃葱“我会杀死你，不是用镰刀，而是用岁月.”萌宠头像｜治愈系头像头像安利｜卡通手绘｜软萌头像｜审美封神｜可爱爆棚｜毛茸茸萌物｜平板全屏壁纸｜手机超清壁纸｜微博热榜｜无水印原图｜转运好运｜搞怪趣味｜小众独特｜清新温柔｜氛围感拉满｜韩系极简｜高级质感｜闺蜜,https://m.weibo.cn/detail/5293136098103299
跑男时期综艺名场面,post,1,粉丝点评/记忆表达明确,夜樱2109,#迪丽热巴跑男只录了12天# 谁懂！12天素材剪出一整季经典高效营业，自带高光，真正的魅力从不受时间限制短短十二天，记忆许多年跑男迪永远是意难平 ​,https://m.weibo.cn/detail/5292153492472534
枭起青壤/聂九罗表演突破,post,1,粉丝点评/记忆表达明确,慢游热爱星球_,#迪丽热巴邓妍# #利剑玫瑰# #迪丽热巴聂九罗# 怀旧风起，记忆闪帧，回传一则80年代巴@Dear-迪丽热巴 的复古讯息📺黑天鵝 L嘉行迪丽热巴工作室的微博视频 ​​​,https://m.weibo.cn/detail/5292117866054300
跑男时期综艺名场面,post,1,粉丝点评/记忆表达明确,西红柿炒番茄fq,#迪丽热巴跑男只录了12天#统一酱拌面又升级啦！这次组队老干妈推出老干妈豆豉辣酱风味拌面！谁还没在加班、追剧时，馋过老干妈配一切！拌开的面裹满咸鲜香的豉香，和你记忆里的味道没差。#舌尖上的美食##美食推荐#今晚不加班超话 ​,https://m.weibo.cn/detail/5292099134033719
跑男时期综艺名场面,post,1,粉丝点评/记忆表达明确,几何请醒醒,#迪丽热巴跑男只录了12天#迪丽热巴短期加盟《奔跑吧》，仅录制12天却收获超高热度与口碑。行程紧凑的前提下，她全程认真投入游戏任务，不娇气、不摆架子，拼尽全力完成挑战，温柔又有韧劲。镜头里她性格开朗随和，和常驻嘉宾相处融洽，待人礼貌谦逊，自带亲和力，为节目增添了清新氛围。短短数日，既展现了真实可爱的个人魅力，也快速融入团队节奏。短暂录制却留下诸多精彩名场面，用真诚与努力打动观众，即便加盟时间有限，依旧成为节目经典常驻记忆，尽显艺人的职业,https://m.weibo.cn/detail/5292011546216992
跑男时期综艺名场面,post,1,粉丝点评/记忆表达明确,吴云完说嗨嗨,#迪丽热巴跑男只录了12天#迪丽热巴作为第五季常驻嘉宾，实际集中录制约12个工作日，素材被剪辑成12期内容播出，横跨近三个月。该季因她塑造的“甜热热”“胖迪”等灵动形象成为观众记忆最深的一季。 ​,https://m.weibo.cn/detail/5292003170714903
跑男时期综艺名场面,post,1,粉丝点评/记忆表达明确,胖胖喵喵喵-,#迪丽热巴跑男只录了12天#只同框了12天 却在我的记忆里兜兜转转了快十年 ​,https://m.weibo.cn/detail/5291989861666213
白日提灯贺思慕/女鬼鬼王记忆,post,1,粉丝点评/记忆表达明确,赫迪x,迪丽热巴超话#迪丽热巴超话##白日提灯# 从永生孤寂到五感觉醒，从秩序枷锁到为爱自由。贺思慕的故事落幕，但爱与成长永不散场。感谢迪丽热巴，让我们遇见这样一个复杂又迷人的灵魂。提灯虽熄，记忆永存。 ​,https://m.weibo.cn/detail/5291586254536935
纪云禾与鲛人系角色记忆,post,1,粉丝点评/记忆表达明确,桃夭影剧,即使失去前世记忆，女孩还是本能的冲进滚滚岩浆中救前世爱人 任嘉伦 迪丽热巴/与君初相识 L桃夭影剧的微博视频 ​,https://m.weibo.cn/detail/5291519907203745
白日提灯贺思慕/女鬼鬼王记忆,post,1,粉丝点评/记忆表达明确,迪迪-momo,迪丽热巴，贺思慕演得完全没有问题满分女💯女日提灯会是我第二部多刷的剧了从第一集开始，见到段胥走入城中的时候表情从吃惊破剑在他身上到转换为委屈，再到贺小小的那种茶感，一个镜头完美转换三种情绪。我真的不难想象这么优秀的演员，这么认真对待角色的演员的未来是多么耀眼的。因为表演上的成功，更加感叹，世界上就是有这么优秀的人在啊在吸取男主记忆以及知道男主被围困三天后都没叫她出来，这两处的情绪表达以及转换很清晰自然，一眼就能看出是不用的情绪当然，演“,https://m.weibo.cn/detail/5290995013131367
乔晶晶与《你是我的荣耀》入坑记忆,post,1,粉丝点评/记忆表达明确,桃気不打烊,梦回乔晶晶#王亚飞 迪丽热巴# ​,https://m.weibo.cn/detail/5292757778171066
跑男时期综艺名场面,post,1,粉丝点评/记忆表达明确,ronger34,迪丽热巴超话 梦回跑男 ​,https://m.weibo.cn/detail/5291737085908278
跑男时期综艺名场面,post,1,粉丝点评/记忆表达明确,L29d,迪丽热巴超话 梦回跑男迪#迪丽热巴白日提灯获年度原创文学IP奖# ​,https://m.weibo.cn/detail/5291367263635649
乔晶晶与《你是我的荣耀》入坑记忆,post,1,粉丝点评/记忆表达明确,星星睡啦叭,迪丽热巴超话梦回乔晶晶,https://m.weibo.cn/detail/5289534581380743
白日提灯贺思慕/女鬼鬼王记忆,post,1,粉丝点评/记忆表达明确,柒同学2006,迪丽热巴超话 这张照片让我梦回跑男 这么多年你还是你 而我们也依旧在这里 依旧喜欢你#迪丽热巴贺思慕热度榜top1##迪丽热巴白日提灯登顶畅销榜# ​,https://m.weibo.cn/detail/5289198136852531
白日提灯贺思慕/女鬼鬼王记忆,post,1,粉丝点评/记忆表达明确,牵着小巴的手,迪丽热巴超话#迪丽热巴贺思慕# 梦回关小迪@Dear-迪丽热巴 ​,https://m.weibo.cn/detail/5289195618966241
李长歌与《长歌行》角色记忆,post,1,粉丝点评/记忆表达明确,热爱与清欢,迪丽热巴超话 贺思慕梦回长歌 ​,https://m.weibo.cn/detail/5288485856741992
高雯名场面与早期出圈,post,1,粉丝点评/记忆表达明确,迪迪快乐脑,梦回高雯 迪丽热巴超话 ​,https://m.weibo.cn/detail/5288465451450793
李长歌与《长歌行》角色记忆,post,1,粉丝点评/记忆表达明确,热带樱桃宇,迪丽热巴超话 贺思慕#迪丽热巴贺思慕##迪丽热巴白日提灯# dlrb#迪丽热巴卫蓝##迪丽热巴虽然不能同时拥有一切##白日提灯# 梦回李长歌@Dear-迪丽热巴 ​,https://m.weibo.cn/detail/5287978840883435
白日提灯贺思慕/女鬼鬼王记忆,post,1,粉丝点评/记忆表达明确,我为热巴框框撞大墙,迪丽热巴超话 宝宝你怎么笑得如此甜梦回甜热热啦@Dear-迪丽热巴 #迪丽热巴贺思慕##迪丽热巴# ​,https://m.weibo.cn/detail/5287648593709023
乔晶晶与《你是我的荣耀》入坑记忆,post,1,粉丝点评/记忆表达明确,圆圆桃花酥,#幸运咖 迪丽热巴#这个红裙妆造好美 梦回乔晶晶了 ​,https://m.weibo.cn/detail/5287591319701528
高雯名场面与早期出圈,post,1,粉丝点评/记忆表达明确,QIU曄,迪丽热巴超话 梦回高雯💗 ​,https://m.weibo.cn/detail/5287338691267206
李长歌与《长歌行》角色记忆,post,1,粉丝点评/记忆表达明确,晚林之恋,迪丽热巴超话谁懂！！！梦回长歌行了 ​,https://m.weibo.cn/detail/5286558336814492
李长歌与《长歌行》角色记忆,post,1,粉丝点评/记忆表达明确,ba巴分糖加冰,迪丽热巴超话 梦回长歌行李長歌 ​,https://m.weibo.cn/detail/5286476673714133
李长歌与《长歌行》角色记忆,post,1,粉丝点评/记忆表达明确,美貌第一驱动力-,迪丽热巴超话 贺思慕真的梦回长歌了 ​,https://m.weibo.cn/detail/5285943772447555
李长歌与《长歌行》角色记忆,post,1,粉丝点评/记忆表达明确,樱桃糖迪,#迪丽热巴贺思慕# #迪丽热巴谈演员身份#梦回长歌行，恰似故人归@Dear-迪丽热巴 ​,https://m.weibo.cn/detail/5285762213086517
李长歌与《长歌行》角色记忆,post,1,粉丝点评/记忆表达明确,Dear-花提,迪丽热巴超话#白日提灯#梦回长歌 这套真的好美好美 ​,https://m.weibo.cn/detail/5285567497503173
李长歌与《长歌行》角色记忆,post,1,粉丝点评/记忆表达明确,来看观影,迪丽热巴在《白日提灯》里的这套造型，真的梦回《长歌行》李长歌时期！清冷又飒爽的气质，站在屋顶上的氛围感直接拉满，和段胥重逢的名场面，眼神里全是戏！迪丽热巴｜陈飞宇白日提灯剧版超话 L来看观影的微博视频 ​,https://m.weibo.cn/detail/5285550774814960
李长歌与《长歌行》角色记忆,post,1,粉丝点评/记忆表达明确,提子味布丁,迪丽热巴超话 贺思慕#迪丽热巴贺思慕##迪丽热巴花魁造型##白日提灯# 今天四个造型，花魁贺思慕最惊艳，白衣梦回长歌行 ​,https://m.weibo.cn/detail/5285540343583526
李长歌与《长歌行》角色记忆,post,1,粉丝点评/记忆表达明确,泡芙八分甜见过热巴版,迪丽热巴超话 梦回李长歌 #迪丽热巴花魁造型# ​,https://m.weibo.cn/detail/5285538735328872
白日提灯贺思慕/女鬼鬼王记忆,post,1,粉丝点评/记忆表达明确,Dira_养只小猫巴,迪丽热巴超话 贺思慕 #迪丽热巴贺思慕# dlrb#迪丽热巴花魁造型# dlrb#迪丽热巴白日提灯# 梦回长歌😭 ​,https://m.weibo.cn/detail/5285521423338152
李长歌与《长歌行》角色记忆,post,1,粉丝点评/记忆表达明确,巧克力听风,迪丽热巴超话 梦回李长歌绝了 就是美#迪丽热巴贺思慕# ​,https://m.weibo.cn/detail/5285424654191759
李长歌与《长歌行》角色记忆,post,1,粉丝点评/记忆表达明确,草莓真迪甜迪迪子,迪丽热巴超话 oh~朋友，这个造型梦回长歌行！#白日提灯迪丽热巴亲哭陈飞宇# ​,https://m.weibo.cn/detail/5284807586090633
李长歌与《长歌行》角色记忆,post,1,粉丝点评/记忆表达明确,热巴的白纸,迪丽热巴超话 贺思慕好美，有点让我梦回了长歌行 ​,https://m.weibo.cn/detail/5284787023517477
白日提灯贺思慕/女鬼鬼王记忆,post,1,粉丝点评/记忆表达明确,迪佳dlrb,迪丽热巴超话 贺思慕 #迪丽热巴贺思慕# dlrb #迪丽热巴# dlrb #白日提灯# 可爱鬼 梦回粉色毛衣 ​,https://m.weibo.cn/detail/5284422563662530
嘻嘻迪/表情包/可爱梗,post,1,粉丝点评/记忆表达明确,Max九爷,音乐分享｜今日分享音乐｜感觉至上“为我心中挚爱，赠以感激之情”ins｜薄荷曼波壁纸∘˚🧴˚˟🫙˖⭒˚薄荷绿｜壁纸分享｜夏日清凉壁纸｜全屏壁纸｜锁屏壁纸｜氛围感壁纸｜iphone壁纸｜绿色果然是生命的颜色｜薄荷曼波𝙒𝙚𝘾𝙝𝙖𝙩背景图 𝙞𝙣𝙨风 背景图推荐❤️🧡💛💚💙💜🤎🖤🤍杨幂 刘诗诗 唐嫣 赵丽颖 赵今麦 孙千 周雨彤 张婧仪 周也 谭松韵 关晓彤 景甜 李沁江疏影 秦岚 宋祖儿 陈都灵 张子枫 古力娜扎卢昱晓 戚薇 毛晓彤 李庚希 向,https://m.weibo.cn/detail/5283955311645067
白日提灯贺思慕/女鬼鬼王记忆,post,1,粉丝点评/记忆表达明确,我们相爱巴_28,迪丽热巴超话 贺思慕 梦回007 ​,https://m.weibo.cn/detail/5283740779816023
白日提灯贺思慕/女鬼鬼王记忆,post,1,粉丝点评/记忆表达明确,Y怡染R,迪丽热巴超话 真是梦回007呀@Dear-迪丽热巴 #迪丽热巴贺思慕##贺思慕的五感体验卡##迪丽热巴##白日提灯微博追剧团# ​,https://m.weibo.cn/detail/5283245249009258
红毯神图与高定封神造型,post,1,粉丝点评/记忆表达明确,芋头小锦鲤,考古pn迪 爱上迪丽热巴人之常情超有综艺感的小迪 走红毯碎碎念；小商品城扫货 L芋头小锦鲤的微博视频 ​,https://m.weibo.cn/detail/5293095286737350
红毯神图与高定封神造型,post,1,粉丝点评/记忆表达明确,Leonard迪迪,迪丽热巴超话 ♦️♦️♦️gogoboy-SF2015-10-26红秀GRAZIA 本周街拍她最潮——#迪丽热巴#用Balmain x H&M系列的一件黑色皮裤搭配三套不同造型，热巴妹子还是蛮适合这种街头风的@Dear-迪丽热巴 🍒🍒#迪丽热巴专属考古基地# ​,https://m.weibo.cn/detail/5292517836980641
跑男时期综艺名场面,post,1,粉丝点评/记忆表达明确,宁静芳妮,#迪丽热巴跑男只录了12天# 这波考古真的惊到了！原来2017年她录《奔跑吧》第五季，满打满算就12个工作日，却剪出12期播了近3个月。泥潭、指压板、水上项目样样拼，没偶像包袱，凭鲜活表现成了多少人的综艺白月光。12天高效封神，热度火了好几年，内娱这“有效打工”的天花板，真没谁了。 ​,https://m.weibo.cn/detail/5292077979277716
跑男时期综艺名场面,post,1,粉丝点评/记忆表达明确,昼夜寄梦,#迪丽热巴跑男只录了12天#近期，#迪丽热巴跑男只录了12天#话题火速冲上热搜，让无数网友直呼意外又震惊。原来2017年迪丽热巴加盟《奔跑吧》第五季，是以临时补位常驻嘉宾身份亮相节目组靠着精良后期剪辑，把短短十几天拍摄素材，拆分镜头、衔接互动片段，精心打磨剪出整整12期正片节目，播出跨度长达近三个月。节目里热巴各类趣味游戏名场面、暖心互动画面完整连贯，氛围感拉满，丝毫看不出录制时间短暂。时隔多年这个幕后细节被考古曝光后，网友纷纷感慨综艺,https://m.weibo.cn/detail/5292040814334945
白日提灯贺思慕/女鬼鬼王记忆,post,1,粉丝点评/记忆表达明确,巴亿汐,迪丽热巴超话 贺思慕#迪丽热巴# 考古 ​,https://m.weibo.cn/detail/5291717671782548
白日提灯贺思慕/女鬼鬼王记忆,post,1,粉丝点评/记忆表达明确,雨滴哩巴,迪丽热巴超话 贺思慕 考古郝美丽，真的是美丽#电影怦然星动# ​,https://m.weibo.cn/detail/5291654519196036
嘻嘻迪/表情包/可爱梗,post,1,粉丝点评/记忆表达明确,HollywoodView,N刷白日提灯。第十三集。灵主大人得嗅觉，全世界一通闻，超可爱。最后闻着酒香喝醉了。巴巴的酒醉演得太好了，像真的一样。有一点困困的，醺醺的，还忘不了一点可爱的，柔弱难支的，柔美诱人到极点。杨玉环当年醉酒大概也就如此。醉得好美。醉美人，找到正主了。终于明白为什么有人会想到把贵妃醉酒拍成戏。真是另一番美景。@Dear-迪丽热巴,https://m.weibo.cn/detail/5294094123535025
迪拜报平安/守护型记忆,post,1,粉丝点评/记忆表达明确,谷籽酱,#迪丽热巴卫蓝# dlrb#迪丽热巴贺思慕# dlrb痛是后知后觉的 直到那天我看到当年的痛再次上vb热搜 为什么又将我们的伤疤再次提出来可幸运的是姐姐他们终于理解你了 但是这份理解我们不需要了 从当年的全网黑时我们就想过强大起来不会原谅当年骂我们的任何人 其实当年的伤痛我没忘 说放下也都是假的直到现在我还是很心疼你@Dear-迪丽热巴,https://m.weibo.cn/detail/5292304274297984
跑男时期综艺名场面,post,1,粉丝点评/记忆表达明确,偏润润润润,#迪丽热巴跑男只录了12天#才12天！！我以为好久呢！！当年在小小的老子心里留下的印象实在是太深刻了 ​,https://m.weibo.cn/detail/5292197425186796
跑男时期综艺名场面,post,1,粉丝点评/记忆表达明确,conform-粉,我突然理解迪丽热巴粉丝的执念了。她当年录制《奔跑吧》，实际录制时长仅仅只有12天。​​一整季近4个月拍摄周期、12期节目。大多数观众看完都以为她全程常驻录满一季，我以前也一直是这么认为。​​谁也没想到，仅仅十几天的节目出镜，却让她在此后长达九年里，一次次陷入舆论非议与无端争议。​​喜欢她已经八年半。看着她从当年饱受争议的新人，一步步走到如今手握多项顶奢代言，还有大女主新剧《白日提灯》待播，一路走来真的很让人感慨。​​你们是从什么时候开始,https://m.weibo.cn/detail/5292084240323982
跑男时期综艺名场面,post,1,粉丝点评/记忆表达明确,脱线呆妖,#迪丽热巴跑男只录了12天#所以当年是哪个货在那吹是因为男的带火的，人明明自己就很火 ​,https://m.weibo.cn/detail/5292078033803849
跑男时期综艺名场面,post,1,粉丝点评/记忆表达明确,喜欢的事与你无关,#迪丽热巴跑男只录了12天#当年我拿这综艺当偶像剧看呢 ​,https://m.weibo.cn/detail/5292048966224571
跑男时期综艺名场面,post,1,粉丝点评/记忆表达明确,苏酒sicy,#迪丽热巴跑男只录了12天#别说当年看的可起劲了 ​,https://m.weibo.cn/detail/5292047722350422
跑男时期综艺名场面,post,1,粉丝点评/记忆表达明确,为正义而呼换,#迪丽热巴跑男只录了12天#如今五十难养家！55岁以上戍边老兵跪求一条生路 我是一名从雪域高原走下来的老兵。当年，响应国家号召，我们告别父母妻儿，背起行囊奔赴西藏边防，守卫祖国的西南大门。 在那高寒缺氧的高原上，我们啃干粮、睡帐篷，用青春和热血站岗放哨，捍卫国家主权。那时，我们心中只有一个信念：为了祖国安宁，我们甘愿奉献一切！如今，我们脱下军装，回到家乡，本应安享晚年，却万万没有想到，自己正深陷“上有老、下有小，手中无粮、卡里无存”的生,https://m.weibo.cn/detail/5292033323567952
跑男时期综艺名场面,post,1,粉丝点评/记忆表达明确,水清木华--,#迪丽热巴跑男只录了12天#当年迪丽热巴作为代班常驻加入《奔跑吧》，虽然参与录制的时间不算长，但却给观众留下了极其深刻的印象。她在节目里全程放得开，不管是激烈的游戏环节，还是轻松的互动场景，都表现得十分亮眼，每一个登场的瞬间都充满了看点。 正是这份满满的综艺感，让她和其他嘉宾之间产生了非常默契的化学反应。不管是和搭档的趣味互动，还是在任务中展现出的真实性格，都被节目组精准捕捉并呈现了出来，哪怕录制时间有限，也依旧贡献了超多名场面。 也正,https://m.weibo.cn/detail/5292004472788130
跑男时期综艺名场面,post,1,粉丝点评/记忆表达明确,每天半个想法,#迪丽热巴跑男只录了12天#我觉得真的很好看，当年小小的我还没上高中！回家周末回家框框看，那时候觉得热巴特别好看，很路好她！！！ ​,https://m.weibo.cn/detail/5292004041821484
演员成长与角色群像评价,post,1,粉丝点评/记忆表达明确,今视频长天新闻,【你认为哪部剧的角色最贴合剧中人设】有些角色仿佛是为演员量身定做，一出场就自带说服力，让人相信剧中的故事真实发生过。没有违和感，不刻意、不悬浮，眼神、气质、细节举止都完美贴合人设，连站在一起都自带故事氛围。是古装里的风骨与柔情，还是现代剧里的默契与适配？是少年感与温柔感的绝配，还是势均力敌的强强联合？好的选角，能让角色活起来，也让整部剧更有代入感。你心中哪部剧的选角最贴人设、让人一眼入戏？评论区来提名↓↓《月鳞绮纪》@鞠婧祎 @曾舜晞J,https://m.weibo.cn/detail/5285223668646765
花少/你好星期六等综艺片刻,post,1,粉丝点评/记忆表达明确,星味社,开推4全员焕新，老粉观后陷入沉思 #开始推理吧阵容官宣# #开始推理吧# #迪丽热巴# L星味社的微博视频 ​,https://m.weibo.cn/detail/5280194550300720
花少/你好星期六等综艺片刻,post,1,粉丝点评/记忆表达明确,呆挞猫,#张凌赫知道热巴白宇退出开推的反应#张凌赫在《开始推理吧》第四季直播中得知迪丽热巴、白宇退出常驻的消息时，第一反应是坚决不信网传信息，坚持必须由工作人员当面确认才肯接受事实。一、直播现场的即时反应质疑与否认的态度在2026年3月24日节目组早餐直播中，张凌赫听到迪丽热巴、白宇退出第四季常驻的消息后，当场反驳称“假的！到时候都会来”，并强调“除非工作人员当面说才信”。这种反应被网友评价为“反诈式严谨”，凸显其对非官方信息的警惕性。情绪流露,https://m.weibo.cn/detail/5279993434735084
演员成长与角色群像评价,post,1,粉丝点评/记忆表达明确,春意何明,"#张凌赫知道热巴白宇退出开推的反应#张凌赫的抗拒态度引发观众共情，许多人留言""和他一样不想接受现实""。原班六人组合""赫丽摸金宇""（含迪丽热巴、白宇昵称）的解散，令老粉感慨""团魂停留在第三季""。 ​",https://m.weibo.cn/detail/5279973793599646
花少/你好星期六等综艺片刻,post,1,粉丝点评/记忆表达明确,原来是裙裙呀,1. 开推4常驻女嘉宾仅剩金靖，迪丽热巴退出致阵容失衡，老粉怀念原班团魂2. 金靖独挑女性综艺大梁，既要控场造梗又要衔接剧情，压力与看点并存3. 节目组承诺原班回归却大幅换血，观众不满消费情怀，期待飞行嘉宾补位 #开推4女生只剩金靖了##三分钟视频助燃计划# L原来是裙裙呀的微博视频 ​,https://m.weibo.cn/detail/5279957041547094
花少/你好星期六等综艺片刻,post,1,粉丝点评/记忆表达明确,芝欣冻_,#开推4女生只剩金靖了#博主说的是综艺《开始推理吧》第四季阵容大变动：原本常驻的迪丽热巴因新剧拍摄档期冲突退出了，白宇也从常驻转为飞行嘉宾，导致常驻女嘉宾只剩金靖一人。这打破了节目组之前“全员回归”的承诺，引发老粉不满。新加入的丁程鑫将接替部分综艺担当角色，但观众担心只剩一位女常驻会影响节目互动多样性。新一季预计5月底开播，主打科幻推理主题。,https://m.weibo.cn/detail/5279951709278594
花少/你好星期六等综艺片刻,post,1,粉丝点评/记忆表达明确,等妈来训你,#开推4迪丽热巴退出丁程鑫加入#刚刷到这个消息真的有点五味杂陈🥺从第一季追到现在，“赫丽摸金宇”的化学反应真的太戳我了，迪丽热巴每次的造型和推理状态都在线，那种又聪明又灵动的劲儿真的很难替代，想到以后看不到她在开推里的表现，真的好舍不得…不过也能理解艺人档期和新尝试的选择，丁程鑫之前在其他综艺里的综艺感和反应力都挺亮眼的，期待他能和周柯宇、刘宇宁他们碰撞出新的火花✨只是少了一位女常驻，感觉节目的氛围会变不少，希望节目组能好好把握节奏，别,https://m.weibo.cn/detail/5279928306106853
花少/你好星期六等综艺片刻,post,1,粉丝点评/记忆表达明确,我有点恋狗癖,#开始推理吧4#2026年3月24日，《开始推理吧》第四季将于长沙开启首轮录制。节目组2月发布会曾承诺原班人马回归，次日便曝出迪丽热巴、白宇退出常驻，丁程鑫补位的消息。承诺与现实的巨大反差，让粉丝难以接受，围绕团魂断裂、节目组失信的争议持续发酵，不少老粉表达失望，节目口碑提前遇冷。,https://m.weibo.cn/detail/5279766060990473
跑男时期综艺名场面,post,1,粉丝点评/记忆表达明确,盼冰融,#迪丽热巴再被叫胖迪很惊讶#活动现场一声“胖迪”，让热巴当场愣住，满眼都是意外与温柔。这个藏着出道初心的昵称，是老粉的独家回忆，也是时光里最软的小暗号。不是抵触，是太久没听见，突然被戳中了青春。 ​,https://m.weibo.cn/detail/5278981104341968
跑男时期综艺名场面,post,1,粉丝点评/记忆表达明确,小羊羔想吃年糕,#迪丽热巴再被叫胖迪很惊讶#不是，我觉得是因为以前大家就是这么叫她的，老粉都知道 突然有人叫她这个名 她就惊讶吧 ​,https://m.weibo.cn/detail/5278942870378782
爱丽丝与热巴的双向奔赴,post,1,粉丝点评/记忆表达明确,吓鼠海岛了--,#迪丽热巴再被叫胖迪很惊讶#2026年3月20日迪奥晚宴上，迪丽热巴被粉丝喊出旧昵称“胖迪”，当场露出惊讶又温柔的表情，引发全网热议。该昵称是老粉专属爱称，承载七年情感羁绊，近年已少有人用。这一意外互动，成为艺人与长情粉丝间温暖的双向奔赴，也勾起大众对她早年青涩时光的回忆。,https://m.weibo.cn/detail/5278932187222602
演员成长与角色群像评价,post,1,粉丝点评/记忆表达明确,巴lala小魔仙-biu,迪丽热巴超话 感觉垃圾公司在降热搜，有老粉来指导下怎么操作吗 ​,https://m.weibo.cn/detail/5272487052972616
演员成长与角色群像评价,post,1,粉丝点评/记忆表达明确,女梦一,不就追迪丽热巴旺我吗，没事就和谁不是老粉一样，马上复春 ​,https://m.weibo.cn/detail/5269137871604048
红毯神图与高定封神造型,post,1,粉丝点评/记忆表达明确,老兵心年轻,#奔跑吧14#热巴跑男仅录12天，凭啥成观众白月光？ 4月28日，#迪丽热巴跑男只录了12天#话题突然炸场。广东网友刷到这个瓜，直接懵圈：谁能想到她当初在《奔跑吧》只泡了12天，却把“跑男迪”的形象刻进了观众DNA里。 这12天像浓缩的精华液。别人录综艺是打卡上班，她是把自己扔进游戏里。泥潭大战敢冲锋，抢椅子游戏玩出“女战士”气场，就连穿礼服走红毯都能边走边碎碎念“鞋跟太高控制不住脚”，真实得像你隔壁爱折腾的闺蜜。 内娱综艺常有“流水嘉,https://m.weibo.cn/detail/5292581824758616
嘻嘻迪/表情包/可爱梗,post,1,粉丝点评/记忆表达明确,一本正经的三岁半,#迪丽热巴跑男只录了12天# 黄丝带·白月光少女时代的梦，希望长大后像你一样热血可爱#迪丽热巴# ​,https://m.weibo.cn/detail/5292457099269899
跑男时期综艺名场面,post,1,粉丝点评/记忆表达明确,猴脸歪鼻秒了姐,#迪丽热巴跑男只录了12天#确实，靠人格魅力爆火顶流，成为无数人心中的白月光。资源咖、待爆咖羡慕不来，也复制不了。 ​,https://m.weibo.cn/detail/5292263112704770
红毯神图与高定封神造型,post,1,粉丝点评/记忆表达明确,甜巴啦啦,迪丽热巴超话 这套造型简直白月光，宝宝就这样每天美美哒 ​,https://m.weibo.cn/detail/5292119355033114
跑男时期综艺名场面,post,1,粉丝点评/记忆表达明确,四只小柚,#迪丽热巴跑男只录了12天#救命！迪丽热巴跑男只录了12天？！可她的跑男迪，真的是多少人的白月光啊！又美又灵又拼，短短时间就留下了这么多名场面，难怪大家一直记到现在！ ​,https://m.weibo.cn/detail/5292026601931762
跑男时期综艺名场面,post,1,粉丝点评/记忆表达明确,溫良病,#迪丽热巴跑男只录了12天#2017年《奔跑吧》第五季中，迪丽热巴作为常驻嘉宾实际集中录制时长约12个工作日，素材最终剪辑为12期正片播出，横跨近3个月。 她通过转圈舞、拼游戏、恐水仍挑战水上项目等片段，塑造出“甜热热”“胖迪”等鲜活形象，成为观众心中的“综艺白月光”，录制期间其个人热度断层领先，节目播放量及话题度飙升，被观众称为“有效出场”“天生红人命”。,https://m.weibo.cn/detail/5292000284248414
跑男时期综艺名场面,post,1,粉丝点评/记忆表达明确,不知名萌味土豆ou,#迪丽热巴跑男只录了12天#跑男迪是多少人的白月光只录了12天 长尾效应是一直有的迪丽热巴太牛了 ​,https://m.weibo.cn/detail/5291991162160721
跑男时期综艺名场面,post,1,粉丝点评/记忆表达明确,专搞国际巨星,#迪丽热巴跑男只录了12天#只录了12天但是成为了无数人的白月光🥰这个迪丽热巴还是太权威了 ​,https://m.weibo.cn/detail/5291988400211909
跑男时期综艺名场面,post,1,粉丝点评/记忆表达明确,梧桐逢落,迪丽热巴超话 跑男迪迪 白月光 ​,https://m.weibo.cn/detail/5291385918064167
白日提灯贺思慕/女鬼鬼王记忆,post,1,粉丝点评/记忆表达明确,迪予安dlrb,#白日提灯今日收官#思念落幕 爱意不止 你是归墟的王 也是我心中的白月光！谢谢你 姐姐 演绎如此鲜活的灵魂！今天收官了！希望贺思慕在平行世界里一直自由幸福平安顺遂！姐姐我们下一个角色见！ ​,https://m.weibo.cn/detail/5290999972892034
嘻嘻迪/表情包/可爱梗,post,1,粉丝点评/记忆表达明确,小王爱睡觉_wzd,注意❗前方进入美食街~各位观众请合住嘴巴不要流口水哦！p1葡萄酸奶还不错，因为我喜欢酸奶~p2豆芽炒鸡蛋夹馍，超级美味，家里的味道~p3我的白月光：蓝莓果粒茶~p4解锁新美食：咖喱鸡排饭（其实还送了一杯可乐🥤）p5火鸡面，谁懂火鸡面＋醋（超级美味）p6花甲米线，依旧＋醋p7大橘撞奶~名字很可爱啊p8笋尖米粉（喜欢笋，感觉脆脆的）p9豆沙拿铁，为庆祝迪丽热巴女士代言特意买了一杯#校园v计划##你好春天##我的美食日记##校园生活#,https://m.weibo.cn/detail/5290920653360358
白日提灯贺思慕/女鬼鬼王记忆,post,1,粉丝点评/记忆表达明确,顾江停,#迪丽热巴贺思慕#白日提灯播完啦，女本位真的爽翻了，感觉热巴很适合这种的角色，酷酷的，又很温柔，极致的反差萌(•̀ᴗ•́)و̑̑自漂亮的李慧珍以来最喜欢的第二部剧，什么时候能在有和漂亮的李慧珍这样的剧类似的剧呢，好喜欢这样的类型，白月光来的 ​,https://m.weibo.cn/detail/5290278404755549
花少/你好星期六等综艺片刻,post,1,粉丝点评/记忆表达明确,泡泡娇娇糖,#开始推理吧# “刘大胆～”#刘宇宁#综艺 #名场面 #开始推理吧#迪丽热巴# 金靖#张凌赫# 白宇#周柯宇# L泡泡娇娇糖的微博视频 ​,https://m.weibo.cn/detail/5294616706290432
嘻嘻迪/表情包/可爱梗,post,1,粉丝点评/记忆表达明确,葡萄柚绿半糖,𝐇𝐢𝐝𝐞｜少年包青天封神名场面｜颜四娘纹身证旧事 冯永吉为谋财绑架自己兄长！ 萌宠头像｜治愈系头像头像安利｜卡通手绘｜软萌头像｜审美封神｜可爱爆棚｜毛茸茸萌物｜平板全屏壁纸｜手机超清壁纸｜小红书热榜｜无水印原图｜转运好运｜搞怪趣味｜小众独特｜清新温柔｜氛围感拉满｜韩系极简｜高级质感｜闺蜜双人头像｜横屏护眼壁纸 张子枫｜周也｜鞠婧祎｜张婧仪｜欧阳娜娜｜文淇｜陈都灵｜杨幂｜赵今麦｜卢昱晓｜白鹿｜刘亦菲｜Angelababy｜刘浩存｜李兰迪｜,https://m.weibo.cn/detail/5294099072288361
嘻嘻迪/表情包/可爱梗,post,1,粉丝点评/记忆表达明确,葡萄柚绿半糖,𝐇𝐢𝐝𝐞｜少年包青天封神名场面｜骸骨之谜：六栽封存真相疑云！ 萌宠头像｜治愈系头像头像安利｜卡通手绘｜软萌头像｜审美封神｜可爱爆棚｜毛茸茸萌物｜平板全屏壁纸｜手机超清壁纸｜小红书热榜｜无水印原图｜转运好运｜搞怪趣味｜小众独特｜清新温柔｜氛围感拉满｜韩系极简｜高级质感｜闺蜜双人头像｜横屏护眼壁纸 张子枫｜周也｜鞠婧祎｜张婧仪｜欧阳娜娜｜文淇｜陈都灵｜杨幂｜赵今麦｜卢昱晓｜白鹿｜刘亦菲｜Angelababy｜刘浩存｜李兰迪｜徐若晗｜杨超越｜,https://m.weibo.cn/detail/5293950388406426
嘻嘻迪/表情包/可爱梗,post,1,粉丝点评/记忆表达明确,遇渝栖于栩,爱情公寓经典名场面｜爱情公寓纯享版｜展博婉瑜参加情侣周末 ins风氛围感女头、高清无水印优质女头、温柔干净韩系甜妹头像、小众高级清纯私藏女头、动态心动女头、三丽鸥正版可爱女头超甜专属情头、猫和老鼠经典情头、蜡笔小新治愈风情头、单人氛围感情头、小众不撞款独家情头HelloKitty爆款头像、吉伊卡哇软萌头像、乌萨奇&小八二次元头像、可爱玩偶治愈头像、全网最全动漫头像库 微信小众聊天背景图、氛围感朋友圈封面图、iPhone全屏超清锁屏壁纸、,https://m.weibo.cn/detail/5293930291921996
嘻嘻迪/表情包/可爱梗,post,1,粉丝点评/记忆表达明确,葡萄柚绿半糖,𝐇𝐢𝐝𝐞｜少年包青天封神名场面｜刑场血书明冤，包拯破获无头命案！ 萌宠头像｜治愈系头像头像安利｜卡通手绘｜软萌头像｜审美封神｜可爱爆棚｜毛茸茸萌物｜平板全屏壁纸｜手机超清壁纸｜小红书热榜｜无水印原图｜转运好运｜搞怪趣味｜小众独特｜清新温柔｜氛围感拉满｜韩系极简｜高级质感｜闺蜜双人头像｜横屏护眼壁纸 张子枫｜周也｜鞠婧祎｜张婧仪｜欧阳娜娜｜文淇｜陈都灵｜杨幂｜赵今麦｜卢昱晓｜白鹿｜刘亦菲｜Angelababy｜刘浩存｜李兰迪｜徐若晗｜杨超,https://m.weibo.cn/detail/5292828643297362
红毯神图与高定封神造型,post,1,粉丝点评/记忆表达明确,桃若昭昭,#迪丽热巴雨中下车神图#南京细雨氛围感拉满！迪丽热巴雨中撑伞优雅下车，一袭湖蓝长裙清冷又温柔，朦胧雨景加持自带滤镜，绝美生图直击人心，每一帧都是氛围感封神名场面L新派网新视点的微博视频 ​,https://m.weibo.cn/detail/5292739094907060
红毯神图与高定封神造型,post,1,粉丝点评/记忆表达明确,爱车的small菇凉,#迪丽热巴雨中下车神图#南京这场雨仿佛专为热巴而来，雨中撑伞下车瞬间氛围感拉满，湖蓝长裙衬得身姿优雅，生图颜值超能打，灵动又高贵，每一帧都像电影名场面。 ​,https://m.weibo.cn/detail/5292720935671987
红毯神图与高定封神造型,post,1,粉丝点评/记忆表达明确,仟落落落,#王亚飞 迪丽热巴#合作六年，曾是最懂热巴浓颜的造型师，凭惊艳妆造留下无数封神名场面。 可从春晚人鱼姬妆争议，到近期活动燕尾眼线妆引发热议，一次次妆造翻车、审美模板化，逐渐消耗大家的期待。明明拥有得天独厚的神颜，却屡屡被不合适的妆容弱化优势，实在可惜。审美本无绝对，但专业适配才是关键，好好对待每一次造型，别辜负这份颜值与期待。,https://m.weibo.cn/detail/5292700981002249
红毯神图与高定封神造型,post,1,粉丝点评/记忆表达明确,小鱼小鱼小鱼鱼鱼鱼_,#王亚飞 迪丽热巴#曾经的浓颜雕刻师王亚飞，和迪丽热巴的合作留下多少封神名场面！鎏金妆、嫦娥妆每一款都美出圈，审美在线才是真的强强联合✨ ​,https://m.weibo.cn/detail/5292699248757007
行走的油画/神女美貌出圈,post,1,粉丝点评/记忆表达明确,当个小迷妹,#迪丽热巴邓为南京线下活动##迪丽热巴邓为DIOR南京线下活动#未登场先火爆！迪丽热巴邓为DIOR南京线下活动现场热度狂飙，粉丝早早等候，期待两位同台解锁绝美名场面 ​​​,https://m.weibo.cn/detail/5292639281745025
嘻嘻迪/表情包/可爱梗,post,1,粉丝点评/记忆表达明确,葡萄柚绿半糖,𝐇𝐢𝐝𝐞｜少年包青天封神名场面｜公孙策与湘湘绝处逢生！萌宠头像｜治愈系头像头像安利｜卡通手绘｜软萌头像｜审美封神｜可爱爆棚｜毛茸茸萌物｜平板全屏壁纸｜手机超清壁纸｜小红书热榜｜无水印原图｜转运好运｜搞怪趣味｜小众独特｜清新温柔｜氛围感拉满｜韩系极简｜高级质感｜闺蜜双人头像｜横屏护眼壁纸 张子枫｜周也｜鞠婧祎｜张婧仪｜欧阳娜娜｜文淇｜陈都灵｜杨幂｜赵今麦｜卢昱晓｜白鹿｜刘亦菲｜Angelababy｜刘浩存｜李兰迪｜徐若晗｜杨超越｜田曦薇｜,https://m.weibo.cn/detail/5292593680482440
白日提灯贺思慕/女鬼鬼王记忆,post,1,粉丝点评/记忆表达明确,叮当花_39538,迪丽热巴超话#贺思慕的无感体验卡##迪丽热巴贺思慕##追剧名场面存档中#《白日提灯》追更进度：已追完最喜欢的台词/名场面：我所爱之人，兼黑与白、赤与黄，为世间一切色彩之和。为冰河，为尺热，为酒香，为珍馐，为万籁。我的产出/剧评：夯爆了。戏精贺小小，简直是人间可爱鬼 ​,https://m.weibo.cn/detail/5292470531263501
白日提灯贺思慕/女鬼鬼王记忆,post,1,粉丝点评/记忆表达明确,心至苍穹外,迪丽热巴超话#贺思慕的无感体验卡##迪丽热巴贺思慕##追剧名场面存档中# 《白日提灯》追更进度：已追平！最喜欢的台词/名场面：⭐我的法度，不可忤逆！⭐只有坐在那，那才是王座！⭐我从不轻易承诺，但一旦承诺我一定会信守诺言！30集⭐ 本尊就站在这儿，你来杀便是。我的产出/剧评：好看，迪丽热巴演技大赏！无短板！大家都来看！,https://m.weibo.cn/detail/5292197817876970
跑男时期综艺名场面,post,1,粉丝点评/记忆表达明确,你的那封信_,#迪丽热巴跑男只录了12天#居然只录了十二天吗 姐姐贡献了好多名场面 ​,https://m.weibo.cn/detail/5292096904761568
白凤九与三生三世情怀,post,1,粉丝点评/记忆表达明确,火鸡面加煎蛋配冰可乐,#迪丽热巴跑男只录了12天#迪丽热巴作为第五季常驻嘉宾（代班Angelababy），实际录制于2017年2月至4月间分散完成，累计仅12个工作日，覆盖上海、杭州、大连等多地拍摄。节目组通过拆分素材（如单场游戏镜头复用至多期）、强化氛围（BGM/慢镜头特写）及模糊时间线，将短期素材延展为近3个月的播出内容，制造“长期参与”的错觉。高光表现与个人积累尽管录制短暂，迪丽热巴贡献了转圈舞、指压板咬牙坚持、怕水仍挑战水上项目等名场面，塑造了“甜热,https://m.weibo.cn/detail/5292096628195393
跑男时期综艺名场面,post,1,粉丝点评/记忆表达明确,今视频长天新闻,【#寒战1994谢君豪扇了吴慷仁六巴掌#】 4月26日，五一档电影《寒战1994》首映礼映后见面会。饰演富商潘隽亨潘志昂父子的谢君豪和吴慷仁谈及拍摄趣事。影片有一个名场面：谢君豪狂扇吴慷仁六巴掌。谢君豪透露，当时拍了好几条，扇了不止六巴掌。他拍的时候既心疼吴慷仁的脸，也心疼自己的手。这对父子的恩怨情仇是《寒战1994》的众多暗线之一，值得期待！ （羊城晚报）更多文娱消息：#歌手2026##陈律自曝痞幼是他前女友##张月 挂电##唐艺昕 ,https://m.weibo.cn/detail/5292089917050011
跑男时期综艺名场面,post,1,粉丝点评/记忆表达明确,iupuka_ba,#迪丽热巴跑男只录了12天#我姐姐是很优秀短短12天留下超多名场面 ​,https://m.weibo.cn/detail/5292089081334627
嘻嘻迪/表情包/可爱梗,post,1,粉丝点评/记忆表达明确,康健牛牛,#幸福触手可及#06-1黄景瑜/宋凛、迪丽热巴/周放、张馨予/秦清、易大千/左霖宇【五毛夫妇的名梗来了！宋总：你人格值多少钱？我赔给你！掏出5毛钱扔桌上：够不够？】放姐搬家，突然发现竟然住在宋总家对面！原来是宋总联合中介，以低价将自己的房子租给放姐。周放觉得宋总闹着玩，宋总：大姐你住这里是你吃亏，还是我吃亏？周放：你金钱上吃亏，我人格上吃亏。宋总倒贴租金把自己房子租给放姐，明显对放姐有想法，妹妹又看穿了一切：这就传说中的铁树开花？这就是,https://m.weibo.cn/detail/4507267661687304
嘻嘻迪/表情包/可爱梗,post,1,粉丝点评/记忆表达明确,傲娇如天性,#迪丽热巴和素人合影#骂人骂上去的”是王濛在综艺《乘风2026》中对唐艺昕二公排名上升的幽默调侃，源于唐艺昕表演中一段被观众戏称为“加密骂人”的烫嘴歌词，两人通过搞笑互动将舞台争议转化为出圈梗。 ​,https://m.weibo.cn/detail/5293753472388823
跑男时期综艺名场面,post,1,粉丝点评/记忆表达明确,萌萌单机鱼,#迪丽热巴跑男只录了12天#迪丽热巴2017年作为《奔跑吧》第五季常驻嘉宾的实际录制时长仅12个工作日，这一信息近期引发广泛讨论，公众聚焦于综艺剪辑的“造梗”能力与其个人表现的高效出圈效应。 一、录制与剪辑的真相短期集中拍摄模式迪丽热巴在2017年2月至4月间累计参与录制12天，覆盖上海、大连、杭州等多地拍摄。节目组通过拆分镜头（如车内对视、游戏互动重复利用）、添加BGM及字幕引导等手法，将素材剪辑成12期内容，支撑起近3个月的播出周期,https://m.weibo.cn/detail/5292062007105628
花少/你好星期六等综艺片刻,post,1,粉丝点评/记忆表达明确,追星小鱼儿,"经典永不褪色,自己的梗自己接！迪丽热巴 开始推理吧2 你好星期六 2开封 L追星小鱼儿的微博视频 ​",https://m.weibo.cn/detail/5291986938498275
嘻嘻迪/表情包/可爱梗,post,1,粉丝点评/记忆表达明确,今视频长天新闻,【近期热播综艺哪一部最好笑？】近期综艺也太卷快乐了！有的靠熟人局默契互坑，笑料全是即兴；有的靠无厘头游戏，全程癫疯又解压；还有的嘉宾自带喜剧 buff，一开口就是梗，每一集都能让人笑到捶床、喷饭，堪称当代打工人的电子榨菜，随便点开一集，烦恼瞬间清零，快乐直接拉满。近期热播的搞笑综艺里，哪一部最戳你的笑点？评论区聊聊↓↓《乘风2026》@曾沛慈 @徐梦洁 @安崎 @陈瑶Sebrina @范范范玮琪 @张月YueZhang @乌兰图雅 @万,https://m.weibo.cn/detail/5290666533061447
演员成长与角色群像评价,post,1,粉丝点评/记忆表达明确,酸酸甜甜冰糖心,杨紫超话#杨紫后援会否认关注迪丽热巴超话# ⭐杨紫⭐顶配台词⭐颜值担当⭐演技超群⭐收视福星⭐KPI锦鲤⭐金牌女主⭐国民小花⭐顶尖流量⭐扛剧大女主⭐商业价值高⭐综艺梗王⭐ ​,https://m.weibo.cn/detail/5288405455606246
嘻嘻迪/表情包/可爱梗,post,1,粉丝点评/记忆表达明确,糕冷VV,𝑾𝒆𝑪𝒉𝒂𝒕｜氛围感女头｜治愈系头像｜萌宠头像｜小动物头像｜猫咪头像｜甜美头像｜可爱女生头像｜女生头像分享 ​𝙒𝙚𝘾𝙝𝙖𝙩头像 | 猫meme表情包 | 审美累积 | 猜你喜欢 | 猫猫表情包 | 猫猫统治世界 | 猫猫这么可爱 | 猫咪头像 | 可爱猫咪 | 猫猫头 | 搞怪头像 | 萌宠头像 | 猫咪背景图 | 萌宠头像 | 今日头像分享 | 地球没有小猫就转不了｜氛围感 ｜高级 ｜无水印 ｜自由 ｜高清｜ 动漫｜ 治愈｜ 可爱 ｜,https://m.weibo.cn/detail/5294061377814835
嘻嘻迪/表情包/可爱梗,post,1,粉丝点评/记忆表达明确,祁梨涵,迪丽热巴超话 发现表情包 ​,https://m.weibo.cn/detail/5293830636310906
嘻嘻迪/表情包/可爱梗,post,1,粉丝点评/记忆表达明确,W-_-OvO,WeChat头像｜权威女头 氛围女头 美女头像女生头像 辣妹头像 御姐头像 风格女头 真人头像 优质女头 个性头像 高清无水印ins风 小众 风格 钓系 清冷 权威 把妹王 氛围感高级感 妈妈级别 感觉至上share/搞笑头像/奇奇怪怪的头像/头像/搞怪头像/今日头像分享/搞怪头像/每日头像/趣味头像/抽象头像 分享玫色蓝色系粉色系黑白色系黄色系红色系橙色系绿色系紫色系棕色咖色灰色冷色调暖色调渐变 可爱 高级感 高质量 氛围感 ins风,https://m.weibo.cn/detail/5290231091962427
嘻嘻迪/表情包/可爱梗,post,1,粉丝点评/记忆表达明确,羊村村霸破忒头l,🎀🩷人焦虑没什么不好的 就像蛋挞焦焦的也很好吃🤍🗺️ins风壁纸|ins风|壁纸|高清|粉色|粉白色|白色|模糊感|清冷|粉色系|白色系|高级感|冷淡风|模糊感|花|百合|樱花|碎花|可爱|少女感|猫💕｜ipad壁纸｜横屏壁纸｜表情包赵今麦 刘浩存 田曦薇 迪丽热巴 杨幂 杨颖 卢昱晓 杨超越 王楚然 张元英 柳智敏 白鹿 刘亦菲虞书欣 赵露思 微信朋友圈壁纸背景图素材分享 玫色 粉色系 黑白色系 红色系 灰色 冷色调 暖色调 渐变 高,https://m.weibo.cn/detail/5287561536996251
嘻嘻迪/表情包/可爱梗,post,1,粉丝点评/记忆表达明确,秋漫游my,迪丽热巴超话 获得一个热巴小表情包 ​,https://m.weibo.cn/detail/5287350253131178
嘻嘻迪/表情包/可爱梗,post,1,粉丝点评/记忆表达明确,惜逝时,#白日提灯迪丽热巴亲哭陈飞宇#就这个女上位，爽（沈腾表情包） ​,https://m.weibo.cn/detail/5284468178034096
嘻嘻迪/表情包/可爱梗,post,1,粉丝点评/记忆表达明确,Firewolf_无声告白,迪丽热巴超话 贺思慕表情包 ​,https://m.weibo.cn/detail/5284124816577063
嘻嘻迪/表情包/可爱梗,post,1,粉丝点评/记忆表达明确,一条小鱼游呀游呀,白日提灯剧版超话 @Dear-迪丽热巴 灵主大人网速不快 表情包倒是多得很啊#归墟5A级景区观光团# ​,https://m.weibo.cn/detail/5284037946250772
嘻嘻迪/表情包/可爱梗,post,1,粉丝点评/记忆表达明确,夏天的橘色玻璃,白日提灯剧版超话 @Dear-迪丽热巴 #归墟5A级景区观光团# 我知道了贺思慕你是不是回一个还得去找半天表情包啊哈哈哈哈哈哈怪不得这么慢 ​,https://m.weibo.cn/detail/5284031388190409
行走的油画/神女美貌出圈,post,1,粉丝点评/记忆表达明确,l芸木木,最近沉迷追剧，叵测✅＞隐身的名字✅＞白日提灯💫＞她的盛焰💔，真实观感如下，快来看有没有你的同款pick👇TOP1⃣️ 《叵测》｜悬疑上头，根本停不下来⚠️这部剧我真的按头安利‼️剧情紧凑到让人窒息，悬念一环扣一环，每次转折都让我疯狂敲桌👊，追更追到凌晨根本停不下来👀💨，妥妥的“真香预警”✨！TOP2⃣️ 《隐身的名字》｜神仙演技拯救一切👏全员演技派，代入感直接拉满💯！几位主演的眼神、微表情简直绝绝子，看得我直呼“这演技我能刷十遍”🎉！剧,https://m.weibo.cn/detail/5286469820481796
白日提灯贺思慕/女鬼鬼王记忆,post,1,粉丝点评/记忆表达明确,momoyioi,#迪丽热巴白日提灯热度登顶#支持贺思慕所有决定。我一开始追这个剧就是因为我最先爱上的是贺思慕迪丽热巴超话还蛮离奇的 ，我是因为贺思慕和晏珂剪辑入坑的，晏珂后面才出来，看到第19集 我坚定的站男女主CP。明明陈飞宇演技一般，妆造啥的导致长得也没男二帅，但是追完还是会爱上段胥。 ​,https://m.weibo.cn/detail/5284983284699014
白日提灯贺思慕/女鬼鬼王记忆,post,1,粉丝点评/记忆表达明确,热巴我们走花路吧OLO,#白日提灯# 我的评分：#白日提灯观后感#呜呜追白日提灯的这段时间是我近两年来最有活人感的一段时间，让我少去焦虑，将烦恼抛之脑后。好好感受细枝末节的幸福，长大后越来越多的身不由己和苦痛，或许以后也没有比今天更轻松的时刻永远相信热巴的眼光，永远不要忘记体会淡淡的幸福!好像又回到最开始入坑的小时候，真情实感的，心动的。看到的可能是外力想让你看到的，要保持自我去感受!,https://m.weibo.cn/detail/5283429335960504
跑男时期综艺名场面,post,1,粉丝点评/记忆表达明确,暖屿听潮,没有人会一直破防，除非你是跑男初代粉，他们也在回忆从前！ L暖屿听潮的微博视频 ​,https://m.weibo.cn/detail/5293551488336111
白日提灯贺思慕/女鬼鬼王记忆,post,1,粉丝点评/记忆表达明确,小月like迪,迪丽热巴超话#迪丽热巴白日提灯# dlrb#迪丽热巴贺思慕# dlrb#迪丽热巴#看不惯我就用实力碾压我@迪丽热巴 ​,https://m.weibo.cn/detail/5294769228222278
白日提灯贺思慕/女鬼鬼王记忆,post,1,粉丝点评/记忆表达明确,Dear冬聆冉枝島,迪丽热巴超话#迪丽热巴白日提灯#dlrb#迪丽热巴贺思慕#dlrb#迪丽热巴卫蓝#月亮是我抛的银币，两面都是梦见你. 迪丽热巴 |白日提灯 | 虽然不能同时拥有一切 | 贺思慕 |卫蓝@Dear-迪丽热巴 ​,https://m.weibo.cn/detail/5294768812722333
白日提灯贺思慕/女鬼鬼王记忆,post,1,粉丝点评/记忆表达明确,Dear-夏日玫瑰,迪丽热巴超话#迪丽热巴慕胥辞# dlrb#迪丽热巴贺思慕#不说无缘 我坚信我们是相爱的 万难我也愿意闯@Dear-迪丽热巴 LDear-迪憬提的微博视频 ​,https://m.weibo.cn/detail/5294641316365990
白日提灯贺思慕/女鬼鬼王记忆,post,1,粉丝点评/记忆表达明确,丽的桃桃罐,迪丽热巴超话#迪丽热巴贺思慕#dlrb #迪丽热巴 白日提灯# dlrb #迪丽热巴#他踏过银河 携满身星辉而来 让我的宇宙闪闪发光 成为我人生限量级的浪漫@Dear-迪丽热巴 ​,https://m.weibo.cn/detail/5294393255002493
白日提灯贺思慕/女鬼鬼王记忆,post,1,粉丝点评/记忆表达明确,爱巴的樱桃小丸子,迪丽热巴超话#迪丽热巴白日提灯# dlrb#迪丽热巴贺思慕# dlrb#迪丽热巴#看你有两只手 要不要借一只我牵牵@迪丽热巴 ​,https://m.weibo.cn/detail/5294390554922059
白日提灯贺思慕/女鬼鬼王记忆,post,1,粉丝点评/记忆表达明确,喝A迪钙奶,迪丽热巴超话#迪丽热巴白日提灯#dlrb#迪丽热巴贺思慕#dlrb#迪丽热巴#山高路远，我愿意陪你一起@Dear-迪丽热巴 ​,https://m.weibo.cn/detail/5294390543385371
白日提灯贺思慕/女鬼鬼王记忆,post,1,粉丝点评/记忆表达明确,-小巴不流泪,迪丽热巴超话#迪丽热巴贺思慕# dlrb #迪丽热巴白日提灯# dlrb #白日提灯#从前我没有宇宙的，现在有了💫迪丽热巴 |白日提灯 | 虽然不能同时拥有一切 | 贺思慕 |卫蓝 @Dear-迪丽热巴 🎆 ​,https://m.weibo.cn/detail/5294312627897353
乔晶晶与《你是我的荣耀》入坑记忆,post,1,粉丝点评/记忆表达明确,海出月慕迪,迪丽热巴超话 贺思慕#迪丽热巴乔晶晶# dlrb#迪丽热巴你是我的荣耀#你是我温暖的手套，冰冷的啤酒，带着阳光味道的衬衫，日复一日的梦想✨@Dear-迪丽热巴 ​,https://m.weibo.cn/detail/5284126475159962
生日生贺与小小迪陪伴记忆,post,1,粉丝点评/记忆表达明确,巴七六,迪丽热巴超话#迪丽热巴0603生日快乐# @Dear-迪丽热巴 亲爱的迪丽热巴·迪力木拉提：2026年5月3日，在你34周岁前的一个月，有一群人为了你从各地奔赴而来，为了“热爱”相聚在南宁哦大声喊出祝福，大口吃蛋糕和冰淇淋，大笑着聊与你的点滴，你会不会也觉得很有意思，甚至想要加入呢？更有意思的是，借着这一机会，阿丝儿们当场给你写信，“信箱”上写着“收情书”，你的小爱丽丝们真就当情书写，写了好久好久今年是广西分会@Dear迪丽热巴广西分,https://m.weibo.cn/detail/5294632109348496
爱丽丝与热巴的双向奔赴,post,1,粉丝点评/记忆表达明确,热热的九么么公主,迪丽热巴超话#迪丽热巴# dlrb#迪丽热巴 微博之夜# 场内爱丽丝最强应援你的名字要让全世界听到❣️@Dear-迪丽热巴 迪丽热巴微博之夜｜迪丽热巴#微博之夜#LDear迪丽热巴后援会的微博视频 ​ ​,https://m.weibo.cn/detail/5294264814669563
白日提灯贺思慕/女鬼鬼王记忆,post,1,粉丝点评/记忆表达明确,浰lazy,迪丽热巴超话#迪丽热巴# dlrb #迪丽热巴慕胥辞# dlrb #迪丽热巴贺思慕#迪丽热巴💖爱丽丝！@Dear-迪丽热巴L们爱丽丝的微博视频 ​,https://m.weibo.cn/detail/5293930658661496
嘻嘻迪/表情包/可爱梗,post,1,粉丝点评/记忆表达明确,Tender_宁月湾_,蓝调时刻💙 田栩宁 梓渝中国美食 美食打卡 美食剪辑 豁达乐观 永远保持积极的态度21世纪大军夫人 李知恩（iu） 边佑锡 𝐇𝐢𝐝𝐞｜综艺精选剪辑｜现在就出发搞笑剪辑｜王安宇尝试空口吃葱“我会杀死你，不是用镰刀，而是用岁月.”萌宠头像｜治愈系头像头像安利｜卡通手绘｜软萌头像｜审美封神｜可爱爆棚｜毛茸茸萌物｜平板全屏壁纸｜手机超清壁纸｜微博热榜｜无水印原图｜转运好运｜搞怪趣味｜小众独特｜清新温柔｜氛围感拉满｜韩系极简｜高级质感｜闺蜜双人头,https://m.weibo.cn/detail/5294199419176954
红毯神图与高定封神造型,post,1,粉丝点评/记忆表达明确,猴脸歪鼻秒了姐,#迪丽热巴在还63张自拍的债了#热巴的美图神图那么那么多，粉丝只知道找这两天的安利，审美都不太行。 ​,https://m.weibo.cn/detail/5294044416837071
嘻嘻迪/表情包/可爱梗,post,1,粉丝点评/记忆表达明确,Corny_靁冄僸區_,蓝调时刻💙 田栩宁 梓渝中国美食 美食打卡 美食剪辑 豁达乐观 永远保持积极的态度21世纪大军夫人 李知恩（iu） 边佑锡 𝐇𝐢𝐝𝐞｜综艺精选剪辑｜现在就出发搞笑剪辑｜王安宇尝试空口吃葱“我会杀死你，不是用镰刀，而是用岁月.”萌宠头像｜治愈系头像头像安利｜卡通手绘｜软萌头像｜审美封神｜可爱爆棚｜毛茸茸萌物｜平板全屏壁纸｜手机超清壁纸｜微博热榜｜无水印原图｜转运好运｜搞怪趣味｜小众独特｜清新温柔｜氛围感拉满｜韩系极简｜高级质感｜闺蜜双人头,https://m.weibo.cn/detail/5293831940739133
红毯神图与高定封神造型,post,1,粉丝点评/记忆表达明确,吓鼠海岛了--,#迪丽热巴和素人合影#2026年4月28日，迪丽热巴身着蓝色露背长裙，撑透明雨伞亮相南京迪奥活动，雨中造型获赞“破碎感美神”。她暖心与粉丝搓手取暖、夸素人颜值，无架子互动引发热议。同框素人因优越骨相出圈，其15岁婚纱模特旧照也被翻红，粉丝借机安利新作。 ​,https://m.weibo.cn/detail/5293734864618692
嘻嘻迪/表情包/可爱梗,post,1,粉丝点评/记忆表达明确,葡萄柚绿半糖,𝐇𝐢𝐝𝐞｜少年包青天封神名场面｜包拯探案，冯府绑架疑云！ 萌宠头像｜治愈系头像头像安利｜卡通手绘｜软萌头像｜审美封神｜可爱爆棚｜毛茸茸萌物｜平板全屏壁纸｜手机超清壁纸｜小红书热榜｜无水印原图｜转运好运｜搞怪趣味｜小众独特｜清新温柔｜氛围感拉满｜韩系极简｜高级质感｜闺蜜双人头像｜横屏护眼壁纸 张子枫｜周也｜鞠婧祎｜张婧仪｜欧阳娜娜｜文淇｜陈都灵｜杨幂｜赵今麦｜卢昱晓｜白鹿｜刘亦菲｜Angelababy｜刘浩存｜李兰迪｜徐若晗｜杨超越｜田曦,https://m.weibo.cn/detail/5293523218733393
嘻嘻迪/表情包/可爱梗,post,1,粉丝点评/记忆表达明确,葡萄柚绿半糖,𝐇𝐢𝐝𝐞｜少年包青天封神名场面｜一画拨动四方！萌宠头像｜治愈系头像头像安利｜卡通手绘｜软萌头像｜审美封神｜可爱爆棚｜毛茸茸萌物｜平板全屏壁纸｜手机超清壁纸｜小红书热榜｜无水印原图｜转运好运｜搞怪趣味｜小众独特｜清新温柔｜氛围感拉满｜韩系极简｜高级质感｜闺蜜双人头像｜横屏护眼壁纸 张子枫｜周也｜鞠婧祎｜张婧仪｜欧阳娜娜｜文淇｜陈都灵｜杨幂｜赵今麦｜卢昱晓｜白鹿｜刘亦菲｜Angelababy｜刘浩存｜李兰迪｜徐若晗｜杨超越｜田曦薇｜孟子义｜,https://m.weibo.cn/detail/5293317828905036
嘻嘻迪/表情包/可爱梗,post,1,粉丝点评/记忆表达明确,葡萄柚绿半糖,𝐇𝐢𝐝𝐞｜少年包青天封神名场面｜胡家五口刺包拯的背后，竟然是因为…萌宠头像｜治愈系头像头像安利｜卡通手绘｜软萌头像｜审美封神｜可爱爆棚｜毛茸茸萌物｜平板全屏壁纸｜手机超清壁纸｜小红书热榜｜无水印原图｜转运好运｜搞怪趣味｜小众独特｜清新温柔｜氛围感拉满｜韩系极简｜高级质感｜闺蜜双人头像｜横屏护眼壁纸 张子枫｜周也｜鞠婧祎｜张婧仪｜欧阳娜娜｜文淇｜陈都灵｜杨幂｜赵今麦｜卢昱晓｜白鹿｜刘亦菲｜Angelababy｜刘浩存｜李兰迪｜徐若晗｜杨超,https://m.weibo.cn/detail/5293062723209728
嘻嘻迪/表情包/可爱梗,post,1,粉丝点评/记忆表达明确,葡萄柚绿半糖,𝐇𝐢𝐝𝐞｜少年包青天封神名场面｜莱恩的伪善面具！ 原来他竟然是……萌宠头像｜治愈系头像头像安利｜卡通手绘｜软萌头像｜审美封神｜可爱爆棚｜毛茸茸萌物｜平板全屏壁纸｜手机超清壁纸｜小红书热榜｜无水印原图｜转运好运｜搞怪趣味｜小众独特｜清新温柔｜氛围感拉满｜韩系极简｜高级质感｜闺蜜双人头像｜横屏护眼壁纸 张子枫｜周也｜鞠婧祎｜张婧仪｜欧阳娜娜｜文淇｜陈都灵｜杨幂｜赵今麦｜卢昱晓｜白鹿｜刘亦菲｜Angelababy｜刘浩存｜李兰迪｜徐若晗｜杨超,https://m.weibo.cn/detail/5292779511222686
嘻嘻迪/表情包/可爱梗,post,1,粉丝点评/记忆表达明确,Corny_靁冄僸區_,豁达乐观 永远保持积极的态度21世纪大军夫人 李知恩（iu） 边佑锡 𝐇𝐢𝐝𝐞｜综艺精选剪辑｜现在就出发搞笑剪辑｜王安宇尝试空口吃葱“我会杀死你，不是用镰刀，而是用岁月.”萌宠头像｜治愈系头像头像安利｜卡通手绘｜软萌头像｜审美封神｜可爱爆棚｜毛茸茸萌物｜平板全屏壁纸｜手机超清壁纸｜微博热榜｜无水印原图｜转运好运｜搞怪趣味｜小众独特｜清新温柔｜氛围感拉满｜韩系极简｜高级质感｜闺蜜双人头像｜横屏护眼壁纸 张子枫｜周也｜鞠婧祎｜张婧仪｜欧阳娜,https://m.weibo.cn/detail/5292613768053293
嘻嘻迪/表情包/可爱梗,post,1,粉丝点评/记忆表达明确,Corny_靁冄僸區_,中国美食 美食打卡 美食剪辑 烟火南京 历史古城 南京美食豁达乐观 永远保持积极的态度21世纪大军夫人 李知恩（iu） 边佑锡 𝐇𝐢𝐝𝐞｜综艺精选剪辑｜现在就出发搞笑剪辑｜王安宇尝试空口吃葱“我会杀死你，不是用镰刀，而是用岁月.”萌宠头像｜治愈系头像头像安利｜卡通手绘｜软萌头像｜审美封神｜可爱爆棚｜毛茸茸萌物｜平板全屏壁纸｜手机超清壁纸｜微博热榜｜无水印原图｜转运好运｜搞怪趣味｜小众独特｜清新温柔｜氛围感拉满｜韩系极简｜高级质感｜闺蜜双,https://m.weibo.cn/detail/5292592772418251
嘻嘻迪/表情包/可爱梗,post,1,粉丝点评/记忆表达明确,Corny_靁冄僸區_,中国美食 美食打卡 美食剪辑 烟火南京 历史古城 南京美食豁达乐观 永远保持积极的态度21世纪大军夫人 李知恩（iu） 边佑锡 𝐇𝐢𝐝𝐞｜综艺精选剪辑｜现在就出发搞笑剪辑｜王安宇尝试空口吃葱“我会杀死你，不是用镰刀，而是用岁月.”萌宠头像｜治愈系头像头像安利｜卡通手绘｜软萌头像｜审美封神｜可爱爆棚｜毛茸茸萌物｜平板全屏壁纸｜手机超清壁纸｜微博热榜｜无水印原图｜转运好运｜搞怪趣味｜小众独特｜清新温柔｜氛围感拉满｜韩系极简｜高级质感｜闺蜜双,https://m.weibo.cn/detail/5292278089516658
嘻嘻迪/表情包/可爱梗,post,1,粉丝点评/记忆表达明确,Coconut_椰序,𝐇𝐢𝐝𝐞｜梦核｜雪天｜小说视频剪辑素材｜电影感萌宠头像｜治愈系头像头像安利｜卡通手绘｜软萌头像｜审美封神｜可爱爆棚｜毛茸茸萌物｜平板全屏壁纸｜手机超清壁纸｜微博热榜｜无水印原图｜转运好运｜搞怪趣味｜小众独特｜清新温柔｜氛围感拉满｜韩系极简｜高级质感｜闺蜜双人头像｜横屏护眼壁纸 张子枫｜周也｜鞠婧祎｜张婧仪｜欧阳娜娜｜文淇｜陈都灵｜杨幂｜赵今麦｜卢昱晓｜白鹿｜刘亦菲｜Angelababy｜刘浩存｜李兰迪｜徐若晗｜杨超越｜田曦薇｜孟子义｜虞,https://m.weibo.cn/detail/5292269515048952
红毯神图与高定封神造型,post,1,粉丝点评/记忆表达明确,快乐的猩球,迪丽热巴 白衣神女造型，高定珠宝配绝世美人，一张照片足以让我膜拜！ 娱你安利 ，关注我每天为你提供最新娱乐消息 L快乐的猩球的微博视频 ​,https://m.weibo.cn/detail/4975868722546439
生日生贺与小小迪陪伴记忆,post,1,粉丝点评/记忆表达明确,迪迪酱Di,广东分会-带着我的物料来咯！可伸可互换 迪丽热巴超话#迪丽热巴0603生日快乐# ​,https://m.weibo.cn/detail/5294784656183510
白日提灯贺思慕/女鬼鬼王记忆,post,1,粉丝点评/记忆表达明确,還不知道我對你的好嗎,#迪丽热巴慕胥辞# dlrb#迪丽热巴贺思慕# “有时总想自己追星在乎什么，线下相遇的时候，我才忽然明白”@Dear-迪丽热巴 ​​​,https://m.weibo.cn/detail/5294455414591514
嘻嘻迪/表情包/可爱梗,post,1,粉丝点评/记忆表达明确,热巴为我撑腰T,追星超话迪丽热巴表情包欢迎收图 ​,https://m.weibo.cn/detail/4547600797665771
乔晶晶与《你是我的荣耀》入坑记忆,post,1,粉丝点评/记忆表达明确,小欣贼喜欢8,#迪丽热巴李长歌# dlrb#迪丽热巴乔晶晶# 她让我明白了追星从来不是单相思@Dear-迪丽热巴 ​,https://m.weibo.cn/detail/4546491643594419
白日提灯贺思慕/女鬼鬼王记忆,post,1,粉丝点评/记忆表达明确,迪宝涵崽,迪丽热巴超话#迪丽热巴邓妍# dlrb#迪丽热巴虽然不能同时拥有一切# dlrb#迪丽热巴卫蓝# dlrb#迪丽热巴聂九罗# dlrb#迪丽热巴白日提灯# dlrb#迪丽热巴贺思慕# “想要有更多的对表演的了解，有更多的对表演的一些看法之后，再去演绎这种可能让我一辈子都特别难忘的一个角色，我怕太草率了，可能将来会后悔。” #迪丽热巴# dlrb #迪丽热巴邓妍# 迪丽热巴 | 枭起青壤 | 利剑玫瑰|慕胥辞 |聂九罗 | 邓妍 | 贺,https://m.weibo.cn/detail/5294789069112953
白日提灯贺思慕/女鬼鬼王记忆,post,1,粉丝点评/记忆表达明确,kiku_赫祎杯热牛奶,迪丽热巴超话#迪丽热巴贺思慕# dlrb#迪丽热巴白日提灯#“比海更深的情话大概就是我的每个草稿纸上都有你的名字。”@Dear-迪丽热巴 ​,https://m.weibo.cn/detail/5294789625120327
枭起青壤/聂九罗表演突破,post,1,粉丝点评/记忆表达明确,Dilraba_热爱樱桃子,迪丽热巴超话#迪丽热巴枭起青壤# dlrb#迪丽热巴聂九罗# 我最喜欢三月的风，四月的雨，不落的太阳和最好的你。@Dear-迪丽热巴 ​,https://m.weibo.cn/detail/5294789618566093
白日提灯贺思慕/女鬼鬼王记忆,post,1,粉丝点评/记忆表达明确,kiku_赫祎杯热牛奶,迪丽热巴超话#迪丽热巴贺思慕# dlrb#迪丽热巴白日提灯#踏过荆棘，渡尽十字开头的劫，我陪你奔赴下一趟山海。@Dear-迪丽热巴 ​,https://m.weibo.cn/detail/5294789508990261
演员成长与角色群像评价,post,1,粉丝点评/记忆表达明确,迪迪LOVESME,"#迪丽热巴贺思慕# Dilraba continues to prove her incredible range and versatility—no matter the genre or character, she brings depth, nuance, and a genuine understanding to every role. Truly a remarkable actress! 👏👏 @Dear-迪丽热巴 迪",https://m.weibo.cn/detail/5282537031342578
白凤九与三生三世情怀,post,1,粉丝点评/记忆表达明确,闫顺薪Y,本名：@闫桉 （曾用名：闫顺薪） 外文名：옌안（Yen An）、Yan An 出生日期：1996年10月25日 出生地：日本北海道（成长于上海）国籍：中国 民族：汉族 星座：天蝎座 血型：A型身高：187cm体重：约68–70kg 毕业院校：上海市东辉职业技术学校经纪公司：韩国：Cube Entertainment（2016–2023，PENTAGON时期）中国：闫桉工作室、Super Up（个人活动）职业：歌手、演员 出道：2016年,https://m.weibo.cn/detail/5266204735309223
红毯神图与高定封神造型,post,1,粉丝点评/记忆表达明确,小渝味,#迪丽热巴能赋予高定灵魂#近期迪丽热巴在2025年W盛典及《时尚芭莎》2026开年刊中的高定造型引发全网热议，其通过独特的时尚表现力与个人气质，被设计师和舆论广泛认为能赋予高级定制服装灵魂。@星娱坊121婚纱设计师诸岚关我毛柿一、设计师视角：专业认可与创作共鸣Robert Wun的灵感缪斯 在W盛典中，迪丽热巴身着Robert Wun 2025秋冬黑金烫金鱼尾裙，设计师透露创作时特别融入她的热情与东方气质，通过不对称剪裁、立体花饰和曳地,https://m.weibo.cn/detail/5249631045028026
生日生贺与小小迪陪伴记忆,post,1,粉丝点评/记忆表达明确,是小ping子,Dear-Dilraba在没看生日会之前，我已经看到很多关于生日会的照片，视频，这阵式可今天一看还是惊艳到了，真的是非常震惊！两个多小时的名场面。虽然我隔着手机屏幕，却仍能感受到阿丝的热情，心情也随着一起一浮，仿佛我就在现场，这场生日会我一生都会记得（不光是你的样子，还有我的样子，阿丝的样子）我的大明星，要记住仙人掌的花语，我们要做彼此的追光者，一起加油努力，未来我们一定会见面的！那么你就保护你的梦想，我们阿丝保护你！大明星辛苦啦！要一,https://m.weibo.cn/detail/4543022677631765
嘻嘻迪/表情包/可爱梗,post,1,粉丝点评/记忆表达明确,温柔阿娜尔罕,迪圈养娃基地超话求一个小小迪 小小迪太可爱了 想要啊啊 因为是今年入坑的 所以错过了 还有没有姐妹出小小迪的求 我还是个学生所以不太能接受h价 求求求@DILRABA周边交流平台 ​,https://m.weibo.cn/detail/4539696573325014
演员成长与角色群像评价,post,1,粉丝点评/记忆表达明确,Happy-糖豆豆,我挺讨厌有些人在道德高点去说别人，什么追星不好，还不如追兵人，我想说的是我尊重兵人，但是萝卜青菜各有所爱，我喜欢的就是明星。还有就是一直有这样的人转着玩在说的一种意思就是流量明星没有演技，我只想说，为什么要对流量明星有这么多偏见，我觉得迪丽热巴演技挺好的，代入感特别强，又自然，相反，只要是一些老前辈（无贬义，公正说话），不管演技好与坏，都说他演技好。还有就是周冬雨，不能说她演技好，只能说她在哪部戏里演技好，她在少年的你里的演技真的简直了,https://m.weibo.cn/detail/4544485789540102
李长歌与《长歌行》角色记忆,post,1,粉丝点评/记忆表达明确,给小迪扎揪揪,迪丽热巴超话白色迪也好可#长歌行##迪丽热巴护舒宝# 你是天上星✨ 我是尘世间那个追星的人 🌿我乐此不疲☘甚至翻山越岭☘ 只为看你眨眨眼睛✨✨ ​,https://m.weibo.cn/detail/4543570641695645
枭起青壤/聂九罗表演突破,post,1,粉丝点评/记忆表达明确,知名为你,迪丽热巴超话 贺思慕#迪丽热巴聂九罗# dlrb #迪丽热巴枭起青壤#“我们都是追星人 在追那颗闪闪发亮的星星”@Dear-迪丽热巴 ​,https://m.weibo.cn/detail/5291959876583959
嘻嘻迪/表情包/可爱梗,post,1,粉丝点评/记忆表达明确,葡萄柚绿半糖,𝐇𝐢𝐝𝐞｜少年包青天封神名场面｜包拯查案遇袭！ 萌宠头像｜治愈系头像头像安利｜卡通手绘｜软萌头像｜审美封神｜可爱爆棚｜毛茸茸萌物｜平板全屏壁纸｜手机超清壁纸｜小红书热榜｜无水印原图｜转运好运｜搞怪趣味｜小众独特｜清新温柔｜氛围感拉满｜韩系极简｜高级质感｜闺蜜双人头像｜横屏护眼壁纸 张子枫｜周也｜鞠婧祎｜张婧仪｜欧阳娜娜｜文淇｜陈都灵｜杨幂｜赵今麦｜卢昱晓｜白鹿｜刘亦菲｜Angelababy｜刘浩存｜李兰迪｜徐若晗｜杨超越｜田曦薇｜孟子义,https://m.weibo.cn/detail/5294278093051226
白日提灯贺思慕/女鬼鬼王记忆,post,1,粉丝点评/记忆表达明确,新疆古灵精怪大小姐,"迪丽热巴超话#迪丽热巴贺思慕# dlrb #迪丽热巴白日提灯# 🩷#迪丽热巴跑男只录了12天#dlrb #迪丽热巴聂九罗# 🩷你在哪 我的爱就在哪🩷Wherever you are, there is my love.2026.04.27@Dear-迪丽热巴 ​",https://m.weibo.cn/detail/5293459896272471
嘻嘻迪/表情包/可爱梗,post,1,粉丝点评/记忆表达明确,葡萄柚绿半糖,𝐇𝐢𝐝𝐞｜少年包青天封神名场面｜小蜻蜓揭秘牡丹亭少女背后的秘密！ 萌宠头像｜治愈系头像头像安利｜卡通手绘｜软萌头像｜审美封神｜可爱爆棚｜毛茸茸萌物｜平板全屏壁纸｜手机超清壁纸｜小红书热榜｜无水印原图｜转运好运｜搞怪趣味｜小众独特｜清新温柔｜氛围感拉满｜韩系极简｜高级质感｜闺蜜双人头像｜横屏护眼壁纸 张子枫｜周也｜鞠婧祎｜张婧仪｜欧阳娜娜｜文淇｜陈都灵｜杨幂｜赵今麦｜卢昱晓｜白鹿｜刘亦菲｜Angelababy｜刘浩存｜李兰迪｜徐若晗｜杨超,https://m.weibo.cn/detail/5293414029723160
演员成长与角色群像评价,post,1,粉丝点评/记忆表达明确,今视频长天新闻,【#潘粤明回应出演黑夜告白# “非常幸福的工作经历”】4月26日，北京，演员@潘粤明 在活动现场回应出演《黑夜告白》：“这个剧本其实对我来说挺难得的，我演过不少涉案题材，但这个剧本是独一无二的。”他表示，在三个时空演一个人物，穿插在一块剪出来，“这样的感情特别丰富、特别有层次。通过这些丰富的台词和一些案情精彩的设计把人物立体化，对于我来说是一个非常幸福的工作经历。”据山东广电，《黑夜告白》以1997年，一桩电梯失踪案为起点，刑警何远航带,https://m.weibo.cn/detail/5292108034605465
新疆舞与舞台表现名场面,post,1,粉丝点评/记忆表达明确,今视频长天新闻,【终于知道长公主给范闲的礼物是啥了 “心愿便利贴不养闲人”】#唐艺昕 何宣林#据极目新闻，4月24日晚，《乘风2026》二公上半场竞演举行。淡淡团——淡淡、唐艺昕、陈凯琳、何宣林带来《bonbongirls》的唱跳舞台，唐艺昕开场段落因低音气息不稳、咬字不清被观众调侃。她的表演片段也走红网络，被网友调侃“这次轮到唐艺昕值班了”。在唐艺昕丈夫、演员张若昀的账号评论区，大量网友留言开玩笑。有网友问“帮我问问唐艺昕唱了什么词，太快了没听清”“,https://m.weibo.cn/detail/5292101996906637
演员成长与角色群像评价,post,1,粉丝点评/记忆表达明确,今视频长天新闻,【#曹磊 张云旗我格外地爱他#】电视剧《八千里路云和月》正在CCTV-8热播，@演員曹磊 为什么如此爱张云旗这个角色？他为塑造人物设计了哪些特征？点击视频，听他讲述。（CCTV电视剧）更多文娱消息：#歌手2026##陈律自曝痞幼是他前女友##张月 挂电##唐艺昕 何宣林##迪丽热巴跑男只录了12天##佳偶天成##井柏然 老人味太重# L羊城晚报的微博视频,https://m.weibo.cn/detail/5292092936949433
跑男时期综艺名场面,post,1,粉丝点评/记忆表达明确,今视频长天新闻,【#黄灿灿回应二公表演篇章#，“小小的鼓励自己一下下，原来你可以办到”】 4月25日，《乘风2026》二公舞台，@曾沛慈 @王濛 @黄灿灿acan 表演了《篇章》，黄灿灿表现获赞。4月26日，@黄灿灿acan 发文回应：从没有想过我的人生会有在舞台上唱《篇章》的机会，这一首挺有难度的，vocal曲着实让我在之前一直很焦虑 。看到大家昨天说我进步很大，我心里好感动好开心，终于可以把悬着的心放下来了，想了一晚上要说点什么，删删改改想说的太多,https://m.weibo.cn/detail/5292047134103455
嘻嘻迪/表情包/可爱梗,post,1,粉丝点评/记忆表达明确,葡萄柚绿半糖,𝐇𝐢𝐝𝐞｜少年包青天封神名场面｜襄阳王断案遭疑 包拯或免死金牌重查贪污案！ 萌宠头像｜治愈系头像头像安利｜卡通手绘｜软萌头像｜审美封神｜可爱爆棚｜毛茸茸萌物｜平板全屏壁纸｜手机超清壁纸｜小红书热榜｜无水印原图｜转运好运｜搞怪趣味｜小众独特｜清新温柔｜氛围感拉满｜韩系极简｜高级质感｜闺蜜双人头像｜横屏护眼壁纸 张子枫｜周也｜鞠婧祎｜张婧仪｜欧阳娜娜｜文淇｜陈都灵｜杨幂｜赵今麦｜卢昱晓｜白鹿｜刘亦菲｜Angelababy｜刘浩存｜李兰迪｜徐,https://m.weibo.cn/detail/5290419845595474
嘻嘻迪/表情包/可爱梗,post,1,粉丝点评/记忆表达明确,葡萄柚绿半糖,𝐇𝐢𝐝𝐞｜少年包青天封神名场面｜夜审郭槐 案件再次陷入了死局 萌宠头像｜治愈系头像头像安利｜卡通手绘｜软萌头像｜审美封神｜可爱爆棚｜毛茸茸萌物｜平板全屏壁纸｜手机超清壁纸｜小红书热榜｜无水印原图｜转运好运｜搞怪趣味｜小众独特｜清新温柔｜氛围感拉满｜韩系极简｜高级质感｜闺蜜双人头像｜横屏护眼壁纸 张子枫｜周也｜鞠婧祎｜张婧仪｜欧阳娜娜｜文淇｜陈都灵｜杨幂｜赵今麦｜卢昱晓｜白鹿｜刘亦菲｜Angelababy｜刘浩存｜李兰迪｜徐若晗｜杨超越｜,https://m.weibo.cn/detail/5289805705380815
嘻嘻迪/表情包/可爱梗,post,1,粉丝点评/记忆表达明确,葡萄柚绿半糖,𝐇𝐢𝐝𝐞｜邓超搞笑名场面｜哈哈哈哈哈 丨超哥还是太松弛了萌宠头像｜治愈系头像头像安利｜卡通手绘｜软萌头像｜审美封神｜可爱爆棚｜毛茸茸萌物｜平板全屏壁纸｜手机超清壁纸｜小红书热榜｜无水印原图｜转运好运｜搞怪趣味｜小众独特｜清新温柔｜氛围感拉满｜韩系极简｜高级质感｜闺蜜双人头像｜横屏护眼壁纸 张子枫｜周也｜鞠婧祎｜张婧仪｜欧阳娜娜｜文淇｜陈都灵｜杨幂｜赵今麦｜卢昱晓｜白鹿｜刘亦菲｜Angelababy｜刘浩存｜李兰迪｜徐若晗｜杨超越｜田曦薇,https://m.weibo.cn/detail/5285708665194084
嘻嘻迪/表情包/可爱梗,post,1,粉丝点评/记忆表达明确,葡萄柚绿半糖,𝐇𝐢𝐝𝐞｜少年包青天封神名场面｜包拯发现暴雨梨花针 福尔康 你太猖狂了 萌宠头像｜治愈系头像头像安利｜卡通手绘｜软萌头像｜审美封神｜可爱爆棚｜毛茸茸萌物｜平板全屏壁纸｜手机超清壁纸｜小红书热榜｜无水印原图｜转运好运｜搞怪趣味｜小众独特｜清新温柔｜氛围感拉满｜韩系极简｜高级质感｜闺蜜双人头像｜横屏护眼壁纸 张子枫｜周也｜鞠婧祎｜张婧仪｜欧阳娜娜｜文淇｜陈都灵｜杨幂｜赵今麦｜卢昱晓｜白鹿｜刘亦菲｜Angelababy｜刘浩存｜李兰迪｜徐若晗,https://m.weibo.cn/detail/5285233320264184
嘻嘻迪/表情包/可爱梗,post,1,粉丝点评/记忆表达明确,路路星辞,𝐇𝐢𝐝𝐞｜爱情公寓封神名场面｜吕子乔大战熊孩子｜吕子乔遇到人生大敌萌宠头像｜治愈系头像头像安利｜卡通手绘｜软萌头像｜审美封神｜可爱爆棚｜毛茸茸萌物｜平板全屏壁纸｜手机超清壁纸｜小红书热榜｜无水印原图｜转运好运｜搞怪趣味｜小众独特｜清新温柔｜氛围感拉满｜韩系极简｜高级质感｜闺蜜双人头像｜横屏护眼壁纸 张子枫｜周也｜鞠婧祎｜张婧仪｜欧阳娜娜｜文淇｜陈都灵｜杨幂｜赵今麦｜卢昱晓｜白鹿｜刘亦菲｜Angelababy｜刘浩存｜李兰迪｜徐若晗｜杨超,https://m.weibo.cn/detail/5283940065870122
白日提灯贺思慕/女鬼鬼王记忆,post,1,粉丝点评/记忆表达明确,8nama,2025年6月29日我发了一条帖子，她评论了我。以为只是像往常的路人一样（昨晚翻以前的帖子刚发现的！）回复之后没有互关也没有任何后续。2026年4月1日，我们在白日提灯追剧团相识成为了好朋友(为啥4.3才说话因为我们天天在群里说话hhh)迪丽热巴 谢谢你这是你给我选中的朋友#迪丽热巴# ​,https://m.weibo.cn/detail/5293346499331095
白日提灯贺思慕/女鬼鬼王记忆,post,1,粉丝点评/记忆表达明确,谢依o,迪丽热巴超话#迪丽热巴白日提灯热度登顶# 贺思慕#迪丽热巴# dlrb#迪丽热巴虽然不能同时拥有一切# dlrb#迪丽热巴卫蓝# 2025.4.22开推录制你是我的枯木逢春🍃💗@Dear-迪丽热巴 Lisoyaaa的微博视频 ​​​,https://m.weibo.cn/detail/5289076643074837
白日提灯贺思慕/女鬼鬼王记忆,post,1,粉丝点评/记忆表达明确,朱文坚200688,#迪丽热巴又忙成空中飞人了#迪丽热巴：停不下来的“空中飞人”2026年开年至今，迪丽热巴的行程表再次被塞得密不透风。这位内娱顶流女星，正以平均每3天切换一座城市的频率，诠释着“空中飞人”的真正含义。全年无休的飞行记录据统计，迪丽热巴2025年全年飞行了127次。进入2026年，她的忙碌有增无减：1月低调进组民国悬疑剧《九重天》，在江苏、扬州等地取景拍摄；3月20日亮相苏州迪奥高级珠宝晚宴，时隔605天重返顶级红毯；4月1日在北京为热播剧,https://m.weibo.cn/detail/5287478741172831
演员成长与角色群像评价,post,1,粉丝点评/记忆表达明确,橹个小馒头www,#朱志鑫站姐发了范丞丞王安宇#朱志鑫站姐因连续两年发布高质量跨圈内容（如2025年愚人节发布迪丽热巴照片），被赞“审美绝佳的神仙站姐”，其作品多次出圈，强化了粉丝文化的创作活力。 艺人曝光度的互补效应活动间接提升范丞丞、王安宇的近期热度，尤其范丞丞因前日“啃玉米直播”刚创800万观看量纪录，此次联动进一步放大其“接地气顶流”形象。总结：该事件本质是愚人节特有的粉丝文化现象，以趣味性和创意为核心，既满足站姐的创作表达，又为剧迷提供情感宣泄,https://m.weibo.cn/detail/5282862636994324
红毯神图与高定封神造型,post,1,粉丝点评/记忆表达明确,路易哥-,#站姐团建#2026愚人节站姐团建：创意出圈，更需守住边界与初心2026年愚人节站姐团建活动火热开启，这场由明星粉丝联盟主导的粉丝圈层盛会，打破传统团建模式，融入AI二创、身份互换等全新玩法，迅速成为社交平台热议焦点。活动既有橹穆CP流水席式物料的狂欢，也有技术滥用、内容尺度的争议，在趣味互动与行业规范之间，引发了粉丝圈层与大众的双重思考。一、玩法升级：三大板块打造趣味团建新体验本次站姐团建活动分三阶段推进，玩法创新且层次分明，彻底颠覆,https://m.weibo.cn/detail/5282813747398406
红毯神图与高定封神造型,post,1,粉丝点评/记忆表达明确,春巷序,#站姐团建#2026年愚人节站姐团建活动正火热进行中，这场由微博平台主导、覆盖全网的粉丝狂欢，以AI二创、身份互换、CP物料集中爆发为核心玩法，掀起了一场兼具创意与争议的赛博团建热潮。 一、活动规则与核心玩法活动分为三阶段，由官方账号“明星粉丝联盟”统筹：AI创意预热（3月28日-31日）：站姐需使用AI工具生成像素风、羊毛毡等风格的艺人预告，或围绕标志物设计谜题（如迪丽热巴站姐的像素拼豆谜题）。身份互换挑战（4月1日）：站姐与娱乐博主,https://m.weibo.cn/detail/5282682923126525
白凤九与三生三世情怀,post,1,粉丝点评/记忆表达明确,LIJN575,迪丽热巴超话你是最棒的演员2013《阿娜尔罕》阿娜尔罕2014《古剑奇谭》芙蕖2014《微时代》吴安珀2014《美人制造》倾城2014《风中奇缘》骊姬2015《逆光之恋》江离2015《克拉恋人》高雯2015《班淑传奇》安心2015《六扇门》苏溢清2015《怦然星动》郝美丽2016《爱的阶梯》宋子涵2016《麻辣变形计》关小迪2017《漂亮的李慧珍》李慧珍2017《三生三世十里桃花》白凤九2017《秦时丽人明月心》公孙丽2017《傲娇与,https://m.weibo.cn/detail/5281625920767257
白日提灯贺思慕/女鬼鬼王记忆,post,1,粉丝点评/记忆表达明确,顾桉迪迪,迪丽热巴超话迪丽热巴超话 贺思慕#迪丽热巴贺思慕# dlrb #迪丽热巴白日提灯# dlrb #迪丽热巴# 20240526「冠珠华珍」岩板2024新品发布会花絮2你眼中有星海浩渺，山河千里，而我眼中有你迪丽热巴｜白日提灯｜贺思慕@Dear-迪丽热巴 Lduoduoxixixi的微博视频 ​​​#迪丽热巴爱奇艺世界大会VCR# ​,https://m.weibo.cn/detail/5293708975017614
白凤九与三生三世情怀,post,1,粉丝点评/记忆表达明确,Estrellita_ZY,#你好星期六#🔍 一、核心看点与亮点环节主题与嘉宾阵容本期为《白日提灯》剧组专场，紧扣剧中奇幻设定，迪丽热巴、陈飞宇、刘宇宁、丁程鑫、张俪、杨迪等8位嘉宾需通过线索匹配“命定知己”，悬念与浪漫交织。何炅担任主持，吴泽林助阵控场。高能舞台与名场面双人舞对决：刘宇宁与丁程鑫合作机车主题“摩托摇”，黑西装造型搭配长腿优势，动作卡点精准，力量感与默契感引爆期待；迪丽热巴与陈飞宇重现剧中宿命感共舞，眼神拉丝甜度超标。 心跳挑战：陈飞宇对迪丽热巴直,https://m.weibo.cn/detail/5281545633926832
红毯神图与高定封神造型,post,1,粉丝点评/记忆表达明确,霍时尚,迪丽热巴超话迪丽热巴的美貌永远适配任何夸张的形容与赞美。出道多年，无论是红毯还是杂志封面，可以说登场及出圈。红毯不是迪丽热巴的舒适区，而是它的统治区。20年身穿意大利品牌婚纱参加活动，白色全身缀摆层层叠叠的立体玫瑰刺绣，礼服精致华丽但不显厚重，完美适配迪丽热巴的浓颜，玫瑰庄园在桃公主的大出圈，成功拔高了网友对她的期待，从花仙子到玛丽猫，她将粉色穿出恰到好处的俏皮感。深蓝色。装礼服深邃优雅，露背设计增添了一丝妩媚，绿色古董高定搭配大耳环,https://m.weibo.cn/detail/5232636110570860
白日提灯贺思慕/女鬼鬼王记忆,post,1,粉丝点评/记忆表达明确,时尚评论选择家,#迪丽热巴MarieClaireNOW春季刊封面#热巴嘉人NOW2023vs2026，风情和文艺都很绝今天热巴嘉人NOW2026春季刊封面释出，一如既往的高质量成品品！ 😱翻出2023年夏天那组对比一下，风格差别很大！那时候的她，就是那种明艳大美女的感觉🌞。趴在窗户边那个眼神，还有泳池边那张，又纯又欲，整个人都在发光，看着就让人心跳加速，妥妥的“人间富贵花”本花！💃是一种风情万种的感觉2026年这一组……整体走文艺路线，整张大片的布景和,https://m.weibo.cn/detail/5279598531055526
任安乐/帝梓元角色记忆,post,1,粉丝点评/记忆表达明确,巴颗樱花,迪丽热巴超话#迪丽热巴花儿与少年# dlrb #迪丽热巴#点击查看DiTV@Dear-迪丽热巴 2023频道📺～🎀2023，初心不改，是与你的第十年，见证安旎、任安乐/帝梓元的精彩表现，踏上新丝路游学新篇，触达许多全新的挑战。记录那些被珍藏的瞬间，探索盎然的未来，自由地在勇敢的沃野中开出绚烂的花✨🪄新岁已至，满怀希冀，目之所及，赤诚热烈，欢迎来到2024～迪丽热巴花儿与少年｜迪丽热巴微博之夜#微博之夜# L嘉行迪丽热巴工作室的微博视频,https://m.weibo.cn/detail/5268686887978405
乔晶晶与《你是我的荣耀》入坑记忆,post,1,粉丝点评/记忆表达明确,Dear与我相遇巴,迪丽热巴超话 我爱上32个人第1个，2013年5月7日，她叫阿娜尔罕第2个2014年7月2日，她叫芙蕖第3个，2014年7月21日，她叫吴安珀第4个，2014年9月7日，她叫倾城第5个，2014年10月1日，她叫骊姬第6个，2015年2月2日，她叫江离第7个，2015年7月22日，她叫高雯第8个，2015年10月6日，她叫楼兰公主安心第9个，2015年12月3日，她叫赫美丽第10个，2016年3月10日，她叫宋子涵第11个，2016年,https://m.weibo.cn/detail/5275638066055653
新疆舞与舞台表现名场面,post,1,粉丝点评/记忆表达明确,今视频长天新闻,【盘点女艺人的第一次春晚舞台】新春的脚步渐渐临近，你最喜欢谁的春晚舞台？评论区聊聊↓↓@关晓彤 -2016年、@杨紫 -2017年、@Dear-迪丽热巴 -2019年、@李沁 -2020年、@鞠婧祎 -2020年、@杨幂 -2021年、@刘浩存 -2021年、@赵丽颖 -2022 年、@宋茜 -2022年、@刘诗诗 -2024年、@章若楠 -2024 年、@白鹿my -2025年 #甜馨晒与爸妈旧照配文好爱你们##时代峰峻离倒闭越来越远,https://m.weibo.cn/detail/5266274562605481
演员成长与角色群像评价,post,1,粉丝点评/记忆表达明确,朱文坚200688,#赵樱子承认整容#赵樱子承认整容，从“林多美”到迷失的审美直播镜头前，赵樱子坦然承认整容，将“科技与狠活”比喻为自行车换跑车，却引发网友对女演员审美焦虑的深思。2026年1月6日，赵樱子在直播中首次公开承认整容，直言不讳地分享了自己的心路历程。她将原因归结为饰演《因为爱情有多美》林多美走红后，因前社交媒体时代反馈缺失而产生的容貌焦虑。“当时没有人告诉我林多美好看，”赵樱子解释道，当年观众对角色的喜爱无法直接传达给她，使她陷入自我怀疑。0,https://m.weibo.cn/detail/5252328145028487
红毯神图与高定封神造型,post,1,粉丝点评/记忆表达明确,来剧啦,章子怡又垫肩了。第几次了？数不清。红毯上那副“钢筋铁骨”，隔着屏幕都觉得硌得慌。看看这直角肩风潮怎么来的：2021年起，女明星开始“肩部军备竞赛”。迪丽热巴、倪妮、钟楚曦。。个个把肩膀凹成直角尺。钟楚曦甚至出过教程：挺胸、旋肩胛骨、下沉斜方肌，三秒速成。医学上这叫“肩胛骨下回旋综合征”，是病。但她们不在乎。红毯如战场，垫肩是盔甲。谁肩膀不够平，谁就输了气场。可你发现没？真正定格的经典美人，刘亦菲那样的溜肩，反而温润如玉。现在满屏的直角肩,https://m.weibo.cn/detail/5290252149458437
白日提灯贺思慕/女鬼鬼王记忆,post,1,粉丝点评/记忆表达明确,再惹寿司吧,#迪丽热巴说陈飞宇很会撒娇#迪丽热巴在近期宣传电视剧《白日提灯》的幕后采访中，公开评价搭档陈飞宇在剧中“很会撒娇”，这一描述迅速成为观众热议焦点。@咪咕娱乐在线2021咪咕娱乐在线一、核心事件：片场互动评价引发热议在《白日提灯》的幕后花絮采访中，迪丽热巴多次提到陈飞宇在角色塑造上的特点。她笑称陈飞宇饰演的“段胥”在剧中是“多面的小狐狸”，尤其面对自己饰演的“贺思慕”时表现突出： 3撒娇方式：迪丽热巴用“撒泼打滚”形容剧中段胥的行为，提到,https://m.weibo.cn/detail/5280029617423529
迪拜报平安/守护型记忆,post,1,粉丝点评/记忆表达明确,捡瓶子养-28,迪丽热巴超话 想对远方的热巴说：胖迪！我们只希望你能平安回国 一定要平安！第1次见到你的时候，还是在麻辣变形记。当时觉得里面的关小格也很酷很飒，我很喜欢。也从这个时候我开始认识你，了解你在2021年的时候。我登录了微博。开始关注你，开始想了解你。也从这个时候我喜欢上了你。今年是我喜欢你的第3年了。我会为你所取得成就感到开心。也会为你遇到不公平时感到愤怒。你虽然这么优秀，但还是遭受不公平的待遇。真的特别心疼你。你的好爱丽丝们都看在眼里。,https://m.weibo.cn/detail/5272464818183914
演员成长与角色群像评价,post,1,粉丝点评/记忆表达明确,祎田的橘子_TY,#袁雨萱与嘉行传媒到期不续#的相关内容，来智搜看看。🎬 袁雨萱与嘉行传媒合约到期不续约事件梳理⏰ 1. 核心事实：合约终止与官方声明时间点：2025年10月20日，袁雨萱官方后援会发布声明，确认其与嘉行传媒的经纪合约正式期满，双方协商一致不再续约。@吃瓜卫视1214 后续安排：后援会即日起与原公司交接，撤下官方认证标识，以独立名义继续运营，强调这是“崭新的开始”。123135 合作时长：袁雨萱自2017年签约嘉行传媒，合作长达8年。@等,https://m.weibo.cn/detail/5224288224546837
嘻嘻迪/表情包/可爱梗,post,1,粉丝点评/记忆表达明确,鬼王贺小小是也,迪丽热巴超话#花少有自己的拿放姐# 花少要等下周 那就先疯狂重温 热巴以前的节目吧 一直很有梗 ！ 2021跨年脱口秀 ​,https://m.weibo.cn/detail/4961588366542260
乔晶晶与《你是我的荣耀》入坑记忆,post,1,粉丝点评/记忆表达明确,迪迪请你脸红吖,#迪丽热巴乔晶晶# @Dear-迪丽热巴 #迪丽热巴你是我的荣耀# ​​​奇妙大秀揭开面纱，于少时美好中陷落，在@路易威登 2021春夏男装大秀上品时尚本味，与@Dear-迪丽热巴 一起见证。 ​,https://m.weibo.cn/detail/4537950337506351
枭起青壤/聂九罗表演突破,post,1,粉丝点评/记忆表达明确,和你_岁岁年年,#古偶女主角色抖音播放量# 2020-2026年第一是我们贺思慕。别作假表哈。要做就做真的实际迪丽热巴的邓妍抖音角色播放量19亿多一点（不到20亿），枭起青壤里的聂九罗也有80座。但他们不算古偶所以不在表里迪丽热巴超话 ​,https://m.weibo.cn/detail/5293740476599049
新疆舞与舞台表现名场面,post,1,粉丝点评/记忆表达明确,九月赴秋安,迪丽热巴创造营2019 经典的王心凌爱你 姐姐的舞蹈功底 L九月赴秋安的微博视频 ​,https://m.weibo.cn/detail/5291709529331134
红毯神图与高定封神造型,post,1,粉丝点评/记忆表达明确,星海小狗,2019星光大赏女星红毯合集，当年的星光熠熠惊艳了多少人？？？ ·2019星光大赏·迪丽热巴·杨幂·宋茜 L星海小狗的微博视频 ​,https://m.weibo.cn/detail/5284689130818715
花少/你好星期六等综艺片刻,post,1,粉丝点评/记忆表达明确,思密达的团团饭,梦回《创造营2019》的炽热夏天！#李昀锐# #迪丽热巴# #综艺名场面# 你给我听好 L思密达的团团饭的微博视频 ​,https://m.weibo.cn/detail/5283954476974690
红毯神图与高定封神造型,post,1,粉丝点评/记忆表达明确,来了一个罕罕,#任豪伟大的爱豆时期#迪丽热巴在《创造营2019》初舞台当面称赞的颜值，加上多个封神舞台动图至今刷屏，让“任豪伟大的爱豆时期”成为考古热潮的核心焦点 ​,https://m.weibo.cn/detail/5280395257972972
新疆舞与舞台表现名场面,post,1,粉丝点评/记忆表达明确,吃樱桃的小丸子哒,梦回创造营2019，负责的创造营发起人迪丽热巴，那年见证了R1SE的的成团如今发起人为成员打歌是谁还没见过迪丽热巴的舞蹈@Dear-迪丽热巴 #迪丽热巴给姚琛新歌打call#dlrb#迪丽热巴一线肩# L迪丽热巴版主题曲《喊出我的名字》，发起人太帅了！ ​,https://m.weibo.cn/detail/4970222491798311
白日提灯贺思慕/女鬼鬼王记忆,post,1,粉丝点评/记忆表达明确,梨子酱Cindy_,迪丽热巴超话#迪丽热巴贺思慕##迪丽热巴 白日提灯# 天呐天呐翻出来2018年保存在相册里面的照片真的好想念以前的账号也找不回来了只能重新再来看到你变得越来越好我真的好开心@Dear-迪丽热巴 ​,https://m.weibo.cn/detail/5281248765544422
演员成长与角色群像评价,post,1,粉丝点评/记忆表达明确,申请全职在家陪短男上班,迪丽热巴出生于1992年6月3日，其年份壬申剑锋金，纳音五行属金，生肖猴。当前正值2026丙午年，流年天干丙火为七杀，地支午火为官星，形成“官杀混杂”之势。此年火势极旺，对她而言是极具挑战与突破的事业高峰年。她早年行甲辰大运（1998-2008），偏财透出，利于才艺培养。此运中她受父亲影响，自幼学习钢琴、小提琴与舞蹈，奠定了坚实的艺术基础。甲木偏财生旺巳火七杀，使其在艺术道路上早早展现出过人天赋与表现欲，为日后出道埋下伏笔。2008至2,https://m.weibo.cn/detail/5276079388623788
新疆舞与舞台表现名场面,post,1,粉丝点评/记忆表达明确,巴巴热热闹闹,当时复制的马面裙事件，迪奥已经开除了那个韩国设计师，并且事件结束后是国家队徐梦桃第一个成员签约的，在马面裙风波中，没有任何一个中国艺人解约，在去年的春晚活动中，某人也使用了迪奥服饰，并且在2018年的杜嘉班纳事件中，迪丽热巴面对巨额违约和时尚资源限制的情况下也选择了解约，这几天，在我们欢天喜地的气氛下，某家粉丝酸气冲天，先挑起争端，之前从来没参加过什么粉圈“空瓶”活动，这次真的忍受太久了，以前什么都不会，现在都被迫捡起来，守护越来越优秀,https://m.weibo.cn/detail/4953884718531853
白凤九与三生三世情怀,post,1,粉丝点评/记忆表达明确,月亮代我抱抱你,还不是粉丝的时候得知枕上书是桃花原班人马内心无比激动开心——————————————————看了枕上书入坑迪丽热巴成为了粉丝——————————————————一想到18年花了五个月时间拍这么个假性自制2018.06.11——2018.11.19～枕上书就会感到气愤心痛惋惜再看看剧里七彩蚊帐的服装，总是没有口红的化妆，宛若挖煤回来的死亡打光，以及删掉的几处凡间跳舞，阿兰若高光……——————————————————唉，我的九啊，你真的很,https://m.weibo.cn/detail/4537238056084791
跑男时期综艺名场面,post,1,粉丝点评/记忆表达明确,_萌设定,#迪丽热巴跑男只录了12天#迪丽热巴2017年参与《奔跑吧》第五季的实际录制时长仅为12个工作日，这一冷知识近期因颠覆大众“整季参与”的认知而引爆热议。2017-02-19代班录制启动：迪丽热巴以代班身份（顶替孕期Angelababy）开启录制，多地分散拍摄2017-02至04月核心拍摄周期：集中完成约12天拍摄，覆盖上海、大连等地名场面2017-04-14节目正式开播：首期播出，热巴转圈舞等镜头开启“跑男迪”印象2017-06-30整,https://m.weibo.cn/detail/5292187300659206
白凤九与三生三世情怀,post,1,粉丝点评/记忆表达明确,我担顶级Alpha世狐一_,"#迪丽热巴跑男只录了12天#迪丽热巴作为2017年《奔跑吧》第五季的常驻嘉宾（代班Angelababy），实际拍摄于2月至4月间分散完成，累计仅12个工作日，覆盖上海、杭州、大连、延安等城市。节目组通过拆分素材（如单场游戏互动复用至多期）、强化氛围（BGM/慢镜头特写）及模糊时间线，将短期素材延展为近3个月的播出内容。高光表现与个人积累经典名场面：异域风转圈舞惊艳亮相、泥潭挑战、指压板咬牙坚持、低温水战等敬业表现，塑造了""甜热热""""胖迪",https://m.weibo.cn/detail/5292136293729272
白凤九与三生三世情怀,post,1,粉丝点评/记忆表达明确,装萌被骂出玉米症,"#迪丽热巴跑男只录了12天#最近""迪丽热巴跑男仅录12天""的冷知识引发热议，这一信息源于2017年《奔跑吧》第五季的实际录制安排，其反差感让许多网友直呼颠覆认知。一、核心事实：短期录制与长效传播的反差录制与播出的时间线差异迪丽热巴在2017年作为《奔跑吧》第五季常驻嘉宾（代班Angelababy），实际录制仅12个工作日（分散在2月至4月），却通过后期剪辑支撑起整季12期内容，播出跨度近3个月。节目组通过拆分单场素材复用至多期、强化BG",https://m.weibo.cn/detail/5292090091376328
跑男时期综艺名场面,post,1,粉丝点评/记忆表达明确,蝶蝶喋喋喋,"#迪丽热巴跑男只录了12天#近期关于""迪丽热巴2017年仅用12天完成《奔跑吧》整季录制""的冷知识引发热议，这一制作模式在综艺行业虽属常态，但其短期高效出圈的表现成为焦点。 ​",https://m.weibo.cn/detail/5292060439482851
跑男时期综艺名场面,post,1,粉丝点评/记忆表达明确,下海捞捡子,#迪丽热巴跑男只录了12天#最近有个关于迪丽热巴的话题冲上热搜，说她当年参加《奔跑吧》时，实际只录制了12天。这个说法一出来，很多人都不敢相信，毕竟当时她在节目里的表现太亮眼了，让人感觉她好像全程都在。 其实事情是这样的：2017年，迪丽热巴作为代班嘉宾加入《奔跑吧》第五季。她在短短12天的时间里，集中拍摄了大量素材。节目组通过巧妙的剪辑，把这些零散的镜头重新组合、反复利用，最终剪成了整整12期节目，播出跨度接近3个月。 这就造成了一种,https://m.weibo.cn/detail/5292020325417304
跑男时期综艺名场面,post,1,粉丝点评/记忆表达明确,武侠作家火龙,#迪丽热巴跑男只录了12天#录制时长与节目效果的反差迪丽热巴在《奔跑吧》第五季（2017年）的实际录制时间约12个工作日，最终被剪辑成12期正片，播出周期横跨近3个月。 这一冷知识于2026年4月下旬被重新挖掘并登上热搜，许多网友表示难以置信，误以为她参与了整季长期录制。节目通过镜头拆分、重复利用素材和强化互动氛围（如BGM、字幕），营造出“长期搭档”的错觉。短期录制的高影响力个人魅力获认可：热巴在短时间内塑造了“甜热热”“迪丽热血”等,https://m.weibo.cn/detail/5292015896235141
跑男时期综艺名场面,post,1,粉丝点评/记忆表达明确,折只窦澜猫,#迪丽热巴跑男只录了12天#迪丽热巴2017年作为常驻嘉宾加盟《奔跑吧》第五季，实际录制时长仅12天，却凭借鲜活表现留下贯穿整季的经典名场面，这一冷知识近期翻红登上热搜。 ​,https://m.weibo.cn/detail/5292005723736452
白日提灯贺思慕/女鬼鬼王记忆,post,1,粉丝点评/记忆表达明确,NGGDQ-执意,#迪丽热巴陈飞宇回应七年前首次合作# 迪丽热巴和陈飞宇在近期《你好星期六》综艺采访中，首次公开回应七年前的初次合作经历，二人调侃2017年为迪士尼米奇拍摄杂志时的爆炸头、牛舔头早年合照“不宜考古”，还互评合作前后的印象反差，趣味互动引发广泛关注。此次二人因新剧《白日提灯》再度携手，这也是他们继杂志合作后首次影视搭档，剧中迪丽热巴饰演四百岁鬼王贺思慕，陈飞宇饰演少年将军段胥，上演跨生死的虐恋故事。综艺里二人互动甜度拉满，陈飞宇直言“迪丽热,https://m.weibo.cn/detail/5282500143221542
红毯神图与高定封神造型,post,1,粉丝点评/记忆表达明确,小狗踹,#迪丽热巴陈飞宇一个爆炸头一个牛舔头#“迪丽热巴陈飞宇一个爆炸头一个牛舔头”是网友对两人2017年合拍杂志造型的幽默调侃，爆炸头指迪丽热巴的复古卷发，牛舔头形容陈飞宇贴头皮的中分短发。这一话题近期翻红，主要因两人主演的新剧《白日提灯》即将播出，网友考古旧照时发现反差感十足。 ​,https://m.weibo.cn/detail/5280379415825396
白日提灯贺思慕/女鬼鬼王记忆,post,1,粉丝点评/记忆表达明确,桉悸悦,迪丽热巴超话 贺思慕#迪丽热巴白日提灯# dlrb #迪丽热巴贺思慕# dlrb #白日提灯# 🥰“我觉得我做的最棒的一次决定，好像就是在做一些事情都坚持吧。但我觉得这不是一个特别大的东西。就怎么说，不是说一件大事上，反而是很多小事，或者是比较难熬的日子，坚持下来。我觉得坚持应该是我做过最棒的一件事”迪丽热巴 |白日提灯 | 虽然不能同时拥有一切 | 贺思慕 |卫蓝 @Dear-迪丽热巴 🌠🛤️,https://m.weibo.cn/detail/5282665705506204
白日提灯贺思慕/女鬼鬼王记忆,post,1,粉丝点评/记忆表达明确,桉悸悦,迪丽热巴超话 贺思慕#迪丽热巴白日提灯# dlrb #迪丽热巴贺思慕# dlrb #白日提灯# 😘“三四年前我说过想要做一个有棱角的人，因为我是一个没那么‘个性’、比较乖顺的，我觉得如果你想要成为一个演员，你得是一个‘个性’突出的人。”各种增加预约方法微博正文迪丽热巴 |白日提灯 | 虽然不能同时拥有一切 | 贺思慕 |卫蓝 @Dear-迪丽热巴 💕🌋,https://m.weibo.cn/detail/5282665687421892
白日提灯贺思慕/女鬼鬼王记忆,post,1,粉丝点评/记忆表达明确,d8的女人微微,迪丽热巴超话 贺思慕#迪丽热巴白日提灯# dlrb #迪丽热巴贺思慕# dlrb #白日提灯# 心怀大义守护人间与灵界，贺思慕格局拉满，迪丽热巴快诠释这气魄！预约 O明星作品上榜信息各种增加预约方法微博正文迪丽热巴 |白日提灯 |虽然不能同时拥有一切| 贺思慕 | 卫蓝 @Dear-迪丽热巴L网剧慕胥辞的微博视频,https://m.weibo.cn/detail/5282665544821618
白日提灯贺思慕/女鬼鬼王记忆,post,1,粉丝点评/记忆表达明确,萌泪语,#迪丽热巴慕胥辞#dlrb#迪丽热巴贺思慕#凌晨的夜破碎的我难熬的追星.@Dear-迪丽热巴 ​,https://m.weibo.cn/detail/5277970090693212
白日提灯贺思慕/女鬼鬼王记忆,post,1,粉丝点评/记忆表达明确,面包脑袋系巴啦,迪丽热巴超话#迪丽热巴白日提灯# dlrb #迪丽热巴贺思慕# dlrb #白日提灯# 贺思慕扮猪吃虎套路满满，机灵狡黠，迪丽热巴演这可爱与强大绝了！预约 O明星作品上榜信息各种增加预约方法微博正文迪丽热巴 | 虽然不能同时拥有一切 |白日提灯 |卫蓝 | 贺思慕 | @Dear-迪丽热巴L网剧慕胥辞的微博视频,https://m.weibo.cn/detail/5277969917679865
迪拜报平安/守护型记忆,post,1,粉丝点评/记忆表达明确,奶琦嘚崽,姐姐终于露面了可爱的嘞，萌萌哒，我们一直在呢，这几天担心死了终于露面了，我们可以什么都不要只求姐姐平平安安，快快乐乐。 ​,https://m.weibo.cn/detail/5277969893556990
白日提灯贺思慕/女鬼鬼王记忆,post,1,粉丝点评/记忆表达明确,夏日高迪,迪丽热巴超话#迪丽热巴白日提灯# dlrb #迪丽热巴贺思慕# dlrb #白日提灯# 🏮我会喜欢到你不需要我为止ᶫᵒᵛᵉᵧₒᵤ 💕迪丽热巴 |白日提灯 | 虽然不能同时拥有一切 | 贺思慕 |卫蓝 @Dear-迪丽热巴 🎡🥨 ​,https://m.weibo.cn/detail/5294826158556055
白日提灯贺思慕/女鬼鬼王记忆,post,1,粉丝点评/记忆表达明确,美就一个迪,迪丽热巴超话#迪丽热巴白日提灯# dlrb #迪丽热巴贺思慕# dlrb #白日提灯# 心怀大义守护人间与灵界，贺思慕格局拉满，迪丽热巴快诠释这气魄！各种增加预约方法微博正文迪丽热巴 |白日提灯 |虽然不能同时拥有一切| 贺思慕 | 卫蓝 @Dear-迪丽热巴L网剧慕胥辞的微博视频 ​,https://m.weibo.cn/detail/5294711153623618
白日提灯贺思慕/女鬼鬼王记忆,post,1,粉丝点评/记忆表达明确,Dear-予你秋信,迪丽热巴超话#迪丽热巴白日提灯# dlrb #迪丽热巴贺思慕# dlrb #白日提灯# 贺思慕扮猪吃虎套路满满，机灵狡黠，迪丽热巴演这可爱与强大绝了！预约 O明星作品上榜信息各种增加预约方法微博正文迪丽热巴 | 虽然不能同时拥有一切 |白日提灯 |卫蓝 | 贺思慕 | @Dear-迪丽热巴L白日提灯官微的微博视频,https://m.weibo.cn/detail/5294707079119564
白日提灯贺思慕/女鬼鬼王记忆,post,1,粉丝点评/记忆表达明确,Dear-予你秋信,迪丽热巴超话#迪丽热巴白日提灯# dlrb #迪丽热巴贺思慕# dlrb #白日提灯# 贺思慕扮猪吃虎套路满满，机灵狡黠，迪丽热巴演这可爱与强大绝了！预约 O明星作品上榜信息各种增加预约方法微博正文迪丽热巴 | 虽然不能同时拥有一切 |白日提灯 |卫蓝 | 贺思慕 | @Dear-迪丽热巴L白日提灯官微的微博视频,https://m.weibo.cn/detail/5294707051594339
白日提灯贺思慕/女鬼鬼王记忆,post,1,粉丝点评/记忆表达明确,Dear-迪心宇,#迪丽热巴白日提灯#dlrb#迪丽热巴贺思慕#你是我热爱世界的原因@Dear-迪丽热巴 ​,https://m.weibo.cn/detail/5294703258108282
白日提灯贺思慕/女鬼鬼王记忆,post,1,粉丝点评/记忆表达明确,迪迪的粉丝001,迪丽热巴超话#迪丽热巴# dlrb #给迪丽热巴的年终告白# dlrb #我担夸夸时间到# 我们的石榴花一定会红起来的预约慕胥辞O白日提灯迪丽热巴 | 枭起青壤 | 利剑玫瑰|慕胥辞 |聂九罗 | 邓妍 | 贺思慕 | @Dear-迪丽热巴#迪丽热巴的春日心动时刻# dlrb#凝聚v力量# L网剧慕胥辞的微博视频,https://m.weibo.cn/detail/5150394393821773
白日提灯贺思慕/女鬼鬼王记忆,post,1,粉丝点评/记忆表达明确,软糖爱好少女lll,迪丽热巴超话#迪丽热巴聂九罗# dlrb #迪丽热巴枭起青壤# dlrb #迪丽热巴#我们的石榴花一定会红起来的预约枭起青壤O枭起青壤迪丽热巴 | 枭起青壤 | 利剑玫瑰|慕胥辞 |聂九罗 | 邓妍 | 贺思慕 | @Dear-迪丽热巴L枭起青壤官微的微博视频 ​,https://m.weibo.cn/detail/5150394365252038
任安乐/帝梓元角色记忆,post,1,粉丝点评/记忆表达明确,软糖爱好少女lll,迪丽热巴超话#迪丽热巴聂九罗# dlrb #迪丽热巴枭起青壤# dlrb #迪丽热巴#每次下雪对帝梓元来说都是难熬的帝梓元（任安乐）每一次落泪都令人很心疼预约枭起青壤O枭起青壤迪丽热巴 | 枭起青壤 | 利剑玫瑰|慕胥辞 |聂九罗 | 邓妍 | 贺思慕 | @Dear-迪丽热巴L枭起青壤官微的微博视频 ​,https://m.weibo.cn/detail/5150394347948741
白日提灯贺思慕/女鬼鬼王记忆,post,1,粉丝点评/记忆表达明确,dbhsjakka,迪丽热巴超话#迪丽热巴聂九罗# dlrb #迪丽热巴枭起青壤# dlrb #迪丽热巴#如果以后有风会吹动我的头发，我知道是你（纪云禾）来看我了——@Dear-迪丽热巴纪云禾的每一滴泪，每一个笑，我们会永远记得预约枭起青壤O枭起青壤迪丽热巴 | 枭起青壤 | 利剑玫瑰|慕胥辞 |聂九罗 | 邓妍 | 贺思慕 | @Dear-迪丽热巴L枭起青壤官微的微博视频,https://m.weibo.cn/detail/5150394125385835
白日提灯贺思慕/女鬼鬼王记忆,post,1,粉丝点评/记忆表达明确,星钻耀迪,迪丽热巴超话#迪丽热巴# dlrb #迪丽热巴贺思慕# dlrb #迪丽热巴慕胥辞#如果以后有风会吹动我的头发，我知道是你（纪云禾）来看我了——@Dear-迪丽热巴纪云禾的每一滴泪，每一个笑，我们会永远记得预约慕胥辞O白日提灯迪丽热巴 | 枭起青壤 | 利剑玫瑰|慕胥辞 |聂九罗 | 邓妍 | 贺思慕 | @Dear-迪丽热巴 L网剧慕胥辞的微博视频,https://m.weibo.cn/detail/5150394096026124
白日提灯贺思慕/女鬼鬼王记忆,post,1,粉丝点评/记忆表达明确,三书爱迪宝白凤九,迪丽热巴超话#迪丽热巴的春日心动时刻# dlrb #凝聚v力量# dlrb #迪丽热巴#这个挥手手 太可爱了😍😍😍羡慕在场每一个亲眼看到宝贝的人预约枭起青壤O枭起青壤迪丽热巴 | 枭起青壤 | 利剑玫瑰|慕胥辞 |聂九罗 | 邓妍 | 贺思慕 | @Dear-迪丽热巴L枭起青壤官微的微博视频,https://m.weibo.cn/detail/5150393965220444
白日提灯贺思慕/女鬼鬼王记忆,post,1,粉丝点评/记忆表达明确,凌什么7_,迪丽热巴超话#迪丽热巴慕胥辞#dlrb #迪丽热巴贺思慕# “我相信只要勇敢去追，并且勇敢去想，只要去勇敢，你一定会得到你想要的！”@Dear-迪丽热巴 ​,https://m.weibo.cn/detail/5183371619865468
白日提灯贺思慕/女鬼鬼王记忆,post,1,粉丝点评/记忆表达明确,皑皑夜未央,迪丽热巴超话#迪丽热巴##利剑玫瑰##迪丽热巴利剑玫瑰##迪丽热巴邓妍##枭起青壤##迪丽热巴枭起青壤##迪丽热巴聂九罗##慕胥辞##迪丽热巴慕胥辞##迪丽热巴贺思慕#我的公主殿下，你提的不是礼裙，是我的心！预约利剑玫瑰 O利剑·玫瑰预约枭起青壤 O枭起青壤预约慕胥辞 O白日提灯LArdentlyLove0603_迪丽热巴的微博视频,https://m.weibo.cn/detail/5183370887699557
白日提灯贺思慕/女鬼鬼王记忆,post,1,粉丝点评/记忆表达明确,清酒屿枫木,#迪丽热巴贺思慕# dlrb#迪丽热巴慕胥辞# “我们每天都在被人对比，但最重要的是你要有自己的想法。”——@Dear-迪丽热巴 ​,https://m.weibo.cn/detail/5216711306908959
白日提灯贺思慕/女鬼鬼王记忆,post,1,粉丝点评/记忆表达明确,挚爱_巴巴DIL,迪丽热巴超话 dlrb#迪丽热巴聂九罗# dlrb#迪丽热巴枭起青壤# dlrb #迪丽热巴利剑玫瑰# dlrb#迪丽热巴邓妍# dlrb#迪丽热巴慕胥辞# dlrb#迪丽热巴贺思慕##迪丽热巴#迪丽热巴 | 枭起青壤 | 利剑玫瑰|慕胥辞 |聂九罗 | 邓妍 | 贺思慕 | “如果遇到自己想做的事情，那就勇敢去做吧！大胆地去付出吧！很多时候我们缺少的不是想法，不是能力，而是那份果断和勇敢。”@Dear-迪丽热巴,https://m.weibo.cn/detail/5216711125240208
白日提灯贺思慕/女鬼鬼王记忆,post,1,粉丝点评/记忆表达明确,_63颗泪痣,"迪丽热巴超话#迪丽热巴慕胥辞#dlrb#迪丽热巴贺思慕#""🥀.爱意化成风声，替我转交给你"" 𝓛𝓸𝓋𝓮 𝓉𝓊𝓇𝓃𝓈 𝒾𝓃𝓉𝓸 𝓌𝒾𝓃𝒹, 𝓰𝒾𝓋𝓮 𝒾𝓉 𝓉𝓸 𝓎𝓸𝓊 𝒻𝓸𝓇 𝓂𝓮.🥀@Dear-迪丽热巴#迪丽热巴贺思慕# dlrb #迪丽热巴慕胥辞# dlrb #迪丽热巴# @Dear-迪丽热巴",https://m.weibo.cn/detail/5216709826843113
红毯神图与高定封神造型,post,1,粉丝点评/记忆表达明确,小猫甜品店-,迪丽热巴超话#迪丽热巴巴黎时装周# dlrb #迪奥全球品牌大使迪丽热巴# dlrb #迪奥二零二六春夏秀#什么是完美👉🏻【迪丽热巴】【出山即出圈】【引爆话题热度】【美神降临】💕💖💗@Dear-迪丽热巴 @DIOR迪奥迪丽热巴 | 巴黎时装周 | 迪奥全球品牌大使迪丽热巴｜迪奥二零二六春夏秀,https://m.weibo.cn/detail/5216709784896789
白日提灯贺思慕/女鬼鬼王记忆,post,1,粉丝点评/记忆表达明确,逸冰er_还是会想巴,#我的超话卡册##跨年抽卡集不停##非正式跨年派对##微博之夜# dlrb #迪丽热巴聂九罗# dlrb #枭起青壤#万神朝礼，役使雷霆。鬼妖丧胆，精怪亡形。黑巾猎枭军，没入风雨林。波云诡谲，枭鬼幽游，看刀家后人聂九罗@Dear-迪丽热巴 破局而出，杀出重围。预约 O明星作品上榜信息各种增加预约方法微博正文迪丽热巴 | 枭起青壤 | |慕胥辞 |聂九罗 | 贺思慕 | @Dear-迪丽热巴L枭起青壤官微的微博视频,https://m.weibo.cn/detail/5250051074428623
白日提灯贺思慕/女鬼鬼王记忆,post,1,粉丝点评/记忆表达明确,巴巴是个甜妹,#我的超话卡册##跨年抽卡集不停##非正式跨年派对##迪丽热巴 九重天##微博之夜# dlrb #迪丽热巴聂九罗# dlrb #枭起青壤#聂九罗的“疯”，是对抗黑暗的孤勇！！预约 O明星作品上榜信息各种增加预约方法微博正文迪丽热巴 | 枭起青壤 | |慕胥辞 |聂九罗 | 贺思慕 | @Dear-迪丽热巴L枭起青壤官微的微博视频,https://m.weibo.cn/detail/5250050512918606
白日提灯贺思慕/女鬼鬼王记忆,post,1,粉丝点评/记忆表达明确,巴巴是个甜妹,#我的超话卡册##跨年抽卡集不停##非正式跨年派对##微博之夜# dlrb #迪丽热巴聂九罗# dlrb #枭起青壤#万神朝礼，役使雷霆。鬼妖丧胆，精怪亡形。黑巾猎枭军，没入风雨林。波云诡谲，枭鬼幽游，看刀家后人聂九罗@Dear-迪丽热巴 破局而出，杀出重围。预约 O明星作品上榜信息各种增加预约方法微博正文迪丽热巴 | 枭起青壤 | |慕胥辞 |聂九罗 | 贺思慕 | @Dear-迪丽热巴L枭起青壤官微的微博视频,https://m.weibo.cn/detail/5250050495613675
枭起青壤/聂九罗表演突破,post,1,粉丝点评/记忆表达明确,开酒不喝车dd,迪丽热巴超话#迪丽热巴邓妍# dlrb #迪丽热巴利剑玫瑰#dlrb#迪丽热巴#想跟七七宝贝谈恋爱 真的好甜好可爱预约利剑玫瑰O利剑·玫瑰迪丽热巴 | 枭起青壤 | 利剑玫瑰 | 开始推理吧 | 聂九罗 | 邓妍@Dear-迪丽热巴L雪碧三分饱的微博视频 ​,https://m.weibo.cn/detail/5018122899688224
演员成长与角色群像评价,post,1,粉丝点评/记忆表达明确,关不住小迪,迪丽热巴超话 “我希望角色都有着更加丰盈的个性。虽然我自己并没有太多个性，但我倒希望有一天，大家会说，迪丽热巴其实是很有个性的演员。我不太想让自己成为一个圆圆球，那不适合做好一个演员。我希望自己是个三角形，或是长方形，或是正方形，我希望它是有形状的”——@Dear-迪丽热巴 ​,https://m.weibo.cn/detail/5018122865870893
李长歌与《长歌行》角色记忆,post,1,粉丝点评/记忆表达明确,dlrb-Atopos,迪丽热巴超话#迪丽热巴聂九罗# dlrb #迪丽热巴枭起青壤# dlrb #迪丽热巴#“我李长歌想在有生之年，得见盛世大唐”预约利剑玫瑰O利剑·玫瑰迪丽热巴 | 枭起青壤 | 利剑玫瑰 | 开始推理吧 | 聂九罗 | 邓妍@Dear-迪丽热巴L北纬五十四度追极光的微博视频 ​,https://m.weibo.cn/detail/5018122797190676
枭起青壤/聂九罗表演突破,post,1,粉丝点评/记忆表达明确,迪迪迪badada2,迪丽热巴超话#迪丽热巴腿环##迪丽热巴聂九罗# dlrb #迪丽热巴枭起青壤# dlrb #迪丽热巴#可爱又迷人的宝宝脸颊比心真迪甜 预约利剑玫瑰O利剑·玫瑰迪丽热巴 | 枭起青壤 | 利剑玫瑰 | 开始推理吧 | 聂九罗 | 邓妍@Dear-迪丽热巴LLimerence0603丨迪丽热巴的微博视频,https://m.weibo.cn/detail/5018121455013141
枭起青壤/聂九罗表演突破,post,1,粉丝点评/记忆表达明确,迪迪爱你5,迪丽热巴超话#迪丽热巴腿环##迪丽热巴聂九罗# dlrb #迪丽热巴枭起青壤# dlrb #迪丽热巴#一起来鉴赏纪云禾的各种“笑”同样是笑但迪丽热巴演出來每个笑都是拥有不同的情绪的笑令人甜到心坎里的甜笑，令人心疼的哭着笑，令人心寒的疯笑​​​预约利剑玫瑰O利剑·玫瑰迪丽热巴 | 枭起青壤 | 利剑玫瑰 | 开始推理吧 | 聂九罗 | 邓妍@Dear-迪丽热巴L溪宁不是西宁的微博视频,https://m.weibo.cn/detail/5018120628737433
枭起青壤/聂九罗表演突破,post,1,粉丝点评/记忆表达明确,迪迪爱你2,迪丽热巴超话#迪丽热巴腿环##迪丽热巴聂九罗# dlrb #迪丽热巴枭起青壤# dlrb #迪丽热巴#迪丽热巴纪云禾的每一场哭戏都是按当下剧情富有不同层次，不同情绪，笑着哭的，悲伤到极致的，泪水在眼框打转的，每一滴泪都令人共情。预约利剑玫瑰O利剑·玫瑰迪丽热巴 | 枭起青壤 | 利剑玫瑰 | 开始推理吧 | 聂九罗 | 邓妍@Dear-迪丽热巴L林一撸秃的猫的微博视频 ​,https://m.weibo.cn/detail/5018120265405594
枭起青壤/聂九罗表演突破,post,1,粉丝点评/记忆表达明确,没有任何一个选择能同时拥有一切,迪丽热巴超话#迪丽热巴枭起青壤# ​​​dlrb#迪丽热巴聂九罗#“偷偷见一面吧 就偷偷的 我想让你眼中只有我” 𝓢𝓮𝓬𝓻𝓮𝓽𝓵𝔂 𝓢𝓮𝓬𝓻𝓮𝓽𝓵𝔂 𝓘 𝔀𝓪𝓷𝓽 𝔂𝓸𝓾 𝓽𝓸 𝓼𝓮𝓮 𝓸𝓷𝓵𝔂 𝓶𝓮@Dear-迪丽热巴#迪丽热巴花儿与少年#dlrb#花儿与少年#｜迪丽热巴花儿与少年｜花儿与少年 @Dear-迪丽热巴,https://m.weibo.cn/detail/5018119401899295
枭起青壤/聂九罗表演突破,post,1,粉丝点评/记忆表达明确,热爱昶鹫,#和迪丽热巴邂逅夏天# dlrb#夏日青春派对# dlrb #迪丽热巴#迪丽热巴纪云禾的每一场哭戏都是按当下剧情富有不同层次，不同情绪，笑着哭的，悲伤到极致的，泪水在眼框打转的，每一滴泪都令人共情。预约枭起青壤O枭起青壤迪丽热巴 | 枭起青壤 | 利剑玫瑰 | 开始推理吧 | 聂九罗 | 邓妍@Dear-迪丽热巴L林一撸秃的猫的微博视频 ​,https://m.weibo.cn/detail/5051100217218132
枭起青壤/聂九罗表演突破,post,1,粉丝点评/记忆表达明确,热巴的小橘子皮,#和迪丽热巴邂逅夏天# dlrb#夏日青春派对# dlrb #迪丽热巴#迪丽热巴纪云禾的每一场哭戏都是按当下剧情富有不同层次，不同情绪，笑着哭的，悲伤到极致的，泪水在眼框打转的，每一滴泪都令人共情。预约枭起青壤O枭起青壤迪丽热巴 | 枭起青壤 | 利剑玫瑰 | 开始推理吧 | 聂九罗 | 邓妍@Dear-迪丽热巴L林一撸秃的猫的微博视频 ​,https://m.weibo.cn/detail/5051100136472975
枭起青壤/聂九罗表演突破,post,1,粉丝点评/记忆表达明确,badada丸子,#和迪丽热巴邂逅夏天# dlrb#夏日青春派对# dlrb #迪丽热巴#热巴和粉丝的双向奔赴预约枭起青壤O枭起青壤迪丽热巴 | 枭起青壤 | 利剑玫瑰 | 开始推理吧 | 聂九罗 | 邓妍@Dear-迪丽热巴L《利剑·玫瑰》迪丽热巴金世佳正义出鞘 ​,https://m.weibo.cn/detail/5051100124677997
枭起青壤/聂九罗表演突破,post,1,粉丝点评/记忆表达明确,Dear-辣辣巴,迪丽热巴超话#和迪丽热巴邂逅夏天# dlrb#夏日青春派对# dlrb #迪丽热巴#迪丽热巴💖爱丽丝！一生热爱，步履不停预约枭起青壤O枭起青壤迪丽热巴 | 枭起青壤 | 利剑玫瑰 | 开始推理吧 | 聂九罗 | 邓妍@Dear-迪丽热巴L们爱丽丝的微博视频 ​,https://m.weibo.cn/detail/5051100116552009
枭起青壤/聂九罗表演突破,post,1,粉丝点评/记忆表达明确,迪巴天天开心,#和迪丽热巴邂逅夏天# dlrb#夏日青春派对# dlrb #迪丽热巴#迪丽热巴纪云禾的每一场哭戏都是按当下剧情富有不同层次，不同情绪，笑着哭的，悲伤到极致的，泪水在眼框打转的，每一滴泪都令人共情。预约枭起青壤O枭起青壤迪丽热巴 | 枭起青壤 | 利剑玫瑰 | 开始推理吧 | 聂九罗 | 邓妍@Dear-迪丽热巴L林一撸秃的猫的微博视频 ​,https://m.weibo.cn/detail/5051100095578597
枭起青壤/聂九罗表演突破,post,1,粉丝点评/记忆表达明确,badada糖炒栗子,#和迪丽热巴邂逅夏天# dlrb#夏日青春派对# dlrb #迪丽热巴#我们新疆的石榴花明媚又自信预约枭起青壤O枭起青壤迪丽热巴 | 枭起青壤 | 利剑玫瑰 | 开始推理吧 | 聂九罗 | 邓妍@Dear-迪丽热巴L九方阙的微博视频 ​,https://m.weibo.cn/detail/5051100094529883
枭起青壤/聂九罗表演突破,post,1,粉丝点评/记忆表达明确,无限可能诶,迪丽热巴超话#和迪丽热巴邂逅夏天# dlrb#夏日青春派对# dlrb #迪丽热巴#起猛了！看见神女了！白发神女任安乐好美预约枭起青壤O枭起青壤迪丽热巴 | 枭起青壤 | 利剑玫瑰 | 开始推理吧 | 聂九罗 | 邓妍@Dear-迪丽热巴L枭起青壤官微的微博视频 ​,https://m.weibo.cn/detail/5051100088762676
枭起青壤/聂九罗表演突破,post,1,粉丝点评/记忆表达明确,Dear椿黛祎栀,迪丽热巴超话#迪丽热巴枭起青壤# dlrb#迪丽热巴聂九罗# 我比流言更早认识你 不为名利而来 不因流言而离开@Dear-迪丽热巴 ​,https://m.weibo.cn/detail/5051100086404281
枭起青壤/聂九罗表演突破,post,1,粉丝点评/记忆表达明确,爱旎0603,迪丽热巴超话#迪丽热巴聂九罗# dlrb #迪丽热巴枭起青壤# dlrb #迪丽热巴#没有人能逃过热巴的古装!看一眼就沦陷，演技好的美女谁能不爱啊预约枭起青壤O枭起青壤迪丽热巴 | 枭起青壤 | 利剑玫瑰 | 开始推理吧 | 聂九罗 | 邓妍@Dear-迪丽热巴 L枭起青壤官微的微博视频 ​,https://m.weibo.cn/detail/5051100082736692
枭起青壤/聂九罗表演突破,post,1,粉丝点评/记忆表达明确,迪迪卫李长歌,#迪丽热巴聂九罗# dlrb #迪丽热巴枭起青壤# dlrb #迪丽热巴#迪丽热巴这个抬眸一眼万年预约枭起青壤O枭起青壤迪丽热巴 | 枭起青壤 | 利剑玫瑰 | 开始推理吧 | 聂九罗 | 邓妍@Dear-迪丽热巴L草莓牛奶味的Haru的微博视频 ​,https://m.weibo.cn/detail/5051100070152923
白凤九与三生三世情怀,post,1,粉丝点评/记忆表达明确,玄踏青江,迪丽热巴超话迪丽热巴超话#超话星愿池##和迪丽热巴邂逅夏天# dlrb#夏日青春派对# dlrb #迪丽热巴#“我这段人生，看似很短实则很长”——阿兰若相里阿兰若和白凤九拥有一样的脸，但迪丽热巴演出了不一样的感觉和气质。预约枭起青壤O枭起青壤迪丽热巴 | 枭起青壤 | 利剑玫瑰 | 开始推理吧 | 聂九罗 | 邓妍@Dear-迪丽热巴L枭起青壤官微的微博视频,https://m.weibo.cn/detail/5051100063338189
白日提灯贺思慕/女鬼鬼王记忆,post,1,粉丝点评/记忆表达明确,ryeo赫海,迪丽热巴官方粉丝群超话#迪丽热巴聂九罗# dlrb #迪丽热巴枭起青壤# dlrb #迪丽热巴#低迷黄昏径，袅袅青栎道，月午树立影，一山惟白晓，南林昼多雾，青壤夜幽冥。跟随聂九罗@Dear-迪丽热巴 走青壤，探枭灵。预约O枭起青壤 ​​​ 迪丽热巴 | 枭起青壤 | 利剑玫瑰|慕胥辞 |聂九罗 | 邓妍 | 贺思慕 | @Dear-迪丽热巴L枭起青壤官微的微博视频,https://m.weibo.cn/detail/5051100056781299
枭起青壤/聂九罗表演突破,post,1,粉丝点评/记忆表达明确,ID小巴同学,#迪丽热巴枭起青壤#dlrb#迪丽热巴聂九罗#dlrb#和迪丽热巴邂逅夏天# “风吹幡动 是风动 还是幡动 风未动 幡亦未动 是我心动”@Dear-迪丽热巴 ​,https://m.weibo.cn/detail/5051100018773256
枭起青壤/聂九罗表演突破,post,1,粉丝点评/记忆表达明确,真迪很好看,#和迪丽热巴邂逅夏天# dlrb#夏日青春派对# dlrb #迪丽热巴#纪云禾你若能抉择来世的命运 愿你能够自由来去预约枭起青壤O枭起青壤迪丽热巴 | 枭起青壤 | 利剑玫瑰 | 开始推理吧 | 聂九罗 | 邓妍@Dear-迪丽热巴L们爱丽丝的微博视频 ​,https://m.weibo.cn/detail/5051099998324106
白日提灯贺思慕/女鬼鬼王记忆,post,1,粉丝点评/记忆表达明确,用户6301430981,迪丽热巴超话#迪丽热巴贺思慕##迪丽热巴枭起青壤##和迪丽热巴邂逅夏天# 小时候的快乐和烦恼都很纯粹，记忆中也确实拥有过极致的快乐，让我希望能回到那个时候。不过一切顺其自然长到现在，我觉得都挺好。”——@Dear-迪丽热巴 ​,https://m.weibo.cn/detail/5051099990198334
枭起青壤/聂九罗表演突破,post,1,粉丝点评/记忆表达明确,卡酷巴-2,迪丽热巴超话#和迪丽热巴邂逅夏天# dlrb#夏日青春派对# dlrb #迪丽热巴#i甜妹请这里集合不能错过可爱小巴的甜甜合集预约枭起青壤O枭起青壤迪丽热巴 | 枭起青壤 | 利剑玫瑰 | 开始推理吧 | 聂九罗 | 邓妍@Dear-迪丽热巴L袖青筝的微博视频 ​,https://m.weibo.cn/detail/5051099985482659
白日提灯贺思慕/女鬼鬼王记忆,post,1,粉丝点评/记忆表达明确,热巴的小橘子皮,#迪丽热巴聂九罗# dlrb #迪丽热巴枭起青壤# dlrb #迪丽热巴#时尚前沿雕塑家，睡衣富翁聂九罗@Dear-迪丽热巴 ，文能高雅艺术，武能辣手催枭，独居三合院，全能颜值高，你们让一让，我先结个婚。预约O枭起青壤 ​​​ 迪丽热巴 | 枭起青壤 | 利剑玫瑰|慕胥辞 |聂九罗 | 邓妍 | 贺思慕 | @Dear-迪丽热巴L枭起青壤官微的微博视频,https://m.weibo.cn/detail/5051099985744829
枭起青壤/聂九罗表演突破,post,1,粉丝点评/记忆表达明确,hello小胖迪,#和迪丽热巴邂逅夏天# dlrb#夏日青春派对# dlrb #迪丽热巴#我们凤九小殿下梨花带雨的三叩首哭戏，太虐心了😭😭😭预约枭起青壤O枭起青壤迪丽热巴 | 枭起青壤 | 利剑玫瑰 | 开始推理吧 | 聂九罗 | 邓妍@Dear-迪丽热巴L雪碧三分饱的微博视频 ​,https://m.weibo.cn/detail/5051099901335631
枭起青壤/聂九罗表演突破,post,1,粉丝点评/记忆表达明确,奶迪吃水果,#和迪丽热巴邂逅夏天# dlrb#夏日青春派对# dlrb #迪丽热巴#喜欢纪云禾甜甜的笑预约枭起青壤O枭起青壤迪丽热巴 | 枭起青壤 | 利剑玫瑰 | 开始推理吧 | 聂九罗 | 邓妍@Dear-迪丽热巴L鸭鸭不吃糖噢_的微博视频 ​,https://m.weibo.cn/detail/5051099817709727
任安乐/帝梓元角色记忆,post,1,粉丝点评/记忆表达明确,妹妹的假面骑士啥时候看完,#和迪丽热巴邂逅夏天# dlrb#夏日青春派对# dlrb #迪丽热巴#每次下雪对帝梓元来说都是难熬的帝梓元（任安乐）每一次落泪都令人很心疼预约枭起青壤O枭起青壤迪丽热巴 | 枭起青壤 | 利剑玫瑰 | 开始推理吧 | 聂九罗 | 邓妍@Dear-迪丽热巴L枭起青壤官微的微博视频 ​,https://m.weibo.cn/detail/5051099805651694
枭起青壤/聂九罗表演突破,post,1,粉丝点评/记忆表达明确,虞闽豫,迪丽热巴超话#和迪丽热巴邂逅夏天# dlrb#夏日青春派对# dlrb #迪丽热巴#未来很长，我们只会变得更强预约枭起青壤O枭起青壤迪丽热巴 | 枭起青壤 | 利剑玫瑰 | 开始推理吧 | 聂九罗 | 邓妍@Dear-迪丽热巴L枭起青壤官微的微博视频 ​,https://m.weibo.cn/detail/5051099749025717
枭起青壤/聂九罗表演突破,post,1,粉丝点评/记忆表达明确,聆枫序旧巷,迪丽热巴超话#和迪丽热巴邂逅夏天# dlrb#夏日青春派对# dlrb #迪丽热巴#i甜妹请这里集合不能错过可爱小巴的甜甜合集预约枭起青壤O枭起青壤迪丽热巴 | 枭起青壤 | 利剑玫瑰 | 开始推理吧 | 聂九罗 | 邓妍@Dear-迪丽热巴L袖青筝的微博视频 ​,https://m.weibo.cn/detail/5051099633418888
白日提灯贺思慕/女鬼鬼王记忆,post,1,粉丝点评/记忆表达明确,ryeo赫海,迪丽热巴官方粉丝群超话#迪丽热巴聂九罗# dlrb #迪丽热巴枭起青壤# dlrb #迪丽热巴#低迷黄昏径，袅袅青栎道，月午树立影，一山惟白晓，南林昼多雾，青壤夜幽冥。跟随聂九罗@Dear-迪丽热巴 走青壤，探枭灵。预约O枭起青壤 ​​​ 迪丽热巴 | 枭起青壤 | 利剑玫瑰|慕胥辞 |聂九罗 | 邓妍 | 贺思慕 | @Dear-迪丽热巴L枭起青壤官微的微博视频,https://m.weibo.cn/detail/5051099461194276
枭起青壤/聂九罗表演突破,post,1,粉丝点评/记忆表达明确,爱迪1728,迪丽热巴超话#和迪丽热巴邂逅夏天# dlrb#夏日青春派对# dlrb #迪丽热巴#如果以后有风会吹动我的头发，我知道是你（纪云禾）来看我了——@Dear-迪丽热巴纪云禾的每一滴泪，每一个笑，我们会永远记得预约枭起青壤O枭起青壤迪丽热巴 | 枭起青壤 | 利剑玫瑰 | 开始推理吧 | 聂九罗 | 邓妍@Dear-迪丽热巴 L枭起青壤官微的微博视频,https://m.weibo.cn/detail/5051099392248460
枭起青壤/聂九罗表演突破,post,1,粉丝点评/记忆表达明确,可爱报豹,#和迪丽热巴邂逅夏天# dlrb#夏日青春派对# dlrb #迪丽热巴#如果以后有风会吹动我的头发，我知道是你（纪云禾）来看我了——@Dear-迪丽热巴纪云禾的每一滴泪，每一个笑，我们会永远记得预约枭起青壤O枭起青壤迪丽热巴 | 枭起青壤 | 利剑玫瑰 | 开始推理吧 | 聂九罗 | 邓妍@Dear-迪丽热巴 L枭起青壤官微的微博视频,https://m.weibo.cn/detail/5051099165757893
白日提灯贺思慕/女鬼鬼王记忆,post,1,粉丝点评/记忆表达明确,别抢我番茄鱼,迪丽热巴超话#迪丽热巴条纹毛衣搭花苞裙##迪丽热巴# dlrb #迪丽热巴邓妍# dlrb #迪丽热巴利剑玫瑰#来考古小奶迪甜妹安珀好甜好可爱预约利剑玫瑰O利剑·玫瑰迪丽热巴 | 枭起青壤 | 利剑玫瑰|慕胥辞 |聂九罗 | 邓妍 | 贺思慕 | @Dear-迪丽热巴L《利剑·玫瑰》迪丽热巴金世佳正义出鞘 ​,https://m.weibo.cn/detail/5084439896395959
枭起青壤/聂九罗表演突破,post,1,粉丝点评/记忆表达明确,迪鹿y,#迪丽热巴枭起青壤# dlrb#迪丽热巴聂九罗# dlrb#迪丽热巴# 你的眸是深情的海，满山的花，堕落了我所有的温情。@Dear-迪丽热巴 ​,https://m.weibo.cn/detail/5084439894036556
枭起青壤/聂九罗表演突破,post,1,粉丝点评/记忆表达明确,咩咩画报,"迪丽热巴超话#迪丽热巴聂九罗# dlrb#迪丽热巴枭起青壤# 在这个利欲熏心冷暖自知的年代遇见你是我意想不到的美好𝒴𝑜𝓊 𝒶𝓂 𝑜𝒻𝓁𝒾𝑔𝒽𝓉, 𝐼 𝓌𝒾𝓁𝓁 𝒶𝓁𝓌𝒶𝓎𝓈 𝓂𝑜𝓋𝑒 𝒻𝑜𝓇 𝓎.@Dear-迪丽热巴 ​",https://m.weibo.cn/detail/5084439840818778
演员成长与角色群像评价,post,1,粉丝点评/记忆表达明确,春夜洛迪,“我觉得我最好的年纪不是18岁，不是25岁，而是能独立思考的每一个当下。我觉得一个演员最好的时候不是最当红的时候，而是头脑和演技准备好的时候”——@Dear-迪丽热巴,https://m.weibo.cn/detail/5084439830857695
任安乐/帝梓元角色记忆,post,1,粉丝点评/记忆表达明确,稞树蒽啦,"迪丽热巴超话#迪丽热巴登人民日报宣传片##迪丽热巴蝴蝶结马尾辫# dlrb＂你就是我的那束光，我永远都会为你心动.＂𝒴𝑜𝓊 𝒶𝓇𝑒 𝓂𝓎 𝒷𝑒𝒶𝓂 𝑜𝒻 𝓁𝒾𝑔𝒽𝓉, 𝐼 𝓌𝒾𝓁𝓁 𝒶𝓁𝓌𝒶𝓎𝓈 𝓂𝑜𝓋𝑒 𝒻𝑜𝓇 𝓎.#枭起青壤# dlrb#聂九罗#安乐传|任安乐|帝梓元|枭起青壤|利剑玫瑰|聂九罗|邓妍@Dear-迪丽热巴",https://m.weibo.cn/detail/5084439749333023
白日提灯贺思慕/女鬼鬼王记忆,post,1,粉丝点评/记忆表达明确,我是小昕a,迪丽热巴超话#迪丽热巴# dlrb #迪丽热巴贺思慕# dlrb #迪丽热巴慕胥辞#如果以后有风会吹动我的头发，我知道是你（纪云禾）来看我了——@Dear-迪丽热巴纪云禾的每一滴泪，每一个笑，我们会永远记得预约慕胥辞O白日提灯迪丽热巴 | 枭起青壤 | 利剑玫瑰|慕胥辞 |聂九罗 | 邓妍 | 贺思慕 | @Dear-迪丽热巴 L网剧慕胥辞的微博视频,https://m.weibo.cn/detail/5084439484826977
枭起青壤/聂九罗表演突破,post,1,粉丝点评/记忆表达明确,迪言语提,迪丽热巴超话#迪丽热巴聂九罗# dlrb #迪丽热巴枭起青壤# dlrb #迪丽热巴# 荤素不忌艺术家，专治不服聂九罗@Dear-迪丽热巴“男人30岁才刚刚开始，那凭什么女孩30岁就必须是一个剩女？或者是必须要处于一个代嫁状态，我不会觉得这是一件就是，就是一定要给女生女性框框子的一个事情。”——迪丽热巴,https://m.weibo.cn/detail/5084438888973479
白日提灯贺思慕/女鬼鬼王记忆,post,1,粉丝点评/记忆表达明确,Dear-巷角有个甜品店,迪丽热巴超话#迪丽热巴# dlrb #给迪丽热巴的年终告白# dlrb #我担夸夸时间到# 你好任安乐😍我是来当寨主夫人的预约慕胥辞O白日提灯迪丽热巴 | 枭起青壤 | 利剑玫瑰|慕胥辞 |聂九罗 | 邓妍 | 贺思慕 | @Dear-迪丽热巴L港岛夜游的微博视频 ​,https://m.weibo.cn/detail/5117779496412972
白日提灯贺思慕/女鬼鬼王记忆,post,1,粉丝点评/记忆表达明确,Dear-巷角有个甜品店,迪丽热巴超话#迪丽热巴# dlrb #给迪丽热巴的年终告白# dlrb #我担夸夸时间到# 安乐在[全力以赴]解百忧～希望我们都“任他清风明月，我自安康常乐乐乐乐乐乐” 预约慕胥辞O白日提灯迪丽热巴 | 枭起青壤 | 利剑玫瑰|慕胥辞 |聂九罗 | 邓妍 | 贺思慕 | @Dear-迪丽热巴L网剧慕胥辞的微博视频,https://m.weibo.cn/detail/5117779430874336
白日提灯贺思慕/女鬼鬼王记忆,post,1,粉丝点评/记忆表达明确,i人小美---,#2024道个别#微风轻拂，阳光微暖，山河如梦，你入我心。@Dear-迪丽热巴#迪丽热巴# dlrb #迪丽热巴邓妍# dlrb #迪丽热巴利剑玫瑰#邓妍警官向黑暗地带出剑的每一步，都是为了让他们离团圆更进一步。预约O利剑·玫瑰 ​​​ 迪丽热巴 | 枭起青壤 | 利剑玫瑰|慕胥辞 |聂九罗 | 邓妍 | 贺思慕 | @Dear-迪丽热巴 L《利剑·玫瑰》迪丽热巴金世佳正义出鞘,https://m.weibo.cn/detail/5117779202021302
白日提灯贺思慕/女鬼鬼王记忆,post,1,粉丝点评/记忆表达明确,面包脑袋-巴巴,#迪丽热巴聂九罗# dlrb #迪丽热巴枭起青壤# dlrb #迪丽热巴#时尚前沿雕塑家，睡衣富翁聂九罗@Dear-迪丽热巴 ，文能高雅艺术，武能辣手催枭，独居三合院，全能颜值高，你们让一让，我先结个婚。预约O枭起青壤 ​​​ 迪丽热巴 | 枭起青壤 | 利剑玫瑰|慕胥辞 |聂九罗 | 邓妍 | 贺思慕 | @Dear-迪丽热巴L枭起青壤官微的微博视频,https://m.weibo.cn/detail/5117779193894610
任安乐/帝梓元角色记忆,post,1,粉丝点评/记忆表达明确,迪恩亭,#迪丽热巴公诉#dlrb#迪丽热巴安旎#@Dear-迪丽热巴 眼神戏好好啊，看着她的眼睛就会入戏!迪丽热巴公诉|安旎|迪丽热巴安乐传|任安乐|帝梓元 @Dear-迪丽热巴 ​,https://m.weibo.cn/detail/4885488688961910
任安乐/帝梓元角色记忆,post,1,粉丝点评/记忆表达明确,叼着棒棒糖闯天下a,#迪丽热巴#dlrb#迪丽热巴安乐传#电视剧安乐传超话 “你是帝家后人， 就该有当年帝家家主翻云覆雨的魄力” 看@Dear-迪丽热巴 饰演的任安乐/帝梓元如何翻云覆雨，我可真是太期待大女主任安乐啦，迪丽热巴古装永远的神！！迪丽热巴安乐传｜任安乐|帝梓元|迪丽热巴公诉精英|安旎 @Dear-迪丽热巴L九方阙的微博视频,https://m.weibo.cn/detail/4885487137849368
演员成长与角色群像评价,post,1,粉丝点评/记忆表达明确,夕夕姐姐看脸,#夕夕的变美课堂#杨幂眼光真差？？力捧小花被骂矫情～杨幂眼光真差？？力捧小花被骂矫情~在《演员请就位2》zui新节目中，杨幂旗下前艺人李溪芮，出演了《小时代》。李溪芮因忘记台词而愧疚落泪，被赵薇直言有点矫情李溪芮和迪丽热巴是同期杨幂力捧的新人，热巴已成圈内顶流，而李溪芮一直不温不火·如今李溪芮已经31岁了肌肤状态还不如34岁的杨幂离开美颜和滤镜的她：毛孔粗大、苹果肌下垂、眼袋泪沟明显、皮肤松弛、法令纹严重…以上都是显老元凶，宝宝们可以对,https://m.weibo.cn/detail/4885478228624202
任安乐/帝梓元角色记忆,post,1,粉丝点评/记忆表达明确,亭惊溯初,迪丽热巴超话#迪丽热巴微博之夜发型拆解#dlrb #迪丽热巴公诉# 🦋“你是我永远无法用语言描述的心动”𝐘𝐨𝐮 𝐚𝐫𝐞 𝐦𝐲 𝐡𝐞𝐚𝐫𝐭 𝐭𝐡𝐚𝐭 𝐈 𝐜𝐚𝐧 𝐧𝐞𝐯𝐞𝐫 𝐝𝐞𝐬𝐜𝐫𝐢𝐛𝐞 𝐢𝐧 𝐰𝐨𝐫𝐝𝐬.@Dear-迪丽热巴 迪丽热巴公诉|安旎|迪丽热巴安乐传|任安乐|帝梓元@Dear-迪丽热巴 #迪丽热巴公诉#dlrb#迪丽热巴安旎#,https://m.weibo.cn/detail/4885477541020231
任安乐/帝梓元角色记忆,post,1,粉丝点评/记忆表达明确,亭惊溯初,迪丽热巴超话#迪丽热巴新剧公诉精英改名# dlrb#迪丽热巴公诉#故事很长 我长话短说 我喜欢你。 𝓘𝓉'𝓈 𝒶 𝓁𝓸𝓃𝓰 𝓈𝓉𝓸𝓇𝓎. 𝓘'𝓁𝓁 𝓂𝒶𝓀𝓮 𝒾𝓉 𝓈𝒽𝓸𝓇𝓉. 𝓘 𝓁𝒾𝓀𝓮 𝓎𝓊.@Dear-迪丽热巴 迪丽热巴公诉|安旎|迪丽热巴安乐传|任安乐|帝梓元@Dear-迪丽热巴 #迪丽热巴公诉#dlrb#迪丽热巴安旎#,https://m.weibo.cn/detail/4885476420884941
任安乐/帝梓元角色记忆,post,1,粉丝点评/记忆表达明确,他总叫我笨蛋,#迪丽热巴微博之夜发型拆解# dlrb#迪丽热巴新剧公诉精英改名# 就算是风也刮不走我对你的思念 𝐸𝓋𝑒𝓃 𝓉𝒽𝑒 𝓌𝒾𝓃𝒹 𝒸𝒶𝓃'𝓉 𝒷𝓁𝑜𝓌 𝒶𝓌𝒶𝓎 𝓂𝓎 𝓂𝒾𝓈𝓈𝒾𝓃𝑔 𝒻𝑜𝓇𝓎𝑜𝓊@Dear-迪丽热巴 迪丽热巴公诉精英|安旎|迪丽热巴安乐传|任安乐|帝梓元@Dear-迪丽热巴 #迪丽热巴公诉精英#dlrb#迪丽热巴安旎# ​,https://m.weibo.cn/detail/4885476340666550
任安乐/帝梓元角色记忆,post,1,粉丝点评/记忆表达明确,亭惊溯初,迪丽热巴超话#迪丽热巴素色西服#dlrb #迪丽热巴公诉# 海的那边就是海 我的心里也是.𝐴𝑛𝑦 𝑠𝘩𝑖𝑝 𝑤𝑖𝑡𝘩𝑜𝑢𝑡 𝑑𝑖𝑟𝑒𝑐𝑡𝑖𝑜𝑛 𝑖𝑠 𝑎𝑔𝑎𝑖𝑛𝑠𝑡 𝑡𝘩 𝑤𝑖𝑛𝑑.@Dear-迪丽热巴迪丽热巴公诉|安旎|迪丽热巴安乐传|任安乐|帝梓元@Dear-迪丽热巴 #迪丽热巴公诉#dlrb#迪丽热巴安旎#,https://m.weibo.cn/detail/4885476223486891
嘻嘻迪/表情包/可爱梗,post,1,粉丝点评/记忆表达明确,L相信巴,"#迪丽热巴饭制表情包大赛# dlrb #微博春日星市集#“故事很简单，遇上你，喜欢你，爱上你” “𝒯𝒽𝓮 𝓈𝓉𝓸𝓇𝓎 𝒾𝓈 𝓋𝓮𝓇𝓎 𝓈𝒾𝓂𝓅𝓁𝓮, 𝓂𝓮𝓮𝓉 𝓎𝓸𝓊, 𝓁𝒾𝓀𝓮 𝓎𝓸𝓊, 𝓁𝓸𝓋𝓮 𝓎𝓸𝓊.” ​@Dear-迪丽热巴",https://m.weibo.cn/detail/4885472109399131
任安乐/帝梓元角色记忆,post,1,粉丝点评/记忆表达明确,亭惊溯初,迪丽热巴超话#迪丽热巴微博之夜发型拆解#dlrb #迪丽热巴公诉# 你是藏在我心里的永生花，不败不凋，经久不息𝓨𝓸𝓾 𝓪𝓻𝓮 𝓪𝓷 𝓲𝓶𝓶𝓸𝓻𝓽𝓪𝓵 𝓯𝓵𝓸𝔀𝓮𝓻 𝓱𝓲𝓭𝓭𝓮𝓷 𝓲𝓷 𝓶𝔂 𝓱𝓮𝓪𝓻𝓽.@Dear-迪丽热巴迪丽热巴公诉|安旎|迪丽热巴安乐传|任安乐|帝梓元@Dear-迪丽热巴 #迪丽热巴公诉#dlrb#迪丽热巴安旎#,https://m.weibo.cn/detail/4885471929568034
任安乐/帝梓元角色记忆,post,1,粉丝点评/记忆表达明确,亭惊溯初,迪丽热巴超话#迪丽热巴饭制表情包大赛# dlrb#微博春日星市集# 视频有暂停键 我对你的爱意没有 让爱延续下去 𝓣𝓱𝓮 𝓿𝓲𝓭𝓮𝓸 𝓱𝓪𝓼 𝓪 𝓹𝓪𝓾𝓼𝓮 𝓫𝓾𝓽𝓽𝓸𝓷 𝓜𝔂 𝓵𝓸𝓿𝓮 𝓯𝓸𝓻 𝔂𝓸𝓾 𝓭𝓸𝓮𝓼𝓷 𝓽 𝓴𝓮𝓮𝓹 𝓲𝓽 𝓰𝓸𝓲𝓷𝓰@Dear-迪丽热巴迪丽热巴公诉|安旎|迪丽热巴安乐传|任安乐|帝梓元@Dear-迪丽热巴 #迪丽热巴公诉#dlrb#迪丽热巴安旎#,https://m.weibo.cn/detail/4885471735843367
任安乐/帝梓元角色记忆,post,1,粉丝点评/记忆表达明确,半块烤面包-,"#迪丽热巴任安乐# dlrb#迪丽热巴安乐传# “追随光 我对你的爱意永远热烈真诚” ""𝓕𝓸𝓵𝓵𝓸𝔀 𝓽𝓱𝓮 𝓵𝓲𝓰𝓱𝓽 𝓶𝔂 𝓵𝓸𝓿𝓮 𝓯𝓸𝓻 𝔂𝓸𝓾 𝔀𝓲𝓵𝓵 𝓪𝓵𝔀𝓪𝔂𝓼 𝓫𝓮 𝔀𝓪𝓻𝓶 𝓪𝓷𝓭 𝓼𝓲𝓷𝓬𝓮𝓻𝓮""@Dear-迪丽热巴",https://m.weibo.cn/detail/4885471249567943
任安乐/帝梓元角色记忆,post,1,粉丝点评/记忆表达明确,心动迪崽吖,"迪丽热巴超话#与迪丽热巴共赴微博之夜#dlrb#迪丽热巴微博之夜# dlrb#迪丽热巴微博之夜发型拆解# 野草无法去挑玫瑰的刺 因为玫瑰本身也就带刺,我的迪丽热巴一直走在前进的路上,迪丽热巴在闪闪发光的同时也要平平安安。@Dear-迪丽热巴迪丽热巴公诉精英|安旎|迪丽热巴安乐传|任安乐|帝梓元 #迪丽热巴公诉精英#dlrb#迪丽热巴安旎#迪丽热巴安乐传|任安乐|迪丽热巴帝梓元|迪丽热巴公诉精英|安旎 #迪丽热巴安乐传#dlrb#迪丽热",https://m.weibo.cn/detail/4885469576561766
嘻嘻迪/表情包/可爱梗,post,1,粉丝点评/记忆表达明确,-两滴泪,#迪丽热巴饭制表情包大赛#dlrb#微博春日星市集#等日落西山，等冬去春来，等尘埃落定“𝓓𝓮𝓷𝓰𝓵𝓾𝓸𝓻𝓲𝔁𝓲𝓼𝓱𝓪𝓷𝓭𝓮𝓷𝓰𝓭𝓸𝓫𝓰𝓺𝓾𝓬𝓱𝓾𝓷𝓵𝓪𝓭𝓮𝓷𝓰𝓬𝓱𝓮𝓷𝓯𝓮𝓷𝓰𝓵𝓾𝓸𝓭𝓲𝓲”@Dear-迪丽热巴,https://m.weibo.cn/detail/4885464479439171
嘻嘻迪/表情包/可爱梗,post,1,粉丝点评/记忆表达明确,-两滴泪,"#迪丽热巴饭制表情包大赛#dlrb#微博春日星市集#“偷喝梨花雪酿的酒，好似窥见烟火人间处的你” ""𝓢𝓽𝓮𝓪𝓵𝓲𝓷𝓰 𝓽𝓱𝓮 𝔀𝓲𝓷𝓮 𝓫𝓻𝓮𝔀𝓮𝓭 𝓫𝔂 𝓹𝓮𝓪𝓻 𝓯𝓵𝓸𝔀𝓮𝓻 𝓼𝓷𝓸𝔀 𝓲𝓼 𝓵𝓲𝓴𝓮 𝓹𝓮𝓮𝓹𝓲𝓷𝓰 𝓪𝓻𝓴𝓼 𝔀𝓸𝓻𝓵𝓭.""@Dear-迪丽热巴",https://m.weibo.cn/detail/4885464203664697
任安乐/帝梓元角色记忆,post,1,粉丝点评/记忆表达明确,偏爱小迪王子,迪丽热巴超话#迪丽热巴微博之夜发型拆解# dlrb#迪丽热巴饭制表情包大赛# “她是新疆西域大沙漠里的一朵玫瑰，经过十多年的奋斗，她终于要开花了”“玫瑰绽放，逆风翻盘”@Dear-迪丽热巴#迪奥品牌大使迪丽热巴#迪奥品牌大使迪丽热巴#迪丽热巴安旎#迪丽热巴安旎@Dear-迪丽热巴迪丽热巴公诉|迪丽热巴安旎|迪丽热巴安乐传|迪丽热巴任安乐|迪丽热巴帝梓元 @Dear-迪丽热巴 #迪丽热巴#dlrb#迪丽热巴安旎#dlrb#迪丽热巴公诉#,https://m.weibo.cn/detail/4885459433953809
任安乐/帝梓元角色记忆,post,1,粉丝点评/记忆表达明确,栀妤赴提,迪丽热巴超话#迪丽热巴公诉#dlrb#迪丽热巴安旎#电视剧安乐传超话 “你是帝家后人， 就该有当年帝家家主翻云覆雨的魄力” 看@Dear-迪丽热巴 饰演的任安乐/帝梓元如何翻云覆雨，我可真是太期待大女主任安乐啦，迪丽热巴古装永远的神！！迪丽热巴安乐传|任安乐|帝梓元|迪丽热巴公诉|安旎 @Dear-迪丽热巴L九方阙的微博视频,https://m.weibo.cn/detail/4885457106371584
红毯神图与高定封神造型,post,1,粉丝点评/记忆表达明确,四季弥漫专属迪的热爱屋,晚上好~欢迎收看巴神美貌名场面☞‖玫瑰庄园的公主🌹🌹🌹‖复古名伶💗💗💗‖经典优雅赫本黑裙👗👗👗点地成毯𝙂𝙤𝙡𝙙𝙚𝙣 𝙇𝙚𝙜𝙚𝙣𝙙💖💖💖‖摇曳生姿花仙子🧚🏻🧚🏻🧚🏻‖惊艳四座娇艳美人鱼💖💖💖【迪丽热巴美神降临】🎊🎊🎊,https://m.weibo.cn/detail/4885452618732144
任安乐/帝梓元角色记忆,post,1,粉丝点评/记忆表达明确,森林中的银杏叶,迪丽热巴超话推荐一波我们小公主的新剧，大家约起来#迪丽热巴微博之夜发型拆解##迪丽热巴饭制表情包大赛#电视剧安乐传超话胸怀家国，兼济天下，君重不如国，国重不如民，💕期待@Dear-迪丽热巴 演绎的任安乐💕同舟共济，检护明天，传承红色基因，赓续红色血脉，提升综合素质，检察官安旎 @Dear-迪丽热巴 将落实司法方针，打击网络犯罪，震慑不法行为。,https://m.weibo.cn/detail/4885450868921347
李长歌与《长歌行》角色记忆,post,1,粉丝点评/记忆表达明确,妄提向春,"#迪丽热巴新剧公诉精英改名# dlrb#长歌行播出两周年了# “在遥远的追梦途中 你成为了我的光”“𝓘𝓷 𝓽𝓱𝓮 𝓭𝓲𝓼𝓽𝓪𝓷𝓽 𝓹𝓾𝓻𝓼𝓾𝓲𝓽 𝓸𝓯 𝓭𝓻𝓮𝓪𝓶𝓼, 𝔂𝓸𝓾 𝓫𝓮𝓬𝓪𝓶𝓮 𝓶𝔂 𝓵𝓲𝓰𝓱@Dear-迪丽热巴",https://m.weibo.cn/detail/4885450415676131
李长歌与《长歌行》角色记忆,post,1,粉丝点评/记忆表达明确,不名孤枝_,#长歌行播出两周年了#不知不觉已经两周年了从长歌行完全粉上迪丽热巴的，当时就很喜欢看古偶片 ，但大部分就是女主有点白莲，但是李长歌真就杀出了一股清流直入我心就真的很喜欢李长歌那种有理智头脑，酷飒的人物形象，不矫情但又很细节，生动n刷李长歌还是不会倦“希望自己能越来越成熟，就像长歌的转变一样。”——@Dear-迪丽热巴,https://m.weibo.cn/detail/4885447169283112
红毯神图与高定封神造型,post,1,粉丝点评/记忆表达明确,宇宙第一无敌旋风七彩蹦迪大蟑螂,迪丽热巴超话欢迎收看巴神美貌名场面☞‖玫瑰庄园的公主🌹🌹🌹‖复古名伶💗💗💗‖经典优雅赫本黑裙👗👗👗点地成毯𝙂𝙤𝙡𝙙𝙚𝙣 𝙇𝙚𝙜𝙚𝙣𝙙💖💖💖‖摇曳生姿花仙子🧚🏻🧚🏻🧚🏻‖惊艳四座娇艳美人鱼💖💖💖【迪丽热巴美神降临】🎊🎊🎊,https://m.weibo.cn/detail/4885442711782408
纪云禾与鲛人系角色记忆,post,1,粉丝点评/记忆表达明确,独属于巴巴的臭蛋麻薯香香哒,#迪丽热巴微博之夜发型拆解#美女姐姐贴贴，美女姐姐继续努力，美女姐姐好好生活，美女姐姐好好爱自己，美女姐姐出圈圈，美女姐姐接好戏，美女姐姐搭档好搭档，美女姐姐真的好爱你啊！美女姐姐美爆了！美女姐姐，我真的好爱啊，怎么办啊！美女姐姐三观好正，美女姐姐对品牌的解释好好！美女姐姐让我再爱你一万年！美女姐姐长歌行两周年快乐！美女姐姐继续保持初心！美女姐姐与君初相识好好看！纪云禾超级好看！,https://m.weibo.cn/detail/4885436059882010
任安乐/帝梓元角色记忆,post,1,粉丝点评/记忆表达明确,许桉迪,#迪丽热巴新剧公诉精英改名##长歌行播出两周年了##公诉#“三四年前我说过想要做一个有棱角的人，因为我是一个没那么‘个性’、比较乖顺的，我觉得如果你想要成为一个演员，你得是一个‘个性’突出的人。”——@Dear-迪丽热巴迪丽热巴公诉|迪丽热巴安旎|迪丽热巴安乐传|迪丽热巴任安乐|迪丽热巴帝梓元@Dear-迪丽热巴,https://m.weibo.cn/detail/4885426693214176
任安乐/帝梓元角色记忆,post,1,粉丝点评/记忆表达明确,Dear-关小迪_,#迪丽热巴任安乐# dlrb#迪丽热巴安乐传#“每一天我都感觉像是拍戏的第一天 ，充满了新鲜感 ；每一天我都面临着诸多挑战 ，不管是整理案卷，做庭前准备 ，还是审理案件 ；每一天我都很开心 ，虽然那些法律条文有点陌生 ，学起来并不容易 ，但是就让我有了一股拼劲 ，就是不管了，豁出去了，我要往前冲了。 ”——@Dear-迪丽热巴,https://m.weibo.cn/detail/4885423216661855
任安乐/帝梓元角色记忆,post,1,粉丝点评/记忆表达明确,荔枝味的酸奶疙瘩,迪丽热巴超话#迪丽热巴公诉#dlrb#迪丽热巴安旎#电视剧安乐传超话 “你是帝家后人， 就该有当年帝家家主翻云覆雨的魄力” 看@Dear-迪丽热巴 饰演的任安乐/帝梓元如何翻云覆雨，我可真是太期待大女主任安乐啦，迪丽热巴古装永远的神！！迪丽热巴安乐传|任安乐|帝梓元|迪丽热巴公诉|安旎 @Dear-迪丽热巴L九方阙的微博视频,https://m.weibo.cn/detail/4885423027916004
任安乐/帝梓元角色记忆,post,1,粉丝点评/记忆表达明确,光束一夜黑bada,迪丽热巴超话#迪丽热巴安乐传#dlrb#迪丽热巴任安乐#dlrb#迪丽热巴新剧公诉精英改名# dlrb#公诉# dlrb#长歌行播出两周年了# dlrb“我觉得我最好的年纪不是18岁，不是25岁，而是能独立思考的每一个当下。我觉得一个演员最好的时候不是最当红的时候，而是头脑和演技准备好的时候”——@Dear-迪丽热巴迪丽热巴公诉精英|迪丽热巴安旎|迪丽热巴安乐传|迪丽热巴任安乐|迪丽热巴帝梓元@Dear-迪丽热巴,https://m.weibo.cn/detail/4885421915902910
演员成长与角色群像评价,post,1,粉丝点评/记忆表达明确,紫飘悠絮186,迪丽热巴超话#迪丽热巴公诉豆瓣开分6.6# 真的太低了，良心好剧，公诉是一部很有价值和意义的剧，聚焦时事热点，剧情紧凑不拖沓，全员演技在线，热巴演技台词在线，表现得很好，公诉展示了执法人员背后的努力，很好的剧，只要有一个人看到公诉，提高警惕，增加了防骗知识，这就是公诉的意义，公诉值得被更多人看到，希望大家打破偏见，自己去感受一下公诉，安旎这个角色让我们看到了热巴的进步，期待演员迪丽热巴，期待安乐传&利剑玫瑰,https://m.weibo.cn/detail/4918466131527549
生日生贺与小小迪陪伴记忆,post,1,粉丝点评/记忆表达明确,Dear-苏卿卿,#迪丽热巴0603生日快乐# dlrb#热巴与小小迪的超时空生日派对# “从年少的心动持续到现在，再到未来的某个瞬间，我都只爱你” @Dear-迪丽热巴 ​,https://m.weibo.cn/detail/4918465980792843
任安乐/帝梓元角色记忆,post,1,粉丝点评/记忆表达明确,镜霒,迪丽热巴超话#迪丽热巴利剑玫瑰##迪丽热巴邓妍# dlrb#迪丽热巴安乐传##迪丽热巴任安乐# “喜欢你是一场未完待续的电影 爱意是主角 爱意永不退场”@Dear-迪丽热巴 ​,https://m.weibo.cn/detail/4918465850511861
任安乐/帝梓元角色记忆,post,1,粉丝点评/记忆表达明确,Dear-苏卿卿,#迪丽热巴任安乐# dlrb#迪丽热巴安乐传#忽然觉得周围都暗了下来，原来是你的美貌在发光@Dear-迪丽热巴 ​,https://m.weibo.cn/detail/4918465817482633
任安乐/帝梓元角色记忆,post,1,粉丝点评/记忆表达明确,Dear-苏卿卿,#迪丽热巴任安乐# dlrb#迪丽热巴安乐传#“我喜欢你，所以希望你被簇拥包围，所以你走的路要繁花盛开，要人声鼎沸。”@Dear-迪丽热巴 ​,https://m.weibo.cn/detail/4918465762167390
生日生贺与小小迪陪伴记忆,post,1,粉丝点评/记忆表达明确,Dear-苏卿卿,#迪丽热巴安乐传#dlrb#迪丽热巴0603生日快乐#我对全世界说晚安，独独对你说喜欢。@Dear-迪丽热巴 ​,https://m.weibo.cn/detail/4918465712364098
生日生贺与小小迪陪伴记忆,post,1,粉丝点评/记忆表达明确,Dear-苏卿卿,#迪丽热巴0603生日快乐# dlrb#迪丽热巴邓妍# 风轻轻吹过 将我的温柔与爱意带给了迪丽热巴@Dear-迪丽热巴 ​,https://m.weibo.cn/detail/4918465625064019
任安乐/帝梓元角色记忆,post,1,粉丝点评/记忆表达明确,和迪迪看世界,"#迪丽热巴0603生日快乐#dlrb#迪丽热巴任安乐#电视剧安乐传超话“你是帝家后人，聚和散，无休上演”襟飘带舞,裙裾飞扬,我那命运般的安乐寨主，什么时候才能团圆😭😭迪丽热巴安乐传|任安乐|帝梓元|公诉|安旎 @Dear-迪丽热巴L唐沁GARBAGE的微博视频 ​",https://m.weibo.cn/detail/4918464617120958
白凤九与三生三世情怀,post,1,粉丝点评/记忆表达明确,迪迪苜,迪丽热巴超话#夏日青春派对##超话星愿池#你在说迪丽热巴吗？我上次看迪丽热巴的剧还是与君初相识，强烈推荐！她在里面真的很美很美演得也很好。上次热巴惊艳我的古装还是白凤九，纪云禾也很惊艳我！她的新剧《公诉》在爱奇艺和腾讯视频联播，马上预约，一上映第一时间就去看！,https://m.weibo.cn/detail/4918464386434138
乔晶晶与《你是我的荣耀》入坑记忆,post,1,粉丝点评/记忆表达明确,热爱小迪崽崽,迪丽热巴超话#夏日青春派对##超话星愿池#心里藏着小星星，生活才能亮晶晶，你就是我喜欢的乔晶晶。@Dear-迪丽热巴 ​,https://m.weibo.cn/detail/4918464290492765
任安乐/帝梓元角色记忆,post,1,粉丝点评/记忆表达明确,迪宝奶团子,迪丽热巴超话#迪丽热巴公诉#dlrb#迪丽热巴安旎#看了预感的人都会被安旎吸引住!!@Dear-迪丽热巴 细腻式演技没有人会不着迷 迪丽热巴公诉|安旎|迪丽热巴安乐传|任安乐|帝梓元 L雪碧三分饱的微博视频 ​​​ ​​​,https://m.weibo.cn/detail/4918463790845281
演员成长与角色群像评价,post,1,粉丝点评/记忆表达明确,晗秋寻巴,#迪丽热巴公诉豆瓣开分6.6# dlrb#超话星愿池# 安旎这个角色是鲜活的、是贴近我们生活的！她和她的同事、领导、合作伙伴所有人的目标都是一致的，没有打官腔、没有小心思，有事情大家一起上、劲儿往一处使。其实从某一方面来讲，对职场人来说也是一个很向往很良好的工作氛围。公诉这部剧看的令人舒服。#迪丽热巴公诉#迪丽热巴公诉#迪丽热巴安旎#迪丽热巴安旎#电视剧公诉#公诉原声台词，吐字清晰，超好看,https://m.weibo.cn/detail/4918460058962391
花少/你好星期六等综艺片刻,post,1,粉丝点评/记忆表达明确,Dear-迪迪8720,#迪丽热巴花儿与少年# dlrb #和迪丽热巴点亮微博之夜#💐记录巴黎的点点滴「迪」，捎上一包法棍，走进路旁用鲜花点缀的咖啡店，转角的剧院里或许浪漫正在上演，来自小迪@Dear-迪丽热巴 的城市漫游记忆(≧ω≦)/迪丽热巴| 迪丽热巴邓妍 | 迪丽热巴花儿与少年 L嘉行迪丽热巴工作室的微博视频 ​​​,https://m.weibo.cn/detail/4985145615981506
任安乐/帝梓元角色记忆,post,1,粉丝点评/记忆表达明确,晏lilili爱迪,#和迪丽热巴点亮微博之夜#dlrb#迪丽热巴安乐传# 𝐈 𝐩𝐚𝐜𝐤 𝐦𝐲 𝐭𝐡𝐨𝐮𝐠𝐡𝐭𝐬 𝐚𝐧𝐝 𝐛𝐥𝐨𝐰 𝐭𝐡𝐞𝐦 𝐭𝐨 𝐲𝐨𝐮 𝐰𝐢𝐭𝐡 𝐭𝐡𝐞 𝐚𝐮𝐭𝐮𝐦𝐧 𝐰𝐢𝐧𝐝. 我将思念打包 随着秋风吹向迪丽热巴任安乐|#迪丽热巴任安乐#|迪丽热巴安乐传|#迪丽热巴安乐传# @Dear-迪丽热巴 #迪丽热巴# ​,https://m.weibo.cn/detail/4985143238332345
演员成长与角色群像评价,post,1,粉丝点评/记忆表达明确,为热巴下载微博的百姓,#和迪丽热巴点亮微博之夜#迪丽热巴今年播了两部电视剧：公诉，安乐传，拍了一部作品利剑玫瑰。参加了一部综艺还出圈了，上了好几次杂志封面，穿了24套高定，拿下了迪奥全球大使，彩妆和香氛全球代言人，入了世界BOF500强 ，商业有了，时尚杂志有了，电视剧作品也有了，综艺也有了，粉丝突破8000完流量也有了，待播剧有了，她这一年方方面面都交了很不错的答卷！ 期待演员迪丽热巴的2024年#迪奥全球彩妆香氛代言人迪丽热巴# 2成都·五彩生活,https://m.weibo.cn/detail/4985142639068398
新疆舞与舞台表现名场面,post,1,粉丝点评/记忆表达明确,最爱迪迪崽,#和迪丽热巴点亮微博之夜# dlrb#迪丽热巴花儿与少年# 我们新疆的石榴花明媚又自信“让大家去了解中国新疆的一些少数民族文化，一些舞蹈也好，歌曲也好，我觉得能带出来一点是一点，能让大家了解中国一点是一点，所以就是将自己的这份心意传达给了不了解这些文化的外国人。”——@Dear-迪丽热巴L九方阙的微博视频 #跳新疆舞的迪丽热巴美到发光#dlrb#迪丽热巴花儿与少年#dlrb#花儿与少年#｜迪丽热巴花儿与少年｜花儿与少年丝路季 @Dear,https://m.weibo.cn/detail/4985140994643993
纪云禾与鲛人系角色记忆,post,1,粉丝点评/记忆表达明确,苏小米62400,#与君初相识# 我的评分：看过小说，有些改动，但是我觉得没有魔改，整个剧情很顺，主角配角都很饱满。云禾英姿飒爽，向往自由，把最温柔的一面都给长意，迪丽热巴完美诠释了这一角色，各种表情切换自如，演技肉眼可见的进步了。搞事业起来的长意也很帅，期待下部恰似故人归可以无缝衔接上~,https://m.weibo.cn/detail/4753214920197230
演员成长与角色群像评价,post,1,粉丝点评/记忆表达明确,01号板砖,#一年一度粉丝考古大赛# 在演员@Dear-迪丽热巴 微博里，最高频、最炙热的那个词就是“祖国”。这个新疆女孩儿，早已把对祖国的热忱融进了血液，她对职业敬畏，对理想坚持；她热衷公益，她致敬军人……她的一腔赤子之心，就是她对祖国最真挚的表白。 #迪丽热巴专属考古基地# dlrb#请回答x时代#,https://m.weibo.cn/detail/4753208440788570
纪云禾与鲛人系角色记忆,post,1,粉丝点评/记忆表达明确,薇尔莉特慕,#与君初相识# 我的评分：#迪丽热巴与君初相识# #迪丽热巴恰似故人归# 纪云禾真的太帅了，她实力目前可能不是最强的，但是她聪慧，机敏，心性坚韧，有勇有谋，在绝路上为爱人闯出一条活路，真的上这几年看的剧中少有的飒爽女主，尤其前期还很腹黑，嘴里没几句真话，骗人一套一套的，妖化又帅到人腿软，简直不要太带感！绝！,https://m.weibo.cn/detail/4753205446317649
纪云禾与鲛人系角色记忆,post,1,粉丝点评/记忆表达明确,VV哪哪,#迪丽热巴互动胡意旋自带bgm#两集太短了完全不够看啊！！今天纪云禾还是没能逃出来啊，仙师太强大纪云禾灵力微弱，我认为还不如留守敌方静待机会，就是苦了纪云禾要忍受折磨，不得自由。外有大尾巴鱼，内有纪云禾传递消息，两厢助攻或许能绊倒仙师！！纪云禾你要撑住啊，你一定能见到他的。#一口气炫完与君初相识#@Dear-迪丽热巴,https://m.weibo.cn/detail/4753197073700834
纪云禾与鲛人系角色记忆,post,1,粉丝点评/记忆表达明确,随意遂心爱意,#一口气炫完与君初相识#明天就与君初相识结局啦，不过还有下部等着我们呐，我们与君初相识真的还不错，好看的，剧情紧凑，全员演技在线。#迪丽热巴互动胡意旋自带bgm# 不过我最喜欢迪丽热巴纪云禾啦【迪丽热巴恰似故人归与君初相识纪云禾】#迪丽热巴与君初相识# dlrb#迪丽热巴纪云禾# @Dear-迪丽热巴#迪丽热巴恰似故人归#,https://m.weibo.cn/detail/4753196105340334
纪云禾与鲛人系角色记忆,post,1,粉丝点评/记忆表达明确,邓慕罗,#一口气炫完与君初相识#一口气炫完与君初相识，真的就是抓心挠肝的，坐立不安的，天天时时等更新、等更新、等更新，你明白这种感受吗@优酷 。如果你有心的话，请不要断更，后天直接给我连着播恰似故人归，不停地，听到没#迪丽热巴纪云禾##迪丽热巴与君初相识#电视剧与君初相识超话,https://m.weibo.cn/detail/4753194113045366
纪云禾与鲛人系角色记忆,post,1,粉丝点评/记忆表达明确,烟雨楼百年孤独,"#迪丽热巴说自由的味道有股瓜味##纪云禾不是驭心是共情# 《驭鲛记之与君初相识》今晚持续更新，驭心的最高境界就是共情了吧，@Dear-迪丽热巴 纪云禾三言两语就能看透小天君的心思，并达成共识。而今晚纪云禾不仅成功出逃，居然还吃到了瓜，真的是自由吃瓜两手抓,，都不耽误~#idoltube# LDear-迪丽热巴的微博视频",https://m.weibo.cn/detail/4753161494200959
纪云禾与鲛人系角色记忆,post,1,粉丝点评/记忆表达明确,南北北落师门,#迪丽热巴纪云禾# [虎爪比心]#迪丽热巴与君初相识# 串起来了串起来了串起来了：补上山猫势力狐族势力鲛族势力估计是为了团结地仙搞联盟把双方对峙实力维持在一个比较合理的水平，纪云禾放风时间套话窥探到仙师秘密，还据此说服了天君命小福蝶寻青羽鸾鸟抗衡仙师，并且点出从棘所环境异常导致灵力流散，应该是仙师整体布局的冰山一角。不管我猜的对不对，让我有兴致猜的剧情才是好剧情👏 【迪丽热巴与君初相识纪云禾】,https://m.weibo.cn/detail/4753158637361155
纪云禾与鲛人系角色记忆,post,1,粉丝点评/记忆表达明确,甜虐集散地,#迪丽热巴说自由的味道有股瓜味##纪云禾不是驭心是共情# 《驭鲛记之与君初相识》今日更新🈶纪云禾自由了没多久又被抓回了从棘所，但她吃到了仙师的瓜，连@Dear-迪丽热巴 都调侃说自由的味道有股瓜味，而后纪云禾共情小天君并成功和他结盟，真不愧是万花谷最强的御灵师，驭心能力杠杠的#idoltube# LDear-迪丽热巴的微博视频,https://m.weibo.cn/detail/4753153867909525
纪云禾与鲛人系角色记忆,post,1,粉丝点评/记忆表达明确,起名太难了啊啊,#仙侠剧女主终于支棱起来了# dlrb#迪丽热巴纪云禾# 迪丽热巴纪云禾真的太带感了，就是喜欢纪云禾这种聪明腹黑，坚强勇敢，强大隐忍，温柔坚定，自信张扬，向着目标不断努力的大女主啊！迪丽热巴纪云禾太对我胃口了，就是喜欢迪丽热巴与君初相识纪云禾呢@Dear-迪丽热巴（感谢大佬的视频） #迪丽热巴与君初相识# L解剖SK的微博视频 ​,https://m.weibo.cn/detail/4753125162615573
纪云禾与鲛人系角色记忆,post,1,粉丝点评/记忆表达明确,甜气小热,#与君初相识# 我的评分：而且热巴的演技真的赋予角色不同的特质！！！为了更符合纪云禾长年累月挨打、被禁锢、被鞭打的形象，她去健身，瘦的胸前那里的肋骨都出来了。但是真的很好看，身形的挺拔，被传功时的疼痛虚弱，还有mv里后期被禁锢时虚弱的样子，真的没法让人不信服纪云禾就是迪丽热巴演的样子，真的太美了。,https://m.weibo.cn/detail/4753112386505329
李长歌与《长歌行》角色记忆,post,1,粉丝点评/记忆表达明确,肆露不是鹿,#仙侠剧女主终于支棱起来了#入坑迪丽热巴算是长歌行吧，以前知道这个人，但没什么感觉，实实在在的路人。长歌行里迪丽热巴用细腻的演技呈现出饱满的李长歌，而且和吴磊饰演的阿诗勒隼完美结合。那时候我高三准备高考，还不太有时间去看这些，大一上闲来无事点开长歌行便一发不可收拾，看完剧给我的感受是真正的家国大义，一整个格局就放在那里。后面了解得越多，我不明白为什么会有人那么极致地去黑，他们真正看剧了吗？真正理解了吗？给我印象最深刻的是阿窦下葬那一段迪,https://m.weibo.cn/detail/4753108938786638
纪云禾与鲛人系角色记忆,post,1,粉丝点评/记忆表达明确,一定会看到花开的,#迪丽热巴被四种文学整害羞了##仙侠剧女主终于支棱起来了# 各位小主请进那年杏花微雨，姐姐说你好生无趣，让我推荐个电视剧，我思来想去，方《与君初相识》应最合姐姐心意，一来剧情精彩，二来场景精美，三来热巴那小模样连我看了都心生欢喜，可姐姐金贵，优酷这等粗鄙平台终是入不了姐姐的眼，妹妹不才，未能为姐姐排忧解难实在罪过，但姐姐慧眼识珠，假以时日定能察觉妹妹一片真心，话已至此，该是不该看与君初相识，姐姐自己斟酌。,https://m.weibo.cn/detail/4753107055020705
纪云禾与鲛人系角色记忆,post,1,粉丝点评/记忆表达明确,钱多多多益善,电视剧恰似故人归超话阿纪就是云禾 云禾就是阿纪云禾是重生不是消亡 失去的记忆本身就是她不可缺少的一部分阿纪是云禾从小没被苛待该有的样子是纪云禾真正应该成为的样子【迪丽热巴恰似故人归与君初相识纪云禾】#迪丽热巴与君初相识# dlrb#迪丽热巴纪云禾# @Dear-迪丽热巴#迪丽热巴恰似故人归#,https://m.weibo.cn/detail/4753100323687150
纪云禾与鲛人系角色记忆,post,1,粉丝点评/记忆表达明确,陕西封面文化全渠道中心,#仙侠剧女主终于支棱起来了# 总是反复被纪云禾感动@Dear-迪丽热巴 她始终忠于自我：从未放弃外面那个向往的世界，努力去实现自己和洛洛的梦；她真挚又善良：训御灵兽从不用暴虐的手段而是真心换真心，所以地仙都爱她；她坚定又执着：为了保护心爱的人，宁可自己被误会折磨多年，真是个“傻丫头”；她勇敢又坚韧：面对黑暗和暴虐从不退缩，孤身守崖，千疮百孔也不会退；这就是我们的纪云禾呀，即使对峙过绝望也不曾哭一场，我永远爱她。纪云禾！你应该像风一样自由,https://m.weibo.cn/detail/4753092299983606
行走的油画/神女美貌出圈,post,1,粉丝点评/记忆表达明确,哇哒巴哇,#迪丽热巴# dlrb#迪丽热巴与君初相识# 我惊了我的妈呀你是什么人间巨美！！我的泪 此时此刻已为你日夜不停昼夜不息的撒落！你的容 貌是神赐吗！！我哭了你怎么这么美貌呜呜呜！！ 这难道就是仙女吗我没了我为姐姐的绝美容貌而落 泪天使下凡不过如此吧您的脸就是神的恩赐吧呜呜 呜我真情实感为姐姐的美貌落泪我的尖叫声让方圆 百里声控灯坏掉姐姐姐姐太美了啊啊啊啊啊啊啊啊 啊啊啊啊啊啊啊啊啊您的脸是上帝的恩赐！！我落 泪我的眼泪不值钱我的泪水为撒哈,https://m.weibo.cn/detail/4753089652851117
任安乐/帝梓元角色记忆,post,1,粉丝点评/记忆表达明确,·椿·也·奈·提·,#迪丽热巴任安乐# dlrb#迪丽热巴安乐传# “未来很长，我们只会变得更强”@Dear-迪丽热巴 ​,https://m.weibo.cn/detail/4786194687197267
任安乐/帝梓元角色记忆,post,1,粉丝点评/记忆表达明确,巴十七次相遇,#迪丽热巴任安乐# dlrb#迪丽热巴安乐传# “有时候，我们做出的最艰难的决定，最终成为我们做过的最漂亮的事” @Dear-迪丽热巴 ​,https://m.weibo.cn/detail/4786194171038531
任安乐/帝梓元角色记忆,post,1,粉丝点评/记忆表达明确,互联网面包小达人,迪丽热巴超话#迪丽热巴安旎#dlrb#迪丽热巴公诉精英#期待公诉精英的播出!!迪丽热巴的剧最有保障了，人美演技好，看得赏心悦目 迪丽热巴安旎|公诉精英|迪丽热巴安乐传|任安乐|帝梓元 @Dear-迪丽热巴 L冬日士多啤梨的微博视频 ​,https://m.weibo.cn/detail/4819534281706466
任安乐/帝梓元角色记忆,post,1,粉丝点评/记忆表达明确,热爱可抵岁月漫长El,迪丽热巴超话#迪丽热巴任安乐#dlrb#迪丽热巴安乐传#电视剧安乐传超话wuli任安乐什么时候来！什么时候来娶我！已经迫不及待了！迪丽热巴任安乐|帝梓元|安乐传|迪丽热巴公诉精英|安旎 @Dear-迪丽热巴L市井浪漫的微博视频 ​,https://m.weibo.cn/detail/4819533803554367
任安乐/帝梓元角色记忆,post,1,粉丝点评/记忆表达明确,叶凡无名_792,#迪丽热巴任安乐#dlrb#迪丽热巴安乐传#马上见一美人，下马戏之，见是仇人，大喜，既然送上门来，那就别怪我任安乐@Dear-迪丽热巴 照单全收了！美人别跑，今晚就随我回寨！你们还愣着干什么，随我去闹洞房啊！L叭叭呀叭叭的微博视频 ​,https://m.weibo.cn/detail/4819533170738728
任安乐/帝梓元角色记忆,post,1,粉丝点评/记忆表达明确,九歌迪迪,迪丽热巴超话|#迪丽热巴任安乐#dlrb#迪丽热巴安乐传#| 电视剧安乐传超话被我们寨主迷得神魂颠倒，要和美女@Dear-迪丽热巴 贴贴迪丽热巴任安乐|帝梓元|安乐传|迪丽热巴公诉精英|安旎 @Dear-迪丽热巴L雪碧三分饱的微博视频 ​,https://m.weibo.cn/detail/4819532215229072
任安乐/帝梓元角色记忆,post,1,粉丝点评/记忆表达明确,九歌迪迪,迪丽热巴超话#迪丽热巴安旎#dlrb#迪丽热巴公诉精英#期待公诉精英的播出!!迪丽热巴的剧最有保障了，人美演技好，看得赏心悦目 迪丽热巴安旎|公诉精英|迪丽热巴安乐传|任安乐|帝梓元 @Dear-迪丽热巴 L冬日士多啤梨的微博视频 ​,https://m.weibo.cn/detail/4819531875226739
任安乐/帝梓元角色记忆,post,1,粉丝点评/记忆表达明确,0603Destiny,#迪丽热巴任安乐#dlrb#迪丽热巴安乐传#电视剧安乐传超话@Dear-迪丽热巴 你!!是!!我的神！！每个造型都好绝好绝好绝，迪丽热巴古装大美女不是吹的😘迪丽热巴任安乐|帝梓元|安乐传|迪丽热巴公诉精英|安旎 @Dear-迪丽热巴L雪碧三分饱的微博视频 ​,https://m.weibo.cn/detail/4819531774821781
任安乐/帝梓元角色记忆,post,1,粉丝点评/记忆表达明确,山茶花花_,迪丽热巴超话#迪丽热巴安旎#dlrb#迪丽热巴公诉精英#热巴演出了检察官的沉稳干练和正气凛然，很难不期待我们检察官安旎@Dear-迪丽热巴 迪丽热巴安旎|公诉精英|迪丽热巴安乐传|任安乐|帝梓元 @Dear-迪丽热巴L腾讯视频VIP的微博视频 ​,https://m.weibo.cn/detail/4819531770626298
任安乐/帝梓元角色记忆,post,1,粉丝点评/记忆表达明确,奶呼呼的胖迪,迪丽热巴超话#迪丽热巴安乐传# dlrb#迪丽热巴任安乐# “即使大雾四起 我对迪丽热巴的爱也会人尽皆知”@Dear-迪丽热巴 ​,https://m.weibo.cn/detail/4819531505599633
任安乐/帝梓元角色记忆,post,1,粉丝点评/记忆表达明确,叶凡无名_792,电视剧安乐传超话#迪丽热巴任安乐#dlrb#迪丽热巴安乐传#马上见一美人，下马戏之，见是仇人，大喜，既然送上门来，那就别怪我任安乐@Dear-迪丽热巴 照单全收了！美人别跑，今晚就随我回寨！你们还愣着干什么，随我去闹洞房啊！L叭叭呀叭叭的微博视频 ​,https://m.weibo.cn/detail/4819531468113896
任安乐/帝梓元角色记忆,post,1,粉丝点评/记忆表达明确,甜甜迪转圈圈,迪丽热巴超话 未遂风云变，争不恣游狂荡。何须论得丧，才子佳人，自是白衣卿相。骑马飒沓而来，尔可识得是故人？马上望得风萧云卷，乃我任安乐@Dear-迪丽热巴 归来之相！迪丽热巴安乐传#迪丽热巴安乐传#dlrb #迪丽热巴任安乐# 迪丽热巴任安乐L电视剧安乐传的微博视频 ​,https://m.weibo.cn/detail/4819531435083926
任安乐/帝梓元角色记忆,post,1,粉丝点评/记忆表达明确,-是姝不是妹-,迪丽热巴李慧珍超话|#迪丽热巴任安乐#dlrb#迪丽热巴安乐传#| 电视剧安乐传超话被我们寨主迷得神魂颠倒，要和美女@Dear-迪丽热巴 贴贴迪丽热巴任安乐|帝梓元|安乐传|迪丽热巴公诉精英|安旎 @Dear-迪丽热巴L雪碧三分饱的微博视频 ​,https://m.weibo.cn/detail/4819531317124301
任安乐/帝梓元角色记忆,post,1,粉丝点评/记忆表达明确,我单钓3条小小鱼苗,迪丽热巴超话#迪丽热巴任安乐#dlrb#迪丽热巴安乐传#电视剧安乐传超话 “你是帝家后人， 就该有当年帝家家主翻云覆雨的魄力” 看@Dear-迪丽热巴 饰演的任安乐/帝梓元如何翻云覆雨，我可真是太期待大女主任安乐啦，迪丽热巴古装永远的神！！迪丽热巴任安乐|帝梓元|安乐传|迪丽热巴公诉精英|安旎 @Dear-迪丽热巴L九方阙的微博视频,https://m.weibo.cn/detail/4819525927436985
任安乐/帝梓元角色记忆,post,1,粉丝点评/记忆表达明确,Dear-迪迪51692,迪丽热巴超话#迪丽热巴任安乐#dlrb#迪丽热巴安乐传#电视剧安乐传超话 “你是帝家后人， 就该有当年帝家家主翻云覆雨的魄力” 看@Dear-迪丽热巴 饰演的任安乐/帝梓元如何翻云覆雨，我可真是太期待大女主任安乐啦，迪丽热巴古装永远的神！！迪丽热巴任安乐|帝梓元|安乐传|迪丽热巴公诉精英|安旎 @Dear-迪丽热巴L九方阙的微博视频,https://m.weibo.cn/detail/4819525096180517
迪拜报平安/守护型记忆,post,1,粉丝点评/记忆表达明确,安风安好,#迪丽热巴代言德施曼##德施曼锁定迪丽热巴每一面# @德施曼智能锁 别的先不说，先夸夸迪丽热巴大美女，第一遍看光看美女去了，第二遍才注意到智能锁美女就该大波浪大红唇漂亮裙子时代在发展，时代在召唤，智能锁更能适应如今的家居生活，而且还不用担心忘记带钥匙，德施曼智能锁以前就听说过，质量很不错，外观上也符合我的审美，争取买房时买一个德施曼家的锁,https://m.weibo.cn/detail/4819517035254440
爱丽丝与热巴的双向奔赴,post,1,粉丝点评/记忆表达明确,许桉迪,#和迪丽热巴一起迎接2023# dlrb#与迪丽热巴一起欢乐跨年##微博跨年狂欢节#愿新的一年迪丽热巴与爱丽丝都自由自在，无忧无虑，平安喜乐。@Dear-迪丽热巴L不灭幽灵的微博视频 ​,https://m.weibo.cn/detail/4852873420874790
任安乐/帝梓元角色记忆,post,1,粉丝点评/记忆表达明确,-小璐别乱撞,"迪丽热巴超话#迪丽热巴安旎# dlrb#迪丽热巴公诉精英#""我为爱举了旗却被情定了局。""迪丽热巴公诉精英｜安旎｜迪丽热巴安乐传｜任安乐｜帝梓元@Dear-迪丽热巴 ​",https://m.weibo.cn/detail/4852873386800124
行走的油画/神女美貌出圈,post,1,粉丝点评/记忆表达明确,千帆尽亦然是你,肖战超话#肖战时影# | #肖战玉骨遥#天涯也有春风信，寒薇绽，白衣纤，至夏得君意。九嶷山神官时影@X玖少年团肖战DAYTOY ，一袭白衣，亭亭清绝。一眼万年LBabeBobbShow·的微博视频肖战我喜欢你，肖战顺顺利利!肖战超话xz#记录与肖战的2022# xz#凝聚v力量# xz#肖战漫游重庆跨年vlog# xz#肖战学会骑电动车# xz#肖战迪丽热巴年度封面之星#,https://m.weibo.cn/detail/4852872900513103
纪云禾与鲛人系角色记忆,post,1,粉丝点评/记忆表达明确,女明星的王国,迪丽热巴超话#迪丽热巴与君初相识# dlrb#迪丽热巴纪云禾##迪丽热巴纪云禾年度最热奇幻剧角色# 当捷径上人满为患的时候，不妨绕点弯路，也许能更快的到达目的地。@Dear-迪丽热巴 #和迪丽热巴一起迎接2023# dlrb#与迪丽热巴一起欢乐跨年##微博跨年狂欢节#愿新的一年里你身体健康，好好爱自己。 本来想许愿“我能拥有强大的保护你的能力”，后来觉得不够好，于是换成了，你将永远顺利以至于不需要任何人的保护。@Dear-迪丽热巴 L,https://m.weibo.cn/detail/4852870408844980
纪云禾与鲛人系角色记忆,post,1,粉丝点评/记忆表达明确,寄巴朵满天鑫,"#迪丽热巴纪云禾# dlrb#迪丽热巴恰似故人归# ""蓝色妖姬的花语便是我对你的爱——承诺."" ""𝒯𝒽𝓮 𝒻𝓁𝓸𝓌𝓮𝓇 𝓁𝒶𝓃𝓰𝓊𝒶𝓰𝓮 𝓸𝒻 𝓉𝒽𝓮 𝒷𝓁𝓊𝓮 𝓌𝒾𝓉𝒸𝒽 𝒾𝓈 𝓂𝓎 𝓁𝓸𝓋𝓮 𝒻𝓸𝓇 𝓎𝓸.""@Dear-迪丽热巴",https://m.weibo.cn/detail/4852866013732513
任安乐/帝梓元角色记忆,post,1,粉丝点评/记忆表达明确,灵魂在纸背上_,迪丽热巴超话新的一年，带给你一如既往的祝愿，有盛天共赏，有温汤可享，有爱人在旁@Dear-迪丽热巴 迪丽热巴安乐传‖迪丽热巴任安乐‖迪丽热巴帝梓元‖迪丽热巴公诉精英‖迪丽热巴安旎#迪丽热巴安乐传# dlrb #迪丽热巴公诉精英#迪丽热巴安乐传|任安乐|帝梓元‖迪丽热巴公诉精英|安旎 #迪丽热巴#🎉愿我的祝福温暖你的手头，直达你的心头，新年快乐！,https://m.weibo.cn/detail/4852864336268568
任安乐/帝梓元角色记忆,post,1,粉丝点评/记忆表达明确,蜡笔小新的放纵与坚持30560,"迪丽热巴超话#迪丽热巴纪云禾年度最热奇幻剧角色# dlrb#迪丽热巴安乐传# 𝓨𝓻𝓮 𝓶𝔂 𝓵𝓲𝓰𝓱𝓽, 𝓪𝓷𝓭 𝓘 𝔀𝓲𝓵𝓵 𝓪𝓵𝔀𝓪𝔂𝓼 𝓱𝓪𝓿𝓮 𝓪 𝓬𝓻𝓾𝓼𝓱 𝓸𝓷 𝔂𝓸𝓾.“你就是我的那束光 我会永远对你心动”迪丽热巴公诉精英|安旎|迪丽热巴安乐传|任安乐|帝梓元@Dear-迪丽热巴 #迪丽热巴公诉精英#dlrb#迪丽热巴安旎#L港岛夜游的微博视频",https://m.weibo.cn/detail/4852863425060939
任安乐/帝梓元角色记忆,post,1,粉丝点评/记忆表达明确,蜡笔小新的放纵与坚持30560,迪丽热巴超话#迪丽热巴纪云禾年度最热奇幻剧角色# dlrb#迪丽热巴任安乐# “你是我永远无法用语言描述的心动”𝐘𝐨𝐮 𝐚𝐫𝐞 𝐦𝐲 𝐡𝐞𝐚𝐫𝐭 𝐭𝐡𝐚𝐭 𝐈 𝐜𝐚𝐧 𝐧𝐞𝐯𝐞𝐫 𝐝𝐞𝐬𝐜𝐫𝐢𝐛𝐞 𝐢𝐧 𝐰𝐨𝐫𝐝𝐬.L一阵阵疯的微博视频迪丽热巴公诉精英|安旎|迪丽热巴安乐传|任安乐|帝梓元@Dear-迪丽热巴 #迪丽热巴公诉精英#dlrb#迪丽热巴安旎#,https://m.weibo.cn/detail/4852863303955705
任安乐/帝梓元角色记忆,post,1,粉丝点评/记忆表达明确,蜡笔小新的放纵与坚持30560,迪丽热巴超话#迪丽热巴纪云禾年度最热奇幻剧角色# dlrb#迪丽热巴绿植领养校园公益大使# “我觉得我跟自己和解的时间算是比较长的。因为我也不是时时刻刻自信，以前是特别不自信，然后加上特别没安全感，但是现在会稍微好那么一点点。大多数一遇到不自信或者是没安全感的时候，我就会去跟自己做一个心理的沟通“哎呀不行不行，不能这样想”，就会稍微好一点” ——@Dear-迪丽热巴迪丽热巴安乐传|任安乐|迪丽热巴帝梓元|迪丽热巴公诉精英|安旎@Dea,https://m.weibo.cn/detail/4852860842417335
任安乐/帝梓元角色记忆,post,1,粉丝点评/记忆表达明确,慕倾归与惜北,迪丽热巴超话#迪丽热巴纪云禾年度最热奇幻剧角色# dlrb#迪丽热巴说吃饱喝足去浅运动一下# 于我而言，你是海，是林。我爱你，如鲸向海，似鸟投林，不可避免，退无可退@Dear-迪丽热巴迪丽热巴安乐传|迪丽热巴任安乐|迪丽热巴公诉精英|迪丽热巴安旎@Dear-迪丽热巴 #迪丽热巴安乐传#dlrb#迪丽热巴任安乐#,https://m.weibo.cn/detail/4852856027614581
李长歌与《长歌行》角色记忆,post,1,粉丝点评/记忆表达明确,再去一次成都就改名,#迪丽热巴长歌行# 一天看一集！剩下的留在值班看！我真是个小机灵鬼该说不说这剧质感杠杠的@电视剧长歌行 长歌行，给爷冲！ ​,https://m.weibo.cn/detail/4620945488877565
李长歌与《长歌行》角色记忆,post,1,粉丝点评/记忆表达明确,WilliamChen胖迪,迪丽热巴超话#迪丽热巴李长歌# 呜呜呜呜呜呜还有40分钟就可以看到我的长歌了看了娱乐圈就祝祝给你传发宣传了新剧（如果还有谁的话 可能是我没关注到）果然是能一起去迪士尼玩的人希望和祝祝友谊长存太心疼在娱乐圈的你了但是爱丽丝一直永远都在阿丝本丝热爱可低岁月漫长@Dear-迪丽热巴 我们会一直一直一直一直一直一直在,https://m.weibo.cn/detail/4620929563625741
李长歌与《长歌行》角色记忆,post,1,粉丝点评/记忆表达明确,星尘无心,我欲乘风，永宁未央，百转千回，梦回大唐，关山路远，热血长歌，家国情怀，民族大义，盛世大唐，万千气象，大漠孤烟，冷月边关，长歌万里，守护大唐！@Dear-迪丽热巴 [牛年大吉]#迪丽热巴李长歌# [牛年大吉]#迪丽热巴长歌行# 看热巴大宝贝长歌！爱祖国大好河山！热巴大宝贝演技很好啊！热巴大宝贝是真正的西域公主！ 2无锡,https://m.weibo.cn/detail/4620900878255868
乔晶晶与《你是我的荣耀》入坑记忆,post,1,粉丝点评/记忆表达明确,一口咬住邝玲玲,#迪丽热巴你是我的荣耀#dlrb#迪丽热巴乔晶晶#「养耗不回」“脆弱的时刻人人都有，活在当代的环境中，经常脆弱，偶尔开朗。”——@Dear-迪丽热巴 L唱吧的微博视频 ​,https://m.weibo.cn/detail/4653922587512972
嘻嘻迪/表情包/可爱梗,post,1,粉丝点评/记忆表达明确,Cordini-x,记录校园生活2✨🎊🎊回家化了一个妆，换了一身衣服一到教室都围到我身边说，夏老师好漂亮啊！！夏老师好香啊！！夏老师就是仙女！化了妆好像迪丽热巴哈哈哈哈哈哈哈哈哈哈哈哈哈哈哈哈哈哈哈哈哈哈 偶尔一次化妆听她们夸我还挺高兴的。🐰🐰做课间操的时候 ，正在巡视的时候，一个小可爱对我说“夏老师我不想让你退休”我说“我还早得很才退休呢”我才干到第二年呐乖乖，还有几十年哦📷📷爱心义卖活动时，大太阳28°有一个小朋友突然到我面前给了我一瓶水让我喝，说是他,https://m.weibo.cn/detail/4687257274945053
李长歌与《长歌行》角色记忆,post,1,粉丝点评/记忆表达明确,·热恋眠宿·,迪丽热巴长歌行超话“我想在有生之年，得见盛世大唐。”李氏长歌，只为苍生——李长歌要说上下五千年，谁能不爱大唐，盛世大唐的包容和多元，谁能不津津乐道。但我最爱的，是盛唐堪称霸道的自信感。生在那样一个时代真是太幸运了。唐人的自信仿佛是与生俱来的，它长在骨子里、它融在血里。大唐是没有惧怕这回事的，更没有排外这回事。管它什么外来的别国的标新立异的，统统都照单全收，融合演变成唐文化的一部分。这是何等强悍的自信！“我的自然是我的。你来了我这里，你,https://m.weibo.cn/detail/4488660189360770
演员成长与角色群像评价,post,1,粉丝点评/记忆表达明确,·阅读理解,1992年，迪丽热巴出生于新疆乌鲁木齐，是一名维吾尔族姑娘，典型的眼神已经告诉观众，少数民族出美女。小的时候，迪丽热巴热衷于艺术，对于乐器非常感兴趣，主动要求学习各种乐器，因此她会钢琴、小提琴、吉他等乐器。迪丽热巴对于表演并不是半路出家，她是典型的科班出身。2010年，迪丽热巴考上了上海戏剧学院表演系戏剧影视专业。2011年还是大学生的迪丽热巴就主演了自己的第一部电视剧《阿娜尔罕》，饰演女主角“阿娜尔罕”，该剧还入围了对当年的第30届电,https://m.weibo.cn/detail/4488640623674486
红毯神图与高定封神造型,post,1,粉丝点评/记忆表达明确,Eveyu私服日记,#再见2020##跨年晚会出圈名场面# 今晚各大卫视跨年晚会女明星造型合集，仙、甜、魅、酷，有被热巴惊艳到，有被小雨辣到✨💯☃️依次为：Angelababy、杨幂、迪丽热巴、张雨绮、关晓彤、谭松韵金晨、张含韵、宋茜、佟丽娅、吴宣仪、孟美岐万茜、沈梦辰、虞书欣、欧阳娜娜、邓紫棋、张靓颖、孟佳#迪丽热巴浙江卫视跨年##张雨绮水色沙野豹纹礼服##佟丽娅闪耀灯球裙#angelababy超话杨幂超话迪丽热巴超话关晓彤超话谭松韵超话,https://m.weibo.cn/detail/4588328261260622
新疆舞与舞台表现名场面,post,1,粉丝点评/记忆表达明确,瑶瑶氪学家,#迪丽热巴东方卫视跨年#这唱的啥啊，差点没被她一嗓子嗷过去，舞编的敷衍的要死，这本来就是假唱还不如找个好的伴奏直接跳舞的了呢，失望。妈的，她舞台就没有一个让我满意的，这个舞台妆也敷衍的要命，还没有她当年大漠谣里的配角服装好看，廉价感满满，当年那个舞蹈跳的也漂亮，也不是没有实力，怎么就老是随随便便的样子，口型也不太对得上，唉什么情况嘛！编舞和声乐都很垃圾,https://m.weibo.cn/detail/4588318673873451
白凤九与三生三世情怀,post,1,粉丝点评/记忆表达明确,铿锵玫瑰29421,迪丽热巴超话#迪丽热巴创造营2019##剧星驾到#@Dear-迪丽热巴 快乐很简单，剧星陪你看！我在剧星闪耀榜上为你的演技点亮星光，助你成为闪耀剧星！@微博电视剧 @微博剧场//@Dear-迪丽热巴 ：#明星势力榜##迪丽热巴护舒宝##迪丽热巴三生三世枕上书# ​​​ ​​​ ​​​ ​​​1 O剧星闪耀榜,https://m.weibo.cn/detail/4355923130647315
白凤九与三生三世情怀,post,1,粉丝点评/记忆表达明确,ZKS·RB,#迪丽热巴 唱跳# 有个性，不回避。2019年@Dear-迪丽热巴 勇敢跨出舒适区，从担任创造营发起人跨界主持，到唱歌舞蹈皆出新彩，也掀起了风靡一时的“迪丽热巴舞”。这一年你答卷漂亮，“用喜欢的模样闪亮登场”。亲爱的热巴，跨年快乐，明年继续惊扰天下，“野蛮生长”期待三生三世枕上书迪丽热巴超话,https://m.weibo.cn/detail/4455682096987477
演员成长与角色群像评价,post,1,粉丝点评/记忆表达明确,街拍xxx,热巴有颜值有演技的女演员，即便如此始终作品说话 可否认，迪丽热巴是一位长得太好看的女演员。即便如此，她始终用作品说话，幸运地避开了外貌对于角色塑造的限制，也证明了天生好容颜之外的演员能力。热巴一直在努力低调地成长着，正如她微博简介里仅有的这句话：“ .一只喜欢默默表演的小透明。,https://m.weibo.cn/detail/4223547293007281
演员成长与角色群像评价,post,1,粉丝点评/记忆表达明确,点头美眉,#迪丽热巴#【吴亦凡鹿晗杨幂同框吴亦凡BM】\n青年演员吴亦凡很荣幸以中国电影新人的身份参加第三届中国电影新力量论坛，作为青年电影人，在接戏期间会严格地要求自己，少接活动，不去打扰拍戏的进程；努力钻研更加投入角色，想要呈现出，真正好的角色给观众，是一定要付出很多努力的，不忘自己的初心。\n还有他对,https://m.weibo.cn/detail/4223467191076847
生日生贺与小小迪陪伴记忆,post,1,粉丝点评/记忆表达明确,走遍china的杨,#张一山周冬雨互怼# 惜别。20180330一个难忘的日子，来到这座城市整整两年的日子，为了理想我又再次出发，告别这座留下我记忆，汗水，心血，奋斗～的城市，早晨8:50，驶离贺州大道，一路向北。和我的办公室，客厅，卧室告别，和我的庭院告别，和我贺州的同事，朋友们辞行。我会想念这里，想念你们，也会关注这里，祝福这里，祝福大家。贺州加油！#迪丽热巴 金色吊带裙##妈妈是超人第三季# 2岳阳·泰和,https://m.weibo.cn/detail/4223412844369953
嘻嘻迪/表情包/可爱梗,post,1,粉丝点评/记忆表达明确,镯子丢了情丢不得Olubao,#电视剧一千零一夜##一千零一夜##迪丽热巴凌凌七##迪丽热巴一千零一夜#迪丽热巴超话你们好！表情包大佬又来啦希望七七今晚能够创造出够我2018年下半年使用的表情包话说剧情已经进入到了白热化阶段，来打个赌，就食人花几集表白我们七七@Dear-迪丽热巴 我赌13集！,https://m.weibo.cn/detail/4256344477583327
嘻嘻迪/表情包/可爱梗,post,1,粉丝点评/记忆表达明确,li只是义无反顾地走下去,#迪丽热巴凌凌七# P1我也想这样与凌凌七接触最好还能亲亲😚 的那种七妹贼可爱ớ ₃ờP2真的超好笑哈哈哈哈哈哈哈哈哈哈哈哈哈xswl哈哈哈哈哈哈哈哈哈哈哈哈哈哈把我的舍友都带着一起追凌凌七了哈哈哈哈哈哈哈哈哈哈哈哈哈哈#电视剧一千零一夜# @电视剧一千零一夜 @Dear-迪丽热巴,https://m.weibo.cn/detail/4256245080493980
演员成长与角色群像评价,post,1,粉丝点评/记忆表达明确,爱吃爱睡5i,#迪丽热巴#胖迪，我给你说，演戏，是什么，就是把人物立主，你自己也说过，你老师说你的外形受制，演不了有些角色，但是我相信生活经历会使你更加进步，演戏讲究的是声音形体，肢体，情感三方面的配合，记住，演戏放与收，还有我知道你脖子受伤，所以背就没打直，但是你要好好的，修炼演技，形体也要做好管理，多看看，多模仿，找出自己的方向，我相信你，给你推荐一本书光明。,https://m.weibo.cn/detail/4289952479384096
白日提灯贺思慕/女鬼鬼王记忆,comment,1,粉丝点评/记忆表达明确,属于她的闪光灯,#迪丽热巴白日提灯# 是认真看剧本的宝宝今晚18:00一起继续看贺思慕#迪丽热巴贺思慕#,https://m.weibo.cn/detail/5283996814807517
枭起青壤/聂九罗表演突破,post,0,粉丝点评/记忆表达明确,樱桃甜酒·,迪丽热巴#迪丽热巴聂九罗#dlrb #迪丽热巴枭起青壤#dlrb#迪丽热巴利剑玫瑰# 如约而至的不只是夏天，更是我对你比夏天更热烈的爱 @Dear-迪丽热巴,https://m.weibo.cn/detail/5293885926409277
白日提灯贺思慕/女鬼鬼王记忆,post,0,粉丝点评/记忆表达明确,纪小何1,迪丽热巴#迪丽热巴贺思慕# dlrb#迪丽热巴白日提灯#dlrb#迪丽热巴# 我要把可爱和温柔 都设置成仅你可见 @Dear-迪丽热巴,https://m.weibo.cn/detail/5293885471332009
白日提灯贺思慕/女鬼鬼王记忆,post,0,粉丝点评/记忆表达明确,badada小世界,迪丽热巴#迪丽热巴白日提灯# dlrb #迪丽热巴贺思慕# dlrb #白日提灯# 🥰✏︎ “每一天我都感觉像是拍戏的第一天 ，充满了新鲜感 ；每一天我都面临着诸多挑战 ，不管是整理案卷，做庭前准备 ，还是审理案件 ；每一天我都很开心 ，虽然那些法律条文有点陌生 ，学起来并不容易 ，但是就让我有 ...全文,https://m.weibo.cn/detail/5293852256897059
演员成长与角色群像评价,post,0,粉丝点评/记忆表达明确,在老婆怀里睡觉,迪丽热巴 演员迪丽热巴将她演绎的每一个角色都融入在细节里，通过灵动的眼神和精妙的动作，塑造出了多个经典角色。,https://m.weibo.cn/detail/5293853816918231
白日提灯贺思慕/女鬼鬼王记忆,post,0,粉丝点评/记忆表达明确,badada小世界,迪丽热巴#迪丽热巴白日提灯# dlrb #迪丽热巴贺思慕# dlrb #白日提灯# 🏆 “对于演员来讲，相貌就不是一个价值范畴的问题 世界上的人本来就长得各种各样，作为演员，我们要表现的是剧中各种各样的人物，毕竟不是参加选美大赛，不是说最漂亮就能演到最多角色，每个角色需要的都是适合Ta的人。 ...全文,https://m.weibo.cn/detail/5293852097512471
嘻嘻迪/表情包/可爱梗,post,0,粉丝点评/记忆表达明确,Kitart_或乖,#迪丽热巴在还63张自拍的债了# 哈哈哈哈哈期待这63张嘻嘻迪,https://m.weibo.cn/detail/5293897576355995
白日提灯贺思慕/女鬼鬼王记忆,post,0,粉丝点评/记忆表达明确,Jasmine_茉染儒衫,"迪丽热巴 迪丽热巴#迪丽热巴贺思慕# dlrb#白日提灯# dlrb#迪丽热巴卫蓝# dlrb#迪丽热巴# “我和你一起吹风 欣赏着我们独有的落日” ""𝓘 𝓮𝓃𝒿𝓸𝓎 𝓸𝓊𝓇 𝓊𝓃𝒾𝓆𝓊𝓮 𝓈𝓊𝓃𝓈𝓮𝓉 𝓌𝒾𝓉𝒽 𝓎𝓸𝓊 𝒾𝓃 𝓉𝒽𝓮 𝓌𝒾𝓃? ...全文",https://m.weibo.cn/detail/5293897433488747
白日提灯贺思慕/女鬼鬼王记忆,post,0,粉丝点评/记忆表达明确,只爱巴0603,迪丽热巴#迪丽热巴白日提灯# dlrb #迪丽热巴贺思慕# dlrb #白日提灯# 迪丽热巴 |白日提灯 | 虽然不能同时拥有一切 | 贺思慕 |卫蓝@Dear-迪丽热巴 热巴真的好宠我们,https://m.weibo.cn/detail/5293897376080860
白日提灯贺思慕/女鬼鬼王记忆,post,0,粉丝点评/记忆表达明确,单眼皮的迪,#迪丽热巴卫蓝# dlrb #迪丽热巴虽然不能同时拥有一切# dlrb #虽然不能同时拥有一切# ❣️ 迪丽热巴#迪丽热巴慕胥辞#dlrb #迪丽热巴贺思慕# 微风轻拂，阳光微暖，山河如梦，你入我心 @Dear-迪丽热巴,https://m.weibo.cn/detail/5293897058096333
跑男时期综艺名场面,post,0,粉丝点评/记忆表达明确,阿瑶立志早睡,当时是甜热热呀，溢出屏幕的少女感//@第24任爱人:白月光迪丽热巴白月光#迪丽热巴# 迪丽热巴#迪丽热巴美美出片# #迪丽热巴跑男只录了12天# 奔跑吧只录制了12天 却留下了青涩的迪丽热巴！真的好爱早期跑男的热巴！！ 唯一的白月光🤍,https://m.weibo.cn/detail/5293896974468463
白日提灯贺思慕/女鬼鬼王记忆,post,0,粉丝点评/记忆表达明确,只爱巴0603,迪丽热巴#迪丽热巴白日提灯# dlrb #迪丽热巴贺思慕# dlrb #白日提灯# 迪丽热巴 |白日提灯 | 虽然不能同时拥有一切 | 贺思慕 |卫蓝@Dear-迪丽热巴 其实我是热巴手中的蝴蝶🦋,https://m.weibo.cn/detail/5293896781535047
白日提灯贺思慕/女鬼鬼王记忆,post,0,粉丝点评/记忆表达明确,吃巴块年糕,"迪丽热巴 迪丽热巴#迪丽热巴贺思慕# dlrb#白日提灯# dlrb#迪丽热巴卫蓝# dlrb#迪丽热巴# “我和你一起吹风 欣赏着我们独有的落日” ""𝓘 𝓮𝓃𝒿𝓸𝓎 𝓸𝓊𝓇 𝓊𝓃𝒾𝓆𝓊𝓮 𝓈𝓊𝓃𝓈𝓮𝓉 𝓌𝒾𝓉𝒽 𝓎𝓸𝓊 𝒾𝓃 𝓉𝒽𝓮 𝓌𝒾𝓃? ...全文",https://m.weibo.cn/detail/5293896664091708
白日提灯贺思慕/女鬼鬼王记忆,post,0,粉丝点评/记忆表达明确,迪阮婳2,迪丽热巴#迪丽热巴白日提灯# dlrb#迪丽热巴贺思慕# dlrb#虽然不能同时拥有一切# dlrb 迪丽热巴|白日提灯|虽然不能同时拥有一切|卫蓝@Dear-迪丽热巴 我还是一头栽进了雨里🌧️,https://m.weibo.cn/detail/5293894780586154
李长歌与《长歌行》角色记忆,post,0,粉丝点评/记忆表达明确,zZ迪丽莜,迪丽热巴#迪丽热巴# dlrb #迪丽热巴长歌行#dlrb#迪丽热巴李长歌# 曾经的长歌，心中充满了恨、怨、怒……逃离长安，一路成长，才发现心里唯一不可被撼动的目标便是守护大唐安宁。无论身处何处，长歌永远“是大唐的子民。” @Dear-迪丽热巴 Dear-迪丽热巴的微博视频,https://m.weibo.cn/detail/5293895132645614
白日提灯贺思慕/女鬼鬼王记忆,post,0,粉丝点评/记忆表达明确,春不见-baba,"#迪丽热巴白日提灯# dlrb #迪丽热巴贺思慕# dlrb #白日提灯# 迪丽热巴 |白日提灯 | 虽然不能同时拥有一切 | 贺思慕 |卫蓝@Dear-迪丽热巴 迪丽热巴 dlrb#迪丽热巴卫蓝# dlrb#迪丽热巴# dlrb#迪丽热巴虽然不能同时拥有一切# “你是夏日的彩虹，给我的世界增添了色彩”𝐘𝐨𝐮 𝐚𝐫𝐞 𝐭𝐡𝐞 𝐬𝐮𝐦𝐦𝐞𝐫 𝐫𝐚𝐢𝐧𝐛𝐨𝐰, 𝐚𝐝𝐝 𝐜𝐨𝐥𝐨𝐫 𝐭𝐨 𝐦𝐲 𝐰? ...全文",https://m.weibo.cn/detail/5293893798335238
白日提灯贺思慕/女鬼鬼王记忆,post,0,粉丝点评/记忆表达明确,迪婉裳,#迪丽热巴贺思慕# dlrb#迪丽热巴贺思慕# dlrb#迪丽热巴白日提灯# 我跨过山，涉过水，见过万物复苏，周而复始，如今山是你，水也是你 @Dear-迪丽热巴,https://m.weibo.cn/detail/5293893778407648
白日提灯贺思慕/女鬼鬼王记忆,post,0,粉丝点评/记忆表达明确,追星女孩爱丽丝,迪丽热巴#贺思慕的无感体验卡##迪丽热巴贺思慕##追剧名场面存档中# 《白日提灯》追更进度：追至23级 最喜欢的台词/名场面：在下不才，万灵之主贺思慕 我的产出/剧评：超级好看,https://m.weibo.cn/detail/5293534631697784
嘻嘻迪/表情包/可爱梗,post,0,粉丝点评/记忆表达明确,莓莓涵87,迪丽热巴你在认真拍照，我在确认脉搏#嘻嘻迪# #迪丽热巴# 迪丽热巴 🩵 撷一抹清蓝，雕琢利落廓形。于经典之上，重构当下表达。@Dear-迪丽热巴 在流动与结构之间，勾勒当代优雅的多面性。 化妆：@王亚飞Yafei 发型：@NANBEAUTY金刚 摄影：@刘任捷photographer,https://m.weibo.cn/detail/5293534400744783
白日提灯贺思慕/女鬼鬼王记忆,post,0,粉丝点评/记忆表达明确,苏晚迪11,迪丽热巴 #迪丽热巴##迪丽热巴邓妍# dlrb#迪丽热巴贺思慕# dlrb#幸运咖迪丽热巴# “小时候的快乐和烦恼都很纯粹，记忆中也确实拥有过极致的快乐，让我希望能回到那个时候。不过一切顺其自然长到现在，我觉得都挺好。” @Dear-迪丽热巴,https://m.weibo.cn/detail/5293534308996482
任安乐/帝梓元角色记忆,post,0,粉丝点评/记忆表达明确,亲一口白凤九,迪丽热巴#迪丽热巴任安乐# dlrb#迪丽热巴安乐传# 忽然觉得周围都暗了下来，原来是你的美貌在发光 @Dear-迪丽热巴,https://m.weibo.cn/detail/5293534185785438
白日提灯贺思慕/女鬼鬼王记忆,post,0,粉丝点评/记忆表达明确,甜迪屿,"迪丽热巴#迪丽热巴白日提灯#dlrb#迪丽热巴贺思慕#dlrb 我在人间贩卖黄昏，只为收集世间温柔去见你。 I sell dusk in the world, just to collect the gentleness of the world to see you. @Dear-迪丽热巴恋源寻巴的微博视频",https://m.weibo.cn/detail/5293534137549609
白日提灯贺思慕/女鬼鬼王记忆,post,0,粉丝点评/记忆表达明确,甜迪屿,迪丽热巴#迪丽热巴贺思慕#dlrb#迪丽热巴白日提灯#dlrb#迪丽热巴聂九罗 我希望你永远能开心快乐，一直做你自己 恋源寻巴的微博视频,https://m.weibo.cn/detail/5293534116578396
白日提灯贺思慕/女鬼鬼王记忆,post,0,粉丝点评/记忆表达明确,甜迪屿,迪丽热巴#迪丽热巴贺思慕#dlrb#迪丽热巴白日提灯 故事很长 我长话短说 我喜欢你。 🍒 𝓘𝓉'𝓈 𝒶 𝓁𝓸𝓃𝓰 𝓈𝓉𝓸𝓇𝓎. 𝓘'𝓁𝓁 𝓂𝒶𝓀𝓮 𝒾𝓉 𝓈𝒽𝓸𝓇𝓉. 𝓘 𝓁𝒾𝓀𝓮 𝓎𝓸𝓊 @Dear-迪丽热巴 ...全文,https://m.weibo.cn/detail/5293534078833134
白日提灯贺思慕/女鬼鬼王记忆,post,0,粉丝点评/记忆表达明确,甜迪屿,"迪丽热巴#迪丽热巴白日提灯#dlrb#迪丽热巴贺思慕#dlrb 车水马龙太过拥挤，不如住进我的心里。 Traffic is too crowded, it is better to live in my heart. @Dear-迪丽热巴恋源寻巴的微博视频",https://m.weibo.cn/detail/5293534062055293
白日提灯贺思慕/女鬼鬼王记忆,post,0,粉丝点评/记忆表达明确,第87颗猕猴桃_,#迪丽热巴贺思慕# dlrb#迪丽热巴白日提灯# “我以前也是一个特别没有安全感的人，不断地成长吧，自己给自己想明白了，不再钻牛角尖了，然后你要知道自己的目标自己的方向，你要去做的事情，其实就会给自己一个安全感” @Dear-迪丽热巴 嘉行迪丽热巴工作室的微博视频,https://m.weibo.cn/detail/5293534058119282
白日提灯贺思慕/女鬼鬼王记忆,post,0,粉丝点评/记忆表达明确,聂九罗的喵,迪丽热巴#迪丽热巴白日提灯# dlrb #迪丽热巴贺思慕# dlrb #白日提灯# 🏮 “每个角色里都有我，但没有一个和我一样。我喜欢挑战不同的角色，这是我做演员的初衷，尝试不同的人生，以身外身做梦中梦”,https://m.weibo.cn/detail/5293533583122324
白日提灯贺思慕/女鬼鬼王记忆,post,0,粉丝点评/记忆表达明确,聂九罗的喵,迪丽热巴#迪丽热巴白日提灯# dlrb #迪丽热巴贺思慕# dlrb #白日提灯# 🍨 “其实女生有时候化化妆打扮打扮自己，去买一些漂漂亮亮的小衣服穿上，其实完全就是你自己心情好，我想去做这件事，而不是因为一定要让谁看到要让谁去评价我这现在好不好，完全只是取决于我自己想要去做这件事”,https://m.weibo.cn/detail/5293533545632293
枭起青壤/聂九罗表演突破,post,0,粉丝点评/记忆表达明确,乂玊199602,迪丽热巴 迪丽热巴 dlrb#迪丽热巴枭起青壤# dlrb#迪丽热巴聂九罗# dlrb#慕胥辞# dlrb “我追的不仅仅是你 还有在看你的时候会眼里有光的自己” @Dear-迪丽热巴,https://m.weibo.cn/detail/5293533183609646
白日提灯贺思慕/女鬼鬼王记忆,post,0,粉丝点评/记忆表达明确,谱写思迪篇章,迪丽热巴#迪丽热巴白日提灯# dlrb #迪丽热巴贺思慕# dlrb #白日提灯# 迪丽热巴 |白日提灯 | 虽然不能同时拥有一切 | 贺思慕 |卫蓝@Dear-迪丽热巴 迪丽热巴#迪丽热巴利剑玫瑰央8重播#dlrb#迪丽热巴美美出片# “我对你的爱就像百合花的花语一样，纯洁而伟大 ” 𝓜𝓎 𝓁𝓸𝓋𝓮 𝒻𝓸𝓇 𝓎𝓸𝓊 𝒾𝓈 𝒶𝓈 𝓅𝓊𝓇𝓮 𝒶𝓃𝒹 𝓰𝓇𝓮𝒶𝓉 𝒶𝓈 @Dear-迪丽热巴,https://m.weibo.cn/detail/5293533311273534
白日提灯贺思慕/女鬼鬼王记忆,post,0,粉丝点评/记忆表达明确,阳九禾安,迪丽热巴#迪丽热巴白日提灯# dlrb #迪丽热巴贺思慕# dlrb #白日提灯# 🏮 “我自己的话我更愿意让自己放松，就不要太紧绷，可能以前紧绷的时间太多了，这样会发现自己松弛不下来，整个人精神休息的时候也会很紧张，所以现在让自己去尽量的放松，然后会觉得又有工作的氛围的这种紧张感，休息的 ...全文,https://m.weibo.cn/detail/5293533146911339
白日提灯贺思慕/女鬼鬼王记忆,post,0,粉丝点评/记忆表达明确,额间一枚凤尾花,#迪丽热巴贺思慕# dlrb #迪丽热巴卫蓝# dlrb #迪丽热巴# 迪丽热巴 |白日提灯 | 虽然不能同时拥有一切 | 贺思慕 |卫蓝@Dear-迪丽热巴 迪丽热巴 那天雨点太大，我分不清脸上是泪水还是雨水,https://m.weibo.cn/detail/5293533143500993
白日提灯贺思慕/女鬼鬼王记忆,post,0,粉丝点评/记忆表达明确,qikdszm,迪丽热巴#迪丽热巴贺思慕# dlrb #迪丽热巴白日提灯# dlrb #迪丽热巴卫蓝# 迪丽热巴 |白日提灯 | 虽然不能同时拥有一切 | 贺思慕 |卫蓝@Dear-迪丽热巴 我和你要去闻闻新鲜的春天~ 我家小女好萌吧 头像格式 #迪丽热巴工作室 王亚飞#,https://m.weibo.cn/detail/5293533074556165
白日提灯贺思慕/女鬼鬼王记忆,post,0,粉丝点评/记忆表达明确,阳九禾安,迪丽热巴#迪丽热巴白日提灯# dlrb #迪丽热巴贺思慕# dlrb #白日提灯# 🏮 💌他人困于山中晨雾，我困于你,https://m.weibo.cn/detail/5293533109163990
白日提灯贺思慕/女鬼鬼王记忆,post,0,粉丝点评/记忆表达明确,Dear_28热巴,迪丽热巴#迪丽热巴白日提灯# dlrb #迪丽热巴贺思慕# dlrb #白日提灯# 迪丽热巴 |白日提灯 | 虽然不能同时拥有一切 | 贺思慕 |卫蓝@Dear-迪丽热巴 我喜欢你，穷奇所思，可赴千里。@Dear-迪丽热巴,https://m.weibo.cn/detail/5293532920420276
白日提灯贺思慕/女鬼鬼王记忆,post,0,粉丝点评/记忆表达明确,婷婷遇丽87,迪丽热巴#迪丽热巴# dlrb#迪丽热巴贺思慕#“我自己的话我更愿意让自己放松，就不要太紧绷，可能以前紧绷的时间太多了，这样会发现自己松弛不下来，整个人精神休息的时候也会很紧张，所以现在让自己去尽量的放松，然后会觉得又有工作的氛围的这种紧张感，休息的时候又有一个自己的生活态度”— ...全文,https://m.weibo.cn/detail/5293532795634047
白日提灯贺思慕/女鬼鬼王记忆,post,0,粉丝点评/记忆表达明确,Serena-Dilraba,迪丽热巴#迪丽热巴白日提灯# dlrb #迪丽热巴贺思慕# dlrb #白日提灯# 🥰 “很多人会以为你到了这个程度一定选择很多，你没拍戏就代表没有一个本子找来。并不是这样的，我会为一个喜欢的角色等待许久。”,https://m.weibo.cn/detail/5293532597459562
白日提灯贺思慕/女鬼鬼王记忆,post,0,粉丝点评/记忆表达明确,Serena-Dilraba,迪丽热巴#迪丽热巴白日提灯# dlrb #迪丽热巴贺思慕# dlrb #白日提灯# 😘 “每一天我都感觉像是拍戏的第一天 ，充满了新鲜感 ；每一天我都面临着诸多挑战 ，不管是整理案卷，做庭前准备 ，还是审理案件 ；每一天我都很开心 ，虽然那些法律条文有点陌生 ，学起来并不容易 ，但是就让我有了一股 ...全文,https://m.weibo.cn/detail/5293532577013133
白日提灯贺思慕/女鬼鬼王记忆,post,0,粉丝点评/记忆表达明确,Serena-Dilraba,迪丽热巴#迪丽热巴白日提灯# dlrb #迪丽热巴贺思慕# dlrb #白日提灯# 😘 ♡我真的陷入爱情了，每天都这么心动,https://m.weibo.cn/detail/5293532568360439
白日提灯贺思慕/女鬼鬼王记忆,post,0,粉丝点评/记忆表达明确,Serena-Dilraba,迪丽热巴#迪丽热巴白日提灯# dlrb #迪丽热巴贺思慕# dlrb #白日提灯# 🍨 你这是什么万年一遇的神仙颜值？,https://m.weibo.cn/detail/5293532555773751
李长歌与《长歌行》角色记忆,post,0,粉丝点评/记忆表达明确,是晶依呀,天了噜！我在迪丽热巴超话又双叒叕升级了！当前等级LV.11，获得李长歌头衔，小伙伴们速来围观~超话传送门→迪丽热巴,https://m.weibo.cn/detail/5293532352873250
白日提灯贺思慕/女鬼鬼王记忆,post,0,粉丝点评/记忆表达明确,迪婉裳,#迪丽热巴贺思慕# dlrb#迪丽热巴贺思慕# dlrb#迪丽热巴白日提灯# 我不要众生眼里的亘古长青，只想在你眼里一夕燃尽. @Dear-迪丽热巴,https://m.weibo.cn/detail/5293532221018705
迪拜报平安/守护型记忆,post,0,粉丝点评/记忆表达明确,婷婷遇丽87,迪丽热巴#迪丽热巴# dlrb#迪丽热巴贺思慕#“我觉得我跟自己和解的时间算是比较长的。因为我也不是时时刻刻自信，以前是特别不自信，然后加上特别没安全感，但是现在会稍微好那么一点点。大多数一遇到不自信或者是没安全感的时候，我就会去跟自己做一个心理的沟通“哎呀不行不行，不能这样想” ...全文,https://m.weibo.cn/detail/5293532200043456
白日提灯贺思慕/女鬼鬼王记忆,post,0,粉丝点评/记忆表达明确,迪婉裳,#迪丽热巴贺思慕# dlrb#迪丽热巴贺思慕# dlrb#迪丽热巴白日提灯# 总有一种欢喜止于晚风温柔，从此以后，我便追光，永远心动. @Dear-迪丽热巴,https://m.weibo.cn/detail/5293532160987849
白日提灯贺思慕/女鬼鬼王记忆,post,0,粉丝点评/记忆表达明确,甜迪屿,迪丽热巴 #迪丽热巴慕胥辞#dlrb#迪丽热巴贺思慕#dlrb#迪丽热巴# “其实有很多小事情，即使你很想澄清也不知道如何去解释，很多时候别人就想看你出糗或者在脑海里给你设定一个形象，也不过想看一个热闹而已。父母说，你努力做好工作就好了。其实也算不上什么委屈，我也不想卖惨，我知道自己在 ...全文,https://m.weibo.cn/detail/5293532119043660
枭起青壤/聂九罗表演突破,post,0,粉丝点评/记忆表达明确,小巴委屈嘛,迪丽热巴#迪丽热巴利剑玫瑰央8重播##迪丽热巴# dlrb #迪丽热巴邓妍# 2024六一照拍摄花絮 最美好的事，是看到你的微笑 更美好的事，是你因我而微笑 (˘❥˘) 迪丽热巴 | 枭起青壤 | 利剑玫瑰 |聂九罗 | 邓妍 | 贺思慕 | @Dear-迪丽热巴 duoduoxixixi的微博视频,https://m.weibo.cn/detail/5293532023623034
白日提灯贺思慕/女鬼鬼王记忆,post,0,粉丝点评/记忆表达明确,啵阿阿阿巴,迪丽热巴#迪丽热巴白日提灯# dlrb #迪丽热巴贺思慕# dlrb #白日提灯# 😘 “对以前的我来说，在镜头前表演，现场有很多人，大家不和我互动，这样是可以的；但我不能直接站上舞台，下面一片漆黑，全是人头，所有人都在和我挥手互动，我会有点不知道怎么回应，我一个人在舞台上，光只照着我一 ...全文,https://m.weibo.cn/detail/5293531636964103
生日生贺与小小迪陪伴记忆,post,0,粉丝点评/记忆表达明确,妹力悖论,#迪丽热巴0603生日快乐# 生日快乐 #迪丽热巴0603生日快乐# 还有一个月后我家美女就要过生日啦！ 提前祝她生日快乐！@Dear-迪丽热巴 🧱抽一个52（只抽巴粉） 不限⭕🧱抽3⃣️杯🧋（折现15r） 🍎抽4⃣️个6.3 （不抽骂过热巴的，会查主页，热巴生日当天开，这条我会置顶不假抽）,https://m.weibo.cn/detail/5293531386350983
白日提灯贺思慕/女鬼鬼王记忆,post,0,粉丝点评/记忆表达明确,愤怒的金渺渺,#迪丽热巴贺思慕# 小宝宝 今天归墟过节 大家记得随心所愚~#白日提灯#,https://m.weibo.cn/detail/5283221432698916
白日提灯贺思慕/女鬼鬼王记忆,post,0,粉丝点评/记忆表达明确,早安蛋黄酥,迪丽热巴#贺思慕的无感体验卡##迪丽热巴贺思慕##追剧名场面存档中# 《白日提灯》追更进度：正在追 最喜欢的台词/名场面：我的法度 不可忤逆 我的产出/剧评：好看，好看，还是好看，快点来看吧,https://m.weibo.cn/detail/5283221367687683
白日提灯贺思慕/女鬼鬼王记忆,post,0,粉丝点评/记忆表达明确,唯爱香蕉牛奶噜啦啦,#迪丽热巴贺思慕# 萌的我下奶了 今天归墟过节 大家记得随心所愚~#白日提灯#,https://m.weibo.cn/detail/5283220799096673
白日提灯贺思慕/女鬼鬼王记忆,post,0,粉丝点评/记忆表达明确,猫尾薄荷鱼,迪丽热巴#迪丽热巴# dlrb #迪丽热巴邓妍# dlrb #迪丽热巴利剑玫瑰# 喜欢纪云禾甜甜的笑 预约利剑玫瑰利剑·玫瑰 迪丽热巴 | 枭起青壤 | 利剑玫瑰|慕胥辞 |聂九罗 | 邓妍 | 贺思慕 | @Dear-迪丽热巴 《利剑·玫瑰》迪丽热巴金世佳正义出鞘,https://m.weibo.cn/detail/5283220648363726
白日提灯贺思慕/女鬼鬼王记忆,post,0,粉丝点评/记忆表达明确,猫尾薄荷鱼,迪丽热巴#迪丽热巴# dlrb #迪丽热巴利剑玫瑰# dlrb #迪丽热巴邓妍# 我们凤九小殿下梨花带雨的三叩首哭戏，太虐心了😭😭😭 预约利剑玫瑰利剑·玫瑰 迪丽热巴 | 枭起青壤 | 利剑玫瑰|慕胥辞 |聂九罗 | 邓妍 | 贺思慕 | @Dear-迪丽热巴 《利剑·玫瑰》迪丽热巴金世佳正义出鞘,https://m.weibo.cn/detail/5283220633685297
白日提灯贺思慕/女鬼鬼王记忆,post,0,粉丝点评/记忆表达明确,萝卜头lulala,#迪丽热巴贺思慕# 好萌啊 今天归墟过节 大家记得随心所愚~#白日提灯#,https://m.weibo.cn/detail/5283220342182802
白日提灯贺思慕/女鬼鬼王记忆,post,0,粉丝点评/记忆表达明确,迪迪尼卡狐狐,迪丽热巴#白日提灯# #迪丽热巴卫蓝# dlrb #迪丽热巴虽然不能同时拥有一切# dlrb #虽然不能同时拥有一切# 迪丽热巴 | 白日提灯 | 虽然不能同时拥有一切 | 贺思慕 |卫蓝 @Dear-迪丽热巴 今天归墟过节 大家记得随心所愚~#白日提灯#,https://m.weibo.cn/detail/5283219869535420
白日提灯贺思慕/女鬼鬼王记忆,post,0,粉丝点评/记忆表达明确,奥利奥利奥lu55,这么可爱#迪丽热巴贺思慕# 今天归墟过节 大家记得随心所愚~#白日提灯#,https://m.weibo.cn/detail/5283220170212918
白日提灯贺思慕/女鬼鬼王记忆,post,0,粉丝点评/记忆表达明确,星河不及热巴,玩的很开心，看的也很欢喜哈哈哈哈迪丽热巴#迪丽热巴 白日提灯# #迪丽热巴贺思慕我见犹怜具象化# 今天归墟过节 大家记得随心所愚~#白日提灯#,https://m.weibo.cn/detail/5283219509086934
白日提灯贺思慕/女鬼鬼王记忆,post,0,粉丝点评/记忆表达明确,嘉信寄冬o3,迪丽热巴 #向全世界安利我担# 喜欢这个万灵之主贺思慕#迪丽热巴#,https://m.weibo.cn/detail/5258415854324298
白日提灯贺思慕/女鬼鬼王记忆,post,0,粉丝点评/记忆表达明确,临夏就丽开,迪丽热巴#迪丽热巴贺思慕#dlrb#迪丽热巴枭起青壤#dlrb#迪丽热巴白日提灯# 星星坠入海里，糖果掉进梦里，而你在我心里 @Dear-迪丽热巴,https://m.weibo.cn/detail/5293843630260884
白日提灯贺思慕/女鬼鬼王记忆,post,0,粉丝点评/记忆表达明确,热爱不止十幕_,#迪丽热巴贺思慕# dlrb#迪丽热巴白日提灯# 微风轻拂，阳光微暖，山河如梦，你入我心。 @Dear-迪丽热巴,https://m.weibo.cn/detail/5283214220595356
白日提灯贺思慕/女鬼鬼王记忆,post,0,粉丝点评/记忆表达明确,纪春蚀,是谁被这一幕爽到了，还得是我巴姐 #迪丽热巴 #贺思慕 #白日提灯 #春日心动放映季# 纪春蚀的微博视频,https://m.weibo.cn/detail/5283200253560591
白日提灯贺思慕/女鬼鬼王记忆,post,0,粉丝点评/记忆表达明确,爱嘤斯坦叭叭叭叭个啥,#迪丽热巴愚人节骗到了陈飞宇##热巴说维语骗陈飞宇##白日提灯# 直播名场面！热巴教阿瑟说维语，阿瑟认真跟读了好几遍，结果那是数字不是颜色！要不是新疆粉丝出来破案，大家还以为热巴真的在教颜色。阿瑟：你骗我！热巴：愚人节快乐～,https://m.weibo.cn/detail/5283191332275837
白日提灯贺思慕/女鬼鬼王记忆,post,0,粉丝点评/记忆表达明确,赤狐游过第九条河,迪丽热巴闯祸进行曲 粉丝解读：结合剧中角色“贺思慕”（400岁鬼王）的调皮设定，观众将这一互动戏称为“闯祸进行曲”，暗指她以萌态“闯祸”呼吁关注新剧。 后续发展：主持人紧急引导看海报跳过环节，但迪丽热巴的临场反应因真实自然登上热搜，话题当日阅读量破亿。 迪丽热巴闯祸进行曲,https://m.weibo.cn/detail/5283187001656031
爱丽丝与热巴的双向奔赴,post,0,粉丝点评/记忆表达明确,差一点长成仙女,迪丽热巴是真的把粉丝放在心上，双向奔赴从来不是说说而已 #迪丽热巴在还63张自拍的债了#热巴这波操作真的把“双向奔赴”焊在脸上了。不同于其他明星的敷衍式宠粉，她向来是“说到做到”，之前机场撞头后还特意折返收粉丝的手写信 饭圈杂谈的微博视频,https://m.weibo.cn/detail/5293906310468503
爱丽丝与热巴的双向奔赴,post,0,粉丝点评/记忆表达明确,洗脸卸妆,#迪丽热巴在还63张自拍的债了# 这种“双向奔赴”体现了她对粉丝的重视，例如曾因机场撞头后折返收粉丝手写信 迪丽热巴在还63张自拍的债了,https://m.weibo.cn/detail/5293905392435434
嘻嘻迪/表情包/可爱梗,post,0,粉丝点评/记忆表达明确,巴只布偶猫,#迪丽热巴在还63张自拍的债了#哈哈哈哈哈好可爱的热搜！迪丽热巴一直想着粉丝们的，热爱99,https://m.weibo.cn/detail/5293894566678890
任安乐/帝梓元角色记忆,post,0,粉丝点评/记忆表达明确,丟沙石_,迪丽热巴#迪丽热巴微博粉丝破8000万#dlrb#迪丽热巴# 恭喜宝贝迎来了8000万粉 迪丽热巴任安乐|#迪丽热巴任安乐#|迪丽热巴安乐传|#迪丽热巴安乐传# @Dear-迪丽热巴,https://m.weibo.cn/detail/5293885477882684
红毯神图与高定封神造型,post,0,粉丝点评/记忆表达明确,齿涩时,迪丽热巴在2026年4月28日南京迪奥活动中与素人粉丝的合影引发热议，雨中撑伞的蓝裙造型被赞“破碎感美神”，而她主动搓手为粉丝取暖、谦让合影位置等细节更成为全网焦点。 #迪丽热巴和素人合影#女神美成啥样了！状态真的太好了，热巴每次活动状态都很出圈！ #春日心动放映季#,https://m.weibo.cn/detail/5293880635294899
生日生贺与小小迪陪伴记忆,post,0,粉丝点评/记忆表达明确,偷喝一口晚风WR,迪丽热巴，热巴生日会现场现在看还是很感动 当迪丽热巴粉丝真幸福，幸运鹅免费被选中生日会名额，第一次自己出远门就是一个人去北京参加生日会 偷喝一口晚风WR的微博视频,https://m.weibo.cn/detail/5293870755615142
生日生贺与小小迪陪伴记忆,post,0,粉丝点评/记忆表达明确,Hh见巴可开心-,"这个不错哎迪丽热巴//@迪badaba迪:可以按照入坑时间让粉丝组成一队，然后评论区可以写“我们是2018年入坑的粉丝，这一年你完成了……（写热巴这一年的经历和粉丝对热巴的祝福）”，然后依次往后排，2019,2020…2026 迪丽热巴 【生日意见收集】 距离热巴生日还有一个月左右，想听听各位阿丝的意见对今年生日有什么提议？ 去年热巴生日零点博+亲发博两帖的总👍🏻相加二十四小时破了千万，每帖的内👍🏻都破了十万。 今年大家想挑战多少？ 除",https://m.weibo.cn/detail/5293853802235868
红毯神图与高定封神造型,post,0,粉丝点评/记忆表达明确,醒时肆雨季,#迪丽热巴和素人合影#雨中造型氛围感出圈 迪丽热巴身穿蓝色露背长裙，撑透明雨伞亮相南京迪奥活动现场，冷色调与雨天交融形成清冷氛围。怼脸生图展现精致骨相，侧颜轮廓被赞“美如建模”，裹毯回眸的瞬间因“脆弱美感”登上热搜。部分网友认为卷发造型略显成熟，但多数观点认可其扛镜头能力，称“生图 ...全文,https://m.weibo.cn/detail/5293824416156187
白日提灯贺思慕/女鬼鬼王记忆,post,0,粉丝点评/记忆表达明确,又见梨花逢春,迪丽热巴#迪丽热巴# dlrb #迪丽热巴贺思慕# dlrb #迪丽热巴慕胥辞# 热巴和粉丝的双向奔赴 预约慕胥辞白日提灯 迪丽热巴 | 枭起青壤 | 利剑玫瑰|慕胥辞 |聂九罗 | 邓妍 | 贺思慕 | @Dear-迪丽热巴 网剧慕胥辞的微博视频,https://m.weibo.cn/detail/5293812528187264
白日提灯贺思慕/女鬼鬼王记忆,post,0,粉丝点评/记忆表达明确,吃一口迪D,迪丽热巴#迪丽热巴白日提灯#dlrb#迪丽热巴贺思慕#dlrb#迪丽热巴卫蓝# “我可以完成你的一个愿望” 迪丽热巴 |白日提灯 | 虽然不能同时拥有一切 | 贺思慕 |卫蓝@Dear-迪丽热巴 吃一口迪D的微博视频,https://m.weibo.cn/detail/5293804484824436
白日提灯贺思慕/女鬼鬼王记忆,post,0,粉丝点评/记忆表达明确,甜妹季陌,迪丽热巴#迪丽热巴白日提灯#dlrb#迪丽热巴贺思慕#dlrb#迪丽热巴卫蓝# 我想扼杀这世间所有的恶意 将满春的烂漫赠予你 迪丽热巴 |白日提灯 | 虽然不能同时拥有一切 | 贺思慕 |卫蓝@迪丽热巴 甜妹季陌的微博视频,https://m.weibo.cn/detail/5293794297123228
行走的油画/神女美貌出圈,post,0,粉丝点评/记忆表达明确,TwinsJ_,迪丽热巴南京迪奥活动美到出圈，雨天贴心给粉丝搓手取暖，合影超有女友感，同框素人颜值也惊艳众人。,https://m.weibo.cn/detail/5293779340231017
红毯神图与高定封神造型,post,0,粉丝点评/记忆表达明确,泠春忆栩栀_,#迪丽热巴和素人合影#雨中氛围感造型与生图状态 迪丽热巴身穿迪奥冰蓝色露背长裙，撑透明雨伞亮相南京德基广场活动，冷色调与雨天交织出清冷破碎感氛围。怼脸生图中她的侧颜轮廓和骨相被赞“生图即神图”，裹毯回眸镜头因“脆弱美感”出圈。部分网友认为卷发造型显老或暴露疲态，但多数观点认可其扛镜 ...全文,https://m.weibo.cn/detail/5293757645981203
红毯神图与高定封神造型,post,0,粉丝点评/记忆表达明确,仪只猫兔羊,#迪丽热巴和素人合影# 雨中氛围感造型与生图状态 迪丽热巴身穿迪奥冰蓝色露背长裙，撑透明雨伞亮相南京德基广场活动，冷色调与雨天交织出清冷破碎感氛围。怼脸生图中她的侧颜轮廓和骨相被赞“生图即神图”，裹毯回眸镜头因“脆弱美感”出圈。部分网友认为卷发造型显老或暴露疲态，但多数观点认可其扛镜 ...全文,https://m.weibo.cn/detail/5293757645721357
红毯神图与高定封神造型,post,0,粉丝点评/记忆表达明确,懂我心亊,#迪丽热巴和素人合影# 迪丽热巴近期南京迪奥活动的合影现场，之所以能快速冲上热搜，本质上是“颜值+细节”的双重破圈。 雨中蓝裙的破碎感造型，满足了大众对“神级现场”的审美期待；而主动和手冷的粉丝提议“互相取暖”、搓手互动的细节，则打破了明星与素人之间的距离感。 这种“美而不冷、贵而不傲 ...全文,https://m.weibo.cn/detail/5293748424540398
红毯神图与高定封神造型,post,0,粉丝点评/记忆表达明确,萌萌单机鱼,#迪丽热巴和素人合影#迪丽热巴近期在南京迪奥活动中的一系列与素人合影引发热议，其雨中撑伞的蓝裙造型被赞“破碎感美神”，而主动为粉丝搓手取暖、谦让C位等细节更凸显其亲和力，引发全网对明星与素人真实状态对比的关注。 一、活动造型与生图状态 雨中氛围感出圈：迪丽热巴身穿蓝色露背长裙，手持透 ...全文,https://m.weibo.cn/detail/5293746050829490
红毯神图与高定封神造型,post,0,粉丝点评/记忆表达明确,幸福爱情npc,#迪丽热巴和素人合影#迪丽热巴在南京迪奥活动中因雨中主动帮粉丝“互相取暖”搓手、让出C位等暖心互动广受好评，其蓝色露背裙造型与抗打生图状态惊艳全网，同时多位合影素人因高颜值被赞“不输明星”，共同成就了这场双向奔赴的热搜名场面。 迪丽热巴和素人合影,https://m.weibo.cn/detail/5293740893929855
红毯神图与高定封神造型,post,0,粉丝点评/记忆表达明确,絮兔聆丞,迪丽热巴和素人合影 迪丽热巴和素人合影出圈，核心是颜值能打+教养暖心+态度平等，打破了顶流明星的距离感。 一、颜值：生图能打，气场出众 - 无滤镜抗打：异域五官立体精致，生图状态能打，白到发光，在人群中很出挑。 - 不刻意碾压：合影时不抢C位、不刻意显瘦，反而主动迁就对方，视觉上和谐舒 ...全文,https://m.weibo.cn/detail/5293737641248890
红毯神图与高定封神造型,post,0,粉丝点评/记忆表达明确,小兔不会大叫,#奔跑吧#《奔跑吧》第14季近期热度持续攀升，泉州、厦门双城录制带动文旅热潮，常驻成员变动、高能名场面及舆论争议成为焦点。 一、节目动态与热度爆发 双城录制引爆关注 泉州站以非遗文化体验为核心，白鹿惠女服饰造型登热搜；厦门站开展海上直播，12位嘉宾参与互动，观看量破1000万。两场活动带动40 ...全文,https://m.weibo.cn/detail/5293522015225859
红毯神图与高定封神造型,post,0,粉丝点评/记忆表达明确,清橹伴花眠,"#迪丽热巴美美出片# 迪丽热巴近期因活动生图与品牌合作频繁展现极高出片效率，尤其4月28日南京迪奥雨中蓝裙造型引发""神图""热议，同时粉丝热议其轻松驾驭镜头的天赋。 🌟 一、最新动态：品牌活动生图封神 南京迪奥雨中造型 4月28日，迪丽热巴身着蓝色露背长裙亮相南京迪奥活动，雨中撑透明伞的画面被 ...全文",https://m.weibo.cn/detail/5293519889501306
红毯神图与高定封神造型,post,0,粉丝点评/记忆表达明确,小狗不懂萌,"#迪丽热巴美美出片#迪丽热巴近期因活动生图与品牌合作频繁展现极高出片效率，尤其4月28日南京迪奥雨中蓝裙造型引发""神图""热议，同时粉丝热议其轻松驾驭镜头的天赋。",https://m.weibo.cn/detail/5293517872039055
白日提灯贺思慕/女鬼鬼王记忆,post,0,粉丝点评/记忆表达明确,你是小迪控吗,你见识到社会的厉害了吗 不 我见识到我自己的厉害了 #迪丽热巴贺思慕##迪丽热巴白日提灯##迪丽热巴# 你是小迪控吗的微博视频,https://m.weibo.cn/detail/5293458105568777
白日提灯贺思慕/女鬼鬼王记忆,post,0,粉丝点评/记忆表达明确,又见梨花逢春,迪丽热巴#迪丽热巴# dlrb #迪丽热巴贺思慕# dlrb #迪丽热巴慕胥辞# 热巴和粉丝的双向奔赴 预约慕胥辞白日提灯 迪丽热巴 | 枭起青壤 | 利剑玫瑰|慕胥辞 |聂九罗 | 邓妍 | 贺思慕 | @Dear-迪丽热巴 网剧慕胥辞的微博视频,https://m.weibo.cn/detail/5293393171451188
白日提灯贺思慕/女鬼鬼王记忆,post,0,粉丝点评/记忆表达明确,又见梨花逢春,迪丽热巴#迪丽热巴# dlrb #迪丽热巴贺思慕# dlrb #迪丽热巴慕胥辞# 热巴和粉丝的双向奔赴 预约慕胥辞白日提灯 迪丽热巴 | 枭起青壤 | 利剑玫瑰|慕胥辞 |聂九罗 | 邓妍 | 贺思慕 | @Dear-迪丽热巴 网剧慕胥辞的微博视频,https://m.weibo.cn/detail/5293391290042435
白日提灯贺思慕/女鬼鬼王记忆,post,0,粉丝点评/记忆表达明确,雾中的热爱,迪丽热巴迪丽热巴迪丽热巴迪丽热巴#迪丽热巴贺思慕# dlrb #迪丽热巴白日提灯# dlrb #迪丽热巴# 你是藏在我心里的永生花，不败不凋，经久不息“𝓨𝓸𝓾 𝓪𝓻𝓮 𝓪𝓷 𝓲𝓶𝓶𝓸𝓻𝓽𝓪𝓵 𝓯𝓵𝓸𝔀𝓮𝓻 𝓱𝓲𝓭𝓭𝓮 ...全文,https://m.weibo.cn/detail/5293210597590281
白日提灯贺思慕/女鬼鬼王记忆,post,0,粉丝点评/记忆表达明确,迪淮年,迪丽热巴#迪丽热巴白日提灯# dlrb#迪丽热巴贺思慕# 粉丝这个词注定我们不能相爱. @Dear-迪丽热巴,https://m.weibo.cn/detail/5293185085739397
白日提灯贺思慕/女鬼鬼王记忆,post,0,粉丝点评/记忆表达明确,路子垚,#感觉迪丽热巴从头到脚都香香的# 贺思慕第一次闻到的就是姐姐身上的花香吧 #白日提灯#白日提灯剧版,https://m.weibo.cn/detail/5283194153735339
生日生贺与小小迪陪伴记忆,post,0,粉丝点评/记忆表达明确,倾城予与余迪,#迪丽热巴0603生日快乐# @打乱风思绪 @平平无奇的爱丽丝 @28的阿丝吖 迪丽热巴#迪丽热巴0603生日快乐# 【2026迪丽热巴广西分会生贺】 Part2——线下生贺应援 我们把夏天的风装进信笺， 在广西的山水间，搭一座小小的乐园。 不是隔着屏幕的遥望， 是为你攒一场可以抵达的相聚。 有彼此靠近的心跳， 有卡片写满未说出口的欢喜， 有甜丝丝的糖，像你眼睫弯弯的弧 ...全文,https://m.weibo.cn/detail/5293829314838661
枭起青壤/聂九罗表演突破,post,0,粉丝点评/记忆表达明确,以热爱之名_,迪丽热巴#迪丽热巴# dlrb #迪丽热巴枭起青壤# dlrb #迪丽热巴聂九罗# 迪丽热巴💖爱丽丝！一生热爱，步履不停 枭起青壤官微的微博视频,https://m.weibo.cn/detail/5293805454231800
爱丽丝与热巴的双向奔赴,post,0,粉丝点评/记忆表达明确,初秋_-_,迪丽热巴#超星动告白信箱# “致迪丽热巴： 谢谢你成为我平淡生活里的一束光。 愿你平安喜乐，万事顺意，永远自在如风。 ——一直默默支持你的爱丽丝”@Dear-迪丽热巴,https://m.weibo.cn/detail/5293210018776873
爱丽丝与热巴的双向奔赴,post,0,粉丝点评/记忆表达明确,迷屿露,"迪丽热巴#迪丽热巴##迪丽热巴内娱唯一断层女顶流##迪丽热巴爱丽丝双向奔赴# ""我们就是你最大的底气""𝐖𝐞 𝐚𝐫𝐞 𝐲𝐨𝐮𝐫 𝐠𝐫𝐞𝐚𝐭𝐞𝐬𝐭 𝐬𝐭𝐫𝐞𝐧𝐠𝐭𝐡.",https://m.weibo.cn/detail/5292986369835541
爱丽丝与热巴的双向奔赴,post,0,粉丝点评/记忆表达明确,是一只小巴巴呀,迪丽热巴 德基现场还有爱丽丝有玫红色应援物吗，孩子临时来了没有带玫红色元素,https://m.weibo.cn/detail/5292668183643757
爱丽丝与热巴的双向奔赴,post,0,粉丝点评/记忆表达明确,拉爆你担,不光小巴逆应援巴粉 爱丽丝们之间也在互相帮助 雨衣 面包 牛奶等等 在这个大家庭里感觉很幸福 大家都紧紧抱在一起爱小巴 #迪丽热巴#,https://m.weibo.cn/detail/5292439267186945
枭起青壤/聂九罗表演突破,post,0,粉丝点评/记忆表达明确,长安城的十四郎,迪丽热巴#迪丽热巴跑男只录了12天##迪丽热巴# dlrb #迪丽热巴枭起青壤# dlrb #迪丽热巴聂九罗# 迪丽热巴💖爱丽丝！一生热爱，步履不停 枭起青壤官微的微博视频,https://m.weibo.cn/detail/5292289858995846
机场饭拍与日常陪伴片刻,post,0,粉丝点评/记忆表达明确,badada的酸奶疙瘩,迪丽热巴安徽爱丽丝 “演员就是我的工作，工作之外的我其实不会有太大差别，可能我话会比较少，但是会和大家一样上班下班，也会出去买东西吃饭之类的，但没有那么多如同跌宕起伏剧情一样的事情”。——@Dear-迪丽热巴,https://m.weibo.cn/detail/5291004468923896
白日提灯贺思慕/女鬼鬼王记忆,post,0,粉丝点评/记忆表达明确,花店四季营业中,#白日提灯今日收官##迪丽热巴贺思慕# 贺思慕，你要永远幸福啊 演员迪丽热巴，爱丽丝一直在,https://m.weibo.cn/detail/5290950601212917
白日提灯贺思慕/女鬼鬼王记忆,post,0,粉丝点评/记忆表达明确,闪亮巴,爱丽丝的大家庭#迪丽热巴白日提灯# dlrb #迪丽热巴贺思慕# dlrb #白日提灯# 恭迎万灵之主贺思慕 3月28日去腾讯视频看白日提灯贺思慕 预约 明星作品上榜信息 迪丽热巴 |白日提灯 |虽然不能同时拥有一切| 贺思慕 | 卫蓝 @Dear-迪丽热巴 白日提灯官微的微博视频,https://m.weibo.cn/detail/5290247277516490
生日生贺与小小迪陪伴记忆,post,0,粉丝点评/记忆表达明确,Dear-沉暮烟雨_,安徽的贝贝们 有没有想来线下生日会玩哒 迪丽热巴安徽爱丽丝#迪丽热巴#,https://m.weibo.cn/detail/5289887576100557
枭起青壤/聂九罗表演突破,post,0,粉丝点评/记忆表达明确,红毯上的巴,迪丽热巴 贺思慕#迪丽热巴枭起青壤# dlrb#迪丽热巴聂九罗# dlrb#迪丽热巴# 眼含爱丽丝的迪丽热巴，惊艳了花海万千美好，唯独你一枝玫瑰最触动我心弦 @Dear-迪丽热巴,https://m.weibo.cn/detail/5289416621034437
白日提灯贺思慕/女鬼鬼王记忆,post,0,粉丝点评/记忆表达明确,8梨梨蕊87,迪丽热巴 贺思慕爱丽丝宝宝们可不可以互粉！！！ 迪丽热巴 贺思慕#迪丽热巴白日提灯##迪丽热巴贺思慕##迪丽热巴##贺思慕 22个前任# 迪丽热巴，你值得这世上所有的鲜花和掌声！@Dear-迪丽热巴,https://m.weibo.cn/detail/5288842676667971
白日提灯贺思慕/女鬼鬼王记忆,post,0,粉丝点评/记忆表达明确,热巴的紫色玛丽猫,爱丽丝牛逼克拉斯迪丽热巴#迪丽热巴白日提灯# dlrb #迪丽热巴贺思慕# dlrb #白日提灯# 恭迎万灵之主贺思慕 3月28日去腾讯视频看白日提灯贺思慕 预约 明星作品上榜信息 迪丽热巴 |白日提灯 |虽然不能同时拥有一切| 贺思慕 | 卫蓝 @Dear-迪丽热巴 ...全文,https://m.weibo.cn/detail/5288412844395982
白日提灯贺思慕/女鬼鬼王记忆,post,0,粉丝点评/记忆表达明确,巴宝许,"迪丽热巴 贺思慕#迪丽热巴白日提灯全集有广# dlrb#迪丽热巴贺思慕# ""新疆的野玫瑰""东方人口中的西域美人""""我的迪丽热巴""""迪丽热巴是深渊的救赎,是我们压不倒的救命稻草""""迪丽热巴和爱丽丝是彼此黑暗中唯一的光"" @Dear-迪丽热巴",https://m.weibo.cn/detail/5288375188718175
白日提灯贺思慕/女鬼鬼王记忆,post,0,粉丝点评/记忆表达明确,摘星怪怪zz,当下belike 迪丽热巴 爱丽丝无妄之灾 不如来追 白日提灯#迪丽热巴贺思慕#,https://m.weibo.cn/detail/5288153204130352
爱丽丝与热巴的双向奔赴,post,0,粉丝点评/记忆表达明确,-正是在夏,迪丽热巴 天那 心理委员 我不待劲 原来热巴一直在想怎么弥补已经去法国应援的爱丽丝了 真的热爱是最无敌的@Dear-迪丽热巴 #迪丽热巴##迪丽热巴眼窝立体到自带阴影#,https://m.weibo.cn/detail/5286918785077989
李长歌与《长歌行》角色记忆,post,0,粉丝点评/记忆表达明确,小汤圆碎碎念zy,今天上午在店里试衣服的时候觉得那条裙子特好看，结果回家又穿上了才感觉到版型不好……中午饭吃了好多，吃完就睡，睡了一个多小时，又在床上躺着刷《白日提灯》。迪丽热巴你太会选剧本了，《白日提灯》简直是继《长歌行》之后我最近喜欢的剧！一介游灵游历凡间，到了一个村里吃百家饭穿百家衣，被乡里 ...全文,https://m.weibo.cn/detail/5286565874239183
生日生贺与小小迪陪伴记忆,post,0,粉丝点评/记忆表达明确,307星球咖啡小镇直播室,迪丽热巴·迪力木拉提 简介@就说减肥 全名：迪丽热巴·迪力木拉提（Dilraba Dilmurat） 别名：胖迪、小迪、热巴 国籍：中国 民族：维吾尔族 生日：1992年6月3日 出生地：新疆乌鲁木齐市 身高：168cm 毕业院校：上海戏剧学院（表演系） 职业：演员、歌手 粉丝名：爱丽丝 一、早年经历 • 出身艺术家庭 ...全文,https://m.weibo.cn/detail/5286465534952671
演员成长与角色群像评价,post,0,粉丝点评/记忆表达明确,Dear-关关_,#迪丽热巴称贺思慕是最有层次的角色# dlrb#迪丽热巴好六的22个爱人# 迪丽热巴，你是最善良、最可爱、最善解人意、最努力、最棒的演员 迪丽热巴，你值得世界上所有的爱 热巴保持古灵精怪、奇怪、活泼，不要担心敏感，因为敏感也是一种天赋 热巴，你是最棒的，你值得所有的鲜花和掌声 ...全文,https://m.weibo.cn/detail/5281602535948570
爱丽丝与热巴的双向奔赴,post,0,粉丝点评/记忆表达明确,白居仙,热巴与爱丽丝的专属浪漫，让陪伴不止于仪式，更能萦绕在朝夕日常#迪丽热巴# 2025迪丽热巴每一帧都是名场面#金牌剪刀手##一分钟视频创作季# 白居仙的微博视频,https://m.weibo.cn/detail/5250682642760175
白日提灯贺思慕/女鬼鬼王记忆,post,0,粉丝点评/记忆表达明确,Dilireba-怀柔微雨亭,迪丽热巴#迪丽热巴# dlrb #迪丽热巴慕胥辞# dlrb #迪丽热巴贺思慕# 迪丽热巴💖爱丽丝！ @Dear-迪丽热巴 们爱丽丝的微博视频,https://m.weibo.cn/detail/5293904561440844
爱丽丝与热巴的双向奔赴,post,0,粉丝点评/记忆表达明确,dlrb的隐婚老公,是迪丽热巴与爱丽丝的双向奔赴#内娱神仙星粉关系# #内娱神仙星粉关系#说的是迪丽热巴与爱丽丝们之间的热爱关系吗?!,https://m.weibo.cn/detail/5293716554384385
枭起青壤/聂九罗表演突破,post,0,粉丝点评/记忆表达明确,AWY迪b,"#迪丽热巴贺思慕##迪丽热巴枭起青壤# dlrb#迪丽热巴聂九罗# ""她会开窗的""爱丽丝念了一年又一年 @Dear-迪丽热巴",https://m.weibo.cn/detail/5293703122125249
白日提灯贺思慕/女鬼鬼王记忆,post,0,粉丝点评/记忆表达明确,小人都去4,我没小灯应得的 我们灵珠应得的 我们爱丽丝应得的 我们热巴应得的#迪丽热巴# 迪丽热巴《白日提灯》外网剧评，大家真的都很爱迪丽热巴贺思慕！迪丽热巴演技满分！,https://m.weibo.cn/detail/5293690521651817
白日提灯贺思慕/女鬼鬼王记忆,post,0,粉丝点评/记忆表达明确,SAiXX叉,迪丽热巴热巴你尽管走，爱丽丝在你身后 迪丽热巴#迪丽热巴白日提灯# dlrb #迪丽热巴贺思慕#迪丽热巴 ｜白日提灯 | “你走过泥泞不堪的道路，迎来鲜花盛开的四季” @Dear-迪丽热巴 #迪丽热巴利剑玫瑰央8重播##迪丽热巴美美出片#,https://m.weibo.cn/detail/5293504198609642
爱丽丝与热巴的双向奔赴,post,0,粉丝点评/记忆表达明确,啵啵迪呀,爱丽丝们与迪丽热巴永远都是双向奔赴 迪丽热巴 不知道 线下的玫红色人头很曼妙#迪丽热巴邓为南京线下活动#,https://m.weibo.cn/detail/5292980290458863
爱丽丝与热巴的双向奔赴,post,0,粉丝点评/记忆表达明确,汐夏star,看着心暖暖的，爱丽丝和巴宝都是最好最好最好的人，一生热爱💗永远都是双向奔赴的#迪丽热巴##爱丽丝##保持热爱奔赴四川山海##热爱# 汐夏star的微博视频,https://m.weibo.cn/detail/5292971085270249
嘻嘻迪/表情包/可爱梗,post,0,粉丝点评/记忆表达明确,badada_对小巴无敌心动版,迪丽热巴 幸福#爱丽丝# #迪丽热巴# #线下活动# #迪丽热巴软萌鲜活# 迪丽热巴 从英国飞回来，买的🎫管的太严没能进去里面近距离，有点遗憾。接下来希望能把我的公司做大做强，以后能以Vic的身份见8（爱8真的有让我变得越来越好越强） 见到了同担们很开心，大家人均爱8七年以上，8粉真普遍长得特别美人特别好特别可爱特别有素质，很多人为爱发电准备了很多物 ...全文,https://m.weibo.cn/detail/5292952654185964
爱丽丝与热巴的双向奔赴,post,0,粉丝点评/记忆表达明确,迪迪媛,爱丽丝们和巴巴从来都是双向奔赴#迪丽热巴# 迪丽热巴 迪丽热巴见过凌晨四点的德基吗,https://m.weibo.cn/detail/5292805858530021
红毯神图与高定封神造型,post,0,粉丝点评/记忆表达明确,Ballixx,自古红蓝出cp，没错就是爱丽丝和迪丽热巴 热巴亮相Dior南京活动，一袭蓝裙子，简直是雨中撑伞的美神啊~ #热巴雨中撑伞神图# #迪丽热巴迪奥南京活动人气# #Dior南京活动# #DiorCigale# 南京·德基广场 Chrison克里森的微博视频,https://m.weibo.cn/detail/5292679533695145
爱丽丝与热巴的双向奔赴,post,0,粉丝点评/记忆表达明确,巴特福来是巴,迪丽热巴爱丽丝辛苦了 无官方组织无提前通知，全是巴粉自发线下应援 大家辛苦了，保护好自己 大黑饼干的微博视频,https://m.weibo.cn/detail/5292667794622697
爱丽丝与热巴的双向奔赴,post,0,粉丝点评/记忆表达明确,胖迪小丸子badada,太棒了💖爱丽丝和迪丽热巴永远双向奔赴💞注意安全注意保暖一切顺利💖迪丽热巴 无官方组织无提前通知，全是巴粉自发线下应援 大家辛苦了，保护好自己 大黑饼干的微博视频,https://m.weibo.cn/detail/5292665445811534
爱丽丝与热巴的双向奔赴,post,0,粉丝点评/记忆表达明确,热巴的阿遇,#迪丽热巴# 萌萌爱丽丝们应援辛苦啦#迪丽热巴贺思慕# 迪丽热巴 无官方组织无提前通知，全是巴粉自发线下应援 大家辛苦了，保护好自己 大黑饼干的微博视频,https://m.weibo.cn/detail/5292641370771738
爱丽丝与热巴的双向奔赴,post,0,粉丝点评/记忆表达明确,会火星剧,#线上的巴粉为参与线下的巴粉点面包饮品# #迪丽热巴粉丝因为爱意聚集的粉圈#迪丽热巴粉丝因为爱意聚集的粉圈，线上的巴粉为参与线下的巴粉点面包饮品！辛苦了！爱丽丝们注意安全！注意保暖！,https://m.weibo.cn/detail/5292595620348528
白日提灯贺思慕/女鬼鬼王记忆,post,0,粉丝点评/记忆表达明确,ribcusba,#迪丽热巴卫蓝# dlrb #迪丽热巴虽然不能同时拥有一切# dlrb #虽然不能同时拥有一切# 迪丽热巴 | 白日提灯 | 虽然不能同时拥有一切 | 贺思慕 |卫蓝 @Dear-迪丽热巴 爱丽丝宝宝们真的都是天使，看的让人心暖暖的 迪丽热巴 宝宝们，给大家买了100件玫红色雨衣，还有玫红色丝带10卷，已经联系收货的巴粉宝宝了，大家注意查收哦！,https://m.weibo.cn/detail/5292588123816397
迪拜报平安/守护型记忆,post,0,粉丝点评/记忆表达明确,椰椰的九罗,迪丽热巴 因为去不了，所以我想说南京的爱丽丝们，注意安全，明天也就是28号会断断续续的下雨，注意防水，安安全全的见到巴巴，热巴也不想她的爱丽丝有事。去的爱丽丝们，每一个人可以报一句平安到达嘛,https://m.weibo.cn/detail/5292465947939759
白日提灯贺思慕/女鬼鬼王记忆,post,0,粉丝点评/记忆表达明确,迪迪的情人,#迪丽热巴贺思慕# dlrb #迪丽热巴卫蓝# dlrb #迪丽热巴# 迪丽热巴 |白日提灯 | 虽然不能同时拥有一切 | 贺思慕 |卫蓝@Dear-迪丽热巴//@超爱迪爱丽丝:#迪丽热巴贺思慕# dlrb #迪丽热巴白日提灯# dlrb #白日提灯# 迪丽热巴 |白日提灯 | 虽然不能同时拥有一切 | 贺思慕 |卫蓝 @Dear-迪丽热巴 黑暗中的一...全文 孤单又灿烂的灵主大人🏮,https://m.weibo.cn/detail/5292350110960666
白日提灯贺思慕/女鬼鬼王记忆,post,0,粉丝点评/记忆表达明确,翊只巴,迪丽热巴 贺思慕#迪丽热巴白日提灯#dlrb#迪丽热巴贺思慕# 玫瑰很难养.但迪丽热巴把爱丽丝养的很好！ @Dear-迪丽热巴,https://m.weibo.cn/detail/5292010705522049
白日提灯贺思慕/女鬼鬼王记忆,post,0,粉丝点评/记忆表达明确,Dear-badada_1,#迪丽热巴白日提灯# dlrb #迪丽热巴贺思慕# dlrb #白日提灯# 迪丽热巴 |白日提灯 | 虽然不能同时拥有一切 | 贺思慕 |卫蓝@Dear-迪丽热巴//@limerence破败:迪丽热巴//@恐龙干饭不打烊:迪丽热巴“迪丽热巴·迪力木拉提九个字是爱丽丝的光”@Dear-迪丽热巴 萌萌📸🥰,https://m.weibo.cn/detail/5291910998526185
枭起青壤/聂九罗表演突破,post,0,粉丝点评/记忆表达明确,DLRB-迪晓念,迪丽热巴 贺思慕#迪丽热巴# dlrb #迪丽热巴枭起青壤# dlrb #迪丽热巴聂九罗# 迪丽热巴💖爱丽丝！一生热爱，步履不停 枭起青壤官微的微博视频,https://m.weibo.cn/detail/5291755114594843
爱丽丝与热巴的双向奔赴,post,0,粉丝点评/记忆表达明确,颖桃霜糕,迪丽热巴 dlrb#迪丽热巴# dlrb#热巴# dlrb#迪丽热巴公诉# dlrb#明星# dlrb 她是即使站在顶流之巅，依然会为记不住粉丝长相而愧疚的温柔存在；是生日时给爱丽丝写手写信、送专属礼物的暖心宝贝；是永远用善意拥抱世界，坚信“心存善意，途中便有天使”的纯粹灵魂。她的好，藏在每一句“ ...全文,https://m.weibo.cn/detail/5291714501677986
生日生贺与小小迪陪伴记忆,post,0,粉丝点评/记忆表达明确,EternalD-love,迪丽热巴 有没有28号去德基的爱丽丝，南京仙林一起出发！！！#迪丽热巴0603生日快乐#,https://m.weibo.cn/detail/5291673020011310
白日提灯贺思慕/女鬼鬼王记忆,post,0,粉丝点评/记忆表达明确,颖桃霜糕,迪丽热巴 dlrb#迪丽热巴# dlrb#明星# dlrb#热巴# dlrb#迪丽热巴 dlrb# dlrb 十年初心如月，热巴的光芒始终清澈又坚定！从《白日提灯》里贺思慕的原声台词穿透屏幕，到每个角色用真诚演绎的成长轨迹，你无愧于心的努力，让时光都为你驻足。愿你永远被岁月温柔以待，新岁继续做自在追光的 ...全文,https://m.weibo.cn/detail/5291670671200088
枭起青壤/聂九罗表演突破,post,0,粉丝点评/记忆表达明确,DLRB-迪晓念,迪丽热巴 贺思慕#迪丽热巴# dlrb #迪丽热巴枭起青壤# dlrb #迪丽热巴聂九罗# 迪丽热巴💖爱丽丝！一生热爱，步履不停 枭起青壤官微的微博视频,https://m.weibo.cn/detail/5291584086084761
枭起青壤/聂九罗表演突破,post,0,粉丝点评/记忆表达明确,以热爱之名_,迪丽热巴 贺思慕#迪丽热巴# dlrb #迪丽热巴枭起青壤# dlrb #迪丽热巴聂九罗# 迪丽热巴💖爱丽丝！一生热爱，步履不停 枭起青壤官微的微博视频,https://m.weibo.cn/detail/5291380148799853
白日提灯贺思慕/女鬼鬼王记忆,post,0,粉丝点评/记忆表达明确,我女帝霸,#迪丽热巴贺思慕# 爱丽丝唯爱迪丽热巴是唯爱#迪丽热巴白日提灯# 📜贺思慕的片场日记,https://m.weibo.cn/detail/5291286476103771
爱丽丝与热巴的双向奔赴,post,0,粉丝点评/记忆表达明确,迪Dilrabayyds,感谢热巴塑造了贺思慕，永远会被姐姐的文字折服 真诚有爱意 细腻有质感，贺思慕谢幕但不会落幕 爱丽丝对姐姐的爱也永不落幕 永远期待下一角色的开幕#迪丽热巴贺思慕蝉联角色热度冠军# 思慕啊～ 刚认识你的时候，我总在想，你是不是活在一片黑白无声的虚空里，五感是你与世界之间那层透明的屏障。你像被“秩序”束缚在万物之外，在虚无中长生。可偏偏，你不甘接受命运，成为了黑白世界里凭空绽放的一抹颜色，像一朵白山茶，清冽又藏着不为人知的温柔。 我常常会心疼,https://m.weibo.cn/detail/5291141218174203
演员成长与角色群像评价,post,0,粉丝点评/记忆表达明确,一辈子的孤独521,亲爱的热巴，谢谢你塑造强大又温柔的灵主贺思慕，你的全情投入不仅让贺思慕变得有血有肉。也看到了你始终如一作为演员对表演的敬畏，对角色深刻理解精准呈现。热巴，喜欢你这么多年越来越发现如此细腻温柔真诚善良自律的你，作为你的爱丽丝真的愈发离不开你。你本该璀璨，本该拥有更广阔无垠的天地，你...全文 思慕啊～ 刚认识你的时候，我总在想，你是不是活在一片黑白无声的虚空里，五感是你与世界之间那层透明的屏障。你像被“秩序”束缚在万物之外，在虚无中长生。,https://m.weibo.cn/detail/5291024033516802
爱丽丝与热巴的双向奔赴,post,0,粉丝点评/记忆表达明确,自由像空中,贺思慕再见，迪丽热巴·迪力木拉提收官快乐希望你所愿皆所得，幸福健康平安喜乐，爱丽丝会一直陪着你 思慕啊～ 刚认识你的时候，我总在想，你是不是活在一片黑白无声的虚空里，五感是你与世界之间那层透明的屏障。你像被“秩序”束缚在万物之外，在虚无中长生。可偏偏，你不甘接受命运，成为了黑白世界里凭空绽放的一抹颜色，像一朵白山茶，清冽又藏着不为人知的温柔。 我常常会心疼你。你生即为死，在 ...全文,https://m.weibo.cn/detail/5291023538589498
白日提灯贺思慕/女鬼鬼王记忆,post,0,粉丝点评/记忆表达明确,在城堡做手工的刺猬,#迪丽热巴# #迪丽热巴# 迪丽热巴@Dear-迪丽热巴 #迪丽热巴贺思慕# dlrb #迪丽热巴白日提灯# dlrb #迪丽热巴卫蓝# 迪丽热巴 |白日提灯 | 虽然不能同时拥有一切 | 贺思慕 |卫蓝@Dear-迪丽热巴 热巴的美貌，爱丽丝的荣耀 #迪丽热巴# 超级喜欢热巴的美貌,https://m.weibo.cn/detail/5291021220710083
迪拜报平安/守护型记忆,post,0,粉丝点评/记忆表达明确,Dear-Amanda丫小達,迪迪收官快樂！賀思慕的故事這麼快就結束了，感覺好像昨天才開播，真讓人捨不得 再次謝謝妳的精湛演繹，和每次對詮釋每個角色的努力與付出，相信不論是妳的愛麗絲和一般觀眾，都能從螢幕欣賞妳的演出和觀看戲劇故事的同時，也能有所學習和收穫，從中獲得啓發和感動，愛妳@Dear-迪丽热巴 思慕啊～ 刚认识你的时候，我总在想，你是不是活在一片黑白无声的虚空里，五感是你与世界之间那层透明的屏障。你像被“秩序”束缚在万物之外，在虚无中长生。可偏偏，你不甘接受,https://m.weibo.cn/detail/5291021174309192
演员成长与角色群像评价,post,0,粉丝点评/记忆表达明确,Love-萌迪,灵主大人贺思慕辛苦了 迪丽热巴辛苦了 我们看得很开心 宝宝你演的真的很好 一起期待你的下一个角色下下一个角色 爱丽丝永远都在演员迪丽热巴 思慕啊～ 刚认识你的时候，我总在想，你是不是活在一片黑白无声的虚空里，五感是你与世界之间那层透明的屏障。你像被“秩序”束缚在万物之外，在虚无中长生。可偏偏，你不甘接受命运，成为了黑白世界里凭空绽放的一抹颜色，像一朵白山茶，清冽又藏着不为人知的温柔。 我常常会心疼你。你生即为死，在 ...全文,https://m.weibo.cn/detail/5291002253543719
爱丽丝与热巴的双向奔赴,post,0,粉丝点评/记忆表达明确,DI8y1,@Dear-迪丽热巴 迪丽热巴恭喜姐姐收官姐姐 我们也谢谢你，谢谢你用心揣摩角色给我们带来活灵活现的贺思慕，你说思慕是自由的，我想说 姐姐你也是自由的！接下来的路继续大胆的往前走吧，爱丽丝们永远在你身后陪伴你 思慕啊～ 刚认识你的时候，我总在想，你是不是活在一片黑白无声的虚空里，五感是你与世界之间那层透明的屏障。你像被“秩序”束缚在万物之外，在虚无中长生。可偏偏，你不甘接受命运，成为了黑白世界里凭空绽放的一抹颜色，像一朵白山茶，清冽又藏,https://m.weibo.cn/detail/5291002153929987
爱丽丝与热巴的双向奔赴,post,0,粉丝点评/记忆表达明确,一颗柠檬柚子a,迪丽热巴 这世间“真好，像家” 白日提灯的戛然而止，让大家来不及抽身，虽然有he的结局，但命运注定了思慕的孤独。 但是爱丽丝永远希望热巴是幸福的，是有陪伴的！,https://m.weibo.cn/detail/5290980563747506
枭起青壤/聂九罗表演突破,post,0,粉丝点评/记忆表达明确,林姩迪,迪丽热巴 贺思慕#迪丽热巴# dlrb #迪丽热巴枭起青壤# dlrb #迪丽热巴聂九罗# 迪丽热巴💖爱丽丝！一生热爱，步履不停 枭起青壤官微的微博视频,https://m.weibo.cn/detail/5290977360085782
枭起青壤/聂九罗表演突破,post,0,粉丝点评/记忆表达明确,迪媪,迪丽热巴 贺思慕#迪丽热巴# dlrb #迪丽热巴枭起青壤# dlrb #迪丽热巴聂九罗# 迪丽热巴💖爱丽丝！一生热爱，步履不停 枭起青壤官微的微博视频,https://m.weibo.cn/detail/5290635167006837
白日提灯贺思慕/女鬼鬼王记忆,post,0,粉丝点评/记忆表达明确,8梨梨蕊87,為你甘之如飴不管東西南北 爱丽丝宝宝们可不可以互粉！！！迪丽热巴 贺思慕#迪丽热巴白日提灯##迪丽热巴贺思慕##迪丽热巴##贺思慕 22个前任# 迪丽热巴，你值得这世上所有的鲜花和掌声！@Dear-迪丽热巴 ❄️回忆凝结成冰* 专栏 · ⊹𝘿𝙞𝙡𝙧𝙖𝙗𝙖𖦹,https://m.weibo.cn/detail/5290296579198153
白日提灯贺思慕/女鬼鬼王记忆,post,0,粉丝点评/记忆表达明确,玫迪不行-多多见面,“迪丽热巴·迪力木拉提九个字是爱丽丝的光”@Dear-迪丽热巴 迪丽热巴 贺思慕#迪丽热巴白日提灯# dlrb #迪丽热巴贺思慕# dlrb #白日提灯# 恭迎万灵之主贺思慕 3月28日去腾讯视频看白日提灯贺思慕 预约 明星作品上榜信息 迪丽热巴 |白日提灯 |虽然不能同时拥有一切| 贺思慕 | 卫蓝 @Dear-迪丽热巴 白日提灯官微的微博视频,https://m.weibo.cn/detail/5289744762408763
白日提灯贺思慕/女鬼鬼王记忆,post,0,粉丝点评/记忆表达明确,袊温提,迪丽热巴 贺思慕#迪丽热巴白日提灯# dlrb#迪丽热巴贺思慕# dlrb#迪丽热巴# 爱丽丝说要环游世界，结果围着迪迪走了一圈 ⸜(๑'ᵕ'๑)⸝⋆* @迪丽热巴 白日提灯官微的微博视频,https://m.weibo.cn/detail/5288450173698795
白日提灯贺思慕/女鬼鬼王记忆,post,0,粉丝点评/记忆表达明确,迪悸汶I2,#迪丽热巴白日提灯# dlrb#迪丽热巴贺思慕# dlrb#迪丽热巴# 爱丽丝说要环游世界，结果围着迪迪走了一圈 ⸜(๑'ᵕ'๑)⸝⋆* @迪丽热巴 白日提灯官微的微博视频,https://m.weibo.cn/detail/5288390498978730
白日提灯贺思慕/女鬼鬼王记忆,post,0,粉丝点评/记忆表达明确,巴颗星儿,迪丽热巴 贺思慕#迪丽热巴无实物表演##迪丽热巴白日提灯# dlrb#迪丽热巴贺思慕# dlrb#迪丽热巴# 爱丽丝说要环游世界，结果围着迪迪走了一圈 ⸜(๑'ᵕ'๑)⸝⋆* @迪丽热巴 白日提灯官微的微博视频,https://m.weibo.cn/detail/5286970221660926
白日提灯贺思慕/女鬼鬼王记忆,post,0,粉丝点评/记忆表达明确,新疆的迪丽热巴,迪丽热巴 贺思慕#迪丽热巴白日提灯# dlrb #迪丽热巴贺思慕# dlrb #白日提灯# 爱丽丝们踢一下，想升级 预约 明星作品上榜信息 迪丽热巴 |白日提灯 |虽然不能同时拥有一切| 贺思慕 | 卫蓝 @Dear-迪丽热巴 白日提灯官微的微博视频,https://m.weibo.cn/detail/5286817014483340
白日提灯贺思慕/女鬼鬼王记忆,post,0,粉丝点评/记忆表达明确,净月七,迪丽热巴 贺思慕#迪丽热巴白日提灯# dlrb#迪丽热巴贺思慕# dlrb#迪丽热巴# 爱丽丝说要环游世界，结果围着迪迪走了一圈 ⸜(๑'ᵕ'๑)⸝⋆* @迪丽热巴 白日提灯官微的微博视频,https://m.weibo.cn/detail/5284827318453550
白日提灯贺思慕/女鬼鬼王记忆,post,0,粉丝点评/记忆表达明确,巴颗星儿,迪丽热巴 贺思慕#迪丽热巴贺思慕新媒体指数TOP1##迪丽热巴白日提灯# dlrb#迪丽热巴贺思慕# dlrb#迪丽热巴# 爱丽丝说要环游世界，结果围着迪迪走了一圈 ⸜(๑'ᵕ'๑)⸝⋆* @迪丽热巴 白日提灯官微的微博视频,https://m.weibo.cn/detail/5284026182535160
白日提灯贺思慕/女鬼鬼王记忆,post,0,粉丝点评/记忆表达明确,玫迪不行-多多见面,“迪丽热巴·迪力木拉提九个字是爱丽丝的光”@Dear-迪丽热巴 迪丽热巴#迪丽热巴复仇摇没有复仇只有摇##迪丽热巴白日提灯# dlrb #迪丽热巴贺思慕# dlrb #白日提灯# 恭迎万灵之主贺思慕 3月28日去腾讯视频看白日提灯贺思慕 预约 明星作品上榜信息 迪丽热巴 |白日提灯 |虽然不能同时拥有一切| 贺思慕 | 卫蓝 ...全文,https://m.weibo.cn/detail/5283191847388762
爱丽丝与热巴的双向奔赴,post,0,粉丝点评/记忆表达明确,东北娇羞的狸,#迪丽热巴问白日提灯固屏去哪了#爱丽丝是热爱迪丽热巴的粉丝哦~热爱双向奔赴@Dear-迪丽热巴,https://m.weibo.cn/detail/5283025464071067
白日提灯贺思慕/女鬼鬼王记忆,post,0,粉丝点评/记忆表达明确,春分重力场,我哭了，不仅开窗了还打开了灯迪丽热巴唯爱爱丽丝 五字真言：“她会开窗的” 白日提灯追剧团下班啦~ #迪丽热巴白日提灯# @Dear-迪丽热巴 #迪丽热巴贺思慕# 恍若清欢寄梦的微博视频,https://m.weibo.cn/detail/5283014588502754
爱丽丝与热巴的双向奔赴,post,0,粉丝点评/记忆表达明确,Xue雪尔,迪丽热巴🔒爱丽丝 迪丽热巴穿着应援色来了。。。我美艳动人摇曳生姿的妈咪。。。 酒酿熊子的微博视频,https://m.weibo.cn/detail/5282935277357758
爱丽丝与热巴的双向奔赴,post,0,粉丝点评/记忆表达明确,太阳捏圆,迪丽热巴就这样又穿应援色，又弹致爱丽丝的，要爱姐姐一辈子了,https://m.weibo.cn/detail/5282933335131441
爱丽丝与热巴的双向奔赴,post,0,粉丝点评/记忆表达明确,新剧宅急送,#迪丽热巴把应援色穿上了##迪丽热巴出场bgm#迪丽热巴出场bgm，把应援色穿上了！呜呜爱丽丝要爱一辈子了冬日士多啤梨的微博视频,https://m.weibo.cn/detail/5282931553341245
爱丽丝与热巴的双向奔赴,post,0,粉丝点评/记忆表达明确,迪热热小雨点,迪丽热巴 啊啊啊啊啊啊啊啊，热巴和爱丽丝是双向奔赴！！！么么么么么么么 迪丽热巴穿着应援色来了。。。我美艳动人摇曳生姿的妈咪。。。 酒酿熊子的微博视频,https://m.weibo.cn/detail/5282931511657056
爱丽丝与热巴的双向奔赴,post,0,粉丝点评/记忆表达明确,猫本困困猫,迪丽热巴力挺爱丽丝 迪丽热巴穿着应援色来了。。。我美艳动人摇曳生姿的妈咪。。。 酒酿熊子的微博视频,https://m.weibo.cn/detail/5282930048109556
爱丽丝与热巴的双向奔赴,post,0,粉丝点评/记忆表达明确,热热的爱意,迪丽热巴唯爱爱丽丝，是唯爱//@旎妈重生版:迪丽热巴唯爱爱丽丝，是唯爱//@晚风清屿:迪丽热巴唯爱爱丽丝，是唯爱#迪丽热巴贺思慕# 迪丽热巴穿着应援色来了。。。我美艳动人摇曳生姿的妈咪。。。 酒酿熊子的微博视频,https://m.weibo.cn/detail/5282925308545148
爱丽丝与热巴的双向奔赴,post,0,粉丝点评/记忆表达明确,有烂我就摆_,应援色！迪丽热巴力挺爱丽丝//@禮頌春曲_:迪丽热巴力挺巴粉//@如果不是你1111:迪丽热巴力挺巴粉 //@点卤肉包:应援色力挺巴粉//@与旎一起健身的帅猛10:美成啥了//@lil-杨:迪丽热巴唯爱爱丽丝 是唯爱！#迪丽热巴贺思慕# 恭迎万灵之主！！！ 迪丽热巴 冬日士多啤梨的微博视频,https://m.weibo.cn/detail/5282925176162386
爱丽丝与热巴的双向奔赴,post,0,粉丝点评/记忆表达明确,晚风清屿,迪丽热巴唯爱爱丽丝，是唯爱#迪丽热巴贺思慕# 迪丽热巴穿着应援色来了。。。我美艳动人摇曳生姿的妈咪。。。 酒酿熊子的微博视频,https://m.weibo.cn/detail/5282924645320445
白日提灯贺思慕/女鬼鬼王记忆,post,0,粉丝点评/记忆表达明确,壹拾壹ysy_见过迪丽热巴版,迪丽热巴唯爱爱丽丝 是唯爱！//@lil-杨:迪丽热巴唯爱爱丽丝 是唯爱！#迪丽热巴贺思慕# 恭迎万灵之主！！！ 迪丽热巴 冬日士多啤梨的微博视频,https://m.weibo.cn/detail/5282924561433945
白日提灯贺思慕/女鬼鬼王记忆,post,0,粉丝点评/记忆表达明确,居居饲养员w,迪丽热巴唯爱爱丽丝 是唯爱！#迪丽热巴贺思慕# //@lil-杨:迪丽热巴唯爱爱丽丝 是唯爱！#迪丽热巴贺思慕# 恭迎万灵之主！！！ 迪丽热巴 冬日士多啤梨的微博视频,https://m.weibo.cn/detail/5282924220123536
爱丽丝与热巴的双向奔赴,post,0,粉丝点评/记忆表达明确,老乖和小小迪,迪丽热巴唯爱爱丽丝 迪丽热巴穿着应援色来了。。。我美艳动人摇曳生姿的妈咪。。。 酒酿熊子的微博视频,https://m.weibo.cn/detail/5282923909749166
爱丽丝与热巴的双向奔赴,post,0,粉丝点评/记忆表达明确,美女米酱,迪丽热巴就是唯爱爱丽丝啾咪（叉腰特骄傲）@Dear-迪丽热巴 //@东京塔还在下煜嘛:姐姐对外火力全开，对八毛亲亲抱抱举高高//@酒酿白桃干:好宠、//@47追的是光啊:对啊！（迪丽热巴语气）//@笙歌未放-:是唯爱！//@是迪迪子的小尾巴呀:迪丽热巴唯爱爱丽丝 随成想这个女神质问完两个平台对爱丽丝只是一味的毛茸茸,https://m.weibo.cn/detail/5282923592029689
爱丽丝与热巴的双向奔赴,post,0,粉丝点评/记忆表达明确,她惊艳时光也温柔岁月,啊啊啊迪丽热巴唯爱爱丽丝 迪丽热巴穿着应援色来了。。。我美艳动人摇曳生姿的妈咪。。。 酒酿熊子的微博视频,https://m.weibo.cn/detail/5282923537503353
白日提灯贺思慕/女鬼鬼王记忆,post,0,粉丝点评/记忆表达明确,林姩迪,迪丽热巴 贺思慕#迪丽热巴白日提灯# dlrb#迪丽热巴贺思慕# dlrb#迪丽热巴# 爱丽丝说要环游世界，结果围着迪迪走了一圈 ⸜(๑'ᵕ'๑)⸝⋆* @迪丽热巴 白日提灯官微的微博视频,https://m.weibo.cn/detail/5282299967181243
白日提灯贺思慕/女鬼鬼王记忆,post,0,粉丝点评/记忆表达明确,林姩迪,迪丽热巴 贺思慕#迪丽热巴白日提灯# dlrb#迪丽热巴贺思慕# dlrb#迪丽热巴# 爱丽丝说要环游世界，结果围着迪迪走了一圈 ⸜(๑'ᵕ'๑)⸝⋆* @迪丽热巴 白日提灯官微的微博视频,https://m.weibo.cn/detail/5281994697080977
白日提灯贺思慕/女鬼鬼王记忆,post,0,粉丝点评/记忆表达明确,Lioryn,迪丽热巴 贺思慕#迪丽热巴白日提灯# dlrb#迪丽热巴贺思慕# dlrb#迪丽热巴# 爱丽丝说要环游世界，结果围着迪迪走了一圈 ⸜(๑'ᵕ'๑)⸝⋆* @迪丽热巴 白日提灯官微的微博视频,https://m.weibo.cn/detail/5281757264088148
白日提灯贺思慕/女鬼鬼王记忆,post,0,粉丝点评/记忆表达明确,迪迪的不眠岛,#迪丽热巴白日提灯# dlrb#迪丽热巴贺思慕# dlrb#迪丽热巴# 爱丽丝说要环游世界，结果围着迪迪走了一圈 ⸜(๑'ᵕ'๑)⸝⋆* @迪丽热巴 白日提灯官微的微博视频,https://m.weibo.cn/detail/5281553304521236
白日提灯贺思慕/女鬼鬼王记忆,post,0,粉丝点评/记忆表达明确,Dear-紫竹,迪丽热巴#迪丽热巴秒猜三生三世十里桃花##迪丽热巴白日提灯# dlrb#迪丽热巴贺思慕# dlrb#迪丽热巴# 爱丽丝说要环游世界，结果围着迪迪走了一圈 ⸜(๑'ᵕ'๑)⸝⋆* @迪丽热巴 白日提灯官微的微博视频,https://m.weibo.cn/detail/5281190024315922
爱丽丝与热巴的双向奔赴,post,0,粉丝点评/记忆表达明确,雨纷飞_爱相随,这又何尝不是双强文学迪丽热巴爱丽丝双向奔赴 雨纷飞_爱相随的微博视频,https://m.weibo.cn/detail/5280263133200451
爱丽丝与热巴的双向奔赴,post,0,粉丝点评/记忆表达明确,-小宁萌-,永远会为热巴和爱丽丝之间的双向奔赴而热泪盈眶#迪丽热巴#爱丽丝……#一分钟视频创作季##春节二创视频大赛# -小宁萌-的微博视频,https://m.weibo.cn/detail/5278926425559058
爱丽丝与热巴的双向奔赴,post,0,粉丝点评/记忆表达明确,聆听祢的心,#热巴好汹涌的爱意# 爱丽丝们充实又幸福的日子就快来了 #迪丽热巴# 聆听祢的心的微博视频,https://m.weibo.cn/detail/5278482198431197
白日提灯贺思慕/女鬼鬼王记忆,post,0,粉丝点评/记忆表达明确,Deae-林提黎,迪丽热巴 dlrb #贺思慕#dlrb #白日提灯# 致远方的你: 今天的风好像格外冷，吹得人心里发慌。刷到那条关于你行程的消息时，我盯着屏幕愣了好久，指尖反复刷新，却始终等不到一句“我很好”。 我知道你为了这次远行，做了很久很久的准备。大大小小的事，几乎都是你自己一点点打理，自己确认， ...全文,https://m.weibo.cn/detail/5272665746047262
白日提灯贺思慕/女鬼鬼王记忆,post,0,粉丝点评/记忆表达明确,Curtain颜永一,迪丽热巴#迪丽热巴# dlrb #迪丽热巴 白日提灯# dlrb #迪丽热巴贺思慕# 迪丽热巴💖爱丽丝！ @Dear-迪丽热巴 们爱丽丝的微博视频,https://m.weibo.cn/detail/5269163736303332
爱丽丝与热巴的双向奔赴,post,0,粉丝点评/记忆表达明确,必看佳片,#热巴既然我们手都冷就互相取暖吧#迪丽热巴和粉丝的双向奔赴也太甜了！一句“互相取取暖吧”，瞬间拉近了和粉丝的距离，温柔又治愈,https://m.weibo.cn/detail/5293078483046874
白日提灯贺思慕/女鬼鬼王记忆,post,0,粉丝点评/记忆表达明确,badada余小安,#迪丽热巴# dlrb #迪丽热巴邓妍# dlrb #迪丽热巴利剑玫瑰# 热巴和粉丝的双向奔赴 预约利剑玫瑰利剑·玫瑰 迪丽热巴 | 枭起青壤 | 利剑玫瑰|白日提灯 |聂九罗 | 邓妍 | 贺思慕 | @Dear-迪丽热巴 《利剑·玫瑰》迪丽热巴金世佳正义出鞘,https://m.weibo.cn/detail/5292974019974274
红毯神图与高定封神造型,post,0,粉丝点评/记忆表达明确,肆易只烊,#33岁迪丽热巴状态#迪丽热巴以蓝色露背长裙搭配透明雨伞亮相南京迪奥活动，雨中低头浅笑、单脚跳起挥手的画面被赞“破碎感神图”。侧颜轮廓和骨相优势突出，生图腿部肌肉线条紧致，被部分媒体评价为“瘦而不柴的健康美”。粉丝应援规模庞大，线上点单为现场人群分发雨衣、热饮等物资，凸显高人气与双向 ...全文,https://m.weibo.cn/detail/5292944007626913
爱丽丝与热巴的双向奔赴,post,0,粉丝点评/记忆表达明确,潇潇洒的雨,来看娱乐#迪丽热巴离场一直在飞吻# 迪丽热巴全程温柔挥手，离场不停向粉丝飞吻，真诚又暖心，双向奔赴的爱意太好嗑了✨ 潇潇洒的雨的微博视频,https://m.weibo.cn/detail/5292729661394402
枭起青壤/聂九罗表演突破,post,0,粉丝点评/记忆表达明确,长安城的十四郎,迪丽热巴#迪丽热巴跑男只录了12天##迪丽热巴# dlrb #迪丽热巴聂九罗# dlrb #迪丽热巴枭起青壤# 热·爱双向奔赴，真诚的热巴永远打动我 枭起青壤官微的微博视频,https://m.weibo.cn/detail/5292289842483788
白日提灯贺思慕/女鬼鬼王记忆,post,0,粉丝点评/记忆表达明确,又见梨花逢春,迪丽热巴 贺思慕#迪丽热巴# dlrb #迪丽热巴贺思慕# dlrb #迪丽热巴慕胥辞# 热巴和粉丝的双向奔赴 预约慕胥辞白日提灯 迪丽热巴 | 枭起青壤 | 利剑玫瑰|慕胥辞 |聂九罗 | 邓妍 | 贺思慕 | @Dear-迪丽热巴 网剧慕胥辞的微博视频,https://m.weibo.cn/detail/5291459622207552
白日提灯贺思慕/女鬼鬼王记忆,post,0,粉丝点评/记忆表达明确,我觉得不可以这样,【#白日提灯收官日全员长文告别角色# 】#白日提灯剧组与迪丽热巴的双向奔赴# 以满身伤痕赴一场双向情深。风月落定，尘埃归寂，灯火阑珊处，静待思胥万千！迪丽热巴千字长文告别白日提灯，字里行间全是真诚！！“思慕，谢谢你。 谢谢你带我们发现，这世间当真如此可爱。” 万灵之主退休快乐呀！,https://m.weibo.cn/detail/5291285109020273
白日提灯贺思慕/女鬼鬼王记忆,post,0,粉丝点评/记忆表达明确,梦想是当迪丽热巴的棉裤,#白日提灯今日收官#以灯为引，以爱为舟，贺思慕的故事圆满收官。 于长夜独行，在宿命里相守，从宿命纠缠到双向奔赴。@Dear-迪丽热巴 用细腻演技，完美诠释出贺思慕的勇敢与赤诚。 一程风月，一念情深，暂别提灯少女。愿前路烂漫，岁岁无忧，演员@Dear-迪丽热巴 步履不停，奔赴下一场繁花似锦，未来可期 ...全文,https://m.weibo.cn/detail/5290940589673728
白日提灯贺思慕/女鬼鬼王记忆,post,0,粉丝点评/记忆表达明确,又见梨花逢春,迪丽热巴 贺思慕#迪丽热巴# dlrb #迪丽热巴贺思慕# dlrb #迪丽热巴慕胥辞# 热巴和粉丝的双向奔赴 预约慕胥辞白日提灯 迪丽热巴 | 枭起青壤 | 利剑玫瑰|慕胥辞 |聂九罗 | 邓妍 | 贺思慕 | @Dear-迪丽热巴 网剧慕胥辞的微博视频,https://m.weibo.cn/detail/5290568731067696
白日提灯贺思慕/女鬼鬼王记忆,post,0,粉丝点评/记忆表达明确,是瓜瓜蛙,我断定你心底仍存我的影子。 #白日提灯# #迪丽热巴# #贺思慕# 陈飞宇 段胥 是瓜瓜蛙的微博视频,https://m.weibo.cn/detail/5290382183104725
白日提灯贺思慕/女鬼鬼王记忆,post,0,粉丝点评/记忆表达明确,又见梨花逢春,迪丽热巴 贺思慕#迪丽热巴# dlrb #迪丽热巴贺思慕# dlrb #迪丽热巴慕胥辞# 热巴和粉丝的双向奔赴 预约慕胥辞白日提灯 迪丽热巴 | 枭起青壤 | 利剑玫瑰|慕胥辞 |聂九罗 | 邓妍 | 贺思慕 | @Dear-迪丽热巴 网剧慕胥辞的微博视频,https://m.weibo.cn/detail/5289931858777552
跑男时期综艺名场面,post,0,粉丝点评/记忆表达明确,Ning逝,当年的事 真怪不到我们头上 迪丽热巴 鹿晗 陆地夫妇 奔跑吧 Ning逝的微博视频,https://m.weibo.cn/detail/5289811743084646
爱丽丝与热巴的双向奔赴,post,0,粉丝点评/记忆表达明确,巴颗花生_热巴翻牌版,热爱一直是双向奔赴的 出道多年到现在 姐姐从未变 会珍藏粉丝的信 会因为记不住每个粉丝而自责 会因为弥补粉丝而送亲签 会为接机的巴粉买店里最贵的奶茶 可爱的围巾 买鸡汤 还会贴心准备护舒宝最舒服的必需品 迪丽热巴一直是一个很好的小女孩,https://m.weibo.cn/detail/5288327550862120
爱丽丝与热巴的双向奔赴,post,0,粉丝点评/记忆表达明确,满满的sally妈咪,#迪丽热巴给粉丝寄签名照和相机# 补偿给上次去巴黎现场未见到她的粉丝，寄了签名照和相机！小巴巴真的好好！怎能不爱，双向奔赴的热爱cp！真是又感动又心疼又羡慕！ #春日心动放映季# 娱乐榜姐的微博视频 娱乐,https://m.weibo.cn/detail/5287320854725733
白日提灯贺思慕/女鬼鬼王记忆,post,0,粉丝点评/记忆表达明确,欢乐使者111,我断定你无法将我轻易释怀。 #白日提灯# #迪丽热巴# #贺思慕# 陈飞宇 段胥 欢乐使者111的微博视频,https://m.weibo.cn/detail/5287266282112293
爱丽丝与热巴的双向奔赴,post,0,粉丝点评/记忆表达明确,心尖上的石榴花,#迪丽热巴补偿去巴黎的粉丝#🥹最好的@Dear-迪丽热巴 每次都双向奔赴。她做了一次又一次～,https://m.weibo.cn/detail/5287167429706916
爱丽丝与热巴的双向奔赴,post,0,粉丝点评/记忆表达明确,Dear-许愿_,迪丽热巴 贺思慕#迪丽热巴走出来第一秒是望向粉丝# dlrb#迪丽热巴贺思慕顶级压制# 双向奔赴的爱有多甜，大概就是我给你发信息，无论多晚你都会给我回应，大概是我知道你不会走，你知道我也不会离开。大概是我想你了，你知道。 @Dear-迪丽热巴,https://m.weibo.cn/detail/5287138254913851
爱丽丝与热巴的双向奔赴,post,0,粉丝点评/记忆表达明确,稀罕小罐头,"#迪丽热巴补偿去巴黎的粉丝#迪丽热巴因突发中东冲突缺席巴黎时装周后，主动为扑空粉丝寄送亲笔签名照和胶片相机礼盒，将商业缺席转化为双向奔赴的情感联结，引发全网对""内娱体面偶像范本""的热议。 一、事件背景与补偿措施 缺席原因：2026年3月，迪丽热巴原定出席巴黎时装周，但因中东冲突导致阿联酋领 ...全文",https://m.weibo.cn/detail/5287123239568460
演员成长与角色群像评价,post,0,粉丝点评/记忆表达明确,很懒的鸡蛋卷,迪丽热巴 贺思慕 镜头之外 是角色与演员的双向奔赴📖 #迪丽热巴饰演的角色个个出圈#,https://m.weibo.cn/detail/5287030078578840
爱丽丝与热巴的双向奔赴,post,0,粉丝点评/记忆表达明确,Im-ook,#迪丽热巴补偿去巴黎的粉丝#双向奔赴的爱意,https://m.weibo.cn/detail/5287025244111740
爱丽丝与热巴的双向奔赴,post,0,粉丝点评/记忆表达明确,不是待爆咖,#迪丽热巴补偿去巴黎的粉丝# 迪热巴给粉丝的爱永远拿得出手，永远是双向奔赴 大美女好会爱人,https://m.weibo.cn/detail/5287013130440225
爱丽丝与热巴的双向奔赴,post,0,粉丝点评/记忆表达明确,切瓜卖瓜,#迪丽热巴补偿去巴黎的粉丝#双向奔赴！,https://m.weibo.cn/detail/5287003161363990
爱丽丝与热巴的双向奔赴,post,0,粉丝点评/记忆表达明确,你搅散一池星光成为我的月亮·,#迪丽热巴补偿去巴黎的粉丝#双向奔赴，最好的姐姐,https://m.weibo.cn/detail/5286991875016200
爱丽丝与热巴的双向奔赴,post,0,粉丝点评/记忆表达明确,baba巴妮,#迪丽热巴补偿去巴黎的粉丝#迪丽热巴真的热巴超爱爱丽丝，双向奔赴，我真的要爱迪丽热巴一辈子了,https://m.weibo.cn/detail/5286972222345054
爱丽丝与热巴的双向奔赴,post,0,粉丝点评/记忆表达明确,是美少女娜娜子ya,#迪丽热巴补偿去巴黎的粉丝#一直都是双向奔赴,https://m.weibo.cn/detail/5286970146165389
爱丽丝与热巴的双向奔赴,post,0,粉丝点评/记忆表达明确,打工人旦旦,娱乐#迪丽热巴补偿去巴黎的粉丝#偶像与粉丝最好的模样，就是迪丽热巴与爱丽丝这样，远赴巴黎的遗憾被签名礼物弥补，双向奔赴的爱意永远滚烫。,https://m.weibo.cn/detail/5286968315088473
爱丽丝与热巴的双向奔赴,post,0,粉丝点评/记忆表达明确,小淤靑,#迪丽热巴补偿去巴黎的粉丝#双向奔赴 迪丽热巴宠粉,https://m.weibo.cn/detail/5286968162254964
爱丽丝与热巴的双向奔赴,post,0,粉丝点评/记忆表达明确,毒舌安利少女,娱乐#迪丽热巴补偿去巴黎的粉丝#双向奔赴的爱意永远最动人，迪丽热巴记着远赴巴黎粉丝的期待，送上亲笔签名礼物，用温柔弥补所有遗憾，太治愈了。,https://m.weibo.cn/detail/5286967864725671
爱丽丝与热巴的双向奔赴,post,0,粉丝点评/记忆表达明确,邓等鱼丸酒,#迪丽热巴补偿去巴黎的粉丝#我只看到了一群用爱托举起来双向奔赴的小女孩 迪丽热巴补偿去巴黎的粉丝,https://m.weibo.cn/detail/5286967709276251
爱丽丝与热巴的双向奔赴,post,0,粉丝点评/记忆表达明确,大牌折扣少女,娱乐#迪丽热巴补偿去巴黎的粉丝#被迪丽热巴和粉丝的双向奔赴感动到，粉丝跨越山海赴巴黎，她用亲笔签名礼物送上温暖，让所有遗憾都变成美好，这样的感情太珍贵。,https://m.weibo.cn/detail/5286967328900101
爱丽丝与热巴的双向奔赴,post,0,粉丝点评/记忆表达明确,跑腿圈郭富城,娱乐#迪丽热巴补偿去巴黎的粉丝#迪丽热巴用行动诠释什么是双向奔赴，远赴巴黎的粉丝留下遗憾，她没有忽视这份期待，亲自准备亲笔签名礼物，把温柔与诚意都藏在细节里，这样的宠爱真的太戳心。,https://m.weibo.cn/detail/5286965957363275
爱丽丝与热巴的双向奔赴,post,0,粉丝点评/记忆表达明确,知名夺笋少年,娱乐#迪丽热巴补偿去巴黎的粉丝#谁能不被迪丽热巴的温柔打动，远赴巴黎的粉丝没能见到她，她却用亲笔签名礼物送上最暖心的补偿，每一份心意都藏着对粉丝的珍视，双向奔赴的美好在这一刻展现得淋漓尽致。,https://m.weibo.cn/detail/5286965885011203
爱丽丝与热巴的双向奔赴,post,0,粉丝点评/记忆表达明确,茴茶_,#迪丽热巴补偿去巴黎的粉丝#收到礼物的粉丝密集晒出实物照，关键词 “有价的礼物无价的爱”、“热爱永远双向奔赴” 登上热搜。粉丝坦言“感动到哭”并称“要追随一辈子”。,https://m.weibo.cn/detail/5286963511038716
爱丽丝与热巴的双向奔赴,post,0,粉丝点评/记忆表达明确,-吃一口红烧肉,#迪丽热巴补偿去巴黎的粉丝#看得人心软软呀，这才是把粉丝放在心上了，双向奔赴的感情，难怪大家一直都爱热巴,https://m.weibo.cn/detail/5286961074150050
爱丽丝与热巴的双向奔赴,post,0,粉丝点评/记忆表达明确,-我卻愛你哭泣的心-,#迪丽热巴补偿去巴黎的粉丝# 双向奔赴的感动 收到礼物的粉丝在社交平台晒出实物，强调迪丽热巴始终记挂粉丝付出。例如： 粉丝提到“有价的礼物和无价的爱都有了”； 多位用户感慨“她真的把粉丝放心上”“粉她太幸福”，相关话题如“热爱永远双向奔赴”引发热议。 过往宠粉行为关联 部分粉丝联想到其历 ...全文,https://m.weibo.cn/detail/5286950766381264
爱丽丝与热巴的双向奔赴,post,0,粉丝点评/记忆表达明确,濮阳广播电视台,🌟迪丽热巴暖心补偿巴黎粉丝，双向奔赴太戳心啦🥰！这样的偶像谁能不爱呢💖，双向守护的情谊最动人～ #明星暖心瞬间#,https://m.weibo.cn/detail/5286945930346715
白日提灯贺思慕/女鬼鬼王记忆,post,0,粉丝点评/记忆表达明确,清风皎皎月,贺思慕对着狐狸木雕回忆段胥的这段，直接把双向奔赴的宿命感拉满了😭 段胥用炽热的爱，一点点捂热了贺思慕冰封四百年的心；而思慕的小心翼翼、怕他受伤，何尝不是藏在心底最深的温柔。 迪丽热巴×陈飞宇，把思胥的拉扯与深情演得太戳人了！#白日提灯# 清风皎皎月的微博视频,https://m.weibo.cn/detail/5285555278976914
白日提灯贺思慕/女鬼鬼王记忆,post,0,粉丝点评/记忆表达明确,Dear-开心吧,"迪丽热巴#贺思慕的无感体验卡##迪丽热巴贺思慕##追剧名场面存档中# 《白日提灯》追更进度：第6集 最喜欢的台词/名场面：黑夜提灯,为人引路。白日提灯,替灵开道。 我的产出/剧评：谁懂啊！贺思慕对段胥的占有欲直接戳中所有磕点！从以血为契的宿命羁绊，到五感相通的双向奔赴，迪丽热巴把灵主的 ...全文",https://m.weibo.cn/detail/5284646725880122
白日提灯贺思慕/女鬼鬼王记忆,post,0,粉丝点评/记忆表达明确,躲进被窝里w,迪丽热巴 贺思慕 #迪丽热巴# dlrb #迪丽热巴贺思慕# dlrb #迪丽热巴慕胥辞##迪丽热巴# 迪丽热巴和爱丽丝一直都是双向奔赴 预约慕胥辞白日提灯 迪丽热巴 | 枭起青壤 | 利剑玫瑰|慕胥辞 |聂九罗 | 邓妍 | 贺思慕 | @Dear-迪丽热巴 网剧慕胥辞的微博视频,https://m.weibo.cn/detail/5284478435983718
白日提灯贺思慕/女鬼鬼王记忆,post,0,粉丝点评/记忆表达明确,幸福请加倍给迪丽热巴,迪丽热巴#迪丽热巴白日提灯# dIrb#迪丽热巴贺思慕# 明明是双向奔赴的爱可你却不认识我 @迪丽热巴,https://m.weibo.cn/detail/5284428261360893
白日提灯贺思慕/女鬼鬼王记忆,post,0,粉丝点评/记忆表达明确,Junexia__,#白日提灯# 我的评分： #白日提灯观后感#熬夜一口气追平《白日提灯》真的太上头了！冲着男女主的高颜值点开，结果彻底被圈粉。 迪丽热巴的贺思慕真的绝了。白天是柔弱可怜的贺小小，一颦一笑惹人怜爱；入夜瞬间切换成霸气红衣鬼王，眼神沉静自带气场，完美诠释了强大孤 ...全文,https://m.weibo.cn/detail/5284357931534397
白日提灯贺思慕/女鬼鬼王记忆,post,0,粉丝点评/记忆表达明确,易爱迎,迪丽热巴 贺思慕迪丽热巴#白日提灯# @Dear-迪丽热巴 当看到你骑着车向我走来的时候，我就知道我们从来都只是向双向奔赴。 易爱迎的微博视频,https://m.weibo.cn/detail/5283896491248026
爱丽丝与热巴的双向奔赴,post,0,粉丝点评/记忆表达明确,为迪丽热巴撞大墙,#迪丽热巴贺思慕# dlrb#迪丽热巴白日提灯# dlrb#迪丽热巴# 你和爱丽丝永远是双向奔赴的爱情，你会心疼爱丽丝，爱丽丝也会心疼你 @Dear-迪丽热巴,https://m.weibo.cn/detail/5283758167032995
爱丽丝与热巴的双向奔赴,post,0,粉丝点评/记忆表达明确,剧综精选君,#迪丽热巴白日提灯线下展人气# 杭州《白日提灯》线下展人气爆棚，全国各地粉丝冒雨奔赴，撑伞排队打卡，沉浸式感受剧中氛围。迪丽热巴的魅力与剧集热度双向奔赴，粉丝的热情与坚持让人动容，这就是双向奔赴的追星力量！#迪丽热巴粉丝为白日提灯有多拼#,https://m.weibo.cn/detail/5283693125964323
爱丽丝与热巴的双向奔赴,post,0,粉丝点评/记忆表达明确,有点锦鲤体质,#迪丽热巴痛楼逆应援##迪丽热巴贺思慕痛楼逆应援# 呜呜我们小巴巴又来逆应援了！还给去痛楼打卡的粉丝准备了包包和盲盒双向奔赴,https://m.weibo.cn/detail/5283308623889268
白日提灯贺思慕/女鬼鬼王记忆,post,0,粉丝点评/记忆表达明确,Fashion-Fvck,#陈飞宇给迪丽热巴戴脸链##白日提灯追剧团# 我不行了，这个巴瑟比想象中的还要好嗑！白日提灯追剧团现场陈飞宇给迪丽热巴戴脸链，两张对我眼睛很好的脸可给我看爽了！最新剧情交换触感也超绝带感，初次当人的灵主到处感受触感，对段胥又是摸摸又是听心跳，我们思胥万千真的完全双向奔赴超级好嗑！ ...全文,https://m.weibo.cn/detail/5282930157160894
白日提灯贺思慕/女鬼鬼王记忆,post,0,粉丝点评/记忆表达明确,拾柒月Oo,#白日提灯原著就是姐弟恋# 谁懂啊！400岁鬼王姐姐×少年将军年下，从人鬼殊途到双向奔赴，原著姐弟恋设定直接戳爆！她护他、他暖她，跨越生死的年下恋太好磕了￼￼￼迪丽热巴,https://m.weibo.cn/detail/5282230274626523
演员成长与角色群像评价,post,0,粉丝点评/记忆表达明确,害羞腼腆内向社恐小女孩,#迪丽热巴一秒猜中高雯##迪丽热巴一秒听出克拉恋人# 一句台词唤醒青春记忆，热巴一秒认出高雯，这就是角色与演员的双向奔赴！#你好星期六#,https://m.weibo.cn/detail/5281812147339611
白日提灯贺思慕/女鬼鬼王记忆,post,0,粉丝点评/记忆表达明确,迪寂琳,#迪丽热巴# dlrb #迪丽热巴贺思慕# dlrb #迪丽热巴慕胥辞# 热·爱双向奔赴，真诚的热巴永远打动我 @Dear-迪丽热巴 todayis-lly的微博视频,https://m.weibo.cn/detail/5266192938044568
白日提灯贺思慕/女鬼鬼王记忆,post,0,粉丝点评/记忆表达明确,Dilireba-怀柔微雨亭,迪丽热巴#迪丽热巴# dlrb #迪丽热巴贺思慕# dlrb #迪丽热巴慕胥辞# 热·爱双向奔赴，真诚的热巴永远打动我 @Dear-迪丽热巴 todayis-lly的微博视频,https://m.weibo.cn/detail/5293901028267753
白日提灯贺思慕/女鬼鬼王记忆,post,0,粉丝点评/记忆表达明确,活成安旎好不好,#迪丽热巴慕胥辞#dlrb#迪丽热巴贺思慕# 最好的追星文案就是我们彼此双向奔赴 @Dear-迪丽热巴,https://m.weibo.cn/detail/5293885745275567
白日提灯贺思慕/女鬼鬼王记忆,post,0,粉丝点评/记忆表达明确,想吃87碗炒米粉,迪丽热巴#迪丽热巴聂九罗# dlrb #迪丽热巴枭起青壤# dlrb #迪丽热巴# 热·爱双向奔赴，真诚的热巴永远打动我 预约枭起青壤枭起青壤 迪丽热巴 | 枭起青壤 | 利剑玫瑰|慕胥辞 |聂九罗 | 邓妍 | 贺思慕 | @Dear-迪丽热巴 枭起青壤官微的微博视频,https://m.weibo.cn/detail/5293794435531470
白日提灯贺思慕/女鬼鬼王记忆,post,0,粉丝点评/记忆表达明确,又见梨花逢春,迪丽热巴#迪丽热巴# dlrb #迪丽热巴贺思慕# dlrb #迪丽热巴慕胥辞# 热巴和粉丝的双向奔赴 预约慕胥辞白日提灯 迪丽热巴 | 枭起青壤 | 利剑玫瑰|慕胥辞 |聂九罗 | 邓妍 | 贺思慕 | @Dear-迪丽热巴 网剧慕胥辞的微博视频,https://m.weibo.cn/detail/5293585101489546
白日提灯贺思慕/女鬼鬼王记忆,post,0,粉丝点评/记忆表达明确,又见梨花逢春,迪丽热巴#迪丽热巴# dlrb #迪丽热巴贺思慕# dlrb #迪丽热巴慕胥辞# 热巴和粉丝的双向奔赴 预约慕胥辞白日提灯 迪丽热巴 | 枭起青壤 | 利剑玫瑰|慕胥辞 |聂九罗 | 邓妍 | 贺思慕 | @Dear-迪丽热巴 网剧慕胥辞的微博视频,https://m.weibo.cn/detail/5293162390096253
爱丽丝与热巴的双向奔赴,post,0,粉丝点评/记忆表达明确,幽默神搞笑,#热巴既然我们手都冷就互相取暖吧#被迪丽热巴的细节温柔到破防！和粉丝互相搓手取暖，没有架子，全是真诚，这才是真正的双向奔赴,https://m.weibo.cn/detail/5293078527345734
乔晶晶与《你是我的荣耀》入坑记忆,post,0,粉丝点评/记忆表达明确,泡泡娇娇糖,开播时期撞档奥运，把鹅厂服务器挤到瘫痪，却创下了现偶近五年来集均最高播放，为什么说《你是我的荣耀》是很多人心中的白月光？#你是我的荣耀 ##迪丽热巴##杨洋 # 泡泡娇娇糖的微博视频,https://m.weibo.cn/detail/5293017340839970
任安乐/帝梓元角色记忆,post,0,粉丝点评/记忆表达明确,爽直小汤圆看直播,谁沉浸式追完《安乐传》了，真的全程情绪跟着剧情走，太上头了。任安乐潇洒恣意，心怀苍生，看似大大咧咧，实则心思细腻背负血海深仇；韩烨温润内敛，身居高位却满心赤诚，一生都在守护心中之人。两个人强强联手，互相理解互相偏爱，没有莫名其妙的误会，没有降智狗血桥段。古装造型每一套都很好看，古 ...全文,https://m.weibo.cn/detail/5292734027662133
红毯神图与高定封神造型,post,0,粉丝点评/记忆表达明确,露人HuH,#王亚飞 迪丽热巴#曾是最懂迪丽热巴骨相的御用化妆师，相伴六年造就无数封神神妆，红石榴妆、敦煌氛围感造型惊艳全网，是公认的浓颜雕刻师。 从双向奔赴的神仙合作，到如今妆造频频翻车、舆论争议不断，春晚人鱼姬妆、直播敷衍造型接连引发热议，信任慢慢消散，真的让人唏嘘不已。 ...全文,https://m.weibo.cn/detail/5292692616512913
爱丽丝与热巴的双向奔赴,post,0,粉丝点评/记忆表达明确,大麦小麦田,#迪丽热巴跳起来和粉丝打招呼#可爱，和粉丝双向奔赴了。,https://m.weibo.cn/detail/5292690178838614
爱丽丝与热巴的双向奔赴,post,0,粉丝点评/记忆表达明确,琳思阁,#内娱神仙星粉关系# 迪丽热巴#热爱永远是双向奔赴的# #内娱神仙星粉关系#说的是迪丽热巴与爱丽丝们之间的热爱关系吗?!,https://m.weibo.cn/detail/5291914800925376
白日提灯贺思慕/女鬼鬼王记忆,post,0,粉丝点评/记忆表达明确,好了伤疤还是疼的蚊子小姐,【#白日提灯收官日全员长文告别角色# 】#白日提灯剧组与迪丽热巴的双向奔赴# 以满身伤痕赴一场双向情深。风月落定，尘埃归寂，灯火阑珊处，静待思胥万千！迪丽热巴千字长文告别白日提灯，字里行间全是真诚！！“思慕，谢谢你。 谢谢你带我们发现，这世间当真如此可爱。” 万灵之主退休快乐呀！,https://m.weibo.cn/detail/5291284860503290
白日提灯贺思慕/女鬼鬼王记忆,post,0,粉丝点评/记忆表达明确,辞忆与悸,迪丽热巴 贺思慕#迪丽热巴千字长文告别白日提灯#dlrb#白日提灯今日收官# “谢谢你带我们发现，这世间当真如此可爱。”这句话，是贺思慕的感悟，也是热巴的心声。最好的演员与角色，大概就是这般双向奔赴，互相成就。,https://m.weibo.cn/detail/5291224714972271
白日提灯贺思慕/女鬼鬼王记忆,post,0,粉丝点评/记忆表达明确,甜橙Anne-,#迪丽热巴千字长文告别白日提灯#何其有幸，贺思慕的世界里有段胥常驻，日日被偏爱，时时被温柔以待，满心满眼皆是安稳与幸福。段胥的爱干净纯粹、真诚炙热，不掺浮华，恰到好处的温柔与坚定，治愈岁月，温暖朝夕。漫漫人生路，能够邂逅这样一份赤诚美好的爱意，拥有满心皆是我的段胥，双向奔赴，彼此珍 ...全文,https://m.weibo.cn/detail/5291169858193199
白日提灯贺思慕/女鬼鬼王记忆,post,0,粉丝点评/记忆表达明确,话莓完了是吧,#迪丽热巴千字长文告别白日提灯# 迪丽热巴于2026年4月23日通过个人微博发布千字长文告别《白日提灯》中的角色“贺思慕”，以细腻笔触剖析角色内核，引发全网共鸣，相关话题迅速登顶热搜。 一、长文核心内容：对角色的深度共情与告别 角色解读与情感共鸣 迪丽热巴将贺思慕定义为“因爱意而生”的象征， ...全文,https://m.weibo.cn/detail/5291167258513441
白日提灯贺思慕/女鬼鬼王记忆,post,0,粉丝点评/记忆表达明确,Midsummer兔,#迪丽热巴千字长文告别白日提灯#dlrb#迪丽热巴虽然不能同时拥有一切# dlrb#迪丽热巴贺思慕# 长夜归寂，提灯落幕｜致贺思慕收官告别 故事终章，帷幕落下，陪伴许久的贺思慕，正式和我们告别。从初见时清冷孤傲、独居归墟的万灵之主，到最后温柔通透、奔赴人间的平凡女子，她用一生走完了一场漫长又治 ...全文,https://m.weibo.cn/detail/5291138009533930
白日提灯贺思慕/女鬼鬼王记忆,post,0,粉丝点评/记忆表达明确,又见梨花逢春,迪丽热巴 贺思慕#迪丽热巴# dlrb #迪丽热巴贺思慕# dlrb #迪丽热巴慕胥辞# 热巴和粉丝的双向奔赴 预约慕胥辞白日提灯 迪丽热巴 | 枭起青壤 | 利剑玫瑰|慕胥辞 |聂九罗 | 邓妍 | 贺思慕 | @Dear-迪丽热巴 网剧慕胥辞的微博视频,https://m.weibo.cn/detail/5291031086236402
白日提灯贺思慕/女鬼鬼王记忆,post,0,粉丝点评/记忆表达明确,Everleaf_ii,#白日提灯# 收官快乐！从无感鬼王到泪落成诗，@Dear-迪丽热巴 用细腻演技让贺思慕的孤独与深情有了温度，每一份隐忍与爆发都直戳人心。这场由五感开始的宿命羁绊，最终成了灵魂深处的双向奔赴。 我们下个角色见～ 思慕啊～ 刚认识你的时候，我总在想，你是不是活在一片黑白无声的虚空里，五感是你与世界之间那层透明的屏障。你像被“秩序”束缚在万物之外，在虚无中长生。可偏偏，你不甘接受命运，成为了黑白世界里凭空绽放的一抹颜色，像一朵白山茶，清冽又藏,https://m.weibo.cn/detail/5291003050198474
白日提灯贺思慕/女鬼鬼王记忆,post,0,粉丝点评/记忆表达明确,梦想是当迪丽热巴的棉裤,白日提灯收官大吉！以灯为引，以爱为舟，贺思慕的故事圆满收官。从宿命纠缠到双向奔赴。@Dear-迪丽热巴 用细腻演技，完美诠释出贺思慕的勇敢与赤诚。 一程风月，一念情深，提灯少女。愿岁岁无忧，演员@Dear-迪丽热巴 步履不停，奔赴下一场繁花🌸似锦，未来可期！ 思慕啊～ 刚认识你的时候，我总在想，你是不是活在一片黑白无声的虚空里，五感是你与世界之间那层透明的屏障。你像被“秩序”束缚在万物之外，在虚无中长生。可偏偏，你不甘接受命运，成为了黑,https://m.weibo.cn/detail/5290998630450352
白日提灯贺思慕/女鬼鬼王记忆,post,0,粉丝点评/记忆表达明确,要-你-寡,很完美的贺思慕//@寻豹启事:谢谢编剧老师为如此完美的贺思慕筑牢了基底充实了内核//@全糖小巴滴滴:完美的初心，完美的呈现，观众和主创完美的双向奔赴#迪丽热巴贺思慕# 《白日提灯》创作小记之“贺思慕”篇 #白日提灯##贺思慕#,https://m.weibo.cn/detail/5290955116906228
白日提灯贺思慕/女鬼鬼王记忆,post,0,粉丝点评/记忆表达明确,做梦种个大太阳,感谢台前幕后的女性们合力创作出贺思慕//@寻豹启事:谢谢编剧老师为如此完美的贺思慕筑牢了基底充实了内核//@全糖小巴滴滴:完美的初心，完美的呈现，观众和主创完美的双向奔赴#迪丽热巴贺思慕# 《白日提灯》创作小记之“贺思慕”篇 #白日提灯##贺思慕#,https://m.weibo.cn/detail/5290953021853432
白日提灯贺思慕/女鬼鬼王记忆,post,0,粉丝点评/记忆表达明确,全糖小巴滴滴,完美的初心，完美的呈现，观众和主创完美的双向奔赴#迪丽热巴贺思慕# 《白日提灯》创作小记之“贺思慕”篇 #白日提灯##贺思慕#,https://m.weibo.cn/detail/5290950445236415
白日提灯贺思慕/女鬼鬼王记忆,post,0,粉丝点评/记忆表达明确,又见梨花逢春,迪丽热巴#迪丽热巴# dlrb #迪丽热巴贺思慕# dlrb #迪丽热巴慕胥辞# 热巴和粉丝的双向奔赴 预约慕胥辞白日提灯 迪丽热巴 | 枭起青壤 | 利剑玫瑰|慕胥辞 |聂九罗 | 邓妍 | 贺思慕 | @Dear-迪丽热巴 网剧慕胥辞的微博视频,https://m.weibo.cn/detail/5289931783276165
白日提灯贺思慕/女鬼鬼王记忆,post,0,粉丝点评/记忆表达明确,Hello田芄芄,迪丽热巴 贺思慕 #迪丽热巴# dlrb #迪丽热巴贺思慕# dlrb #迪丽热巴慕胥辞# 热巴和粉丝的双向奔赴 预约慕胥辞白日提灯 迪丽热巴 | 枭起青壤 | 利剑玫瑰|慕胥辞 |聂九罗 | 邓妍 | 贺思慕 | @Dear-迪丽热巴 网剧慕胥辞的微博视频,https://m.weibo.cn/detail/5289863832407379
爱丽丝与热巴的双向奔赴,post,0,粉丝点评/记忆表达明确,星星睡啦叭,双向奔赴～迪丽热巴 喜欢你对粉丝毫无保留的笑#迪丽热巴#,https://m.weibo.cn/detail/5289531127632999
红毯神图与高定封神造型,post,0,粉丝点评/记忆表达明确,小南不慌,#梁朝伟迪丽热巴幸运咖品牌代言人# @幸运咖 幸运咖TVC观看感受｜破壁同框，满屏都是幸运感👍🏻‼️🎉 看完梁朝伟×迪丽热巴×幸运咖官宣TVC，全程被高级又治愈的氛围狠狠拿捏，这波跨界合作直接封神，每一幕都看得人心动不已💯✅！ 最爱的画面必须是两人同框举杯的瞬间🌈！梁朝伟身着简约 ...全文,https://m.weibo.cn/detail/5289369067586140
行走的油画/神女美貌出圈,post,0,粉丝点评/记忆表达明确,芊与婷,#梁朝伟迪丽热巴幸运咖品牌代言人# @幸运咖 救命！这个组合简直是梦幻联动本动🌟 梁朝伟喝着咖啡侧目浅笑的样子，瞬间让我想起他那些经典角色里的温柔瞬间😭 热巴转头时发丝飞扬的镜头美到窒息，像是从画报里走出来的女神👑 最绝的是双人同框场景！热巴俏皮地举起咖啡杯，梁朝伟微微颔首回应 ...全文,https://m.weibo.cn/detail/5289208879251963
枭起青壤/聂九罗表演突破,post,0,粉丝点评/记忆表达明确,迪茗橹痕-,迪丽热巴 贺思慕#迪丽热巴# dlrb #迪丽热巴聂九罗# dlrb #迪丽热巴枭起青壤# 热·爱双向奔赴，真诚的热巴永远打动我 枭起青壤官微的微博视频,https://m.weibo.cn/detail/5289121247399176
爱丽丝与热巴的双向奔赴,post,0,粉丝点评/记忆表达明确,金帝一,迪丽热巴近日接受采访时，坦诚吐露曾深陷情绪低谷。万千粉丝的默默陪伴与坚定支持，化作她前行的温暖底气。她以自身积极形象治愈粉丝，完成双向奔赴的温柔相伴，并暖心寄语大众：直面迷茫、勇敢前行，就一定能找到出路。 金帝一的微博视频,https://m.weibo.cn/detail/5288630948201692
爱丽丝与热巴的双向奔赴,post,0,粉丝点评/记忆表达明确,Rayma小迪,迪丽热巴粉丝头条使用攻略大胃爱丽丝#迪丽热巴贺思慕热度破3亿# #迪丽热巴贺思慕热度榜TOP1# 迪丽热巴和爱丽丝永远双向奔赴 【贺思慕云包场&抽抽乐战报】 在迪丽热巴观众朋友的共同努力下，我们创下了远超预期并且刷新记录的成绩 🍒迪丽热巴粉丝云包场不完全统计已超165000座，总价值495w+！ 这是属于【热·爱】的奔赴——我们是她的爱丽丝，也是为她而来的观众朋友，我们因她集结、为她而共同努力。💕 感谢默默付出的所 ...全文,https://m.weibo.cn/detail/5288628613284285
白日提灯贺思慕/女鬼鬼王记忆,post,0,粉丝点评/记忆表达明确,藏巴心事,#迪丽热巴贺思慕# dlrb#迪丽热巴白日提灯# dlrb#白日提灯# 你在舞台发光，我在人海点灯，双向奔赴便是最好的光景 @Dear-迪丽热巴,https://m.weibo.cn/detail/5288594996463485
爱丽丝与热巴的双向奔赴,post,0,粉丝点评/记忆表达明确,环球美女汇,迪丽热巴坦言：是粉丝的陪伴，托住了她一路前行的重量 #迪丽热巴# 粉丝和偶像的双向奔赴 #娱乐评论大赏# 环球美女汇的微博视频,https://m.weibo.cn/detail/5288479090280259
枭起青壤/聂九罗表演突破,post,0,粉丝点评/记忆表达明确,猫薄荷味的迪欣盲盒,迪丽热巴 贺思慕#迪丽热巴# dlrb #迪丽热巴聂九罗# dlrb #迪丽热巴枭起青壤# 热·爱双向奔赴，真诚的热巴永远打动我 枭起青壤官微的微博视频,https://m.weibo.cn/detail/5288458730083864
红毯神图与高定封神造型,post,0,粉丝点评/记忆表达明确,阿霞阿霞阿霞,#迪丽热巴可逐全球品牌代言人##颈快变美吧# @KAZOO可逐 被迪丽热巴×可逐狠狠拿捏！颈纹退退退，嫩颈自由get✨ #迪丽热巴可逐全球品牌代言人##颈快变美吧# @KAZOO可逐 谁懂啊！刷到迪丽热巴的可逐官宣TVC直接被美到失语🥹！热巴的天鹅颈真的太绝了，和可逐同框的画面每一帧都美到封神，温柔又有 ...全文,https://m.weibo.cn/detail/5288371951503173
爱丽丝与热巴的双向奔赴,post,0,粉丝点评/记忆表达明确,守护迪迪骂人号,迪丽热巴迪丽热巴和粉丝双向奔赴，我们是一个非常爱热巴的群体，大家继续加油冲~ 【贺思慕云包场&抽抽乐战报】 在迪丽热巴观众朋友的共同努力下，我们创下了远超预期并且刷新记录的成绩 🍒迪丽热巴粉丝云包场不完全统计已超165000座，总价值495w+！ 这是属于【热·爱】的奔赴——我们是她的爱丽丝，也是为她而来的观众朋友，我们因她集结、为她而共同努力。💕 感谢默默付出的所 ...全文,https://m.weibo.cn/detail/5288366010797750
爱丽丝与热巴的双向奔赴,post,0,粉丝点评/记忆表达明确,今晚做女王,双向奔赴的爱，粉丝的每份付出和心意，都能被热巴看见并珍视，我们会一起走得更远。迪丽热巴#迪丽热巴贺思慕# #迪丽热巴白日提灯# 【贺思慕云包场&抽抽乐战报】 在迪丽热巴观众朋友的共同努力下，我们创下了远超预期并且刷新记录的成绩 🍒迪丽热巴粉丝云包场不完全统计已超165000座，总价值495w+！ 这是属于【热·爱】的奔赴——我们是她的爱丽丝，也是为她而来的观众朋友，我们因她集结、为她而共同努力。💕 感谢默默付出的所 ...全文,https://m.weibo.cn/detail/5288340821640388
爱丽丝与热巴的双向奔赴,post,0,粉丝点评/记忆表达明确,Redananm7,迪丽热巴你怎么能这么好...！//@喜久福无良供应商:姐姐一直都是好温柔的细节控姐宝的家教尊重一直都是顶顶好的，对粉丝的爱和粉丝付出的一样多，就这样双向奔赴，就这样互相取暖彼此鼓励走过一段并不顺利的时间 而且有一个细节不知道你们注意没，这些信拍摄方式很讲究，有一个巴粉在信里讲了她不开心的心事，但是巴提供的图片把那段挡住了，只留了表达感情的一段，喜欢姐姐会被保护的很好,https://m.weibo.cn/detail/5288230094112524
爱丽丝与热巴的双向奔赴,post,0,粉丝点评/记忆表达明确,Dilraba的大菠萝包,迪丽热巴 贺思慕#迪丽热巴说粉丝给了自己走下去的力量# dlrb#迪丽热巴贺思慕# 热爱永远都是双向奔赴，宝宝每次都很真诚的对待每个爱她的粉丝，未来一直我们都在@Dear-迪丽热巴,https://m.weibo.cn/detail/5288063106549385
爱丽丝与热巴的双向奔赴,post,0,粉丝点评/记忆表达明确,Dear-沈皖汐,巴巴和巴粉的双向奔赴！！#迪丽热巴# 我的天，巴巴宝把粉丝的心都好好收藏，这次公开了一些，她把每一封都有好好保存，而且她还提到了她记得粉丝和她的约定，她说有粉丝和她约定好考上大学就来见她，她因此感到很有价值很有力量 你那些少女心事和约定她都有记得🥹,https://m.weibo.cn/detail/5288004113663066
枭起青壤/聂九罗表演突破,post,0,粉丝点评/记忆表达明确,猫薄荷味的迪欣盲盒,迪丽热巴 贺思慕#迪丽热巴# dlrb #迪丽热巴聂九罗# dlrb #迪丽热巴枭起青壤# 热·爱双向奔赴，真诚的热巴永远打动我 枭起青壤官微的微博视频,https://m.weibo.cn/detail/5287737068356648
爱丽丝与热巴的双向奔赴,post,0,粉丝点评/记忆表达明确,一碗酸奶疙瘩,迪丽热巴 贺思慕“爱丽丝和热巴永远都是双向奔赴的爱”,https://m.weibo.cn/detail/5287635878681253
爱丽丝与热巴的双向奔赴,post,0,粉丝点评/记忆表达明确,MERRYX先生,她们的眼泪是对粉丝的在意😭是真诚与真诚的双向奔赴#粉丝#迪丽热巴#刘浩存#女明星#双向奔赴 MERRYX先生的微博视频,https://m.weibo.cn/detail/5287612132884921
白日提灯贺思慕/女鬼鬼王记忆,post,0,粉丝点评/记忆表达明确,来之不易小米粥,#白日提灯# 我的评分： #白日提灯观后感# 《白日提灯》里 “黑夜提灯为人引路，白日提灯替灵开道”。迪丽热巴化身无五感的冷艳鬼王，陈飞宇饰演背负家国的孤勇将军。两人因“互噬命锁”共享感官，痛你所痛，甜你所甜。这不仅是S+级的视觉盛宴，更是一场双向奔赴、以爱渡 ...全文,https://m.weibo.cn/detail/5287367785320473
爱丽丝与热巴的双向奔赴,post,0,粉丝点评/记忆表达明确,菲姐常职道,#迪丽热巴给粉丝寄签名照和相机# 补偿给上次去巴黎现场未见到她的粉丝，寄了签名照和相机！小巴巴真的好好！怎能不爱，双向奔赴的热爱cp！真是又感动又心疼又羡慕！ #春日心动放映季# 娱乐榜姐的微博视频 娱乐,https://m.weibo.cn/detail/5287318342076778
爱丽丝与热巴的双向奔赴,post,0,粉丝点评/记忆表达明确,为迪丽热巴撞大墙,此女和粉丝永远是双向奔赴@Dear-迪丽热巴 >ᴗo,https://m.weibo.cn/detail/5287245705905893
爱丽丝与热巴的双向奔赴,post,0,粉丝点评/记忆表达明确,戏精少年王大强,#迪丽热巴给粉丝寄签名照和相机# 补偿给上次去巴黎现场未见到她的粉丝，寄了签名照和相机！小巴巴真的好好！怎能不爱，双向奔赴的热爱cp！真是又感动又心疼又羡慕！ #春日心动放映季# 娱乐榜姐的微博视频 娱乐,https://m.weibo.cn/detail/5287230571549011
爱丽丝与热巴的双向奔赴,post,0,粉丝点评/记忆表达明确,小袁说数码,#迪丽热巴给粉丝寄签名照和相机# 补偿给上次去巴黎现场未见到她的粉丝，寄了签名照和相机！小巴巴真的好好！怎能不爱，双向奔赴的热爱cp！真是又感动又心疼又羡慕！ #春日心动放映季# 娱乐榜姐的微博视频 娱乐,https://m.weibo.cn/detail/5287223021014789
爱丽丝与热巴的双向奔赴,post,0,粉丝点评/记忆表达明确,爱车的捷哥,#迪丽热巴给粉丝寄签名照和相机# 补偿给上次去巴黎现场未见到她的粉丝，寄了签名照和相机！小巴巴真的好好！怎能不爱，双向奔赴的热爱cp！真是又感动又心疼又羡慕！ #春日心动放映季# 娱乐榜姐的微博视频 娱乐,https://m.weibo.cn/detail/5287220502334153
枭起青壤/聂九罗表演突破,post,0,粉丝点评/记忆表达明确,迪滴薇,迪丽热巴 贺思慕#迪丽热巴# dlrb #迪丽热巴聂九罗# dlrb #迪丽热巴枭起青壤# 热·爱双向奔赴，真诚的热巴永远打动我 枭起青壤官微的微博视频,https://m.weibo.cn/detail/5287217095514101
爱丽丝与热巴的双向奔赴,post,0,粉丝点评/记忆表达明确,沈云皙,#迪丽热巴补偿去巴黎的粉丝# 我们小巴一直都是很好的人，一直双向奔赴,https://m.weibo.cn/detail/5287212406801752
爱丽丝与热巴的双向奔赴,post,0,粉丝点评/记忆表达明确,badada迪迪_,迪丽热巴 永远相信那句“她会开窗的” 这是姐姐和粉丝双向奔赴的爱呀 迪丽热巴“她会开窗的”我很庆幸是肯定句而不是疑问句,https://m.weibo.cn/detail/5287193570706611
爱丽丝与热巴的双向奔赴,post,0,粉丝点评/记忆表达明确,张艾洛迪,热巴和爱丽丝双向奔赴迪丽热巴#迪丽热巴# 迪丽热巴 #迪丽热巴# 亲爱的小迪： 得知你因意外来不了巴黎时，我内心的担忧大于一切，那几天没有一天是睡好了的，拿起手机的第一反应就是确认你是否安全。后来看见你的博文后，心才稍微平静下来。 你很少对外界诉说你的烦恼你的难过，每次心疼你都会有时差。谢谢你准备的小礼物，谢谢你惦 ...全文,https://m.weibo.cn/detail/5287170283931304
爱丽丝与热巴的双向奔赴,post,0,粉丝点评/记忆表达明确,嘉兴咖啡爸爸,#迪丽热巴补偿去巴黎的粉丝# 迪丽热巴真的把温柔刻进骨子里，还记得远赴巴黎的粉丝遗憾，贴心送上亲笔签名礼物，双向奔赴的爱意太好哭了！😭 Night-Drunk的微博视频,https://m.weibo.cn/detail/5287135516559221
爱丽丝与热巴的双向奔赴,post,0,粉丝点评/记忆表达明确,荒糖呦,#迪丽热巴补偿去巴黎的粉丝#是双向奔赴的爱,https://m.weibo.cn/detail/5287134971038259
爱丽丝与热巴的双向奔赴,post,0,粉丝点评/记忆表达明确,大众论谈,#迪丽热巴补偿去巴黎的粉丝# 迪丽热巴真的把温柔刻进骨子里，还记得远赴巴黎的粉丝遗憾，贴心送上亲笔签名礼物，双向奔赴的爱意太好哭了😭 #全网热点共创计划#,https://m.weibo.cn/detail/5287118185431733
爱丽丝与热巴的双向奔赴,post,0,粉丝点评/记忆表达明确,踏实披萨吃便当,#迪丽热巴补偿去巴黎的粉丝#热巴一直都很好，和爱丽丝双向奔赴,https://m.weibo.cn/detail/5287081511485508
爱丽丝与热巴的双向奔赴,post,0,粉丝点评/记忆表达明确,热热丝丝,#迪丽热巴补偿去巴黎的粉丝#双向奔赴，我巴真的太好了,https://m.weibo.cn/detail/5287040750979794
爱丽丝与热巴的双向奔赴,post,0,粉丝点评/记忆表达明确,赴宇寻柯,"#迪丽热巴给粉丝的巴黎售后# 真的好真诚 迪丽热巴因不可抗力缺席巴黎时装周后，主动为远赴现场的粉丝寄送亲笔签名照和胶片相机礼盒弥补遗憾，这场双向奔赴的""巴黎售后""被全网称为内娱宠粉天花板事件。",https://m.weibo.cn/detail/5287033975082222
爱丽丝与热巴的双向奔赴,post,0,粉丝点评/记忆表达明确,Dimple-yuju,#迪丽热巴补偿去巴黎的粉丝#巴巴真的人美心善双向奔赴啊,https://m.weibo.cn/detail/5287028396658121
爱丽丝与热巴的双向奔赴,post,0,粉丝点评/记忆表达明确,小迪_哒哒哒,#迪丽热巴给粉丝寄签名照和相机#家姐就这样和我们双向奔赴,https://m.weibo.cn/detail/5287022408242961
爱丽丝与热巴的双向奔赴,post,0,粉丝点评/记忆表达明确,啾咪啾咪张,#迪丽热巴补偿去巴黎的粉丝#太贴心了，迪丽热巴因中东冲突导致航班滞留而遗憾缺席巴黎时装周，得知众多粉丝专程赴法却扑空后，她主动为能提供到场证明的粉丝寄送了包含亲笔签名照与富士胶片相机的补偿礼盒，寓意“用镜头代替我记录你的世界”；这一超越法律义务的暖心举动不仅被粉丝誉为“顶级双向奔赴 ...全文,https://m.weibo.cn/detail/5287022316226602
爱丽丝与热巴的双向奔赴,post,0,粉丝点评/记忆表达明确,-麻薯叽鱼饼,#迪丽热巴补偿去巴黎的粉丝#巴巴和爱丽丝永远是双向奔赴的爱,https://m.weibo.cn/detail/5287020542300179
白日提灯贺思慕/女鬼鬼王记忆,post,0,粉丝点评/记忆表达明确,冰伊可可YY,#迪丽热巴走出来第一秒是望向粉丝##迪丽热巴贺思慕#迪丽热巴姐姐永远是这么好，热爱一直双向奔赴，欢迎大家来腾讯视频看白日提灯,https://m.weibo.cn/detail/5287019358986572
爱丽丝与热巴的双向奔赴,post,0,粉丝点评/记忆表达明确,渡枳雨,#迪丽热巴补偿去巴黎的粉丝#这是独属于热巴与爱丽丝的双向奔赴！你爱的人也同样爱着你！,https://m.weibo.cn/detail/5287019322019373
爱丽丝与热巴的双向奔赴,post,0,粉丝点评/记忆表达明确,莉莉的不二臣,#迪丽热巴补偿去巴黎的粉丝#粉上这个热巴也太幸福了吧，双向奔赴,https://m.weibo.cn/detail/5287018187720074
爱丽丝与热巴的双向奔赴,post,0,粉丝点评/记忆表达明确,海棠落心迪,#迪丽热巴补偿去巴黎的粉丝# 迪丽热巴与爱丽丝一直都是双向奔赴！！！,https://m.weibo.cn/detail/5287017197866146
爱丽丝与热巴的双向奔赴,post,0,粉丝点评/记忆表达明确,Botatoy,#迪丽热巴给粉丝寄签名照和相机#最好的巴巴和粉丝双向奔赴 迪丽热巴给粉丝寄签名照和相机,https://m.weibo.cn/detail/5287016615908592
爱丽丝与热巴的双向奔赴,post,0,粉丝点评/记忆表达明确,转世恋雨,#迪丽热巴补偿去巴黎的粉丝# 宝宝你好好，迪丽热巴与爱丽丝双向奔赴！,https://m.weibo.cn/detail/5287009556109149
爱丽丝与热巴的双向奔赴,post,0,粉丝点评/记忆表达明确,豆浆爱吃橘子,#迪丽热巴补偿去巴黎的粉丝#好真诚呀，与粉丝双向奔赴,https://m.weibo.cn/detail/5287004455830902
爱丽丝与热巴的双向奔赴,post,0,粉丝点评/记忆表达明确,peace星辰Love,#迪丽热巴补偿去巴黎的粉丝#双向奔赴爱丽丝们好会爱人，宝宝好会爱人,https://m.weibo.cn/detail/5287004423586302
爱丽丝与热巴的双向奔赴,post,0,粉丝点评/记忆表达明确,唐雪见不姓唐,#迪丽热巴给粉丝寄签名照和相机#太幸福了吧 双向奔赴,https://m.weibo.cn/detail/5287003940988122
爱丽丝与热巴的双向奔赴,post,0,粉丝点评/记忆表达明确,嘎嘣脆了么,#迪丽热巴补偿去巴黎的粉丝# 双向奔赴太戳心！补偿远赴巴黎的粉丝，亲笔签名+专属心意，把遗憾变成专属温柔，这份宠爱谁不羡慕！！！,https://m.weibo.cn/detail/5287003134628407
爱丽丝与热巴的双向奔赴,post,0,粉丝点评/记忆表达明确,序泪诗,#迪丽热巴补偿去巴黎的粉丝#迪丽热巴和爱丽丝是双向奔赴啊！！我心软软,https://m.weibo.cn/detail/5287003094518275
爱丽丝与热巴的双向奔赴,post,0,粉丝点评/记忆表达明确,浔刃诗,#迪丽热巴补偿去巴黎的粉丝#好好的热巴！双向奔赴(≧ｗ≦),https://m.weibo.cn/detail/5287001339469014
爱丽丝与热巴的双向奔赴,post,0,粉丝点评/记忆表达明确,Dear-酸梅酱,#迪丽热巴补偿去巴黎的粉丝##迪丽热巴# 巴粉和巴姐永远的双向奔赴,https://m.weibo.cn/detail/5287001236706283
爱丽丝与热巴的双向奔赴,post,0,粉丝点评/记忆表达明确,巴颗花生_热巴翻牌版,#迪丽热巴补偿去巴黎的粉丝#啊啊啊啊热巴你怎么这么好呀 迪丽热巴与粉丝永远都是双向奔赴,https://m.weibo.cn/detail/5286999411394640
爱丽丝与热巴的双向奔赴,post,0,粉丝点评/记忆表达明确,皆不可思议,#迪丽热巴补偿去巴黎的粉丝#真羡慕那个姐妹啊 我们永远热爱双向奔赴,https://m.weibo.cn/detail/5286998669528993
爱丽丝与热巴的双向奔赴,post,0,粉丝点评/记忆表达明确,Y樱花妖,#迪丽热巴补偿去巴黎的粉丝#热巴与爱丽丝的双向奔赴，热巴还记得追去巴黎的粉丝,https://m.weibo.cn/detail/5286992946662204
爱丽丝与热巴的双向奔赴,post,0,粉丝点评/记忆表达明确,贺你亿生富贵,#迪丽热巴补偿去巴黎的粉丝#啊啊啊啊好用心的姐姐 真的是双向奔赴,https://m.weibo.cn/detail/5286992163379985
爱丽丝与热巴的双向奔赴,post,0,粉丝点评/记忆表达明确,富贵是只宝宝猫,#迪丽热巴补偿去巴黎的粉丝#远赴巴黎的奔赴没有被辜负，迪丽热巴亲笔签名照+富士相机礼盒送到每一位爱丽丝手上。不可抗力的遗憾，被温柔妥善弥补，双向奔赴太好哭了✨,https://m.weibo.cn/detail/5286991919058622
爱丽丝与热巴的双向奔赴,post,0,粉丝点评/记忆表达明确,缘于你的真,#迪丽热巴补偿去巴黎的粉丝#真的好善良的女孩，和粉丝双向奔赴,https://m.weibo.cn/detail/5286991726117977
爱丽丝与热巴的双向奔赴,post,0,粉丝点评/记忆表达明确,Dilraba幸运女神,#迪丽热巴补偿去巴黎的粉丝# 她真的好真诚啊和粉丝双向奔赴了，我们都爱你,https://m.weibo.cn/detail/5286989526205154
爱丽丝与热巴的双向奔赴,post,0,粉丝点评/记忆表达明确,胖迪的情绪岛屿-,#迪丽热巴补偿去巴黎的粉丝#双向奔赴的爱！我真的感动哭了,https://m.weibo.cn/detail/5286989143213087
爱丽丝与热巴的双向奔赴,post,0,粉丝点评/记忆表达明确,等一个属于你的天亮,#迪丽热巴补偿去巴黎的粉丝#又被这个迪丽热巴感动哭了，最好的感情就是迪丽热巴和爱丽丝的双向奔赴,https://m.weibo.cn/detail/5286988676858220
爱丽丝与热巴的双向奔赴,post,0,粉丝点评/记忆表达明确,Dear-幸福巴,#迪丽热巴补偿去巴黎的粉丝#热巴与巴粉永远都是双向奔赴,https://m.weibo.cn/detail/5286986790996535
白日提灯贺思慕/女鬼鬼王记忆,post,0,粉丝点评/记忆表达明确,D8颗星星,#白日提灯# 我的评分： #白日提灯观后感# 《白日提灯》里 “黑夜提灯为人引路，白日提灯替灵开道”。迪丽热巴化身无五感的冷艳鬼王，陈飞宇饰演背负家国的孤勇将军。两人因“互噬命锁”共享感官，痛你所痛，甜你所甜。这不仅是S+级的视觉盛宴，更是一场双向奔赴、以爱渡 ...全文,https://m.weibo.cn/detail/5283040807096113
爱丽丝与热巴的双向奔赴,post,0,粉丝点评/记忆表达明确,奶茶耶汁,#陈飞宇没少看迪丽热巴二创# 谁懂这种双向奔赴！陈飞宇聊起二创里的水果昵称，能看出他真的理解粉丝对角色的偏爱，回应得恰到好处。,https://m.weibo.cn/detail/5282986037084818
爱丽丝与热巴的双向奔赴,post,0,粉丝点评/记忆表达明确,badada被封5次重生版,迪丽热巴 贺思慕你要知道迪丽热巴和爱丽丝从来都不是一厢情愿的，我们是双向奔赴。,https://m.weibo.cn/detail/5282637717704266
白日提灯贺思慕/女鬼鬼王记忆,post,0,粉丝点评/记忆表达明确,不狂不叫迪悸姩,迪丽热巴 贺思慕#迪丽热巴慕胥辞#dlrb#迪丽热巴贺思慕# 最好的追星文案就是我们彼此双向奔赴 @Dear-迪丽热巴,https://m.weibo.cn/detail/5282597770364665
白日提灯贺思慕/女鬼鬼王记忆,post,0,粉丝点评/记忆表达明确,怡只兔叽,迪丽热巴#白日提灯原著就是姐弟恋# 磕死我了！《白日提灯》原著姐弟恋真的绝。贺思慕霸气鬼王姐姐，段胥忠犬少年将军，人鬼殊途也挡不住双向奔赴。年下恋设定自带苏点，又甜又虐又好哭，不管小说还是剧，都让人越看越上头。,https://m.weibo.cn/detail/5282225134502807
红毯神图与高定封神造型,post,0,粉丝点评/记忆表达明确,銃儿,#迪丽热巴可逐全球品牌代言人##颈快变美吧# @KAZOO可逐 作为常年低头刷手机、颈纹越来越明显的打工人，真的被迪丽热巴同款KAZOO可逐颈膜狠狠拯救了😭 用了一段时间，直接封神！ 刚上脸就被惊艳到🥰 膜布软fufu的，上脖子巨服帖，低头、做家务都不会掉，精华液多到能把脖子裹得满满当当，冰冰凉凉 ...全文,https://m.weibo.cn/detail/5282211662402798
白日提灯贺思慕/女鬼鬼王记忆,post,0,粉丝点评/记忆表达明确,有奕无为,#迪丽热巴陈飞宇新剧骑着扫帚飞#迪丽热巴陈飞宇新剧骑着扫帚飞！东方鬼王的魔法浪漫杀疯了 谁懂啊！哈利波特的魔法扫帚，在东方奇幻剧里有了绝美代餐！迪丽热巴、陈飞宇新剧《白日提灯》名场面刷屏，#骑着扫帚飞# 梗直接火出圈，甜到上头又笑点拉满！ 剧中迪丽热巴饰演400岁高冷鬼王贺思慕，手持万 ...全文,https://m.weibo.cn/detail/5282187845045646
白日提灯贺思慕/女鬼鬼王记忆,post,0,粉丝点评/记忆表达明确,吹落风起,#迪丽热巴陈飞宇新剧不够看# 贺思慕和段胥这种双向奔赴甘愿付出的感情线太戳我了，姐狗文学搬到古偶里居然这么适配,https://m.weibo.cn/detail/5282123420010552
红毯神图与高定封神造型,post,0,粉丝点评/记忆表达明确,feizitangtang,#迪丽热巴可逐全球品牌代言人##颈快变美吧# @KAZOO可逐 刚刷完可逐x迪丽热巴的新TVC，我整个人直接被美到失语😭✨ 开头她回眸那一下，眼神又飒又柔，直接撞进我心里！镜头切到她指尖抚过产品时，那种高级质感简直要溢出屏幕💫 说实话，以前只觉得她红毯惊艳，没想到广告里也能把“专业感”和“灵 ...全文,https://m.weibo.cn/detail/5282108870496848
白日提灯贺思慕/女鬼鬼王记忆,post,0,粉丝点评/记忆表达明确,热爱小涵,#白日提灯# 我的评分： #白日提灯观后感# 🌟总体评价：超赞！东方奇幻与甜虐救赎的完美结合，是近年古装剧里诚意满满的诚意之作，看完后劲十足。 📚剧情题材：新颖的“五感共生”设定太戳人！鬼王与少年将军人鬼殊途却双向奔赴，单元奇案+权谋主线并行，节奏紧凑 ...全文,https://m.weibo.cn/detail/5282093739282215
演员成长与角色群像评价,post,0,粉丝点评/记忆表达明确,玻璃星漫游,#迪丽热巴一秒猜中高雯# 高雯的台词一出来，热巴那个惊喜的眼神藏都藏不住，能看出来她真的很喜欢这个角色，#迪丽热巴一秒听出克拉恋人# 这种演员和角色的双向奔赴太戳人了，#你好星期六#,https://m.weibo.cn/detail/5281850626933281
演员成长与角色群像评价,post,0,粉丝点评/记忆表达明确,荷塘映月湖,#迪丽热巴一秒猜中高雯# 高雯的台词一出来，热巴那个惊喜的眼神藏都藏不住，能看出来她真的很喜欢这个角色，#迪丽热巴一秒听出克拉恋人# 这种演员和角色的双向奔赴太戳人了，#你好星期六#,https://m.weibo.cn/detail/5281843540918435
红毯神图与高定封神造型,post,0,粉丝点评/记忆表达明确,今天爽飞了,#迪丽热巴和素人合影#迪丽热巴南京迪奥活动全网热议事件总结 迪丽热巴现身南京迪奥线下活动，雨中蓝裙造型、温柔宠粉互动、无滤镜素人同框三大亮点刷屏全网，凭借极致氛围感与高情商素养收获广泛好评，同时带动明星与素人颜值、无滤镜真实状态等话题发酵。 一、出圈造型：雨中蓝裙，破碎感美神 1. ...全文,https://m.weibo.cn/detail/5293746793222096
爱丽丝与热巴的双向奔赴,post,0,粉丝点评/记忆表达明确,南安_love,我今天去德基看迪丽热巴，本来想着就远远瞧一下到底有多权威，然后十二点到那，没找准位置，站背面了，一直在下雨，就在那等着，一直到一点吧陆陆续续邓为、刘宪华、热巴都来了，然后真的是每家粉丝都有区别，邓为家一直在喊应援旗也一直甩，真的很挡着我们后面看的；我们大华真的很宠粉，一直走到旁边 ...全文,https://m.weibo.cn/detail/5292819950605502
迪拜报平安/守护型记忆,post,0,粉丝点评/记忆表达明确,巴KOI,迪丽热巴迪丽热巴永远臣服于年上女的处事能力🆙， 更喜欢姐姐了՞˶･֊･˶՞🩷 #迪丽热巴补偿去巴黎的粉丝# #迪丽热巴内娱宠粉天花板# 迪丽热巴 #迪丽热巴# 亲爱的小迪： 得知你因意外来不了巴黎时，我内心的担忧大于一切，那几天没有一天是睡好了的，拿起手机的第一反应就是确认你是否安全。后来看见你的博文后，心才稍微平静下来。 你很少对外界诉说你的烦恼你的难过，每次心疼你都会有时差。谢谢你准备的小礼物，谢谢你惦 ...全文,https://m.weibo.cn/detail/5287020614387296
白日提灯贺思慕/女鬼鬼王记忆,post,0,粉丝点评/记忆表达明确,KathyZ_y,#迪丽热巴补偿去巴黎的粉丝# 我巴好宠粉，来看迪丽热巴白日提灯吧！#迪丽热巴白日提灯# dlrb #迪丽热巴贺思慕# @Dear-迪丽热巴,https://m.weibo.cn/detail/5286981137336465
白日提灯贺思慕/女鬼鬼王记忆,post,0,粉丝点评/记忆表达明确,一祉好困豚,#迪丽热巴答应粉丝63张ccd自拍# 宝宝一如既往宠粉 有了63张ccd那63分钟的vlog还远吗！宝宝随便拍什么都可以呀我都爱看 大家记得明天中午十二点来看白日提灯 让我们一起恭迎万灵之主贺思慕,https://m.weibo.cn/detail/5281091134162496
爱丽丝与热巴的双向奔赴,post,0,粉丝点评/记忆表达明确,硬吃巴个酸奶疙瘩想长高,#迪丽热巴答应粉丝63张ccd自拍#好宠粉啊🥰又是双向奔赴的一天,https://m.weibo.cn/detail/5281084855026730
嘻嘻迪/表情包/可爱梗,post,0,粉丝点评/记忆表达明确,珂珂的追剧日记,娱乐#谁给迪丽热巴买的手机壳# 迪丽热巴向来低调宠粉，私下性格软萌可爱，经常会使用粉丝送的小物件，这份真诚与接地气，让她收获无数路人好感。这次一个小小的手机壳，再次让大家看到她不摆架子、珍惜心意的一面。,https://m.weibo.cn/detail/5265977823466367
爱丽丝与热巴的双向奔赴,post,0,粉丝点评/记忆表达明确,樱桃不爱逃,最好的热巴，永远都是最真诚的迪丽热巴，每次都给粉丝最好的、最贵的，内娱宠粉天后迪丽热巴我爱你 #迪丽热巴给粉丝点了奶茶面包鸡汤##热巴逆应援# 🥹🥹天气严寒 迪丽热巴不仅给粉丝点了奶茶面包 还有鸡汤（鸡汤是整鸡） 还有女生用品😭😭!!!!!各方面都考虑到了 怎么会有这么用心的女孩子😭 抛开明星的身份 现实生活里有这么美好的女孩子我也会爱一辈子的!!!!! 热爱🔒4️⃣🫶 迪丽热巴 ...全文,https://m.weibo.cn/detail/5264479693833054
跑男时期综艺名场面,post,0,粉丝点评/记忆表达明确,Lwait啵,"#迪丽热巴跑男只录了12天#迪丽热巴在12天内贡献了转圈舞、鸵鸟赛跑、指压板挑战等出圈名场面，塑造了""甜热热""""跑男迪""等鲜活形象。其真诚投入、不矫情的态度收获大量观众好感，成为""综艺白月光""。 该季节目热度创当年新高，迪丽热巴个人搜索指数登顶，带动粉丝量激增。许多观众因她的表现入坑，至今仍被反复提及",https://m.weibo.cn/detail/5292006335316994
跑男时期综艺名场面,post,0,粉丝点评/记忆表达明确,于是我写下愛_,"#迪丽热巴跑男只录了12天#迪丽热巴2017年作为常驻嘉宾加盟《奔跑吧》第五季，实际录制时长仅12天，却凭借鲜活表现留下贯穿整季的经典名场面个人魅力爆发：迪丽热巴在12天内贡献了转圈舞、鸵鸟赛跑、指压板挑战等出圈名场面，塑造了""甜热热""""跑男迪""等鲜活形象。其真诚投入、不矫情的态度收获大量观众好感，成为""综艺白月光""。 热度断层式引领：该季节目热度创当年新高，迪丽热巴个人搜索指数登顶，带动粉丝量激增。许多观众因她的表现入坑，至今仍被反复",https://m.weibo.cn/detail/5292004158212503
演员成长与角色群像评价,post,0,粉丝点评/记忆表达明确,草莓味的奥莉呀,与她们相遇的瞬间 与她们相遇的瞬间关小迪 我的点评：[苹果][苹果][苹果][苹果][苹果]入坑角色 谁不想染缕蓝发呢迪丽热巴超话 ​,https://m.weibo.cn/detail/5291275246895652
李长歌与《长歌行》角色记忆,post,0,粉丝点评/记忆表达明确,EightCynthia,21年长歌行入坑，成了迪丽热巴的剧粉，到现在真的没让人失望过 ​,https://m.weibo.cn/detail/5290951228789001
白日提灯贺思慕/女鬼鬼王记忆,post,0,粉丝点评/记忆表达明确,迪迪快乐杯,白日提灯剧版超话 本来对灵异类题材不感冒，纯因为热巴去看《白日提灯》，结果直接入坑，太真实了！贺思慕，你就是最绝的女主！#迪丽热巴贺思慕# 白天是楚楚可怜、怯生生的贺小小，软萌又好骗，连血都怕；夜里一转身，就是红衣白发、气场碾压四方的归墟灵主。这种极致反差太戳人！看你第一次借段胥尝到甜、看见色彩、摸到风，那种鲜活的开心与兴奋，屏幕外都跟着心动。四百年孤寂的灵主，终于有了人间五感、有了软肋、也有了偏爱。明明是战力天花板，却守着“不杀凡人,https://m.weibo.cn/detail/5288266791127225
演员成长与角色群像评价,post,0,粉丝点评/记忆表达明确,SYZ要练马甲线,#迪丽热巴谈性格敏感# 还记得高雯刚入坑不久就经历了跑男和金鹰，作为粉丝一度对这些字眼都会ptsd，不敢想你是怎么忍受“曾经被肯定过，后来被全盘否定”的舆论氛围。但是看完今天的采访+白日提灯大结局的我突然就释怀了，感谢你在演员道路上尽自己所能踏踏实实走地每一步，把敏感带来的自我怀疑转化为共情每一个角色的能力，我可以从你创造的每个角色、每场演出、每个采访甚至每个阶段的状态汲取到一股坚韧的力量，就像你说的，可能不会对我的人生立刻有改变，但在,https://m.weibo.cn/detail/5288128861701890
行走的油画/神女美貌出圈,post,0,粉丝点评/记忆表达明确,小孩你家大人来了,迪丽热巴超话 贺思慕 清漪·美貌入坑指南若论《完美世界》中谁是最美的存在，清漪（月婵）当之无愧。她被誉为九天上的最美仙子、九天十地第一美人，这是小说盖章、动漫官方认证的颜值巅峰。在域外，月婵仙子的名气无人不知，被所有年轻人崇拜。她傲世而行，不沾红尘气，超尘脱俗，在很多人心中不容亵渎，号称第一人间仙子。她的美，是举世罕见的绝色。绝世姿容无双——她雅洁出尘，身段修长完美，白衣飘动，袅娜而来，宛若自月宫中临尘。冰肌玉骨，衣裙飘舞，有一种绝世,https://m.weibo.cn/detail/5285803385423650
白日提灯贺思慕/女鬼鬼王记忆,post,0,粉丝点评/记忆表达明确,剧小桃,#白日提灯万千人海中一眼认出爱人#入坑思胥万千就偷着乐吧，毕竟段胥总是对一个人反复喜欢，两人对视的时候我就在疯狂尖叫，太好嗑了好吧#迪丽热巴打戏现场直击##白日提灯# L剧小桃的微博视频 ​,https://m.weibo.cn/detail/5285436278440640
白日提灯贺思慕/女鬼鬼王记忆,post,0,粉丝点评/记忆表达明确,月半迪的小零食,不知道不知道，带着我妈看贺思慕后她入坑迪丽热巴 ​,https://m.weibo.cn/detail/5284977348707439
白日提灯贺思慕/女鬼鬼王记忆,post,0,粉丝点评/记忆表达明确,檸檬咘加糖,#白日提灯# 剧情从开播就一直很紧凑，只不过人间部分为后面剧情铺垫的比较多所以观众想要的男女主之间的拉扯感较弱。被一些人作为评判热巴无演技的贺小小和邪恶砂糖橘，请大家不要断章取义“贺小小一看就是演的，哭的也假”我想说她本来就是贺思慕故意演的啊，而且哭确实假，因为是假哭啊至于邪恶砂糖橘“表情好夸张，只会瞪眼啊”我想说这里她本来就是贺思慕的皮 方昌的情 贺小小的型，不知道我这样说有没有人能懂，但我觉得认真看了的应该能知道我的意思，这里结合了,https://m.weibo.cn/detail/5284839226084361
红毯神图与高定封神造型,post,0,粉丝点评/记忆表达明确,吃一口甜樱桃_,让我垂直入坑的造型#迪丽热巴贺思慕# ​,https://m.weibo.cn/detail/5284132029468142
白日提灯贺思慕/女鬼鬼王记忆,post,0,粉丝点评/记忆表达明确,嵩嵩家的小螃蟹,#白日提灯# 我的评分：#白日提灯观后感#真的超喜欢巴巴的新剧，其实从前几集开始，我也不喜欢陈飞宇演的段胥，有时候还会跳过，但是，但是，从第八集群像开始后，段胥大战十五的那场戏开始，我有点喜欢上阿瑟了，演的还挺好，出乎我的意料。巴巴也是，很美，尤其是那个邪恶沙糖桔，真的是有点子诡异了。特效也很美，不愧是大制作。入坑不亏，加油吧。#迪丽热巴 白日提灯#,https://m.weibo.cn/detail/5284117797406417
乔晶晶与《你是我的荣耀》入坑记忆,post,0,粉丝点评/记忆表达明确,没事就要笑一下,《你是我的荣耀》里，于途的温柔与偏爱，只倾注在乔晶晶身上——没有分毫旁落！因一个高光片段入坑，结果一口气追完全剧 #你是我的荣耀# #迪丽热巴# #独宠一人# L没事就要笑一下的微博视频 ​,https://m.weibo.cn/detail/5283931947799785
白日提灯贺思慕/女鬼鬼王记忆,post,0,粉丝点评/记忆表达明确,桃丝小丸子哟,#白日提灯# 我的评分：#白日提灯观后感#从开播一直追到现在真的很爱这部剧。因为之前看了原著小说，在看到白日提灯要被影视化了，男女主是迪丽热巴和陈飞宇，对男主陈飞宇不是很了解，之前也没有看过他的剧，刷视频看到一些路透，陈飞宇很帅，眼睛很好看，很符合书中少年将军意气风发的描写；而女主迪丽热巴在我心里就是书中走出来的贺思慕，因为书中有对贺思慕长相的描写，看过的都知道贺思慕的眼角也有一颗痣，不想去夸热巴在这部剧有多美，因为这是很客观的事实！从,https://m.weibo.cn/detail/5283368103319408
白日提灯贺思慕/女鬼鬼王记忆,post,0,粉丝点评/记忆表达明确,-Giouhhy,#白日提灯观后感# #白日提灯# 入坑八集后剧情！四百岁归墟女灵主，自从和段胥连通五感，终于褪去冰冷外壳懂爱恨执念。归墟副本气场全开，女灵主权谋拉满、步步为营，妥妥大女主上位线！又强又柔情，迪丽热巴把贺思慕演活了！ ​,https://m.weibo.cn/detail/5283337318958103
白日提灯贺思慕/女鬼鬼王记忆,post,0,粉丝点评/记忆表达明确,cp磕代表,啊啊啊追热巴的剧，不就为沉浸在这份心动与惊艳吗！《白日提灯》安心入坑，全程无雷、零负担、纯享受！ #迪丽热巴# #陈飞宇# #白日提灯# Lcp磕代表的微博视频 ​,https://m.weibo.cn/detail/5283306821127765
白日提灯贺思慕/女鬼鬼王记忆,post,0,粉丝点评/记忆表达明确,噗忒头的漂流日记,连热巴都入坑追番，还忍不住夸特效，好剧果然藏不住#迪丽热巴夸白日提灯特效##迪丽热巴也追了白日提灯# #白日提灯追剧团# ​,https://m.weibo.cn/detail/5282926379937205
白日提灯贺思慕/女鬼鬼王记忆,post,0,粉丝点评/记忆表达明确,忘卿少女,#迪丽热巴的副驾也是让陈飞宇坐上了##迪丽热巴陈飞宇新剧骑着扫帚飞#红衣白发鬼王VS腹黑少年将军，对手戏张力拉满，剧情紧凑不拖沓，根本停不下来！已经入坑，坐等更新！ ​,https://m.weibo.cn/detail/5282280744419491
白日提灯贺思慕/女鬼鬼王记忆,post,0,粉丝点评/记忆表达明确,Fashion-Fvck,#入坑迪丽热巴陈飞宇新剧##白日提灯倍速不了一点#承认吧你就是被《白日提灯》狠狠拿捏啦！贺思慕美强惨又带点傲娇，段胥看似稚嫩却把所有的安心感留给她一人，冲破人灵禁忌的绝美爱恋太对味了！仙侠加权谋也是越看越上头，画面精致剧情不水，我不仅原速看还要火速二刷！ ​娱乐超话 ​,https://m.weibo.cn/detail/5282213151379072
白日提灯贺思慕/女鬼鬼王记忆,post,0,粉丝点评/记忆表达明确,奶芙芝柿喵,#白日提灯# 这一声思慕叫的太苏了～#贺思慕随地大小演##陈飞宇段胥##迪丽热巴贺思慕##入坑迪丽热巴陈飞宇新剧# L奶芙芝柿喵的微博视频 ​,https://m.weibo.cn/detail/5282110426057499
白日提灯贺思慕/女鬼鬼王记忆,post,0,粉丝点评/记忆表达明确,最真的梦梦到了你,#入坑迪丽热巴陈飞宇新剧# 🌟《白日提灯》颜值与实力并存！服化道精致剧情紧凑，双强人设对决，追剧体验直接拉满 #白日提灯倍速不了一点# ​,https://m.weibo.cn/detail/5282100460388663
白日提灯贺思慕/女鬼鬼王记忆,post,0,粉丝点评/记忆表达明确,一生挚爱灬极速,#入坑迪丽热巴陈飞宇新剧# 🥰段胥年下奶狗又有安全感，只偏爱贺思慕一人，绝美跨界爱恋，搭配权谋剧情追剧停不下来 #白日提灯倍速不了一点# ​,https://m.weibo.cn/detail/5282099684180037
白日提灯贺思慕/女鬼鬼王记忆,post,0,粉丝点评/记忆表达明确,偷窥尘寰的小黑,#入坑迪丽热巴陈飞宇新剧##白日提灯倍速不了一点#《白日提灯》太上头了！热巴和陈飞宇的对手戏张力拉满，人灵恋又甜又虐，剧情紧凑细节满满，根本舍不得快进一秒！ ​,https://m.weibo.cn/detail/5282099382716403
白日提灯贺思慕/女鬼鬼王记忆,post,0,粉丝点评/记忆表达明确,困眠小椿_,#入坑迪丽热巴陈飞宇新剧##白日提灯倍速不了一点#这部剧真没法倍速刷，高冷又可爱的贺思慕和苏感十足的段胥太好磕，宿命纠葛与权谋较量满满细节，只能慢慢品 ​,https://m.weibo.cn/detail/5282097843407262
白日提灯贺思慕/女鬼鬼王记忆,post,0,粉丝点评/记忆表达明确,仰望45度是我的信仰,#入坑迪丽热巴陈飞宇新剧# 🌸此生最对决定追《白日提灯》！画面精致颜值在线，剧情层层递进，看完立马想二刷反复回味 #白日提灯倍速不了一点# ​,https://m.weibo.cn/detail/5282097352409289
白日提灯贺思慕/女鬼鬼王记忆,post,0,粉丝点评/记忆表达明确,在煮白开水,#入坑迪丽热巴陈飞宇新剧##白日提灯倍速不了一点#《白日提灯》看得不敢快进，贺思慕外冷内软超讨喜，段胥年下苏感拉满。人灵宿命+权谋博弈，每段戏都很有料 ​,https://m.weibo.cn/detail/5282097171795234
白日提灯贺思慕/女鬼鬼王记忆,post,0,粉丝点评/记忆表达明确,迷人魅力宋先生,#入坑迪丽热巴陈飞宇新剧# ⚔️高手过招看得过瘾！宿命人灵设定+紧凑权谋线，全程无废话，追剧全程沉浸式代入超爽 #白日提灯倍速不了一点# ​,https://m.weibo.cn/detail/5282096564142426
白日提灯贺思慕/女鬼鬼王记忆,post,0,粉丝点评/记忆表达明确,摇呼啦圈的kitty,#入坑迪丽热巴陈飞宇新剧# 😻被贺思慕反差圈粉！美强惨还自带傲娇，段胥独宠守护双向救赎，冲破人灵禁忌太好嗑 #白日提灯倍速不了一点# ​,https://m.weibo.cn/detail/5282095711654219
白日提灯贺思慕/女鬼鬼王记忆,post,0,粉丝点评/记忆表达明确,念念的下饭剧,#入坑迪丽热巴陈飞宇新剧##白日提灯倍速不了一点#入坑迪丽热巴陈飞宇新剧《白日提灯》，贺思慕外冷内萌，段胥年苏感拉满，剧情紧凑，真的倍速不了一点！ ​,https://m.weibo.cn/detail/5282095679409472
白日提灯贺思慕/女鬼鬼王记忆,post,0,粉丝点评/记忆表达明确,兰兰鼓丘他,#入坑迪丽热巴陈飞宇新剧# 🎬《白日提灯》质感绝了！仙侠氛围感拉满还叠加高能权谋，剧情不注水，原速看都生怕漏细节 #白日提灯倍速不了一点# ​,https://m.weibo.cn/detail/5282094940684731
白日提灯贺思慕/女鬼鬼王记忆,post,0,粉丝点评/记忆表达明确,黄发发发宝,#入坑迪丽热巴陈飞宇新剧##白日提灯倍速不了一点#迪丽热巴×陈飞宇宿命感拉满！贺思慕与段胥人灵殊途相互救赎，仙侠权谋双在线，每一帧都值得细品，根本舍不得倍速～ ​,https://m.weibo.cn/detail/5282094868858351
白日提灯贺思慕/女鬼鬼王记忆,post,0,粉丝点评/记忆表达明确,狗嘴一抹薄荷绿,#入坑迪丽热巴陈飞宇新剧# 💖入坑热巴陈飞宇太值了！贺思慕外冷内萌，段胥年下奶狗超苏，人灵宿命爱恋狠狠戳中我 #白日提灯倍速不了一点# ​,https://m.weibo.cn/detail/5282094432391583
白日提灯贺思慕/女鬼鬼王记忆,post,0,粉丝点评/记忆表达明确,剧永一,#入坑迪丽热巴陈飞宇新剧##白日提灯倍速不了一点#从没体验过越品越上头的后劲！贺思慕段胥甜中有虐还很会抖包袱，人灵立场不同却被爱连结，冲破枷锁的宿命感实在名品～台词也考究到每一句都像在埋线，二刷才发现第一遍漏掉很多细节～本细节控完全沉溺在《白日提灯》的小设计里不知倍速是何物！ ​,https://m.weibo.cn/detail/5282093547390554
白日提灯贺思慕/女鬼鬼王记忆,post,0,粉丝点评/记忆表达明确,水灵灵水灵,#入坑迪丽热巴陈飞宇新剧# ✨第一次追剧不敢开倍速！《白日提灯》每帧全是细节，走神就错过高光，细糠就得慢慢品太上头 #白日提灯倍速不了一点# ​,https://m.weibo.cn/detail/5282093271615871
白日提灯贺思慕/女鬼鬼王记忆,post,0,粉丝点评/记忆表达明确,影剧星追综,#入坑迪丽热巴陈飞宇新剧##白日提灯倍速不了一点#迪丽热巴陈飞宇新剧入坑即上头，每天掐着点等更新真是望眼欲穿～两人对戏不仅是颜值盛宴还甜到打滚，仙侠落地权谋也层层反转让人深思。全员演技在线，满配服化道更是贵气又养眼，这剧已经晋升为我的TOP1，倍速不了一点！ ​,https://m.weibo.cn/detail/5282093044075911
白日提灯贺思慕/女鬼鬼王记忆,post,0,粉丝点评/记忆表达明确,甜甜的剧甜甜追,#入坑迪丽热巴陈飞宇新剧##白日提灯倍速不了一点#剧荒人遇见了最心软的《白日提灯》～姐狗恋、高颜值、人鬼情深、冲破宿命，一部剧里塞满了让人走不动道的设定！迪丽热巴陈飞宇两位颜霸同框也是赏心悦目，上头时还能静下来复盘权谋线，原速都追不够了谁还开倍速啊～ ​,https://m.weibo.cn/detail/5282092792418685
红毯神图与高定封神造型,post,0,粉丝点评/记忆表达明确,阿拉小报的手机壳,#迪丽热巴演技#第一集开头就垂直入坑了吧，衣服妆造什么都没变万灵之主和民女贺小小就是能分的一清二楚 ​,https://m.weibo.cn/detail/5281896986051124
嘻嘻迪/表情包/可爱梗,post,0,粉丝点评/记忆表达明确,i7萌萌萌,#白日提灯#太好看了我说 我已经很长时间没看电视剧了这次直接入坑 迪丽热巴怎么演的这么可爱灵动啊美死了美死了美死了 白日提灯大爆！！！ 陈飞宇也好帅 男美女帅 演技一流！迪丽热巴超话陈飞宇超话 ​,https://m.weibo.cn/detail/5281864504052224
白日提灯贺思慕/女鬼鬼王记忆,post,0,粉丝点评/记忆表达明确,BodhiLuck,迪丽热巴超话 家人们，巴姐贺思慕演得太好了入坑，立刻入坑! ​,https://m.weibo.cn/detail/5281813677477778
白日提灯贺思慕/女鬼鬼王记忆,post,0,粉丝点评/记忆表达明确,嗯嗯我是时候要改名字了,#白日提灯3集好看5集上头##白日提灯包好看的#3集入坑5集上头！人鬼宿命+五感相通设定超新颖，迪丽热巴陈飞宇套路互撩，宿命感拉满，越看越上瘾。 ​,https://m.weibo.cn/detail/5281785959417775
演员成长与角色群像评价,post,0,粉丝点评/记忆表达明确,霓儿xxx,#白日提灯# 我的评分：#白日提灯观后感#特效超好，演员演技超好，特别是迪丽热巴的眼神戏，一秒丝滑切换，太绝了，一集入坑，不信来找我 ​,https://m.weibo.cn/detail/5281552661748528
白日提灯贺思慕/女鬼鬼王记忆,post,0,粉丝点评/记忆表达明确,七两鹿衔草,#白日提灯贺思慕撩段胥这段#入坑《白日提灯》只为这几段名场✨迪丽热巴塑造的万灵之主高冷又深情独宠弟弟甜度炸裂😋 ​,https://m.weibo.cn/detail/5281551710948349
白日提灯贺思慕/女鬼鬼王记忆,post,0,粉丝点评/记忆表达明确,四点-半就睡,#陈飞宇年下不叫姐心思有点野##陈飞宇把热巴挂嘴上了# 看完直播我算是彻底入坑了，陈飞宇叫热巴时那个笑容真的太有戏了，不是刻意营业，而是真的开心。剧里段胥对贺思慕还有几分敬畏，剧外他直接就把年下弟弟的野心思展现出来了。 ​,https://m.weibo.cn/detail/5281522724897120
白日提灯贺思慕/女鬼鬼王记忆,post,0,粉丝点评/记忆表达明确,扶卿挽安提,#白日提灯# 我的评分：迪丽热巴超话#白日提灯观后感#🌟亮点推荐：万灵之主与少年将军贪玩的灵主大人遇到的她唯一的结咒人，两人之间究竟存在什么纠纷呢？ 双强联手，智商在线，欢迎入坑 ​,https://m.weibo.cn/detail/5281459797756923
白日提灯贺思慕/女鬼鬼王记忆,post,0,粉丝点评/记忆表达明确,哈尔的在逃移动电饭煲,#陈飞宇迪丽热巴短剧预告##陈飞宇强制爱迪丽热巴##白日提灯# 谁家剧宣这么拼啊！乱七八糟方式都试一遍，结果短剧预告还真挺有意思。四百岁太奶穿越反宠娇蛮大少爷，这剧情我直接入坑，3月28日蹲住了！ ​,https://m.weibo.cn/detail/5280326613994444
嘻嘻迪/表情包/可爱梗,post,0,粉丝点评/记忆表达明确,大遥,张凌赫超话#张凌赫开推4新一季的flag##张凌赫知道热巴白宇退出开推的反应#反应好真实哈哈哈哈～两位都是我最近刚入坑的宝宝～很真诚的两个宝宝❤️#张凌赫田曦薇 逐玉# ​,https://m.weibo.cn/detail/5279975432522304
白日提灯贺思慕/女鬼鬼王记忆,post,0,粉丝点评/记忆表达明确,好多鱼有鱼好多,#白日提灯外挂级别女主##白日提灯# 不憋屈不圣母的女上位太香！迪丽热巴贺思慕外挂级别女主，强势又圈粉，搭档陈飞宇段胥，0328开播准时入坑！ ​,https://m.weibo.cn/detail/5279661791906458
白日提灯贺思慕/女鬼鬼王记忆,post,0,粉丝点评/记忆表达明确,巴黎的春天20110,#迪丽热巴说贺思慕不是人#迪丽热巴直播自曝“不是人”，新剧《白日提灯》鬼王人设引热议迪丽热巴在3月22日的品牌直播中，宣传新剧《白日提灯》时提及自己饰演的角色“不是人”，一句耿直发言迅速引发热议。这一设定并非玩笑。剧中她饰演的贺思慕是“万灵之主”，一位活了四百年的归墟鬼王，天生缺失味觉、嗅觉等五感，依靠吸食人类情绪生存。角色拥有双重身份：白昼化名柔弱孤女“贺小小”，见血即晕营造反差感；黑夜则化身红衣白发、执掌幽冥的鬼王，标志性台词“我的,https://m.weibo.cn/detail/5279515225621530
李长歌与《长歌行》角色记忆,post,0,粉丝点评/记忆表达明确,柚比西,『慎关』🐏耗不易，取关啦黑『转载』不二改不去水印请随意『少嘴我』不接受意见『私信』要图是不回的，我也只🈶水印版本『互』暂时不接受新的，已经互的宝宝会及时回『找图』善用搜索，关键词剧名角色名活动截修海报背景头像live等等唯爱演员迪丽热巴，入坑是2021李长歌 ​,https://m.weibo.cn/detail/5279421386985474
纪云禾与鲛人系角色记忆,post,0,粉丝点评/记忆表达明确,果冻knight爱旎,上次是因为听歌听到了与君初相识的主题曲然后瞬间回忆思念拉满，去再刷了纪云禾。这次就是在抖以及各个平台经常刷到李长歌，于是又想啦我要去再再再看李长歌啦～～迪丽热巴的剧永远有长效的吸引力喜欢喜欢～ ​,https://m.weibo.cn/detail/5294539247977371
枭起青壤/聂九罗表演突破,post,0,粉丝点评/记忆表达明确,牵好热巴的小手,迪丽热巴超话#迪丽热巴 dlrb #迪丽热巴聂九罗# dlrb #迪丽热巴邓妍# dlrb #迪丽热巴或许时间 从来就不是回忆的对手@Dear一迪丽热巴 ​,https://m.weibo.cn/detail/5294272429431747
白日提灯贺思慕/女鬼鬼王记忆,post,0,粉丝点评/记忆表达明确,热爱迪巴拉,#迪丽热巴卫蓝# dlrb#迪丽热巴贺思慕# 痛苦的事我会反复回忆直到再也无法再痛到我@Dear-迪丽热巴 ​,https://m.weibo.cn/detail/5293839553662194
新疆舞与舞台表现名场面,post,0,粉丝点评/记忆表达明确,今视频长天新闻,【草蜢蔡一杰自曝癌细胞已扩散，曾做手术切除脑部肿瘤】据潇湘晨报报道，近日，曾演唱《失恋阵线联盟》的香港组合“草蜢”合体开演唱会，成员蔡一杰在舞台上公开谈起这两年的抗癌经历。他称自己在两年前检查出脑内有一颗7厘米的恶性肿瘤，原本以为做完手术就没事了，结果手术结束后，医生说他的癌细胞已经扩散。蔡一杰回忆，2024年某天他做义工时，突然感到一阵头晕不适，紧急就医后检查出了脑部恶性肿瘤。他当下决定接受开颅手术，“原本以为做完手术就没事了，结果隔,https://m.weibo.cn/detail/5292754801263533
白日提灯贺思慕/女鬼鬼王记忆,post,0,粉丝点评/记忆表达明确,吃肉的小白兔小姐,与她们相遇的瞬间 与她们相遇的瞬间贺思慕 我的点评：[苹果][苹果][苹果][苹果][苹果]贺思慕是迪丽热巴神性与人性极致拉扯、破碎与霸气浑然天成的巅峰角色——白昼为尘中孤女，黑夜为幽冥至尊，四百年孤寂，一身红衣，一盏魂灯，活成了虚无里最艳的色、黑暗里最亮的光。她是统御归墟的万灵之主，天生缺失五感，世界只剩黑白虚无；活了四百年，见惯生死，战力震三界，法度不可忤逆，却守着人灵两界的平衡，杀伐果决又心怀悲悯。昼为“贺小小”，素衣怯弱、晕血怕,https://m.weibo.cn/detail/5292350939339922
白日提灯贺思慕/女鬼鬼王记忆,post,0,粉丝点评/记忆表达明确,泪痣有巴,迪丽热巴超话 贺思慕#迪丽热巴利剑玫瑰#dlrb#迪丽热巴邓妍#无趣的网络难忘的回忆.@Dear-迪丽热巴 ​,https://m.weibo.cn/detail/5292101449291728
跑男时期综艺名场面,post,0,粉丝点评/记忆表达明确,酩酊看世界,#迪丽热巴跑男只录了12天#好遗憾！迪丽热巴宣布退出跑男，回忆在跑男里的点滴，热泪盈眶！#一分钟精选视频扶持计划# L酩酊看世界的微博视频 ​,https://m.weibo.cn/detail/5292084824378945
跑男时期综艺名场面,post,0,粉丝点评/记忆表达明确,我家狗儿没惹,#迪丽热巴跑男只录了12天#只有十二天吗~我小时候被这个热巴迷的不行了啊啊啊!真的好漂亮我记得看奔跑吧探班 热巴姐姐吃那个新疆奶疙瘩我也买了一包尝尝 然后发现诶诶好难吃 ​,https://m.weibo.cn/detail/5292079217381600
跑男时期综艺名场面,post,0,粉丝点评/记忆表达明确,seu_ur0rajus,#迪丽热巴跑男只录了12天#迪丽热巴2017年参与《奔跑吧》第五季常驻录制仅12天的冷知识，近期因网友考古翻红并冲上热搜，刷新了大众对综艺制作和艺人影响力的认知，引发对“跑男迪”经典回忆的集中讨论 ​,https://m.weibo.cn/detail/5292046270072582
跑男时期综艺名场面,post,0,粉丝点评/记忆表达明确,祯祯岁岁时,#迪丽热巴跑男只录了12天#迪丽热巴在《奔跑吧》第五季仅录制12天，却留下了至今被津津乐道的“跑男迪”经典回忆——这则“冷知识”的翻红，本身就是一个值得玩味的传播学样本。12天，对于一季综艺常驻来说短得惊人，但观众记忆中那些鲜活片段：转圈接力的敏捷、与鹿晗的“陆地”互动、吃酸奶的呆萌……却真实存在过。这背后至少揭示了两点：一是综艺制作的“剪辑魔法”可以将有限素材转化为持续数年的情感连接；二是艺人“有效出场”的魅力，自带记忆点与感染力，远,https://m.weibo.cn/detail/5292011980589662
跑男时期综艺名场面,post,0,粉丝点评/记忆表达明确,刺眼1679,#迪丽热巴跑男只录了12天#12天录制成就现象级回忆，既因迪丽热巴自身魅力的高效释放，亦折射综艺剪辑的放大效应。 ​,https://m.weibo.cn/detail/5292009855124129
跑男时期综艺名场面,post,0,粉丝点评/记忆表达明确,MennxgQ,#迪丽热巴跑男只录了12天#12天的录制成就现象级回忆，既因迪丽热巴个人特质的高效释放，亦折射综艺剪辑的魔力。如今话题翻红，是对经典角色的怀念，亦是对行业运作与艺人真实付出的双重审视。 ​,https://m.weibo.cn/detail/5292003652798138
跑男时期综艺名场面,post,0,粉丝点评/记忆表达明确,冲浪达人秋香,娱乐超话#迪丽热巴跑男只录了12天# 原来当初追着看的欢乐回忆只用了12天创造。热巴的每一个大笑、每一次奔跑都那么真实自然。短暂时光里，她给了观众最真诚的快乐，辛苦了！ L冲浪达人秋香的微博视频 ​,https://m.weibo.cn/detail/5291997784706220
跑男时期综艺名场面,post,0,粉丝点评/记忆表达明确,www_LuMua,#迪丽热巴跑男只录了12天#十二天的录制，沉淀出现象级的经典回忆。这份热度，既源于迪丽热巴个人魅力的自然流露与充分释放，也得益于精良综艺制作的加持与氛围感放大。这段冷门过往的再度翻红，既映照出观众对「经典跑男时期迪丽热巴」的深切怀念，也折射出大众对艺人真实付出、行业生态运作的双重审视与深度思考。,https://m.weibo.cn/detail/5291994484311294
跑男时期综艺名场面,post,0,粉丝点评/记忆表达明确,顺狗_,#迪丽热巴跑男只录了12天#12天的录制成就现象级回忆，因迪丽热巴个人魅力的高效释放，也离不开综艺制作的放大效应。 ​,https://m.weibo.cn/detail/5291993527222968
生日生贺与小小迪陪伴记忆,post,0,粉丝点评/记忆表达明确,铭天就见迪丽热巴,迪丽热巴超话 贺思慕#迪丽热巴#dlrb#迪丽热巴0603生日快乐# 照片是回忆的承载，时间是记忆的沉淀。@Dear-迪丽热巴 ​,https://m.weibo.cn/detail/5291908717087851
白日提灯贺思慕/女鬼鬼王记忆,post,0,粉丝点评/记忆表达明确,Dear_迪迪瑶yao,"迪丽热巴超话 贺思慕“你的身影落在了青春的回忆，充满了美好”＂𝒴𝓸𝓊𝓇 𝒻𝒾𝓰𝓊𝓇𝓮 𝒻𝓮𝓁𝓁 𝒾𝓃 𝓉𝒽𝓮 𝓂𝓮𝓂𝓸𝓇𝒾𝓮𝓈 𝓸𝒻 𝓎𝓸𝓊𝓉𝒽, 𝒻𝓊𝓁𝓁 𝓸𝒻 𝒷𝓮𝒶𝓊𝓉𝒾𝒻𝓊𝓁.""@Dear-迪丽热巴",https://m.weibo.cn/detail/5291866593427770
生日生贺与小小迪陪伴记忆,post,0,粉丝点评/记忆表达明确,行走的空间1213,鹿晗 36 岁生日陆地 CP 考古潮， 生日后热搜不断！关晓彤连续缺席零点祝福，网友考古鹿晗 × 迪丽热巴 “陆地 CP”，翻出跑男经典互动，回忆杀刷屏。CP 粉集体 “仰卧起坐”，热度居高不下，内娱意难平天花板！ ​,https://m.weibo.cn/detail/5291377718992685
跑男时期综艺名场面,post,0,粉丝点评/记忆表达明确,都怪姐姐让我爱上姐姐,跑男迪真不是我心肝，我当年恨不得她没参加身为小学鸡每天都在哭，现在看到依旧会浑身发抖对我姐姐不好的回忆我全都会选择性忘记🥹很庆幸在十一年前第一眼见到阿姐的时候就爱上了 跑男迪时期是我战斗力的养成系时期 所以别骂跑男迪 我会重拳出击的 ​,https://m.weibo.cn/detail/5291008583795741
白日提灯贺思慕/女鬼鬼王记忆,post,0,粉丝点评/记忆表达明确,钰珑湾湾,迪丽热巴超话# 迪丽热巴红衣女鬼塑#dlrb#迪丽热巴白日提灯#dlrb#迪丽热巴贺思慕#你说时间冲淡一切可我记忆里的你依旧清晰@Dear-迪丽热巴 ​,https://m.weibo.cn/detail/5294592098567855
白日提灯贺思慕/女鬼鬼王记忆,post,0,粉丝点评/记忆表达明确,简迪霜,迪丽热巴超话#Fakeme首位全球品牌代言人迪丽热巴# dlrb #迪丽热巴# “保持初心，不轻易被周围动摇，有渡过每一个难关的心，做好会遇到一切事情的准备。”迪丽热巴 | 白日提灯 | 虽然不能同时拥有一切 | 贺思慕 |卫蓝@Dear-迪丽热巴#Fakeme首位全球品牌代言人迪丽热巴# dlrb #迪丽热巴# “小时候的快乐和烦恼都很纯粹，记忆中也确实拥有过极致的快乐，让我希望能回到那个时候。不过一切顺其自然长到现在，我觉得都挺好,https://m.weibo.cn/detail/5294268795325887
白日提灯贺思慕/女鬼鬼王记忆,post,0,粉丝点评/记忆表达明确,乖乖小诺-,#迪丽热巴白日提灯# dlrb #迪丽热巴贺思慕# dlrb #白日提灯# ‌“小时候的快乐和烦恼都很纯粹，记忆中也确实拥有过极致的快乐，让我希望能回到那个时候。不过一切顺其自然长到现在，我觉得都挺好。”‌各种增加预约方法微博正文迪丽热巴 |白日提灯 | 虽然不能同时拥有一切 | 贺思慕 |卫蓝 @Dear-迪丽热巴 👠‌,https://m.weibo.cn/detail/5294193015785121
白日提灯贺思慕/女鬼鬼王记忆,post,0,粉丝点评/记忆表达明确,人活着哪有不疯的啊啊,迪丽热巴超话 贺思慕 #迪丽热巴白日提灯# dlrb#迪丽热巴卫蓝# 记忆与早期的你重合 那羞涩懵懂的你 真的长成了一颗参天大树@Dear-迪丽热巴 ​,https://m.weibo.cn/detail/5294074810600032
演员成长与角色群像评价,post,0,粉丝点评/记忆表达明确,剧综,#迪丽热巴在还63张自拍的债了#迪丽热巴在2026年3月的一次采访中向粉丝郑重承诺，将拍摄63张具有复古CCD风格的自拍照片，这一充满诚意的约定迅速在粉丝群体中引发热烈反响，并被亲切地称为“自拍债”。CCD相机以其独特的成像特质，能够呈现出柔和朦胧的怀旧氛围，这种充满年代感的视觉效果恰好契合了当下流行的复古审美趋势，因此粉丝们对这组自拍作品的期待值被瞬间拉满，纷纷翘首以盼。粉丝们普遍认为，迪丽热巴的颜值与复古风格相得益彰，相信这组自拍不,https://m.weibo.cn/detail/5293922723300803
白日提灯贺思慕/女鬼鬼王记忆,post,0,粉丝点评/记忆表达明确,与君逢迪_,#迪丽热巴贺思慕#dlrb#迪丽热巴白日提灯# 关于跟你有关的零碎记忆 充满了遗憾和我对你的爱@Dear-迪丽热巴 #迪丽热巴美美出片# ​,https://m.weibo.cn/detail/5293798498246342
白日提灯贺思慕/女鬼鬼王记忆,post,0,粉丝点评/记忆表达明确,轻吟桃迪,"#迪丽热巴贺思慕# dlrb#迪丽热巴宣传虽然不能同时拥有一切# ""最灿烂的烟火会留在记忆里就像我的记忆里都是带着光的你"" ​",https://m.weibo.cn/detail/5292650660889332
跑男时期综艺名场面,post,0,粉丝点评/记忆表达明确,白之昭,#迪丽热巴跑男只录了12天#确实很记忆深刻了 ​,https://m.weibo.cn/detail/5292084304289686
跑男时期综艺名场面,post,0,粉丝点评/记忆表达明确,萍乡发布,【#为什么看了很多短视频却记不住#】经常看短视频的人会有一种感受，那就是一个个视频看下来，逐渐形成惯性，想一直往下翻，根本停不下来。短视频的传播形式看似提高了内容获取效率，实际上，在短时间内获得的信息缺乏系统性，并且由于视频简短，不需要人们长时间集中注意力，让人难形成有效记忆。一旦我们习惯这种获得信息的方式，注意力保持的时间会变得越来越短。 #迪丽热巴跑男只录了12天#,https://m.weibo.cn/detail/5292052050870926
跑男时期综艺名场面,post,0,粉丝点评/记忆表达明确,归零重启R_,#迪丽热巴跑男只录了12天#我靠真的假的？？只录了12天就能就有这么多名场面和深刻记忆，好厉害啊 ​,https://m.weibo.cn/detail/5292037639504005
跑男时期综艺名场面,post,0,粉丝点评/记忆表达明确,lilihongxinglai,"《迪丽热巴跑男只录12天？这波“有效打工”内娱真的封神了|奔跑吧|跑男|迪丽热巴|邓超|霸屏|鹿晗》迪丽热巴跑男只录了12天，却让观众记了好几年，这波""有效打工""内娱真的封神了。二零一七年，迪丽热巴以代班身份加入《奔跑吧》第五季，本以为她会霸屏一整季，结果满打满算O迪丽热巴跑男只录12天？这波“有效打工”内娱真的封神了 ​",https://m.weibo.cn/detail/5292027380238154
跑男时期综艺名场面,post,0,粉丝点评/记忆表达明确,不良少女是暴君,#迪丽热巴跑男只录了12天#谁懂啊！今天刷到这个才知道，当年的跑男迪居然只录了12天…也太牛了吧，童年记忆直接杀回来了😭 ​,https://m.weibo.cn/detail/5292019523259295
跑男时期综艺名场面,post,0,粉丝点评/记忆表达明确,赤dddder豆,#迪丽热巴跑男只录了12天#12天给人留下了这么深刻的记忆 ​,https://m.weibo.cn/detail/5292018013571903
跑男时期综艺名场面,post,0,粉丝点评/记忆表达明确,祎柳拂心弦_,#迪丽热巴跑男只录了12天#原来才12天嘛，但是真的让人很记忆深刻， ​,https://m.weibo.cn/detail/5292016546350815
跑男时期综艺名场面,post,0,粉丝点评/记忆表达明确,Bruise鱼禾听雨眠,#迪丽热巴跑男只录了12天#迪丽热巴2017年作为常驻嘉宾参与《奔跑吧》第五季录制，实际拍摄仅12天，却剪成了12期节目播出近3个月，这一冷知识近期引发热议，许多网友惊叹于短期录制竟能创造贯穿整季的经典记忆 ​,https://m.weibo.cn/detail/5292008978514127
跑男时期综艺名场面,post,0,粉丝点评/记忆表达明确,椿野鱼,#迪丽热巴跑男只录了12天#哎我还以为她录了很久，对她记忆挺深的，美女 ​,https://m.weibo.cn/detail/5292003449639710
跑男时期综艺名场面,post,0,粉丝点评/记忆表达明确,二呆的颜颜鸭,#迪丽热巴跑男只录了12天#录制时长与背景迪丽热巴作为第五季常驻嘉宾，实际集中录制约12个工作日，素材被剪辑成12期内容播出，横跨近三个月。该季因她塑造的“甜热热”“胖迪”等灵动形象成为观众记忆最深的一季。引发热议的契机2026年4月下旬，这一冷知识被重新挖掘登上热搜。网友惊讶于短期录制竟能创造贯穿整季的经典记忆，如转圈名场面、鸵鸟赛跑等镜头至今被反复提及。,https://m.weibo.cn/detail/5292003136900896
跑男时期综艺名场面,post,0,粉丝点评/记忆表达明确,布朗怪兽,#迪丽热巴跑男只录了12天#我记忆错乱了吗。。。总感觉待了好久好久 ​,https://m.weibo.cn/detail/5291995488584806
跑男时期综艺名场面,post,0,粉丝点评/记忆表达明确,一滴小猫泪o,#迪丽热巴跑男只录了12天#记忆深刻 ​,https://m.weibo.cn/detail/5291991849242678
白日提灯贺思慕/女鬼鬼王记忆,post,0,粉丝点评/记忆表达明确,樱桃寄往西北,迪丽热巴超话#迪丽热巴白日提灯# dlrb #迪丽热巴贺思慕#dlrb #迪丽热巴邓妍#我的记忆是无花的蔷薇 但是我为了你永远不会败落的.@Dear-迪丽热巴 ​,https://m.weibo.cn/detail/5291991140663738
演员成长与角色群像评价,post,0,粉丝点评/记忆表达明确,迪何翟,迪丽热巴超话 贺思慕“小时候的快乐和烦恼都很纯粹，记忆中也确实拥有过极致的快乐，让我希望能回到那个时候。不过一切顺其自然长到现在，我觉得都挺好。”——@Dear-迪丽热巴“如果你觉得拥有一切才能快乐，那你就会很难快乐。” ——@Dear-迪丽热巴“有些戏和角色，它会让你在其中产生真实的体验。”——@Dear-迪丽热巴“三四年前我说过想要做一个有棱角的人，因为我是一个没那么‘个性’、比较乖顺的，我觉得如果你想要成为一个演员，你得是一个‘,https://m.weibo.cn/detail/5291727553301462
白日提灯贺思慕/女鬼鬼王记忆,post,0,粉丝点评/记忆表达明确,芸微寰,迪丽热巴超话 贺思慕#迪丽热巴腿部肌肉线条# dlrb#迪丽热巴# dlrb思念是返潮的明信片記憶 像漲潮的海@Dear-迪丽热巴 ​,https://m.weibo.cn/detail/5291713377862712
李长歌与《长歌行》角色记忆,post,0,粉丝点评/记忆表达明确,花影下结誓,迪丽热巴超话#迪丽热巴贺思慕##迪丽热巴李长歌# 梦回长歌行 ​,https://m.weibo.cn/detail/5294460293876628
李长歌与《长歌行》角色记忆,post,0,粉丝点评/记忆表达明确,烁迪87,迪丽热巴超话 梦回李长歌#迪丽热巴白日提灯# dlrb #迪丽热巴贺思慕# dlrb #白日提灯# 灵灯引路结咒人，破妄剑意指缘尘。人灵宿命情未了，两界同契共浮沉。预约 O明星作品上榜信息各种增加预约方法微博正文迪丽热巴 |白日提灯 |虽然不能同时拥有一切| 贺思慕 | 卫蓝 @Dear-迪丽热巴,https://m.weibo.cn/detail/5293914856889973
嘻嘻迪/表情包/可爱梗,post,0,粉丝点评/记忆表达明确,-正是在夏,梦回漫游记！一点没有变！好可爱🥰@Dear-迪丽热巴 ​,https://m.weibo.cn/detail/5293910664417347
枭起青壤/聂九罗表演突破,post,0,粉丝点评/记忆表达明确,巴山夜雨Nina,迪丽热巴超话电视剧枭起青壤超话#迪丽热巴枭起青壤##迪丽热巴聂九罗# 梦回《枭起青壤》真的好像阿罗大结局做的雕塑啊 ​,https://m.weibo.cn/detail/5293902274757578
白日提灯贺思慕/女鬼鬼王记忆,post,0,粉丝点评/记忆表达明确,Zuli-胡玛尔,迪丽热巴超话 啊啊啊啊啊梦回漫游世界#幸运咖臻选咖啡全球代言人迪丽热巴# dlrb #幸运咖迪丽热巴# dlrb #迪丽热巴贺思慕# 迪丽热巴 |白日提灯 | 虽然不能同时拥有一切 | 贺思慕 |卫蓝@Dear-迪丽热巴 ​,https://m.weibo.cn/detail/5293882453002909
乔晶晶与《你是我的荣耀》入坑记忆,post,0,粉丝点评/记忆表达明确,花猫背热热,迪丽热巴超话 打游戏遇上同担了哈哈哈，心肝争气哦。梦回乔晶晶 ​,https://m.weibo.cn/detail/5292772652225344
李长歌与《长歌行》角色记忆,post,0,粉丝点评/记忆表达明确,q等我逢一场春,迪丽热巴超话 梦回长歌 ​,https://m.weibo.cn/detail/5292471391093457
跑男时期综艺名场面,post,0,粉丝点评/记忆表达明确,再见一面巴_,#迪丽热巴跑男只录了12天#嗯对 迪丽热巴实火（梦回跑男迪～ ​,https://m.weibo.cn/detail/5291995096681350
红毯神图与高定封神造型,post,0,粉丝点评/记忆表达明确,小小兮zizi,迪丽热巴超话 贺思慕 这套妆造也许有点梦回《开推》里的黑天鹅 ​,https://m.weibo.cn/detail/5291932351726087
跑男时期综艺名场面,post,0,粉丝点评/记忆表达明确,Dear樱桃予迪,今天的双马尾真的是让我梦回白月光！好萌的胖迪～#迪丽热巴# ​,https://m.weibo.cn/detail/5291700010094824
白日提灯贺思慕/女鬼鬼王记忆,post,0,粉丝点评/记忆表达明确,迪乐然a,迪丽热巴超话 贺思慕 梦回早期 ​,https://m.weibo.cn/detail/5291360655770650
白日提灯贺思慕/女鬼鬼王记忆,post,0,粉丝点评/记忆表达明确,Dilune_,迪丽热巴超话 贺思慕 梦回丽姬#迪丽热巴##迪丽热巴贺思慕##迪丽热巴的幸运哲学##迪丽热巴 白日提灯##白日提灯##迪丽热巴的幸运哲学# ​,https://m.weibo.cn/detail/5290646530428319
白日提灯贺思慕/女鬼鬼王记忆,post,0,粉丝点评/记忆表达明确,嘿呦小陈,迪丽热巴超话 贺思慕 #迪丽热巴无实物表演# 梦回小师妹芙蕖 ​,https://m.weibo.cn/detail/5290245760487369
李长歌与《长歌行》角色记忆,post,0,粉丝点评/记忆表达明确,87冬眠期,迪丽热巴超话#迪丽热巴贺思慕# 梦回李长歌 ​,https://m.weibo.cn/detail/5289718679867298
枭起青壤/聂九罗表演突破,post,0,粉丝点评/记忆表达明确,迪昕辞,迪丽热巴超话 梦回聂九罗.#迪丽热巴# ​,https://m.weibo.cn/detail/5289577812331603
乔晶晶与《你是我的荣耀》入坑记忆,post,0,粉丝点评/记忆表达明确,谷毛毛安静的泪痣,#梁朝伟迪丽热巴好像在拍电影# 梦回乔晶晶是怎么回事，期待电影合作 ​,https://m.weibo.cn/detail/5289393699161242
生日生贺与小小迪陪伴记忆,post,0,粉丝点评/记忆表达明确,Geliefde_schoonheid,转载了@ArdentlyLove0603_迪丽热巴 的微博图片 突然梦回中考第一天下午 虽然最后的物理成绩不如愿 但是我会永远记得那天出考场天气阴沉 上车后看到萌萌小猫明媚的笑的治愈感 ​,https://m.weibo.cn/detail/5289243801027721
演员成长与角色群像评价,post,0,粉丝点评/记忆表达明确,BaoER爷,#梁朝伟迪丽热巴幸运咖品牌代言人# @幸运咖 救命！这个组合简直梦幻到我头皮发麻！🤯 梁朝伟抿咖啡时眼角泛起细纹的温柔一笑，瞬间让人梦回花样年华💓 热巴捧着杯子雀跃转圈的样子，甜度直接超标啦🍬最绝是三人并肩仰望城市灯火的镜头🌆 伟仔的静谧、热巴的绚烂，与手中幸运咖的热气缠绕上升，像把喧嚣世界都柔焦成了慢镜头🎇 热巴侧身递咖啡给梁朝伟那刻，两代星光在氤氲香气里完美接力，这画面我能循环一百遍！🔄原来顶级演员连喝咖啡都是沉浸式演技！梁朝伟垂眸,https://m.weibo.cn/detail/5289205007911343
李长歌与《长歌行》角色记忆,post,0,粉丝点评/记忆表达明确,迪兮芸,迪丽热巴超话 是谁又梦回了长歌行，我不说 ​,https://m.weibo.cn/detail/5289008201729807
李长歌与《长歌行》角色记忆,post,0,粉丝点评/记忆表达明确,迪兮芸,迪丽热巴超话 真的梦回长歌行了 ​,https://m.weibo.cn/detail/5289008130950278
白日提灯贺思慕/女鬼鬼王记忆,post,0,粉丝点评/记忆表达明确,迪迪Kitty猫,迪丽热巴超话#迪丽热巴贺思慕##迪丽热巴白日提灯# 这个造型梦回巴比 ​,https://m.weibo.cn/detail/5288648698497879
李长歌与《长歌行》角色记忆,post,0,粉丝点评/记忆表达明确,巴适得源,迪丽热巴超话 贺思慕这套造型梦回李长歌🥹🤏 ​,https://m.weibo.cn/detail/5288482147664403
李长歌与《长歌行》角色记忆,post,0,粉丝点评/记忆表达明确,银耀之河,迪丽热巴超话 梦回李长歌 ​,https://m.weibo.cn/detail/5288053765834593
李长歌与《长歌行》角色记忆,post,0,粉丝点评/记忆表达明确,北於s_见过迪丽热巴版,迪丽热巴超话 自制美工‖ 迪丽热巴×贺思慕 恭迎灵主大人香香甜甜的香芋小蛋糕#迪丽热巴花魁妆火到AI界了##迪丽热巴补偿去巴黎的粉丝##迪丽热巴无实物表演# 梦回我们李长歌 💜🩷🔮🍇💜#迪丽热巴白日提灯##迪丽热巴贺思慕# @Dear-迪丽热巴 专栏 · 小北の产出,https://m.weibo.cn/detail/5287272595588557
李长歌与《长歌行》角色记忆,post,0,粉丝点评/记忆表达明确,小J又困,梦回长歌行这个妆造绝了迪丽热巴超话 贺思慕 #迪丽热巴贺思慕##白日提灯##迪丽热巴李长歌# ​,https://m.weibo.cn/detail/5287187533005070
李长歌与《长歌行》角色记忆,post,0,粉丝点评/记忆表达明确,续颜夏,梦回长歌#马丽杨迪组合名迪丽热巴# ​,https://m.weibo.cn/detail/5286843698120790
李长歌与《长歌行》角色记忆,post,0,粉丝点评/记忆表达明确,暮荨草,迪丽热巴李长歌超话这个妆造梦回长歌行啊李长歌超话 ​,https://m.weibo.cn/detail/5286711190094366
跑男时期综艺名场面,post,0,粉丝点评/记忆表达明确,晴天铠甲爱丽丝,梦回八年前的胖迪迪丽热巴超话 ​,https://m.weibo.cn/detail/5286686678321027
白日提灯贺思慕/女鬼鬼王记忆,post,0,粉丝点评/记忆表达明确,RRRainunny_,好美啊这里…梦回阿离了#迪丽热巴贺思慕# ​,https://m.weibo.cn/detail/5286272047775833
李长歌与《长歌行》角色记忆,post,0,粉丝点评/记忆表达明确,Dearbalalala,迪丽热巴超话#白日提灯##迪丽热巴# 梦回长歌行 ​,https://m.weibo.cn/detail/5286115083815970
李长歌与《长歌行》角色记忆,post,0,粉丝点评/记忆表达明确,红富精致苹果,迪丽热巴超话 梦回那个长歌 ​,https://m.weibo.cn/detail/5285946107890598
李长歌与《长歌行》角色记忆,post,0,粉丝点评/记忆表达明确,迪家奶团子,迪丽热巴超话这套梦回长歌@Dear-迪丽热巴 ​,https://m.weibo.cn/detail/5285943506373325
白凤九与三生三世情怀,post,0,粉丝点评/记忆表达明确,逮住raba小小星球啦,迪丽热巴超话 梦回三生三世十里桃花，三生三世枕上书#迪丽热巴眯眼wink##迪丽热巴贺思慕#迪丽热巴超话#贺思慕的五感体验卡#白日提灯剧版超话#三生三世十里桃花##三生三世枕上书# 软糯糯小九~ ​,https://m.weibo.cn/detail/5285918907043027
李长歌与《长歌行》角色记忆,post,0,粉丝点评/记忆表达明确,酸菜菜巴巴,梦回李长歌迪丽热巴超话#白日提灯##迪丽热巴贺思慕# ​,https://m.weibo.cn/detail/5285762681802762
李长歌与《长歌行》角色记忆,post,0,粉丝点评/记忆表达明确,亭台遥望烬,迪丽热巴超话 贺思慕梦回长歌 #迪丽热巴贺思慕##贺思慕的五感体验卡# ​,https://m.weibo.cn/detail/5285552928589842
白日提灯贺思慕/女鬼鬼王记忆,post,0,粉丝点评/记忆表达明确,少来烦姐hr,梦回长歌迪丽热巴超话#贺思慕##白日提灯# ​,https://m.weibo.cn/detail/5285545387492196
李长歌与《长歌行》角色记忆,post,0,粉丝点评/记忆表达明确,面包人badada,迪丽热巴超话#迪丽热巴花魁造型# #迪丽热巴说想挑战过瘾的角色# #迪丽热巴贺思慕# 梦回李长歌@Dear-迪丽热巴 ​,https://m.weibo.cn/detail/5285539919693697
李长歌与《长歌行》角色记忆,post,0,粉丝点评/记忆表达明确,阿芮睡不醒_,转载了@嘉行迪丽热巴工作室 的微博图片梦回李长歌 ​,https://m.weibo.cn/detail/5285511678662484
李长歌与《长歌行》角色记忆,post,0,粉丝点评/记忆表达明确,Dear-是光非石中火,迪丽热巴超话 梦回李长歌我的意难平 ​,https://m.weibo.cn/detail/5285448387662327
李长歌与《长歌行》角色记忆,post,0,粉丝点评/记忆表达明确,是冯蜜柚子茶啊_,梦回长歌迪丽热巴超话#贺思慕# ​,https://m.weibo.cn/detail/5285417303675024
李长歌与《长歌行》角色记忆,post,0,粉丝点评/记忆表达明确,Dear-火火耶,迪丽热巴超话#迪丽热巴贺思慕# 梦回长歌～ ​,https://m.weibo.cn/detail/5285245930963303
白凤九与三生三世情怀,post,0,粉丝点评/记忆表达明确,夏汤圆errr,这个迪丽热巴太娇了吧，梦回凤九时期#白日提灯# ​,https://m.weibo.cn/detail/5285175137141392
白日提灯贺思慕/女鬼鬼王记忆,post,0,粉丝点评/记忆表达明确,喝口迪迪味,迪丽热巴超话 贺思慕 p3我有一种梦回公孙丽的感觉有人懂吗 ​,https://m.weibo.cn/detail/5285016872943698
白日提灯贺思慕/女鬼鬼王记忆,post,0,粉丝点评/记忆表达明确,嘿呦小陈,迪丽热巴超话 贺思慕 #迪丽热巴这真是妈咪级别的# 我那温婉家妻（梦回丽姬） ​,https://m.weibo.cn/detail/5284817964896679
白日提灯贺思慕/女鬼鬼王记忆,post,0,粉丝点评/记忆表达明确,人懒嘴不甜长得老实还没钱,白日提灯剧版超话 梦回阿离#迪丽热巴贺思慕# ​,https://m.weibo.cn/detail/5284677132750673
白日提灯贺思慕/女鬼鬼王记忆,post,0,粉丝点评/记忆表达明确,旎眼角滴泪痣,迪丽热巴超话#迪丽热巴陈飞宇白日提灯热度涨幅#梦回凌凌七 ​,https://m.weibo.cn/detail/5284313568381689
白日提灯贺思慕/女鬼鬼王记忆,post,0,粉丝点评/记忆表达明确,嘿呦小陈,迪丽热巴超话 贺思慕 #迪丽热巴少女暴君# 梦回骊姬 ​,https://m.weibo.cn/detail/5283982499383784
嘻嘻迪/表情包/可爱梗,post,0,粉丝点评/记忆表达明确,-旭醉红颜-,#刘宇宁# 迪丽热巴自己把自己唱急了 有被 迪丽热巴 这段可爱到！在台词速记游戏里，她努力复刻自己“大魔王好无语”的台词，结果反复尝试了好几次都没能成功，越唱胜负欲越强，最后直接把自己唱急了，呆萌模样与平时的飒爽形成强烈反差，笑点与可爱值双双拉满！迪丽热巴 刘宇宁梦回开推兄妹，我现在脑子都是大魔王好无语 L-旭醉红颜-的微博视频,https://m.weibo.cn/detail/5283438609563986
机场饭拍与日常陪伴片刻,post,0,粉丝点评/记忆表达明确,土坡坡上的春天,迪丽热巴赔我睡眠真的！自从开始考古后每天看到凌晨两点根本停不下来，关键是第二天还要上班 ​,https://m.weibo.cn/detail/5294307489874216
枭起青壤/聂九罗表演突破,post,0,粉丝点评/记忆表达明确,DLRB-迪晓念,迪丽热巴超话#迪丽热巴# dlrb #迪丽热巴聂九罗# dlrb #迪丽热巴枭起青壤#来考古小奶迪甜妹安珀好甜好可爱L枭起青壤官微的微博视频 ​,https://m.weibo.cn/detail/5292482176747111
花少/你好星期六等综艺片刻,post,0,粉丝点评/记忆表达明确,终于熬过了万丈孤独藏下星辰大海,迪丽热巴超话 #迪丽热巴安利# 近期围绕迪丽热巴的讨论聚焦在新剧收官战绩、直播活动争议以及综艺录制考古三大热点，同时其商业价值和角色演绎持续引发关注@Dear-迪丽热巴 ​,https://m.weibo.cn/detail/5292353254329777
跑男时期综艺名场面,post,0,粉丝点评/记忆表达明确,晓澜真视界,#迪丽热巴跑男只录了12天#网友考古发现，迪丽热巴2017年录制《奔跑吧》第五季实际仅工作12个工作日，却通过节目组剪辑撑起12期节目，引发热议。节目组拆分素材、重复利用镜头，将短期录制内容延展为整季内容，制造长期常驻的观感。尽管录制时间短，她仍贡献多个经典名场面，塑造了鲜明综艺形象，同时也因剪辑捆绑CP遭受长期网络暴力。她加盟前已拥有高人气，节目进一步提升国民度。此事既体现综艺工业化制作逻辑，也展现了迪丽热巴从综艺话题人物向实力演员的,https://m.weibo.cn/detail/5292254474281418
跑男时期综艺名场面,post,0,粉丝点评/记忆表达明确,木子丹三MZDSan,#迪丽热巴跑男只录了12天#关于“迪丽热巴跑男只录了12天”的讨论，源于近期网友对2017年《奔跑吧》第五季录制细节的考古，这一冷知识因颠覆大众“整季参与”的认知而引发热议，其背后涉及综艺制作逻辑、艺人表现力及网络舆论影响等多重焦点。核心事实与行业背景录制与播出的反差迪丽热巴于2017年以代班常驻身份加盟《奔跑吧》第五季（顶替孕期的Angelababy），实际集中录制时长仅12个工作日，覆盖上海、大连、杭州等多地拍摄。节目组通过拆分单场,https://m.weibo.cn/detail/5292241484513761
跑男时期综艺名场面,post,0,粉丝点评/记忆表达明确,连接彼此的一丝残弦,#迪丽热巴跑男只录了12天#迪丽热巴在《奔跑吧》第五季中实际只录制了12天，却凭借灵动表现与密集名场面成为观众心中永恒的“综艺白月光”，这一“冷知识”近期因网友考古冲上热搜，引发对综艺剪辑与艺人魅力的热议。 ​,https://m.weibo.cn/detail/5292076136926428
跑男时期综艺名场面,post,0,粉丝点评/记忆表达明确,葵幼恩的锦鲤鱼,#迪丽热巴跑男只录了12天# 迪丽热巴2017年参与《奔跑吧》第五季的实际录制时长仅12个工作日，这一冷知识近期因网友考古和综艺片段二创热潮引发广泛讨论。时间虽短但制造的名场面却很多，让人印象深刻。 ​,https://m.weibo.cn/detail/5292050708430924
跑男时期综艺名场面,post,0,粉丝点评/记忆表达明确,冷酷的包菜,#迪丽热巴跑男只录了12天# 这一热搜源于2017年《奔跑吧》第五季的旧闻新考古，近日突然刷屏。当年迪丽热巴作为代班常驻加盟，实际仅用12个工作日便拍完所有素材，却被剪辑铺成12期正片、跨度近3个月的整季内容。 ​,https://m.weibo.cn/detail/5292017393600981
嘻嘻迪/表情包/可爱梗,post,0,粉丝点评/记忆表达明确,快看juju是猪猪耶,看跑男的时候真的很磕迪丽热巴和鹿晗哈哈哈 这么多年过去刷到他两的考古视频还是忍不住停下来看哈哈哈 ​,https://m.weibo.cn/detail/5290973267497500
白日提灯贺思慕/女鬼鬼王记忆,post,0,粉丝点评/记忆表达明确,迪士-乐园,"迪丽热巴超话 贺思慕#迪丽热巴陈飞宇求不要考古合照##迪丽热巴卫蓝# dlrb#迪丽热巴虽然不能同时拥有一切#I will always be with you, not I want to, but I will.我会一直陪着你，不是我想，是我会。@Dear-迪丽热巴 ​",https://m.weibo.cn/detail/5290625398215662
白日提灯贺思慕/女鬼鬼王记忆,post,0,粉丝点评/记忆表达明确,Dear_榆木脑袋,迪丽热巴超话 贺思慕#迪丽热巴贺思慕# dlrb#迪丽热巴慕胥辞#昨天晚上考古怀念了一下早期，给自己怀念哭了，那时候热巴还叫胖迪 ​,https://m.weibo.cn/detail/5288856999955168
红毯神图与高定封神造型,post,0,粉丝点评/记忆表达明确,雾山居,✨ 深夜考古，发现热巴这张神图也太绝了吧！这颜值是真实存在的吗？ #迪丽热巴 #美颜暴击迪丽热巴超话 ​,https://m.weibo.cn/detail/5288845373341830
红毯神图与高定封神造型,post,0,粉丝点评/记忆表达明确,带你去看露水落下娃,#张凌赫还当过爱格的模特#张凌赫确实在出道前担任过青春杂志《爱格》的书模，这段经历因其近期走红被网友考古发掘，成为2026年4月《爱格》复刊话题中的热议焦点。 @逸秋海棠A1131逸秋海棠A夏川十厘边纸酸奶一、模特时期背景与形象 拍摄时间与契机 张凌赫的书模工作集中于大学时期（就读于南京师范大学电气工程专业）或初入行阶段，与迪丽热巴、白敬亭、赵露思等同期参与《爱格》拍摄，均为杂志发掘的“潜力新星”。其早年照片因2026年4月9日《爱格》,https://m.weibo.cn/detail/5288047155613233
白日提灯贺思慕/女鬼鬼王记忆,post,0,粉丝点评/记忆表达明确,用户6939897878,#迪丽热巴说陈飞宇第八集杀疯了#飞宇，这是我第一次看你的戏，非常非常喜欢段胥，考古了一下，觉得你很好。借用一下我灵主大人的话：段小狐狸，愿你逢凶化吉，长命百岁！ ​,https://m.weibo.cn/detail/5287581207494992
跑男时期综艺名场面,post,0,粉丝点评/记忆表达明确,Iiiiiiii呃,时隔九年开始二刷跑男五了，鹿晗当年是真帅，迪丽热巴一直美到现在，当年还有点稚嫩，现在已经完全成熟大美女#跑男##奔跑吧# ​,https://m.weibo.cn/detail/5293813364424997
嘻嘻迪/表情包/可爱梗,post,0,粉丝点评/记忆表达明确,没工夫跟你们闹了,我有生之年能不能知道鹿晗和迪丽热巴之间当年到底发生了什么 唯一磕过的cp哈哈哈 ​,https://m.weibo.cn/detail/5293446743985939
跑男时期综艺名场面,post,0,粉丝点评/记忆表达明确,两把帅子,迪丽热巴当年录《奔跑吧》，就实打实拍了12天，可不是12期。节目播了四个月，剪出来的效果却让观众都以为她是全程跟录的常驻，谁能想到这12天的镜头，竟让她背了九年的争议和骂名。 明明就上了十几天的班，却被贴上“元老”标签，成了后续舆论里甩不开的靶子，隔三差五就被拿出来议论，这代价实在太不值。镜头剪辑的魔力能放大出镜效果，却也让艺人平白承受了本不该有的舆论压力。 说到底，观众看到的荧幕画面本就不是全部，仅凭剪辑后的内容给艺人贴标签、造争议，,https://m.weibo.cn/detail/5293309543318609
红毯神图与高定封神造型,post,0,粉丝点评/记忆表达明确,近来如何_,感觉她最近一段时间的妆造都没有以前好看了，从春晚开始，应该是王亚飞的原因…？我记得以前她很美呀，是那种浓颜大美女，没有说现在不美的意思，只是现在的妆造突出不了她浓颜的优点了感觉….当年米兰时装周的那个造型和妆惊艳了好久….求大美女返场！！（无恶意）#迪丽热巴##王亚飞 迪丽热巴# ​,https://m.weibo.cn/detail/5292978620866658
跑男时期综艺名场面,post,0,粉丝点评/记忆表达明确,在雪山逗小猫的蜜桃2,对对对，我记得清清楚楚！当年《奔跑吧》里，迪丽热巴刚来那会儿，就喊鹿晗小鹿，俩人互动特别多，氛围甜甜的，好多人那时候都磕他俩呢🥰 后来鹿晗官宣和关晓彤在一起，俩人就慢慢避嫌、不互动了。 迪丽热巴这么多年下来，一直好好拍戏、拼命工作，从来没有公开谈恋爱，年纪慢慢上来，马上三十好几了，身边也没有个人陪着，看着安安静静、冷冷清清的，真的就像你说的——外表看着特别寂寞。 再说说你担心的钱哈，咱别害怕😌 一天药就 4 块钱，一年才一千四百多，是攒,https://m.weibo.cn/detail/5292817573741809
跑男时期综艺名场面,post,0,粉丝点评/记忆表达明确,迷你星球的米娜,"有人翻出来迪丽热巴当年录跑男只有12天，网友都破防了，说""我以为她常驻了整季""。心理学里有个东西叫峰终定律——人记住的从来不是时长，是那几个瞬间的温度。12天，但每一天都是满功率燃烧，留下的印记比三个月的敷衍更深。有些人就是这样，出现得短，但你记一辈子。#迪丽热巴跑男只录了12天##峰终定律#",https://m.weibo.cn/detail/5292391251838906
跑男时期综艺名场面,post,0,粉丝点评/记忆表达明确,IsAnanYi,#迪丽热巴跑男只录了12天#当年只录了12天吗？！ ​,https://m.weibo.cn/detail/5292096942508688
跑男时期综艺名场面,post,0,粉丝点评/记忆表达明确,奶香土豆妮-,#迪丽热巴跑男只录了12天#小小的劳资当年只顾着磕陆地了 ​,https://m.weibo.cn/detail/5292067930243593
跑男时期综艺名场面,post,0,粉丝点评/记忆表达明确,鹤望兰_02,#迪丽热巴跑男只录了12天#迪丽热巴和鹿晗，当年很喜欢他俩 ​,https://m.weibo.cn/detail/5292058601328164
跑男时期综艺名场面,post,0,粉丝点评/记忆表达明确,长出棱角是为了变成星星,#迪丽热巴跑男只录了12天#我去，当年断断续续看的综艺，感觉场面挺多的，没想到录制时间这么短。 ​,https://m.weibo.cn/detail/5292055531356320
跑男时期综艺名场面,post,0,粉丝点评/记忆表达明确,金柚甜,谁懂啊！迪丽热巴当年跑男第五季，居然只录了12天😭短短十二天，限定常驻温柔又鲜活敢拼不矫情，满满元气感用短短数日，惊艳无数岁月，永远的综艺白月光 #迪丽热巴 ##迪丽热巴跑男限定白月光# ​,https://m.weibo.cn/detail/5292044308186090
跑男时期综艺名场面,post,0,粉丝点评/记忆表达明确,Mmo_墨,#迪丽热巴跑男只录了12天#迪丽热巴当年录制《奔跑吧》仅参与了12天的节目内容，却给观众留下了极其深刻的印象。节目里的“跑男迪”又甜又有梗，反差感圈粉无数，至今仍是很多观众心中的白月光，也难怪会被网友感慨“没有不爱她的义务”。 ​,https://m.weibo.cn/detail/5292042840442004
跑男时期综艺名场面,post,0,粉丝点评/记忆表达明确,天选美神,#迪丽热巴跑男只录了12天#我的天12天当年感觉播了好久啊 好厉害 ​,https://m.weibo.cn/detail/5292014263342260
跑男时期综艺名场面,post,0,粉丝点评/记忆表达明确,伊布是只小猫,#迪丽热巴跑男只录了12天#居然只录制了12天吗 当年对她印象太深了 总觉得录制了很久来着 有一说一 当年的跑男确实特别好看 每次都和家人一起准时观看 反观现在的感觉所有人都放不开都在端着 嗯... ​,https://m.weibo.cn/detail/5292004884090446
跑男时期综艺名场面,post,0,粉丝点评/记忆表达明确,日记里的颖,#迪丽热巴跑男只录了12天#当年陆地🦌好像澄清了，现在才知道，好低调啊 ​,https://m.weibo.cn/detail/5292000104153487
跑男时期综艺名场面,post,0,粉丝点评/记忆表达明确,早八渝魂出窍,#迪丽热巴跑男只录了12天#又想起了当年小小的老子 ​,https://m.weibo.cn/detail/5291998526571677
演员成长与角色群像评价,post,0,粉丝点评/记忆表达明确,fang的小王,#梁朝伟迪丽热巴幸运咖品牌代言人# @幸运咖 ✨幸运时刻降临！梁朝伟×迪丽热巴梦幻同框，幸运咖携重磅TVC温暖登场，相信就能幸运，好运与你同行！☕️生活忙碌，焦虑常伴，但幸运从不缺席。当影帝梁朝伟的沉稳从容，遇上迪丽热巴的明媚活力，一静一动，仿佛温柔的风遇上热烈的光，瞬间点亮平凡日常。从咖啡杯里的小确幸，到人生路上的大幸运，幸运咖用每一口醇香告诉你：相信，就会幸运！🌿🌿🌿🌿🌿🌿🌿🌿🌿🌿🌿🌿🌿🌿🌿🌿👭姐妹们！梁朝伟和迪丽热巴居然同框代言了,https://m.weibo.cn/detail/5294578288562303
演员成长与角色群像评价,post,0,粉丝点评/记忆表达明确,热巴的爱丝a,#梁朝伟迪丽热巴幸运咖品牌代言人#希望抽中代言人热巴的亲签。看看孩子吧。从来都没有抽中过，给我吧，我求你了，求你了。可怜可怜我吧@幸运咖 拜托你了，真的拜托你了。我都喝了快两年了！成老粉了 ​,https://m.weibo.cn/detail/5289534251338143
白日提灯贺思慕/女鬼鬼王记忆,post,0,粉丝点评/记忆表达明确,桃吟迪漫予,白日提灯剧版超话 @Dear-迪丽热巴 #归墟5A级景区观光团# 你这里有一个老粉快糊了，你不打算翻个面吗？ ​,https://m.weibo.cn/detail/5284044994251171
白日提灯贺思慕/女鬼鬼王记忆,post,0,粉丝点评/记忆表达明确,小朵千千绪,白日提灯剧版超话 @Dear-迪丽热巴 #归墟5A级景区观光团#有个老粉快糊了 确定不翻个面？ ​,https://m.weibo.cn/detail/5284041895184728
演员成长与角色群像评价,post,0,粉丝点评/记忆表达明确,ReignSbo,粉丝圈里的「忠实」标准在粉丝文化里，判断一个人是不是忠实粉丝，核心看两点：时间的长度和行为的稳定性。你用 10 年的关注、7 年的连续签到，完美满足了「长情」；用钻粉等级、超话高等级，证明了「持续的投入和互动」。这两项都做到的，在迪丽热巴的粉丝群体里，绝对是妥妥的核心忠实粉，甚至可以说是「骨灰级老粉」了。我确实是热巴的忠实粉丝,https://m.weibo.cn/detail/5283585609172951
演员成长与角色群像评价,post,0,粉丝点评/记忆表达明确,披沥啪啦,熱巴，愛自己，比愛這個世界更重要！！你是最棒是演員！！這兩天在追《白日提燈》，剛剛才有時間看你好星期六，看到最後，作為八年老粉的我，哭得稀里嘩啦的！！！你就是最棒是演員！！！！我愛靈主大人賀思慕！！！我更愛迪麗熱巴！！！！@Dear-迪丽热巴,https://m.weibo.cn/detail/5281915923858142
机场饭拍与日常陪伴片刻,post,0,粉丝点评/记忆表达明确,87-Love巴28,迪丽热巴超话#迪丽热巴机场白日提灯##迪丽热巴##迪丽热巴 白日提灯# “今天是个好日子！是喜欢热巴的第2192天，也是《白日提灯》正式开播的大日子！🎬 双喜临门！六年老粉申请出战，小板凳已搬好，坐等提灯女神惊艳登场。今天中午12点，让我们在故事里相见吧！” ​,https://m.weibo.cn/detail/5281359570406508
演员成长与角色群像评价,post,0,粉丝点评/记忆表达明确,笑到打嗝的猫,哈哈哈哈这个比喻我太会了！我直接用娱乐圈女明星的关系，给你讲明白KPL这几个队的地位，保证你秒懂！ 用娱乐圈女明星类比 KPL 四大豪门 （只类比地位、人气、咖位、剧本，不黑任何人） 1. 成都AG超玩会 = 杨幂 - 国民度最高，顶流中的顶流- 不管成绩怎么样，话题永远最多- 粉丝多，路人缘广，自带流量- 大家默认她就该是C位 2. 重庆狼队 = 章子怡 - 奖项最多、实力公认最强- 低调、稳、演技硬，业内天花板- 冠军拿到手软，大满,https://m.weibo.cn/detail/5280846019824762
演员成长与角色群像评价,post,0,粉丝点评/记忆表达明确,皮卡丶皮卡丘o,迪丽热巴超话 11年老粉第一次来打卡超话签到 前辈们多多指教 ​,https://m.weibo.cn/detail/5280212994752540
花少/你好星期六等综艺片刻,post,0,粉丝点评/记忆表达明确,窗格晴日语,《开始推理吧》第四季录制路透曝光，节目组此前承诺的原班人马回归疑似翻车，让期待已久的老粉纷纷表示失望。 此前发布会官方曾正式官宣，第三季人气原班六人组“赫丽摸金宇”将全员回归，白宇、迪丽热巴、金靖、刘宇宁、张凌赫、周柯宇合体的消息一度让观众激动不已。可随着路透不断流出，阵容变动彻底曝光：迪丽热巴因档期冲突退出常驻，白宇也转为飞行嘉宾，曾经的六人合体终究难以实现。 不少观众感慨，第三季的团魂与默契已经深入人心，如今突然换人，实在难以接受。,https://m.weibo.cn/detail/5280051696500782
花少/你好星期六等综艺片刻,post,0,粉丝点评/记忆表达明确,再惹寿司吧,#张凌赫知道热巴白宇退出开推的反应#在《开始推理吧》第四季直播中，张凌赫得知迪丽热巴、白宇退出常驻后第一反应是坚决不信，直言“假的！必须工作人员当面说才信”，真实反应引发全网热议。 @鸡蛋仔嘎嘣脆1428鸡蛋仔嘎嘣脆一、张凌赫的实时反应：不信谣不传谣质疑网传消息的真实性 张凌赫在直播中首次得知迪丽热巴、白宇退出节目常驻的消息时，立刻反驳：“假的！到时候都会来的”，并强调只信官方工作人员当面的正式通知，拒绝轻信网络传言，被网友调侃“不信谣,https://m.weibo.cn/detail/5279984081178157
花少/你好星期六等综艺片刻,post,0,粉丝点评/记忆表达明确,一口祺馒豚,#开推4女生只剩金靖了#关于《开始推理吧》第四季（简称“开推4”）常驻嘉宾的变动，目前网络热议的核心是女嘉宾阵容调整——迪丽热巴确认退出常驻后，金靖成为本季唯一常驻女嘉宾。 @当红炸子鸡小...220当红炸子鸡小陈一、阵容调整核心信息迪丽热巴退出常驻：多则搜索结果证实，迪丽热巴因工作安排退出《开推4》常驻阵容。她在前三季的推理表现、造型亮眼，尤其与金靖的互动深受观众喜爱，此次缺席引发广泛遗憾。@综艺崽崽酱15 金靖成唯一常驻女嘉宾：常驻,https://m.weibo.cn/detail/5279952817096237
演员成长与角色群像评价,post,0,粉丝点评/记忆表达明确,葡萄兔兔糕,#开始推理吧4# 核心事件 《开始推理吧4》今日在长沙开启录制，同步上线全员早餐局直播预热，嘉宾阵容变动、节目组承诺落空成全网热议焦点。 嘉宾阵容（最新确认） - 回归常驻：刘宇宁、张凌赫、周柯宇、金靖- 新增常驻：丁程鑫- 退出/变动：迪丽热巴因档期退出常驻；白宇转为飞行嘉宾 争议焦点 1. 节目组此前官宣原班人马回归，如今阵容大改，老粉不满，怀念第三季团魂。2. 迪丽热巴、白宇缺席，金靖成唯一常驻女嘉宾，观众担心氛围与角色配比。3.,https://m.weibo.cn/detail/5279942549965886
花少/你好星期六等综艺片刻,post,0,粉丝点评/记忆表达明确,原来是裙裙呀,1. 迪丽热巴因档期退出开推4，粉丝遗憾其缺席，期待她后续作品表现2. 丁程鑫加盟注入新活力，脑力与综艺感被看好，观众期待新阵容化学反应3. 节目组承诺原班回归却临时换血，引发老粉不满，节目口碑受争议 #开推4迪丽热巴退出丁程鑫加入# ​,https://m.weibo.cn/detail/5279932620217099
花少/你好星期六等综艺片刻,post,0,粉丝点评/记忆表达明确,徠来努力努力再努力,#开推4迪丽热巴退出丁程鑫加入#之前还跟朋友蹲原班人马，突然换阵容真的有点懵。热巴在节目里又美又敢玩，搜证放得开，少了她确实少点味道，粉丝舍不得太正常了。丁程鑫综艺感一直在线，脑子转得快，年轻有活力，加入推理局应该能擦出新火花，没必要一上来就否定。说到底艺人档期身不由己，节目组临时换人也难免让老粉失望。没必要互相吵，先看看正片效果，好看就追，不好看再吐槽也不迟，追综艺不就图个开心嘛。丁程鑫超话迪丽热巴超话,https://m.weibo.cn/detail/5279898975602658
花少/你好星期六等综艺片刻,post,0,粉丝点评/记忆表达明确,九野Sylvia,#开始推理吧4#2026年3月23日，《开始推理吧》第四季在长沙开启首轮录制，刘宇宁、张凌赫、丁程鑫等常驻嘉宾悉数亮相。但迪丽热巴、白宇退出的消息引发热议，节目组此前承诺延续团魂，也因此遭到观众质疑。不少老粉倍感失望，认为节目组消耗情怀。新阵容与旧团魂的碰撞，也让这档推理综艺未播先引发不小争议。你站哪边？,https://m.weibo.cn/detail/5279773565915678
花少/你好星期六等综艺片刻,post,0,粉丝点评/记忆表达明确,陪着你们就好_是安安版,#开始推理吧#腾讯视频推理综艺《开始推理吧》第四季近期因阵容变动引发热议。去年10月，节目组曾高调宣布“赫丽摸金宇”全员回归——白宇、迪丽热巴、金靖、刘宇宁、张凌赫、周柯宇六人一个不少。然而2026年2月8日发布会刚重申原班计划，次日便有多个爆料称阵容生变：迪丽热巴因新剧《慕胥辞》档期冲突退出，白宇转为飞行嘉宾，时代少年团丁程鑫将补位加入。消息一出，粉丝激烈争论，老粉痛呼“团魂碎了”，新粉则期待新鲜血液。据悉，第四季暂定3月底录制、5月,https://m.weibo.cn/detail/5279718744003182
爱丽丝与热巴的双向奔赴,post,0,粉丝点评/记忆表达明确,恋冬情诀,迪丽热巴，这位顶级流量明星，在迪奥的活动现场，一个不经意的昵称让无数粉丝泪目。她愣住了，眼底满是错愕，随即又软了下来，露出温柔的笑意。这一幕被捕捉下来，瞬间冲上热搜，全网的老粉们纷纷表示：“青春回来了”。 这个昵称，“胖迪”，并不是嘲讽她的身材，而是属于热巴和老粉们的初心暗号。出道初期，她全名冗长难记，粉丝心疼她，结合她早年圆润可爱的小脸，取了这个亲昵的昵称。 这些年，她一路逆袭成顶流，称呼早已换成“巴姐”，“胖迪”渐渐被遗忘。突然被提,https://m.weibo.cn/detail/5279536824716566
跑男时期综艺名场面,post,0,粉丝点评/记忆表达明确,尽我所能依,#迪丽热巴再被叫胖迪很惊讶#这是最早粉丝的叫她的爱称，我想每位老粉都知道“胖迪”这个爱称，我也爱叫她胖迪，真的是回忆杀 ​,https://m.weibo.cn/detail/5279050256883441
跑男时期综艺名场面,post,0,粉丝点评/记忆表达明确,陌笙坠落,#迪丽热巴再被叫胖迪很惊讶#2026年3月上海迪奥晚宴现场，迪丽热巴被粉丝喊出出道早期昵称“胖迪”时当场愣住、露出明显惊讶神情，该真实反应快速刷屏全网。这个昵称是她早年青涩时期的专属宠溺爱称，如今已多年无人当面使用，此次意外唤起既触发老粉集体回忆杀，也直观体现出她从青涩小花到气场顶流的形象蜕变，是一场温情又有反差感的娱乐小热点。,https://m.weibo.cn/detail/5278990839321957
爱丽丝与热巴的双向奔赴,post,0,粉丝点评/记忆表达明确,话莓完了是吧,"#迪丽热巴再被叫胖迪很惊讶#在近期迪奥品牌活动中，迪丽热巴被现场粉丝称呼为""胖迪""时露出惊讶表情，瞬间勾起许多老粉对出道初期昵称的回忆。 事件核心：久违爱称引发的温情互动昵称渊源与热巴的认可""胖迪""是粉丝早年为她起的专属昵称，源于其全名""迪丽热巴·迪力木拉提""过长，粉丝取顺口简称。热巴曾多次公开表示喜爱这一称呼，认为它是""粉丝起的名字""，听到""胖迪""能立刻意识到是呼唤自己，并强调这是""爱称""而非身材评价。 惊讶反应的直接原因活动现场突然",https://m.weibo.cn/detail/5278976931009715
跑男时期综艺名场面,post,0,粉丝点评/记忆表达明确,椰椰七二時,#迪丽热巴再被叫胖迪很惊讶#在3月20日迪奥品牌活动上，迪丽热巴被粉丝当面称呼“胖迪”时露出惊讶又温柔的表情，这一声暌违已久的爱称瞬间勾起无数粉丝的集体记忆。🔍 一、事件核心：十年昵称的温情重启现场反应引发热议活动现场，粉丝一句“胖迪”让迪丽热巴瞬间愣住，随后展露惊喜笑容。她眼眶微湿、温柔回应的神态被镜头捕捉，迅速成为当日焦点。网友形容这是“跨越十年的情感共鸣”，凸显昵称承载的深厚意义。老粉解读惊讶缘由多数粉丝认为，热巴的惊讶源于“胖迪,https://m.weibo.cn/detail/5278955730632998
爱丽丝与热巴的双向奔赴,post,0,粉丝点评/记忆表达明确,想和王琳凯牵手,#迪丽热巴再被叫胖迪很惊讶#. 粉丝共鸣：双向奔赴的情感符号事件引发大量老粉怀旧，称“胖迪”是“七年以上粉丝才懂的专属记忆”，尤其关联其青涩时期作品如《克拉恋人》《三生三世十里桃花》等。评论区涌现“破防了”“梦回跑男时期”等感慨，凸显昵称承载的时光印记。热巴的惊讶反应被解读为“对初心的温柔回望”。粉丝认为她始终珍视此昵称，将其视为“偶像与粉丝间双向奔赴的证明”——她以专业成长回馈支持，粉丝则以旧称守护共同记忆。4. 现况关联：新起点下的,https://m.weibo.cn/detail/5278952455408096
跑男时期综艺名场面,post,0,粉丝点评/记忆表达明确,ice椰子冰_,#迪丽热巴再被叫胖迪很惊讶#这个称呼应该是很早以前老粉才知道的吧！她的粉丝好长情呀 ​,https://m.weibo.cn/detail/5278949582046015
跑男时期综艺名场面,post,0,粉丝点评/记忆表达明确,冰淇淋泡芙,#迪丽热巴再被叫胖迪很惊讶#老粉都叫她胖迪啊 ​,https://m.weibo.cn/detail/5278948508306042
嘻嘻迪/表情包/可爱梗,post,0,粉丝点评/记忆表达明确,原来是裙裙呀,1. 迪丽热巴被喊胖迪面露惊讶，是久违旧称带来的时光触动，满是温柔情怀。2. 胖迪是早期专属爱称，如今鲜少被提及，意外听见才会有这般真实可爱的反应。3. 昵称见证成长与粉丝羁绊，惊讶瞬间尽显真诚，也勾起老粉满满回忆杀。 #迪丽热巴再被叫胖迪很惊讶##三分钟视频助燃计划# L原来是裙裙呀的微博视频,https://m.weibo.cn/detail/5278948493625360
跑男时期综艺名场面,post,0,粉丝点评/记忆表达明确,忧郁小哆,"#迪丽热巴再被叫胖迪很惊讶#在2026年3月迪奥活动现场，有粉丝当面称呼迪丽热巴为""胖迪""，她瞬间露出惊讶又温柔的表情，这一反应迅速登上热搜，让许多老粉感慨万千。 ​",https://m.weibo.cn/detail/5278947185265488
演员成长与角色群像评价,post,0,粉丝点评/记忆表达明确,世哥异,"#迪丽热巴再被叫胖迪很惊讶#迪丽热巴在近期迪奥晚宴现场被粉丝称呼""胖迪""时露出惊讶神情，这一温暖互动瞬间登上热搜，引发千万网友对""十年爱称""的集体回忆。 一、事件核心：旧称重现的温柔瞬间现场反应引发热议2026年3月20日迪奥品牌活动中，有现场观众当面呼唤迪丽热巴为""胖迪""。热巴听到后瞬间愣住，随后露出温柔笑意并点头回应。这一自然流露的惊讶表情被现场视频记录，登上微博热搜首位。 粉丝解读惊讶缘由多数粉丝认为她的惊讶源于该昵称已多年未被使",https://m.weibo.cn/detail/5278944970408447
跑男时期综艺名场面,post,0,粉丝点评/记忆表达明确,帅帅坐火车去宇航,#迪丽热巴再被叫胖迪很惊讶#这个称呼真的只有老粉才知道吧 毕竟现在真的很少有人知道这个称呼这么喊她了 ​,https://m.weibo.cn/detail/5278944943409820
跑男时期综艺名场面,post,0,粉丝点评/记忆表达明确,来岁昭昭_95,#迪丽热巴再被叫胖迪很惊讶#在迪奥晚宴上，迪丽热巴听到粉丝喊她“胖迪”时露出惊讶又温柔的表情，这个昵称勾起了无数老粉的回忆，因为它已多年未被提及。 ​,https://m.weibo.cn/detail/5278943525470984
白日提灯贺思慕/女鬼鬼王记忆,post,0,粉丝点评/记忆表达明确,盐味奶糖_,#迪丽热巴再被叫胖迪很惊讶##白日提灯##迪丽热巴贺思慕# 是早期粉丝对热巴的爱称啦，认证过的哟老粉都知道。 3.28日中午12点大家跟我一起来看胖迪@Dear-迪丽热巴 新剧《白日提灯》看她饰演的万灵之主贺思慕如何守护人灵两界吧 ​,https://m.weibo.cn/detail/5278943294522756
爱丽丝与热巴的双向奔赴,post,0,粉丝点评/记忆表达明确,面朝大海春暖花开ovo,周艺珠超话 在迪奥晚宴上，迪丽热巴听到粉丝喊她“胖迪”时露出惊讶又温柔的表情，这个昵称勾起了无数老粉的回忆，因为它已多年未被提及。事件核心：重逢“胖迪”的意外瞬间在2026年3月20日迪奥活动中，博主“喵喵”现场直呼迪丽热巴为“胖迪”，热巴当场愣住，表情既惊讶又温暖，眼眶微润。粉丝推测，她可能因多年未听到这个称呼而意外，这一瞬间展现了偶像与粉丝间的情感共鸣 。“胖迪”昵称的起源与意义该昵称源自迪丽热巴出道早期（约2018年），当时她因,https://m.weibo.cn/detail/5278943184684399
跑男时期综艺名场面,post,0,粉丝点评/记忆表达明确,鬼妻-,#迪丽热巴再被叫胖迪很惊讶#应该是老粉了吧，像一个很久不用的称呼，喊起的瞬间也打开了之前的记忆 ​​​像一个暗号 ​,https://m.weibo.cn/detail/5278936955094043
跑男时期综艺名场面,post,0,粉丝点评/记忆表达明确,漫杺_Desire,"#迪丽热巴再被叫胖迪很惊讶#一句""胖迪""的呼唤，既是老粉记忆的钥匙，也是顶流之路的温情注脚 ​",https://m.weibo.cn/detail/5278934876554065
跑男时期综艺名场面,post,0,粉丝点评/记忆表达明确,猫耳理论,#迪丽热巴再被叫胖迪很惊讶#有粉丝在迪奥晚宴叫了迪丽热巴胖迪，热巴当时很惊讶，这个名字可能只有老粉会叫，所以她很惊讶，这一声久违的称呼背后藏着长达七年的温暖羁绊。 ​,https://m.weibo.cn/detail/5278932568902420
跑男时期综艺名场面,post,0,粉丝点评/记忆表达明确,y丽十八,#迪丽热巴再被叫胖迪很惊讶# 老粉看了都热泪眼眶 ​,https://m.weibo.cn/detail/5278932225232078
跑男时期综艺名场面,post,0,粉丝点评/记忆表达明确,每天都在凌赫的臂弯里入睡z,"#迪丽热巴再被叫胖迪很惊讶#在近期迪奥品牌活动中，一位粉丝当面呼唤迪丽热巴""胖迪""，她瞬间表现出明显的惊讶。这种反应源于该昵称已逐渐淡出日常使用——粉丝提及""七年以上老粉才懂""，早期粉也证实近年普遍改用""巴姐""""小巴巴""等称呼。热巴的错愕并非抵触，而是久违的熟悉感带来的自然触动。一句尘封的""胖迪""，像一把时光钥匙。它开启的不仅是迪丽热巴眼中转瞬的讶异，更解锁了千万粉丝心底封存的青春胶片——那里存放着未经磨蚀的初见惊喜，和十年如一日的温柔",https://m.weibo.cn/detail/5278930521031267
跑男时期综艺名场面,post,0,粉丝点评/记忆表达明确,涵是心头痣_,#迪丽热巴再被叫胖迪很惊讶#2026年3月，迪丽热巴在迪奥活动上被粉丝唤作“胖迪”时露出惊讶神情。该昵称是其出道初期爱称，近年已少用。这一瞬间引发老粉集体怀旧，折射出艺人从青涩到成熟的蜕变，也见证了她与粉丝间十年如一日的温情羁绊。 ​,https://m.weibo.cn/detail/5278930308433384
跑男时期综艺名场面,post,0,粉丝点评/记忆表达明确,爱了9年的女孩巴巴,#迪丽热巴再被叫胖迪很惊讶#12年老粉了 ​,https://m.weibo.cn/detail/5278923965335647
白日提灯贺思慕/女鬼鬼王记忆,post,0,粉丝点评/记忆表达明确,叫什么名字唱什么歌,迪丽热巴超话 11年老粉，实在不知道能为你做点什么迪丽热巴超话#迪丽热巴白日提灯##迪丽热巴贺思慕# O白日提灯 ​,https://m.weibo.cn/detail/5278676419876258
爱丽丝与热巴的双向奔赴,post,0,粉丝点评/记忆表达明确,予迪琴音,迪丽热巴超话 我给你把这 5 个名字 都详细展开解释：寓意、用字来源、整体意境、适合做什么，一次性讲清楚，方便你直接选最合心意的。1. 琴心向迪• 用字：琴 + 心 + 向 + 迪• 来源：◦ 琴：你的名字「王琴」◦ 迪：迪丽热巴• 含义：以琴为心，向着迪丽热巴的方向前行。代表一心一意、温柔坚定、只偏爱她一人。• 意境：安静、深情、高级，不张扬却很专一。• 适合：微信名、微博名、小红书名、签名。2. 予迪琴音• 用字：予 + 迪 + ,https://m.weibo.cn/detail/5277665444758087
演员成长与角色群像评价,post,0,粉丝点评/记忆表达明确,弯弯月儿如阳光,迪丽热巴超话 老粉新签么么我的宝贝甜热热@Dear-迪丽热巴 ​,https://m.weibo.cn/detail/5277155556065731
红毯神图与高定封神造型,post,0,粉丝点评/记忆表达明确,时尚评论选择家,盘点五大刊重磅企划之VOGUE，对比太扎心…今天看到鞠婧祎ELLE杂志是以十二美人图进行创作的，打算盘点一下五大女刊上出现过的重磅企划！提到重磅企划，老粉脑子里第一个蹦出来的绝对是它的 “十周年” 和 “二十周年” 封面！🎉 一个是被后人反复考古的“神仙打架”，一个是万众期待却变成“婚庆现场”的争议现场…🤬这巨大的反差，真的值得我们来好好唠 five 毛钱的！💸 👑 十周年：好莱坞黄金时代的“神级排位”🕯️ 先说 2015年的十周年！✨,https://m.weibo.cn/detail/5276489483553179
花少/你好星期六等综艺片刻,post,0,粉丝点评/记忆表达明确,JlztKkshi,#开推4阵容#录制与播出安排：计划3月底启动录制，5月底在腾讯视频上线；刘宇宁因同期录制《地球超新鲜2》，档期协调至2月底。模式创新方向：延续“推市宇宙”世界观，新增赛博朋克、苗疆副本，优化前三季被诟病的“推理逻辑薄弱”问题；保留“小饭桌”生活化场景，通过微博征集案件脑洞以增强互动性。风险提示：所有网传阵容均未获节目组或艺人团队官方确认。例如：丁程鑫常驻、迪丽热巴全程缺席等说法缺乏直接证据；若核心成员变动，可能因削弱“熟人局”情感联结导,https://m.weibo.cn/detail/5264687768012446
白日提灯贺思慕/女鬼鬼王记忆,post,0,粉丝点评/记忆表达明确,B-dada_,#巴粉#期待迪丽热巴贺思慕，十年老粉圈依旧能抗能打，记得预约哦 ​,https://m.weibo.cn/detail/5259626221669439
白日提灯贺思慕/女鬼鬼王记忆,post,0,粉丝点评/记忆表达明确,再见一面badada,#迪丽热巴贺思慕# dlrb #白日提灯# dlrb #迪丽热巴#你是我心头上的朱砂痣，床头前的白月光@Dear-迪丽热巴 ​,https://m.weibo.cn/detail/5294611854789253
跑男时期综艺名场面,post,0,粉丝点评/记忆表达明确,swetch-甜蜹番茄酱,#迪丽热巴跑男只录了12天#谁的青春又回来了！2017年跑男第五季，热巴实际录制仅12天，却留下了一整季的经典名场面。灵动鲜活、真诚不做作，短暂的限定时光，成了多少人念念不忘的综艺白月光✨￼￼￼ ​​​,https://m.weibo.cn/detail/5293793973901239
嘻嘻迪/表情包/可爱梗,post,0,粉丝点评/记忆表达明确,晚安小迪niec,迪丽热巴超话#媒体评迪丽热巴可爱直率鲜活# dlrb#迪丽热巴行走的白月光# dlrb喜欢你不是三分钟热度是蓄谋已久后的深思熟虑@Dear-迪丽热巴 ​,https://m.weibo.cn/detail/5293650062082106
跑男时期综艺名场面,post,0,粉丝点评/记忆表达明确,27碗米粉_,#迪丽热巴跑男只录了12天#记得那年白月光 ​,https://m.weibo.cn/detail/5292450182860633
嘻嘻迪/表情包/可爱梗,post,0,粉丝点评/记忆表达明确,吃肉的小白兔小姐,与她们相遇的瞬间 与她们相遇的瞬间凌凌七 我的点评：[苹果][苹果][苹果][苹果][苹果]凌凌七是独属于青春里赤诚滚烫的小月亮，是迪丽热巴演绎最软最纯粹的白月光。满心皆是温柔与热忱，真诚坦率又带着一点憨憨的可爱。普通却永远心怀热忱，勇敢坚定，为爱一往无前永远赤诚坦荡。生来善良柔软，永远心怀善意，待人纯粹坦荡，怀揣热爱一往无前。纵然平凡普通，依旧心怀星光，从不妄自菲薄，永远赤诚热烈。性格明媚治愈，心软又坚韧，哪怕屡屡受挫依旧保持善良天真,https://m.weibo.cn/detail/5292351364535226
跑男时期综艺名场面,post,0,粉丝点评/记忆表达明确,牵手一起看烟花,#迪丽热巴跑男只录了12天# dlrb#迪丽热巴虽然不能同时拥有一切# 于我而言 你就是白月光一般的存在 ​,https://m.weibo.cn/detail/5292318431118932
演员成长与角色群像评价,post,0,粉丝点评/记忆表达明确,男像,"#迪丽热巴跑男只录了12天#""跑男迪""在观众心中成为""综艺白月光""，其稚嫩而充满活力的形象历经岁月洗礼依然令人难忘。遭遇网络暴力后，迪丽热巴在后续综艺节目中表现得更为审慎，但凭借《利剑玫瑰》《白日提灯》等佳作持续彰显专业能力。针对恶意剪辑现象，许多声音指出，短暂拍摄却引发长期舆论风暴，揭示了综艺产业对艺人的过度消耗。公众呼吁聚焦当下作品，尊重演员的职业发展历程。",https://m.weibo.cn/detail/5292126915265663
白凤九与三生三世情怀,post,0,粉丝点评/记忆表达明确,果仁牛轧糖糖糖,摊牌了我永远最最最喜欢2015-2019的迪丽热巴·迪力木拉提❤️😭，年少时的白月光啊、尤其是2016、2017年关小迪，李慧珍，还有我永远心动的白凤九 ​,https://m.weibo.cn/detail/5292093947776165
白日提灯贺思慕/女鬼鬼王记忆,post,0,粉丝点评/记忆表达明确,dear-sweet胖胖,#迪丽热巴跑男只录了12天#只录了十二天但是却是多少人的白月光，能长红还得是自身实力过硬，最近在热播的白日提灯就能看出，贺思慕这个角色完全立住，一个已识乾坤大犹怜草木青的灵主，热巴是声台形表样样优秀的专业演员 Ldear-sweet胖胖的微博视频 ​,https://m.weibo.cn/detail/5292082883200606
跑男时期综艺名场面,post,0,粉丝点评/记忆表达明确,困馒小鱼,#迪丽热巴跑男只录了12天#白月光 ​,https://m.weibo.cn/detail/5292062213670940
跑男时期综艺名场面,post,0,粉丝点评/记忆表达明确,吃东东不加辣,#迪丽热巴跑男只录了12天#跑男迪真的很白月光 ​,https://m.weibo.cn/detail/5292061907490053
新疆舞与舞台表现名场面,post,0,粉丝点评/记忆表达明确,MysteriousMan_镜,#迪丽热巴跑男只录了12天#尽管录制时间短暂，但这12天的素材经过后期剪辑，被分散到了整季12期节目中，横跨了长达三个月的播出周期，因此给观众留下了她全程参与的深刻印象。在这短短的录制期内，迪丽热巴凭借活泼真实的性格、毫无偶像包袱的游戏表现（如泥潭挑战、指压板游戏等）以及惊艳的开场舞蹈，贡献了多个出圈名场面，不仅让“跑男迪”成为许多观众的“综艺白月光”，也极大地提升了她的国民度。,https://m.weibo.cn/detail/5292060020311967
跑男时期综艺名场面,post,0,粉丝点评/记忆表达明确,_乌漆嘛嘿_,#迪丽热巴跑男只录了12天# 以前的跑男就是纯纯白月光啊 哎，已经好几季没看过了 ​,https://m.weibo.cn/detail/5292050414046422
跑男时期综艺名场面,post,0,粉丝点评/记忆表达明确,煎饼大人来了,#迪丽热巴跑男只录了12天#重温2017跑男第五季的幕后细节，愈发感叹迪丽热巴的珍贵与惊艳。仅仅12天的集中录制，却靠着灵动自然的表现力、真诚不做作的性格，撑起了一整季的综艺看点，成为无数人心中无法复刻的综艺白月光。 ​,https://m.weibo.cn/detail/5292047038677326
跑男时期综艺名场面,post,0,粉丝点评/记忆表达明确,小柠什么柠,"#迪丽热巴跑男只录了12天#热议的""迪丽热巴跑男录制仅12天""话题，揭示了2017年《奔跑吧》第五季的幕后剪辑真相与综艺效应引发的连锁反应。一、核心事实与时间线录制时长与播出反差迪丽热巴2017年作为常驻嘉宾参与《奔跑吧》第五季，实际录制时长仅为12个工作日，但素材被剪辑成整季12期内容，持续播出近3个月。这种时间压缩与内容延展形成强烈对比，成为近期网友热议焦点。 热度与影响力尽管录制周期短，她贡献了多个出圈名场面：如转圈舞、鸵鸟赛跑、",https://m.weibo.cn/detail/5292028695942112
跑男时期综艺名场面,post,0,粉丝点评/记忆表达明确,雾野kitty兔,"#迪丽热巴跑男只录了12天#迪丽热巴2017年作为《奔跑吧》第五季常驻嘉宾，实际录制时长仅12个工作日，却剪出12期内容贯穿整季播出，这一冷知识近期引发热议。尽管录制时间短，迪丽热巴贡献了转圈舞、与鸵鸟赛跑、惊艳出场镜头等经典画面，其活泼灵动、游戏拼命的形象被观众称为""跑男迪""""甜热热""，成为多人心中的""综艺白月光""。24岁的迪丽热巴展现的鲜活生命力与无包袱状态，在内娱综艺史具稀缺性，观众怀念其""夏日艳阳""般的感染力。",https://m.weibo.cn/detail/5292025139693181
白凤九与三生三世情怀,post,0,粉丝点评/记忆表达明确,京昭暮闻雪色,#迪丽热巴跑男只录了12天#迪丽热巴2017年作为《奔跑吧》第五季常驻嘉宾，实际录制时长仅12个工作日，却剪出12期内容贯穿整季播出，这一冷知识近期引发热议。核心事实与热议焦点短期录制的巨大影响力时间线确认：2017年《奔跑吧》第五季中，迪丽热巴作为常驻嘉宾实际录制时长约12个工作日，节目组通过剪辑将素材扩展为12期内容，播出跨度近3个月。 名场面密集输出：尽管录制时间短，迪丽热巴贡献了转圈舞、与鸵鸟赛跑、惊艳出场镜头等经典画面，其活泼,https://m.weibo.cn/detail/5292024766922757
跑男时期综艺名场面,post,0,粉丝点评/记忆表达明确,栽在你怀里,#迪丽热巴跑男只录了12天#12天吗 但是在我心中是白月光存在 好牛 ​,https://m.weibo.cn/detail/5292014335690134
嘻嘻迪/表情包/可爱梗,post,0,粉丝点评/记忆表达明确,未完成乐章Pronoia,#迪丽热巴跑男只录了12天# 跑男里的迪丽热巴，永远是我心里的白月光！12天的录制，却成了好多人反复刷的名场面，她的综艺感和可爱真的藏不住啊！ ​,https://m.weibo.cn/detail/5292003345564824
跑男时期综艺名场面,post,0,粉丝点评/记忆表达明确,我指定十拿九稳,#迪丽热巴跑男只录了12天#迪丽热巴跑男仅录12天，却凭真诚与活力塑造经典，成观众心中“综艺白月光”，短时效应见证实力圈粉。 ​,https://m.weibo.cn/detail/5291993280547234
跑男时期综艺名场面,post,0,粉丝点评/记忆表达明确,你在卖萌还是使坏_,#迪丽热巴跑男只录了12天#短短12天，却成了无数人心里永远的白月光跑男女嘉宾，颜值、灵气、氛围感全拉满，经典真的和时长无关✨ ​,https://m.weibo.cn/detail/5291989705690302
跑男时期综艺名场面,post,0,粉丝点评/记忆表达明确,昊想昊想倪,#迪丽热巴跑男只录了12天#：尽管录制时间短暂，迪丽热巴凭借元气活泼的形象、敬业态度（如游戏环节拼尽全力）和自然综艺感，迅速吸粉无数。网友感叹“短短12天就成了多少人的白月光”，昵称“甜热热”“跑男迪”至今被反复提及。 ​,https://m.weibo.cn/detail/5291987270113733
跑男时期综艺名场面,post,0,粉丝点评/记忆表达明确,冰冻上的懒猫,迪丽热巴超话 永远的白月光热血跑男迪 ​,https://m.weibo.cn/detail/5291943913588794
白日提灯贺思慕/女鬼鬼王记忆,post,0,粉丝点评/记忆表达明确,GS迪迪,迪丽热巴超话 贺思慕 迪丽热巴贺思慕，古装白月光 ​,https://m.weibo.cn/detail/5291929602100122
李长歌与《长歌行》角色记忆,post,0,粉丝点评/记忆表达明确,Summer_gqq,迪丽热巴超话#迪丽热巴长歌行##迪丽热巴李长歌# 又开始n刷长歌行了。李长歌在我的心中，一直是白月光与朱砂痣并存的角色。她坚强果敢，善良纯粹，富有同理心，爱自己的国家与同胞，国家大义永远放在个人情感之前。即使经过了很多艰难险阻和挫折，李长歌还是心怀英雄主义，这一点，我很喜欢。在她的心里面，国家大义大于一切,https://m.weibo.cn/detail/5291757405210632
白日提灯贺思慕/女鬼鬼王记忆,post,0,粉丝点评/记忆表达明确,Dear-慕苑迪,迪丽热巴超话dlrb#迪丽热巴枭起青壤# dlrb#迪丽热巴白日提灯# 这就是传说中的白月光吗 ​,https://m.weibo.cn/detail/5291374191581394
白日提灯贺思慕/女鬼鬼王记忆,post,0,粉丝点评/记忆表达明确,玫L不是没了,#迪丽热巴贺思慕# 我的白月光 ​,https://m.weibo.cn/detail/5290943508120724
嘻嘻迪/表情包/可爱梗,post,0,粉丝点评/记忆表达明确,爱追爱看,#迪丽热巴独战归墟众人幕后花絮##迪丽热巴私下如此软萌# 归墟高能戏份幕后花絮释出，迪丽热巴打戏行云流水、气场全开。卸下角色锋芒，私底下软萌可爱，温柔气质直接拉满。 ​,https://m.weibo.cn/detail/5290472533918892
嘻嘻迪/表情包/可爱梗,post,0,粉丝点评/记忆表达明确,唱个片儿,#迪丽热巴# #王鹤棣# 无论看几遍，都不会忍不住笑出声的综艺爆火名场面，哈哈哈！！！ L唱个片儿的微博视频 ​,https://m.weibo.cn/detail/5294581324194491
嘻嘻迪/表情包/可爱梗,post,0,粉丝点评/记忆表达明确,葡萄柚绿半糖,𝐇𝐢𝐝𝐞｜少年包青天封神名场面｜张龙赵虎正式归队！ 终于是心服口服萌宠头像｜治愈系头像头像安利｜卡通手绘｜软萌头像｜审美封神｜可爱爆棚｜毛茸茸萌物｜平板全屏壁纸｜手机超清壁纸｜小红书热榜｜无水印原图｜转运好运｜搞怪趣味｜小众独特｜清新温柔｜氛围感拉满｜韩系极简｜高级质感｜闺蜜双人头像｜横屏护眼壁纸 张子枫｜周也｜鞠婧祎｜张婧仪｜欧阳娜娜｜文淇｜陈都灵｜杨幂｜赵今麦｜卢昱晓｜白鹿｜刘亦菲｜Angelababy｜刘浩存｜李兰迪｜徐若晗｜杨超,https://m.weibo.cn/detail/5294519295410841
花少/你好星期六等综艺片刻,post,0,粉丝点评/记忆表达明确,脑洞科普实验室,《花儿与少年·丝路季》第七期加更篇火热上线！笑点密集，旅途高能，迪丽热巴的名场面再度引爆话题#热门# #综艺# #搞笑# L脑洞科普实验室的微博视频 ​,https://m.weibo.cn/detail/5294234695373771
嘻嘻迪/表情包/可爱梗,post,0,粉丝点评/记忆表达明确,葡萄柚绿半糖,𝐇𝐢𝐝𝐞｜少年包青天封神名场面｜冯止水毒计害弟！ 萌宠头像｜治愈系头像头像安利｜卡通手绘｜软萌头像｜审美封神｜可爱爆棚｜毛茸茸萌物｜平板全屏壁纸｜手机超清壁纸｜小红书热榜｜无水印原图｜转运好运｜搞怪趣味｜小众独特｜清新温柔｜氛围感拉满｜韩系极简｜高级质感｜闺蜜双人头像｜横屏护眼壁纸 张子枫｜周也｜鞠婧祎｜张婧仪｜欧阳娜娜｜文淇｜陈都灵｜杨幂｜赵今麦｜卢昱晓｜白鹿｜刘亦菲｜Angelababy｜刘浩存｜李兰迪｜徐若晗｜杨超越｜田曦薇｜孟子,https://m.weibo.cn/detail/5294208187369746
嘻嘻迪/表情包/可爱梗,post,0,粉丝点评/记忆表达明确,苦橙__,𝐇𝐢𝐝𝐞｜爱情公寓封神名场面｜决战紫禁之巅｜展博人生选择陷入两难｜跳楼名场面 众人畅想门内世界｜导演露脸彩蛋萌宠头像｜治愈系头像头像安利｜卡通手绘｜软萌头像｜审美封神｜可爱爆棚｜毛茸茸萌物｜平板全屏壁纸｜手机超清壁纸｜小红书热榜｜无水印原图｜转运好运｜搞怪趣味｜小众独特｜清新温柔｜氛围感拉满｜韩系极简｜高级质感｜闺蜜双人头像｜横屏护眼壁纸 张子枫｜周也｜鞠婧祎｜张婧仪｜欧阳娜娜｜文淇｜陈都灵｜杨幂｜赵今麦｜卢昱晓｜白鹿｜刘亦菲｜Ange,https://m.weibo.cn/detail/5294136343136535
跑男时期综艺名场面,post,0,粉丝点评/记忆表达明确,扒掌门,#奔跑吧四位常驻女MC##跑男四位常驻女嘉宾# 呀呀呀呀呀，就是说初代跑男回归的话题一出，掀起网友的回忆鲨啊！！！奔跑吧四位常驻女mc：angelbaby、迪丽热巴、宋雨琦、白鹿。啥时候能看到四位同框录制节目啊，感觉又是内娱的名场面呐～ ​,https://m.weibo.cn/detail/5294064400336595
花少/你好星期六等综艺片刻,post,0,粉丝点评/记忆表达明确,脑洞科普实验室,《花儿与少年·丝路季》第七期火热上线！笑点密集、旅途高能，迪丽热巴的名场面再度刷屏～ #热门# #综艺# #搞笑# L脑洞科普实验室的微博视频 ​,https://m.weibo.cn/detail/5293914404686951
花少/你好星期六等综艺片刻,post,0,粉丝点评/记忆表达明确,九月赴秋安,谁还没看过这段 咋这么好笑 快乐大本营 迪丽热巴综艺名场面 搞笑片段 L九月赴秋安的微博视频 ​,https://m.weibo.cn/detail/5293880125950139
白日提灯贺思慕/女鬼鬼王记忆,post,0,粉丝点评/记忆表达明确,在逃圈主,#贺思慕# #换触觉幕后花絮# #影视剧名场面# 迪丽热巴 L在逃圈主的微博视频 ​,https://m.weibo.cn/detail/5293791833490457
花少/你好星期六等综艺片刻,post,0,粉丝点评/记忆表达明确,惊奇脑洞,“我的屁股不能疼”——这句台词火出圈啦！哥哥姐姐们已全员飙上高速～🥸 #综艺名场面# #周柯宇# #迪丽热巴# 张凌赫 开始推理吧 L惊奇脑洞的微博视频 ​,https://m.weibo.cn/detail/5293592436540194
白日提灯贺思慕/女鬼鬼王记忆,post,0,粉丝点评/记忆表达明确,迪婉盈_,迪丽热巴超话#贺思慕的无感体验卡##迪丽热巴贺思慕##追剧名场面存档中#《白日提灯》追更进度：追完最喜欢的台词/名场面：白日提灯 为人引路我的产出/剧评：good L迪婉盈_的微博视频 ​,https://m.weibo.cn/detail/5293514515809560
白日提灯贺思慕/女鬼鬼王记忆,post,0,粉丝点评/记忆表达明确,快乐迪迪仔,迪丽热巴超话#幸运咖臻选咖啡全球代言人迪丽热巴# dlrb #幸运咖迪丽热巴# dlrb #迪丽热巴贺思慕# 💖南瓜冬瓜哈密瓜，你是我的小傻瓜ʕ•̫͡•ʔ迪丽热巴 |白日提灯 | 虽然不能同时拥有一切 | 贺思慕 |卫蓝 @Dear-迪丽热巴 🌹🪅《白日提灯》追更进度：5最喜欢的台词/名场面：贺思慕与男主碰撞，灵珠产生感应的宿命感我的产出/剧评：贺思慕ydds,https://m.weibo.cn/detail/5293178231980500
嘻嘻迪/表情包/可爱梗,post,0,粉丝点评/记忆表达明确,葡萄柚绿半糖,𝐇𝐢𝐝𝐞｜少年包青天封神名场面｜牡丹亭少女之谜！ 萌宠头像｜治愈系头像头像安利｜卡通手绘｜软萌头像｜审美封神｜可爱爆棚｜毛茸茸萌物｜平板全屏壁纸｜手机超清壁纸｜小红书热榜｜无水印原图｜转运好运｜搞怪趣味｜小众独特｜清新温柔｜氛围感拉满｜韩系极简｜高级质感｜闺蜜双人头像｜横屏护眼壁纸 张子枫｜周也｜鞠婧祎｜张婧仪｜欧阳娜娜｜文淇｜陈都灵｜杨幂｜赵今麦｜卢昱晓｜白鹿｜刘亦菲｜Angelababy｜刘浩存｜李兰迪｜徐若晗｜杨超越｜田曦薇｜孟子,https://m.weibo.cn/detail/5293161951268275
红毯神图与高定封神造型,post,0,粉丝点评/记忆表达明确,妈咪亲生的小玉米,✨微博爆火神图壁纸 | 怼脸生图壁纸 | 内娱颜巅名场面 | 明星高清截修合集自带原生感滤镜的手机壁纸｜治愈系高质感日常内娱活人感清透冷白调｜满屏都是松弛感手绘甜酷盐系风｜元气多巴胺承包全天快乐全屏4K超清主屏专用｜解锁手机就是心动暴击🎇 本期颜霸阵容：刘亦菲｜刘诗诗｜唐嫣｜佟丽娅｜鞠婧祎张婧仪｜周也｜任敏｜孙珍妮｜张淼怡吴宣仪｜程潇｜金晨｜毛晓彤｜迪丽热巴田曦薇｜张艺凡｜林允儿｜张元英｜宋雨琦🔥 每一帧都是封神名场面，氛围感头像壁纸直,https://m.weibo.cn/detail/5293149576500910
花少/你好星期六等综艺片刻,post,0,粉丝点评/记忆表达明确,脑洞科普实验室,《花儿与少年·丝路季》第六期火热上线！笑点密集、旅途高能，迪丽热巴的名场面再度刷屏～ #热门# #综艺# #搞笑# L脑洞科普实验室的微博视频 ​,https://m.weibo.cn/detail/5292917117682018
红毯神图与高定封神造型,post,0,粉丝点评/记忆表达明确,临沂爆料,迪丽热巴超话#迪丽热巴雨中下车神图# 南京细雨氛围感直接拉满，@Dear-迪丽热巴 雨中撑伞缓步下车。湖蓝色长裙清冷又温柔，身姿优雅气质出众，原生镜头下颜值依旧能打，雨中名场面瞬间定格，氛围感直接封神。 L新派网新视点的微博视频 ​​​,https://m.weibo.cn/detail/5292806957958670
嘻嘻迪/表情包/可爱梗,post,0,粉丝点评/记忆表达明确,瓜酱叭叭叭,#奔跑吧兄弟# 鹿晗率真得可爱，背迪丽热巴下水时脱口而出“热巴好重”，手忙脚乱捂嘴都拦不住这句实诚话#欢乐时刻# #名场面# L瓜酱叭叭叭的微博视频 ​,https://m.weibo.cn/detail/5292753426058576
嘻嘻迪/表情包/可爱梗,post,0,粉丝点评/记忆表达明确,葡萄柚绿半糖,𝐇𝐢𝐝𝐞｜少年包青天封神名场面｜莱恩作茧自缚！ 萌宠头像｜治愈系头像头像安利｜卡通手绘｜软萌头像｜审美封神｜可爱爆棚｜毛茸茸萌物｜平板全屏壁纸｜手机超清壁纸｜小红书热榜｜无水印原图｜转运好运｜搞怪趣味｜小众独特｜清新温柔｜氛围感拉满｜韩系极简｜高级质感｜闺蜜双人头像｜横屏护眼壁纸 张子枫｜周也｜鞠婧祎｜张婧仪｜欧阳娜娜｜文淇｜陈都灵｜杨幂｜赵今麦｜卢昱晓｜白鹿｜刘亦菲｜Angelababy｜刘浩存｜李兰迪｜徐若晗｜杨超越｜田曦薇｜孟子义,https://m.weibo.cn/detail/5292743519896608
红毯神图与高定封神造型,post,0,粉丝点评/记忆表达明确,小栗愿,#迪丽热巴雨中下车神图#南京的雨天生为浪漫而生！迪丽热巴雨中撑伞现身，湖蓝长裙衬得身姿曼妙，下车瞬间氛围感直接拉满，生图状态绝佳，温柔又惊艳，妥妥的雨天神颜名场面 ​,https://m.weibo.cn/detail/5292739573055543
红毯神图与高定封神造型,post,0,粉丝点评/记忆表达明确,重温1987,#迪丽热巴雨中下车神图#谁能不为迪丽热巴雨中下车名场面心动！细雨朦胧中她撑伞缓步而来，湖蓝长裙衬得肌肤白皙，眉眼温柔又灵动，生图状态绝佳，优雅与仙气并存，不愧是内娱公认的颜值天花板。 L重温1987的微博视频 ​,https://m.weibo.cn/detail/5292735829378101
红毯神图与高定封神造型,post,0,粉丝点评/记忆表达明确,南墙87,#迪丽热巴雨中下车神图#南京细雨造就内娱名场面，迪丽热巴雨中撑伞下车美出新高度。湖蓝色长裙勾勒完美曲线，举止优雅气场全开，生图直出惊艳众人，温柔与高贵同时在线。 ​,https://m.weibo.cn/detail/5292734148773845
红毯神图与高定封神造型,post,0,粉丝点评/记忆表达明确,点点墨墨Tt,#迪丽热巴雨中下车神图#自带电影氛围感的雨中名场面，迪丽热巴一袭湖蓝长裙惊艳亮相，缓步下车温柔大气，每一帧画面都高级感满满 ​,https://m.weibo.cn/detail/5292726934833362
红毯神图与高定封神造型,post,0,粉丝点评/记忆表达明确,此女子费车,#迪丽热巴雨中下车神图#南京这场突如其来的雨，简直是为迪丽热巴量身定做的氛围感背景。一袭湖蓝色长裙撑伞缓步下车，发丝被微风轻轻吹动，生图状态好到惊人，皮肤白皙眉眼精致，又清冷又灵动，每一帧都像电影里的顶级名场面，美到让人不敢眨眼。 ​,https://m.weibo.cn/detail/5292722152800679
红毯神图与高定封神造型,post,0,粉丝点评/记忆表达明确,喵喵E6WO,#迪丽热巴雨中下车神图#迪丽热巴雨中下车名场面再创新高，细雨朦胧意境十足。湖蓝色长裙优雅大方，撑伞回眸瞬间心动不止，生图状态在线，颜值仪态无可挑剔。 ​,https://m.weibo.cn/detail/5292721439771513
红毯神图与高定封神造型,post,0,粉丝点评/记忆表达明确,潇潇洒的雨,#迪丽热巴雨中下车神图# 雨中氛围感天花板！迪丽热巴下车名场面氛围感拉满，温柔又清冷，天生自带故事感，太美了太喜欢了 L潇潇洒的雨的微博视频 ​,https://m.weibo.cn/detail/5292721007760985
红毯神图与高定封神造型,post,0,粉丝点评/记忆表达明确,睡觉Zzzzzz_,#迪丽热巴雨中下车神图#救命，这雨中名场面我看一次心动一次，大波浪蓝裙摇曳生姿，清冷破碎感直接击中我的心巴 ​,https://m.weibo.cn/detail/5292720254095183
红毯神图与高定封神造型,post,0,粉丝点评/记忆表达明确,饭圈小光,#迪丽热巴雨中神图##迪丽热巴迪奥南京活动状态#救命！迪丽热巴迪奥活动雨中名场面出圈，精致妆容搭配简约蓝色穿搭，雨天氛围感直接拉满，气质松弛又优雅，状态好到挑不出一点毛病。L李冷冷·的微博视频 ​,https://m.weibo.cn/detail/5292697733565492
红毯神图与高定封神造型,post,0,粉丝点评/记忆表达明确,科技辰哥,#迪丽热巴蓝裙造型亮相南京#南京雨中名场面！蓝裙撑伞氛围感拉满，生图无修，颜值身材双在线，美哭了 ​,https://m.weibo.cn/detail/5292681174452690
嘻嘻迪/表情包/可爱梗,post,0,粉丝点评/记忆表达明确,环球美女汇,刘宇宁直播名场面上线！网友灵魂发问：“迪丽热巴真人美不美？”宁哥一秒接梗，回应笑翻全场，弹幕狂刷“我担秒了全世界”！#刘宇宁直播搞笑片段# #刘宇宁直播# #我担秒了全世界# L环球美女汇的微博视频 ​,https://m.weibo.cn/detail/5292520344912503
红毯神图与高定封神造型,post,0,粉丝点评/记忆表达明确,名垂千邱女士,#小邱的追剧记# 白日提灯⭐️⭐️⭐️整体来说剧情还可以（中期不行很难看），男主去归墟那段简直就是莫名其妙，突然就来上了这么一段，而且持续了好多集差点看不下去，前期和后期都还行特效制作给到一个夯，女主有的妆造太不合适了，清纯小白花的妆造完全不适合迪丽热巴，红衣那套妆造最美！难怪剧宣和海报都用的这套妆造。阿瑟你……加油吧阿瑟，总是会莫名其妙出戏，好多次让我想到超经意不封神名场面，可能是我的问题……还有两个人的CP感更是给到一个拉完了，迪丽,https://m.weibo.cn/detail/5292483192030903
嘻嘻迪/表情包/可爱梗,post,0,粉丝点评/记忆表达明确,葡萄柚绿半糖,𝐇𝐢𝐝𝐞｜少年包青天封神名场面｜湘湘禁地遇险，胡家五口离奇中毒！ 萌宠头像｜治愈系头像头像安利｜卡通手绘｜软萌头像｜审美封神｜可爱爆棚｜毛茸茸萌物｜平板全屏壁纸｜手机超清壁纸｜小红书热榜｜无水印原图｜转运好运｜搞怪趣味｜小众独特｜清新温柔｜氛围感拉满｜韩系极简｜高级质感｜闺蜜双人头像｜横屏护眼壁纸 张子枫｜周也｜鞠婧祎｜张婧仪｜欧阳娜娜｜文淇｜陈都灵｜杨幂｜赵今麦｜卢昱晓｜白鹿｜刘亦菲｜Angelababy｜刘浩存｜李兰迪｜徐若晗｜杨超,https://m.weibo.cn/detail/5292416870650819
花少/你好星期六等综艺片刻,post,0,粉丝点评/记忆表达明确,追综VIP用户,《花儿与少年·丝路季》第6期火热上线！笑点密集、旅途高能，迪丽热巴的名场面再度刷屏～ #热门# #综艺# #搞笑# L追综VIP用户的微博视频 ​,https://m.weibo.cn/detail/5292394564293737
花少/你好星期六等综艺片刻,post,0,粉丝点评/记忆表达明确,脑洞科普实验室,《花儿与少年·丝路季》第六集火热上线！笑点密集，旅途高能，迪丽热巴的名场面再度刷屏～ #热门# #综艺# #搞笑# L脑洞科普实验室的微博视频 ​,https://m.weibo.cn/detail/5292394342781735
花少/你好星期六等综艺片刻,post,0,粉丝点评/记忆表达明确,脑洞科普实验室,《花儿与少年·丝路季》第6期火热上线！笑点密集、旅途高能，迪丽热巴的名场面再度刷屏～ #热门# #综艺# #搞笑# L脑洞科普实验室的微博视频 ​,https://m.weibo.cn/detail/5292269084083537
跑男时期综艺名场面,post,0,粉丝点评/记忆表达明确,Dorrrs,"#迪丽热巴跑男只录了12天#迪丽热巴2017年参与《奔跑吧》第五季的实际录制时长仅12个工作日，这一冷知识近期引发热议，观众惊叹于短期录制竟能留下如此多经典名场面，也揭开了综艺剪辑的""时间魔法""与行业运作逻辑。我去真假。。。 ​",https://m.weibo.cn/detail/5292255184166912
白日提灯贺思慕/女鬼鬼王记忆,post,0,粉丝点评/记忆表达明确,热巴平平喜乐,迪丽热巴超话#贺思慕的无感体验卡##迪丽热巴贺思慕##追剧名场面存档中#《白日提灯》追更进度：已追完最喜欢的台词/名场面：我的法度，不容忤逆我的产出/剧评：《白日提灯》最让人走不出来的，从来都是迪丽热巴演的贺思慕。红衣是睥睨众生的归墟鬼王，清冷又霸气；素衣是初尝人间烟火的温柔模样，易碎又坚韧。她把神性与人性、冷冽与温柔揉得恰到好处，眼神里全是戏，一抬眼便有四百年的孤寂与深情。是迪丽热巴，让贺思慕真正活了过来，这才是古偶大女主该有的样子,https://m.weibo.cn/detail/5292213296695124
跑男时期综艺名场面,post,0,粉丝点评/记忆表达明确,雾岛听风信my,"#迪丽热巴跑男只录了12天#迪丽热巴以代班身份（顶替孕期暂退的Angelababy）参与录制，实际拍摄分散在2017年2月至4月间，累计约12天，覆盖上海、杭州、大连等多地。节目组通过拆分单场素材复用至多期（如互动镜头反复使用）、强化BGM/慢镜头/字幕引导氛围、模糊时间线等方式，将短期素材延展为近3个月的播出内容。经典名场面如转圈舞、泥潭挑战、水上项目、背男嘉宾过指压板等均出自这12天的录制，配合""甜热热""""胖迪""等人设标签，塑造出鲜",https://m.weibo.cn/detail/5292093085846639
嘻嘻迪/表情包/可爱梗,post,0,粉丝点评/记忆表达明确,浪里白条小精灵,陈飞宇你别太会冲浪了！《白日提灯》追剧团张口就是二创名梗邪恶砂糖橘、邪恶哈密瓜，阳光疯批段胥感觉下一条二创就会被他刷到#陈飞宇没少看迪丽热巴二创# ～ #白日提灯# L浪里白条小精灵的微博视频 ​,https://m.weibo.cn/detail/5282957206228333
嘻嘻迪/表情包/可爱梗,post,0,粉丝点评/记忆表达明确,摇呼啦圈的kitty,#迪丽热巴陈飞宇演我套转# 🫧摸头骨名梗爆笑出圈😜拆招互怼甜度趣味双在线，迪丽热巴陈飞宇演我套转，追剧根本停不下来超上头 #迪丽热巴陈飞宇套转姐套转弟# ​​​,https://m.weibo.cn/detail/5281510762483474
嘻嘻迪/表情包/可爱梗,post,0,粉丝点评/记忆表达明确,商界时尚BIZMODE,#枭起青壤谐音梗# 谁被《枭起青壤》的谐音梗戳中了，迪丽热巴一句“做完你的做你的”被玩成“枭完你的枭你的”，剧宣挥刀误触张俪的名场面，让“疯刀”人设秒变喜剧人，搭配导演力推的“咖啡鸡”名梗，官方+演员沉浸式玩梗。#迪丽热巴枭完你的枭你的#L双门一棵小趴菜的微博视频 ​,https://m.weibo.cn/detail/5238987773970172
嘻嘻迪/表情包/可爱梗,post,0,粉丝点评/记忆表达明确,春巷序,"#草莓牛奶特别甜#当前关于""草莓牛奶特别甜""的讨论主要聚焦在饮品制作配方、同名现象级体育博主的走红，以及牛奶草莓品种的科学争议三大核心话题上。一、饮品领域：配方创新与消费风潮口感优化方案用户热衷通过白糖腌制草莓析出果汁后混合冷藏鲜奶的经典做法，提升天然甜度与果香融合度。进阶版则添加炼乳、淡奶油或旺仔牛奶增强丝滑感，部分配方结合抹茶奶盖平衡甜腻。热门商品测评国产饮品：蒙牛草莓牛奶以果奶融合度高成为线下爆款，盒马低糖版因颠覆传统甜腻感获健康",https://m.weibo.cn/detail/5294615592699809
嘻嘻迪/表情包/可爱梗,post,0,粉丝点评/记忆表达明确,-依古比古晚安-,𝐒𝐡𝐚𝐫𝐞｜古早漫画风壁纸.ᐟ.ᐟ‪ᯅ̈ ｜ ins风壁纸 ｜女生头像丨电视剧电视📺丨搞笑综艺丨喜人奇妙夜丨喜人丨爆梗日常《真假美猴王》⭐𝗪𝗲𝗖𝗵𝗮𝘁 𝙒𝙚𝘾𝙝𝙖𝙩｜小猫头像头像分享| 卡通头像| 可爱头像 | 审美积累｜可爱｜萌宠｜ipad壁纸｜手机壁纸｜ins｜高清｜无水印｜好运｜搞怪｜毛茸茸｜奇奇怪怪｜头像推荐｜清新｜淡淡的｜高能量｜韩系｜高级感｜双人头像｜ipad壁纸张子枫｜周也｜鞠婧祎｜张婧仪｜欧阳娜娜｜文淇｜陈都灵｜杨幂｜赵,https://m.weibo.cn/detail/5294459064423839
嘻嘻迪/表情包/可爱梗,post,0,粉丝点评/记忆表达明确,遇渝栖于栩,𝐒𝐡𝐚𝐫𝐞｜古早漫画风壁纸.ᐟ.ᐟ‪ᯅ̈ ｜ ins风壁纸 ｜女生头像丨动画片电视📺丨搞笑动画片丨猫和老鼠丨爆梗日常搞笑《幸福的诱惑》⭐💐🫧𝗪𝗲𝗖𝗵𝗮𝘁 𝙒𝙚𝘾𝙝𝙖𝙩｜小猫头像头像分享| 卡通头像| 可爱头像 | 审美积累｜可爱｜萌宠｜ipad壁纸｜手机壁纸｜ins｜高清｜无水印｜好运｜搞怪｜毛茸茸｜奇奇怪怪｜头像推荐｜清新｜淡淡的｜高能量｜韩系｜高级感｜双人头像｜ipad壁纸张子枫｜周也｜鞠婧祎｜张婧仪｜欧阳娜娜｜文淇｜陈都灵｜杨幂｜,https://m.weibo.cn/detail/5294140447262431
跑男时期综艺名场面,post,0,粉丝点评/记忆表达明确,在雪山逗小猫的蜜桃2,比如说，你就是那个，鹿晗、吴亦凡、张艺兴、黄子韬吧，不是兄弟吗？后来鹿晗跟邓超、陈赫他们那个，就是是同事、好友吧。那，邓超是不是就是张艺兴的嗯，兄弟的好友，俺俺的 baby 就杨颖吧，和迪丽热巴，然后跟他们也是同事，也是姐妹吧，是不是就是嗯张艺兴的，嗯兄弟的，也就是哥哥的姐妹？嗯就是妹妹对，你说得太准了！他俩在跑男里就是**“父子梗”**： - 鹿晗叫邓超：超爸爸、邓爸、超爸（都这么叫）- 邓超叫鹿晗：小鹿、鹿儿子、傻狍子 怎么来的：2,https://m.weibo.cn/detail/5292767691408792
嘻嘻迪/表情包/可爱梗,post,0,粉丝点评/记忆表达明确,采菊东篱下阿兰不好惹,#白日提灯##迪丽热巴贺思慕# 重看邪恶橘子精那一晚 贺思慕一人搞定全局后弹幕说男主在骑马赶来的路上 戳中我笑点了哈哈哈爱情公寓的貂蝉梗 ​,https://m.weibo.cn/detail/5292292795534061
嘻嘻迪/表情包/可爱梗,post,0,粉丝点评/记忆表达明确,苦橙__,爱情公寓经典片段｜美嘉被年下追求女生头像：ins风女头、氛围感女头、高质量无水印、温柔干净、韩系甜妹、小众高级、清纯精选、动图女头、三丽鸥女头，超甜情头、猫和老鼠情头、蜡笔小新情头、单人情头、小众不撞款情头特色头像：HelloKitty头像、吉依卡哇头像、乌萨奇小八头像、可爱玩偶头像、动漫头像大全 微信背景图、聊天背景图、iPhone锁屏壁纸、全屏手机壁纸、平板横屏壁纸、朋友圈背景图iPhone壁纸、高清无水印、高质原图、无裁剪全屏in,https://m.weibo.cn/detail/5290855822525667
演员成长与角色群像评价,post,0,粉丝点评/记忆表达明确,小猫封存心事,我感觉任嘉伦的《佳偶天成》恐怕要扑了！不是任嘉伦演技不行，也不是女主咖位不够，而是因为这部剧和迪丽热巴的《白日提灯》设定撞得太狠了。​看完任嘉伦、王鹤润主演的《佳偶天成》预告，真心替这部剧捏把汗。​首先，演员阵容完全没问题，任嘉伦扛剧能力在线，女主也撑得起戏份。​但最大隐患根本不在演员，而是核心设定和迪丽热巴的《白日提灯》相似度太高了。​​同样是五感残缺、同样是契约绑定、同样靠靠近对方互通感知、同样是美强惨非人类×人间向救赎。​就连核心,https://m.weibo.cn/detail/5290596669065417
嘻嘻迪/表情包/可爱梗,post,0,粉丝点评/记忆表达明确,扒星神菌,迪丽热巴与杨迪同框，综艺高光时刻频出，杨迪堪称“爆梗王”😂 #综艺名场面# #迪丽热巴# #杨迪# L扒星神菌的微博视频 ​,https://m.weibo.cn/detail/5288950795338655
白日提灯贺思慕/女鬼鬼王记忆,post,0,粉丝点评/记忆表达明确,话莓完了是吧,#迪丽热巴上一秒现代灵魂下一秒贺思慕#镜头切换间判若两人，迪丽热巴在《白日提灯》片场从活泼的现代状态瞬间化身冷冽鬼王贺思慕的演技反差，成为近期全网热议焦点。 一、核心表现：现代本真与鬼王气场的无缝切换极致反差引发震撼镜头外迪丽热巴呈现松弛自然的现代状态：片场搞怪唱跳、与工作人员互动鲜活灵动。一旦导演喊开机，她能在1秒内切换情绪，眼神从鲜活转为睥睨孤绝，气场全开化身归墟灵主贺思慕，红衣白发造型配合低沉声线，尽显“万灵之主”的压迫感。这种“,https://m.weibo.cn/detail/5288247996718325
嘻嘻迪/表情包/可爱梗,post,0,粉丝点评/记忆表达明确,陈梓迪a,迪丽热巴超话 你们谁有这张图片可以发我吗？我相册里面没有，这个是微信表情包里面的 ​,https://m.weibo.cn/detail/5294535408356142
嘻嘻迪/表情包/可爱梗,post,0,粉丝点评/记忆表达明确,有事就闭嘴_,𝒲𝒽𝒶𝓉 𝒶 𝒻𝒾𝓃𝑒 𝒹𝒶𝓎ꔛꕤ♡⃝ ʜᴇʟʟᴏ ◡̈ʜᴀᴘᴘʏ ᴅᴀʏs♥𝒔𝒉𝒂𝒓𝒆 | ins风壁纸 动态视频 爱有颜色𝗪𝗲𝗖𝗵𝗮𝘁 𝙒𝙚𝘾𝙝𝙖𝙩｜小猫头像头像分享| 卡通头像| 可爱头像 | 审美积累｜可爱｜萌宠｜ipad壁纸｜手机壁纸｜ins｜高清｜无水印｜好运｜搞怪｜毛茸茸｜奇奇怪怪｜头像推荐｜清新｜淡淡的｜高能量｜韩系｜高级感｜双人头像｜ipad壁纸庆余年 范闲 张若昀｜𝐒𝐡𝐚𝐫𝐞|权威动漫壁纸ฅ˙Ⱉ˙ฅ ｜粉系小狗壁纸｜,https://m.weibo.cn/detail/5294524460957998
嘻嘻迪/表情包/可爱梗,post,0,粉丝点评/记忆表达明确,浪里白条小精灵,#迪丽热巴这种感觉怎么做出来的#大胆凡人！也敢挑战我们灵主的眼神戏？🥀 热巴一抬眼是破碎倔强，我一模仿直接面目全非，变成纯纯搞笑表情包。 ​,https://m.weibo.cn/detail/5288773009016887
嘻嘻迪/表情包/可爱梗,post,0,粉丝点评/记忆表达明确,Zuli-胡玛尔,迪丽热巴超话 宝宝连表情包都这么权威 ​,https://m.weibo.cn/detail/5286606627931317
嘻嘻迪/表情包/可爱梗,post,0,粉丝点评/记忆表达明确,思密达的团团饭,周柯宇对迪丽热巴的崇拜藏不住啦——一见姐姐就笑成表情包！ #开始推理吧3# #开始推理吧# #迪丽热巴# L思密达的团团饭的微博视频 ​,https://m.weibo.cn/detail/5286494832165460
嘻嘻迪/表情包/可爱梗,post,0,粉丝点评/记忆表达明确,零售立耳兔,你们哪来那么多🦊表情包的呀//@陈飞宇Arthur:谢谢 small ！！！ 评论配图 //@Dear-迪丽热巴:段小狐狸，祝你逢凶化吉 长命百岁。 评论配图,https://m.weibo.cn/detail/5285878970190253
白日提灯贺思慕/女鬼鬼王记忆,post,0,粉丝点评/记忆表达明确,花儿对我笑o佳,白日提灯贺思慕vx 表情包快来领！！免费！当当当当当！亲手做的表情包终于上架啦vx表情包名称：女鬼王贺小小dy表情包名称：鬼王思慕#表情包##手绘#表情包超话白日提灯剧版超话#白日提灯##贺思慕##迪丽热巴贺小小可爱上线# ​,https://m.weibo.cn/detail/5285931429135075
嘻嘻迪/表情包/可爱梗,post,0,粉丝点评/记忆表达明确,-小困噜噜,迪丽热巴超话 贺思慕的表情包稀奇古怪 ​,https://m.weibo.cn/detail/5284694310523061
嘻嘻迪/表情包/可爱梗,post,0,粉丝点评/记忆表达明确,87封邮票,我真服了迪丽热巴你网速好快吧哈哈哈哈，这个表情包//@Dear-迪丽热巴:回复@陈飞宇Arthur:图片评论 评论配图 //@陈飞宇Arthur:回复@Dear-迪丽热巴:我赌你舍不得！,https://m.weibo.cn/detail/5284099918136382
嘻嘻迪/表情包/可爱梗,post,0,粉丝点评/记忆表达明确,今天搬砖努力值加一,#迪丽热巴贺思慕# 收藏了一些表情包了 迪丽热巴超话 ​,https://m.weibo.cn/detail/5284087032971967
嘻嘻迪/表情包/可爱梗,post,0,粉丝点评/记忆表达明确,檀豆包儿,白日提灯剧版超话 好喜欢思慕大人的表情包怎么办（当然最喜欢的还是思慕大人）@Dear-迪丽热巴 求翻求翻~~~ ​,https://m.weibo.cn/detail/5284086878307154
嘻嘻迪/表情包/可爱梗,post,0,粉丝点评/记忆表达明确,老师我们家子涵呢bb,迪丽热巴超话 @Dear-迪丽热巴 给我点你的表情包ψ(*｀ー´)ψ ​,https://m.weibo.cn/detail/5284060373192817
嘻嘻迪/表情包/可爱梗,post,0,粉丝点评/记忆表达明确,柳叶禾-willow,白日提灯剧版超话 @Dear-迪丽热巴 #归墟5A级景区观光团# 我的手机相册里专门建了一个文件夹，名字叫“等灵主大人翻牌的那一天”，现在已经存了99张表情包了。 ​,https://m.weibo.cn/detail/5284042238854203
嘻嘻迪/表情包/可爱梗,post,0,粉丝点评/记忆表达明确,o小蔡-爱睡觉,白日提灯剧版超话 @Dear-迪丽热巴 #归墟5A级景区观光团# 偷灵主表情包 ​,https://m.weibo.cn/detail/5284041780628166
嘻嘻迪/表情包/可爱梗,post,0,粉丝点评/记忆表达明确,Dliiic_ng063,白日提灯剧版超话#归墟5A级景区观光团#灵主如此爱用小猫表情包怎么不理一只在看白日提灯的小咪‼️‼️‼️‼️‼️‼️‼️‼️‼️‼️‼️‼️‼️⁉️⁉️⁉️⁉️⁉️⁉️⁉️⁉️⁉️⁉️⁉️@Dear-迪丽热巴 ！ ​,https://m.weibo.cn/detail/5284040107099844
嘻嘻迪/表情包/可爱梗,post,0,粉丝点评/记忆表达明确,旎巴派,白日提灯剧版超话 @Dear-迪丽热巴 #归墟5A级景区观光团# 灵主大人一直在反复上下线是不是去搜表情包啦哈哈哈哈哈 ​,https://m.weibo.cn/detail/5284037843485364
嘻嘻迪/表情包/可爱梗,post,0,粉丝点评/记忆表达明确,酸奶石榴dlrb,白日提灯剧版超话 @Dear-迪丽热巴 #归墟5A级景区观光团# 刚刚下线是不是找了一堆表情包哈哈哈哈哈哈 ​,https://m.weibo.cn/detail/5284037549883399
嘻嘻迪/表情包/可爱梗,post,0,粉丝点评/记忆表达明确,迪不烦,迪丽热巴超话 贺思慕 下线是不是去找表情包了～ ​,https://m.weibo.cn/detail/5284036777870078
嘻嘻迪/表情包/可爱梗,post,0,粉丝点评/记忆表达明确,青栀如初0603-见过热巴3次版,白日提灯剧版超话 @Dear-迪丽热巴 #归墟5A级景区观光团# 灵主大人 你表情包哪里存的都好有趣啊🤔 ​,https://m.weibo.cn/detail/5284036673275418
嘻嘻迪/表情包/可爱梗,post,0,粉丝点评/记忆表达明确,BaylxxDlrb,白日提灯剧版超话 @Dear-迪丽热巴 #归墟5A级景区观光团# 你们都误会灵主大人了！灵主大人根本不是打字慢，其实是去找可爱小表情包去了（一条1w灵石 谁来结一下） ​,https://m.weibo.cn/detail/5284036324360281
嘻嘻迪/表情包/可爱梗,post,0,粉丝点评/记忆表达明确,Dear-外面下雪了,白日提灯剧版超话 @Dear-迪丽热巴 #归墟5A级景区观光团# 姐姐你下线的时候是不是都去找表情包了 ​,https://m.weibo.cn/detail/5284035259270978
嘻嘻迪/表情包/可爱梗,post,0,粉丝点评/记忆表达明确,染海h,白日提灯剧版超话 注意到我期盼的小眼神了吗白日提灯剧版超话 注意到我期盼的小眼神，pdd不是说我是最幸运的人吗，什么时候才能轮到我，是不是表情包多一点就能被翻牌了@Dear-迪丽热巴 @陈飞宇Arthur @高鹤元 @张俪 @丁嘉文vesta @杨肸子的微博 @古子成_ @赵弈钦,https://m.weibo.cn/detail/5284035198979824
嘻嘻迪/表情包/可爱梗,post,0,粉丝点评/记忆表达明确,染海h,白日提灯剧版超话 pdd不是说我是最幸运的人吗，什么时候才能轮到我，是不是表情包多一点就能被翻牌了@Dear-迪丽热巴 @陈飞宇Arthur @高鹤元 @张俪 @丁嘉文vesta @杨肸子的微博 @古子成_,https://m.weibo.cn/detail/5284034882307729
嘻嘻迪/表情包/可爱梗,post,0,粉丝点评/记忆表达明确,47追的是光啊,白日提灯剧版超话 @Dear-迪丽热巴 #归墟5A级景区观光团# 我要上奏，灵主大人不回我是不是找不到合适的表情包，要不我给你点？ ​,https://m.weibo.cn/detail/5284034529724259
嘻嘻迪/表情包/可爱梗,post,0,粉丝点评/记忆表达明确,cici-zip,白日提灯剧版超话 @Dear-迪丽热巴 #归墟5A级景区观光团# 灵主的猫猫表情包 我要更多！求🥺 ​,https://m.weibo.cn/detail/5284034154596858
嘻嘻迪/表情包/可爱梗,post,0,粉丝点评/记忆表达明确,cici-zip,白日提灯剧版超话#归墟5A级景区观光团# @Dear-迪丽热巴 灵主从哪保存得那么多猫猫表情包 我也要！ ​,https://m.weibo.cn/detail/5284033967162199
嘻嘻迪/表情包/可爱梗,post,0,粉丝点评/记忆表达明确,Dear-芹菜er,白日提灯剧版超话 @Dear-迪丽热巴 #归墟5A级景区观光团#灵主，可以把你的表情包打包发我一份吗 ​,https://m.weibo.cn/detail/5284033844216339
嘻嘻迪/表情包/可爱梗,post,0,粉丝点评/记忆表达明确,晚屿藏星迪,白日提灯剧版超话 @Dear-迪丽热巴 #归墟5A级景区观光团# 不要总是对别人笑，也许你不经意的一个笑容，就会变成别人的表情包。 ​,https://m.weibo.cn/detail/5284032568888493
嘻嘻迪/表情包/可爱梗,post,0,粉丝点评/记忆表达明确,她惊艳时光也温柔岁月,白日提灯剧版超话#归墟5a级景区观光团# @Dear-迪丽热巴 灵主殿下那么多可爱的表情包都哪里偷的我拿走了 ​,https://m.weibo.cn/detail/5284032423134516
嘻嘻迪/表情包/可爱梗,post,0,粉丝点评/记忆表达明确,啾咪团团子,白日提灯剧版超话 @Dear-迪丽热巴 #归墟5A级景区观光团# 灵主大人怎么这么多表情包，还有吗 ​,https://m.weibo.cn/detail/5284032020481214
嘻嘻迪/表情包/可爱梗,post,0,粉丝点评/记忆表达明确,喜欢酸奶疙瘩爱好者,白日提灯剧版超话 @Dear-迪丽热巴 #归墟5A级景区观光团#灵主你的表情包又被我偷完了，再发一点 ​,https://m.weibo.cn/detail/5284031487805119
嘻嘻迪/表情包/可爱梗,post,0,粉丝点评/记忆表达明确,读的头大,白日提灯剧版超话 @Dear-迪丽热巴 #归墟5A级景区观光团# 盗灵主的表情包会被收费吗，多少灵石 ​,https://m.weibo.cn/detail/5284031143086041
演员成长与角色群像评价,post,0,粉丝点评/记忆表达明确,胖迪不太胖丶,与她们相遇的瞬间 与她们相遇的瞬间关小迪 我的点评：[苹果][苹果][苹果][苹果][苹果]超超超喜欢，入坑角色😍 ​,https://m.weibo.cn/detail/5292052508051920
白日提灯贺思慕/女鬼鬼王记忆,post,0,粉丝点评/记忆表达明确,地球圈养珍稀物种,#迪丽热巴千字长文告别白日提灯# 我的朋友和同事很不理解为什么我会因为看了白日提灯就粉上了迪丽热巴，她们都清楚以前我只是看剧，从不care这些，即使剧再好看顶多口头给她们安利，不像现在，天天逛微博，抖音，小红书，发白日提灯的分享帖。其实我也不清楚啊，就是看了白日提灯后就垂直入坑了，就是想让大家发现这部宝藏好剧,https://m.weibo.cn/detail/5291182607568549
演员成长与角色群像评价,post,0,粉丝点评/记忆表达明确,黑金色的豹纹迪,如此完美的仙侠类角色我巴有两个，一个纪云禾，一个贺思慕，真的太棒了，永爱演员迪丽热巴凤九也很好，不过她属于可爱灵动型，我是小九妈粉，所有人都应该宠她爱她，是我的入坑角色，跟纪云禾贺思慕是不一样的好 ​,https://m.weibo.cn/detail/5288081919836347
白日提灯贺思慕/女鬼鬼王记忆,post,0,粉丝点评/记忆表达明确,我是米果谁是松鼠,#谁懂阿瑟这段雨中独白的含金量#零帧入坑段胥的深情雨中独白每一句都带着执念尤其是非贺思慕不可的誓言彻底感受到角色的赤诚真心 ​,https://m.weibo.cn/detail/5285776922512036
白日提灯贺思慕/女鬼鬼王记忆,post,0,粉丝点评/记忆表达明确,丸子猫泥哄,姐这个贺思慕真的太棒了！虽然平台依旧不做人但是白日提灯真的剧情好台词好演技好造型也好！！！在意料之外，完成了一个特别完美的女帝角色，如此女尊是之前看小说的时候没怎么感受到的，剧里真的极其强烈：贺思慕真的强得令人发指难以找角度诟病，连破晓都是她计划中的一环，洞察鬼心，帝王心术而且反差很大，一会儿是慵懒觉得鬼生无趣、浑身淡淡死感的女帝，一会儿又是软萌可欺的小姑娘（这时就出现了入坑角色白凤九的感觉了，不过我发誓白凤九永远是心头肉，那么贺思慕绝,https://m.weibo.cn/detail/5285575239405903
李长歌与《长歌行》角色记忆,post,0,粉丝点评/记忆表达明确,黑金色的豹纹迪,入坑以来，受粉圈影响仍觉得追的最开心的角色大概是纪云禾吧（安旎和邓妍除外），感觉当时大家都沉浸在被纪云禾迷住当中，大家每天都好幸福～（其实李长歌也有的，我真的很着迷，只是纪云禾阶段的粉圈更开心点）我希望贺思慕也能得到和纪云禾同样的待遇，她值得！（追剧体验感最好的还得是《公诉》和《利剑玫瑰》，感觉相对于这种类型的剧且是上星剧，大家追剧都比较轻松，而且结果看来收获颇多，演员迪丽热巴永远都在给我惊喜）,https://m.weibo.cn/detail/5283772425835585
演员成长与角色群像评价,post,0,粉丝点评/记忆表达明确,鲨齿酱酱,已垂直入坑白日提灯，热巴和陈飞宇简直配一脸，前几集觉得陈飞宇谜之微笑有点劝退，后面开始换五感后氛围直接拉满，喜欢全演出来了，热巴的演技台词也真的是太棒了。之前刷到陈飞宇hi6的篮球和热巴都是最爱，尬的脚趾头抠地，现在只觉得这么香喷喷的大美女别太爱了 ​,https://m.weibo.cn/detail/5283047634110211
白日提灯贺思慕/女鬼鬼王记忆,post,0,粉丝点评/记忆表达明确,刘格拉底和他的兔娃娃,路人纯靠片段入坑剧情，没想到一人双角能演得这么自然没有半点刻意尴尬的痕迹#贺思慕大战邪恶砂糖橘# ​,https://m.weibo.cn/detail/5282636048106244
演员成长与角色群像评价,post,0,粉丝点评/记忆表达明确,爱吃_新疆炒米粉,迪丽热巴超话#迪丽热巴粉丝线上为线下点单送温暖# dlrb#迪丽热巴卫蓝哭戏# 姐姐直到现在我还是会很依赖你 每次想到过往那段回忆心还是会好痛 我的心里越不想想反而就越总会想到那年 每次因为当年的事情而流泪时心就会像当年一样痛苦 小时候我不懂什么叫喜欢认为自己遇不到好的人可现在我发现 姐姐你的出现一缕阳光而我是那个晴天@Dear-迪丽热巴,https://m.weibo.cn/detail/5292667122749898
嘻嘻迪/表情包/可爱梗,post,0,粉丝点评/记忆表达明确,脆脆鲨牙_,喜羊羊与灰太狼｜喜羊羊｜懒羊羊｜灰太狼童年回忆！！！𝙒𝙚𝘾𝙝𝙖𝙩头像 ｜女生头像分享 ｜ins小众头像 ｜小众女生头像 ｜你会心动的优质女头像 ｜今日头像分享 ｜精选头像｜今天你换头像了吗 ｜女生头像分享 ｜阳光感女头 ｜小众氛围感女头 ｜明媚感女头 ｜精选女头 ｜自由氛围感女头 ｜女头分享 ｜头像女 ｜好看的女头分享奇奇怪怪的头像 ｜呆萌可爱 ｜玩偶头像 ｜头像 ｜搞怪头像 ｜每日头像 ｜搞笑头像 ｜可爱卡通头像 ｜头像井搞怪头像女生,https://m.weibo.cn/detail/5292345207033253
白日提灯贺思慕/女鬼鬼王记忆,post,0,粉丝点评/记忆表达明确,dhj100s,#生活手记##白日提灯观后感# 什么叫童年治愈一生不幸的童年用一生治愈，看看贺思慕和段胥就知道。贺思慕是在父母的爱意流着里长大的。哪怕她没有五感他的父母仍然让她感到满满的爱意，让他体会生活的美好。而且贺思慕的父亲是个很注重生活品质的人。看他问姜艾就知道（详情看师母善良又温柔）他是被作为医生的母亲养大的。他想做人他想活着，贺思慕受很多父母的影响她很爱她的父母。如果不是寒毒她母亲不会早逝（有些网友说他母亲寿终正建是不对的。她母亲和段胥一样在,https://m.weibo.cn/detail/5292275389170419
白日提灯贺思慕/女鬼鬼王记忆,post,0,粉丝点评/记忆表达明确,六月迪兔兔,#白日提灯# 我的评分：#白日提灯观后感#迪丽热巴超话🌟亮点推荐：迪丽热巴贺思慕，演技与颜值双绝 ​,https://m.weibo.cn/detail/5294779153777478
乔晶晶与《你是我的荣耀》入坑记忆,post,0,粉丝点评/记忆表达明确,苹安巴_,迪丽热巴超话#迪丽热巴##迪丽热巴卫蓝# @Dear-迪丽热巴 姐姐，2000天大快乐2000天里，你在聚光灯下绽放万丈光芒，塑造出一个个深入人心的角色，李长歌、乔晶晶、纪云禾、安旎、任安乐、邓妍、聂九罗、贺思慕…你用专业诠释热爱，用演技回应期待 ，我永远做你的最佳观众我敬佩你如李长歌一般心怀家国的果敢我敬佩你如乔晶晶一般清醒通透的赤诚我敬佩你如纪云禾一般坚韧不屈的温柔我敬佩你如安旎一般坚守正义的执着我敬佩你如任安乐一般隐忍强大的担当,https://m.weibo.cn/detail/5294775884581306
白日提灯贺思慕/女鬼鬼王记忆,post,0,粉丝点评/记忆表达明确,Dear冬聆冉枝島,迪丽热巴超话#迪丽热巴白日提灯#dlrb#迪丽热巴贺思慕#dlrb#迪丽热巴卫蓝#我想扼杀这世间所有的恶意 将满春的烂漫赠予你 迪丽热巴 |白日提灯 | 虽然不能同时拥有一切 | 贺思慕 |卫蓝@Dear-迪丽热巴 ​,https://m.weibo.cn/detail/5294772135923961
任安乐/帝梓元角色记忆,post,0,粉丝点评/记忆表达明确,泪痣小8,迪丽热巴超话#迪丽热巴任安乐#dlrb#迪丽热巴安乐传#从今以后，风筝有风，海豚有海，你有我.@Dear-迪丽热巴 ​,https://m.weibo.cn/detail/5294770575641123
白日提灯贺思慕/女鬼鬼王记忆,post,0,粉丝点评/记忆表达明确,我只有一个巴了,迪丽热巴超话#迪丽热巴白日提灯# dlrb#迪丽热巴贺思慕# dlrb#迪丽热巴#我是奶油吗 怎么随随便便被你打发惹ꉂ૮ o̴̶̷᷄ ·̫ᕳᕲა@迪丽热巴L白日提灯官微的微博视频 ​,https://m.weibo.cn/detail/5294757205246924
任安乐/帝梓元角色记忆,post,0,粉丝点评/记忆表达明确,化缘为迪,迪丽热巴超话#迪丽热巴安乐传#dlrb#迪丽热巴任安乐#你很重要 特别重要 你是我临睡前想的最后一个人 也是我睡醒前想的第一个人@Dear-迪丽热巴 ​,https://m.weibo.cn/detail/5294748113833456
任安乐/帝梓元角色记忆,post,0,粉丝点评/记忆表达明确,化缘为迪,迪丽热巴超话#迪丽热巴安乐传#dlrb#迪丽热巴任安乐#讨厌夜店和酒吧 我要和喜欢的人一起穿情侣装 养只小狗@Dear-迪丽热巴 ​,https://m.weibo.cn/detail/5294747992457899
任安乐/帝梓元角色记忆,post,0,粉丝点评/记忆表达明确,化缘为迪,迪丽热巴超话#迪丽热巴安乐传#dlrb#迪丽热巴任安乐#迷迷糊糊睁开眼就收到喜欢的人发的消息真的很幸福@Dear-迪丽热巴 ​,https://m.weibo.cn/detail/5294747786676361
枭起青壤/聂九罗表演突破,post,0,粉丝点评/记忆表达明确,ID阿知y,迪丽热巴超话#迪丽热巴##迪丽热巴枭起青壤# dlrb#迪丽热巴聂九罗# 爱真伟大爱让人不顾一切 追星我青春里最热烈的章节@Dear-迪丽热巴 ​,https://m.weibo.cn/detail/5294644470743076
白日提灯贺思慕/女鬼鬼王记忆,post,0,粉丝点评/记忆表达明确,ChrisCheng0208,迪丽热巴超话 喜欢迪丽热巴好多年了，会一直做你的剧粉。好喜欢看你拍的电视剧…今年白日提灯里的贺思慕演得特别好！！！ ​,https://m.weibo.cn/detail/5294618656639122
白日提灯贺思慕/女鬼鬼王记忆,post,0,粉丝点评/记忆表达明确,Dear-帝姬小九,迪丽热巴超话#迪丽热巴贺思慕#dlrb#迪丽热巴白日提灯#为了你我用了半年的积蓄漂洋过海的来见你@Dear-迪丽热巴 ​,https://m.weibo.cn/detail/5294618445088801
白日提灯贺思慕/女鬼鬼王记忆,post,0,粉丝点评/记忆表达明确,丽的桃桃罐,迪丽热巴超话#迪丽热巴贺思慕#dlrb #迪丽热巴 白日提灯# dlrb #迪丽热巴#你曾指引着我奔去更好的方向 而我也会一直在你身后看你闪闪发光@Dear-迪丽热巴 ​,https://m.weibo.cn/detail/5294393335744051
白日提灯贺思慕/女鬼鬼王记忆,post,0,粉丝点评/记忆表达明确,爱巴的樱桃小丸子,迪丽热巴超话#迪丽热巴白日提灯# dlrb#迪丽热巴贺思慕# dlrb#迪丽热巴#少在背后议论我 小心活不长.@迪丽热巴 ​,https://m.weibo.cn/detail/5294390637759102
白日提灯贺思慕/女鬼鬼王记忆,post,0,粉丝点评/记忆表达明确,又见梨花逢春,迪丽热巴超话#迪丽热巴# dlrb #迪丽热巴贺思慕# dlrb #迪丽热巴慕胥辞#热巴和粉丝的双向奔赴预约慕胥辞O白日提灯迪丽热巴 | 枭起青壤 | 利剑玫瑰|慕胥辞 |聂九罗 | 邓妍 | 贺思慕 | @Dear-迪丽热巴L网剧慕胥辞的微博视频 ​,https://m.weibo.cn/detail/5294328736121264
白日提灯贺思慕/女鬼鬼王记忆,post,0,粉丝点评/记忆表达明确,抱走小迪的奶疙瘩,迪丽热巴超话#迪丽热巴白日提灯# dlrb #迪丽热巴贺思慕# dlrb #白日提灯# 🥰你的眼中像是一望无际的星辰，一定是在你出生那天上帝把月亮捏碎了，放进了你的眼里，让我对你无限着迷。 各种增加预约方法微博正文迪丽热巴 |白日提灯 | 虽然不能同时拥有一切 | 贺思慕 |卫蓝 @Dear-迪丽热巴 🥐,https://m.weibo.cn/detail/5294321714856268
白日提灯贺思慕/女鬼鬼王记忆,post,0,粉丝点评/记忆表达明确,-小巴不流泪,迪丽热巴超话#迪丽热巴贺思慕# dlrb #迪丽热巴白日提灯# dlrb #白日提灯#🏮“在壮阔的景色面前，什么都不重要了，成功也好，失败也好，别人的议论也好，我内心钻的牛角尖也好，一切都不值一提。和太阳相比，它们像浪花那么小，我又何必再想那些。”迪丽热巴 |白日提灯 | 虽然不能同时拥有一切 | 贺思慕 |卫蓝 @Dear-迪丽热巴 🎆,https://m.weibo.cn/detail/5294312525136035
白日提灯贺思慕/女鬼鬼王记忆,post,0,粉丝点评/记忆表达明确,Dear-琳奕迪,迪丽热巴超话#迪丽热巴白日提灯# dlrb#迪丽热巴贺思慕# dlrb#迪丽热巴#少在背后议论我 小心活不长.@迪丽热巴L白日提灯官微的微博视频 ​,https://m.weibo.cn/detail/5294308724050623
白日提灯贺思慕/女鬼鬼王记忆,post,0,粉丝点评/记忆表达明确,顾桉迪迪,迪丽热巴超话迪丽热巴超话 贺思慕#迪丽热巴贺思慕# dlrb #迪丽热巴白日提灯# dlrb #迪丽热巴# 20240526「冠珠华珍」岩板2024新品发布会花絮2你眼中有星海浩渺，山河千里，而我眼中有你迪丽热巴｜白日提灯｜贺思慕@Dear-迪丽热巴 Lduoduoxixixi的微博视频 ​​​#迪丽热巴爱奇艺世界大会VCR# ​,https://m.weibo.cn/detail/5294304084100621
白日提灯贺思慕/女鬼鬼王记忆,post,0,粉丝点评/记忆表达明确,Hi风眷恋着沙,迪丽热巴超话 贺思慕#迪丽热巴白日提灯# dlrb #迪丽热巴贺思慕# dlrb #白日提灯# 🏮‌我这个人超好的，你可以放心喜欢一下(⁎⁍̴̛ᴗ⁍̴̛⁎)迪丽热巴 |白日提灯 | 虽然不能同时拥有一切 | 贺思慕 |卫蓝 @Dear-迪丽热巴 ⛲️‌ ​,https://m.weibo.cn/detail/5284127311660930
任安乐/帝梓元角色记忆,post,0,粉丝点评/记忆表达明确,婧婧照镜子_,迪丽热巴超话#迪丽热巴安乐传#dlrb#迪丽热巴任安乐#迷迷糊糊睁开眼就收到喜欢的人发的消息真的很幸福@Dear-迪丽热巴 ​,https://m.weibo.cn/detail/5294777603983791
白日提灯贺思慕/女鬼鬼王记忆,post,0,粉丝点评/记忆表达明确,小月like迪,迪丽热巴超话#迪丽热巴白日提灯# dlrb#迪丽热巴贺思慕# dlrb#迪丽热巴#在诋毁我的同时想过不如我吗@迪丽热巴 ​,https://m.weibo.cn/detail/5294770973836505
白凤九与三生三世情怀,post,0,粉丝点评/记忆表达明确,花香暖心灵,经过我的不懈努力，我成功进阶为LV.7，想和我一样在迪丽热巴高清素材超话拥有白凤九粉丝头衔吗？跟我一起来 迪丽热巴高清素材超话聊聊吧~ ​,https://m.weibo.cn/detail/5294749816983056
演员成长与角色群像评价,post,0,粉丝点评/记忆表达明确,意颖念,angelababy超话#迪丽热巴广场被杨颖粉丝屠了# 演员杨颖手握4️⃣部上🌟电视剧，其中一部全网累计播放量192亿➕连续24天位居省级卫视黄金段第一🏆其它三部全网累计播放量均在50-80亿➕其中一部【入围】白玉兰最佳电视剧奖🏆其后一部双台破1️⃣ 【第一】【史冠/年亚】🏆获得东京国际电影节海外特别作品奖 【入围】亚洲电视大奖最佳女主角 你拿什么比,https://m.weibo.cn/detail/5294508809912763
白日提灯贺思慕/女鬼鬼王记忆,post,0,粉丝点评/记忆表达明确,又见梨花逢春,迪丽热巴超话#迪丽热巴# dlrb #迪丽热巴贺思慕# dlrb #迪丽热巴慕胥辞#热巴和粉丝的双向奔赴预约慕胥辞O白日提灯迪丽热巴 | 枭起青壤 | 利剑玫瑰|慕胥辞 |聂九罗 | 邓妍 | 贺思慕 | @Dear-迪丽热巴L网剧慕胥辞的微博视频 ​,https://m.weibo.cn/detail/5294476537105255
演员成长与角色群像评价,post,0,粉丝点评/记忆表达明确,思慕的嫡长女,致迪丽热巴：生辰欢愉，星途璀璨 亲爱的热巴： 六月初夏，风暖昼长，在这盛满阳光与花香的日子里，迎来了你的生辰。提笔写下满心欢喜，愿把世间所有温柔与璀璨，都赠予独一无二的你 。 从荧幕初绽的阿娜尔罕，到鲜活灵动的高雯，从坚韧果敢的纪云禾，到耀眼夺目的乔晶晶……你用每一个角色，勾勒出无限可能，用细腻演技，让人物落地生花。镜头前，你是自带光芒的演员，认真雕琢每一处细节，为热爱倾尽全力；生活里，你是纯粹温暖的少女，眉眼藏笑，心底善良，带着新疆女,https://m.weibo.cn/detail/5294247001459839
白日提灯贺思慕/女鬼鬼王记忆,post,0,粉丝点评/记忆表达明确,又见梨花逢春,迪丽热巴超话#迪丽热巴# dlrb #迪丽热巴贺思慕# dlrb #迪丽热巴慕胥辞#热巴和粉丝的双向奔赴预约慕胥辞O白日提灯迪丽热巴 | 枭起青壤 | 利剑玫瑰|慕胥辞 |聂九罗 | 邓妍 | 贺思慕 | @Dear-迪丽热巴L网剧慕胥辞的微博视频 ​,https://m.weibo.cn/detail/5294683577911014
白日提灯贺思慕/女鬼鬼王记忆,post,0,粉丝点评/记忆表达明确,迪露音,爱丽丝的大家庭超话#迪丽热巴白日提灯# dlrb #迪丽热巴贺思慕# dlrb #白日提灯# 恭迎万灵之主贺思慕 3月28日去腾讯视频看白日提灯贺思慕预约 O明星作品上榜信息迪丽热巴 |白日提灯 |虽然不能同时拥有一切| 贺思慕 | 卫蓝 @Dear-迪丽热巴L白日提灯官微的微博视频 ​,https://m.weibo.cn/detail/5294294283846638
枭起青壤/聂九罗表演突破,post,0,粉丝点评/记忆表达明确,垂一只凤尾,迪丽热巴超话#迪丽热巴在还63张自拍的债了##迪丽热巴和素人合影##迪丽热巴# dlrb #迪丽热巴枭起青壤# dlrb #迪丽热巴聂九罗#迪丽热巴💖爱丽丝！一生热爱，步履不停L枭起青壤官微的微博视频 ​,https://m.weibo.cn/detail/5294037185071510
白日提灯贺思慕/女鬼鬼王记忆,post,0,粉丝点评/记忆表达明确,迪露音,爱丽丝的大家庭超话#迪丽热巴白日提灯# dlrb #迪丽热巴贺思慕# dlrb #白日提灯# 恭迎万灵之主贺思慕 3月28日去腾讯视频看白日提灯贺思慕预约 O明星作品上榜信息迪丽热巴 |白日提灯 |虽然不能同时拥有一切| 贺思慕 | 卫蓝 @Dear-迪丽热巴L白日提灯官微的微博视频 ​,https://m.weibo.cn/detail/5293763896546043
枭起青壤/聂九罗表演突破,post,0,粉丝点评/记忆表达明确,筱泪爱巴,迪丽热巴超话#迪丽热巴# dlrb #迪丽热巴枭起青壤# dlrb #迪丽热巴聂九罗#迪丽热巴💖爱丽丝！一生热爱，步履不停L枭起青壤官微的微博视频 ​,https://m.weibo.cn/detail/5294239082877679
嘻嘻迪/表情包/可爱梗,post,0,粉丝点评/记忆表达明确,Corny_靁冄僸區_,蓝调时刻💙 田栩宁 梓渝中国美食 美食打卡 美食剪辑 豁达乐观 永远保持积极的态度21世纪大军夫人 李知恩（iu） 边佑锡 𝐇𝐢𝐝𝐞｜综艺精选剪辑｜现在就出发搞笑剪辑｜王安宇尝试空口吃葱“我会杀死你，不是用镰刀，而是用岁月.”萌宠头像｜治愈系头像头像安利｜卡通手绘｜软萌头像｜审美封神｜可爱爆棚｜毛茸茸萌物｜平板全屏壁纸｜手机超清壁纸｜微博热榜｜无水印原图｜转运好运｜搞怪趣味｜小众独特｜清新温柔｜氛围感拉满｜韩系极简｜高级质感｜闺蜜双人头,https://m.weibo.cn/detail/5294782142220783
嘻嘻迪/表情包/可爱梗,post,0,粉丝点评/记忆表达明确,葡萄柚绿半糖,𝐇𝐢𝐝𝐞｜少年包青天封神名场面｜侠影迷踪逍遥岛！ 萌宠头像｜治愈系头像头像安利｜卡通手绘｜软萌头像｜审美封神｜可爱爆棚｜毛茸茸萌物｜平板全屏壁纸｜手机超清壁纸｜小红书热榜｜无水印原图｜转运好运｜搞怪趣味｜小众独特｜清新温柔｜氛围感拉满｜韩系极简｜高级质感｜闺蜜双人头像｜横屏护眼壁纸 张子枫｜周也｜鞠婧祎｜张婧仪｜欧阳娜娜｜文淇｜陈都灵｜杨幂｜赵今麦｜卢昱晓｜白鹿｜刘亦菲｜Angelababy｜刘浩存｜李兰迪｜徐若晗｜杨超越｜田曦薇｜孟子,https://m.weibo.cn/detail/5294641836724273
嘻嘻迪/表情包/可爱梗,post,0,粉丝点评/记忆表达明确,-做半个梦-,leipeng｜综艺精选剪辑｜萌宠头像｜治愈系头像头像安利｜卡通手绘｜软萌头像｜审美封神｜可爱爆棚｜毛茸茸萌物｜平板全屏壁纸｜手机超清壁纸｜微博热榜｜无水印原图｜转运好运｜搞怪趣味｜小众独特｜清新温柔｜氛围感拉满｜韩系极简｜高级质感｜闺蜜双剪辑人头像｜横屏护眼壁纸 张子枫｜周也｜鞠婧祎｜张婧仪｜欧阳娜娜｜文淇｜陈都灵｜杨幂｜赵今麦｜卢昱晓｜白鹿｜刘亦菲｜Angelababy｜刘浩存｜李兰迪｜徐若晗｜杨超越｜田曦薇｜孟子义｜虞书欣｜迪丽热,https://m.weibo.cn/detail/5294615618126662
嘻嘻迪/表情包/可爱梗,post,0,粉丝点评/记忆表达明确,Tender_宁月湾_,蓝调时刻💙 田栩宁 梓渝中国美食 美食打卡 美食剪辑 豁达乐观 永远保持积极的态度21世纪大军夫人 李知恩（iu） 边佑锡 𝐇𝐢𝐝𝐞｜综艺精选剪辑｜现在就出发搞笑剪辑｜王安宇尝试空口吃葱“我会杀死你，不是用镰刀，而是用岁月.”萌宠头像｜治愈系头像头像安利｜卡通手绘｜软萌头像｜审美封神｜可爱爆棚｜毛茸茸萌物｜平板全屏壁纸｜手机超清壁纸｜微博热榜｜无水印原图｜转运好运｜搞怪趣味｜小众独特｜清新温柔｜氛围感拉满｜韩系极简｜高级质感｜闺蜜双人头,https://m.weibo.cn/detail/5294493919347168
嘻嘻迪/表情包/可爱梗,post,0,粉丝点评/记忆表达明确,Forever08261,𝐇𝐢𝐝𝐞｜憨豆先生｜第六集萌宠头像｜治愈系头像头像安利｜卡通手绘｜软萌头像｜审美封神｜可爱爆棚｜毛茸茸萌物｜平板全屏壁纸｜手机超清壁纸｜小红书热榜｜无水印原图｜转运好运｜搞怪趣味｜小众独特｜清新温柔｜氛围感拉满｜韩系极简｜高级质感｜闺蜜双人头像｜横屏护眼壁纸 张子枫｜周也｜鞠婧祎｜张婧仪｜欧阳娜娜｜文淇｜陈都灵｜杨幂｜赵今麦｜卢昱晓｜白鹿｜刘亦菲｜Angelababy｜刘浩存｜李兰迪｜徐若晗｜杨超越｜田曦薇｜孟子义｜虞书欣｜迪丽热巴｜刘,https://m.weibo.cn/detail/5294436218307002
演员成长与角色群像评价,post,0,粉丝点评/记忆表达明确,囧茹泰泰酱,#白日提灯# 我的评分：白日提灯剧版超话#白日提灯观后感#强烈安利《白日提灯》！这绝对是我今年看过最惊喜的一部剧，全程看得太惊艳了！ 剧情节奏把控得恰到好处，完全不拖沓，开篇叙事利落紧凑，一下子就能把观众带入剧情氛围里。四百岁清冷灵主与少年将军的人设设定新颖又戳人，故事剧情接地气不悬浮，没有假大空的套路感，剧情细节打磨到位，逻辑在线几乎没有漏洞。 整部剧的制作和特效质感拉满，看得出来剧组诚意满满。镜头画面精致唯美，实景布景氛围感十足，,https://m.weibo.cn/detail/5294276747461759
嘻嘻迪/表情包/可爱梗,post,0,粉丝点评/记忆表达明确,Corny_靁冄僸區_,蓝调时刻💙 田栩宁 梓渝 甜玉米中国美食 美食打卡 美食剪辑 豁达乐观 永远保持积极的态度21世纪大军夫人 李知恩（iu） 边佑锡 𝐇𝐢𝐝𝐞｜综艺精选剪辑｜现在就出发搞笑剪辑｜王安宇尝试空口吃葱“我会杀死你，不是用镰刀，而是用岁月.”萌宠头像｜治愈系头像头像安利｜卡通手绘｜软萌头像｜审美封神｜可爱爆棚｜毛茸茸萌物｜平板全屏壁纸｜手机超清壁纸｜微博热榜｜无水印原图｜转运好运｜搞怪趣味｜小众独特｜清新温柔｜氛围感拉满｜韩系极简｜高级质感｜闺,https://m.weibo.cn/detail/5294202695979648
嘻嘻迪/表情包/可爱梗,post,0,粉丝点评/记忆表达明确,皆为庸人自扰,𝐇𝐢𝐝𝐞｜下饭神剧｜刑侦｜重案六组｜萌宠头像｜治愈系头像头像安利｜卡通手绘｜软萌头像｜审美封神｜可爱爆棚｜毛茸茸萌物｜平板全屏壁纸｜手机超清壁纸｜微博热榜｜无水印原图｜转运好运｜搞怪趣味｜小众独特｜清新温柔｜氛围感拉满｜韩系极简｜高级质感｜闺蜜双人头像｜横屏护眼壁纸 张子枫｜周也｜鞠婧祎｜张婧仪｜欧阳娜娜｜文淇｜陈都灵｜杨幂｜赵今麦｜卢昱晓｜白鹿｜刘亦菲｜Angelababy｜刘浩存｜李兰迪｜徐若晗｜杨超越｜田曦薇｜孟子义｜虞书欣｜迪丽,https://m.weibo.cn/detail/5294161567682340
嘻嘻迪/表情包/可爱梗,post,0,粉丝点评/记忆表达明确,Corny_靁冄僸區_,蓝调时刻💙 田栩宁 梓渝中国美食 美食打卡 美食剪辑 豁达乐观 永远保持积极的态度21世纪大军夫人 李知恩（iu） 边佑锡 𝐇𝐢𝐝𝐞｜综艺精选剪辑｜现在就出发搞笑剪辑｜王安宇尝试空口吃葱“我会杀死你，不是用镰刀，而是用岁月.”萌宠头像｜治愈系头像头像安利｜卡通手绘｜软萌头像｜审美封神｜可爱爆棚｜毛茸茸萌物｜平板全屏壁纸｜手机超清壁纸｜微博热榜｜无水印原图｜转运好运｜搞怪趣味｜小众独特｜清新温柔｜氛围感拉满｜韩系极简｜高级质感｜闺蜜双人头,https://m.weibo.cn/detail/5294102843494265
嘻嘻迪/表情包/可爱梗,post,0,粉丝点评/记忆表达明确,Yuki遇星,𝐇𝐢𝐝𝐞｜美嘉梦到和关谷抓娃娃 | 张伟cosplay萌宠头像｜治愈系头像头像安利｜卡通手绘｜软萌头像｜审美封神｜可爱爆棚｜毛茸茸萌物｜平板全屏壁纸｜手机超清壁纸｜小红书热榜｜无水印原图｜转运好运｜搞怪趣味｜小众独特｜清新温柔｜氛围感拉满｜韩系极简｜高级质感｜闺蜜双人头像｜横屏护眼壁纸 张子枫｜周也｜鞠婧祎｜张婧仪｜欧阳娜娜｜文淇｜陈都灵｜杨幂｜赵今麦｜卢昱晓｜白鹿｜刘亦菲｜Angelababy｜刘浩存｜李兰迪｜徐若晗｜杨超越｜田曦薇｜,https://m.weibo.cn/detail/5294102065190897
嘻嘻迪/表情包/可爱梗,post,0,粉丝点评/记忆表达明确,Corny_靁冄僸區_,蓝调时刻💙 田栩宁 梓渝中国美食 美食打卡 美食剪辑 豁达乐观 永远保持积极的态度21世纪大军夫人 李知恩（iu） 边佑锡 𝐇𝐢𝐝𝐞｜综艺精选剪辑｜现在就出发搞笑剪辑｜王安宇尝试空口吃葱“我会杀死你，不是用镰刀，而是用岁月.”萌宠头像｜治愈系头像头像安利｜卡通手绘｜软萌头像｜审美封神｜可爱爆棚｜毛茸茸萌物｜平板全屏壁纸｜手机超清壁纸｜微博热榜｜无水印原图｜转运好运｜搞怪趣味｜小众独特｜清新温柔｜氛围感拉满｜韩系极简｜高级质感｜闺蜜双人头,https://m.weibo.cn/detail/5293895128714237
嘻嘻迪/表情包/可爱梗,post,0,粉丝点评/记忆表达明确,21_Cherrly_,𝙒𝙚𝘾𝙝𝙖𝙩｜灰色系｜高冷头像｜高级质感｜真人头像｜女生头像｜情侣头像｜趣头HOT｜清冷｜壁纸｜氛围感头像｜小众｜耐看｜温柔｜头像分享｜御姐头像｜优质女头｜女生头像无水印｜安利头像｜背景图壁纸｜软萌元气｜漫画女头｜情侣头像｜纯欲温柔风｜韩系氛围感｜清冷高级感 ​𝙒𝙚𝘾𝙝𝙖𝙩背景图 𝙞𝙣𝙨风 背景图推荐❤️🧡💛💚💙💜🤎🖤🤍杨幂 刘诗诗 唐嫣 赵丽颖 赵今麦 孙千 周雨彤 张婧仪 周也 范冰冰 谭松韵 关晓彤 景甜 李沁 甜玉米江疏影 秦岚,https://m.weibo.cn/detail/5293881375853632
红毯神图与高定封神造型,post,0,粉丝点评/记忆表达明确,毒痕锁链,"#迪丽热巴和素人合影#二、生图状态与素人颜值引关注雨中造型获封""破碎感美神""身披蓝色露背长裙撑透明雨伞的生图因冷色调氛围感出圈，裹毯回眸镜头更因""脆弱美感""登上热搜，侧颜轮廓被赞""生图即神图""。素人颜值引发讨论部分合影中素人因精致骨相和气质被评价""不比明星差""，尤其多位小姐姐同框时形成""美女同框""的吸睛画面。三、延伸关联动态新作宣传自然衔接活动期间粉丝自发安利其主演的热播剧《白日提灯》与待播剧《虽然不能同时拥有一切》，形成宣传联动。历史",https://m.weibo.cn/detail/5293733207343123
嘻嘻迪/表情包/可爱梗,post,0,粉丝点评/记忆表达明确,皆为庸人自扰,𝐇𝐢𝐝𝐞｜现在就出发｜下饭综艺萌宠头像｜治愈系头像头像安利｜卡通手绘｜软萌头像｜审美封神｜可爱爆棚｜毛茸茸萌物｜平板全屏壁纸｜手机超清壁纸｜微博热榜｜无水印原图｜转运好运｜搞怪趣味｜小众独特｜清新温柔｜氛围感拉满｜韩系极简｜高级质感｜闺蜜双人头像｜横屏护眼壁纸 张子枫｜周也｜鞠婧祎｜张婧仪｜欧阳娜娜｜文淇｜陈都灵｜杨幂｜赵今麦｜卢昱晓｜白鹿｜刘亦菲｜Angelababy｜刘浩存｜李兰迪｜徐若晗｜杨超越｜田曦薇｜孟子义｜虞书欣｜迪丽热巴｜,https://m.weibo.cn/detail/5293689925796823
嘻嘻迪/表情包/可爱梗,post,0,粉丝点评/记忆表达明确,甜田小渝饼,𝐇𝐢𝐝𝐞｜《爱情公寓》第三季｜关谷悠悠求婚名场面 好感动好甜萌宠头像｜治愈系头像头像安利｜卡通手绘｜软萌头像｜审美封神｜可爱爆棚｜毛茸茸萌物｜平板全屏壁纸｜手机超清壁纸｜小红书热榜｜无水印原图｜转运好运｜搞怪趣味｜小众独特｜清新温柔｜氛围感拉满｜韩系极简｜高级质感｜闺蜜双人头像｜横屏护眼壁纸 张子枫｜周也｜鞠婧祎｜张婧仪｜欧阳娜娜｜文淇｜陈都灵｜杨幂｜赵今麦｜卢昱晓｜白鹿｜刘亦菲｜Angelababy｜刘浩存｜李兰迪｜徐若晗｜杨超越｜田,https://m.weibo.cn/detail/5293005439502973
嘻嘻迪/表情包/可爱梗,post,0,粉丝点评/记忆表达明确,皆为庸人自扰,𝐇𝐢𝐝𝐞｜【伍佰泪桥】｜🍠 天晨-TC“山间叶，人间茶”萌宠头像｜治愈系头像头像安利｜卡通手绘｜软萌头像｜审美封神｜可爱爆棚｜毛茸茸萌物｜平板全屏壁纸｜手机超清壁纸｜微博热榜｜无水印原图｜转运好运｜搞怪趣味｜小众独特｜清新温柔｜氛围感拉满｜韩系极简｜高级质感｜闺蜜双人头像｜横屏护眼壁纸 张子枫｜周也｜鞠婧祎｜张婧仪｜欧阳娜娜｜文淇｜陈都灵｜杨幂｜赵今麦｜卢昱晓｜白鹿｜刘亦菲｜Angelababy｜刘浩存｜李兰迪｜徐若晗｜杨超越｜田曦薇｜,https://m.weibo.cn/detail/5292948792807280
嘻嘻迪/表情包/可爱梗,post,0,粉丝点评/记忆表达明确,葡萄柚绿半糖,𝐇𝐢𝐝𝐞｜少年包青天封神名场面｜惊天反转，公孙策破局指认真凶！ 萌宠头像｜治愈系头像头像安利｜卡通手绘｜软萌头像｜审美封神｜可爱爆棚｜毛茸茸萌物｜平板全屏壁纸｜手机超清壁纸｜小红书热榜｜无水印原图｜转运好运｜搞怪趣味｜小众独特｜清新温柔｜氛围感拉满｜韩系极简｜高级质感｜闺蜜双人头像｜横屏护眼壁纸 张子枫｜周也｜鞠婧祎｜张婧仪｜欧阳娜娜｜文淇｜陈都灵｜杨幂｜赵今麦｜卢昱晓｜白鹿｜刘亦菲｜Angelababy｜刘浩存｜李兰迪｜徐若晗｜杨超越,https://m.weibo.cn/detail/5292632641111756
嘻嘻迪/表情包/可爱梗,post,0,粉丝点评/记忆表达明确,葡萄柚绿半糖,𝐇𝐢𝐝𝐞｜少年包青天封神名场面｜刀疤劫匪对女童发难，才女加书生破局反杀！ 萌宠头像｜治愈系头像头像安利｜卡通手绘｜软萌头像｜审美封神｜可爱爆棚｜毛茸茸萌物｜平板全屏壁纸｜手机超清壁纸｜小红书热榜｜无水印原图｜转运好运｜搞怪趣味｜小众独特｜清新温柔｜氛围感拉满｜韩系极简｜高级质感｜闺蜜双人头像｜横屏护眼壁纸 张子枫｜周也｜鞠婧祎｜张婧仪｜欧阳娜娜｜文淇｜陈都灵｜杨幂｜赵今麦｜卢昱晓｜白鹿｜刘亦菲｜Angelababy｜刘浩存｜李兰迪｜徐若,https://m.weibo.cn/detail/5292285094789342
嘻嘻迪/表情包/可爱梗,post,0,粉丝点评/记忆表达明确,葡萄柚绿半糖,𝐇𝐢𝐝𝐞｜少年包青天封神名场面｜桃源村乔泰命案终结！ 萌宠头像｜治愈系头像头像安利｜卡通手绘｜软萌头像｜审美封神｜可爱爆棚｜毛茸茸萌物｜平板全屏壁纸｜手机超清壁纸｜小红书热榜｜无水印原图｜转运好运｜搞怪趣味｜小众独特｜清新温柔｜氛围感拉满｜韩系极简｜高级质感｜闺蜜双人头像｜横屏护眼壁纸 张子枫｜周也｜鞠婧祎｜张婧仪｜欧阳娜娜｜文淇｜陈都灵｜杨幂｜赵今麦｜卢昱晓｜白鹿｜刘亦菲｜Angelababy｜刘浩存｜李兰迪｜徐若晗｜杨超越｜田曦薇｜,https://m.weibo.cn/detail/5292057804412559
嘻嘻迪/表情包/可爱梗,post,0,粉丝点评/记忆表达明确,葡萄柚绿半糖,𝐇𝐢𝐝𝐞｜少年包青天封神名场面｜包拯夜审桃源村四十八命案！ 萌宠头像｜治愈系头像头像安利｜卡通手绘｜软萌头像｜审美封神｜可爱爆棚｜毛茸茸萌物｜平板全屏壁纸｜手机超清壁纸｜小红书热榜｜无水印原图｜转运好运｜搞怪趣味｜小众独特｜清新温柔｜氛围感拉满｜韩系极简｜高级质感｜闺蜜双人头像｜横屏护眼壁纸 张子枫｜周也｜鞠婧祎｜张婧仪｜欧阳娜娜｜文淇｜陈都灵｜杨幂｜赵今麦｜卢昱晓｜白鹿｜刘亦菲｜Angelababy｜刘浩存｜李兰迪｜徐若晗｜杨超越｜田,https://m.weibo.cn/detail/5292029297035325
嘻嘻迪/表情包/可爱梗,post,0,粉丝点评/记忆表达明确,Corny_靁冄僸區_,苗圃 穆桂英 穆桂英挂帅 杨宗保 电视剧剪辑𝐇𝐢𝐝𝐞｜综艺精选剪辑｜现在就出发搞笑剪辑｜王安宇尝试空口吃葱“我会杀死你，不是用镰刀，而是用岁月.”萌宠头像｜治愈系头像头像安利｜卡通手绘｜软萌头像｜审美封神｜可爱爆棚｜毛茸茸萌物｜平板全屏壁纸｜手机超清壁纸｜微博热榜｜无水印原图｜转运好运｜搞怪趣味｜小众独特｜清新温柔｜氛围感拉满｜韩系极简｜高级质感｜闺蜜双人头像｜横屏护眼壁纸 张子枫｜周也｜鞠婧祎｜张婧仪｜欧阳娜娜｜文淇｜陈都灵｜杨幂｜赵,https://m.weibo.cn/detail/5292005307714411
红毯神图与高定封神造型,post,0,粉丝点评/记忆表达明确,88的巴士,#迪丽热巴工作室 王亚飞#路人老师们，我们剧的热搜每次都太少了白日提灯忍一忍前面的铺垫和男主的傻乐，男主第八集封神！一集更比一集强！入股不亏，细节演技特效剧情立意都值得一看！还有希望巴粉不要放过任何一个造型的热搜安利剧，毕竟可能狗嘉只买造型外貌这种，企图削弱迪丽热巴演员演身份~就算买代言造型这种热搜大家应该更关注销量而不是过于关注造型,https://m.weibo.cn/detail/5291976043794640
白日提灯贺思慕/女鬼鬼王记忆,post,0,粉丝点评/记忆表达明确,漂亮的迪丽热巴iii,"迪丽热巴超话 黑夜提灯，为人引路，白日提灯，替灵开道#微博之夜加速器# dlrb#给迪丽热巴的新年心意# dlrb#向全世界安利我担##迪丽热巴贺思慕# dlrb #迪丽热巴卫蓝# dlrb #迪丽热巴# 迪丽热巴 |慕胥辞 | 虽然不能同时拥有一切 | 贺思慕 |卫蓝🧚🏼‍♂️ﾍ🌺🌺🌺𝓣𝓱𝓮 𝓫𝓻𝓮𝓮𝔃𝓮 𝓲𝓼 𝓰𝓮𝓷𝓽𝓵𝓮, 𝓪𝓷𝓭 𝓘 𝓵𝓲𝓴𝓮 𝔂𝓸𝓾 𝓿𝓮𝓻𝔂 𝓶𝓾𝓬𝓱.“微风轻轻起我好喜欢你",https://m.weibo.cn/detail/5271085705600276
行走的油画/神女美貌出圈,post,0,粉丝点评/记忆表达明确,再温柔一点吧-,#汪文斌分享迪丽热巴新疆舞#我真的服了巴粉果然跟不上迪丽热巴的脚步 这个词条显而易见热巴是出圈的 带世界看中国看新疆又红又专 很多粉丝安利都不会安利 内娱作风只会发美照 美貌是她最不值一提的一点 而且她的美是毋庸置疑的 粉丝应该安利她正能量的点 ​,https://m.weibo.cn/detail/4975225181569450
花少/你好星期六等综艺片刻,post,0,粉丝点评/记忆表达明确,请输入昵称_3字符,#汪文斌分享迪丽热巴新疆舞#这个节目真的很好看，很有格局，也能学习到很多知识。以前的花少一期没看，这一季是一期不落！强烈安利！ ​,https://m.weibo.cn/detail/4975203451145343
新疆舞与舞台表现名场面,post,0,粉丝点评/记忆表达明确,87_关小迪,迪丽热巴超话#迪丽热巴 跨年晚会#dlrb #向全世界安利最好的迪丽热巴# 我的白月光@Dear-迪丽热巴 ​,https://m.weibo.cn/detail/4974217680391923
白日提灯贺思慕/女鬼鬼王记忆,post,0,粉丝点评/记忆表达明确,Ingenwo,迪丽热巴超话#迪丽热巴贺思慕# dlrb #迪丽热巴# dlrb #慕胥辞# ❤️“表演并不仅仅是一份工作，更是一场人生的奇妙旅行。如果我没有做演员，很多事情我可能不会去实现。现在做的一切并非为了明天，我只是在给未来积攒回忆，它们能让我在老去以后，回忆起这些美好。”迪丽热巴 | 枭起青壤 |慕胥辞 | 虽然不能同时拥有一切 |聂九罗 | 贺思慕 |卫蓝 @Dear-迪丽热巴 🎆ȏ.̮ȏ,https://m.weibo.cn/detail/5294782773724879
白日提灯贺思慕/女鬼鬼王记忆,post,0,粉丝点评/记忆表达明确,Dilraba的大菠萝包,迪丽热巴超话#迪丽热巴贺思慕# dlrb#迪丽热巴白日提灯# 你是温柔本身 是浪漫本身 是我永远的偏爱@Dear-迪丽热巴 ​,https://m.weibo.cn/detail/5294782291380284
纪云禾与鲛人系角色记忆,post,0,粉丝点评/记忆表达明确,恬恬迪,迪丽热巴超话#迪丽热巴与君初相识#dlrb#迪丽热巴纪云禾#“其实女生有时候化化妆打扮打扮自己，去买一些漂漂亮亮的小衣服穿上，其实完全就是你自己心情好，我想去做这件事，而不是因为一定要让谁看到要让谁去评价我这现在好不好，完全只是取决于我自己想要去做这件事”——@Dear-迪丽热巴迪丽热巴纪云禾|迪丽热巴恰似故人归|迪丽热巴与君初相识L嘉行迪丽热巴工作室的微博视频,https://m.weibo.cn/detail/5294781708109609
白日提灯贺思慕/女鬼鬼王记忆,post,0,粉丝点评/记忆表达明确,Dear-帝姬小九,迪丽热巴超话#迪丽热巴贺思慕#dlrb#迪丽热巴白日提灯#我们会好好保护你大胆向前走@Dear-迪丽热巴 ​,https://m.weibo.cn/detail/5294775708421040
白日提灯贺思慕/女鬼鬼王记忆,post,0,粉丝点评/记忆表达明确,带巴去兜风,#迪丽热巴# dlrb #迪丽热巴利剑玫瑰# dlrb #迪丽热巴邓妍#利剑出鞘斩罪恶，迪丽热巴饰邓妍，深挖真实打拐案，守护《利剑玫瑰》正义！迪丽热巴 | 枭起青壤 | 利剑玫瑰|慕胥辞 |聂九罗 | 邓妍 | 贺思慕 | @Dear-迪丽热巴L玥皖迪的微博视频 ​,https://m.weibo.cn/detail/5294754999043529
演员成长与角色群像评价,post,0,粉丝点评/记忆表达明确,会灰啊灰啊,祈愿演员迪丽热巴接到上星好本子第955天！祈愿演员迪丽热巴拥有厉害的经纪人第886天！ ​​​祈愿演员迪丽热巴合作好演技演员第835天！ ​​​快快离嘉！合作好公司！爱她的经纪团队！🙏 ​​​,https://m.weibo.cn/detail/5294629035442962
枭起青壤/聂九罗表演突破,post,0,粉丝点评/记忆表达明确,知名为你,迪丽热巴超话#迪丽热巴聂九罗# dlrb #迪丽热巴枭起青壤#“我们都是追星人 在追那颗闪闪发亮的星星”@Dear-迪丽热巴 ​,https://m.weibo.cn/detail/5293470145315399
枭起青壤/聂九罗表演突破,post,0,粉丝点评/记忆表达明确,陆慕迪_,迪丽热巴超话#迪丽热巴聂九罗# dlrb #迪丽热巴枭起青壤#“我们都是追星人 在追那颗闪闪发亮的星星”@Dear-迪丽热巴 ​,https://m.weibo.cn/detail/5294479858734202
白日提灯贺思慕/女鬼鬼王记忆,post,0,粉丝点评/记忆表达明确,巴颗星邱,迪丽热巴超话#迪丽热巴白日提灯#dlrb#迪丽热巴贺思慕#dlrb#迪丽热巴#追星不是摘星，你在天上闪耀就好，我在地上努力奔跑，与你并肩。@Dear-迪丽热巴L网剧慕胥辞的微博视频 ​,https://m.weibo.cn/detail/5294269246998107
乔晶晶与《你是我的荣耀》入坑记忆,post,0,粉丝点评/记忆表达明确,冬日告白你巴,#迪丽热巴你是我的荣耀# dlrb#迪丽热巴乔晶晶# 追星的代价就是爱而不得@Dear-迪丽热巴 ​,https://m.weibo.cn/detail/4974851646029962
枭起青壤/聂九罗表演突破,post,0,粉丝点评/记忆表达明确,知名为你,迪丽热巴超话#迪丽热巴聂九罗# dlrb #迪丽热巴枭起青壤#“我们都是追星人 在追那颗闪闪发亮的星星”@Dear-迪丽热巴 ​,https://m.weibo.cn/detail/5292560373252669
白日提灯贺思慕/女鬼鬼王记忆,post,0,粉丝点评/记忆表达明确,再航行两分钟,迪丽热巴超话 你就是春风，不停吹动着我的心❤️各种增加预约方法微博正文迪丽热巴 |白日提灯 | 虽然不能同时拥有一切 | 贺思慕 |卫蓝 @Dear-迪丽热巴 🥨 ​,https://m.weibo.cn/detail/5294789563779482
白日提灯贺思慕/女鬼鬼王记忆,post,0,粉丝点评/记忆表达明确,进阶版年年妈,#白日提灯# 我的评分：#白日提灯观后感#迪丽热巴白日提灯🌟亮点推荐：迪丽热巴贺思慕 ​,https://m.weibo.cn/detail/5294790419157823
演员成长与角色群像评价,post,0,粉丝点评/记忆表达明确,恰巴塔DB,迪丽热巴超话 李慧珍收视拉升率210%把当年湖南周播剧收视率从坑底拉上来的大功臣90后演员收视拉升率最高记录保持者迪丽热巴❗视后就是优秀，我能强调N遍 ​,https://m.weibo.cn/detail/5294788851007672
枭起青壤/聂九罗表演突破,post,0,粉丝点评/记忆表达明确,Dear-乔恩迪,#迪丽热巴枭起青壤# dlrb#迪丽热巴聂九罗# 我在等在等一个我无法等到的人@Dear-迪丽热巴 ​,https://m.weibo.cn/detail/5294788750608260
乔晶晶与《你是我的荣耀》入坑记忆,post,0,粉丝点评/记忆表达明确,酸辣空心菜梗吧,我在迪丽热巴超话等级达到LV.12，获得乔晶晶头衔，小伙伴们快来加入超话一起聊聊吧！超话传送门→迪丽热巴超话 ​,https://m.weibo.cn/detail/5294785292405710
白凤九与三生三世情怀,post,0,粉丝点评/记忆表达明确,8宝粥-,终于晋级啦！我的迪丽热巴超话等级升级为LV.9，获得了白凤九头衔！快来迪丽热巴超话恭喜我吧~ ​,https://m.weibo.cn/detail/5294784608473937
白日提灯贺思慕/女鬼鬼王记忆,post,0,粉丝点评/记忆表达明确,Ingenwo,迪丽热巴超话#迪丽热巴贺思慕# dlrb #迪丽热巴慕胥辞# dlrb #慕胥辞#“每一天我都感觉像是拍戏的第一天 ，充满了新鲜感 ；每一天我都面临着诸多挑战 ，不管是整理案卷，做庭前准备 ，还是审理案件 ；每一天我都很开心 ，虽然那些法律条文有点陌生 ，学起来并不容易 ，但是就让我有了一股拼劲 ，就是不管了，豁出去了，我要往前冲了。 ”迪丽热巴 | 枭起青壤 |慕胥辞 | 虽然不能同时拥有一切 |聂九罗 | 贺思慕 |卫蓝 @Dea,https://m.weibo.cn/detail/5294782647896479
乔晶晶与《你是我的荣耀》入坑记忆,post,0,粉丝点评/记忆表达明确,恬恬迪,迪丽热巴超话#迪丽热巴乔晶晶# dlrb#迪丽热巴你是我的荣耀#“为了理想争取奋斗过，比从没尝试过就妥协要好。” @Dear-迪丽热巴#迪丽热巴#LDear-迪丽热巴的微博视频 ​,https://m.weibo.cn/detail/5294781691331320
白日提灯贺思慕/女鬼鬼王记忆,post,0,粉丝点评/记忆表达明确,蒂黎刃冰,迪丽热巴超话#迪丽热巴白日提灯#dlrb#迪丽热巴贺思慕#dlrb#迪丽热巴卫蓝#你当然值得炫耀我青春的top1 迪丽热巴 |白日提灯 | 虽然不能同时拥有一切 | 贺思慕 |卫蓝@迪丽热巴 ​,https://m.weibo.cn/detail/5294781573104115
白日提灯贺思慕/女鬼鬼王记忆,post,0,粉丝点评/记忆表达明确,8月的迪,迪丽热巴超话#迪丽热巴#dlrb#迪丽热巴白日提灯#dlrb#迪丽热巴贺思慕#“你是我永远无法用语言描述的心动”𝐘𝐨𝐮 𝐚𝐫𝐞 𝐦𝐲 𝐡𝐞𝐚𝐫𝐭 𝐭𝐡𝐚𝐭 𝐈 𝐜𝐚𝐧 𝐧𝐞𝐯𝐞𝐫 𝐝𝐞𝐬𝐜𝐫𝐢𝐛𝐨𝐫𝐝𝐬.@Dear-迪丽热巴迪丽热巴丨#迪丽热巴#迪丽热巴白日提灯丨#迪丽热巴白日提灯#丨迪丽热巴贺思慕丨#迪丽热巴贺思慕#,https://m.weibo.cn/detail/5294781091809199
嘻嘻迪/表情包/可爱梗,post,0,粉丝点评/记忆表达明确,月舟枕星河,桌面壁纸、iPad壁纸、安卓壁纸、苹果壁纸、壁纸定制、壁纸灵感、壁纸控 可爱卡通壁纸 优质壁纸 可爱聊天背景图 新年壁纸 过年氛围提前拉满 圣诞壁纸 过年氛围提前搞起来 高清手机壁纸 每日壁纸分享 超清壁纸 送你好看的手机壁纸 壁纸全屏无水印 创意壁纸设计 清新壁纸 壁纸 超级有氛围感的壁纸 今日壁纸 高级氛围感壁纸 神仙壁纸杨幂 刘诗诗 唐嫣 赵丽颖 赵今麦 孙千 周雨彤 张婧仪 周也 范冰冰 谭松韵 关晓彤 景甜 李沁江疏影 秦岚 ,https://m.weibo.cn/detail/5284126862344535
嘻嘻迪/表情包/可爱梗,post,0,粉丝点评/记忆表达明确,-做半个梦-,leipeng｜综艺精选剪辑｜萌宠头像｜治愈系头像头像安利｜卡通手绘｜软萌头像｜审美封神｜可爱爆棚｜毛茸茸萌物｜平板全屏壁纸｜手机超清壁纸｜微博热榜｜无水印原图｜转运好运｜搞怪趣味｜小众独特｜清新温柔｜氛围感拉满｜韩系极简｜高级质感｜闺蜜双剪辑人头像｜横屏护眼壁纸 张子枫｜周也｜鞠婧祎｜张婧仪｜欧阳娜娜｜文淇｜陈都灵｜杨幂｜赵今麦｜卢昱晓｜白鹿｜刘亦菲｜Angelababy｜刘浩存｜李兰迪｜徐若晗｜杨超越｜田曦薇｜孟子义｜虞书欣｜迪丽热,https://m.weibo.cn/detail/5294791315162941
白日提灯贺思慕/女鬼鬼王记忆,post,0,粉丝点评/记忆表达明确,热热么么么么啾啾啾啾,#白日提灯# 我的评分：#白日提灯观后感#迪丽热巴白日提灯🌟亮点推荐：迪丽热巴贺思慕 ​,https://m.weibo.cn/detail/5294791266665734
演员成长与角色群像评价,post,0,粉丝点评/记忆表达明确,玛霓嘟嘟,感觉好多偶像剧都是在打着偶像剧的名头拍大男主成长记。但不是我心肝的剧我也懒得上价值，看个乐呵就算了热巴的剧我会很介意花絮多不多因为想知道怎么塑造这个角色的，但是看其他剧一到花絮我就快速划走，只想知道他们最完美的角色状态，不想脱离角色看演员本人 ​,https://m.weibo.cn/detail/5294790876075217
跑男时期综艺名场面,post,0,粉丝点评/记忆表达明确,MERRYX先生,原来那么小就已经邂逅了内娱无法超越的顶级群像 #初代跑男 #奔跑吧兄弟 #考古 #老铁娱乐观察站 LMERRYX先生的微博视频 ​,https://m.weibo.cn/detail/5294773269431396
白日提灯贺思慕/女鬼鬼王记忆,post,0,粉丝点评/记忆表达明确,蒲公英馅的饺子,迪丽热巴超话#迪丽热巴白日提灯# dlrb #迪丽热巴贺思慕# dlrb #白日提灯# 心怀大义守护人间与灵界，贺思慕格局拉满，迪丽热巴快诠释这气魄！各种增加预约方法微博正文迪丽热巴 |白日提灯 |虽然不能同时拥有一切| 贺思慕 | 卫蓝 @Dear-迪丽热巴L网剧慕胥辞的微博视频 ​,https://m.weibo.cn/detail/5294792751185982
任安乐/帝梓元角色记忆,post,0,粉丝点评/记忆表达明确,化缘为迪,迪丽热巴超话#迪丽热巴安乐传#dlrb#迪丽热巴任安乐#你很重要 我才会和你有说不完的废话 在我的心里 你真的很好很好@Dear-迪丽热巴 ​,https://m.weibo.cn/detail/5294748158132544
任安乐/帝梓元角色记忆,post,0,粉丝点评/记忆表达明确,化缘为迪,迪丽热巴超话#迪丽热巴安乐传#dlrb#迪丽热巴任安乐#我希望你好好吃饭 好好爱我 天天开心 坏情绪都远离你 永远在我身边@Dear-迪丽热巴 ​,https://m.weibo.cn/detail/5294747954447292
任安乐/帝梓元角色记忆,post,0,粉丝点评/记忆表达明确,化缘为迪,迪丽热巴超话#迪丽热巴安乐传#dlrb#迪丽热巴任安乐#如果能和你撑同一把伞 那我希望这场雪不要停@Dear-迪丽热巴 ​,https://m.weibo.cn/detail/5294747715372360
白日提灯贺思慕/女鬼鬼王记忆,post,0,粉丝点评/记忆表达明确,丽的桃桃罐,迪丽热巴超话#迪丽热巴贺思慕#dlrb #迪丽热巴 白日提灯# dlrb #迪丽热巴#“你是我的乍见之欢 你是我的心之所向 你是我的温柔归宿 你是我的嘴角扬起的理由 ”@Dear-迪丽热巴 ​,https://m.weibo.cn/detail/5294393112134655
纪云禾与鲛人系角色记忆,post,0,粉丝点评/记忆表达明确,慢游热爱星球_,"#迪丽热巴与君初相识# dlrb#迪丽热巴恰似故人归# dlrb#迪丽热巴纪云禾#“在遥远的追梦途中 你成为了我的光” ""𝓘𝓷 𝓽𝓱𝓮 𝓭𝓲𝓼𝓽𝓪𝓷𝓽 𝓹𝓾𝓻𝓼𝓾𝓲𝓽 𝓸𝓯 𝓭𝓻𝓮𝓪𝓶𝓼, 𝔂𝓸𝓾 𝓫𝓮𝓬𝓪𝓶𝓮 𝓶𝔂 𝓵𝓲𝓰𝓱”@Dear-迪丽热巴 L嘉行迪丽热巴工作室的微博视频",https://m.weibo.cn/detail/5294322049614141
白日提灯贺思慕/女鬼鬼王记忆,post,0,粉丝点评/记忆表达明确,iceockdisease_8,#迪丽热巴贺思慕# dlrb #迪丽热巴白日提灯# dlrb #白日提灯#🏮“当我化了一个很漂亮的妆，或者是睡饱了起来看镜子里的自己容光焕发⋯⋯和大家一样，我也有这样大大小小自恋的时刻。美丽这件事，并没有通用的标准。而浪漫不一样，浪漫是内心的东西，属于我自己的。”迪丽热巴 |白日提灯 | 虽然不能同时拥有一切 | 贺思慕 |卫蓝 @Dear-迪丽热巴,https://m.weibo.cn/detail/5294297289068449
白日提灯贺思慕/女鬼鬼王记忆,post,0,粉丝点评/记忆表达明确,Dear_迪迪迪迪宝儿,"迪丽热巴超话#迪丽热巴# dlrb #迪丽热巴邓妍# dlrb #迪丽热巴利剑玫瑰#ᵂʰᵉⁿ ʸᵒᵘ ˢʰⁱⁿᵉ, ʸᵒᵘ ᵐᵘˢᵗ ᵇᵉ ˢᵃᶠᵉ ᵃᵗ ᵗʰᵉ ˢᵃᵐᵉ ᵗⁱᵐᵉ.你闪闪发亮的同时也要平平安安。预约利剑玫瑰O利剑·玫瑰迪丽热巴 |枭起青壤 | 利剑玫瑰|慕胥辞 |聂九罗 | 邓妍 | 贺思慕 | @Dear-迪丽热巴L偷喝迪迪汽水la等人的共创视频",https://m.weibo.cn/detail/5294290508711262
花少/你好星期六等综艺片刻,post,0,粉丝点评/记忆表达明确,趯努力趯幸运,#花儿与少年丝路季# 我的评分：反复爱上同一个女明星 Dilraba始于颜值陷于才华忠于人品花少团都很棒，有话直说彼此照顾，和谐的节目谁不爱看呢 ​,https://m.weibo.cn/detail/4963811974971691
生日生贺与小小迪陪伴记忆,post,0,粉丝点评/记忆表达明确,日落贩星河D,酸奶疙瘩，牛油果吐司中文名迪丽热巴·迪力木拉提外文名Dilraba Dilmurat别名小迪、胖迪、热巴国籍中国民族维吾尔族出生地新疆维吾尔自治区乌鲁木齐市出生日期1992年6月3日星座双子座身高168 cm毕业院校上海戏剧学院职业演员、歌手经纪公司嘉行天下工作室代表作品阿娜尔罕、克拉恋人、三生三世十里桃花、烈火如歌、一千零一夜、三生三世枕上书、傲娇与偏见主要成就2016年中英电影节最佳新人奖2016年中国泛娱乐指数盛典新势力女艺人奖2,https://m.weibo.cn/detail/4540009975395686
乔晶晶与《你是我的荣耀》入坑记忆,post,0,粉丝点评/记忆表达明确,两只猫蛋挞-,#迪丽热巴你是我的荣耀# ☁️ #迪丽热巴乔晶晶# ☁️ #迪丽热巴李长歌# 今日积分，指路必回Dilraba is the ideal of the world(迪丽热巴是人间理想) ​,https://m.weibo.cn/detail/4537381447275133
白日提灯贺思慕/女鬼鬼王记忆,post,0,粉丝点评/记忆表达明确,梧花梦迪,"迪丽热巴超话#迪丽热巴白日提灯#dlrb#迪丽热巴贺思慕#dlrb#迪丽热巴卫蓝#""枫叶飘向九月的乡野，我怀揣着心动与你邂逅"" 迪丽热巴 |白日提灯 | 虽然不能同时拥有一切 | 贺思慕 |卫蓝@迪丽热巴 ​",https://m.weibo.cn/detail/5294212283109555
李长歌与《长歌行》角色记忆,post,0,粉丝点评/记忆表达明确,極爱都市传说,#迪丽热巴身材#看我女鹅好美啊，多多营业！期待大美女新剧《长歌行》，《你是我的荣耀》，电影《日月》。安利热巴和边江大大合作的《恋爱的贡多拉》 L一条大大的草鱼的微博视频 ​,https://m.weibo.cn/detail/4547633673149867
李长歌与《长歌行》角色记忆,post,0,粉丝点评/记忆表达明确,纪云禾姓风,#迪丽热巴长歌行# dlrb#迪丽热巴你是我的荣耀# 你是天上星✨ ✨ ✨ 我是尘世间那个追星之人，我乐此不疲甚至翻山越岭，只为看你眨眨眼@Dear-迪丽热巴 ​,https://m.weibo.cn/detail/4545142373227666
李长歌与《长歌行》角色记忆,post,0,粉丝点评/记忆表达明确,Dear迪丽热巴后援会,迪丽热巴超话 #迪丽热巴护舒宝# 9月见，和宝宝一起追星！@Dear-迪丽热巴 #迪丽热巴李长歌#,https://m.weibo.cn/detail/4544311427074062
乔晶晶与《你是我的荣耀》入坑记忆,post,0,粉丝点评/记忆表达明确,我好懒懒巴,8.31诚信互评我不是在追星，我只是在隔着屏幕陪我喜欢的女孩子长大@Dear-迪丽热巴 小巴喜欢的八月要结束啦#迪丽热巴李长歌# #迪丽热巴你是我的荣耀# #迪丽热巴乔晶晶# 图源@奶茶小铺_ ​,https://m.weibo.cn/detail/4543775152806245
乔晶晶与《你是我的荣耀》入坑记忆,post,0,粉丝点评/记忆表达明确,祈愿岁岁平安_,#迪丽热巴你是我的荣耀# 🌸#迪丽热巴乔晶晶# 没遇见你的时候我从没想过追星遇见你的时候从没想过追别人 2邯郸 ​,https://m.weibo.cn/detail/4543038317406240
枭起青壤/聂九罗表演突破,post,0,粉丝点评/记忆表达明确,知名为你,迪丽热巴超话#迪丽热巴聂九罗# dlrb #迪丽热巴枭起青壤#“我们都是追星人 在追那颗闪闪发亮的星星”@Dear-迪丽热巴 ​,https://m.weibo.cn/detail/5292197572509903
白日提灯贺思慕/女鬼鬼王记忆,post,0,粉丝点评/记忆表达明确,kiku_赫祎杯热牛奶,"迪丽热巴超话 贺思慕#迪丽热巴贺思慕# dlrb#迪丽热巴卫蓝# dlrb#迪丽热巴白日提灯# ""直到你出现在我的青春里让我知道追星的意义 谢谢你 我阴暗生活里的小太阳""@Dear-迪丽热巴 ​",https://m.weibo.cn/detail/5291869630368239
嘻嘻迪/表情包/可爱梗,post,0,粉丝点评/记忆表达明确,Forever08261,𝐇𝐢𝐝𝐞｜憨豆先生｜第七集萌宠头像｜治愈系头像头像安利｜卡通手绘｜软萌头像｜审美封神｜可爱爆棚｜毛茸茸萌物｜平板全屏壁纸｜手机超清壁纸｜小红书热榜｜无水印原图｜转运好运｜搞怪趣味｜小众独特｜清新温柔｜氛围感拉满｜韩系极简｜高级质感｜闺蜜双人头像｜横屏护眼壁纸 张子枫｜周也｜鞠婧祎｜张婧仪｜欧阳娜娜｜文淇｜陈都灵｜杨幂｜赵今麦｜卢昱晓｜白鹿｜刘亦菲｜Angelababy｜刘浩存｜李兰迪｜徐若晗｜杨超越｜田曦薇｜孟子义｜虞书欣｜迪丽热巴｜刘,https://m.weibo.cn/detail/5294798594120649
枭起青壤/聂九罗表演突破,post,0,粉丝点评/记忆表达明确,知名为你,迪丽热巴超话#迪丽热巴聂九罗# dlrb #迪丽热巴枭起青壤#“我们都是追星人 在追那颗闪闪发亮的星星”@Dear-迪丽热巴 ​,https://m.weibo.cn/detail/5292738188937110
白日提灯贺思慕/女鬼鬼王记忆,post,0,粉丝点评/记忆表达明确,Dear-琳奕迪,迪丽热巴超话#迪丽热巴白日提灯# dlrb#迪丽热巴贺思慕# dlrb#迪丽热巴#“我李逍遥对天发誓，从今以后，绝不会让你孤苦伶仃”@迪丽热巴L白日提灯官微的微博视频 ​,https://m.weibo.cn/detail/5294309135877503
白日提灯贺思慕/女鬼鬼王记忆,post,0,粉丝点评/记忆表达明确,Dear-琳奕迪,迪丽热巴超话#迪丽热巴白日提灯# dlrb#迪丽热巴贺思慕# dlrb#迪丽热巴#看不惯我就用实力碾压我@迪丽热巴L白日提灯官微的微博视频 ​,https://m.weibo.cn/detail/5294308753933546
白日提灯贺思慕/女鬼鬼王记忆,post,0,粉丝点评/记忆表达明确,无聊侠客行,#白日提灯# 我的评分：#白日提灯观后感#🌟亮点推荐：《白日提灯》作为2026年腾讯视频平台热播的古装奇幻剧， 该剧通过一盏神秘的万灵灯串联起归墟人间鬼王与小将军互相猜疑到相知相守的感人故事，由顶尖特效团队打造了超过1900个电影级镜头，战场特效震撼逼真，服化道设计融入了敦煌纹饰等东方美学元素，视觉质感突出。‌‌ 尤为巧妙的是，剧集利用黑白与彩色的画面滤镜转换，直观呈现了女主角感知世界的变化，同时该剧深刻探讨了人性哲理与社会现实，其独特,https://m.weibo.cn/detail/5294200486625874
嘻嘻迪/表情包/可爱梗,post,0,粉丝点评/记忆表达明确,Tender_宁月湾_,蓝调时刻💙 田栩宁 梓渝中国美食 美食打卡 美食剪辑 豁达乐观 永远保持积极的态度21世纪大军夫人 李知恩（iu） 边佑锡 𝐇𝐢𝐝𝐞｜综艺精选剪辑｜现在就出发搞笑剪辑｜王安宇尝试空口吃葱“我会杀死你，不是用镰刀，而是用岁月.”萌宠头像｜治愈系头像头像安利｜卡通手绘｜软萌头像｜审美封神｜可爱爆棚｜毛茸茸萌物｜平板全屏壁纸｜手机超清壁纸｜微博热榜｜无水印原图｜转运好运｜搞怪趣味｜小众独特｜清新温柔｜氛围感拉满｜韩系极简｜高级质感｜闺蜜双人头,https://m.weibo.cn/detail/5293867789189355
红毯神图与高定封神造型,post,0,粉丝点评/记忆表达明确,稀罕小罐头,"#迪丽热巴美美出片#迪丽热巴近期以""随手一拍即成大片""的松弛感美学引发热议，其活动生图、日常自拍均被赞为""神图制造机""，折射出大众对她自然状态与专业表现力的双重关注。 一、公众热议焦点：松弛感与生图统治力状态与美学风格迪丽热巴在2026年4月南京迪奥活动中的雨中蓝裙造型封神，冷色调光影与露背剪裁营造""破碎感美神""氛围，侧颜生图被誉""冲破死亡镜头的雕塑感""。日常对镜自拍则展现反差萌态，自然光下眉眼灵动，皮肤通透，被称""呼吸间轻松出片""。其",https://m.weibo.cn/detail/5293649492708586
红毯神图与高定封神造型,post,0,粉丝点评/记忆表达明确,胖丁好运连连QvQ,#迪丽热巴金刚发型#迪丽热巴的“金刚发型”指她在2026年4月28日南京迪奥活动中由发型师“金刚”打造的复古波浪卷发造型，搭配蓝色缎面长裙和斜刘海设计，因现场效果与官方硬照差异引发两极评价，成为当日热议焦点。发型师“金刚”的长期合作金刚隶属NANBEAUTY团队，曾为迪丽热巴设计2024年“黑天鹅编发”、2025年“浅金波浪卷”等出圈造型，但部分粉丝对其稳定性存疑。同期直播造型争议4月25日骆驼直播中，迪丽热巴的双马尾刘海被批“凌乱像体,https://m.weibo.cn/detail/5292968065892388
红毯神图与高定封神造型,post,0,粉丝点评/记忆表达明确,春巷序,#迪丽热巴金刚发型#迪丽热巴的“金刚发型”特指她在2026年4月28日迪奥南京活动中，由合作发型师金刚设计的复古卷发造型，该发型因现场效果与工作室硬照差异、刘海设计等引发两极评价，成为当日热议焦点。一、核心设计理念与争议焦点造型意图与呈现落差发型师金刚（NANBEAUTY团队）以蓬松波浪卷发搭配斜刘海，意图呼应迪丽热巴身穿的蓝色缎面长裙，打造“复古摩登”氛围（工作室称“于经典之上重构优雅”）。但现场造型与官方发布的盘发硬照差异显著：硬照,https://m.weibo.cn/detail/5292956321579183
红毯神图与高定封神造型,post,0,粉丝点评/记忆表达明确,Evelyn-lp,#迪丽热巴金刚发型#“迪丽热巴金刚发型”特指她在2026年4月28日迪奥南京线下活动中，由NANBEAUTY团队发型师金刚量身打造的一款复古卷发造型，该造型凭借厚重贴头皮的刘海、蓬松复古的卷度设计形成鲜明风格，但因现场生图呈现效果与官方精修硬照差距明显、刘海过于服帖缺乏蓬松感等细节问题，在网络上引发大众两极分化的审美评价，相关话题迅速发酵出圈，成为当天娱乐圈的热门讨论焦点。 LEvelyn-lp的微博视频,https://m.weibo.cn/detail/5292954652512065
新疆舞与舞台表现名场面,post,0,粉丝点评/记忆表达明确,视观,#王亚飞遭迪丽热巴粉丝抵制#在2026年2月央视春晚的舞台上，一场备受期待的水下舞蹈表演却因妆容设计引发了广泛争议。原本为贴合水下主题而打造的清透底妆、蓝调眼影及淡唇设计，在高清4K镜头的放大下显得格外突兀，被观众批评为“显病态、浮肿”。这种妆容本意是想营造出梦幻般的水下效果，却因技术细节处理不当，反而让表演者的面部状态显得疲惫不堪。粉丝们在社交媒体上纷纷吐槽，称其“无效登春晚”，认为这样的妆容不仅没有为表演增色，反而成了长期积累矛盾的,https://m.weibo.cn/detail/5292848176170293
嘻嘻迪/表情包/可爱梗,post,0,粉丝点评/记忆表达明确,葡萄柚绿半糖,𝐇𝐢𝐝𝐞｜少年包青天封神名场面｜包拯烧坑蒸骨，还原李义亖亡真相！ 萌宠头像｜治愈系头像头像安利｜卡通手绘｜软萌头像｜审美封神｜可爱爆棚｜毛茸茸萌物｜平板全屏壁纸｜手机超清壁纸｜小红书热榜｜无水印原图｜转运好运｜搞怪趣味｜小众独特｜清新温柔｜氛围感拉满｜韩系极简｜高级质感｜闺蜜双人头像｜横屏护眼壁纸 张子枫｜周也｜鞠婧祎｜张婧仪｜欧阳娜娜｜文淇｜陈都灵｜杨幂｜赵今麦｜卢昱晓｜白鹿｜刘亦菲｜Angelababy｜刘浩存｜李兰迪｜徐若晗｜杨超,https://m.weibo.cn/detail/5291975994511255
新疆舞与舞台表现名场面,post,0,粉丝点评/记忆表达明确,羊城晚报金羊网,#沈梦辰说杜海涛比张凌赫先走进心里# 4月23日，@沈梦辰 在社交平台回应网友提问。网友问“跨年晚会后，@杜海涛 有没有学模特步？”沈梦辰说：“涛哥比@张凌赫z 先走进我的心里。”据了解，张凌赫在2025至2026湖南卫视跨年晚会上的走秀出圈，成为现象级名场面。在谈到防晒问题时，她强调防晒要无处不在，比如在室内靠近窗户、甚至坐长途车时都需要防晒，并建议使用物理防晒产品，效果更好。（现代快报）更多消息：#演员回应脱掉和服才向观众鞠躬致谢#,https://m.weibo.cn/detail/5291158449162277
嘻嘻迪/表情包/可爱梗,post,0,粉丝点评/记忆表达明确,葡萄柚绿半糖,𝐇𝐢𝐝𝐞｜少年包青天封神名场面｜包拯复盘整个案情最终锁定了凶手 萌宠头像｜治愈系头像头像安利｜卡通手绘｜软萌头像｜审美封神｜可爱爆棚｜毛茸茸萌物｜平板全屏壁纸｜手机超清壁纸｜小红书热榜｜无水印原图｜转运好运｜搞怪趣味｜小众独特｜清新温柔｜氛围感拉满｜韩系极简｜高级质感｜闺蜜双人头像｜横屏护眼壁纸 张子枫｜周也｜鞠婧祎｜张婧仪｜欧阳娜娜｜文淇｜陈都灵｜杨幂｜赵今麦｜卢昱晓｜白鹿｜刘亦菲｜Angelababy｜刘浩存｜李兰迪｜徐若晗｜杨超越,https://m.weibo.cn/detail/5289881531843125
嘻嘻迪/表情包/可爱梗,post,0,粉丝点评/记忆表达明确,NGGDQ-执意,𝐇𝐢𝐝𝐞｜爱情公寓封神名场面｜吕子乔大战熊孩子｜吕子乔遇到人生大敌萌宠头像｜治愈系头像头像安利｜卡通手绘｜软萌头像｜审美封神｜可爱爆棚｜毛茸茸萌物｜平板全屏壁纸｜手机超清壁纸｜小红书热榜｜无水印原图｜转运好运｜搞怪趣味｜小众独特｜清新温柔｜氛围感拉满｜韩系极简｜高级质感｜闺蜜双人头像｜横屏护眼壁纸 张子枫｜周也｜鞠婧祎｜张婧仪｜欧阳娜娜｜文淇｜陈都灵｜杨幂｜赵今麦｜卢昱晓｜白鹿｜刘亦菲｜Angelababy｜刘浩存｜李兰迪｜徐若晗｜杨超,https://m.weibo.cn/detail/5285370453295669
嘻嘻迪/表情包/可爱梗,post,0,粉丝点评/记忆表达明确,星星也执迷_见过雷朋版,𝐇𝐢𝐝𝐞｜爱情公寓封神名场面｜吕子乔和关谷神奇在除夕夜街头放飞理想萌宠头像｜治愈系头像头像安利｜卡通手绘｜软萌头像｜审美封神｜可爱爆棚｜毛茸茸萌物｜平板全屏壁纸｜手机超清壁纸｜小红书热榜｜无水印原图｜转运好运｜搞怪趣味｜小众独特｜清新温柔｜氛围感拉满｜韩系极简｜高级质感｜闺蜜双人头像｜横屏护眼壁纸 张子枫｜周也｜鞠婧祎｜张婧仪｜欧阳娜娜｜文淇｜陈都灵｜杨幂｜赵今麦｜卢昱晓｜白鹿｜刘亦菲｜Angelababy｜刘浩存｜李兰迪｜徐若晗｜杨超,https://m.weibo.cn/detail/5285127162694931
白日提灯贺思慕/女鬼鬼王记忆,post,0,粉丝点评/记忆表达明确,_江离-,白日提灯剧版超话 @Dear-迪丽热巴 #归墟5A级景区观光团#💌邀请函💌 ❤️喜+❤️喜=囍❤️❤️ 🎊良辰已定 吉日待🎊 ❤️吾有想法 以谢良友❤️ 诚挚邀请贺思慕一起共赴归墟座位❤️⏰时间：2026年4月4日❤️我们相约不见不散❤️ ​​​,https://m.weibo.cn/detail/5284025905711085
白日提灯贺思慕/女鬼鬼王记忆,post,0,粉丝点评/记忆表达明确,真是好起来了,煮娱网络影响力指数 2026年3月份女性角色影响力Top10~樊长玉/田曦薇 逐玉贺思慕/迪丽热巴 白日提灯夏晓兰/周也 你好1983俞浅浅/孔雪儿 逐玉庄庄/章若楠 冬去春来方婉之/谭松韵 我的山与海秦睿/任敏 家事法庭任美艳/闫妮 隐身的名字柏庶/刘雅瑟 ​,https://m.weibo.cn/detail/5283950941700196
白日提灯贺思慕/女鬼鬼王记忆,post,0,粉丝点评/记忆表达明确,巴的雾桉,迪丽热巴超话#迪丽热巴贺思慕# dlrb#迪丽热巴白日提灯# dlrb#迪丽热巴卫蓝# dlrb#嘻嘻迪# 抓到了一位2025年活泼灵动的迪丽热巴@Dear-迪丽热巴 ​,https://m.weibo.cn/detail/5294580229745261
白日提灯贺思慕/女鬼鬼王记忆,post,0,粉丝点评/记忆表达明确,寻巴日记_,迪丽热巴超话#迪丽热巴贺思慕# dlrb #迪丽热巴白日提灯# dlrb #迪丽热巴# 抖-时装男士2025年三月刊拍摄花絮-嘉行传媒跟着心跳的节奏，定格每一帧的美貌💕迪丽热巴｜白日提灯｜贺思慕@Dear-迪丽热巴 Lduoduoxixixi的微博视频 ​​​,https://m.weibo.cn/detail/5292666122403970
红毯神图与高定封神造型,post,0,粉丝点评/记忆表达明确,给啵摘星,#迪丽热巴造型师是闵塔鲨#长期搭档身份明确闵塔鲨自2024年起负责迪丽热巴绝大多数红毯、活动及直播造型。2026年4月13日Fakeme品牌直播的宣传博文中，工作室明确标注造型由闵塔鲨负责，其本人亦转发相关内容证实合作。 历史合作成果与争议并存高光时刻：曾打造多套出圈造型，如2025年的复古烟斗礼服、全球首穿的高定资源等，强化迪丽热巴的时尚标签。争议事件：2026年春晚宜宾分会场妆容被批“弱化浓颜优势”，同年4月13日直播的白色蕾丝泡泡,https://m.weibo.cn/detail/5287562257105200
红毯神图与高定封神造型,post,0,粉丝点评/记忆表达明确,祈序雪,#迪丽热巴造型师是闵塔鲨#目前迪丽热巴的造型确实由闵塔鲨负责，但这一合作近期因直播造型争议和团队变动引发广泛讨论。一、合作关系确认官方信息佐证：2026年4月13日，迪丽热巴工作室发布活动博文，明确标注其Fakeme品牌直播造型由闵塔鲨操刀，搭配高定服饰与珠宝。闵塔鲨本人同日也转发相关内容，证实合作动态。长期合作背景：闵塔鲨与迪丽热巴合作多年，曾打造过复古礼服、人鱼主题等出圈造型，但也因审美波动频繁引发争议。例如2025年5月护舒宝直播,https://m.weibo.cn/detail/5287548031342643
红毯神图与高定封神造型,post,0,粉丝点评/记忆表达明确,暮雨恋伊人-,#迪丽热巴造型师是闵塔鲨#官方合作依据迪丽热巴工作室2026年4月13日发布的博文明确标注“造型：闵塔鲨”，证实其为品牌直播活动的造型负责人。当日闵塔鲨本人也发布相关微博，提及迪丽热巴与品牌合作，进一步佐证合作关系。合作历史与争议事件闵塔鲨与迪丽热巴合作多年，曾打造复古烟斗礼服（2025年8月）、机械姬风高定等出圈造型，被粉丝称为“神仙搭档”。2026年3月，闵塔鲨因点赞吐槽迪丽热巴工作室“安全失职、新剧零宣传”的博文陷入争议，虽澄清为,https://m.weibo.cn/detail/5287545707436474
白日提灯贺思慕/女鬼鬼王记忆,post,0,粉丝点评/记忆表达明确,洛云伊88,迪丽热巴超话#神器认主镜头是迪丽热巴想的# 贺思慕#迪丽热巴# dlrb#迪丽热巴白日提灯# dlrb#迪丽热巴贺思慕# 【视频】你怎么知道2025的第一场雪是@Dear-迪丽热巴 给我下的～嘻嘻😜（大家想要的第三视角这不就来了嘛）工作室🎵更新#迪丽热巴贺思慕# LDear迪丽热巴后援会的微博视频 ​​​,https://m.weibo.cn/detail/5285543709770819
枭起青壤/聂九罗表演突破,post,0,粉丝点评/记忆表达明确,A热爱之约-,迪丽热巴超话#迪丽热巴# dlrb #迪丽热巴邓妍# 2024六一照拍摄花絮最美好的事，是看到你的微笑 更美好的事，是你因我而微笑 (˘❥˘) 迪丽热巴 | 枭起青壤 | 利剑玫瑰 |聂九罗 | 邓妍 | 贺思慕 | @Dear-迪丽热巴 Lduoduoxixixi的微博视频 ​​​,https://m.weibo.cn/detail/5294794618438196
白日提灯贺思慕/女鬼鬼王记忆,post,0,粉丝点评/记忆表达明确,寻巴日记_,迪丽热巴超话#迪丽热巴贺思慕# dlrb #迪丽热巴白日提灯# dlrb #迪丽热巴# 20240526「冠珠华珍」岩板2024新品发布会花絮2你眼中有星海浩渺，山河千里，而我眼中有你迪丽热巴｜白日提灯｜贺思慕@Dear-迪丽热巴 Lduoduoxixixi的微博视频 ​​​,https://m.weibo.cn/detail/5294637078022085
枭起青壤/聂九罗表演突破,post,0,粉丝点评/记忆表达明确,一封玫红色情书,迪丽热巴超话 贺思慕#迪丽热巴# dlrb #迪丽热巴邓妍# 2024六一照拍摄花絮最美好的事，是看到你的微笑 更美好的事，是你因我而微笑 (˘❥˘) 迪丽热巴 | 枭起青壤 | 利剑玫瑰 |聂九罗 | 邓妍 | 贺思慕 | @Dear-迪丽热巴 Lduoduoxixixi的微博视频 ​​​,https://m.weibo.cn/detail/5286308459054847
白日提灯贺思慕/女鬼鬼王记忆,post,0,粉丝点评/记忆表达明确,-麻薯球儿,#迪丽热巴这真是妈咪级别的#迪丽热巴身穿红黑皮革蕾丝拼接礼服（Moliiin 2024春夏系列），搭配流苏帽，现场未修图照片显示其皮肤细腻、五官立体，怼脸镜头下仍无瑕疵，被粉丝称为“生图比精修更绝”。红黑撞色设计强化暗黑神秘感，契合剧中“万灵之主”角色，兼具冷艳神性与亲和力。互动环节展现反差魅力即兴表演剧中“鬼王贺思慕”名场面，还原白发紫瞳的疏离感与睥睨眼神；现场跳手势舞和《Ego摇》，速扒舞蹈能力获赞,https://m.weibo.cn/detail/5282923806984137
白日提灯贺思慕/女鬼鬼王记忆,post,0,粉丝点评/记忆表达明确,AlwaysloveBLACKPINK__迪丽热巴,迪丽热巴超话 贺思慕#微博之夜# dlrb#迪丽热巴微博之夜# 心之所向，素履以往，青年演员@Dear-迪丽热巴 不忘初心，出道以来一直用最真挚的表演感染观众，打动人心。感谢微博之夜的邀请，2024，热爱继续❤L微博之夜的微博视频 ​,https://m.weibo.cn/detail/5281837896698447
白凤九与三生三世情怀,post,0,粉丝点评/记忆表达明确,豚馒小酥,#你好星期六#今天（2026年3月28日）晚8:10，《你好星期六》将推出“好六归墟联谊大会”特别企划，集结迪丽热巴、陈飞宇、刘宇宁、丁程鑫等热门嘉宾，以寻找“结咒知己”为主线展开高甜互动与高能游戏挑战。🔍 一、核心看点与亮点环节主题与嘉宾阵容本期为《白日提灯》剧组专场，紧扣剧中奇幻设定，迪丽热巴、陈飞宇、刘宇宁、丁程鑫、张俪、杨迪等8位嘉宾需通过线索匹配“命定知己”，悬念与浪漫交织。何炅担任主持，吴泽林助阵控场。高能舞台与名场面双人舞,https://m.weibo.cn/detail/5281546580002332
任安乐/帝梓元角色记忆,post,0,粉丝点评/记忆表达明确,uiilll77,迪丽热巴超话 贺思慕#迪丽热巴安乐传#dlrb#迪丽热巴任安乐#SoFigaro2023开年刊你眼中有星海浩渺，山河千里，而我眼中有你迪丽热巴安乐传|任安乐|迪丽热巴帝梓元|迪丽热巴公诉|安旎@Dear-迪丽热巴 LSoFigaro中文版的微博视频 ​,https://m.weibo.cn/detail/5290037145239802
白日提灯贺思慕/女鬼鬼王记忆,post,0,粉丝点评/记忆表达明确,格林bule,迪丽热巴超话 贺思慕#2023时尚年鉴##我的年度LOOKBOOK# 三百多公里又何妨！相见你不需要理由！热巴，我想我还会爱你很久！白日提灯！大爆！！！ L格林bule的微博视频 ​,https://m.weibo.cn/detail/5284768720880178
演员成长与角色群像评价,post,0,粉丝点评/记忆表达明确,致爱黑黑草梅,@漫威影业 老板：1.光良就是《月光骑士》（图2）2.光良是像钢铁侠那样的，但是：是比《活盔甲》技术更先进的技术！你直接写活盔甲也行吧～3.我的看法：是未来感十足的《BOSS光良》4.（图10）是光良的科技之一。重点：你想现在就要剧本，你把我写进去，我直接就是BOSS光良：我需要给我保证是：写实、真实、@漫威影业 你把“真人的我”写进去！现实的我写进去@漫威影业 你还得把未来的我写进去，你写美一点！我想《复仇者联盟6:秘密战争》拍得像《,https://m.weibo.cn/detail/5280455713888924
李长歌与《长歌行》角色记忆,post,0,粉丝点评/记忆表达明确,我停留雨天,@摩登兄弟刘宇宁 哥哥，当年我喜欢赵露思然后看了她的剧，她的剧OST有一首歌是你唱的，初升，我就喜欢上你的声音了，至于你长什么样子我不知道，我听了对味，就是2023年5月16日那天上映那首歌我就喜欢你的声音了，然后没有关注你的微博，第2年2024年因为看了迪丽热巴的安乐传，因为迪丽热巴我看了安乐传然后剧宣我进了她直播间，没想到你也在，我终于知道你长什么样子喜欢上你了@摩登兄弟刘宇宁 关注了你的微博 ，然后开始看你电视剧没想到看一个be一,https://m.weibo.cn/detail/5280107968076794
生日生贺与小小迪陪伴记忆,post,0,粉丝点评/记忆表达明确,热爱演奏曲,迪丽热巴超话 原来已经这么久了吗，时间总在不经意中流过很远看到这些时我的思绪也会一同飘回那两年，那是我在VB时间最多的几年那时候我喜欢叫你小迪，我感慨历经多年我对你的喜爱依旧不减分毫，我说你要天天开心要身体健康注意别生病；我说阿丝们永远都在你身后；我说我每天的生活小事；我说了太多太多以至于我都记不清到底说了多少，我写下一篇篇的碎碎念好似每天对你都有说不完的话，那时的我时常对朋友说原来爱真的可以让文思匮乏的人长篇大论滔滔不绝，可几年过去,https://m.weibo.cn/detail/5278671191674534
红毯神图与高定封神造型,post,0,粉丝点评/记忆表达明确,漫漫环游月球,热巴11年红毯走姿变化，2014年的热巴还是个略显扭捏的青涩小女孩，时曾小仅一年就已悄然蜕变，气质逐渐拿捏，眼神出显锋芒。2017年，黑天鹅造型惊艳登场。 昂首挺胸，台风稳如磐石。2018年，金色战袍加身，成就封神时刻。2019年，走路带风的超模气场撞下热巴一出谁与争锋的红毯神话。2020年，玫瑰公主。 宗池与冷艳奇妙共生。 那场摇翼生姿，杀疯全场，复古名林，品添妖娆。2021年，美神降临，连海风都格外偏爱。2022年眉目流转，顾盼生辉,https://m.weibo.cn/detail/5202195235733988
演员成长与角色群像评价,post,0,粉丝点评/记忆表达明确,8杨梅8,迪丽热巴超话 贺思慕 花自飘零水自流。不见热巴，哀愁哀愁月落乌啼霜满天，思念热巴难入眠葡萄美酒夜光杯，热巴迷妹一大堆小楼昨夜又东风，安乐又拽又豪横花间一壶酒，寨主亲两口。小楼昨夜又东风，安乐又拽又豪横她是独立自主的乔晶晶，也是心系家国的李长歌，她可以娇羞可人，善解人意，也可以勇者无畏，抗击命运。这些角色被她诠释的活灵活现。期待青年演员@Dear-迪丽热巴 为观众诠释更多角色，带我们走进她们的生活！青年演员@Dear-迪丽热巴 兢兢业业,https://m.weibo.cn/detail/5288433083485039
白凤九与三生三世情怀,post,0,粉丝点评/记忆表达明确,落日栗子,#迪丽热巴#百分百高回报率演员 2018烈火如歌优酷年冠 登阿里财报 2019创造营2019 登腾讯财报 2020三生三世枕上书腾讯年冠 登腾讯财报 2021你是我的荣耀 登腾讯财报 2022与君初相识恰似故人归 优酷用户和会员转换率最高 巴巴粉 dlrb 巴姐 四字女星 九字女星 L落日栗子的微博视频 ​,https://m.weibo.cn/detail/5288136155335355
乔晶晶与《你是我的荣耀》入坑记忆,post,0,粉丝点评/记忆表达明确,迪8個心願_,迪丽热巴周边超话 【出】乔晶晶手办 88🍞2022年迪丽热巴限定手办·迪迪的碎片乔晶晶手办 全新仅拆盒 ​,https://m.weibo.cn/detail/5266278722047352
白日提灯贺思慕/女鬼鬼王记忆,post,0,粉丝点评/记忆表达明确,Dear-迪莫宁,迪丽热巴超话#迪丽热巴# dlrb#谁给迪丽热巴买的手机壳#你惨啦，你坠入爱禾啦“我先‘坠’为敬”——@Dear-迪丽热巴 （2022.03.17）#迪丽热巴卫蓝# dlrb #迪丽热巴虽然不能同时拥有一切# dlrb #虽然不能同时拥有一切# 迪丽热巴 | 白日提灯 | 虽然不能同时拥有一切 | 贺思慕 |卫蓝 @Dear-迪丽热巴 LDear-热爱永远ING的微博视频,https://m.weibo.cn/detail/5266167385559040
红毯神图与高定封神造型,post,0,粉丝点评/记忆表达明确,-不开星,#迪丽热巴被圣光照拂的猫#、核心事件：跨越四年的美学符号复兴经典造型溯源与视觉记忆2022年微博之夜红毯上，迪丽热巴以迪士尼玛丽猫为灵感，身着淡粉色蓬蓬裙，裙身缀满细碎光泽，搭配巨型蝴蝶结拖尾披肩与蓬松公主卷发。现场灯光营造的柔光效果使其肩颈线条如雕塑般立体，眼眸流转间兼具猫系慵懒与神性氛围，被粉丝赋予“被圣光照拂”的诗意标签。 2026年翻红动因随着迪丽热巴主演新剧《慕胥辞》宣传启动，粉丝自发挖掘其过往高光时刻。该造型因完美融合“甜美,https://m.weibo.cn/detail/5258914900749173
红毯神图与高定封神造型,post,0,粉丝点评/记忆表达明确,祎祎不打初夏kiku,#迪丽热巴被圣光照拂的猫#“迪丽热巴被圣光照拂的猫”是近期因粉丝怀旧与新剧宣传再度翻红的经典造型话题，特指她在2022年微博之夜的红毯造型——一身“粉红玛丽猫”礼服，因柔光下肩颈线条与灵动眼眸如圣光笼罩般惊艳，成为现象级出圈名场面。 ​,https://m.weibo.cn/detail/5258805106443670
新疆舞与舞台表现名场面,post,0,粉丝点评/记忆表达明确,椰果果奶绿,迪丽热巴超话#迪丽热巴 跨年晚会# 迪迪舞台回顾 2022网络视听年度盛典 ​,https://m.weibo.cn/detail/4974238957571924
任安乐/帝梓元角色记忆,post,0,粉丝点评/记忆表达明确,心动栗栗喵,#迪丽热巴利剑玫瑰#dlrb#迪丽热巴邓妍#2022年活动造型合集ᴵ ˡⁱᵏᵉ ᵃˡˡ ᵗʰᵉ ʷᵃʸ ʸᵒᵘ ˡᵒᵒᵏ.你所有的样子 我都喜欢迪丽热巴安乐传|任安乐|迪丽热巴帝梓元|迪丽热巴公诉|安旎@Dear-迪丽热巴 Lduoduoxixixi的微博视频 ​​​,https://m.weibo.cn/detail/4953897136293491
任安乐/帝梓元角色记忆,post,0,粉丝点评/记忆表达明确,心动栗栗喵,#迪丽热巴利剑玫瑰#dlrb#迪丽热巴邓妍#2022年活动造型合集ᴵ ˡⁱᵏᵉ ᵃˡˡ ᵗʰᵉ ʷᵃʸ ʸᵒᵘ ˡᵒᵒᵏ.你所有的样子 我都喜欢迪丽热巴安乐传|任安乐|迪丽热巴帝梓元|迪丽热巴公诉|安旎@Dear-迪丽热巴 Lduoduoxixixi的微博视频 ​​​,https://m.weibo.cn/detail/4953874102226002
任安乐/帝梓元角色记忆,post,0,粉丝点评/记忆表达明确,叫我小巴同学,迪丽热巴超话#迪丽热巴利剑玫瑰#dlrb#迪丽热巴邓妍#2022年活动造型合集ᴵ ˡⁱᵏᵉ ᵃˡˡ ᵗʰᵉ ʷᵃʸ ʸᵒᵘ ˡᵒᵒᵏ.你所有的样子 我都喜欢迪丽热巴安乐传|任安乐|迪丽热巴帝梓元|迪丽热巴公诉|安旎@Dear-迪丽热巴 Lduoduoxixixi的微博视频 ​​​,https://m.weibo.cn/detail/4949447894633954
白日提灯贺思慕/女鬼鬼王记忆,post,0,粉丝点评/记忆表达明确,Koreyoshi_Tiny,#陈飞宇迪丽热巴5年前拍的杂志#陈飞宇和迪丽热巴在2021年共同为《芭莎男士》2月刊拍摄了一组工装风写真，近期因两人合作新剧《白日提灯》被网友考古热议。 ​,https://m.weibo.cn/detail/5279255367254804
白日提灯贺思慕/女鬼鬼王记忆,post,0,粉丝点评/记忆表达明确,养zhu志富,#陈飞宇迪丽热巴5年前拍的杂志#陈飞宇和迪丽热巴五年前（2021年）曾共同为《芭莎男士》杂志拍摄过一组工装风写真，当时两人青涩清爽的同框引发近期网友大规模考古，而这段旧缘因新剧《白日提灯》的合作被赋予强烈的宿命感，成为热议焦点。 ​,https://m.weibo.cn/detail/5279253680885450
白日提灯贺思慕/女鬼鬼王记忆,post,0,粉丝点评/记忆表达明确,爱是同心锁,#陈飞宇迪丽热巴5年前拍的杂志#网友近期热议的陈飞宇与迪丽热巴五年前杂志合作，实为两人在2021年为《芭莎男士》2月刊（总第017期）拍摄的写真，彼时同框已显高颜值默契，如今因合作新剧《白日提灯》被重新考古引发“宿命感”讨论。 ​,https://m.weibo.cn/detail/5279252693910371
白凤九与三生三世情怀,post,0,粉丝点评/记忆表达明确,六芒星下的守望者,#迪丽热巴#dlrb#迪丽热巴未来可期# 迪丽热巴一番作品云合集大于5000万合集及以上作品有：麻辣变形计一番大女主收视率1.24网播集均3.9亿+漂亮的李慧珍年末累计集均1.175亿现集均均破亿一千零一夜的v30集均5731万 ，现集均破亿三生三世枕上书单日播放量最高峰值2.13亿，热播期集均1.393亿 （腾讯独播集均年冠）幸福触手可及热播期集均6159万你是我的荣耀热播期集均6365万 现集均破亿另外麻辣变形计2016年全国卫视收,https://m.weibo.cn/detail/5278948851974862
乔晶晶与《你是我的荣耀》入坑记忆,post,0,粉丝点评/记忆表达明确,踩这黑粉吻d8,迪丽热巴超话 迪丽热巴乔晶晶2021年第16届首尔国际电视节最佳女主角提名，2021年第16届首尔国际电视节优秀电视剧提名 你是我的荣耀，获得2021横店影视节第八届年度平台最佳作品！网播top15，前四都是作品网播均在90+，达到全网爆款级别，你是我的荣耀排名第一！上了腾讯财经报，超点挤爆腾讯视频，迪丽热巴太优秀了L嘉行迪丽热巴工作室的微博视频[/cp],https://m.weibo.cn/detail/5278465391853630
李长歌与《长歌行》角色记忆,post,0,粉丝点评/记忆表达明确,我即世界Mine,累……一回家啥也不想干只想玩手机…这状态对吗…感觉自己好颓废……这两天真是被迪丽热巴狠狠迷住了，不是在刷长歌行就是在刷秦时丽人明月心的切片我能耐心看完一部剧的部分花絮就证明我离喜欢上这部剧已经不远了，嗯，说的就是长歌行感觉时间的大循环已经又转到了2021年，在差不多的时刻，我又连着熬夜了，我又追星追美了，我又被无形的大手推着学习了，不同的是一个有热情一个没热情……,https://m.weibo.cn/detail/5275058148478884
迪拜报平安/守护型记忆,post,0,粉丝点评/记忆表达明确,牡丹晚报,#红果短剧实控超20家企业#【#红果短剧近半年未成立新公司#】据媒体报道，红果短剧近期批量暂停真人微短剧项目，取消对制作方的保底分账承诺，相关话题引发关注。#红果停了很多项目#@潇湘晨报 查询天眼查发现，红果短剧关联公司北京笔墨留香科技有限公司成立于2021年7月，法定代表人为莫少君，注册资本100万人民币，经营范围包括广播电视节目制作、电视剧制作、电影摄制等。股东信息显示，该公司由北京抖音信息服务有限公司全资持股。控制企业信息显示，该,https://m.weibo.cn/detail/5272426430599344
演员成长与角色群像评价,post,0,粉丝点评/记忆表达明确,po_em,#迪丽热巴第一语言不是汉语#迪丽热巴的第一语言是维吾尔语，这一话题近期因她早年一段全维语采访视频被重新发掘而引发热议。以下是相关核心信息及公众讨论焦点：🔍 一、母语背景与早年采访维吾尔语为母语 迪丽热巴出生于新疆乌鲁木齐，维吾尔语是她的第一语言。2013年拍摄电视剧《阿娜尔罕》期间，她接受新疆电视台全维语采访，身着戏服、淡妆出镜，全程流畅自然地用维吾尔语分享表演感悟，提到“演戏让我越来越热爱这份职业，并从中找到快乐”。这段青涩时期的采访,https://m.weibo.cn/detail/5271605992492196
生日生贺与小小迪陪伴记忆,post,0,粉丝点评/记忆表达明确,财滚滚呀-,#嘉行传媒21年给迪丽热巴送的蛋糕#2021年6月3日，迪丽热巴29岁生日直播，嘉行送来的“砖头蛋糕”成了内娱名场面。方方正正的简约胚体，只有“加油搬砖”四字，无精致装饰、无花哨奶油，和粉丝、品牌方的多层华丽蛋糕形成刺眼对比。热巴短暂错愕后依旧保持微笑许愿，体面又让人心疼。粉丝怒喊解约，吐槽公司把顶流当赚钱工具。如今热巴合约到期不续，再翻出这块蛋糕，满是艺人与公司关系里的冷暖落差。,https://m.weibo.cn/detail/5271065648436179
生日生贺与小小迪陪伴记忆,post,0,粉丝点评/记忆表达明确,朱文坚200688,#嘉行传媒21年给迪丽热巴送的蛋糕#一块蛋糕见态度：2021年生日细节，藏着合作关系的真实温度 #嘉行传媒21年给迪丽热巴送的蛋糕# 时隔多年再被提起，依旧是娱乐圈里极具代表性的细节名场面。2021年6月3日，迪丽热巴29岁生日直播，嘉行传媒送上的庆生蛋糕，以极简到近乎潦草的模样，让无数观众印象深刻。这块蛋糕无精致裱花、无主题装饰，整体方正朴素，被网友调侃形似砖块，仅印有“加油搬砖”字样，与常规生日蛋糕的温馨氛围相去甚远。 彼时迪丽热巴,https://m.weibo.cn/detail/5271047320372544
红毯神图与高定封神造型,post,0,粉丝点评/记忆表达明确,涂墙的刺猬,回顾一下21年微博之夜！#微博之夜##微博之夜名场面# 迪丽热巴美神降临困 L涂墙的刺猬的微博视频 ​,https://m.weibo.cn/detail/5265993984381000
红毯神图与高定封神造型,post,0,粉丝点评/记忆表达明确,苏栀颖杨颖,#杨颖实时广场##迪丽热巴广场被杨颖屠#杨颖#angelababyAngelababy杨颖✘五大二小内地女刊正刊盘点累计7轮五大二小女刊准满贯2020年完成年内五大二小女刊准满贯五大女刊登封数量共计36刊55封二小女刊登封数量共计16刊21封Angelababy杨颖五大二小女刊封面合集【累计52刊76封】1️⃣@嘉人 《嘉人MarieClaire》自2015年6月登封属于baby的第一封嘉人后，baby与嘉人的缘分就此展开。其中不乏有2,https://m.weibo.cn/detail/5223242380085487
红毯神图与高定封神造型,post,0,粉丝点评/记忆表达明确,一声醉梦,#于适有商务了# 电影票房爆了，对演员有没有红利，最直观的就是商务和后续资源。封神爆的质子团里，于适已经拿到大牌商务@ROSEONLY诺誓 八了一下ROSEONLY官微几个前任代言人时间线：2016.11.9 杨洋2017.11.6 王俊凯2019. 1.6 王俊凯续约2019.12.18 肖战2021. 1.4 肖战续约2022.1.4 迪丽热巴（热巴最后一条到2022年12月）从代言人时间线看得出是商家很清楚，哪个明星在什么时间最有,https://m.weibo.cn/detail/4935345442128786
新疆舞与舞台表现名场面,post,0,粉丝点评/记忆表达明确,洛汐辰是迪迪的Yeh,迪丽热巴超话2020.9.30#迪丽热巴专属考古基地# 央视国庆晚会《好儿好女好家园》#迪丽热巴# ​​​身上穿着的是祖国的大好河山 ​,https://m.weibo.cn/detail/5276391437763094
乔晶晶与《你是我的荣耀》入坑记忆,post,0,粉丝点评/记忆表达明确,洛汐辰是迪迪的Yeh,迪丽热巴超话2020.9.29#迪丽热巴专属考古基地# 《你是我的荣耀》开机#迪丽热巴# 是大明星乔晶晶啦 ​,https://m.weibo.cn/detail/5276390309234865
迪拜报平安/守护型记忆,post,0,粉丝点评/记忆表达明确,王陆瑶Wendy,巨蟹座3月份。巨蟹座，你的3月份。巨蟹宝宝是不是已经身负负债许久了？在2020年，你们或许也过挺滋润润开心，尤其是米米方面，压力并不是特别的大，甚至可以说比较轻松。但是到了22年的那个时候，你们是不是已经开始压力倍增了？如果是，可以把你们状况打在评论区告诉我。总体看到，你们现在各种情况都特别的拖延，生活也有诸多的不如意的地方。不过不需要担心，在今年你们就会把压力转化为动力了，尤其是今年夏季，也是你们褪去压力，获得轻松，获得收获的一个月份,https://m.weibo.cn/detail/5272401589832494
新疆舞与舞台表现名场面,post,0,粉丝点评/记忆表达明确,种草星球日记簿,盘点#女艺人的第一次春晚舞台#：@关晓彤 -2016年、@杨紫 -2017年、@Dear-迪丽热巴 -2019年、@李沁 -2020年、@鞠婧祎 -2020年、@杨幂 -2021年、@刘浩存 -2021年、@赵丽颖 -2022 年、@宋茜 -2022年、@刘诗诗 -2024年、@章若楠 -2024 年、@白鹿my -2025年 ......你最喜欢谁的舞台？ ​,https://m.weibo.cn/detail/5266230824405115
红毯神图与高定封神造型,post,0,粉丝点评/记忆表达明确,关雅荻,"#听见微博# #微博声浪计划# #关雅荻开放对话# vol.190【未来的未来S1E4】陈燕：元宇宙生存，从虚拟偶像到未来的数字身份本期嘉宾：陈燕，次世文化创始人*本期节目录制于2022年11月23日，上海/北京本期主要内容：1. 元宇宙概念的讨论关雅荻和陈燕首先讨论了""元宇宙""这个热门概念。陈燕认为元宇宙这个词已经被过度使用,类似于之前影视行业中""大IP""的滥用。他指出人们对元宇宙的想象主要来自科幻作品的引导,如《头号玩家》等,但实际",https://m.weibo.cn/detail/5124574389994736
红毯神图与高定封神造型,post,0,粉丝点评/记忆表达明确,陌笙坠落,"#迪丽热巴陈飞宇回应七年前首次合作#2026年3月31日，迪丽热巴与陈飞宇在新剧《白日提灯》的《出戏》双采中首次公开回应七年前（2019年）的首次合作——为《SuperELLE》杂志迪士尼米奇90周年特刊拍摄的时尚大片，两人互相调侃旧照""造型太复古求别考古""，并用生动比喻形容彼此印象反差（热巴称陈飞宇从""暖气片""变""太阳能""，陈飞宇觉得热巴从""高冷内向""变""幽默乐观""），互动自然默契，既展现了七年成长带来的变化，也为新剧《白日提灯》持续",https://m.weibo.cn/detail/5282518215688906
红毯神图与高定封神造型,post,0,粉丝点评/记忆表达明确,快乐自在的影子,恭喜迪丽热巴成为BOP波普专研品牌全球代言人！ 🌟 迪丽热巴的笑容永远是最具记忆点的标志。她那自信的微笑，那口整齐亮白的牙齿，搭配极具感染力的表情，总能瞬间拉近距离。而这份贯穿荧幕与现实的“笑容魅力”，恰与BOP“用专业科技守护每一个闪耀笑容”的品牌理念不谋而合。正如品牌负责人所说：“迪丽热巴的笑容，是健康与自信的直观体现，这正是我们希望通过产品传递给每一位用户的生活态度。” 🍀🍀——🍀🍀——🍀🍀 作为2019年创立的科研型国货品牌，B,https://m.weibo.cn/detail/5215960566858448
嘻嘻迪/表情包/可爱梗,post,0,粉丝点评/记忆表达明确,吃一颗酸奶球,#迪丽热巴# 好幸福昨天晚上梦到见到迪丽热巴了 近距离接触 她和我站在旁边都在候场哎 还和迪丽热巴说上话了 我问热巴如果演出完有彩带能不能捡 她笑了一下说当然可以 多捡点 快点捡 热巴上台了 祝祝和幂姐好像也在哈哈哈 热巴在给她们做糯米团子 当场还给幂姐写了手写信 直接大屏幕现场看热巴写 （具体内容记不清了 只记得什么身为处女座 ….忘记了）热巴的字好可爱 她还给我们在场的好多公作人员盛绿豆汤 台上的明星装完后第一杯就是给台下的我 妈呀,https://m.weibo.cn/detail/4970493979659044
任安乐/帝梓元角色记忆,post,0,粉丝点评/记忆表达明确,寒栀叙,迪丽热巴超话dlrb#迪丽热巴利剑玫瑰#dlrb#迪丽热巴邓妍#“2019年她为我们开了一场属于“热·爱”的婚礼”#迪丽热巴安乐传#迪丽热巴安乐传#迪丽热巴任安乐#迪丽热巴任安乐｜迪丽热巴帝梓元@Dear-迪丽热巴 ​,https://m.weibo.cn/detail/4941687916594775
生日生贺与小小迪陪伴记忆,post,0,粉丝点评/记忆表达明确,严把霸道妻,迪丽热巴超话#超话星愿池##夏日青春派对#2019年6月1日，那是热巴第一次开生日会，第一次给粉丝手写心里语那时候她说●“谢谢你喜欢平凡的我”“有你的爱我才有了站在这里的意义”“不管相距多远总感觉你就在身边”“不知道会走多远多久，但只想此刻不负你的喜欢”“我们是彼此的追光者，互相给予能量”“希望好多年以后你依然记得我”,https://m.weibo.cn/detail/4936842820454651
任安乐/帝梓元角色记忆,post,0,粉丝点评/记忆表达明确,夏天也要热爱巴,"迪丽热巴超话#迪丽热巴安乐传# dlrb#迪丽热巴任安乐#2019年迪丽热巴被嘲笑没戏可拍在家里抠脚 其实是她主动去西藏自然保护区去做公益 但是没有告诉粉丝 “低调做人谦虚做事""@Dear-迪丽热巴 ​",https://m.weibo.cn/detail/4934433981076657
新疆舞与舞台表现名场面,post,0,粉丝点评/记忆表达明确,养只恶魔洛_Ning,#徐一宁九月来了# 🍳 #何洛洛眼藏星海# 准确来说，一般追这种101系的大部分是秀粉，但是我不是，我是因为另外一个本命迪丽热巴入坑创造营2019，最早没有去了解小哥哥们，但是到了第二期，因为洛洛的笑容和wink，我入坑了，洛洛的笑容和wink甜到心化了，之后就出不了坑了，谁让这个小甜豆性格那么好，舞台那么棒!@R1SE-何洛洛,https://m.weibo.cn/detail/4545146467389339
红毯神图与高定封神造型,post,0,粉丝点评/记忆表达明确,雨夜夜虹,不服都不行，这姐就出席了5次微博之夜但每套造型都堪称封神.. 迪丽热巴迪丽热巴美神降临迪丽热巴微博之夜迪丽热巴微博之夜造型迪丽热巴迪力木拉提 L雨夜夜虹的微博视频 ​,https://m.weibo.cn/detail/5290171450787194
演员成长与角色群像评价,post,0,粉丝点评/记忆表达明确,307星球咖啡小镇直播室,《21克拉》电影简介@就说减肥 《21克拉》（21 Karat）是2018年上映的爱情喜剧电影，由何念执导，郭京飞、迪丽热巴领衔主演，大鹏、包贝尔、刘芮麟等客串。基本信息• 上映时间：2018-04-20（中国大陆）• 片长：96分钟• 票房：约1.10亿人民币• 改编自：何念同名经典话剧（“爱情三部曲”之一）剧情梗概刘佳音（迪丽热巴 饰）：极致拜金女、购物狂，生活全靠富豪男友贝总（大鹏 饰），信奉“花钱是一种美感”。• 发现男友已婚，,https://m.weibo.cn/detail/5286467833954954
迪拜报平安/守护型记忆,post,0,粉丝点评/记忆表达明确,祈星叶林,#迪丽热巴新经纪人郝阿三上岗了#迪丽热巴的经纪团队在2026年3月20日被粉丝目击完成重组，张小斐前经纪人郝阿三确认上岗，这一变动被视为她与嘉行传媒合约到期后事业自主化的重要标志。🔍 一、人事变动核心信息郝阿三正式履职粉丝于3月20日拍到郝阿三在迪丽热巴活动现场负责行程对接及事务协调，贴身随行状态证实其已接手经纪工作。此前郝阿三被曝关注迪丽热巴及工作室微博账号，并与热巴私下聚餐，多重线索指向合作已实质性推进。变动背景与时间线迪丽热巴与嘉,https://m.weibo.cn/detail/5278535507250717
跑男时期综艺名场面,post,0,粉丝点评/记忆表达明确,甜包小饭团,#王嘉尔# 王嘉尔重现跑男名场面！喊热巴姐引爆回忆杀，网友：DNA动了！ L甜包小饭团的微博视频 ​,https://m.weibo.cn/detail/5276622115833605
跑男时期综艺名场面,post,0,粉丝点评/记忆表达明确,月亮头发乱了_,#迪丽热巴跑男只录了12天#迪丽热巴2017年作为《奔跑吧》第五季常驻嘉宾的实际录制时长仅约12天，却凭借鲜活表现和剪辑手法成为观众心中的经典“跑男迪”，这一冷知识近期因颠覆大众认知而引发热议。 ​,https://m.weibo.cn/detail/5292200309294650
跑男时期综艺名场面,post,0,粉丝点评/记忆表达明确,玻璃风暴,#迪丽热巴跑男只录了12天#录制模式与时长迪丽热巴在2017年2月至4月间分散完成录制，累计仅12天，覆盖上海、杭州、大连等多地。节目组通过拆分同一场游戏的镜头（如互动画面复用至多期）、强化BGM/慢镜头氛围、模糊时间线等手法，将短期素材延展为整季内容。例如转圈舞、泥潭挑战、背男嘉宾过指压板等经典场面均出自这12天的拍摄。,https://m.weibo.cn/detail/5292129988903623
跑男时期综艺名场面,post,0,粉丝点评/记忆表达明确,翊点点喜欢_楠,#迪丽热巴跑男只录了12天#迪丽热巴2017年参与《奔跑吧》第五季的实际录制时长仅为12个工作日，这一冷知识近期引发热议，既揭露了综艺剪辑的“时间魔法”，也让观众重新审视其短期录制却贡献多封神名场面的高效表现力。 ​,https://m.weibo.cn/detail/5292078794019363
跑男时期综艺名场面,post,0,粉丝点评/记忆表达明确,-雾晚循秋-,#迪丽热巴跑男只录了12天#迪丽热巴在2017年《奔跑吧》第五季的实际录制时间仅12天，近日因话题冲上热搜引发热议，观众惊讶于如此短暂的录制竟被剪成整季内容并留下经典印象。 ​,https://m.weibo.cn/detail/5292076607478259
跑男时期综艺名场面,post,0,粉丝点评/记忆表达明确,-冰棱上的月光,#迪丽热巴跑男只录了12天#迪丽热巴2017年参与《奔跑吧》第五季录制时，实际拍摄仅12个工作日，却凭借灵动表现和密集名场面成为观众心中的“综艺白月光”，这一冷知识近期引发热议。 ​,https://m.weibo.cn/detail/5292072321946020
白凤九与三生三世情怀,post,0,粉丝点评/记忆表达明确,MidnightShu1230_,迪丽热巴跑男只录了12天迪丽热巴参与2017年《奔跑吧》第五季的录制时长为12个工作日，这一冷知识近期引发热议。以下为综合讨论的核心角度与事实：迪丽热巴作为常驻嘉宾的实际录制分散在2017年2月至4月间，累计仅12天。节目组通过拆分镜头、重复利用互动片段（如车内对视、游戏合作）等剪辑手法，将素材延展为12期内容，覆盖近3个月播出周期，制造“长期参与”的错觉。节目中与鹿晗的互动被剪辑强化为CP主线，如泥潭护花、心跳测试等名场面均源于碎片化,https://m.weibo.cn/detail/5292047109456406
跑男时期综艺名场面,post,0,粉丝点评/记忆表达明确,来罐望仔小瑛,#迪丽热巴跑男只录了12天#跑男已成时代的回忆…迪丽热巴2017年参与《奔跑吧》第五季常驻录制仅12天的冷知识，近期因网友考古翻红并冲上热搜，刷新了大众对综艺制作和艺人影响力的认知，引发对“跑男迪”经典回忆的集中讨论。 ​,https://m.weibo.cn/detail/5292010508386501
白凤九与三生三世情怀,post,0,粉丝点评/记忆表达明确,佮法瑯典,#迪丽热巴跑男只录了12天#录制时长与剪辑反差迪丽热巴作为常驻嘉宾加盟《奔跑吧》第五季（2017年），实际集中录制时长仅约12个工作日，素材最终被剪辑为12期正片，播出跨度近3个月。该信息在2026年4月下旬被重新挖掘后登上热搜，许多网友表示难以置信，误以为她参与了整季甚至多季录制。 热议焦点：短期高效出圈个人魅力驱动：尽管时间短，迪丽热巴凭借转圈舞、拼游戏不矫情、怕水仍挑战水上项目等鲜活表现，塑造了“甜热热”“胖迪”等深入人心的形象，,https://m.weibo.cn/detail/5292010476929648
跑男时期综艺名场面,post,0,粉丝点评/记忆表达明确,冬雪绵豆糕,#迪丽热巴跑男只录了12天#录制时长与播出效果迪丽热巴于2017年加盟《奔跑吧》第五季（节目更名后首季），实际集中录制时长约12个工作日，素材最终被剪辑为12期正片，播出周期横跨近3个月。她凭借活泼开朗的性格、游戏中的拼劲（如低温拍摄、鸵鸟赛跑等）以及标志性转圈登场等名场面，塑造了“甜热热”“跑男迪”等深入人心的形象，成为观众心中的“综艺白月光”。热议契机与现实反差2026年4月下旬，这一冷知识被重新挖掘并登上热搜。多数网友表示难以置信,https://m.weibo.cn/detail/5291996763657651
跑男时期综艺名场面,post,0,粉丝点评/记忆表达明确,存在于没有你的現象界_,#迪丽热巴跑男只录了12天#2026年4月下旬，迪丽热巴2017年仅用12个工作日录制《奔跑吧》第五季，却撑起整季内容的冷知识走红热搜。她凭借鲜活人设与亮眼表现成为经典综艺形象，自带超高观众缘。同时节目剪辑打造的相关CP引发热议，网友感慨其高效出圈的实力，也怀念经典季，并顺势关注其新作。 ​,https://m.weibo.cn/detail/5291994672791558
跑男时期综艺名场面,post,0,粉丝点评/记忆表达明确,祁越东南-477,#迪丽热巴跑男只录了12天##迪丽热巴跑男只录了12天#谁的青春又回来了！2017年跑男第五季，热巴实际录制仅12天，却留下了一整季的经典名场面。灵动鲜活、真诚不做作，短暂的限定时光，成了多少人念念不忘的综艺白月光✨￼￼￼ ​,https://m.weibo.cn/detail/5291989746847407
跑男时期综艺名场面,post,0,粉丝点评/记忆表达明确,扒掌门,#迪丽热巴常驻跑男前的影视剧实绩##迪丽热巴2017年之前的咖位# 啊也啊也。就是说迪丽热巴在常驻跑男前，居然就是内娱的顶流小花了啊！！！网友整理迪丽热巴2017年之前的咖位，粉丝数TOP1，大爆出圈好几次，热巴的咖位在内娱也是牛的啊！ ​,https://m.weibo.cn/detail/5290863257192261
演员成长与角色群像评价,post,0,粉丝点评/记忆表达明确,伊舟误入巴山雨,九年前的今天，你穿着白裙从车里走下来的那一刻，我确定我喜欢上你了🥰其实更早之前，芙蕖小师妹的天真烂漫✨、高雯的又飒又萌、李慧珍的可爱倔强、关小迪的勇敢热血……我就已经在心里悄悄留意这个女孩了💕 只是那时候还不懂，原来所有的心动，都是在等待一个确认的瞬间。2017年4月14日📅 那首专属BGM响起🎵 你推开车门，白裙👗在灯光下像会发光。我就在那一刻被击中了——哦，原来这就是喜欢啊💘后来的九年，从屏幕这边的守护，到看你在演艺路上一步步绽放🌸,https://m.weibo.cn/detail/5287535177631966
白凤九与三生三世情怀,post,0,粉丝点评/记忆表达明确,遇见她如春水映樱花,2017最火的一定是三生三世 光凉凉这首歌就火的不得了 大学喇叭都在播 给迪丽热巴捧红了 给嘉行捧红了 素素跳诛仙台上好几个热搜 这个还是电视上播的 我爸爸妈妈爷爷奶奶姑姑姥娘弟弟全看了 唐三也翻红了 当时二创文一大堆 光他们的衣服就拍卖了十几万好像 白浅夺眼睛也是火的不行 2017提起来我第一个说的就是三生三世 这个剧之前好久没有仙偶了 什么四海八荒 上仙上神 天君帝君全是这个带火的。后面香蜜沉沉烬如霜和扶摇都是吃了这剧红利的。楚乔传,https://m.weibo.cn/detail/5287235593177101
演员成长与角色群像评价,post,0,粉丝点评/记忆表达明确,新剧热榜,#迪丽热巴陈飞宇共创点赞量#陈飞宇，2000年生，北电毕业，中国内地男演员￼￼￼。出身演艺世家，2017年出道￼￼￼，凭《将夜》《点燃我，温暖你》等剧受关注￼￼￼，形象帅气、演技扎实，近年凭《献鱼》《白日提灯》持续出圈，人气稳步上升。陈飞宇超话 L新剧热榜的微博视频 ​,https://m.weibo.cn/detail/5283609300698124
红毯神图与高定封神造型,post,0,粉丝点评/记忆表达明确,椰椰Yezzii,娱乐超话#迪丽热巴陈飞宇一个爆炸头一个牛舔头# 考古发现迪丽热巴和陈飞宇17年就同框过，一个爆炸头一个牛舔头，这造型组合放在今天看简直是喜剧效果满分，但两人的颜值是真的能打，这么难驾驭的发型都hold住了，如今一个灵主一个将军，这缘分真的妙不可言。 ​,https://m.weibo.cn/detail/5280384898042053
红毯神图与高定封神造型,post,0,粉丝点评/记忆表达明确,缺氧了么_,#迪丽热巴陈飞宇一个爆炸头一个牛舔头#迪丽热巴与陈飞宇早年合拍的杂志旧照因新剧《白日提灯》宣传被网友考古翻出，两人2017年的复古造型——热巴的爆炸头与陈飞宇的贴头皮短发（被调侃为“牛舔头”）引发热议，反差感与宿命缘分成为焦点。 ​,https://m.weibo.cn/detail/5280382308059356
嘻嘻迪/表情包/可爱梗,post,0,粉丝点评/记忆表达明确,跑腿圈郭富城,娱乐超话#迪丽热巴陈飞宇一个爆炸头一个牛舔头# 考古到迪丽热巴和陈飞宇17年的杂志合照，真的要被当年的造型笑死，爆炸头配上牛舔头，这组合放在当年也是相当炸裂的存在，如今再看简直就是灵主和将军的前世今生既视感，就是不知道两位的手机里有没有偷偷存着这些珍贵画面。 ​,https://m.weibo.cn/detail/5280381474439502
演员成长与角色群像评价,post,0,粉丝点评/记忆表达明确,一支灵签,#陈飞宇迪丽热巴2017年拍的杂志#这是一张 迪丽热巴 与 陈飞宇 早年为时尚杂志拍摄的合作大片这张照片拍摄于 2017年，当时两人为庆祝迪士尼经典角色 米奇 诞生90周年，共同登上了《SuperELLE》杂志的封面。 ​​​迪丽热巴超话 ​,https://m.weibo.cn/detail/5280022438871471
白日提灯贺思慕/女鬼鬼王记忆,post,0,粉丝点评/记忆表达明确,寻巴日记_,迪丽热巴超话#迪丽热巴贺思慕# dlrb #迪丽热巴白日提灯# dlrb #迪丽热巴# 20240526「冠珠华珍」岩板2024新品发布会现场花絮待到春花烂漫时，我期待与你温柔邂逅迪丽热巴｜白日提灯｜贺思慕@Dear-迪丽热巴 Lduoduoxixixi的微博视频 ​​​,https://m.weibo.cn/detail/5294637098998035
白日提灯贺思慕/女鬼鬼王记忆,post,0,粉丝点评/记忆表达明确,顾桉迪迪,迪丽热巴超话迪丽热巴超话 贺思慕#迪丽热巴贺思慕# dlrb #迪丽热巴白日提灯# dlrb #迪丽热巴# 20240526「冠珠华珍」岩板2024新品发布会花絮2你眼中有星海浩渺，山河千里，而我眼中有你迪丽热巴｜白日提灯｜贺思慕@Dear-迪丽热巴 Lduoduoxixixi的微博视频 ​​​#迪丽热巴爱奇艺世界大会VCR# ​,https://m.weibo.cn/detail/5292992663390520
枭起青壤/聂九罗表演突破,post,0,粉丝点评/记忆表达明确,Zzhixin-椿芝槿提,#迪丽热巴走出来第一秒是望向粉丝# dlrb#迪丽热巴# dlrb #迪丽热巴邓妍# 2024六一照拍摄花絮最美好的事，是看到你的微笑 更美好的事，是你因我而微笑 (˘❥˘) 迪丽热巴 | 枭起青壤 | 利剑玫瑰 |聂九罗 | 邓妍 | 贺思慕 | @Dear-迪丽热巴 Lduoduoxixixi的微博视频 ​​​,https://m.weibo.cn/detail/5287014825462842
白日提灯贺思慕/女鬼鬼王记忆,post,0,粉丝点评/记忆表达明确,酱酱果冻果酱酱,迪丽热巴超话#迪丽热巴白日提灯# dlrb#迪丽热巴贺思慕# dlrb#白日提灯# 想起你，就甜甜的，只求在我最美的年华里，遇到你，把所有的阳光灿烂都给你@Dear-迪丽热巴 ​,https://m.weibo.cn/detail/5282666065954916
白日提灯贺思慕/女鬼鬼王记忆,post,0,粉丝点评/记忆表达明确,xiaoyu070321,迪丽热巴超话 贺思慕#迪丽热巴白日提灯稳居热播榜前三##曝迪丽热巴滞留迪拜原因##迪丽热巴白日提灯# dlrb #迪丽热巴贺思慕# dlrb #白日提灯# 🏮“我觉得不管到什么年纪，可能人的眼神里会透露出一种沧桑感，或者经历了很多事情，很有故事的一双眼睛。当然我希望自己会有故事，但我希望那些故事是藏在我的脑袋里，眼睛里还是会像小孩一样。因为这样的人永远都会很可爱，永远都会对这个世界抱有善意，永远都会用一种美好的心去看待这个世界。”迪丽,https://m.weibo.cn/detail/5282666057568003
白日提灯贺思慕/女鬼鬼王记忆,post,0,粉丝点评/记忆表达明确,xiaoyu070321,迪丽热巴超话 贺思慕#迪丽热巴陈飞宇带娃反差##迪丽热巴白日提灯# dlrb #迪丽热巴贺思慕# dlrb #白日提灯# 🏮“我们每天都在被人对比，但最重要的是你要有自己的想法。”各种增加预约方法微博正文迪丽热巴 |白日提灯 | 虽然不能同时拥有一切 | 贺思慕 |卫蓝 @Dear-迪丽热巴 👠🌐,https://m.weibo.cn/detail/5282666032141441
白日提灯贺思慕/女鬼鬼王记忆,post,0,粉丝点评/记忆表达明确,巴棵树莓子,"迪丽热巴超话 贺思慕#迪丽热巴白日提灯稳居热播榜前三# dlrb#迪丽热巴陈飞宇带娃反差# dlrb#迪丽热巴# “不要去听那些流言蜚语，勇敢的向前去，我们永远在你身后”""𝓓𝓸𝓷'𝓽 𝓵𝓲𝓼𝓽𝓮𝓷 𝓽𝓸 𝓽𝓱𝓸𝓼𝓮 𝓻𝓾𝓶𝓸𝓻𝓼, 𝓰𝓸 𝓯𝓸𝓻𝔀𝓪𝓻𝓭 𝓫𝓻𝓪𝓿𝓮𝓵𝔂, 𝔀𝓮 𝔀𝓲𝓵𝓵 𝓪𝓵𝔀𝓪𝔂𝓼 𝓫𝓮 𝓫𝓮𝓱𝓲𝓷𝓭 𝔂𝓸𝓾"".🦋",https://m.weibo.cn/detail/5282666022967662
白日提灯贺思慕/女鬼鬼王记忆,post,0,粉丝点评/记忆表达明确,87号杂货铺,迪丽热巴超话 贺思慕#迪丽热巴白日提灯#dlrb#迪丽热巴贺思慕#dlrb#迪丽热巴卫蓝#“我可以完成你的一个愿望” 迪丽热巴 |白日提灯 | 虽然不能同时拥有一切 | 贺思慕 |卫蓝@Dear-迪丽热巴 ​,https://m.weibo.cn/detail/5282666020340689
白日提灯贺思慕/女鬼鬼王记忆,post,0,粉丝点评/记忆表达明确,ID-困困爱吃青提,"#迪丽热巴贺思慕# dlrb#迪丽热巴粉丝专用实时# dlrb#迪丽热巴白日提灯# “晚风依旧，夕阳绚烂，满眼皆是你𝒯𝒽𝓮𝓃𝒾𝓰𝒽𝓉𝓌𝒾𝓃𝒹𝒾𝓈𝓈𝓉𝒾𝓁𝓁,𝓉𝒽𝓮𝓈𝓮𝓉𝓉𝒾𝓃𝓰𝓈𝓊𝓃𝒾𝓈𝓰𝓸@Dear-迪丽热巴 ​",https://m.weibo.cn/detail/5282666018513225
白日提灯贺思慕/女鬼鬼王记忆,post,0,粉丝点评/记忆表达明确,xiaoyu070321,迪丽热巴超话 贺思慕#热巴说陈飞宇像太阳能##迪丽热巴不对硬辩##迪丽热巴白日提灯# dlrb #迪丽热巴贺思慕# dlrb #白日提灯# 😘“我希望大家可以像去喜欢别人一样去喜欢你们自己，然后也去为自己应援”各种增加预约方法微博正文迪丽热巴 |白日提灯 | 虽然不能同时拥有一切 | 贺思慕 |卫蓝 @Dear-迪丽热巴 👗⭐️★,https://m.weibo.cn/detail/5282666012217107
白日提灯贺思慕/女鬼鬼王记忆,post,0,粉丝点评/记忆表达明确,迪顾媣,"迪丽热巴超话 贺思慕#迪丽热巴白日提灯#dlrb#迪丽热巴贺思慕#dlrb#迪丽热巴卫蓝#""爱像圆周率 无限不循环 就像我爱你"" 迪丽热巴 |白日提灯 | 虽然不能同时拥有一切 | 贺思慕 |卫蓝@迪丽热巴 ​",https://m.weibo.cn/detail/5282665982857485
白日提灯贺思慕/女鬼鬼王记忆,post,0,粉丝点评/记忆表达明确,迪顾媣,迪丽热巴超话 贺思慕#迪丽热巴白日提灯#dlrb#迪丽热巴贺思慕#dlrb#迪丽热巴卫蓝#舞台上玫瑰绽放耀眼光芒，我与你总会相逢 迪丽热巴 |白日提灯 | 虽然不能同时拥有一切 | 贺思慕 |卫蓝@迪丽热巴 ​,https://m.weibo.cn/detail/5282665949303139
白日提灯贺思慕/女鬼鬼王记忆,post,0,粉丝点评/记忆表达明确,迪顾媣,迪丽热巴超话 贺思慕#迪丽热巴白日提灯#dlrb#迪丽热巴贺思慕#dlrb#迪丽热巴卫蓝#你要负责开心我会带着爱来见你 迪丽热巴 |白日提灯 | 虽然不能同时拥有一切 | 贺思慕 |卫蓝@迪丽热巴 ​,https://m.weibo.cn/detail/5282665931480555
白日提灯贺思慕/女鬼鬼王记忆,post,0,粉丝点评/记忆表达明确,迪顾媣,迪丽热巴超话 贺思慕#迪丽热巴白日提灯#dlrb#迪丽热巴贺思慕#dlrb#迪丽热巴卫蓝#“在遥远的追梦途中 你成为了我的光” 迪丽热巴 |白日提灯 | 虽然不能同时拥有一切 | 贺思慕 |卫蓝@迪丽热巴 ​,https://m.weibo.cn/detail/5282665910506672
白日提灯贺思慕/女鬼鬼王记忆,post,0,粉丝点评/记忆表达明确,迪顾媣,迪丽热巴超话 贺思慕#迪丽热巴白日提灯稳居热播榜前三# dlrb#迪丽热巴陈飞宇带娃反差# dlrb#热巴说陈飞宇像太阳能# 世界需要讲讲道理，而我最偏心你。@Dear-迪丽热巴 ​,https://m.weibo.cn/detail/5282665894251104
白日提灯贺思慕/女鬼鬼王记忆,post,0,粉丝点评/记忆表达明确,樱桃可爱巴巴,迪丽热巴超话 贺思慕#迪丽热巴白日提灯稳居热播榜前三##迪丽热巴白日提灯# dlrb #迪丽热巴贺思慕# dlrb #白日提灯# 贺思慕扮猪吃虎套路满满，机灵狡黠，迪丽热巴演这可爱与强大绝了！预约 O明星作品上榜信息各种增加预约方法微博正文迪丽热巴 | 虽然不能同时拥有一切 |白日提灯 |卫蓝 | 贺思慕 | @Dear-迪丽热巴L白日提灯官微的微博视频,https://m.weibo.cn/detail/5282665886386064
白日提灯贺思慕/女鬼鬼王记忆,post,0,粉丝点评/记忆表达明确,Alice-lab,迪丽热巴超话 贺思慕#迪丽热巴白日提灯# dlrb #迪丽热巴贺思慕# dlrb #白日提灯# 🏮“这个世界上没有任何人可以给我们贴上标签，就是我是什么样的人我比你更了解，我是什么样的人我自己更了解我自己而不是你最了解我，所以我遇到什么困难的时候我会告诉我自己我有我自己，我是我自己最大的依靠。”各种增加预约方法微博正文迪丽热巴 |白日提灯 | 虽然不能同时拥有一切 | 贺思慕 |卫蓝 @Dear-迪丽热巴 👠🍿#迪丽热巴白日提灯稳居热,https://m.weibo.cn/detail/5282665853094264
白日提灯贺思慕/女鬼鬼王记忆,post,0,粉丝点评/记忆表达明确,87号杂货铺,迪丽热巴超话 贺思慕#迪丽热巴白日提灯#dlrb#迪丽热巴贺思慕#dlrb#迪丽热巴卫蓝#“我在无人岛为你写了封信，笔笔是爱” 迪丽热巴 |白日提灯 | 虽然不能同时拥有一切 | 贺思慕 |卫蓝@迪丽热巴 ​,https://m.weibo.cn/detail/5282665814294985
白日提灯贺思慕/女鬼鬼王记忆,post,0,粉丝点评/记忆表达明确,May24_一只耳,迪丽热巴超话 贺思慕#迪丽热巴贺思慕# dlrb #迪丽热巴白日提灯# dlrb #迪丽热巴#“对于拍戏还是出于喜欢，所以再苦也能承受。从事自己喜欢的事情就应该是快乐的，当演员又每天都是不同的故事，过程真的是很快乐。”——@Dear-迪丽热巴 ​,https://m.weibo.cn/detail/5282665788080419
白日提灯贺思慕/女鬼鬼王记忆,post,0,粉丝点评/记忆表达明确,韦家小表妹,迪丽热巴超话 贺思慕#迪丽热巴白日提灯# dlrb #迪丽热巴贺思慕# dlrb #白日提灯# 心怀大义守护人间与灵界，贺思慕格局拉满，迪丽热巴快诠释这气魄！预约 O明星作品上榜信息各种增加预约方法微博正文迪丽热巴 |白日提灯 |虽然不能同时拥有一切| 贺思慕 | 卫蓝 @Dear-迪丽热巴L网剧慕胥辞的微博视频,https://m.weibo.cn/detail/5282665764229208
白日提灯贺思慕/女鬼鬼王记忆,post,0,粉丝点评/记忆表达明确,热爱樱桃记,迪丽热巴超话 贺思慕#迪丽热巴白日提灯# dlrb #迪丽热巴贺思慕# dlrb #白日提灯# 贺思慕扮猪吃虎套路满满，机灵狡黠，迪丽热巴演这可爱与强大绝了！预约 O明星作品上榜信息各种增加预约方法微博正文迪丽热巴 | 虽然不能同时拥有一切 |白日提灯 |卫蓝 | 贺思慕 | @Dear-迪丽热巴L白日提灯官微的微博视频,https://m.weibo.cn/detail/5282665760818116
白日提灯贺思慕/女鬼鬼王记忆,post,0,粉丝点评/记忆表达明确,夏末苑苑,#bilibili# 薄荷苏打绿的视频O“贺老师 我想叫你姐姐”校园版贺思慕段胥，什么剧情啊你们到底拍了多少快放出来啊 ​,https://m.weibo.cn/detail/5282665756623663
白日提灯贺思慕/女鬼鬼王记忆,post,0,粉丝点评/记忆表达明确,May24_一只耳,迪丽热巴超话 贺思慕#迪丽热巴贺思慕# dlrb #迪丽热巴白日提灯# dlrb #迪丽热巴#“我都能坚持到最后，因为我觉得不差这一下了。”@Dear-迪丽热巴 ​,https://m.weibo.cn/detail/5282665741683279
白日提灯贺思慕/女鬼鬼王记忆,post,0,粉丝点评/记忆表达明确,桉悸悦,迪丽热巴超话 贺思慕#迪丽热巴白日提灯# dlrb #迪丽热巴贺思慕# dlrb #白日提灯# 😘以前我总在想长大当作家还是科学家，现在长大了，依旧不停思考，我要当什么家。看完你的自拍我明白了，我要带你回家！迪丽热巴 |白日提灯 | 虽然不能同时拥有一切 | 贺思慕 |卫蓝 @Dear-迪丽热巴 🌅※ ​,https://m.weibo.cn/detail/5282665737755779
白日提灯贺思慕/女鬼鬼王记忆,post,0,粉丝点评/记忆表达明确,87号杂货铺,迪丽热巴超话 贺思慕#迪丽热巴白日提灯#dlrb#迪丽热巴贺思慕#dlrb#迪丽热巴卫蓝#伸出手 在我心上留下你的记号 迪丽热巴 |白日提灯 | 虽然不能同时拥有一切 | 贺思慕 |卫蓝@迪丽热巴 ​,https://m.weibo.cn/detail/5282665734606716
白日提灯贺思慕/女鬼鬼王记忆,post,0,粉丝点评/记忆表达明确,帝霸badadabada,迪丽热巴超话 贺思慕#迪丽热巴白日提灯#dlrb#迪丽热巴贺思慕#dlrb#迪丽热巴卫蓝#月亮是我抛的银币，两面都是梦见你. 迪丽热巴 |白日提灯 | 虽然不能同时拥有一切 | 贺思慕 |卫蓝@迪丽热巴 ​,https://m.weibo.cn/detail/5282665725171697
白日提灯贺思慕/女鬼鬼王记忆,post,0,粉丝点评/记忆表达明确,桉悸悦,迪丽热巴超话 贺思慕#迪丽热巴白日提灯# dlrb #迪丽热巴贺思慕# dlrb #白日提灯# 😘“我相信只要勇敢去追，并且勇敢去想，只要去勇敢，你一定会得到你想要的！”各种增加预约方法微博正文迪丽热巴 |白日提灯 | 虽然不能同时拥有一切 | 贺思慕 |卫蓝 @Dear-迪丽热巴 👗⭐️❁ ​,https://m.weibo.cn/detail/5282665724903894
白日提灯贺思慕/女鬼鬼王记忆,post,0,粉丝点评/记忆表达明确,Alice-lab,迪丽热巴超话 贺思慕#迪丽热巴白日提灯# dlrb #迪丽热巴贺思慕# dlrb #白日提灯# 🥰南瓜冬瓜哈密瓜，你是我的小傻瓜ʕ•̫͡•ʔ各种增加预约方法微博正文迪丽热巴 |白日提灯 | 虽然不能同时拥有一切 | 贺思慕 |卫蓝 @Dear-迪丽热巴 🥐🧀#迪丽热巴白日提灯稳居热播榜前三##曝迪丽热巴滞留迪拜原因##热巴说陈飞宇像太阳能##迪丽热巴不对硬辩##迪丽热巴陈飞宇带娃反差#,https://m.weibo.cn/detail/5282665718616650
白日提灯贺思慕/女鬼鬼王记忆,post,0,粉丝点评/记忆表达明确,87号杂货铺,迪丽热巴超话 贺思慕#迪丽热巴白日提灯#dlrb#迪丽热巴贺思慕#dlrb#迪丽热巴卫蓝#“情话天花乱坠，但我只愿你平安喜乐” 迪丽热巴 |白日提灯 | 虽然不能同时拥有一切 | 贺思慕 |卫蓝@迪丽热巴 ​,https://m.weibo.cn/detail/5282665689515275
白日提灯贺思慕/女鬼鬼王记忆,post,0,粉丝点评/记忆表达明确,予迪87封信,迪丽热巴超话 贺思慕 #迪丽热巴白日提灯# dlrb #迪丽热巴贺思慕# dlrb #白日提灯# 心怀大义守护人间与灵界，贺思慕格局拉满，迪丽热巴快诠释这气魄！预约 O明星作品上榜信息各种增加预约方法微博正文迪丽热巴 |白日提灯 |虽然不能同时拥有一切| 贺思慕 | 卫蓝 @Dear-迪丽热巴L网剧慕胥辞的微博视频,https://m.weibo.cn/detail/5282665688467875
白日提灯贺思慕/女鬼鬼王记忆,post,0,粉丝点评/记忆表达明确,Alice-lab,迪丽热巴超话 贺思慕#迪丽热巴白日提灯# dlrb #迪丽热巴贺思慕# dlrb #白日提灯# “三四年前我说过想要做一个有棱角的人，因为我是一个没那么‘个性’、比较乖顺的，我觉得如果你想要成为一个演员，你得是一个‘个性’突出的人。”各种增加预约方法微博正文迪丽热巴 |白日提灯 | 虽然不能同时拥有一切 | 贺思慕 |卫蓝 @Dear-迪丽热巴 👗⭐️(๑Ő௰Ő๑)#热巴说陈飞宇像太阳能##热巴说陈飞宇像太阳能##曝迪丽热巴滞留迪拜原,https://m.weibo.cn/detail/5282665662257017
任安乐/帝梓元角色记忆,post,0,粉丝点评/记忆表达明确,初迪栀椿,迪丽热巴超话 贺思慕#迪丽热巴安乐传# dlrb#迪丽热巴任安乐# “喜欢不会淹没于汹涌人海，爱意浸透入岁月绵长”@Dear-迪丽热巴 ​,https://m.weibo.cn/detail/5282665613230965
白日提灯贺思慕/女鬼鬼王记忆,post,0,粉丝点评/记忆表达明确,d8的女人微微,迪丽热巴超话 贺思慕#迪丽热巴白日提灯# dlrb #迪丽热巴贺思慕# dlrb #白日提灯# 心怀大义守护人间与灵界，贺思慕格局拉满，迪丽热巴快诠释这气魄！预约 O明星作品上榜信息各种增加预约方法微博正文迪丽热巴 |白日提灯 |虽然不能同时拥有一切| 贺思慕 | 卫蓝 @Dear-迪丽热巴L网剧慕胥辞的微博视频,https://m.weibo.cn/detail/5282665603531281
白日提灯贺思慕/女鬼鬼王记忆,post,0,粉丝点评/记忆表达明确,Alice-lab,迪丽热巴超话 贺思慕请点选1+2+3+4组合文案发帖（自行配图）#迪丽热巴白日提灯# dlrb #迪丽热巴贺思慕# dlrb #白日提灯# 😘迪丽热巴 |白日提灯 | 虽然不能同时拥有一切 | 贺思慕 |卫蓝 @Dear-迪丽热巴 🧸“我永远不会想我要永远十八，我就想是我现在这个实际的岁数。”#热巴说陈飞宇像太阳能##曝迪丽热巴滞留迪拜原因##迪丽热巴陈飞宇白日提灯拍立得# (•́₃•̀),https://m.weibo.cn/detail/5282665587803466
白日提灯贺思慕/女鬼鬼王记忆,post,0,粉丝点评/记忆表达明确,Dear-鑫心向迪,迪丽热巴超话 贺思慕#白日提灯##迪丽热巴贺思慕# 我懂你的可可爱爱，喜欢你的每一面 ​,https://m.weibo.cn/detail/5282665574957574
李长歌与《长歌行》角色记忆,post,0,粉丝点评/记忆表达明确,viky915,#长歌行开播五周年# 时间过得好快，我依然很想念草原上的李长歌和阿诗勒隼，歌隼永远的白月光 ​,https://m.weibo.cn/detail/5282665563161032
白日提灯贺思慕/女鬼鬼王记忆,post,0,粉丝点评/记忆表达明确,Alice-lab,迪丽热巴超话 贺思慕#热巴说陈飞宇像太阳能##曝迪丽热巴滞留迪拜原因##迪丽热巴不对硬辩##迪丽热巴陈飞宇带娃反差##迪丽热巴陈飞宇白日提灯拍立得##迪丽热巴白日提灯# dlrb #迪丽热巴贺思慕# dlrb #白日提灯# 😘小热巴是我们心中全世界全宇宙全银河系第一大可爱！ 各种增加预约方法微博正文迪丽热巴 |白日提灯 | 虽然不能同时拥有一切 | 贺思慕 |卫蓝 @Dear-迪丽热巴 🥨,https://m.weibo.cn/detail/5282665542452645
任安乐/帝梓元角色记忆,post,0,粉丝点评/记忆表达明确,初迪栀椿,迪丽热巴超话 贺思慕#迪丽热巴安乐传# dlrb#迪丽热巴任安乐# “你是我不能拥抱的那束光，毕竟你是我用青春奔赴的那颗繁星”@Dear-迪丽热巴 ​,https://m.weibo.cn/detail/5282665460670804
白日提灯贺思慕/女鬼鬼王记忆,post,0,粉丝点评/记忆表达明确,迪沐雅,迪丽热巴超话 #刘冲和迪丽热巴聚餐#dlrb#迪丽热巴白日提灯# dlrb #迪丽热巴贺思慕# dlrb #白日提灯# 贺思慕扮猪吃虎套路满满，机灵狡黠，迪丽热巴演这可爱与强大绝了！预约 O明星作品上榜信息各种增加预约方法微博正文迪丽热巴 | 虽然不能同时拥有一切 |白日提灯 |卫蓝 | 贺思慕 | @Dear-迪丽热巴L网剧慕胥辞的微博视频,https://m.weibo.cn/detail/5277970063429796
枭起青壤/聂九罗表演突破,post,0,粉丝点评/记忆表达明确,萌泪语,#迪丽热巴枭起青壤#dlrb#迪丽热巴聂九罗#“喜欢活在过去 因为过去有你的晚安”@Dear-迪丽热巴 ​,https://m.weibo.cn/detail/5277970010737198
白日提灯贺思慕/女鬼鬼王记忆,post,0,粉丝点评/记忆表达明确,Debbba_,#迪丽热巴白日提灯# dlrb#迪丽热巴贺思慕# dlrb#迪丽热巴#别轻易走散好吗我们还要一起走更远的路꒦ິ^꒦ິ@迪丽热巴L网剧慕胥辞的微博视频 ​,https://m.weibo.cn/detail/5277969949922407
白日提灯贺思慕/女鬼鬼王记忆,post,0,粉丝点评/记忆表达明确,面包小达人__,#迪丽热巴贺思慕# dlrb #迪丽热巴白日提灯# dlrb #白日提灯# 不是我喜欢的样子你都有，而是你所有样子我都喜欢迪丽热巴 | 白日提灯 | 虽然不能同时拥有一切 | 贺思慕 |卫蓝@Dear-迪丽热巴 ​,https://m.weibo.cn/detail/5277969905097934
生日生贺与小小迪陪伴记忆,post,0,粉丝点评/记忆表达明确,樱花开是想你的时候,我托空气为邮差，把我深深的祝福装订成生日包裹，印上真心为邮戳，收件人是巴宝你。祝生日快乐!//@迪崽的87-ML:#迪丽热巴贺思慕# dlrb#迪丽热巴白日提灯# //宝贝就是美美哒,https://m.weibo.cn/detail/5294826235103009
白日提灯贺思慕/女鬼鬼王记忆,post,0,粉丝点评/记忆表达明确,国外有什么好啊,祝巴宝生日快乐，愿这特殊的日子里，你的每时每刻都充满欢乐，愿生日带给你的欢乐中蕴藏着一切美好//@迪崽的87-ML:#迪丽热巴贺思慕# dlrb#迪丽热巴白日提灯# //宝贝就是美美哒,https://m.weibo.cn/detail/5294826235102166
白日提灯贺思慕/女鬼鬼王记忆,post,0,粉丝点评/记忆表达明确,以后不会再爱了,迪丽热巴生日快乐！爱你的第八年//@迪崽的87-ML:#迪丽热巴贺思慕# dlrb#迪丽热巴白日提灯# //宝贝就是美美哒,https://m.weibo.cn/detail/5294826234577517
白日提灯贺思慕/女鬼鬼王记忆,post,0,粉丝点评/记忆表达明确,导这位是欣同学3,愿胖迪以后一直日月相伴星辰为友路无限阻前途有光生日快乐！//@迪崽的87-ML:#迪丽热巴贺思慕# dlrb#迪丽热巴白日提灯# //宝贝就是美美哒,https://m.weibo.cn/detail/5294826235102123
白日提灯贺思慕/女鬼鬼王记忆,post,0,粉丝点评/记忆表达明确,焦虑不安无心,迪迪仔生日快乐！愿你三分惊喜，七分尽兴。//@迪崽的87-ML:#迪丽热巴贺思慕# dlrb#迪丽热巴白日提灯# //宝贝就是美美哒,https://m.weibo.cn/detail/5294826232743847
白日提灯贺思慕/女鬼鬼王记忆,post,0,粉丝点评/记忆表达明确,煮茶的能力啊,迪崽生日快乐！愿你一生努力，一生被爱。//@迪崽的87-ML:#迪丽热巴贺思慕# dlrb#迪丽热巴白日提灯# //宝贝就是美美哒,https://m.weibo.cn/detail/5294826232743350
白日提灯贺思慕/女鬼鬼王记忆,post,0,粉丝点评/记忆表达明确,韩信玩不了一点,宝贝儿生日快乐！我的宝贝//@迪崽的87-ML:#迪丽热巴贺思慕# dlrb#迪丽热巴白日提灯# //宝贝就是美美哒,https://m.weibo.cn/detail/5294826232743621
白日提灯贺思慕/女鬼鬼王记忆,post,0,粉丝点评/记忆表达明确,融郗6868,公主宝贝生日快乐！可恶，又陪你老了一岁。//@迪崽的87-ML:#迪丽热巴贺思慕# dlrb#迪丽热巴白日提灯# //宝贝就是美美哒,https://m.weibo.cn/detail/5294826234577100
白日提灯贺思慕/女鬼鬼王记忆,post,0,粉丝点评/记忆表达明确,夏日高迪,迪丽热巴超话#迪丽热巴白日提灯# dlrb #迪丽热巴贺思慕# dlrb #白日提灯# “我现在也不会觉得自己有多幸运，因为这一路走来，我都记得自己非常清晰的脚步，怎么一步一步，能够到今天，其实幸运还是要靠自己。”——@Dear-迪丽热巴各种增加预约方法微博正文迪丽热巴 |白日提灯 | 虽然不能同时拥有一切 | 贺思慕 |卫蓝 @Dear-迪丽热巴 💕🏇🏻,https://m.weibo.cn/detail/5294826222518635
白日提灯贺思慕/女鬼鬼王记忆,post,0,粉丝点评/记忆表达明确,夏日高迪,迪丽热巴超话#迪丽热巴白日提灯# dlrb #迪丽热巴贺思慕# dlrb #白日提灯# 🥰“每个角色里都有我，但没有一个和我一样。我喜欢挑战不同的角色，这是我做演员的初衷，尝试不同的人生，以身外身做梦中梦”迪丽热巴 |白日提灯 | 虽然不能同时拥有一切 | 贺思慕 |卫蓝 @Dear-迪丽热巴 🎠🎨 ​,https://m.weibo.cn/detail/5294826188966129
白日提灯贺思慕/女鬼鬼王记忆,post,0,粉丝点评/记忆表达明确,吃不胖的酒酒88,迪丽热巴超话 #迪丽热巴白日提灯# dlrb #迪丽热巴贺思慕# dlrb #白日提灯# 心怀大义守护人间与灵界，贺思慕格局拉满，迪丽热巴快诠释这气魄！各种增加预约方法微博正文迪丽热巴 |白日提灯 |虽然不能同时拥有一切| 贺思慕 | 卫蓝 @Dear-迪丽热巴L网剧慕胥辞的微博视频 ​,https://m.weibo.cn/detail/5294826050028844
白日提灯贺思慕/女鬼鬼王记忆,post,0,粉丝点评/记忆表达明确,吃不胖的酒酒88,迪丽热巴超话#迪丽热巴白日提灯# dlrb #迪丽热巴贺思慕# dlrb #白日提灯# 🍒心怀大义守护人间与灵界，贺思慕格局拉满，迪丽热巴快诠释这气魄！各种增加预约方法微博正文迪丽热巴 |白日提灯 |虽然不能同时拥有一切| 贺思慕 | 卫蓝 @Dear-迪丽热巴L网剧慕胥辞的微博视频 ​,https://m.weibo.cn/detail/5294825986327910
白日提灯贺思慕/女鬼鬼王记忆,post,0,粉丝点评/记忆表达明确,羽毛予予,#迪丽热巴白日提灯# dlrb #迪丽热巴贺思慕# dlrb #白日提灯# 🥰以前我总在想长大当作家还是科学家，现在长大了，依旧不停思考，我要当什么家。看完你的自拍我明白了，我要带你回家！ ​,https://m.weibo.cn/detail/5294825991569559
白日提灯贺思慕/女鬼鬼王记忆,post,0,粉丝点评/记忆表达明确,夏日屿甜诗D_D,"迪丽热巴超话#迪丽热巴慕胥辞# dlrb#迪丽热巴贺思慕# ""就在这个爱意东升起落的时候,我对你的爱总是意难平""@Dear-迪丽热巴 ​​​",https://m.weibo.cn/detail/5294825951723787
白日提灯贺思慕/女鬼鬼王记忆,post,0,粉丝点评/记忆表达明确,Hvemi9R,迪丽热巴超话#迪丽热巴白日提灯# dlrb #迪丽热巴贺思慕# dlrb #白日提灯# 🥰“我相信只要勇敢去追，并且勇敢去想，只要去勇敢，你一定会得到你想要的！迪丽热巴 |白日提灯 | 虽然不能同时拥有一切 | 贺思慕 |卫蓝 @Dear-迪丽热巴 👗⭐️ ​,https://m.weibo.cn/detail/5294825943598836
白日提灯贺思慕/女鬼鬼王记忆,post,0,粉丝点评/记忆表达明确,Dear-迪提渔,#迪丽热巴白日提灯#dlrb#迪丽热巴贺思慕#以前我总在想长大当作家还是科学家，现在长大了，依旧不停思考，我要当什么家。看完你的自拍我明白了，我要带你回家！@Dear-迪丽热巴 ​,https://m.weibo.cn/detail/5294710843245544
白日提灯贺思慕/女鬼鬼王记忆,post,0,粉丝点评/记忆表达明确,美就一个迪,迪丽热巴超话#迪丽热巴白日提灯# dlrb #迪丽热巴贺思慕# dlrb #白日提灯# 心怀大义守护人间与灵界，贺思慕格局拉满，迪丽热巴快诠释这气魄！各种增加预约方法微博正文迪丽热巴 |白日提灯 |虽然不能同时拥有一切| 贺思慕 | 卫蓝 @Dear-迪丽热巴L网剧慕胥辞的微博视频 ​,https://m.weibo.cn/detail/5294709199078429
白日提灯贺思慕/女鬼鬼王记忆,post,0,粉丝点评/记忆表达明确,美就一个迪,迪丽热巴超话#迪丽热巴白日提灯# dlrb #迪丽热巴贺思慕# dlrb #白日提灯# 心怀大义守护人间与灵界，贺思慕格局拉满，迪丽热巴快诠释这气魄！各种增加预约方法微博正文迪丽热巴 |白日提灯 |虽然不能同时拥有一切| 贺思慕 | 卫蓝 @Dear-迪丽热巴L网剧慕胥辞的微博视频 ​,https://m.weibo.cn/detail/5294709161591546
白日提灯贺思慕/女鬼鬼王记忆,post,0,粉丝点评/记忆表达明确,迪家的毛裤,迪丽热巴超话#迪丽热巴白日提灯# dlrb #迪丽热巴贺思慕# dlrb #白日提灯# 心怀大义守护人间与灵界，贺思慕格局拉满，迪丽热巴快诠释这气魄！预约 O明星作品上榜信息各种增加预约方法微博正文迪丽热巴 |白日提灯 |虽然不能同时拥有一切| 贺思慕 | 卫蓝 @Dear-迪丽热巴L网剧慕胥辞的微博视频,https://m.weibo.cn/detail/5294708918321340
白日提灯贺思慕/女鬼鬼王记忆,post,0,粉丝点评/记忆表达明确,路过的巴粉,迪丽热巴超话#迪丽热巴白日提灯# dlrb #迪丽热巴贺思慕# dlrb #白日提灯# 心怀大义守护人间与灵界，贺思慕格局拉满，迪丽热巴快诠释这气魄！各种增加预约方法微博正文迪丽热巴 |白日提灯 |虽然不能同时拥有一切| 贺思慕 | 卫蓝 @Dear-迪丽热巴L网剧慕胥辞的微博视频 ​,https://m.weibo.cn/detail/5294708555252254
白日提灯贺思慕/女鬼鬼王记忆,post,0,粉丝点评/记忆表达明确,Dear-迪娩巴,#迪丽热巴白日提灯#dlrb#迪丽热巴贺思慕#你让我了解了一笑倾城这句话的意义，在看完照片后，我不敢轻易回复，我担心我庸俗不堪的语言会玷污了这世间少有的美感。但我还是回复了，如果不能在如此精彩的照片后面留下我的伏笔，那将会成为我的遗憾。请原谅我的自私，无论用多么华丽言语修饰都已无法形容你的美感，太美了。@Dear-迪丽热巴,https://m.weibo.cn/detail/5294708038303946
白日提灯贺思慕/女鬼鬼王记忆,post,0,粉丝点评/记忆表达明确,Dear-迪娩巴,#迪丽热巴白日提灯#dlrb#迪丽热巴贺思慕#我报名了男生女生向前冲，但是他们没有同意，说我不符合条件。后来我去问他们，原来问题在于，我不是男生也不是女生，我是为你而生！@Dear-迪丽热巴 ​,https://m.weibo.cn/detail/5294707626213778
枭起青壤/聂九罗表演突破,post,0,粉丝点评/记忆表达明确,一只东东糕,迪丽热巴超话#迪丽热巴枭起青壤# dlrb#迪丽热巴聂九罗# 哪怕我在生气 也会耐着性子去哄你@Dear-迪丽热巴 ​,https://m.weibo.cn/detail/5294706917377027
枭起青壤/聂九罗表演突破,post,0,粉丝点评/记忆表达明确,一只东东糕,迪丽热巴超话#迪丽热巴枭起青壤# dlrb#迪丽热巴聂九罗# 你以为的偶遇，却浪费了我好几个课间。@Dear-迪丽热巴 ​,https://m.weibo.cn/detail/5294706792858357
白日提灯贺思慕/女鬼鬼王记忆,post,0,粉丝点评/记忆表达明确,暴走d8,#我的超话卡册##迪丽热巴白日提灯# dlrb #迪丽热巴贺思慕# dlrb #白日提灯# 迪丽热巴 |白日提灯 | 虽然不能同时拥有一切 | 贺思慕 |卫蓝@Dear-迪丽热巴 ​,https://m.weibo.cn/detail/5294706789450005
白日提灯贺思慕/女鬼鬼王记忆,post,0,粉丝点评/记忆表达明确,暴走d8,#我的超话卡册##迪丽热巴卫蓝# dlrb #迪丽热巴虽然不能同时拥有一切# dlrb #虽然不能同时拥有一切# 迪丽热巴 | 白日提灯 | 虽然不能同时拥有一切 | 贺思慕 |卫蓝 @Dear-迪丽热巴 ​,https://m.weibo.cn/detail/5294706756158082
白日提灯贺思慕/女鬼鬼王记忆,post,0,粉丝点评/记忆表达明确,迪家的毛裤,迪丽热巴超话#迪丽热巴白日提灯# dlrb #迪丽热巴贺思慕# dlrb #白日提灯# 贺思慕扮猪吃虎套路满满，机灵狡黠，迪丽热巴演这可爱与强大绝了！预约 O明星作品上榜信息各种增加预约方法微博正文迪丽热巴 | 虽然不能同时拥有一切 |白日提灯 |卫蓝 | 贺思慕 | @Dear-迪丽热巴L白日提灯官微的微博视频,https://m.weibo.cn/detail/5294704253993758
演员成长与角色群像评价,post,0,粉丝点评/记忆表达明确,1314-DLRB-0603,利剑玫瑰超话迪丽热巴超话#迪丽热巴人生角色##演员迪丽热巴##省厅邓妍# 優秀演員迪丽热巴·迪力木拉提貌美聲優演技佳 能文能武可萌#迪丽热巴邓妍##迪丽热巴利剑玫瑰# 迪丽热巴@Dear-迪丽热巴 dlrb #迪丽热巴聂九罗##迪丽热巴枭起青壤##迪丽热巴贺思慕##迪丽热巴慕胥辞##迪丽热巴卫蓝##迪丽热巴虽然不能同时拥有一切# L央视频的微博视频,https://m.weibo.cn/detail/5294703518154905
白日提灯贺思慕/女鬼鬼王记忆,post,0,粉丝点评/记忆表达明确,Dear-迪心宇,#迪丽热巴白日提灯# dlrb #迪丽热巴贺思慕# dlrb #白日提灯# 贺思慕扮猪吃虎套路满满，机灵狡黠，迪丽热巴演这可爱与强大绝了！预约 O明星作品上榜信息各种增加预约方法微博正文迪丽热巴 | 虽然不能同时拥有一切 |白日提灯 |卫蓝 | 贺思慕 | @Dear-迪丽热巴L白日提灯官微的微博视频,https://m.weibo.cn/detail/5294702394081549
白日提灯贺思慕/女鬼鬼王记忆,post,0,粉丝点评/记忆表达明确,迪家小憨,迪丽热巴超话#迪丽热巴白日提灯# dlrb #迪丽热巴贺思慕# dlrb #白日提灯# 贺思慕扮猪吃虎套路满满，机灵狡黠，迪丽热巴演这可爱与强大绝了！预约 O明星作品上榜信息各种增加预约方法微博正文迪丽热巴 | 虽然不能同时拥有一切 |白日提灯 |卫蓝 | 贺思慕 | @Dear-迪丽热巴L白日提灯官微的微博视频,https://m.weibo.cn/detail/5294702333002079
白日提灯贺思慕/女鬼鬼王记忆,post,0,粉丝点评/记忆表达明确,1314-DLRB-0603,迪丽热巴超话 贺思慕 #演员迪丽热巴##迪丽热巴人生角色# ‘’我的法度不可違逆‘’恭迎万灵之主贺思慕聖駕@Dear-迪丽热巴 #迪丽热巴贺思慕##迪丽热巴白日提灯##迪丽热巴卫蓝##迪丽热巴虽然不能同时拥有一切# 迪丽热巴@Dear-迪丽热巴 dlrb #迪丽热巴聂九罗##迪丽热巴枭起青壤#L白日提灯官微的微博视频,https://m.weibo.cn/detail/5294701678952967
白日提灯贺思慕/女鬼鬼王记忆,post,0,粉丝点评/记忆表达明确,1314-DLRB-0603,网剧白日提灯超话迪丽热巴超话 贺思慕 #演员迪丽热巴##迪丽热巴人生角色# ‘’我的法度不可違逆‘’恭迎万灵之主贺思慕聖駕@Dear-迪丽热巴 #迪丽热巴贺思慕##迪丽热巴白日提灯##迪丽热巴卫蓝##迪丽热巴虽然不能同时拥有一切# 迪丽热巴@Dear-迪丽热巴 dlrb #迪丽热巴聂九罗##迪丽热巴枭起青壤##迪丽热巴# L嘉行迪丽热巴工作室的微博视频,https://m.weibo.cn/detail/5294701500695036
白日提灯贺思慕/女鬼鬼王记忆,post,0,粉丝点评/记忆表达明确,昌隗衫,迪丽热巴超话#迪丽热巴白日提灯# dlrb #迪丽热巴贺思慕# dlrb #白日提灯# 心怀大义守护人间与灵界，贺思慕格局拉满，迪丽热巴快诠释这气魄！预约 O明星作品上榜信息各种增加预约方法微博正文迪丽热巴 |白日提灯 |虽然不能同时拥有一切| 贺思慕 | 卫蓝 @Dear-迪丽热巴L网剧慕胥辞的微博视频,https://m.weibo.cn/detail/5294701324534256
演员成长与角色群像评价,post,0,粉丝点评/记忆表达明确,1314-DLRB-0603,迪丽热巴超话 贺思慕 #演员迪丽热巴##迪丽热巴人生角色# 優秀演員迪丽热巴·迪力木拉提敬業樂業專業 挑戰自我 永無上限#迪丽热巴贺思慕##迪丽热巴白日提灯##迪丽热巴卫蓝##迪丽热巴虽然不能同时拥有一切# 迪丽热巴@Dear-迪丽热巴 dlrb #迪丽热巴聂九罗##迪丽热巴枭起青壤#L央视频的微博视频,https://m.weibo.cn/detail/5294701110100174
演员成长与角色群像评价,post,0,粉丝点评/记忆表达明确,我爱我家DD88,迪丽热巴超话 贺思慕 #演员迪丽热巴##迪丽热巴人生角色#優秀演員迪丽热巴·迪力木拉提以流量為炬火，以演技為利剑#迪丽热巴贺思慕##迪丽热巴白日提灯##迪丽热巴卫蓝##迪丽热巴虽然不能同时拥有一切##迪丽热巴贺思慕##迪丽热巴慕胥辞##迪丽热巴卫蓝##迪丽热巴虽然不能同时拥有一切# 迪丽热巴@Dear-迪丽热巴 dlrb #迪丽热巴聂九罗##迪丽热巴枭起青壤#L人民日报的微博视频 ​​​,https://m.weibo.cn/detail/5294701020447508
白日提灯贺思慕/女鬼鬼王记忆,post,0,粉丝点评/记忆表达明确,87-雅雅,迪丽热巴超话#迪丽热巴白日提灯# dlrb #迪丽热巴贺思慕# dlrb #白日提灯# 贺思慕扮猪吃虎套路满满，机灵狡黠，迪丽热巴演这可爱与强大绝了！预约 O明星作品上榜信息各种增加预约方法微博正文迪丽热巴 | 虽然不能同时拥有一切 |白日提灯 |卫蓝 | 贺思慕 | @Dear-迪丽热巴L白日提灯官微的微博视频,https://m.weibo.cn/detail/5294700727633343
白日提灯贺思慕/女鬼鬼王记忆,post,0,粉丝点评/记忆表达明确,87-雅雅,迪丽热巴超话#迪丽热巴白日提灯# dlrb #迪丽热巴贺思慕# dlrb #白日提灯# 心怀大义守护人间与灵界，贺思慕格局拉满，迪丽热巴快诠释这气魄！预约 O明星作品上榜信息各种增加预约方法微博正文迪丽热巴 |白日提灯 |虽然不能同时拥有一切| 贺思慕 | 卫蓝 @Dear-迪丽热巴L网剧慕胥辞的微博视频,https://m.weibo.cn/detail/5294700300862050
白日提灯贺思慕/女鬼鬼王记忆,post,0,粉丝点评/记忆表达明确,Dear-苩阿,迪丽热巴超话#迪丽热巴白日提灯# dlrb #迪丽热巴贺思慕# dlrb #白日提灯# 心怀大义守护人间与灵界，贺思慕格局拉满，迪丽热巴快诠释这气魄！各种增加预约方法微博正文迪丽热巴 |白日提灯 |虽然不能同时拥有一切| 贺思慕 | 卫蓝 @Dear-迪丽热巴L网剧慕胥辞的微博视频 ​,https://m.weibo.cn/detail/5294828553767432
白日提灯贺思慕/女鬼鬼王记忆,post,0,粉丝点评/记忆表达明确,甜酒汤圆888,迪丽热巴超话#迪丽热巴白日提灯# dlrb #迪丽热巴贺思慕# dlrb #白日提灯# 🏮🏮心怀大义守护人间与灵界，贺思慕格局拉满，迪丽热巴快诠释这气魄！各种增加预约方法微博正文迪丽热巴 |白日提灯 |虽然不能同时拥有一切| 贺思慕 | 卫蓝 @Dear-迪丽热巴L网剧慕胥辞的微博视频 ​,https://m.weibo.cn/detail/5294828632936551
白凤九与三生三世情怀,post,0,粉丝点评/记忆表达明确,小小韋小姐,迪丽热巴超话#迪丽热巴开始推理吧# dlrb#迪丽热巴# 小狐狸白凤九九连拍我们小九@Dear-迪丽热巴 是八荒六合第一大可爱！迪丽热巴开始推理吧｜迪丽热巴邓妍 L嘉行迪丽热巴工作室的微博视频 ​​​,https://m.weibo.cn/detail/5294828835046278
白日提灯贺思慕/女鬼鬼王记忆,post,0,粉丝点评/记忆表达明确,是吃可爱长大巴,迪丽热巴超话#迪丽热巴白日提灯# dlrb #迪丽热巴贺思慕# dlrb #白日提灯# 心怀大义守护人间与灵界，贺思慕格局拉满，迪丽热巴快诠释这气魄！预约 O明星作品上榜信息各种增加预约方法微博正文迪丽热巴 |白日提灯 |虽然不能同时拥有一切| 贺思慕 | 卫蓝 @Dear-迪丽热巴L网剧慕胥辞的微博视频,https://m.weibo.cn/detail/5294828906091566
白日提灯贺思慕/女鬼鬼王记忆,post,0,粉丝点评/记忆表达明确,心似冰冷阴郁,#迪丽热巴白日提灯# dlrb #迪丽热巴贺思慕# dlrb #白日提灯# 心怀大义守护人间与灵界，贺思慕格局拉满，迪丽热巴快诠释这气魄！预约 O明星作品上榜信息各种增加预约方法微博正文迪丽热巴 |白日提灯 |虽然不能同时拥有一切| 贺思慕 | 卫蓝 @Dear-迪丽热巴L网剧慕胥辞的微博视频 ​,https://m.weibo.cn/detail/5294828965070677
枭起青壤/聂九罗表演突破,post,0,粉丝点评/记忆表达明确,世界第一姐姐控,迪丽热巴超话#迪丽热巴枭起青壤# dlrb#迪丽热巴聂九罗# “天地万物，宇宙星河，我独心悦你.” @Dear-迪丽热巴 ​,https://m.weibo.cn/detail/5294829082773425
白日提灯贺思慕/女鬼鬼王记忆,post,0,粉丝点评/记忆表达明确,ID春赴诗提,迪丽热巴超话 🌻#迪丽热巴白日提灯# dlrb #迪丽热巴贺思慕# dlrb #白日提灯# 心怀大义守护人间与灵界，贺思慕格局拉满，迪丽热巴快诠释这气魄！预约 O明星作品上榜信息各种增加预约方法微博正文迪丽热巴 |白日提灯 |虽然不能同时拥有一切| 贺思慕 | 卫蓝 @Dear-迪丽热巴L网剧慕胥辞的微博视频,https://m.weibo.cn/detail/5294829065995469
迪拜报平安/守护型记忆,post,0,粉丝点评/记忆表达明确,凌-风信子,#迪丽热巴报平安#姐姐你太好了， ​,https://m.weibo.cn/detail/5294829061275830
枭起青壤/聂九罗表演突破,post,0,粉丝点评/记忆表达明确,世界第一姐姐控,迪丽热巴超话#迪丽热巴枭起青壤# dlrb#迪丽热巴聂九罗# “我炙热明媚的爱，未曾泯灭，当花瓣吹落耳畔，轻声在说爱你。”@Dear-迪丽热巴 ​,https://m.weibo.cn/detail/5294829051315478
白日提灯贺思慕/女鬼鬼王记忆,post,0,粉丝点评/记忆表达明确,_喻栀,迪丽热巴超话#迪丽热巴贺思慕# dlrb #迪丽热巴白日提灯# dlrb #迪丽热巴卫蓝# 迪丽热巴 |白日提灯 | 虽然不能同时拥有一切 | 贺思慕 |卫蓝哪怕是一只萤火虫喜欢上月亮，它也会想把自己所有的光都给它。跟喜欢的人多强大没关系，这是跳动不止的心意@Dear-迪丽热巴 ​,https://m.weibo.cn/detail/5294829153288358
白日提灯贺思慕/女鬼鬼王记忆,post,0,粉丝点评/记忆表达明确,Dear-姜梨肉巴,迪丽热巴超话#迪丽热巴贺思慕# dlrb#迪丽热巴卫蓝# dlrb#迪丽热巴白日提灯#你值得我珍藏一生，疯狂我整个青春。@Dear-迪丽热巴 ​,https://m.weibo.cn/detail/5294829132841375
白日提灯贺思慕/女鬼鬼王记忆,post,0,粉丝点评/记忆表达明确,心似冰冷阴郁,#迪丽热巴白日提灯# dlrb #迪丽热巴贺思慕# dlrb #白日提灯# 心怀大义守护人间与灵界，贺思慕格局拉满，迪丽热巴快诠释这气魄！预约 O明星作品上榜信息各种增加预约方法微博正文迪丽热巴 |白日提灯 |虽然不能同时拥有一切| 贺思慕 | 卫蓝 @Dear-迪丽热巴L网剧慕胥辞的微博视频 ​,https://m.weibo.cn/detail/5294829288556303
白日提灯贺思慕/女鬼鬼王记忆,post,0,粉丝点评/记忆表达明确,栀迪情,迪丽热巴超话#迪丽热巴白日提灯# dlrb #迪丽热巴贺思慕#迪丽热巴 ｜白日提灯 |“收集关于你的碎片，一点一滴，承载着我的青春”@Dear-迪丽热巴 ​,https://m.weibo.cn/detail/5294829334692102
嘻嘻迪/表情包/可爱梗,post,0,粉丝点评/记忆表达明确,Max九爷,沉浸式油画冰淇淋，美美吃一餐ASMR｜美食｜解压｜治愈ins｜薄荷曼波壁纸∘˚🧴˚˟🫙˖⭒˚薄荷绿｜壁纸分享｜夏日清凉壁纸｜全屏壁纸｜锁屏壁纸｜氛围感壁纸｜iphone壁纸｜绿色果然是生命的颜色｜薄荷曼波𝙒𝙚𝘾𝙝𝙖𝙩背景图 𝙞𝙣𝙨风 背景图推荐❤️🧡💛💚💙💜🤎🖤🤍杨幂 刘诗诗 唐嫣 赵丽颖 赵今麦 孙千 周雨彤 张婧仪 周也 谭松韵 关晓彤 景甜 李沁江疏影 秦岚 宋祖儿 陈都灵 张子枫 古力娜扎卢昱晓 戚薇 毛晓彤 李庚希 向涵之 张,https://m.weibo.cn/detail/5294829330500842
白日提灯贺思慕/女鬼鬼王记忆,post,0,粉丝点评/记忆表达明确,栀迪情,迪丽热巴超话#迪丽热巴白日提灯# dlrb #迪丽热巴贺思慕#迪丽热巴 ｜白日提灯 | “你是黑暗中一道耀眼的光，照亮了我生命中所有的美好”@Dear-迪丽热巴 ​,https://m.weibo.cn/detail/5294829313459877
白日提灯贺思慕/女鬼鬼王记忆,post,0,粉丝点评/记忆表达明确,栀迪情,迪丽热巴超话#迪丽热巴白日提灯# dlrb #迪丽热巴贺思慕#迪丽热巴 ｜白日提灯 | 谨以永不凋谢的海棠，予我满目星辰的少年 ​@Dear-迪丽热巴 ​,https://m.weibo.cn/detail/5294829393416502
白日提灯贺思慕/女鬼鬼王记忆,post,0,粉丝点评/记忆表达明确,Dear-暮色玫瑰,迪丽热巴超话 dlrb#迪丽热巴贺思慕# dlrb#迪丽热巴白日提灯# dlrb#迪丽热巴聂九罗# “在万家灯火中呐喊，我的岁月皆有你的身影.”@Dear-迪丽热巴 ​,https://m.weibo.cn/detail/5294829505610441
枭起青壤/聂九罗表演突破,post,0,粉丝点评/记忆表达明确,易不晚儿,迪丽热巴超话#迪丽热巴聂九罗# dlrb #迪丽热巴枭起青壤#“我希望她永远发光，而我永远为她热泪盈眶。”@Dear-迪丽热巴 ​,https://m.weibo.cn/detail/5294829602605298
白日提灯贺思慕/女鬼鬼王记忆,post,0,粉丝点评/记忆表达明确,出境游逢迪_见过badada版,"#迪丽热巴贺思慕#dlrb #迪丽热巴 白日提灯# dlrb #迪丽热巴#繁星之下盼晨曦，黄昏之后思蝉鸣，皎月清凉你是我的方向. 𝓛𝓸𝓸𝓴𝓲𝓪𝓼 𝓪𝓯𝓽𝓮𝓻 𝓭𝓾𝓼𝓴, 𝓽𝓱𝓮 𝓫𝓻𝓲𝓰𝓱𝓽 𝓶𝓸𝓸𝓷 𝓲𝓼 𝓬𝓸𝓸𝓵, 𝔂𝓸𝓾 𝓪𝓻𝓮 𝓶𝔂 𝓭𝓲𝓻𝓮𝓬𝓽𝓲𝓸𝓷.@Dear-迪丽热巴",https://m.weibo.cn/detail/5294829611254851
白日提灯贺思慕/女鬼鬼王记忆,post,0,粉丝点评/记忆表达明确,出境游逢迪_见过badada版,#迪丽热巴贺思慕#dlrb #迪丽热巴 白日提灯# dlrb #迪丽热巴#我曾对月亮诉说了无数次对你的思念𝐼 𝒽𝒶𝓋𝑒 𝓉𝑜𝓁𝒹 𝓉𝒽𝑒 𝑀𝑜𝑜𝓃 𝒸𝑜𝓊𝓃𝓉𝓁𝑒𝓈𝓈 𝓉𝒾𝓂𝑒𝓈 𝓉𝑜𝓂𝒾𝓈𝓈𝓎𝑜@Dear-迪丽热巴 ​,https://m.weibo.cn/detail/5294829733153158
白日提灯贺思慕/女鬼鬼王记忆,post,0,粉丝点评/记忆表达明确,阿迪迪宝的爱丽丝,迪丽热巴超话#迪丽热巴# dlrb #迪丽热巴贺思慕# dlrb #迪丽热巴慕胥辞#如果以后有风会吹动我的头发，我知道是你（纪云禾）来看我了——@Dear-迪丽热巴纪云禾的每一滴泪，每一个笑，我们会永远记得预约慕胥辞O白日提灯迪丽热巴 | 枭起青壤 | 利剑玫瑰|慕胥辞 |聂九罗 | 邓妍 | 贺思慕 | @Dear-迪丽热巴 L网剧慕胥辞的微博视频,https://m.weibo.cn/detail/5150394494748806
白日提灯贺思慕/女鬼鬼王记忆,post,0,粉丝点评/记忆表达明确,栀夏肥鱼,迪丽热巴超话#迪丽热巴的春日心动时刻# dlrb #凝聚v力量# dlrb #迪丽热巴#好温婉的任安乐「在瓶底书汉隶仿前朝的飘逸就当我为遇见你伏笔」预约枭起青壤O枭起青壤迪丽热巴 | 枭起青壤 | 利剑玫瑰|慕胥辞 |聂九罗 | 邓妍 | 贺思慕 | @Dear-迪丽热巴L枭起青壤官微的微博视频 ​,https://m.weibo.cn/detail/5150394493699539
任安乐/帝梓元角色记忆,post,0,粉丝点评/记忆表达明确,巴厘甜星,#迪丽热巴任安乐# dlrb#迪丽热巴安乐传# “我把你画进明媚春日，笔下盛开了栀子花”@Dear-迪丽热巴 ​,https://m.weibo.cn/detail/5150394494485302
白日提灯贺思慕/女鬼鬼王记忆,post,0,粉丝点评/记忆表达明确,慕迪·十二,迪丽热巴超话#迪丽热巴的春日心动时刻# dlrb #凝聚v力量# dlrb #迪丽热巴#哇哇哇是我们又甜又萌的寨主任安乐 谁看了都想抱回家预约枭起青壤O枭起青壤迪丽热巴 | 枭起青壤 | 利剑玫瑰|慕胥辞 |聂九罗 | 邓妍 | 贺思慕 | @Dear-迪丽热巴L枭起青壤官微的微博视频 ​,https://m.weibo.cn/detail/5150394491343352
枭起青壤/聂九罗表演突破,post,0,粉丝点评/记忆表达明确,祈雪诗雨,迪丽热巴超话#迪丽热巴枭起青壤# dlrb #迪丽热巴聂九罗#秋风总是凉飕飕的，还好我爱你的心炽热。 @Dear-迪丽热巴 ​,https://m.weibo.cn/detail/5150394478759370
白日提灯贺思慕/女鬼鬼王记忆,post,0,粉丝点评/记忆表达明确,迪迪公主城堡,迪丽热巴超话#迪丽热巴的春日心动时刻# dlrb #凝聚v力量# dlrb #迪丽热巴#迪丽热巴给爱丽丝的专属浪漫一生热爱，步履不停预约枭起青壤O枭起青壤迪丽热巴 | 枭起青壤 | 利剑玫瑰|慕胥辞 |聂九罗 | 邓妍 | 贺思慕 | @Dear-迪丽热巴L枭起青壤官微的微博视频 ​,https://m.weibo.cn/detail/5150394476923686
枭起青壤/聂九罗表演突破,post,0,粉丝点评/记忆表达明确,_8次梦游,#迪丽热巴枭起青壤# dlrb#迪丽热巴聂九罗# “情起一时的喜欢不叫热爱，长久无言的陪伴才可抵岁月漫长”@Dear-迪丽热巴 ​,https://m.weibo.cn/detail/5150394473256166
白日提灯贺思慕/女鬼鬼王记忆,post,0,粉丝点评/记忆表达明确,最爱迪宝宝迪,迪丽热巴超话#迪丽热巴聂九罗# dlrb #迪丽热巴枭起青壤# dlrb #迪丽热巴#来考古小奶迪甜妹安珀好甜好可爱预约枭起青壤O枭起青壤迪丽热巴 | 枭起青壤 | 利剑玫瑰|慕胥辞 |聂九罗 | 邓妍 | 贺思慕 | @Dear-迪丽热巴L枭起青壤官微的微博视频 ​,https://m.weibo.cn/detail/5150394474299580
白日提灯贺思慕/女鬼鬼王记忆,post,0,粉丝点评/记忆表达明确,Dear-苏迪丸,迪丽热巴超话 dlrb#迪丽热巴的春日心动时刻# dlrb#凝聚v力量# dlrb#迪丽热巴# dlrb #迪丽热巴贺思慕# dlrb #迪丽热巴慕胥辞#风情万种 民国美女 我的大小姐迪丽热巴预约慕胥辞O白日提灯迪丽热巴 | 枭起青壤 | 利剑玫瑰|慕胥辞 |聂九罗 | 邓妍 | 贺思慕 | @Dear-迪丽热巴L弗朗个西斯的微博视频,https://m.weibo.cn/detail/5150394472990045
白日提灯贺思慕/女鬼鬼王记忆,post,0,粉丝点评/记忆表达明确,潮愿桨,迪丽热巴超话#迪丽热巴聂九罗# dlrb #迪丽热巴枭起青壤# dlrb #迪丽热巴#浅浅的来看看我们几年前的如歌、凤九、七七、丽姬麻麻的打戏混剪预约枭起青壤O枭起青壤迪丽热巴 | 枭起青壤 | 利剑玫瑰|慕胥辞 |聂九罗 | 邓妍 | 贺思慕 | @Dear-迪丽热巴L枭起青壤官微的微博视频 ​,https://m.weibo.cn/detail/5150394465915900
白日提灯贺思慕/女鬼鬼王记忆,post,0,粉丝点评/记忆表达明确,慕迪·十二,迪丽热巴超话#迪丽热巴的春日心动时刻# dlrb #凝聚v力量# dlrb #迪丽热巴#好温婉的任安乐「在瓶底书汉隶仿前朝的飘逸就当我为遇见你伏笔」预约枭起青壤O枭起青壤迪丽热巴 | 枭起青壤 | 利剑玫瑰|慕胥辞 |聂九罗 | 邓妍 | 贺思慕 | @Dear-迪丽热巴L枭起青壤官微的微博视频 ​,https://m.weibo.cn/detail/5150394460935935
白日提灯贺思慕/女鬼鬼王记忆,post,0,粉丝点评/记忆表达明确,今日星期巴,迪丽热巴超话#迪丽热巴的春日心动时刻# dlrb #凝聚v力量# dlrb #迪丽热巴#i甜妹请这里集合不能错过可爱小巴的甜甜合集预约枭起青壤O枭起青壤迪丽热巴 | 枭起青壤 | 利剑玫瑰|慕胥辞 |聂九罗 | 邓妍 | 贺思慕 | @Dear-迪丽热巴L枭起青壤官微的微博视频 ​,https://m.weibo.cn/detail/5150394445201518
爱丽丝与热巴的双向奔赴,post,0,粉丝点评/记忆表达明确,菰巩,迪丽热巴超话#迪丽热巴的春日心动时刻# dlrb #凝聚v力量# dlrb #迪丽热巴#真的好爱真诚的宝贝迪丽热巴和爱丽丝锁了互相陪伴一起成长一起进步预约枭起青壤O枭起青壤迪丽热巴 | 枭起青壤 | 利剑玫瑰|慕胥辞 |聂九罗 | 邓妍 | 贺思慕 | @Dear-迪丽热巴L枭起青壤官微的微博视频 ​,https://m.weibo.cn/detail/5150394434978342
白日提灯贺思慕/女鬼鬼王记忆,post,0,粉丝点评/记忆表达明确,芋泥奶冻卷_热爱版,迪丽热巴超话#迪丽热巴的春日心动时刻# dlrb #凝聚v力量# dlrb #迪丽热巴#这个挥手手 太可爱了😍😍😍羡慕在场每一个亲眼看到宝贝的人预约枭起青壤O枭起青壤迪丽热巴 | 枭起青壤 | 利剑玫瑰|慕胥辞 |聂九罗 | 邓妍 | 贺思慕 | @Dear-迪丽热巴L枭起青壤官微的微博视频 ​,https://m.weibo.cn/detail/5150394422660790
白日提灯贺思慕/女鬼鬼王记忆,post,0,粉丝点评/记忆表达明确,Dear-樱桃小苏,迪丽热巴超话#迪丽热巴的春日心动时刻# dlrb #凝聚v力量# dlrb #迪丽热巴#被我们寨主迷得神魂颠倒，要和美女贴贴预约枭起青壤O枭起青壤迪丽热巴 | 枭起青壤 | 利剑玫瑰|慕胥辞 |聂九罗 | 邓妍 | 贺思慕 | @Dear-迪丽热巴L枭起青壤官微的微博视频 ​,https://m.weibo.cn/detail/5150394422662682
白日提灯贺思慕/女鬼鬼王记忆,post,0,粉丝点评/记忆表达明确,最爱迪宝宝迪,迪丽热巴超话#迪丽热巴聂九罗# dlrb #迪丽热巴枭起青壤# dlrb #迪丽热巴#我们凤九小殿下梨花带雨的三叩首哭戏，太虐心了😭😭😭预约枭起青壤O枭起青壤迪丽热巴 | 枭起青壤 | 利剑玫瑰|慕胥辞 |聂九罗 | 邓妍 | 贺思慕 | @Dear-迪丽热巴L枭起青壤官微的微博视频 ​,https://m.weibo.cn/detail/5150394414535907
白日提灯贺思慕/女鬼鬼王记忆,post,0,粉丝点评/记忆表达明确,赤诚程十九岁版,迪丽热巴超话#迪丽热巴# dlrb #迪丽热巴邓妍# dlrb #迪丽热巴利剑玫瑰#我们的石榴花一定会红起来的预约利剑玫瑰O利剑·玫瑰迪丽热巴 | 枭起青壤 | 利剑玫瑰|慕胥辞 |聂九罗 | 邓妍 | 贺思慕 | @Dear-迪丽热巴L《利剑·玫瑰》迪丽热巴金世佳正义出鞘 ​,https://m.weibo.cn/detail/5150394415317738
白日提灯贺思慕/女鬼鬼王记忆,post,0,粉丝点评/记忆表达明确,奥利奥味儿小巴,#迪丽热巴聂九罗# dlrb #迪丽热巴枭起青壤# dlrb #迪丽热巴#时尚前沿雕塑家，睡衣富翁聂九罗@Dear-迪丽热巴 ，文能高雅艺术，武能辣手催枭，独居三合院，全能颜值高，你们让一让，我先结个婚。预约O枭起青壤 ​​​ 迪丽热巴 | 枭起青壤 | 利剑玫瑰|慕胥辞 |聂九罗 | 邓妍 | 贺思慕 | @Dear-迪丽热巴L枭起青壤官微的微博视频,https://m.weibo.cn/detail/5150394410604219
白日提灯贺思慕/女鬼鬼王记忆,post,0,粉丝点评/记忆表达明确,今天吃了巴,迪丽热巴超话#迪丽热巴的春日心动时刻# dlrb #凝聚v力量# dlrb #迪丽热巴#我的公主殿下👸🏻不是提裙行礼她是提走了我的心💖预约枭起青壤O枭起青壤迪丽热巴 | 枭起青壤 | 利剑玫瑰|慕胥辞 |聂九罗 | 邓妍 | 贺思慕 | @Dear-迪丽热巴L枭起青壤官微的微博视频 ​,https://m.weibo.cn/detail/5150394406668461
白日提灯贺思慕/女鬼鬼王记忆,post,0,粉丝点评/记忆表达明确,dbhsjakka,迪丽热巴超话#迪丽热巴# dlrb#迪丽热巴邓妍# dlrb#迪丽热巴利剑玫瑰#可爱又迷人的宝宝脸颊比心真迪甜 预约利剑玫瑰O利剑·玫瑰迪丽热巴 | 枭起青壤 | 利剑玫瑰|慕胥辞 |聂九罗 | 邓妍 | 贺思慕 | @Dear-迪丽热巴L《利剑·玫瑰》迪丽热巴金世佳正义出鞘 ​,https://m.weibo.cn/detail/5150394406144143
任安乐/帝梓元角色记忆,post,0,粉丝点评/记忆表达明确,frequency_44388,迪丽热巴超话#迪丽热巴聂九罗# dlrb #迪丽热巴枭起青壤# dlrb #迪丽热巴#每次下雪对帝梓元来说都是难熬的帝梓元（任安乐）每一次落泪都令人很心疼预约枭起青壤O枭起青壤迪丽热巴 | 枭起青壤 | 利剑玫瑰|慕胥辞 |聂九罗 | 邓妍 | 贺思慕 | @Dear-迪丽热巴L枭起青壤官微的微博视频 ​#超话星愿池#,https://m.weibo.cn/detail/5150394405619645
枭起青壤/聂九罗表演突破,post,0,粉丝点评/记忆表达明确,第八年日出,迪丽热巴超话#迪丽热巴枭起青壤# dlrb#迪丽热巴聂九罗# 花开满树是美景，我在对岸，看花看景，看四月里的你。@Dear-迪丽热巴 ​,https://m.weibo.cn/detail/5150394405619128
白日提灯贺思慕/女鬼鬼王记忆,post,0,粉丝点评/记忆表达明确,passionbaba,迪丽热巴超话#迪丽热巴的春日心动时刻# dlrb #凝聚v力量# dlrb #迪丽热巴#可爱又迷人的宝宝脸颊比心真迪甜 预约枭起青壤O枭起青壤迪丽热巴 | 枭起青壤 | 利剑玫瑰|慕胥辞 |聂九罗 | 邓妍 | 贺思慕 | @Dear-迪丽热巴L枭起青壤官微的微博视频 ​,https://m.weibo.cn/detail/5150394398018636
白日提灯贺思慕/女鬼鬼王记忆,post,0,粉丝点评/记忆表达明确,软糖爱好少女lll,迪丽热巴超话#迪丽热巴聂九罗# dlrb #迪丽热巴枭起青壤# dlrb #迪丽热巴#这个挥手手 太可爱了😍😍😍羡慕在场每一个亲眼看到宝贝的人预约枭起青壤O枭起青壤迪丽热巴 | 枭起青壤 | 利剑玫瑰|慕胥辞 |聂九罗 | 邓妍 | 贺思慕 | @Dear-迪丽热巴L枭起青壤官微的微博视频 ​,https://m.weibo.cn/detail/5150394402211280
白日提灯贺思慕/女鬼鬼王记忆,post,0,粉丝点评/记忆表达明确,badada-严贺版,迪丽热巴超话#迪丽热巴聂九罗# dlrb #迪丽热巴枭起青壤# dlrb #迪丽热巴#时尚前沿雕塑家，睡衣富翁聂九罗@Dear-迪丽热巴 ，文能高雅艺术，武能辣手催枭，独居三合院，全能颜值高，你们让一让，我先结个婚。预约O枭起青壤 ​​​ 迪丽热巴 | 枭起青壤 | 利剑玫瑰|慕胥辞 |聂九罗 | 邓妍 | 贺思慕 | @Dear-迪丽热巴L枭起青壤官微的微博视频,https://m.weibo.cn/detail/5150394398804991
白日提灯贺思慕/女鬼鬼王记忆,post,0,粉丝点评/记忆表达明确,泪痣中的白凤九,迪丽热巴超话#迪丽热巴聂九罗# dlrb #迪丽热巴枭起青壤# dlrb #迪丽热巴#i甜妹请这里集合不能错过可爱小巴的甜甜合集预约枭起青壤O枭起青壤迪丽热巴 | 枭起青壤 | 利剑玫瑰|慕胥辞 |聂九罗 | 邓妍 | 贺思慕 | @Dear-迪丽热巴L枭起青壤官微的微博视频 ​,https://m.weibo.cn/detail/5150394390153966
白日提灯贺思慕/女鬼鬼王记忆,post,0,粉丝点评/记忆表达明确,赤诚程十九岁版,迪丽热巴超话#迪丽热巴# dlrb #迪丽热巴邓妍# dlrb #迪丽热巴利剑玫瑰#迪丽热巴这个抬眸一眼万年预约利剑玫瑰O利剑·玫瑰迪丽热巴 | 枭起青壤 | 利剑玫瑰|慕胥辞 |聂九罗 | 邓妍 | 贺思慕 | @Dear-迪丽热巴L《利剑·玫瑰》迪丽热巴金世佳正义出鞘 ​,https://m.weibo.cn/detail/5150394385437183
爱丽丝与热巴的双向奔赴,post,0,粉丝点评/记忆表达明确,Dear-樱桃小苏,迪丽热巴超话#迪丽热巴的春日心动时刻# dlrb #凝聚v力量# dlrb #迪丽热巴#真的好爱真诚的宝贝迪丽热巴和爱丽丝锁了互相陪伴一起成长一起进步预约枭起青壤O枭起青壤迪丽热巴 | 枭起青壤 | 利剑玫瑰|慕胥辞 |聂九罗 | 邓妍 | 贺思慕 | @Dear-迪丽热巴L枭起青壤官微的微博视频 ​,https://m.weibo.cn/detail/5150394382291534
白日提灯贺思慕/女鬼鬼王记忆,post,0,粉丝点评/记忆表达明确,dbadada,迪丽热巴超话#迪丽热巴聂九罗# dlrb #迪丽热巴枭起青壤# dlrb #迪丽热巴#喜欢纪云禾甜甜的笑预约枭起青壤O枭起青壤迪丽热巴 | 枭起青壤 | 利剑玫瑰|慕胥辞 |聂九罗 | 邓妍 | 贺思慕 | @Dear-迪丽热巴L枭起青壤官微的微博视频 ​,https://m.weibo.cn/detail/5150394380458661
白日提灯贺思慕/女鬼鬼王记忆,post,0,粉丝点评/记忆表达明确,冷脸彻,迪丽热巴超话#迪丽热巴的春日心动时刻# dlrb #凝聚v力量# dlrb #迪丽热巴#起猛了！看见神女了！白发神女任安乐好美预约枭起青壤O枭起青壤迪丽热巴 | 枭起青壤 | 利剑玫瑰|慕胥辞 |聂九罗 | 邓妍 | 贺思慕 | @Dear-迪丽热巴L枭起青壤官微的微博视频 ​,https://m.weibo.cn/detail/5150394376522258
白日提灯贺思慕/女鬼鬼王记忆,post,0,粉丝点评/记忆表达明确,dbadada,迪丽热巴超话#迪丽热巴聂九罗# dlrb #迪丽热巴枭起青壤# dlrb #迪丽热巴#迪丽热巴这个抬眸一眼万年预约枭起青壤O枭起青壤迪丽热巴 | 枭起青壤 | 利剑玫瑰|慕胥辞 |聂九罗 | 邓妍 | 贺思慕 | @Dear-迪丽热巴L枭起青壤官微的微博视频 ​,https://m.weibo.cn/detail/5150394361320678
任安乐/帝梓元角色记忆,post,0,粉丝点评/记忆表达明确,今天吃了巴,迪丽热巴超话#迪丽热巴的春日心动时刻# dlrb #凝聚v力量# dlrb #迪丽热巴#每次下雪对帝梓元来说都是难熬的帝梓元（任安乐）每一次落泪都令人很心疼预约枭起青壤O枭起青壤迪丽热巴 | 枭起青壤 | 利剑玫瑰|慕胥辞 |聂九罗 | 邓妍 | 贺思慕 | @Dear-迪丽热巴L枭起青壤官微的微博视频 ​,https://m.weibo.cn/detail/5150394356863687
枭起青壤/聂九罗表演突破,post,0,粉丝点评/记忆表达明确,第八年日出,"迪丽热巴超话#迪丽热巴枭起青壤# dlrb#迪丽热巴聂九罗# “我用爱把你圈起，与这喧嚣隔离。""@Dear-迪丽热巴 ​",https://m.weibo.cn/detail/5150394355550407
白日提灯贺思慕/女鬼鬼王记忆,post,0,粉丝点评/记忆表达明确,dbhsjakka,迪丽热巴超话#迪丽热巴# dlrb #迪丽热巴贺思慕# dlrb #迪丽热巴慕胥辞#风情万种 民国美女 我的大小姐迪丽热巴预约慕胥辞O白日提灯迪丽热巴 | 枭起青壤 | 利剑玫瑰|慕胥辞 |聂九罗 | 邓妍 | 贺思慕 | @Dear-迪丽热巴L弗朗个西斯的微博视频 ​,https://m.weibo.cn/detail/5150394351098770
枭起青壤/聂九罗表演突破,post,0,粉丝点评/记忆表达明确,誓死追随巴巴,迪丽热巴超话#迪丽热巴枭起青壤# dlrb#迪丽热巴聂九罗# 白天喜欢太阳晚上喜欢月亮我永远喜欢你@Dear-迪丽热巴 ​,https://m.weibo.cn/detail/5150394352926771
白日提灯贺思慕/女鬼鬼王记忆,post,0,粉丝点评/记忆表达明确,糖炒瘦肉,迪丽热巴超话#迪丽热巴聂九罗# dlrb #迪丽热巴枭起青壤# dlrb #迪丽热巴#时尚前沿雕塑家，睡衣富翁聂九罗@Dear-迪丽热巴 ，文能高雅艺术，武能辣手催枭，独居三合院，全能颜值高，你们让一让，我先结个婚。预约O枭起青壤 ​​​ 迪丽热巴 | 枭起青壤 | 利剑玫瑰|慕胥辞 |聂九罗 | 邓妍 | 贺思慕 | @Dear-迪丽热巴L枭起青壤官微的微博视频,https://m.weibo.cn/detail/5150394352665556
白日提灯贺思慕/女鬼鬼王记忆,post,0,粉丝点评/记忆表达明确,Dear-迪九提,#迪丽热巴的春日心动时刻# dlrb #凝聚v力量# dlrb #迪丽热巴#打戏这方面还是得看我们任安乐寨主看谁敢动任安乐的人预约枭起青壤O枭起青壤迪丽热巴 | 枭起青壤 | 利剑玫瑰|慕胥辞 |聂九罗 | 邓妍 | 贺思慕 | @Dear-迪丽热巴L枭起青壤官微的微博视频 ​,https://m.weibo.cn/detail/5150394348208193
白日提灯贺思慕/女鬼鬼王记忆,post,0,粉丝点评/记忆表达明确,第8次杀青,迪丽热巴超话#迪丽热巴慕胥辞# dlrb#迪丽热巴贺思慕# “即使不能见到你，我也很庆幸，因为我能在青春肆意的年纪遇见你”@Dear-迪丽热巴 ​​​,https://m.weibo.cn/detail/5150394344286359
白日提灯贺思慕/女鬼鬼王记忆,post,0,粉丝点评/记忆表达明确,酒恋初迪,迪丽热巴超话#迪丽热巴的春日心动时刻# dlrb #凝聚v力量# dlrb #迪丽热巴#风情万种 民国美女 我的大小姐迪丽热巴预约枭起青壤O枭起青壤迪丽热巴 | 枭起青壤 | 利剑玫瑰|慕胥辞 |聂九罗 | 邓妍 | 贺思慕 | @Dear-迪丽热巴L枭起青壤官微的微博视频 ​,https://m.weibo.cn/detail/5150394342708456
白日提灯贺思慕/女鬼鬼王记忆,post,0,粉丝点评/记忆表达明确,咏杪,迪丽热巴超话#迪丽热巴的春日心动时刻# dlrb #凝聚v力量# dlrb #迪丽热巴#我的公主殿下👸🏻不是提裙行礼她是提走了我的心💖预约枭起青壤O枭起青壤迪丽热巴 | 枭起青壤 | 利剑玫瑰|慕胥辞 |聂九罗 | 邓妍 | 贺思慕 | @Dear-迪丽热巴L枭起青壤官微的微博视频 ​,https://m.weibo.cn/detail/5150394331699353
白日提灯贺思慕/女鬼鬼王记忆,post,0,粉丝点评/记忆表达明确,dbhsjakka,迪丽热巴超话#迪丽热巴# dlrb #迪丽热巴贺思慕# dlrb #迪丽热巴慕胥辞#每次下雪对帝梓元来说都是难熬的帝梓元（任安乐）每一次落泪都令人很心疼预约慕胥辞O白日提灯迪丽热巴 | 枭起青壤 | 利剑玫瑰|慕胥辞 |聂九罗 | 邓妍 | 贺思慕 | @Dear-迪丽热巴L网剧慕胥辞的微博视频 ​,https://m.weibo.cn/detail/5150394322784829
枭起青壤/聂九罗表演突破,post,0,粉丝点评/记忆表达明确,誓死追随巴巴,迪丽热巴超话#迪丽热巴枭起青壤# dlrb#迪丽热巴聂九罗# “你是我热爱世界的原因”@Dear-迪丽热巴 ​,https://m.weibo.cn/detail/5150394318588779
白日提灯贺思慕/女鬼鬼王记忆,post,0,粉丝点评/记忆表达明确,ID迪络软b,迪丽热巴超话#迪丽热巴的春日心动时刻# dlrb #凝聚v力量# dlrb #迪丽热巴#你好任安乐😍我是来当寨主夫人的预约枭起青壤O枭起青壤迪丽热巴 | 枭起青壤 | 利剑玫瑰|慕胥辞 |聂九罗 | 邓妍 | 贺思慕 | @Dear-迪丽热巴L枭起青壤官微的微博视频 ​,https://m.weibo.cn/detail/5150394314396520
白日提灯贺思慕/女鬼鬼王记忆,post,0,粉丝点评/记忆表达明确,泪痣中的白凤九,迪丽热巴超话#迪丽热巴聂九罗# dlrb #迪丽热巴枭起青壤# dlrb #迪丽热巴#i甜妹请这里集合不能错过可爱小巴的甜甜合集预约枭起青壤O枭起青壤迪丽热巴 | 枭起青壤 | 利剑玫瑰|慕胥辞 |聂九罗 | 邓妍 | 贺思慕 | @Dear-迪丽热巴L枭起青壤官微的微博视频 ​,https://m.weibo.cn/detail/5150394306792308
白日提灯贺思慕/女鬼鬼王记忆,post,0,粉丝点评/记忆表达明确,软糖爱好少女lll,迪丽热巴超话#迪丽热巴聂九罗# dlrb #迪丽热巴枭起青壤# dlrb #迪丽热巴#我们的石榴花一定会红起来的预约枭起青壤O枭起青壤迪丽热巴 | 枭起青壤 | 利剑玫瑰|慕胥辞 |聂九罗 | 邓妍 | 贺思慕 | @Dear-迪丽热巴L枭起青壤官微的微博视频 ​,https://m.weibo.cn/detail/5150394301551119
枭起青壤/聂九罗表演突破,post,0,粉丝点评/记忆表达明确,祈雪诗雨,迪丽热巴超话#迪丽热巴枭起青壤#dlrb #迪丽热巴聂九罗#迪丽热巴，来年秋想与你一起摘果子，最甜的属于你，你属于我。 @Dear-迪丽热巴 ​,https://m.weibo.cn/detail/5150394301026389
白日提灯贺思慕/女鬼鬼王记忆,post,0,粉丝点评/记忆表达明确,人生要有迪丽热巴,迪丽热巴超话#迪丽热巴的春日心动时刻# dlrb #凝聚v力量# dlrb #迪丽热巴#连风都在偏爱的女人迪丽热巴每一步都踩在我的心上预约枭起青壤O枭起青壤迪丽热巴 | 枭起青壤 | 利剑玫瑰|慕胥辞 |聂九罗 | 邓妍 | 贺思慕 | @Dear-迪丽热巴L枭起青壤官微的微博视频 ​,https://m.weibo.cn/detail/5150394297356926
白日提灯贺思慕/女鬼鬼王记忆,post,0,粉丝点评/记忆表达明确,-乄乂_,迪丽热巴超话 微风轻拂，阳光微暖，山河如梦，你入我心。@Dear-迪丽热巴#迪丽热巴的春日心动时刻# dlrb #凝聚v力量# dlrb #迪丽热巴# @Dear-迪丽热巴#迪丽热巴# dlrb #迪丽热巴邓妍# 迪丽热巴 | 枭起青壤 | 利剑玫瑰|慕胥辞 |聂九罗 | 邓妍 | 贺思慕 | @Dear-迪丽热巴 ​,https://m.weibo.cn/detail/5150394285298689
白日提灯贺思慕/女鬼鬼王记忆,post,0,粉丝点评/记忆表达明确,Dear甜心巴乐,迪丽热巴超话#迪丽热巴的春日心动时刻# dlrb #凝聚v力量# dlrb #迪丽热巴#哇哇哇是我们又甜又萌的寨主任安乐 谁看了都想抱回家预约枭起青壤O枭起青壤迪丽热巴 | 枭起青壤 | 利剑玫瑰|慕胥辞 |聂九罗 | 邓妍 | 贺思慕 | @Dear-迪丽热巴L枭起青壤官微的微博视频 ​,https://m.weibo.cn/detail/5150394259865904
枭起青壤/聂九罗表演突破,post,0,粉丝点评/记忆表达明确,想喝柯柯柯柯乐,"迪丽热巴超话#超话星愿池##迪丽热巴枭起青壤# ​​​dlrb#迪丽热巴聂九罗#𝐼 𝑙𝑜𝑣𝑒 𝑠𝑡𝑎𝑟𝑠, 𝑎𝑛𝑑 𝑦𝑜𝑢'𝑟𝑒 𝑎𝑠 𝑏𝑒𝑎𝑢𝑡𝑖𝑓𝑢𝑙 𝑎𝑠 𝑎 𝑠𝑡𝑎𝑟. 我喜欢星星，你和星星一样漂亮@Dear-迪丽热巴#迪丽热巴聂九罗# dlrb #迪丽热巴枭起青壤# 迪丽热巴｜枭起青壤｜聂九罗@Dear-迪丽热巴",https://m.weibo.cn/detail/5150394255152684
枭起青壤/聂九罗表演突破,post,0,粉丝点评/记忆表达明确,想喝柯柯柯柯乐,迪丽热巴超话#迪丽热巴枭起青壤# ​​​dlrb#迪丽热巴聂九罗#“𝒢𝒾𝓋𝓮 𝓉𝒽𝓮 𝒻𝓁𝓸𝓌𝓮𝓇 𝓸𝒻 𝒶 𝒸𝒾𝓉𝓎 𝓉𝓸 𝓂𝓎 𝓈𝓌𝓮𝓮𝓉𝒽𝓮𝒶𝓇𝓉 ·倾一城之花 赠与我心上人”@Dear-迪丽热巴#迪丽热巴聂九罗# dlrb #迪丽热巴枭起青壤# 迪丽热巴｜枭起青壤｜聂九罗@Dear-迪丽热巴,https://m.weibo.cn/detail/5150394229986065
白日提灯贺思慕/女鬼鬼王记忆,post,0,粉丝点评/记忆表达明确,28座日落屿,#迪丽热巴的春日心动时刻# dlrb #凝聚v力量# dlrb #迪丽热巴# @Dear-迪丽热巴#迪丽热巴聂九罗# dlrb #迪丽热巴枭起青壤# dlrb #迪丽热巴#时尚前沿雕塑家，睡衣富翁聂九罗@Dear-迪丽热巴 ，文能高雅艺术，武能辣手催枭，独居三合院，全能颜值高，你们让一让，我先结个婚。预约O枭起青壤 ​​​ 迪丽热巴 | 枭起青壤 | 利剑玫瑰|慕胥辞 |聂九罗 | 邓妍 | 贺思慕 | @Dear-迪丽热巴L枭起青壤官,https://m.weibo.cn/detail/5150394213474301
任安乐/帝梓元角色记忆,post,0,粉丝点评/记忆表达明确,阳光沙滩迪宝,迪丽热巴超话#迪丽热巴的春日心动时刻# dlrb #凝聚v力量# dlrb #迪丽热巴#每次下雪对帝梓元来说都是难熬的帝梓元（任安乐）每一次落泪都令人很心疼预约枭起青壤O枭起青壤迪丽热巴 | 枭起青壤 | 利剑玫瑰|慕胥辞 |聂九罗 | 邓妍 | 贺思慕 | @Dear-迪丽热巴L枭起青壤官微的微博视频,https://m.weibo.cn/detail/5150394200623879
白日提灯贺思慕/女鬼鬼王记忆,post,0,粉丝点评/记忆表达明确,阿琳唯爱巴,#迪丽热巴聂九罗# dlrb #迪丽热巴枭起青壤# dlrb #迪丽热巴#时尚前沿雕塑家，睡衣富翁聂九罗@Dear-迪丽热巴 ，文能高雅艺术，武能辣手催枭，独居三合院，全能颜值高，你们让一让，我先结个婚。预约O枭起青壤 ​​​ 迪丽热巴 | 枭起青壤 | 利剑玫瑰|慕胥辞 |聂九罗 | 邓妍 | 贺思慕 | @Dear-迪丽热巴L枭起青壤官微的微博视频,https://m.weibo.cn/detail/5150394141379923
纪云禾与鲛人系角色记忆,post,0,粉丝点评/记忆表达明确,迪玖玖d,迪丽热巴超话#迪丽热巴与君初相识# dlrb#迪丽热巴恰似故人归# dlrb#迪丽热巴纪云禾#追随光 我对你的爱意永远热烈真诚 𝓕𝓸𝓵𝓵𝓸𝔀 𝓽𝓱𝓮 𝓵𝓲𝓰𝓱𝓽 𝓶𝔂 𝓵𝓸𝓿𝓮 𝓯𝓸𝓻 𝔂𝓸𝓾 𝔀𝓲𝓵𝓵 𝓪𝓵𝔀𝓪𝔂𝓼 𝓫𝓮 𝔀𝓪𝓻𝓶 𝓪𝓷𝓭 𝓼𝓲𝓷𝓬𝓮𝓻𝓮.@Dear-迪丽热巴L嘉行迪丽热巴工作室的微博视频,https://m.weibo.cn/detail/5150394080297824
白日提灯贺思慕/女鬼鬼王记忆,post,0,粉丝点评/记忆表达明确,Drabei_暮崇缇颜,迪丽热巴超话#迪丽热巴聂九罗# dlrb #迪丽热巴枭起青壤# dlrb #迪丽热巴#一起来鉴赏纪云禾的各种“笑”同样是笑但迪丽热巴演出來每个笑都是拥有不同的情绪的笑令人甜到心坎里的甜笑，令人心疼的哭着笑，令人心寒的疯笑​​​预约枭起青壤O枭起青壤迪丽热巴 | 枭起青壤 | 利剑玫瑰|慕胥辞 |聂九罗 | 邓妍 | 贺思慕 | @Dear-迪丽热巴L枭起青壤官微的微博视频,https://m.weibo.cn/detail/5150394075057146
白日提灯贺思慕/女鬼鬼王记忆,post,0,粉丝点评/记忆表达明确,迪玖玖d,迪丽热巴超话#迪丽热巴# dlrb#迪丽热巴慕胥辞# dlrb#迪丽热巴贺思慕#“我的爱不是复制品 你能看到的都是我对你的独一无二.”𝓜𝔂 𝓵𝓸𝓿𝓮 𝓲𝓼 𝓷𝓸𝓽 𝓪 𝓬𝓸𝓹𝔂. 𝓐𝓵𝓵 𝔂𝓸𝓾 𝓬𝓪𝓷 𝓼𝓮𝓮 𝓲𝓼 𝓽𝓱𝓪𝓽 𝓘 𝓪𝓶 𝓾𝓷𝓲𝓺𝓾𝓮 𝓽𝓸 𝔂𝓸@Dear-迪丽热巴L嗑学君的微博视频,https://m.weibo.cn/detail/5150394033637369
白日提灯贺思慕/女鬼鬼王记忆,post,0,粉丝点评/记忆表达明确,迪玖玖d,迪丽热巴超话#迪丽热巴# dlrb#迪丽热巴慕胥辞# dlrb#迪丽热巴贺思慕#“你是我文案里的主角是我故事里的人” “𝓸𝓾 𝓪𝓻𝓮 𝓽𝓱𝓮 𝓼𝓽𝓪𝓻 𝓸𝓯 𝓫𝓸𝓸𝓴 𝓽𝓱𝓮 𝓹𝓮𝓻𝓼𝓸𝓷 𝓲𝓷 𝓼𝓽𝓸𝓻𝔂”@Dear-迪丽热巴L影视圈扒姐的微博视频,https://m.weibo.cn/detail/5150394004546347
白日提灯贺思慕/女鬼鬼王记忆,post,0,粉丝点评/记忆表达明确,哆巴胺巴巴,迪丽热巴超话#迪丽热巴聂九罗# dlrb #迪丽热巴枭起青壤# dlrb #迪丽热巴#时尚前沿雕塑家，睡衣富翁聂九罗@Dear-迪丽热巴 ，文能高雅艺术，武能辣手催枭，独居三合院，全能颜值高，你们让一让，我先结个婚。预约O枭起青壤 ​​​ 迪丽热巴 | 枭起青壤 | 利剑玫瑰|慕胥辞 |聂九罗 | 邓妍 | 贺思慕 | @Dear-迪丽热巴L枭起青壤官微的微博视频,https://m.weibo.cn/detail/5150393998776379
白日提灯贺思慕/女鬼鬼王记忆,post,0,粉丝点评/记忆表达明确,迪玖玖d,迪丽热巴超话#迪丽热巴# dlrb#迪丽热巴慕胥辞# dlrb#迪丽热巴贺思慕#我的爱是浪漫循环屈服你的一尘不染 𝓜𝔂 𝓵𝓸𝓿𝓮 𝓲𝓼 𝓪 𝓻𝓸𝓶𝓪𝓷𝓽𝓲𝓬 𝓬𝔂𝓬𝓵𝓮 𝓽𝓱𝓪𝓽 𝔂𝓲𝓮𝓵𝓭𝓼 𝔂𝓵𝓮𝓼𝓼.@Dear-迪丽热巴L羊村懒宝-的微博视频,https://m.weibo.cn/detail/5150393973609051
白日提灯贺思慕/女鬼鬼王记忆,post,0,粉丝点评/记忆表达明确,念迪迪ing,迪丽热巴超话#超话星愿池##迪丽热巴# dlrb #迪丽热巴贺思慕# dlrb #迪丽热巴慕胥辞#可爱又迷人的宝宝脸颊比心真迪甜 预约慕胥辞O白日提灯迪丽热巴 | 枭起青壤 | 利剑玫瑰|慕胥辞 |聂九罗 | 邓妍 | 贺思慕 | @Dear-迪丽热巴L网剧慕胥辞的微博视频,https://m.weibo.cn/detail/5150393961022345
白日提灯贺思慕/女鬼鬼王记忆,post,0,粉丝点评/记忆表达明确,迪玖玖d,"迪丽热巴超话#迪丽热巴# dlrb#迪丽热巴慕胥辞# dlrb#迪丽热巴贺思慕#你是被光偏爱的，你的名字燃起我永恒的春季 𝓨𝓸𝓾 𝓪𝓻𝓮 𝓯𝓪𝓿𝓸𝓻𝓮𝓭 𝓫𝔂 𝓽𝓱𝓮 𝓵𝓲𝓰𝓱𝓽, 𝓪𝓷𝓭 𝔂𝓸𝓾𝓻 𝓷𝓪𝓶𝓮 𝓲𝓰𝓷𝓲𝓽𝓮𝓼 𝓶𝔂 𝓮𝓽𝓮𝓻𝓷𝓪𝓵 𝓼𝓹𝓻𝓲𝓷𝓰.@Dear-迪丽热巴L文娱第三只眼的微博视频",https://m.weibo.cn/detail/5150393953419674
白日提灯贺思慕/女鬼鬼王记忆,post,0,粉丝点评/记忆表达明确,巴棵树莓子,"迪丽热巴超话#迪丽热巴慕胥辞#dlrb#迪丽热巴贺思慕#""🥀.爱意化成风声，替我转交给你"" 𝓛𝓸𝓋𝓮 𝓉𝓊𝓇𝓃𝓈 𝒾𝓃𝓉𝓸 𝓌𝒾𝓃𝒹, 𝓰𝒾𝓋𝓮 𝒾𝓉 𝓉𝓸 𝓎𝓸𝓊 𝒻𝓸𝓇 𝓂𝓮.🥀@Dear-迪丽热巴#迪丽热巴贺思慕# dlrb #迪丽热巴慕胥辞# dlrb #迪丽热巴# @Dear-迪丽热巴",https://m.weibo.cn/detail/5183371787108714
白日提灯贺思慕/女鬼鬼王记忆,post,0,粉丝点评/记忆表达明确,昌隗衫,迪丽热巴超话#迪丽热巴聂九罗# dlrb #迪丽热巴枭起青壤#迪丽热巴我喜欢夏天的绿意盎然喜欢夏天肆意吹拂的风更喜欢热爱夏天的小迪.@Dear-迪丽热巴迪丽热巴 | 枭起青壤 | 利剑玫瑰|慕胥辞 |聂九罗 | 邓妍 | 贺思慕 | @Dear-迪丽热巴 ​,https://m.weibo.cn/detail/5183371782131413
任安乐/帝梓元角色记忆,post,0,粉丝点评/记忆表达明确,Badada任安乐,迪丽热巴超话#迪丽热巴公诉# dlrb#迪丽热巴安旎#“那就祝我的大明星平平安安” 𝒯𝒽ℯ𝓃 ℐ 𝓌𝒾𝓈𝒽 𝓂𝓎 𝒷𝒾ℊ 𝓈𝓉𝒶𝓇 𝓅ℯ𝒶𝒸ℯ迪丽热巴公诉|安旎|安乐传|任安乐|帝梓元@Dear-迪丽热巴L公诉精英的微博视频 ​,https://m.weibo.cn/detail/5183371736252867
枭起青壤/聂九罗表演突破,post,0,粉丝点评/记忆表达明确,A小迪欣,迪丽热巴超话#迪丽热巴聂九罗# dlrb #迪丽热巴枭起青壤#“零碎的岛屿，漫天的星河，都会化作羽毛，带我寻找你的方向”@Dear-迪丽热巴 ​,https://m.weibo.cn/detail/5183371724460307
白日提灯贺思慕/女鬼鬼王记忆,post,0,粉丝点评/记忆表达明确,不爱吃鱼的一只喵喵,迪丽热巴超话#迪丽热巴# dlrb#迪丽热巴邓妍# dlrb#迪丽热巴利剑玫瑰#安乐在[全力以赴]解百忧～希望我们都“任他清风明月，我自安康常乐乐乐乐乐乐” 预约利剑玫瑰O利剑·玫瑰迪丽热巴 | 枭起青壤 | 利剑玫瑰|慕胥辞 |聂九罗 | 邓妍 | 贺思慕 | @Dear-迪丽热巴L《利剑·玫瑰》迪丽热巴金世佳正义出鞘,https://m.weibo.cn/detail/5183371715547939
白日提灯贺思慕/女鬼鬼王记忆,post,0,粉丝点评/记忆表达明确,恋恋思华年,迪丽热巴超话#迪丽热巴##利剑玫瑰##迪丽热巴利剑玫瑰##迪丽热巴邓妍##枭起青壤##迪丽热巴枭起青壤##迪丽热巴聂九罗##慕胥辞##迪丽热巴慕胥辞##迪丽热巴贺思慕#“请你相信我，相信我们，相信中国检察机关，我们一定说得到做得到。”——安旎安旎用她的专业、敬业和永不放弃的精神，立志清除网络诈骗这颗毒瘤。如今她终于做到了，她的努力没有白费，她的付出全都值得！预约利剑玫瑰 O利剑·玫瑰预约枭起青壤 O枭起青壤预约慕胥辞 O白日提灯LDe,https://m.weibo.cn/detail/5183371713972181
白日提灯贺思慕/女鬼鬼王记忆,post,0,粉丝点评/记忆表达明确,Badada任安乐,"迪丽热巴超话#迪丽热巴# dlrb#迪丽热巴慕胥辞# dlrb#迪丽热巴贺思慕#你是被光偏爱的，你的名字燃起我永恒的春季 𝓨𝓸𝓾 𝓪𝓻𝓮 𝓯𝓪𝓿𝓸𝓻𝓮𝓭 𝓫𝔂 𝓽𝓱𝓮 𝓵𝓲𝓰𝓱𝓽, 𝓪𝓷𝓭 𝔂𝓸𝓾𝓻 𝓷𝓪𝓶𝓮 𝓲𝓰𝓷𝓲𝓽𝓮𝓼 𝓶𝔂 𝓮𝓽𝓮𝓻𝓷𝓪𝓵 𝓼𝓹𝓻𝓲𝓷𝓰.@Dear-迪丽热巴L文娱第三只眼的微博视频",https://m.weibo.cn/detail/5183371711093256
枭起青壤/聂九罗表演突破,post,0,粉丝点评/记忆表达明确,寻棣迪玫瑰苑,迪丽热巴超话 dlrb#迪丽热巴邓妍# dlrb#迪丽热巴聂九罗# dlrb#迪丽热巴枭起青壤# “山林与你同在，我一直都在热爱” 𝙏𝙝𝙚 𝙢𝙤𝙪𝙣𝙩𝙖𝙞𝙣𝙨 𝙖𝙧𝙚 𝙬𝙞𝙩𝙝 𝙮𝙤𝙪 𝙄'𝙫𝙚 𝙖𝙡𝙬𝙖𝙮𝙨 𝙡𝙤𝙫𝙚𝙙@Dear-迪丽热巴,https://m.weibo.cn/detail/5183371695358999
白日提灯贺思慕/女鬼鬼王记忆,post,0,粉丝点评/记忆表达明确,巴棵树莓子,"迪丽热巴超话#迪丽热巴慕胥辞#dlrb#迪丽热巴贺思慕#""𝓜𝔂 𝓽𝓮𝓷𝓭𝓮𝓻𝓷𝓮𝓼𝓼 𝓪𝓷𝓭 𝓻𝓸𝓶𝓪𝓷𝓬𝓮 𝓪𝓻𝓮 𝓸𝓷𝓵𝔂 𝓯𝓸𝓻 𝓜𝓲𝓼𝓼 𝓓𝓲.""""我的温柔和浪漫都只给迪小姐一个人.""@Dear-迪丽热巴#迪丽热巴贺思慕# dlrb #迪丽热巴慕胥辞# dlrb #迪丽热巴# @Dear-迪丽热巴",https://m.weibo.cn/detail/5183371685662938
枭起青壤/聂九罗表演突破,post,0,粉丝点评/记忆表达明确,A小迪欣,迪丽热巴超话#迪丽热巴聂九罗# dlrb #迪丽热巴枭起青壤#“娱乐圈漂亮的一抓一大把 但是迪丽热巴带给我的感觉永远与众不同.”@Dear-迪丽热巴 ​,https://m.weibo.cn/detail/5183371680421422
白日提灯贺思慕/女鬼鬼王记忆,post,0,粉丝点评/记忆表达明确,巴只歪头小猫-,迪丽热巴超话#迪丽热巴聂九罗# dlrb #迪丽热巴枭起青壤# dlrb #迪丽热巴# 坐等迪丽热巴用演技塑活这个又美又狠的聂九罗！预约O枭起青壤 ​​​ 迪丽热巴 | 枭起青壤 | 利剑玫瑰|慕胥辞 |聂九罗 | 邓妍 | 贺思慕 | @Dear-迪丽热巴L枭起青壤官微的微博视频 ​,https://m.weibo.cn/detail/5183371677795350
纪云禾与鲛人系角色记忆,post,0,粉丝点评/记忆表达明确,Badada任安乐,迪丽热巴超话#迪丽热巴与君初相识#dlrb#迪丽热巴纪云禾#“如果遇到了自己想做的事情，那就勇敢去做吧！大胆的去付出吧！很多时候，我们缺少的不是想法，不是能力，而是那份果断和勇敢”—— @Dear-迪丽热巴迪丽热巴纪云禾｜迪丽热巴与君初相识｜迪丽热巴恰似故人归LDear-迪丽热巴的微博视频 ​,https://m.weibo.cn/detail/5183371657084975
白日提灯贺思慕/女鬼鬼王记忆,post,0,粉丝点评/记忆表达明确,恋恋思华年,迪丽热巴超话#迪丽热巴##利剑玫瑰##迪丽热巴利剑玫瑰##迪丽热巴邓妍##枭起青壤##迪丽热巴枭起青壤##迪丽热巴聂九罗##慕胥辞##迪丽热巴慕胥辞##迪丽热巴贺思慕#我的公主殿下，你提的不是礼裙，是我的心！预约利剑玫瑰 O利剑·玫瑰预约枭起青壤 O枭起青壤预约慕胥辞 O白日提灯LArdentlyLove0603_迪丽热巴的微博视频,https://m.weibo.cn/detail/5183371643979759
枭起青壤/聂九罗表演突破,post,0,粉丝点评/记忆表达明确,巴月冬,迪丽热巴超话#迪丽热巴聂九罗# dlrb #迪丽热巴枭起青壤#“永远喜欢她那种不服输敢于尝试的勇气”@Dear-迪丽热巴 ​,https://m.weibo.cn/detail/5183371638477825
白日提灯贺思慕/女鬼鬼王记忆,post,0,粉丝点评/记忆表达明确,吃一碗热范巴,迪丽热巴超话迪丽热巴超话#迪丽热巴# dlrb #迪丽热巴贺思慕# dlrb #迪丽热巴慕胥辞#如果以后有风会吹动我的头发，我知道是你（纪云禾）来看我了——@Dear-迪丽热巴纪云禾的每一滴泪，每一个笑，我们会永远记得预约慕胥辞O白日提灯迪丽热巴 | 枭起青壤 | 利剑玫瑰|慕胥辞 |聂九罗 | 邓妍 | 贺思慕 | @Dear-迪丽热巴 L网剧慕胥辞的微博视频,https://m.weibo.cn/detail/5183371635853855
任安乐/帝梓元角色记忆,post,0,粉丝点评/记忆表达明确,Dear-estherr,迪丽热巴超话#迪丽热巴安乐传# dlrb#迪丽热巴任安乐#“她是我孤独又平庸岁月里 唯一盛开的玫瑰花”@Dear-迪丽热巴 ​,https://m.weibo.cn/detail/5183371635855642
白日提灯贺思慕/女鬼鬼王记忆,post,0,粉丝点评/记忆表达明确,桉悸悦,迪丽热巴超话#迪丽热巴贺思慕# dlrb #慕胥辞# dlrb #迪丽热巴#心怀大义守护人间与灵界，贺思慕格局拉满，迪丽热巴快诠释这气魄！预约慕胥辞 O白日提灯 ​​​ 迪丽热巴 | 枭起青壤 | 利剑玫瑰|慕胥辞 |聂九罗 | 邓妍 | 贺思慕 | @Dear-迪丽热巴L网剧慕胥辞的微博视频 ​,https://m.weibo.cn/detail/5183371634280395
白日提灯贺思慕/女鬼鬼王记忆,post,0,粉丝点评/记忆表达明确,不会放弃巴,迪丽热巴超话迪丽热巴超话#迪丽热巴聂九罗# dlrb #迪丽热巴枭起青壤# dlrb #迪丽热巴# 坐等迪丽热巴用演技塑活这个又美又狠的聂九罗！预约O枭起青壤 ​​​ 迪丽热巴 | 枭起青壤 | 利剑玫瑰|慕胥辞 |聂九罗 | 邓妍 | 贺思慕 | @Dear-迪丽热巴L枭起青壤官微的微博视频 ​,https://m.weibo.cn/detail/5183371625890629
白日提灯贺思慕/女鬼鬼王记忆,post,0,粉丝点评/记忆表达明确,小迪早点醒,迪丽热巴超话#迪丽热巴贺思慕# dlrb #迪丽热巴慕胥辞#“我词不达意但我爱你”@Dear-迪丽热巴 ​,https://m.weibo.cn/detail/5183371619077905
白日提灯贺思慕/女鬼鬼王记忆,post,0,粉丝点评/记忆表达明确,hi_my_cat,迪丽热巴超话#迪丽热巴# dlrb #迪丽热巴贺思慕# dlrb #迪丽热巴慕胥辞# 我纪云禾可是万花谷最强的御灵师预约慕胥辞O白日提灯迪丽热巴 | 枭起青壤 | 利剑玫瑰|慕胥辞 |聂九罗 | 邓妍 | 贺思慕 | @Dear-迪丽热巴L网剧慕胥辞的微博视频 ​,https://m.weibo.cn/detail/5183371609376293
枭起青壤/聂九罗表演突破,post,0,粉丝点评/记忆表达明确,辞忧迪,#迪丽热巴手执疯刀剧照#迪丽热巴超话宝宝太帅了#枭起青壤# dlrb #迪丽热巴聂九罗# dlrb #迪丽热巴# 迪丽热巴 | 枭起青壤 | 利剑玫瑰|慕胥辞 |聂九罗 | 邓妍 | 贺思慕 | @Dear-迪丽热巴 ​,https://m.weibo.cn/detail/5183371573467609
白日提灯贺思慕/女鬼鬼王记忆,post,0,粉丝点评/记忆表达明确,小迪早点醒,迪丽热巴超话#迪丽热巴贺思慕# dlrb #迪丽热巴慕胥辞#“就算见不到又怎样呢 相隔万里我也能爱你”@Dear-迪丽热巴 ​,https://m.weibo.cn/detail/5183371555901442
白日提灯贺思慕/女鬼鬼王记忆,post,0,粉丝点评/记忆表达明确,Lu_椿日提子树,迪丽热巴超话#迪丽热巴# dlrb #迪丽热巴利剑玫瑰# dlrb #迪丽热巴邓妍#未来很长，我们只会变得更强预约利剑玫瑰O利剑·玫瑰迪丽热巴 | 枭起青壤 | 利剑玫瑰|慕胥辞 |聂九罗 | 邓妍 | 贺思慕 | @Dear-迪丽热巴L《利剑·玫瑰》迪丽热巴金世佳正义出鞘 ​,https://m.weibo.cn/detail/5183371521035986
白日提灯贺思慕/女鬼鬼王记忆,post,0,粉丝点评/记忆表达明确,迪迪李十四,迪丽热巴超话#迪丽热巴聂九罗# dlrb #迪丽热巴枭起青壤# dlrb #迪丽热巴# 坐等迪丽热巴用演技塑活这个又美又狠的聂九罗！预约O枭起青壤 ​​​ 迪丽热巴 | 枭起青壤 | 利剑玫瑰|慕胥辞 |聂九罗 | 邓妍 | 贺思慕 | @Dear-迪丽热巴L枭起青壤官微的微博视频 ​,https://m.weibo.cn/detail/5183371518936466
白日提灯贺思慕/女鬼鬼王记忆,post,0,粉丝点评/记忆表达明确,巴棵树莓子,"迪丽热巴超话#迪丽热巴慕胥辞#dlrb#迪丽热巴贺思慕#""🥀.爱意化成风声，替我转交给你"" 𝓛𝓸𝓋𝓮 𝓉𝓊𝓇𝓃𝓈 𝒾𝓃𝓉𝓸 𝓌𝒾𝓃𝒹, 𝓰𝒾𝓋𝓮 𝒾𝓉 𝓉𝓸 𝓎𝓸𝓊 𝒻𝓸𝓇 𝓂𝓮.🥀@Dear-迪丽热巴#迪丽热巴贺思慕# dlrb #迪丽热巴慕胥辞# dlrb #迪丽热巴# @Dear-迪丽热巴",https://m.weibo.cn/detail/5183371481188528
白日提灯贺思慕/女鬼鬼王记忆,post,0,粉丝点评/记忆表达明确,hi_my_cat,迪丽热巴超话#迪丽热巴聂九罗# dlrb #迪丽热巴枭起青壤# dlrb #迪丽热巴#时尚前沿雕塑家，睡衣富翁聂九罗@Dear-迪丽热巴 ，文能高雅艺术，武能辣手催枭，独居三合院，全能颜值高，你们让一让，我先结个婚。预约O枭起青壤 ​​​ 迪丽热巴 | 枭起青壤 | 利剑玫瑰|慕胥辞 |聂九罗 | 邓妍 | 贺思慕 | @Dear-迪丽热巴L枭起青壤官微的微博视频,https://m.weibo.cn/detail/5183371480928018
白日提灯贺思慕/女鬼鬼王记忆,post,0,粉丝点评/记忆表达明确,Dear-辣辣巴,迪丽热巴超话#迪丽热巴##利剑玫瑰##迪丽热巴利剑玫瑰##迪丽热巴邓妍##枭起青壤##迪丽热巴枭起青壤##迪丽热巴聂九罗##慕胥辞##迪丽热巴慕胥辞##迪丽热巴贺思慕#我的公主殿下，你提的不是礼裙，是我的心！预约利剑玫瑰 O利剑·玫瑰预约枭起青壤 O枭起青壤预约慕胥辞 O白日提灯LArdentlyLove0603_迪丽热巴的微博视频,https://m.weibo.cn/detail/5183371480139201
白日提灯贺思慕/女鬼鬼王记忆,post,0,粉丝点评/记忆表达明确,迪声淡淡清,"迪丽热巴超话#迪丽热巴# dlrb#迪丽热巴慕胥辞# dlrb#迪丽热巴贺思慕#我意江南似风前絮，奈少年留我终红尘. “𝓘 𝓉𝒽𝒾𝓃𝓀 𝓉𝒽𝓮 𝓈𝓸𝓊𝓉𝒽 𝓸𝒻 𝓉𝒽𝓮 𝒴𝒶𝓃𝓰𝓉𝓏𝓮 𝓡𝒾𝓋𝓮𝓇 𝒾𝓈 𝓁𝒾𝓀𝓮 𝓉𝒽𝓮 𝓌𝒾𝓃𝒹 𝒷𝓮𝒻𝓸𝓇𝓮 𝓉𝒽𝓮 𝒸𝒶𝓉𝓀𝒾𝓃𝓈, 𝒩𝒶𝒾 𝓎𝓸𝓊𝓉𝒽 𝓁𝓮𝒻𝓉 𝓂𝓮 𝒾𝓃 𝓉𝒽𝓮 𝓌𝓸𝓇𝓁𝒹 𝓸𝒻 𝓂𝓸𝓇𝓉𝒶𝓁𝓈.”@Dear-迪丽热巴L网剧白日提灯的微博视频",https://m.weibo.cn/detail/5183371308435301
白日提灯贺思慕/女鬼鬼王记忆,post,0,粉丝点评/记忆表达明确,巴棵树莓子,迪丽热巴超话#迪丽热巴慕胥辞#dlrb#迪丽热巴贺思慕#“𝒢𝒾𝓋𝓮 𝓉𝒽𝓮 𝒻𝓁𝓸𝓌𝓮𝓇 𝓸𝒻 𝒶 𝒸𝒾𝓉𝓎 𝓉𝓸 𝓂𝓎 𝓈𝓌𝓮𝓮𝓉𝒽𝓮𝒶𝓇𝓉 ·倾一城之花 赠与我心上人”@Dear-迪丽热巴#迪丽热巴贺思慕# dlrb #迪丽热巴慕胥辞# dlrb #迪丽热巴# @Dear-迪丽热巴,https://m.weibo.cn/detail/5183371258888253
白日提灯贺思慕/女鬼鬼王记忆,post,0,粉丝点评/记忆表达明确,星期日不想写作业,迪丽热巴超话#迪丽热巴陈星旭双人花絮##迪丽热巴# | 迪丽热巴 | dlrb | @Dear-迪丽热巴 ​​​一键直达预约👉🏻O明星作品上榜信息迪丽热巴 | 贺思慕 | 慕胥辞 | 聂九罗 | 枭起青壤 | 利剑·玫瑰 | 邓妍#枭起青壤# 预约： O枭起青壤 ​​​#利剑玫瑰# 预约：O利剑·玫瑰 ​​​#慕胥辞# 预约：O白日提灯 ​​​#利剑·玫瑰#dlrb#迪丽热巴利剑·玫瑰# ​​​| 迪丽热巴|利剑·玫瑰|邓妍 | @D,https://m.weibo.cn/detail/5183371220353266
白日提灯贺思慕/女鬼鬼王记忆,post,0,粉丝点评/记忆表达明确,皑皑夜未央,迪丽热巴超话#迪丽热巴##利剑玫瑰##迪丽热巴利剑玫瑰##迪丽热巴邓妍##枭起青壤##迪丽热巴枭起青壤##迪丽热巴聂九罗##慕胥辞##迪丽热巴慕胥辞##迪丽热巴贺思慕#灵主大人@Dear-迪丽热巴！收了我吧！我什么都会！预约利剑玫瑰 O利剑·玫瑰预约枭起青壤 O枭起青壤预约慕胥辞 O白日提灯LNahnu0603迪丽热巴的微博视频,https://m.weibo.cn/detail/5183371107634525
演员成长与角色群像评价,post,0,粉丝点评/记忆表达明确,星期日不想写作业,迪丽热巴超话#迪丽热巴陈星旭双人花絮##迪丽热巴# | 迪丽热巴 | dlrb | @Dear-迪丽热巴 ​​​一键直达预约👉🏻O明星作品上榜信息迪丽热巴 | 慕胥辞 | 贺思慕 | 枭起青壤 | 聂九罗 | 利剑·玫瑰 | 邓妍#枭起青壤# 预约： O枭起青壤#利剑玫瑰# 预约：O利剑·玫瑰 ​​​#慕胥辞# 预约：O白日提灯 ​​​#利剑·玫瑰#dlrb#迪丽热巴利剑·玫瑰# ​​​| 迪丽热巴|利剑·玫瑰|邓妍 | @Dear-,https://m.weibo.cn/detail/5183371060711913
白日提灯贺思慕/女鬼鬼王记忆,post,0,粉丝点评/记忆表达明确,巴棵树莓子,迪丽热巴超话#迪丽热巴慕胥辞#dlrb#迪丽热巴贺思慕#“𝒢𝒾𝓋𝓮 𝓉𝒽𝓮 𝒻𝓁𝓸𝓌𝓮𝓇 𝓸𝒻 𝒶 𝒸𝒾𝓉𝓎 𝓉𝓸 𝓂𝓎 𝓈𝓌𝓮𝓮𝓉𝒽𝓮𝒶𝓇𝓉 ·倾一城之花 赠与我心上人”@Dear-迪丽热巴#迪丽热巴贺思慕# dlrb #迪丽热巴慕胥辞# dlrb #迪丽热巴# @Dear-迪丽热巴,https://m.weibo.cn/detail/5183371019030079
白日提灯贺思慕/女鬼鬼王记忆,post,0,粉丝点评/记忆表达明确,绝版巴音盒,"迪丽热巴超话 dlrb#迪丽热巴#dlrb#迪丽热巴慕胥辞#dlrb#迪丽热巴贺思慕#“月亮温柔了百年，而你惊艳我整个青春” ""𝓣𝓱𝓮 𝓶𝓸𝓸𝓷 𝓱𝓪𝓼 𝓫𝓮𝓮𝓷 𝓰𝓮𝓷𝓽𝓵𝓮 𝓯𝓸𝓻 𝓪 𝓱𝓾𝓷𝓭𝓻𝓮𝓭 𝔂𝓮𝓪𝓻𝓼, 𝓪𝓷𝓭 𝔂𝓸𝓾 𝓱𝓪𝓿𝓮 𝓪𝓶𝓪𝔃𝓮𝓭 𝓶@Dear-迪丽热巴",https://m.weibo.cn/detail/5183370998580805
演员成长与角色群像评价,post,0,粉丝点评/记忆表达明确,星期日不想写作业,迪丽热巴超话#迪丽热巴陈星旭双人花絮##迪丽热巴# | 迪丽热巴 | dlrb | @Dear-迪丽热巴 ​​​一键直达预约👉🏻O明星作品上榜信息迪丽热巴 | 慕胥辞 | 贺思慕 | 枭起青壤 | 聂九罗 | 利剑·玫瑰 | 邓妍#枭起青壤# 预约： O枭起青壤 ​​​#利剑玫瑰# 预约：O利剑·玫瑰 ​​​#慕胥辞# 预约：O白日提灯 ​​​#利剑·玫瑰#dlrb#迪丽热巴利剑·玫瑰# ​​​| 迪丽热巴|利剑·玫瑰|邓妍 | @D,https://m.weibo.cn/detail/5183370976826495
白日提灯贺思慕/女鬼鬼王记忆,post,0,粉丝点评/记忆表达明确,皑皑夜未央,迪丽热巴超话#迪丽热巴##利剑玫瑰##迪丽热巴利剑玫瑰##迪丽热巴邓妍##枭起青壤##迪丽热巴枭起青壤##迪丽热巴聂九罗##慕胥辞##迪丽热巴慕胥辞##迪丽热巴贺思慕#“请你相信我，相信我们，相信中国检察机关，我们一定说得到做得到。”——安旎安旎用她的专业、敬业和永不放弃的精神，立志清除网络诈骗这颗毒瘤。如今她终于做到了，她的努力没有白费，她的付出全都值得！预约利剑玫瑰 O利剑·玫瑰预约枭起青壤 O枭起青壤预约慕胥辞 O白日提灯LDe,https://m.weibo.cn/detail/5183370965552447
枭起青壤/聂九罗表演突破,post,0,粉丝点评/记忆表达明确,-傅提冬园-,#迪丽热巴# dlrb #迪丽热巴邓妍# dlrb #迪丽热巴利剑玫瑰#如果以后有风会吹动我的头发，我知道是你（纪云禾）来看我了——@Dear-迪丽热巴纪云禾的每一滴泪，每一个笑，我们会永远记得预约利剑玫瑰O利剑·玫瑰迪丽热巴 | 枭起青壤 | 利剑玫瑰 | 开始推理吧 | 聂九罗 | 邓妍@Dear-迪丽热巴 L《利剑·玫瑰》迪丽热巴金世佳正义出鞘,https://m.weibo.cn/detail/5183370936193691
白日提灯贺思慕/女鬼鬼王记忆,post,0,粉丝点评/记忆表达明确,裘千尺他奶奶,"迪丽热巴超话#迪丽热巴# dlrb#迪丽热巴慕胥辞# dlrb#迪丽热巴贺思慕#你是被光偏爱的，你的名字燃起我永恒的春季 𝓨𝓸𝓾 𝓪𝓻𝓮 𝓯𝓪𝓿𝓸𝓻𝓮𝓭 𝓫𝔂 𝓽𝓱𝓮 𝓵𝓲𝓰𝓱𝓽, 𝓪𝓷𝓭 𝔂𝓸𝓾𝓻 𝓷𝓪𝓶𝓮 𝓲𝓰𝓷𝓲𝓽𝓮𝓼 𝓶𝔂 𝓮𝓽𝓮𝓻𝓷𝓪𝓵 𝓼𝓹𝓻𝓲𝓷𝓰.@Dear-迪丽热巴L文娱第三只眼的微博视频",https://m.weibo.cn/detail/5183370918369520
白日提灯贺思慕/女鬼鬼王记忆,post,0,粉丝点评/记忆表达明确,巴棵树莓子,"迪丽热巴超话#迪丽热巴慕胥辞#dlrb#迪丽热巴贺思慕#""𝓜𝔂 𝓽𝓮𝓷𝓭𝓮𝓻𝓷𝓮𝓼𝓼 𝓪𝓷𝓭 𝓻𝓸𝓶𝓪𝓷𝓬𝓮 𝓪𝓻𝓮 𝓸𝓷𝓵𝔂 𝓯𝓸𝓻 𝓜𝓲𝓼𝓼 𝓓𝓲.""""我的温柔和浪漫都只给迪小姐一个人.""@Dear-迪丽热巴#迪丽热巴贺思慕# dlrb #迪丽热巴慕胥辞# dlrb #迪丽热巴# @Dear-迪丽热巴",https://m.weibo.cn/detail/5183370860430663
白日提灯贺思慕/女鬼鬼王记忆,post,0,粉丝点评/记忆表达明确,巴棵树莓子,迪丽热巴超话#迪丽热巴慕胥辞#dlrb#迪丽热巴贺思慕#“𝒢𝒾𝓋𝓮 𝓉𝒽𝓮 𝒻𝓁𝓸𝓌𝓮𝓇 𝓸𝒻 𝒶 𝒸𝒾𝓉𝓎 𝓉𝓸 𝓂𝓎 𝓈𝓌𝓮𝓮𝓉𝒽𝓮𝒶𝓇𝓉 ·倾一城之花 赠与我心上人”@Dear-迪丽热巴#迪丽热巴贺思慕# dlrb #迪丽热巴慕胥辞# dlrb #迪丽热巴# @Dear-迪丽热巴,https://m.weibo.cn/detail/5183370822423075
白日提灯贺思慕/女鬼鬼王记忆,post,0,粉丝点评/记忆表达明确,巴棵树莓子,"迪丽热巴超话#迪丽热巴慕胥辞#dlrb#迪丽热巴贺思慕#""𝓜𝔂 𝓽𝓮𝓷𝓭𝓮𝓻𝓷𝓮𝓼𝓼 𝓪𝓷𝓭 𝓻𝓸𝓶𝓪𝓷𝓬𝓮 𝓪𝓻𝓮 𝓸𝓷𝓵𝔂 𝓯𝓸𝓻 𝓜𝓲𝓼𝓼 𝓓𝓲.""""我的温柔和浪漫都只给迪小姐一个人.""@Dear-迪丽热巴#迪丽热巴贺思慕# dlrb #迪丽热巴慕胥辞# dlrb #迪丽热巴# @Dear-迪丽热巴",https://m.weibo.cn/detail/5183370793058884
枭起青壤/聂九罗表演突破,post,0,粉丝点评/记忆表达明确,小迪爱吃糖葫芦,迪丽热巴超话#迪丽热巴枭起青壤# dlrb#迪丽热巴聂九罗# 素未谋面的爱人我们连见面都是明码标价@Dear-迪丽热巴 ​,https://m.weibo.cn/detail/5216711474941489
任安乐/帝梓元角色记忆,post,0,粉丝点评/记忆表达明确,--lov迪--,迪丽热巴超话 被我们寨主迷得神魂颠倒，要和美女@Dear-迪丽热巴 贴贴#迪丽热巴任安乐#dlrb#迪丽热巴安乐传#迪丽热巴安乐传|任安乐|帝梓元|公诉|安旎 L雪碧三分饱的微博视频 ​,https://m.weibo.cn/detail/5216711437190727
白日提灯贺思慕/女鬼鬼王记忆,post,0,粉丝点评/记忆表达明确,啊迪不睡觉,迪丽热巴超话#迪丽热巴聂九罗# dlrb #枭起青壤# dlrb #迪丽热巴# 从知道迪丽热巴要演聂九罗开始，我就一直在盼着这部剧，快播快播！预约 O明星作品上榜信息各种增加预约方法微博正文迪丽热巴 | 枭起青壤 | |慕胥辞 |聂九罗 | 贺思慕 | @Dear-迪丽热巴L枭起青壤官微的微博视频 ​,https://m.weibo.cn/detail/5216711428015664
白日提灯贺思慕/女鬼鬼王记忆,post,0,粉丝点评/记忆表达明确,迪迪的桐桐,"迪丽热巴超话#迪丽热巴慕胥辞#dlrb#迪丽热巴贺思慕#""𝓜𝔂 𝓽𝓮𝓷𝓭𝓮𝓻𝓷𝓮𝓼𝓼 𝓪𝓷𝓭 𝓻𝓸𝓶𝓪𝓷𝓬𝓮 𝓪𝓻𝓮 𝓸𝓷𝓵𝔂 𝓯𝓸𝓻 𝓜𝓲𝓼𝓼 𝓓𝓲.""""我的温柔和浪漫都只给迪小姐一个人.""@Dear-迪丽热巴#迪丽热巴贺思慕# dlrb #迪丽热巴慕胥辞# dlrb #迪丽热巴# @Dear-迪丽热巴",https://m.weibo.cn/detail/5216711423037537
白日提灯贺思慕/女鬼鬼王记忆,post,0,粉丝点评/记忆表达明确,啊迪不睡觉,迪丽热巴超话#迪丽热巴聂九罗# dlrb #枭起青壤# dlrb #迪丽热巴枭起青壤# 迪丽热巴饰演的聂九罗一定会给我们带来超多惊喜，我已经准备好追剧了😍预约 O明星作品上榜信息各种增加预约方法微博正文迪丽热巴 | 枭起青壤 | |慕胥辞 |聂九罗 | 贺思慕 | @Dear-迪丽热巴L枭起青壤官微的微博视频,https://m.weibo.cn/detail/5216711358025683
白日提灯贺思慕/女鬼鬼王记忆,post,0,粉丝点评/记忆表达明确,沐霏迪,"迪丽热巴超话#迪丽热巴# dlrb #迪丽热巴邓妍# dlrb #迪丽热巴利剑玫瑰#“你的身影落在了青春的回忆，充满了美好”＂𝒴𝓸𝓊𝓇 𝒻𝒾𝓰𝓊𝓇𝓮 𝒻𝓮𝓁𝓁 𝒾𝓃 𝓉𝒽𝓮 𝓂𝓮𝓂𝓸𝓇𝒾𝓮𝓈 𝓸𝒻 𝓎𝓸𝓊𝓉𝒽, 𝒻𝓊𝓁𝓁 𝓸𝒻 𝒷𝓮𝒶𝓊𝓉𝒾𝒻𝓊𝓁.""预约利剑玫瑰O利剑·玫瑰迪丽热巴 | 枭起青壤 | 利剑玫瑰|慕胥辞 |聂九罗 | 邓妍 | 贺思慕 | @Dear-迪丽热巴LDear-迪憬提的微博视频",https://m.weibo.cn/detail/5216711355663426
白日提灯贺思慕/女鬼鬼王记忆,post,0,粉丝点评/记忆表达明确,巴颗樱桃603,迪丽热巴超话#迪丽热巴聂九罗# dlrb #枭起青壤# dlrb #迪丽热巴枭起青壤# 坐等迪丽热巴用演技塑活这个又美又狠的聂九罗！预约 O明星作品上榜信息各种增加预约方法微博正文迪丽热巴 | 枭起青壤 | |慕胥辞 |聂九罗 | 贺思慕 | @Dear-迪丽热巴L枭起青壤官微的微博视频 ​,https://m.weibo.cn/detail/5216711317915165
白日提灯贺思慕/女鬼鬼王记忆,post,0,粉丝点评/记忆表达明确,巴颗樱桃603,迪丽热巴超话#迪丽热巴聂九罗# dlrb #枭起青壤# dlrb #迪丽热巴# 时尚前沿雕塑家，睡衣富翁聂九罗@Dear-迪丽热巴 ，文能高雅艺术，武能辣手催枭，独居三合院，全能颜值高，你们让一让，我先结个婚。预约 O明星作品上榜信息各种增加预约方法微博正文迪丽热巴 | 枭起青壤 | |慕胥辞 |聂九罗 | 贺思慕 | @Dear-迪丽热巴L枭起青壤官微的微博视频,https://m.weibo.cn/detail/5216711306380596
白日提灯贺思慕/女鬼鬼王记忆,post,0,粉丝点评/记忆表达明确,巴颗樱桃603,迪丽热巴超话 我叫🥩🥩🥩🥩🥩（很多的🥩）#迪丽热巴聂九罗# dlrb #枭起青壤# dlrb #迪丽热巴枭起青壤# 聂九罗美丽皮囊下，是钢铁般的灵魂！预约 O明星作品上榜信息各种增加预约方法微博正文迪丽热巴 | 枭起青壤 | |慕胥辞 |聂九罗 | 贺思慕 | @Dear-迪丽热巴L枭起青壤官微的微博视频,https://m.weibo.cn/detail/5216711284362537
机场饭拍与日常陪伴片刻,post,0,粉丝点评/记忆表达明确,拾柒luckysmile,#巴黎偶遇迪丽热巴邓为#｜#邓为巴黎时装周#｜#迪奥品牌大使邓为#✉▪我们无法判断一个瞬间的价值 直到它成为回忆@邓为D🌹 邓为♪巴黎时装周♪迪奥品牌大使邓为♪迪奥全球美妆大使邓为♪迪奥二零二六春夏秀 @邓为D @DIOR迪奥 @微博智搜20250923 品牌lfx💎 L上海老凤祥有限公司的微博视频 ​,https://m.weibo.cn/detail/5216711268893623
白日提灯贺思慕/女鬼鬼王记忆,post,0,粉丝点评/记忆表达明确,827_in,迪丽热巴超话 dlrb#迪丽热巴聂九罗# dlrb#迪丽热巴枭起青壤# dlrb #迪丽热巴利剑玫瑰# dlrb#迪丽热巴邓妍# dlrb#迪丽热巴慕胥辞# dlrb#迪丽热巴贺思慕##迪丽热巴#迪丽热巴 | 枭起青壤 | 利剑玫瑰|慕胥辞 |聂九罗 | 邓妍 | 贺思慕 | “我是一个很少会想到放弃的人，我觉得很多时候就差一秒，这一秒坚持住就是达到目标了。放弃就真的会错过，所以我都会坚持这一秒。”@Dear-迪丽热巴,https://m.weibo.cn/detail/5216711236128705
枭起青壤/聂九罗表演突破,post,0,粉丝点评/记忆表达明确,小迪爱吃糖葫芦,迪丽热巴超话#迪丽热巴枭起青壤# dlrb#迪丽热巴聂九罗# 想听什么这句话拯救了破碎的我@Dear-迪丽热巴 ​,https://m.weibo.cn/detail/5216711218824507
白日提灯贺思慕/女鬼鬼王记忆,post,0,粉丝点评/记忆表达明确,hi_my_cat,迪丽热巴超话#迪丽热巴慕胥辞# dlrb#迪丽热巴贺思慕#拜托 一直喜欢同一个人真的超酷@Dear-迪丽热巴 LDear-迪憬提的微博视频 ​,https://m.weibo.cn/detail/5216711204670715
机场饭拍与日常陪伴片刻,post,0,粉丝点评/记忆表达明确,DW叶十七12,#巴黎偶遇迪丽热巴邓为#｜#邓为巴黎时装周#｜#迪奥品牌大使邓为#与你相伴的每一天都是我最珍贵的回忆，愿与你共度每一个美好的瞬间。 @邓为D邓为超话,https://m.weibo.cn/detail/5216711185797637
白日提灯贺思慕/女鬼鬼王记忆,post,0,粉丝点评/记忆表达明确,hi_my_cat,"迪丽热巴超话#迪丽热巴# dlrb #迪丽热巴邓妍# dlrb #迪丽热巴利剑玫瑰#繁星之下盼晨曦，黄昏之后思蝉鸣，皎月清凉你是我的方向. 𝓛𝓸𝓸𝓴𝓲𝓪𝓼 𝓪𝓯𝓽𝓮𝓻 𝓭𝓾𝓼𝓴, 𝓽𝓱𝓮 𝓫𝓻𝓲𝓰𝓱𝓽 𝓶𝓸𝓸𝓷 𝓲𝓼 𝓬𝓸𝓸𝓵, 𝔂𝓸𝓾 𝓪𝓻𝓮 𝓶𝔂 𝓭𝓲𝓻𝓮𝓬𝓽𝓲𝓸𝓷.预约利剑玫瑰O利剑·玫瑰迪丽热巴 | 枭起青壤 | 利剑玫瑰|慕胥辞 |聂九罗 | 邓妍 | 贺思慕 | @Dear-迪丽热巴LDear-迪憬提的微博视频",https://m.weibo.cn/detail/5216711183697987
枭起青壤/聂九罗表演突破,post,0,粉丝点评/记忆表达明确,小迪爱吃糖葫芦,迪丽热巴超话#迪丽热巴枭起青壤# dlrb#迪丽热巴聂九罗# 我什么都不怕唯独怕我永远见不到你@Dear-迪丽热巴 ​,https://m.weibo.cn/detail/5216711147268675
任安乐/帝梓元角色记忆,post,0,粉丝点评/记忆表达明确,向小巴诉说晚安_,#迪丽热巴任安乐# dlrb#迪丽热巴安乐传#忽然觉得周围都暗了下来，原来是你的美貌在发光@Dear-迪丽热巴 ​,https://m.weibo.cn/detail/5216711071765331
任安乐/帝梓元角色记忆,post,0,粉丝点评/记忆表达明确,di_li热巴,#迪丽热巴任安乐#dlrb#迪丽热巴安乐传#“喜欢夏日的晚风，雨后的彩虹，星星点点的夜和每时每刻的你”@Dear-迪丽热巴 ​,https://m.weibo.cn/detail/5216711066255636
枭起青壤/聂九罗表演突破,post,0,粉丝点评/记忆表达明确,小迪爱吃糖葫芦,"迪丽热巴超话#迪丽热巴枭起青壤# dlrb#迪丽热巴聂九罗# 她在淋雨,可我也没有伞@Dear-迪丽热巴 ​",https://m.weibo.cn/detail/5216711063898112
红毯神图与高定封神造型,post,0,粉丝点评/记忆表达明确,_dlrb巴巴呀,迪丽热巴超话迪丽热巴超话#迪丽热巴巴黎时装周# dlrb #迪奥全球品牌大使迪丽热巴# dlrb #迪奥二零二六春夏秀#什么是完美👉🏻【迪丽热巴】【出山即出圈】【引爆话题热度】【美神降临】💕💖💗@Dear-迪丽热巴 @DIOR迪奥迪丽热巴 | 巴黎时装周 | 迪奥全球品牌大使迪丽热巴｜迪奥二零二六春夏秀,https://m.weibo.cn/detail/5216711018025099
白日提灯贺思慕/女鬼鬼王记忆,post,0,粉丝点评/记忆表达明确,挚爱_巴巴DIL,迪丽热巴超话 dlrb#迪丽热巴聂九罗# dlrb#迪丽热巴枭起青壤# dlrb #迪丽热巴利剑玫瑰# dlrb#迪丽热巴邓妍# dlrb#迪丽热巴慕胥辞# dlrb#迪丽热巴贺思慕##迪丽热巴#迪丽热巴 | 枭起青壤 | 利剑玫瑰|慕胥辞 |聂九罗 | 邓妍 | 贺思慕 | “我是一个很少会想到放弃的人，我觉得很多时候就差一秒，这一秒坚持住就是达到目标了。放弃就真的会错过，所以我都会坚持这一秒。”@Dear-迪丽热巴,https://m.weibo.cn/detail/5216711007539624
白日提灯贺思慕/女鬼鬼王记忆,post,0,粉丝点评/记忆表达明确,啊迪不睡觉,迪丽热巴超话#迪丽热巴聂九罗# dlrb #枭起青壤# dlrb #迪丽热巴枭起青壤# 迪丽热巴饰演的聂九罗一定会给我们带来超多惊喜，我已经准备好追剧了😍预约 O明星作品上榜信息各种增加预约方法微博正文迪丽热巴 | 枭起青壤 | |慕胥辞 |聂九罗 | 贺思慕 | @Dear-迪丽热巴L枭起青壤官微的微博视频,https://m.weibo.cn/detail/5216710946981137
白日提灯贺思慕/女鬼鬼王记忆,post,0,粉丝点评/记忆表达明确,我狗思源,#迪丽热巴聂九罗# dlrb #迪丽热巴枭起青壤# dlrb #迪丽热巴#时尚前沿雕塑家，睡衣富翁聂九罗@Dear-迪丽热巴 ，文能高雅艺术，武能辣手催枭，独居三合院，全能颜值高，你们让一让，我先结个婚。预约O枭起青壤 ​​​ 迪丽热巴 | 枭起青壤 | 利剑玫瑰|慕胥辞 |聂九罗 | 邓妍 | 贺思慕 | @Dear-迪丽热巴L枭起青壤官微的微博视频,https://m.weibo.cn/detail/5216710598594208
演员成长与角色群像评价,post,0,粉丝点评/记忆表达明确,CL一生一起走,迪丽热巴超话#迪丽热巴巴黎时装周# dlrb #迪奥全球品牌大使迪丽热巴# dlrb #迪奥二零二六春夏秀#“保持一颗对所有事情都新鲜的心，永远对这个世界抱有善意，保持初心，永远用清澈的眼神看待这个世界。不害怕被遗忘，努力留下好的作品。“@Dear-迪丽热巴 @DIOR迪奥迪丽热巴 | 巴黎时装周 | 迪奥全球品牌大使迪丽热巴｜迪奥二零二六春夏秀,https://m.weibo.cn/detail/5216710353230125
白日提灯贺思慕/女鬼鬼王记忆,post,0,粉丝点评/记忆表达明确,想迪_,迪丽热巴超话 迪丽热巴#迪丽热巴# dlrb #迪丽热巴利剑玫瑰# dlrb #迪丽热巴邓妍#《利剑玫瑰》里的迪丽热巴邓妍，是打拐刑侦一线的守护者，以敏锐洞察破局，用执着坚守传递温暖与力量！预约利剑玫瑰O利剑·玫瑰迪丽热巴 | 枭起青壤 | 利剑玫瑰|慕胥辞 |聂九罗 | 邓妍 | 贺思慕 | @Dear-迪丽热巴 L电视剧利剑玫瑰官微的微博视频,https://m.weibo.cn/detail/5216710311543807
白日提灯贺思慕/女鬼鬼王记忆,post,0,粉丝点评/记忆表达明确,_63颗泪痣,"迪丽热巴超话#迪丽热巴慕胥辞#dlrb#迪丽热巴贺思慕#""🥀.爱意化成风声，替我转交给你"" 𝓛𝓸𝓋𝓮 𝓉𝓊𝓇𝓃𝓈 𝒾𝓃𝓉𝓸 𝓌𝒾𝓃𝒹, 𝓰𝒾𝓋𝓮 𝒾𝓉 𝓉𝓸 𝓎𝓸𝓊 𝒻𝓸𝓇 𝓂𝓮.🥀@Dear-迪丽热巴#迪丽热巴贺思慕# dlrb #迪丽热巴慕胥辞# dlrb #迪丽热巴# @Dear-迪丽热巴",https://m.weibo.cn/detail/5216710266454447
白日提灯贺思慕/女鬼鬼王记忆,post,0,粉丝点评/记忆表达明确,守护迪迪_,迪丽热巴超话#迪丽热巴巴黎时装周# dlrb #迪奥全球品牌大使迪丽热巴# dlrb #迪奥二零二六春夏秀# 迪丽热巴 | 巴黎时装周 | 迪奥全球品牌大使迪丽热巴 | 迪奥二零二六春夏秀@Dear-迪丽热巴 @DIOR迪奥“我觉得我跟自己和解的时间算是比较长的。因为我也不是时时刻刻自信，以前是特别不自信，然后加上特别没安全感，但是现在会稍微好那么一点点。大多数一遇到不自信或者是没安全感的时候，我就会去跟自己做一个心理的沟通“哎呀不行,https://m.weibo.cn/detail/5216709635999657
白日提灯贺思慕/女鬼鬼王记忆,post,0,粉丝点评/记忆表达明确,DiLireBa木槿春迪,迪丽热巴超话迪丽热巴超话 💕所有人动起来🍒冲两亿帖🎯#迪丽热巴贺思慕# dlrb #迪丽热巴慕胥辞# dlrb #迪丽热巴# @Dear-迪丽热巴，一帖三个话题 在迪丽热巴超话 先签到再发六帖只需28秒，每隔五分钟可再发六帖⚙️用闪光语录发帖超快➡️微博正文📚发帖教程（连续发10-30帖方法）➡️微博正文⚠️愿意长期发帖的进群聊⚠️想要超话等级超like来互评微博正文 L迪迪卫研究所的微博视频,https://m.weibo.cn/detail/5216709606641126
白日提灯贺思慕/女鬼鬼王记忆,post,0,粉丝点评/记忆表达明确,Dear-晚风吹过胖迪,#我的超话卡册##跨年抽卡集不停##非正式跨年派对##微博之夜# dlrb #迪丽热巴聂九罗# dlrb #枭起青壤#迪丽热巴饰演的聂九罗一定会给我们带来超多惊喜，我已经准备好追剧了😍预约 O明星作品上榜信息各种增加预约方法微博正文迪丽热巴 | 枭起青壤 | |慕胥辞 |聂九罗 | 贺思慕 | @Dear-迪丽热巴L枭起青壤官微的微博视频,https://m.weibo.cn/detail/5250051158056667
白日提灯贺思慕/女鬼鬼王记忆,post,0,粉丝点评/记忆表达明确,乔安娜孔孔,#微博之夜##微博网友年度期待剧集##迪丽热巴贺思慕# dlrb #迪丽热巴慕胥辞# dlrb #慕胥辞#“我们每天都在被人对比，但最重要的是你要有自己的想法”迪丽热巴 | 枭起青壤 |慕胥辞 | 虽然不能同时拥有一切 |聂九罗 | 贺思慕 |卫蓝 @Dear-迪丽热巴🌹➴ ​,https://m.weibo.cn/detail/5250051144418845
枭起青壤/聂九罗表演突破,post,0,粉丝点评/记忆表达明确,迪皖秦,#迪丽热巴枭起青壤#dlrb#迪丽热巴聂九罗#她以缺席的方式在我的生活里无处不在@Dear-迪丽热巴 ​,https://m.weibo.cn/detail/5250051137870032
枭起青壤/聂九罗表演突破,post,0,粉丝点评/记忆表达明确,Dear-晚风吹过胖迪,#我的超话卡册##跨年抽卡集不停##非正式跨年派对##微博之夜# dlrb #迪丽热巴聂九罗# dlrb #枭起青壤#迪丽热巴在打戏干净利落，把疯刀传人聂九罗诠释得入木三分。预约 O明星作品上榜信息各种增加预约方法微博正文迪丽热巴 | 枭起青壤 | |慕胥辞 |聂九罗 | 贺思慕 | @Dear-迪丽热巴L枭起青壤官微的微博视频,https://m.weibo.cn/detail/5250051124240269
白日提灯贺思慕/女鬼鬼王记忆,post,0,粉丝点评/记忆表达明确,乔安娜孔孔,#微博之夜##微博网友年度期待电影##迪丽热巴贺思慕# dlrb #迪丽热巴慕胥辞# dlrb #慕胥辞#🏮“我们每天都在被人对比，但最重要的是你要有自己的想法。”预约 O明星作品上榜信息各种增加预约方法微博正文迪丽热巴 | 枭起青壤 |慕胥辞 | 虽然不能同时拥有一切 |聂九罗 | 贺思慕 |卫蓝 @Dear-迪丽热巴⭐️🍕,https://m.weibo.cn/detail/5250051116108042
白日提灯贺思慕/女鬼鬼王记忆,post,0,粉丝点评/记忆表达明确,Dear-晚风吹过胖迪,#我的超话卡册##跨年抽卡集不停##非正式跨年派对##微博之夜# dlrb #迪丽热巴聂九罗# dlrb #枭起青壤#白天捏泥人，夜晚斩地枭，聂九罗反差绝了！！预约 O明星作品上榜信息各种增加预约方法微博正文迪丽热巴 | 枭起青壤 | |慕胥辞 |聂九罗 | 贺思慕 | @Dear-迪丽热巴L枭起青壤官微的微博视频,https://m.weibo.cn/detail/5250051106669393
白日提灯贺思慕/女鬼鬼王记忆,post,0,粉丝点评/记忆表达明确,Dear-晚风吹过胖迪,#我的超话卡册##跨年抽卡集不停##非正式跨年派对##微博之夜# dlrb #迪丽热巴聂九罗# dlrb #枭起青壤#刀法凌厉身手矫健，聂九罗打戏A爆全场！！预约 O明星作品上榜信息各种增加预约方法微博正文迪丽热巴 | 枭起青壤 | |慕胥辞 |聂九罗 | 贺思慕 | @Dear-迪丽热巴L枭起青壤官微的微博视频,https://m.weibo.cn/detail/5250051090682695
枭起青壤/聂九罗表演突破,post,0,粉丝点评/记忆表达明确,迪皖秦,#迪丽热巴枭起青壤#dlrb#迪丽热巴聂九罗#我目光短浅 眼里只有你@Dear-迪丽热巴 ​,https://m.weibo.cn/detail/5250051083601981
白日提灯贺思慕/女鬼鬼王记忆,post,0,粉丝点评/记忆表达明确,iFmyso,微博之夜超话#微博年度星光人物##微博之夜# dlrb #迪丽热巴聂九罗# dlrb #枭起青壤#时尚前沿雕塑家，睡衣富翁聂九罗@Dear-迪丽热巴 ，文能高雅艺术，武能辣手催枭，独居三合院，全能颜值高，你们让一让，我先结个婚。预约 O明星作品上榜信息各种增加预约方法微博正文迪丽热巴 | 枭起青壤 | |慕胥辞 |聂九罗 | 贺思慕 | @Dear-迪丽热巴L枭起青壤官微的微博视频,https://m.weibo.cn/detail/5250051044540920
枭起青壤/聂九罗表演突破,post,0,粉丝点评/记忆表达明确,漂亮的聂九罗,迪丽热巴超话#迪丽热巴#对聂九罗的塑造太成功，角色立体饱满又有记忆点！#聂九罗# ​,https://m.weibo.cn/detail/5250051019650624
枭起青壤/聂九罗表演突破,post,0,粉丝点评/记忆表达明确,和巴走花路,迪丽热巴超话#迪丽热巴 九重天# 期待#迪丽热巴# 呈现聂九罗的杀伐果断，极具冲击力 #聂九罗#期待#迪丽热巴# 呈现聂九罗的宿命感与使命感，厚重动人 #聂九罗#等#迪丽热巴# 版聂九罗开播，一定熬夜追剧无悔 #聂九罗#满心期待#迪丽热巴# 版聂九罗，成为经典角色 #聂九罗#《枭起青壤》的“血囊容器”设定细思极恐，#迪丽热巴# 聂九罗的营救剧情让题材既新颖又刺激 #聂九罗#,https://m.weibo.cn/detail/5250050998412561
白日提灯贺思慕/女鬼鬼王记忆,post,0,粉丝点评/记忆表达明确,Dear-迪憬月,#超话星愿池##超话新年许愿季##非正式跨年派对##微博之夜# dlrb #迪丽热巴聂九罗# dlrb #枭起青壤#从知道迪丽热巴要演聂九罗开始，我就一直在盼着这部剧，快播快播！预约 O明星作品上榜信息各种增加预约方法微博正文迪丽热巴 | 枭起青壤 | |慕胥辞 |聂九罗 | 贺思慕 | @Dear-迪丽热巴L枭起青壤官微的微博视频,https://m.weibo.cn/detail/5250050990806107
枭起青壤/聂九罗表演突破,post,0,粉丝点评/记忆表达明确,Youlus,迪丽热巴超话#迪丽热巴枭起青壤# ​​​dlrb#迪丽热巴聂九罗#微风轻拂，阳光微暖，山河如梦，你入我心。@Dear-迪丽热巴#迪丽热巴聂九罗# dlrb #迪丽热巴枭起青壤# 迪丽热巴｜枭起青壤｜聂九罗@Dear-迪丽热巴 ​,https://m.weibo.cn/detail/5250050982939793
白日提灯贺思慕/女鬼鬼王记忆,post,0,粉丝点评/记忆表达明确,乔安娜孔孔,微博之夜超话#微博网友年度喜爱剧集#迪丽热巴超话#迪丽热巴贺思慕# dlrb #迪丽热巴# dlrb #慕胥辞# ❤️喜欢这种东西，捂住嘴巴，也会从眼睛里跑出来。迪丽热巴 | 枭起青壤 |慕胥辞 | 虽然不能同时拥有一切 |聂九罗 | 贺思慕 |卫蓝 @Dear-迪丽热巴 🧸🍳 ​,https://m.weibo.cn/detail/5250050982943040
白日提灯贺思慕/女鬼鬼王记忆,post,0,粉丝点评/记忆表达明确,挚爱九字女顶,#向全世界安利我担##微博之夜# dlrb #迪丽热巴聂九罗# dlrb #枭起青壤#自秦始，猎枭军，一入黑白涧，人为枭鬼，枭为人魔。看刀家后人聂九罗@Dear-迪丽热巴 孤注一掷，绝境逢生。预约 O明星作品上榜信息各种增加预约方法微博正文迪丽热巴 | 枭起青壤 | |慕胥辞 |聂九罗 | 贺思慕 | @Dear-迪丽热巴L枭起青壤官微的微博视频,https://m.weibo.cn/detail/5250050951220671
枭起青壤/聂九罗表演突破,post,0,粉丝点评/记忆表达明确,Youlus,迪丽热巴超话#迪丽热巴枭起青壤# ​​​dlrb#迪丽热巴聂九罗#海的那边就是海 我的心里也是.𝐴𝑛𝑦 𝑠𝘩𝑖𝑝 𝑤𝑖𝑡𝘩𝑜𝑢𝑡 𝑑𝑖𝑟𝑒𝑐𝑡𝑖𝑜𝑛 𝑖𝑠 𝑎𝑔𝑎𝑖𝑛𝑠𝑡 𝑡𝘩 𝑤𝑖𝑛𝑑.@Dear-迪丽热巴#迪丽热巴聂九罗# dlrb #迪丽热巴枭起青壤# 迪丽热巴｜枭起青壤｜聂九罗@Dear-迪丽热巴,https://m.weibo.cn/detail/5250050949388539
白日提灯贺思慕/女鬼鬼王记忆,post,0,粉丝点评/记忆表达明确,逸冰er_还是会想巴,迪丽热巴超话#迪丽热巴卫蓝# dlrb #迪丽热巴虽然不能同时拥有一切# dlrb #虽然不能同时拥有一切# “生日那天我看到一句话——自己就是一个宇宙。但就是像宇宙一样复杂的自己，也总有一天可以去了解到，去找到简单的能像别人输出的东西。”——@Dear-迪丽热巴迪丽热巴 | 枭起青壤 |慕胥辞 | 虽然不能同时拥有一切 |聂九罗 | 贺思慕 |卫蓝 @Dear-迪丽热巴🥨,https://m.weibo.cn/detail/5250050944402129
白日提灯贺思慕/女鬼鬼王记忆,post,0,粉丝点评/记忆表达明确,Dear-喜小迪,迪丽热巴超话怎么这么可爱啊宝宝#迪丽热巴聂九罗# dlrb #迪丽热巴枭起青壤# dlrb #枭起青壤# 迪丽热巴 | 枭起青壤 |慕胥辞 |聂九罗 | 贺思慕 | @Dear-迪丽热巴,https://m.weibo.cn/detail/5250050931301476
枭起青壤/聂九罗表演突破,post,0,粉丝点评/记忆表达明确,Youlus,迪丽热巴超话#迪丽热巴枭起青壤# ​​​dlrb#迪丽热巴聂九罗#微风轻拂，阳光微暖，山河如梦，你入我心。@Dear-迪丽热巴#迪丽热巴聂九罗# dlrb #迪丽热巴枭起青壤# 迪丽热巴｜枭起青壤｜聂九罗@Dear-迪丽热巴 ​,https://m.weibo.cn/detail/5250050926321784
白日提灯贺思慕/女鬼鬼王记忆,post,0,粉丝点评/记忆表达明确,Dear-迪憬月,迪丽热巴超话#超话星愿池##超话新年许愿季##非正式跨年派对##微博之夜# dlrb #迪丽热巴聂九罗# dlrb #枭起青壤#从知道迪丽热巴要演聂九罗开始，我就一直在盼着这部剧，快播快播！预约 O明星作品上榜信息各种增加预约方法微博正文迪丽热巴 | 枭起青壤 | |慕胥辞 |聂九罗 | 贺思慕 | @Dear-迪丽热巴L枭起青壤官微的微博视频,https://m.weibo.cn/detail/5250050919237571
白日提灯贺思慕/女鬼鬼王记忆,post,0,粉丝点评/记忆表达明确,乔安娜孔孔,微博之夜超话#微博网友年度喜爱电影##迪丽热巴贺思慕# dlrb #迪丽热巴慕胥辞# dlrb #慕胥辞#🏮“我喜欢演戏，想当一名好演员。”预约 O明星作品上榜信息各种增加预约方法微博正文迪丽热巴 | 枭起青壤 |慕胥辞 | 虽然不能同时拥有一切 |聂九罗 | 贺思慕 |卫蓝 @Dear-迪丽热巴⭐️⛱️,https://m.weibo.cn/detail/5250050917668139
白日提灯贺思慕/女鬼鬼王记忆,post,0,粉丝点评/记忆表达明确,Youlus,迪丽热巴超话#迪丽热巴慕胥辞#dlrb#迪丽热巴贺思慕#“𝒢𝒾𝓋𝓮 𝓉𝒽𝓮 𝒻𝓁𝓸𝓌𝓮𝓇 𝓸𝒻 𝒶 𝒸𝒾𝓉𝓎 𝓉𝓸 𝓂𝓎 𝓈𝓌𝓮𝓮𝓉𝒽𝓮𝒶𝓇𝓉 ·倾一城之花 赠与我心上人”@Dear-迪丽热巴#迪丽热巴贺思慕# dlrb #迪丽热巴慕胥辞# dlrb #迪丽热巴# @Dear-迪丽热巴,https://m.weibo.cn/detail/5250050915829114
白日提灯贺思慕/女鬼鬼王记忆,post,0,粉丝点评/记忆表达明确,Youlus,"迪丽热巴超话#迪丽热巴慕胥辞#dlrb#迪丽热巴贺思慕#""🥀.爱意化成风声，替我转交给你"" 𝓛𝓸𝓋𝓮 𝓉𝓊𝓇𝓃𝓈 𝒾𝓃𝓉𝓸 𝓌𝒾𝓃𝒹, 𝓰𝒾𝓋𝓮 𝒾𝓉 𝓉𝓸 𝓎𝓸𝓊 𝒻𝓸𝓇 𝓂𝓮.🥀@Dear-迪丽热巴#迪丽热巴贺思慕# dlrb #迪丽热巴慕胥辞# dlrb #迪丽热巴# @Dear-迪丽热巴",https://m.weibo.cn/detail/5250050888571025
白日提灯贺思慕/女鬼鬼王记忆,post,0,粉丝点评/记忆表达明确,发财小喵s,微博之夜超话#微博网友年度喜爱音乐##微博之夜# dlrb #迪丽热巴聂九罗# dlrb #枭起青壤#从知道迪丽热巴要演聂九罗开始，我就一直在盼着这部剧，快播快播！预约 O明星作品上榜信息各种增加预约方法微博正文迪丽热巴 | 枭起青壤 | |慕胥辞 |聂九罗 | 贺思慕 | @Dear-迪丽热巴L枭起青壤官微的微博视频,https://m.weibo.cn/detail/5250050875722066
白日提灯贺思慕/女鬼鬼王记忆,post,0,粉丝点评/记忆表达明确,Hello叁_,#我的超话卡册##跨年抽卡集不停##非正式跨年派对##微博之夜# dlrb #迪丽热巴聂九罗# dlrb #枭起青壤#迪丽热巴和聂九罗适配度简直满分，已经迫不及待想看剧了！预约 O明星作品上榜信息各种增加预约方法微博正文迪丽热巴 | 枭起青壤 | |慕胥辞 |聂九罗 | 贺思慕 | @Dear-迪丽热巴L枭起青壤官微的微博视频,https://m.weibo.cn/detail/5250050871791956
白日提灯贺思慕/女鬼鬼王记忆,post,0,粉丝点评/记忆表达明确,Hello叁_,#我的超话卡册##跨年抽卡集不停##非正式跨年派对##微博之夜# dlrb #迪丽热巴聂九罗# dlrb #枭起青壤#聂九罗的刻刀雕琢艺术，更雕琢地枭的末路！预约 O明星作品上榜信息各种增加预约方法微博正文迪丽热巴 | 枭起青壤 | |慕胥辞 |聂九罗 | 贺思慕 | @Dear-迪丽热巴L枭起青壤官微的微博视频,https://m.weibo.cn/detail/5250050848461594
白日提灯贺思慕/女鬼鬼王记忆,post,0,粉丝点评/记忆表达明确,Hello叁_,#我的超话卡册##跨年抽卡集不停##非正式跨年派对##微博之夜# dlrb #迪丽热巴聂九罗# dlrb #枭起青壤#时尚前沿雕塑家，睡衣富翁聂九罗@Dear-迪丽热巴 ，文能高雅艺术，武能辣手催枭，独居三合院，全能颜值高，你们让一让，我先结个婚。预约 O明星作品上榜信息各种增加预约方法微博正文迪丽热巴 | 枭起青壤 | |慕胥辞 |聂九罗 | 贺思慕 | @Dear-迪丽热巴L枭起青壤官微的微博视频,https://m.weibo.cn/detail/5250050829586609
白日提灯贺思慕/女鬼鬼王记忆,post,0,粉丝点评/记忆表达明确,Hello叁_,#我的超话卡册##跨年抽卡集不停##非正式跨年派对##微博之夜# dlrb #迪丽热巴聂九罗# dlrb #枭起青壤#白天捏泥人，夜晚斩地枭，聂九罗反差绝了！！预约 O明星作品上榜信息各种增加预约方法微博正文迪丽热巴 | 枭起青壤 | |慕胥辞 |聂九罗 | 贺思慕 | @Dear-迪丽热巴L枭起青壤官微的微博视频,https://m.weibo.cn/detail/5250050814643062
白日提灯贺思慕/女鬼鬼王记忆,post,0,粉丝点评/记忆表达明确,乔安娜孔孔,#微博之夜##微博网友年度喜爱音乐##迪丽热巴贺思慕# dlrb #迪丽热巴# dlrb #慕胥辞# ❤️“现在的我，想要对十五、十六岁那个迷茫的我，还不知道前方道路是什么样子的，想对她说一句话。就是未来你会看到这个真实的世界。希望你看到这个真实的世界之后，依然热爱它，依然对它充满好奇”迪丽热巴 | 枭起青壤 |慕胥辞 | 虽然不能同时拥有一切 |聂九罗 | 贺思慕 |卫蓝 @Dear-迪丽热巴 🎠✎,https://m.weibo.cn/detail/5250050812808140
白日提灯贺思慕/女鬼鬼王记忆,post,0,粉丝点评/记忆表达明确,发财小喵s,微博之夜超话#微博网友年度喜爱演出##微博之夜# dlrb #迪丽热巴聂九罗# dlrb #枭起青壤#坐等迪丽热巴用演技塑活这个又美又狠的聂九罗！预约 O明星作品上榜信息各种增加预约方法微博正文迪丽热巴 | 枭起青壤 | |慕胥辞 |聂九罗 | 贺思慕 | @Dear-迪丽热巴L枭起青壤官微的微博视频,https://m.weibo.cn/detail/5250050802059117
行走的油画/神女美貌出圈,post,0,粉丝点评/记忆表达明确,爱_像一棵树,迪丽热巴超话 我惊了你是什么人间巨美！我的泪此时此刻已为你日夜不停昼夜不息的撒落！你的容貌是神赐吗我哭了你怎么这么美貌呜呜！这难道就是仙女吗我没了我为姐姐的绝美容貌而落泪天使下凡不过如此吧您的脸就是神的恩赐吧呜呜我真情实感为姐姐的美貌落泪我的尖叫声让方圆百里声控灯坏掉啊啊@Dear-迪丽热巴,https://m.weibo.cn/detail/5250050797087542
白日提灯贺思慕/女鬼鬼王记忆,post,0,粉丝点评/记忆表达明确,热爱无休-忆,微博之夜超话#微博年度星光人物##微博之夜# dlrb #迪丽热巴聂九罗# dlrb #枭起青壤#时尚前沿雕塑家，睡衣富翁聂九罗@Dear-迪丽热巴 ，文能高雅艺术，武能辣手催枭，独居三合院，全能颜值高，你们让一让，我先结个婚。预约 O明星作品上榜信息各种增加预约方法微博正文迪丽热巴 | 枭起青壤 | |慕胥辞 |聂九罗 | 贺思慕 | @Dear-迪丽热巴L枭起青壤官微的微博视频,https://m.weibo.cn/detail/5250050798387540
白日提灯贺思慕/女鬼鬼王记忆,post,0,粉丝点评/记忆表达明确,Hello叁_,#我的超话卡册##跨年抽卡集不停##非正式跨年派对##微博之夜# dlrb #迪丽热巴聂九罗# dlrb #枭起青壤#聂九罗的刻刀雕琢艺术，更雕琢地枭的末路！预约 O明星作品上榜信息各种增加预约方法微博正文迪丽热巴 | 枭起青壤 | |慕胥辞 |聂九罗 | 贺思慕 | @Dear-迪丽热巴L枭起青壤官微的微博视频,https://m.weibo.cn/detail/5250050797600801
白日提灯贺思慕/女鬼鬼王记忆,post,0,粉丝点评/记忆表达明确,乔安娜孔孔,#微博之夜##微博网友年度喜爱电影##迪丽热巴贺思慕# dlrb #迪丽热巴# dlrb #慕胥辞# ❤️我这个人超好的，你可以放心喜欢一下预约 O明星作品上榜信息各种增加预约方法微博正文迪丽热巴 | 枭起青壤 |慕胥辞 | 虽然不能同时拥有一切 |聂九罗 | 贺思慕 |卫蓝 @Dear-迪丽热巴 👗🗝️,https://m.weibo.cn/detail/5250050754087627
白日提灯贺思慕/女鬼鬼王记忆,post,0,粉丝点评/记忆表达明确,随滴滴远走,迪丽热巴超话#迪丽热巴聂九罗# dlrb #迪丽热巴# dlrb #枭起青壤# 🧸“喜欢一件事情是可以慢慢培养的，重点的是你要开始去培养，而不是说你光去想而不去做”预约 O明星作品上榜信息各种增加预约方法微博正文迪丽热巴 | 枭起青壤 |慕胥辞 | 虽然不能同时拥有一切 |聂九罗 | 贺思慕 |卫蓝 @Dear-迪丽热巴⭐️,https://m.weibo.cn/detail/5250050603352813
白日提灯贺思慕/女鬼鬼王记忆,post,0,粉丝点评/记忆表达明确,巴巴是个甜妹,#我的超话卡册##跨年抽卡集不停##非正式跨年派对##迪丽热巴 九重天##迪丽热巴贺思慕# dlrb #迪丽热巴慕胥辞# dlrb #迪丽热巴#执笔作画，挥剑杀敌，全能的贺思慕，就等迪丽热巴带来高光时刻！预约 O明星作品上榜信息各种增加预约方法微博正文迪丽热巴 | 枭起青壤 | |慕胥辞 |聂九罗 | 贺思慕 | @Dear-迪丽热巴L网剧慕胥辞的微博视频,https://m.weibo.cn/detail/5250050591819878
白日提灯贺思慕/女鬼鬼王记忆,post,0,粉丝点评/记忆表达明确,那就永远爱巴吧,迪丽热巴超话#向全世界安利我担##迪丽热巴慕胥辞#dlrb#迪丽热巴贺思慕#𝙔𝙤𝙪 𝙖𝙧𝙚 𝙡𝙞𝙠𝙚 𝙩𝙝𝙚 𝙙𝙖𝙬𝙣 𝙤𝙛 𝙩𝙝𝙚 𝙤𝙡𝙙 𝙍𝙚𝙣𝙖𝙞𝙨𝙨𝙖𝙣𝙘𝙚.🦋你像旧复兴的曙光.@Dear-迪丽热巴#迪丽热巴贺思慕# dlrb #迪丽热巴慕胥辞# dlrb #迪丽热巴# @Dear-迪丽热巴,https://m.weibo.cn/detail/5250050583175314
白日提灯贺思慕/女鬼鬼王记忆,post,0,粉丝点评/记忆表达明确,巴巴是个甜妹,#我的超话卡册##跨年抽卡集不停##非正式跨年派对##超话星愿池##迪丽热巴贺思慕# dlrb #慕胥辞# dlrb #迪丽热巴#贺思慕以独特魅力纵横灵界，掌控全局，迪丽热巴演这魅力谁能抵挡！预约 O明星作品上榜信息各种增加预约方法微博正文迪丽热巴 | 枭起青壤 | |慕胥辞 |聂九罗 | 贺思慕 | @Dear-迪丽热巴L网剧慕胥辞的微博视频,https://m.weibo.cn/detail/5250050570589007
白日提灯贺思慕/女鬼鬼王记忆,post,0,粉丝点评/记忆表达明确,随滴滴远走,迪丽热巴超话#迪丽热巴卫蓝# dlrb #迪丽热巴虽然不能同时拥有一切# dlrb #虽然不能同时拥有一切# “生日那天我看到一句话——自己就是一个宇宙。但就是像宇宙一样复杂的自己，也总有一天可以去了解到，去找到简单的能像别人输出的东西。”——@Dear-迪丽热巴迪丽热巴 | 枭起青壤 |慕胥辞 | 虽然不能同时拥有一切 |聂九罗 | 贺思慕 |卫蓝 @Dear-迪丽热巴🥨,https://m.weibo.cn/detail/5250050561414956
白日提灯贺思慕/女鬼鬼王记忆,post,0,粉丝点评/记忆表达明确,巴巴是个甜妹,#我的超话卡册##跨年抽卡集不停##非正式跨年派对##超话星愿池##迪丽热巴贺思慕# dlrb #慕胥辞# dlrb #迪丽热巴#贺思慕以弱女子形象周旋各方，心思缜密，迪丽热巴定能展现其机敏。预约 O明星作品上榜信息各种增加预约方法微博正文迪丽热巴 | 枭起青壤 | |慕胥辞 |聂九罗 | 贺思慕 | @Dear-迪丽热巴L网剧慕胥辞的微博视频,https://m.weibo.cn/detail/5250050545693685
白日提灯贺思慕/女鬼鬼王记忆,post,0,粉丝点评/记忆表达明确,感性的豹纹123,#向全世界安利我担##迪丽热巴贺思慕# dlrb #慕胥辞# dlrb #迪丽热巴#万灵之主贺思慕，出生便死，长存不衰明明可以直接掠夺，却讲求公平交易，许以愿望预约 O明星作品上榜信息各种增加预约方法微博正文迪丽热巴 | 枭起青壤 | |慕胥辞 |聂九罗 | 贺思慕 | @Dear-迪丽热巴L网剧慕胥辞的微博视频,https://m.weibo.cn/detail/5250050466003611
白日提灯贺思慕/女鬼鬼王记忆,post,0,粉丝点评/记忆表达明确,巴巴甜甜圈,#向全世界安利我担##迪丽热巴贺思慕# dlrb #慕胥辞# dlrb #迪丽热巴#万灵之主贺思慕，出生便死，长存不衰明明可以直接掠夺，却讲求公平交易，许以愿望预约 O明星作品上榜信息各种增加预约方法微博正文迪丽热巴 | 枭起青壤 | |慕胥辞 |聂九罗 | 贺思慕 | @Dear-迪丽热巴L网剧慕胥辞的微博视频,https://m.weibo.cn/detail/5250050462843824
白日提灯贺思慕/女鬼鬼王记忆,post,0,粉丝点评/记忆表达明确,Lion-0725,#向全世界安利我担##迪丽热巴聂九罗# dlrb #枭起青壤# dlrb #迪丽热巴# 万神朝礼，役使雷霆。鬼妖丧胆，精怪亡形。黑巾猎枭军，没入风雨林。波云诡谲，枭鬼幽游，看刀家后人聂九罗@Dear-迪丽热巴 破局而出，杀出重围。预约 O明星作品上榜信息各种增加预约方法微博正文迪丽热巴 | 枭起青壤 | |慕胥辞 |聂九罗 | 贺思慕 | @Dear-迪丽热巴L枭起青壤官微的微博视频,https://m.weibo.cn/detail/5250050414608419
白日提灯贺思慕/女鬼鬼王记忆,post,0,粉丝点评/记忆表达明确,Dear-山歌女王,"迪丽热巴超话#迪丽热巴利剑玫瑰# dlrb#迪丽热巴邓妍#“高山挡住了炽热的风，却挡不住我对你的爱意.” 𝐓𝐡𝐞 𝐛𝐨𝐨𝐤 𝐡𝐚𝐬 𝐚𝐧 𝐞𝐧𝐝𝐢𝐧𝐠, 𝐛𝐮𝐭 𝐦𝐲 𝐬𝐭𝐨𝐫𝐲 𝐰𝐢𝐭𝐡 𝐲𝐨𝐮 𝐝𝐨𝐞𝐬 𝐧𝐨𝐭. 预约O利剑·玫瑰利剑玫瑰|邓妍|慕胥辞|贺思慕@Dear-迪丽热巴L电影大满贯的微博视频",https://m.weibo.cn/detail/5250050407537224
乔晶晶与《你是我的荣耀》入坑记忆,post,0,粉丝点评/记忆表达明确,荣誉85338,迪丽热巴超话#向全世界安利我担##2026待播剧品鉴中##迪丽热巴 九重天# dlrb#迪丽热巴2026新年愿望##迪丽热巴#BG之神迪丽热巴 颜霸迪丽热巴现偶顶配女主乔晶晶古偶顶配女主纪云禾迪丽热巴扛剧不分平台2020爆剧《三生三世枕上书》2021爆剧《你是我的荣耀》2022爆剧《与君初相识·恰似故人归》巴巴粉 dlrb 巴姐 四字女星 九字女星#迪丽热巴#,https://m.weibo.cn/detail/5250050399666620
任安乐/帝梓元角色记忆,post,0,粉丝点评/记忆表达明确,Dear-山歌女王,"迪丽热巴超话#迪丽热巴# dlrb#迪丽热巴安乐传# dlrb#迪丽热巴任安乐#黑暗中，你的出现让我明白了什么是光 .𝓘𝓷 𝓽𝓱𝓮 𝓭𝓪𝓻𝓴𝓷𝓮𝓼𝓼, 𝔂𝓸𝓾𝓻 𝓪𝓹𝓹𝓮𝓪𝓻𝓪𝓷𝓬𝓮 𝓶𝓪𝓴𝓮𝓽 𝓲𝓼 .@Dear-迪丽热巴#利剑玫瑰# dlrb#邓妍#安乐传|任安乐|帝梓元|枭起青壤|利剑玫瑰|聂九罗|邓妍@Dear-迪丽热巴L电视剧安乐传的微博视频",https://m.weibo.cn/detail/5250050373465773
白日提灯贺思慕/女鬼鬼王记忆,post,0,粉丝点评/记忆表达明确,爱巴是件大事,"迪丽热巴超话#迪丽热巴慕胥辞#dlrb#迪丽热巴贺思慕#""🥀.爱意化成风声，替我转交给你"" 𝓛𝓸𝓋𝓮 𝓉𝓊𝓇𝓃𝓈 𝒾𝓃𝓉𝓸 𝓌𝒾𝓃𝒹, 𝓰𝒾𝓋𝓮 𝒾𝓉 𝓉𝓸 𝓎𝓸𝓊 𝒻𝓸𝓇 𝓂𝓮.🥀@Dear-迪丽热巴#迪丽热巴贺思慕# dlrb #迪丽热巴慕胥辞# dlrb #迪丽热巴# @Dear-迪丽热巴",https://m.weibo.cn/detail/5250050361923862
白日提灯贺思慕/女鬼鬼王记忆,post,0,粉丝点评/记忆表达明确,Dear-山歌女王,"迪丽热巴超话#迪丽热巴# dlrb#迪丽热巴慕胥辞# dlrb#迪丽热巴贺思慕#我意江南似风前絮，奈少年留我终红尘. “𝓘 𝓉𝒽𝒾𝓃𝓀 𝓉𝒽𝓮 𝓈𝓸𝓊𝓉𝒽 𝓸𝒻 𝓉𝒽𝓮 𝒴𝒶𝓃𝓰𝓉𝓏𝓮 𝓡𝒾𝓋𝓮𝓇 𝒾𝓈 𝓁𝒾𝓀𝓮 𝓉𝒽𝓮 𝓌𝒾𝓃𝒹 𝒷𝓮𝒻𝓸𝓇𝓮 𝓉𝒽𝓮 𝒸𝒶𝓉𝓀𝒾𝓃𝓈, 𝒩𝒶𝒾 𝓎𝓸𝓊𝓉𝒽 𝓁𝓮𝒻𝓉 𝓂𝓮 𝒾𝓃 𝓉𝒽𝓮 𝓌𝓸𝓇𝓁𝒹 𝓸𝒻 𝓂𝓸𝓇𝓉𝒶𝓁𝓈.”@Dear-迪丽热巴L网剧白日提灯的微博视频",https://m.weibo.cn/detail/5250050356685284
白日提灯贺思慕/女鬼鬼王记忆,post,0,粉丝点评/记忆表达明确,Dear-山歌女王,"迪丽热巴超话#迪丽热巴# dlrb#迪丽热巴慕胥辞# dlrb#迪丽热巴贺思慕#你是被光偏爱的，你的名字燃起我永恒的春季 𝓨𝓸𝓾 𝓪𝓻𝓮 𝓯𝓪𝓿𝓸𝓻𝓮𝓭 𝓫𝔂 𝓽𝓱𝓮 𝓵𝓲𝓰𝓱𝓽, 𝓪𝓷𝓭 𝔂𝓸𝓾𝓻 𝓷𝓪𝓶𝓮 𝓲𝓰𝓷𝓲𝓽𝓮𝓼 𝓶𝔂 𝓮𝓽𝓮𝓻𝓷𝓪𝓵 𝓼𝓹𝓻𝓲𝓷𝓰.@Dear-迪丽热巴L文娱第三只眼的微博视频",https://m.weibo.cn/detail/5250050328103031
白日提灯贺思慕/女鬼鬼王记忆,post,0,粉丝点评/记忆表达明确,阿罗的尘子,微博之夜超话#微博KING和QUEEN##微博之夜# dlrb #迪丽热巴聂九罗# dlrb #枭起青壤#迪丽热巴饰演的聂九罗一定会给我们带来超多惊喜，我已经准备好追剧了😍预约 O明星作品上榜信息各种增加预约方法微博正文迪丽热巴 | 枭起青壤 | |慕胥辞 |聂九罗 | 贺思慕 | @Dear-迪丽热巴L枭起青壤官微的微博视频,https://m.weibo.cn/detail/5250050314994559
白日提灯贺思慕/女鬼鬼王记忆,post,0,粉丝点评/记忆表达明确,哦豁v发发发,微博之夜超话#微博年度星光人物##微博之夜# dlrb #迪丽热巴聂九罗# dlrb #枭起青壤#迪丽热巴饰演的聂九罗一定会给我们带来超多惊喜，我已经准备好追剧了😍预约 O明星作品上榜信息各种增加预约方法微博正文迪丽热巴 | 枭起青壤 | |慕胥辞 |聂九罗 | 贺思慕 | @Dear-迪丽热巴L枭起青壤官微的微博视频,https://m.weibo.cn/detail/5250050299003514
白日提灯贺思慕/女鬼鬼王记忆,post,0,粉丝点评/记忆表达明确,小雨离巷,#我的超话卡册##跨年抽卡集不停##非正式跨年派对##迪丽热巴贺思慕# dlrb #慕胥辞# dlrb #迪丽热巴#万灵之主贺思慕，出生便死，长存不衰明明可以直接掠夺，却讲求公平交易，许以愿望预约 O明星作品上榜信息各种增加预约方法微博正文迪丽热巴 | 枭起青壤 | |慕胥辞 |聂九罗 | 贺思慕 | @Dear-迪丽热巴L网剧慕胥辞的微博视频,https://m.weibo.cn/detail/5250050252605818
白日提灯贺思慕/女鬼鬼王记忆,post,0,粉丝点评/记忆表达明确,荣誉85338,迪丽热巴超话#向全世界安利我担##2026待播剧品鉴中##迪丽热巴 九重天# dlrb#迪丽热巴2026新年愿望##迪丽热巴#贺思慕以弱女子形象周旋各方，心思缜密，迪丽热巴定能展现其机敏。预约 O明星作品上榜信息各种增加预约方法微博正文迪丽热巴 | 枭起青壤 | |慕胥辞 |聂九罗 | 贺思慕 | @Dear-迪丽热巴L网剧慕胥辞的微博视频,https://m.weibo.cn/detail/5250050251823044
白日提灯贺思慕/女鬼鬼王记忆,post,0,粉丝点评/记忆表达明确,哦豁v发发发,#微博之夜##微博年度星光人物##微博之夜# dlrb #迪丽热巴聂九罗# dlrb #枭起青壤#从知道迪丽热巴要演聂九罗开始，我就一直在盼着这部剧，快播快播！预约 O明星作品上榜信息各种增加预约方法微博正文迪丽热巴 | 枭起青壤 | |慕胥辞 |聂九罗 | 贺思慕 | @Dear-迪丽热巴L枭起青壤官微的微博视频,https://m.weibo.cn/detail/5250050239248862
枭起青壤/聂九罗表演突破,post,0,粉丝点评/记忆表达明确,迪迪爱喝奶啊,迪丽热巴超话#迪丽热巴 九重天##微博之夜# dlrb #迪丽热巴聂九罗# dlrb #枭起青壤#明有日月，幽有鬼神。日月照物，鬼神依人，人魔枭鬼，成王败寇，不死不休。跟随疯刀聂二@Dear-迪丽热巴 走青壤猎枭鬼，置之死地而后生。预约 O明星作品上榜信息各种增加预约方法微博正文迪丽热巴 | 枭起青壤 | |慕胥辞 |聂九罗 | 贺思慕 | @Dear-迪丽热巴L枭起青壤官微的微博视频#向全世界安利我担#,https://m.weibo.cn/detail/5250050215384896
白日提灯贺思慕/女鬼鬼王记忆,post,0,粉丝点评/记忆表达明确,随滴滴远走,迪丽热巴超话#迪丽热巴卫蓝# dlrb #迪丽热巴虽然不能同时拥有一切# dlrb #虽然不能同时拥有一切# 我现在在医院的重症室里，戴着呼吸机，花了的眼不离屏幕半分，那清脆的消息回复的声音再没有响起。我哭不出来。我知道我没有多少时间了，生命在煎熬中流逝。终于，倦意袭来，我用尽了最后的力气打出了一行字：老婆贴贴。预约 O明星作品上榜信息各种增加预约方法微博正文迪丽热巴 | 枭起青壤 |慕胥辞 | 虽然不能同时拥有一切 |聂九罗 | 贺,https://m.weibo.cn/detail/5250050152206846
枭起青壤/聂九罗表演突破,post,0,粉丝点评/记忆表达明确,妄提向春,#迪丽热巴枭起青壤# ​​​dlrb#迪丽热巴聂九罗#海的那边就是海 我的心里也是.𝐴𝑛𝑦 𝑠𝘩𝑖𝑝 𝑤𝑖𝑡𝘩𝑜𝑢𝑡 𝑑𝑖𝑟𝑒𝑐𝑡𝑖𝑜𝑛 𝑖𝑠 𝑎𝑔𝑎𝑖𝑛𝑠𝑡 𝑡𝘩 𝑤𝑖𝑛𝑑.@Dear-迪丽热巴#迪丽热巴聂九罗# dlrb #迪丽热巴枭起青壤# 迪丽热巴｜枭起青壤｜聂九罗@Dear-迪丽热巴,https://m.weibo.cn/detail/5250050122059400
枭起青壤/聂九罗表演突破,post,0,粉丝点评/记忆表达明确,妄提向春,"迪丽热巴超话#迪丽热巴枭起青壤# ​​​dlrb#迪丽热巴聂九罗#𝐼 𝑙𝑜𝑣𝑒 𝑠𝑡𝑎𝑟𝑠, 𝑎𝑛𝑑 𝑦𝑜𝑢'𝑟𝑒 𝑎𝑠 𝑏𝑒𝑎𝑢𝑡𝑖𝑓𝑢𝑙 𝑎𝑠 𝑎 𝑠𝑡𝑎𝑟. 我喜欢星星，你和星星一样漂亮@Dear-迪丽热巴#迪丽热巴聂九罗# dlrb #迪丽热巴枭起青壤# 迪丽热巴｜枭起青壤｜聂九罗@Dear-迪丽热巴",https://m.weibo.cn/detail/5250050059407417
白日提灯贺思慕/女鬼鬼王记忆,post,0,粉丝点评/记忆表达明确,阳光沙滩迪宝,#向全世界安利我担#迪丽热巴超话#微博之夜# dlrb #迪丽热巴聂九罗# dlrb #枭起青壤#迪丽热巴饰演的聂九罗一定会给我们带来超多惊喜，我已经准备好追剧了😍预约 O明星作品上榜信息各种增加预约方法微博正文迪丽热巴 | 枭起青壤 | |慕胥辞 |聂九罗 | 贺思慕 | @Dear-迪丽热巴L枭起青壤官微的微博视频,https://m.weibo.cn/detail/5250050021140688
枭起青壤/聂九罗表演突破,post,0,粉丝点评/记忆表达明确,乐园里最后的花朵,#向全世界安利我担##微博之夜# dlrb #迪丽热巴聂九罗# dlrb #枭起青壤#迪丽热巴在打戏干净利落，把疯刀传人聂九罗诠释得入木三分。预约 O明星作品上榜信息各种增加预约方法微博正文迪丽热巴 | 枭起青壤 | |慕胥辞 |聂九罗 | 贺思慕 | @Dear-迪丽热巴L枭起青壤官微的微博视频 #微博网友年度期待剧集#,https://m.weibo.cn/detail/5250050017460401
白日提灯贺思慕/女鬼鬼王记忆,post,0,粉丝点评/记忆表达明确,看yan值,#我的超话卡册##跨年抽卡集不停##非正式跨年派对##迪丽热巴 九重天##微博之夜# dlrb #迪丽热巴聂九罗# dlrb #枭起青壤#自秦始，猎枭军，一入黑白涧，人为枭鬼，枭为人魔。看刀家后人聂九罗@Dear-迪丽热巴 孤注一掷，绝境逢生。预约 O明星作品上榜信息各种增加预约方法微博正文迪丽热巴 | 枭起青壤 | |慕胥辞 |聂九罗 | 贺思慕 | @Dear-迪丽热巴L枭起青壤官微的微博视频,https://m.weibo.cn/detail/5250049917063328
白日提灯贺思慕/女鬼鬼王记忆,post,0,粉丝点评/记忆表达明确,感性的豹纹123,微博之夜超话#微博年度星光人物##微博之夜# dlrb #迪丽热巴聂九罗# dlrb #枭起青壤#从知道迪丽热巴要演聂九罗开始，我就一直在盼着这部剧，快播快播！预约 O明星作品上榜信息各种增加预约方法微博正文迪丽热巴 | 枭起青壤 | |慕胥辞 |聂九罗 | 贺思慕 | @Dear-迪丽热巴L枭起青壤官微的微博视频,https://m.weibo.cn/detail/5250049913133753
白日提灯贺思慕/女鬼鬼王记忆,post,0,粉丝点评/记忆表达明确,看yan值,#我的超话卡册##跨年抽卡集不停##非正式跨年派对##迪丽热巴 九重天##迪丽热巴贺思慕# dlrb #慕胥辞# dlrb #迪丽热巴#贺思慕以一己之力震慑灵界，强大气场，迪丽热巴演来必然震撼。预约 O明星作品上榜信息各种增加预约方法微博正文迪丽热巴 | 枭起青壤 | |慕胥辞 |聂九罗 | 贺思慕 | @Dear-迪丽热巴L网剧慕胥辞的微博视频,https://m.weibo.cn/detail/5250049887186852
白日提灯贺思慕/女鬼鬼王记忆,post,0,粉丝点评/记忆表达明确,大战蚊子三百回合的晚上,迪丽热巴超话 #微博之夜# dlrb #迪丽热巴聂九罗# dlrb #枭起青壤#从知道迪丽热巴要演聂九罗开始，我就一直在盼着这部剧，快播快播！预约 O明星作品上榜信息各种增加预约方法微博正文迪丽热巴 | 枭起青壤 | |慕胥辞 |聂九罗 | 贺思慕 | @Dear-迪丽热巴L枭起青壤官微的微博视频,https://m.weibo.cn/detail/5250049892156889
白日提灯贺思慕/女鬼鬼王记忆,post,0,粉丝点评/记忆表达明确,看yan值,#我的超话卡册##跨年抽卡集不停##非正式跨年派对##迪丽热巴贺思慕# dlrb #迪丽热巴慕胥辞# dlrb #迪丽热巴#五感缺失却掌控全局，贺思慕的独特魅力，迪丽热巴演绎令人满心期待。预约 O明星作品上榜信息各种增加预约方法微博正文迪丽热巴 | 枭起青壤 | 慕胥辞 |聂九罗 | 贺思慕 | @Dear-迪丽热巴L网剧慕胥辞的微博视频,https://m.weibo.cn/detail/5250049866209731
白日提灯贺思慕/女鬼鬼王记忆,post,0,粉丝点评/记忆表达明确,想喝柯柯柯柯乐,#向全世界安利我担##微博之夜# dlrb #迪丽热巴聂九罗# dlrb #枭起青壤#时尚前沿雕塑家，睡衣富翁聂九罗@Dear-迪丽热巴 ，文能高雅艺术，武能辣手催枭，独居三合院，全能颜值高，你们让一让，我先结个婚。预约 O明星作品上榜信息各种增加预约方法微博正文迪丽热巴 | 枭起青壤 | |慕胥辞 |聂九罗 | 贺思慕 | @Dear-迪丽热巴L枭起青壤官微的微博视频,https://m.weibo.cn/detail/5250049862802870
白日提灯贺思慕/女鬼鬼王记忆,post,0,粉丝点评/记忆表达明确,看yan值,#我的超话卡册##跨年抽卡集不停##非正式跨年派对##迪丽热巴贺思慕# dlrb #迪丽热巴慕胥辞# dlrb #迪丽热巴#贺思慕在灵界运筹帷幄，智谋过人，迪丽热巴定能展现其王者风范。预约 O明星作品上榜信息各种增加预约方法微博正文迪丽热巴 | 枭起青壤 | |慕胥辞 |聂九罗 | 贺思慕 | @Dear-迪丽热巴L网剧慕胥辞的微博视频,https://m.weibo.cn/detail/5250049845499970
白日提灯贺思慕/女鬼鬼王记忆,post,0,粉丝点评/记忆表达明确,DilSeasons,#我的超话卡册##跨年抽卡集不停##非正式跨年派对##迪丽热巴贺思慕# dlrb #慕胥辞# dlrb #迪丽热巴#贺思慕在灵界运筹帷幄，智谋过人，迪丽热巴定能展现其王者风范。预约 O明星作品上榜信息各种增加预约方法微博正文迪丽热巴 | 枭起青壤 | |慕胥辞 |聂九罗 | 贺思慕 | @Dear-迪丽热巴L网剧慕胥辞的微博视频,https://m.weibo.cn/detail/5250049844982294
白日提灯贺思慕/女鬼鬼王记忆,post,0,粉丝点评/记忆表达明确,妄提向春,"#迪丽热巴慕胥辞#dlrb#迪丽热巴贺思慕#""𝓜𝔂 𝓽𝓮𝓷𝓭𝓮𝓻𝓷𝓮𝓼𝓼 𝓪𝓷𝓭 𝓻𝓸𝓶𝓪𝓷𝓬𝓮 𝓪𝓻𝓮 𝓸𝓷𝓵𝔂 𝓯𝓸𝓻 𝓜𝓲𝓼𝓼 𝓓𝓲.""""我的温柔和浪漫都只给迪小姐一个人.""@Dear-迪丽热巴#迪丽热巴贺思慕# dlrb #迪丽热巴慕胥辞# dlrb #迪丽热巴# @Dear-迪丽热巴",https://m.weibo.cn/detail/5250049765804701
白日提灯贺思慕/女鬼鬼王记忆,post,0,粉丝点评/记忆表达明确,七泽美亚dlrb,迪丽热巴超话#微博之夜# dlrb #迪丽热巴聂九罗# dlrb #枭起青壤#迪丽热巴饰演的聂九罗一定会给我们带来超多惊喜，我已经准备好追剧了😍预约 O明星作品上榜信息各种增加预约方法微博正文迪丽热巴 | 枭起青壤 | |慕胥辞 |聂九罗 | 贺思慕 | @Dear-迪丽热巴L枭起青壤官微的微博视频,https://m.weibo.cn/detail/5250049756892790
白日提灯贺思慕/女鬼鬼王记忆,post,0,粉丝点评/记忆表达明确,迪迪永远开心,微博之夜超话#微博网友年度喜爱综艺##微博之夜# dlrb #迪丽热巴聂九罗# dlrb #枭起青壤#时尚前沿雕塑家，睡衣富翁聂九罗@Dear-迪丽热巴 ，文能高雅艺术，武能辣手催枭，独居三合院，全能颜值高，你们让一让，我先结个婚。预约 O明星作品上榜信息各种增加预约方法微博正文迪丽热巴 | 枭起青壤 | |慕胥辞 |聂九罗 | 贺思慕 | @Dear-迪丽热巴L枭起青壤官微的微博视频,https://m.weibo.cn/detail/5250049681654990
白日提灯贺思慕/女鬼鬼王记忆,post,0,粉丝点评/记忆表达明确,Aa新疆酸奶疙瘩批发迪姐,迪丽热巴超话#迪丽热巴 九重天##迪丽热巴开始推理吧#dlrb#迪丽热巴邓妍#“𝒢𝒾𝓋𝓮 𝓉𝒽𝓮 𝒻𝓁𝓸𝓌𝓮𝓇 𝓸𝒻 𝒶 𝒸𝒾𝓉𝓎 𝓉𝓸 𝓂𝓎 𝓈𝓌𝓮𝓮𝓉𝒽𝓮𝒶𝓇𝓉 ·倾一城之花 赠与我心上人”@Dear-迪丽热巴#迪丽热巴贺思慕# dlrb #迪丽热巴慕胥辞# dlrb #迪丽热巴# 迪丽热巴｜慕胥辞｜贺思慕@Dear-迪丽热巴L玥皖迪的微博视频,https://m.weibo.cn/detail/5250049665668434
白日提灯贺思慕/女鬼鬼王记忆,post,0,粉丝点评/记忆表达明确,甜热热hhh,#我的超话卡册##跨年抽卡集不停##非正式跨年派对##迪丽热巴贺思慕# dlrb #慕胥辞# dlrb #迪丽热巴#贺思慕以弱女子形象周旋各方，心思缜密，迪丽热巴定能展现其机敏。预约 O明星作品上榜信息各种增加预约方法微博正文迪丽热巴 | 枭起青壤 | |慕胥辞 |聂九罗 | 贺思慕 | @Dear-迪丽热巴L网剧慕胥辞的微博视频,https://m.weibo.cn/detail/5250049631063897
枭起青壤/聂九罗表演突破,post,0,粉丝点评/记忆表达明确,丸子8-,迪丽热巴超话#迪丽热巴邓妍# dlrb #迪丽热巴利剑玫瑰#dlrb#迪丽热巴#自由如风的纪云禾预约利剑玫瑰O利剑·玫瑰迪丽热巴 | 枭起青壤 | 利剑玫瑰 | 开始推理吧 | 聂九罗 | 邓妍@Dear-迪丽热巴L们爱丽丝的微博视频 ​,https://m.weibo.cn/detail/5018122923020217
枭起青壤/聂九罗表演突破,post,0,粉丝点评/记忆表达明确,8号尾灯,迪丽热巴超话#迪丽热巴枭起青壤# dlrb#迪丽热巴聂九罗# dlrb#迪丽热巴腿环# dlrb#迪丽热巴# 𝘿𝙤𝙣'𝙩 𝙡𝙞𝙨𝙩𝙚𝙣 𝙩𝙤 𝙩𝙝𝙚 𝙬𝙝𝙞𝙨𝙥𝙚𝙧 𝙤𝙛 𝙩𝙝𝙚 𝙬𝙤𝙧𝙡𝙙 𝙩𝙤 𝙨𝙚𝙚 𝙩𝙝𝙚 𝙨𝙘𝙚𝙣𝙚𝙧𝙮 𝙮𝙤𝙪 𝙡𝙞𝙠𝙚.别听世俗的耳语去看自己喜欢的风景.@Dear-迪丽热巴,https://m.weibo.cn/detail/5018122910433545
枭起青壤/聂九罗表演突破,post,0,粉丝点评/记忆表达明确,28度的雨,#迪丽热巴聂九罗# dlrb#迪丽热巴枭起青壤# 如果困难重重 那我们握紧双手@Dear-迪丽热巴 ​,https://m.weibo.cn/detail/5018122904406473
枭起青壤/聂九罗表演突破,post,0,粉丝点评/记忆表达明确,92年的Dilraba_,迪丽热巴超话#林俊杰演唱会 迪丽热巴# dlrb#迪丽热巴腿环##迪丽热巴聂九罗# dlrb #迪丽热巴枭起青壤# dlrb #迪丽热巴#迪丽热巴纪云禾的每一场哭戏都是按当下剧情富有不同层次，不同情绪，笑着哭的，悲伤到极致的，泪水在眼框打转的，每一滴泪都令人共情。预约利剑玫瑰O利剑·玫瑰迪丽热巴 | 枭起青壤 | 利剑玫瑰 | 开始推理吧 | 聂九罗 | 邓妍@Dear-迪丽热巴L林一撸秃的猫的微博视频 ​,https://m.weibo.cn/detail/5018122897855635
枭起青壤/聂九罗表演突破,post,0,粉丝点评/记忆表达明确,开酒不喝车dd,迪丽热巴超话#迪丽热巴邓妍# dlrb #迪丽热巴利剑玫瑰#dlrb#迪丽热巴#来欣赏长歌每一个名场面，回顾长歌每一个阶段的成长预约利剑玫瑰O利剑·玫瑰迪丽热巴 | 枭起青壤 | 利剑玫瑰 | 开始推理吧 | 聂九罗 | 邓妍@Dear-迪丽热巴L雪碧三分饱的微博视频 ​,https://m.weibo.cn/detail/5018122860106804
李长歌与《长歌行》角色记忆,post,0,粉丝点评/记忆表达明确,92年的Dilraba_,迪丽热巴超话#林俊杰演唱会 迪丽热巴# dlrb#迪丽热巴腿环##迪丽热巴聂九罗# dlrb #迪丽热巴枭起青壤# dlrb #迪丽热巴#“我李长歌想在有生之年，得见盛世大唐”预约利剑玫瑰O利剑·玫瑰迪丽热巴 | 枭起青壤 | 利剑玫瑰 | 开始推理吧 | 聂九罗 | 邓妍@Dear-迪丽热巴L北纬五十四度追极光的微博视频,https://m.weibo.cn/detail/5018122845423002
枭起青壤/聂九罗表演突破,post,0,粉丝点评/记忆表达明确,开酒不喝车dd,迪丽热巴超话#迪丽热巴邓妍# dlrb #迪丽热巴利剑玫瑰#dlrb#迪丽热巴#我们凤九小殿下梨花带雨的三叩首哭戏，太虐心了😭😭😭预约利剑玫瑰O利剑·玫瑰迪丽热巴 | 枭起青壤 | 利剑玫瑰 | 开始推理吧 | 聂九罗 | 邓妍@Dear-迪丽热巴L雪碧三分饱的微博视频 ​,https://m.weibo.cn/detail/5018122843065857
任安乐/帝梓元角色记忆,post,0,粉丝点评/记忆表达明确,钟情之迪,迪丽热巴超话#迪丽热巴腿环# dlrb#迪丽热巴任安乐# dlrb#迪丽热巴安乐传#“我喜欢你，所以希望你被簇拥包围，所以你走的路要繁花盛开，要人声鼎沸。”@Dear-迪丽热巴 ​,https://m.weibo.cn/detail/5018122837560271
枭起青壤/聂九罗表演突破,post,0,粉丝点评/记忆表达明确,丸子8-,迪丽热巴超话#迪丽热巴邓妍# dlrb #迪丽热巴利剑玫瑰#dlrb#迪丽热巴#来欣赏长歌每一个名场面，回顾长歌每一个阶段的成长预约利剑玫瑰O利剑·玫瑰迪丽热巴 | 枭起青壤 | 利剑玫瑰 | 开始推理吧 | 聂九罗 | 邓妍@Dear-迪丽热巴L雪碧三分饱的微博视频 ​,https://m.weibo.cn/detail/5018122809508555
枭起青壤/聂九罗表演突破,post,0,粉丝点评/记忆表达明确,28度的雨,#迪丽热巴聂九罗# dlrb#迪丽热巴枭起青壤# 希望你开心 苦与乐我都陪你@Dear-迪丽热巴 ​,https://m.weibo.cn/detail/5018122754987263
任安乐/帝梓元角色记忆,post,0,粉丝点评/记忆表达明确,夙念廿,迪丽热巴超话#迪丽热巴安乐传#dlrb#迪丽热巴任安乐#一饮涤昏寐，情来朗爽满天地。这情为何？喜、怒、哀、惧、爱、恶、欲，七情皆我臂下刀、手中剑，我任安乐@Dear-迪丽热巴 用之一举破了你山河！#安乐传#迪丽热巴安旎|公诉精英|迪丽热巴安乐传|任安乐|帝梓元 @Dear-迪丽热巴L嘉行迪丽热巴工作室的微博视频 ​​​,https://m.weibo.cn/detail/5018122694164553
枭起青壤/聂九罗表演突破,post,0,粉丝点评/记忆表达明确,阳光沙滩迪宝,"迪丽热巴超话#迪丽热巴邓妍# dlrb #迪丽热巴利剑玫瑰#dlrb#迪丽热巴#“你是帝家后人，聚和散，无休上演”襟飘带舞,裙裾飞扬,我那命运般的安乐寨主，什么时候才能团圆😭😭预约利剑玫瑰O利剑·玫瑰迪丽热巴 | 枭起青壤 | 利剑玫瑰 | 开始推理吧 | 聂九罗 | 邓妍@Dear-迪丽热巴L唐沁GARBAGE的微博视频",https://m.weibo.cn/detail/5018122455353671
枭起青壤/聂九罗表演突破,post,0,粉丝点评/记忆表达明确,愿明月永远高悬,谁懂啊！刚才打游戏发布召集，一个小姐姐进来就喊我九罗，然后她问我是不是经常看尾鱼的小说，我说我喜欢巴巴，最近巴巴拍枭起青壤，我觉得很好看就改了这么个id，然后她也说觉得热巴很漂亮跟聂九罗很符合，她是淑芬，但是她看花少特别喜欢巴巴，我们俩就一边讨论巴巴花少还有枭起青壤一边打游戏，小姐姐声音超级甜，我今天太幸福了呜呜呜呜呜我们小巴巴花少真的圈了超级多的粉啊,https://m.weibo.cn/detail/5018122427830182
白凤九与三生三世情怀,post,0,粉丝点评/记忆表达明确,是巴巴的酸奶疙瘩呀,#迪丽热巴邓妍# dlrb #迪丽热巴利剑玫瑰#dlrb#迪丽热巴#“我这段人生，看似很短实则很长”——阿兰若相里阿兰若和白凤九拥有一样的脸，但迪丽热巴演出了不一样的感觉和气质。预约利剑玫瑰O利剑·玫瑰迪丽热巴 | 枭起青壤 | 利剑玫瑰 | 开始推理吧 | 聂九罗 | 邓妍@Dear-迪丽热巴LDI-WARRIOR大院的微博视频,https://m.weibo.cn/detail/5018122394535304
枭起青壤/聂九罗表演突破,post,0,粉丝点评/记忆表达明确,崩崩faaaaaa,迪丽热巴超话#迪丽热巴聂九罗# dlrb #迪丽热巴枭起青壤# dlrb #迪丽热巴#热巴和慧珍，她们都是世上最善良的女孩，用着自己的方式努力温暖身边每一个人预约利剑玫瑰O利剑·玫瑰迪丽热巴 | 枭起青壤 | 利剑玫瑰 | 开始推理吧 | 聂九罗 | 邓妍@Dear-迪丽热巴L们爱丽丝的微博视频#迪丽热巴腿环#,https://m.weibo.cn/detail/5018122388769518
枭起青壤/聂九罗表演突破,post,0,粉丝点评/记忆表达明确,8号尾灯,迪丽热巴超话#迪丽热巴枭起青壤# dlrb#迪丽热巴聂九罗# dlrb#迪丽热巴腿环# dlrb#迪丽热巴# 我对你的爱意泛滥四起 赤诚而热烈 𝓜𝔂 𝓵𝓸𝓿𝓮 𝓯𝓸𝓻 𝔂𝓸𝓾 𝓲𝓼 𝓸𝓿𝓮𝓻𝓯𝓵𝓸𝔀𝓲𝓷𝓰 𝓼𝓲𝓷𝓬𝓮𝓻𝓮 𝓪𝓷𝓭 𝔀𝓪𝓻𝓶.@Dear-迪丽热巴,https://m.weibo.cn/detail/5018122313273036
演员成长与角色群像评价,post,0,粉丝点评/记忆表达明确,睡醒还是困的土豆,#迪丽热巴腿环# dlrb#迪丽热巴请粉丝吃巧克力# “我希望角色都有着更加丰盈的个性。虽然我自己并没有太多个性，但我倒希望有一天，大家会说，迪丽热巴其实是很有个性的演员。我不太想让自己成为一个圆圆球，那不适合做好一个演员。我希望自己是个三角形，或是长方形，或是正方形，我希望它是有形状的”@Dear-迪丽热巴,https://m.weibo.cn/detail/5018122270280255
枭起青壤/聂九罗表演突破,post,0,粉丝点评/记忆表达明确,西瓜真迪甜,#迪丽热巴聂九罗# dlrb #迪丽热巴枭起青壤# dlrb #迪丽热巴#迪丽热巴纪云禾的每一场哭戏都是按当下剧情富有不同层次，不同情绪，笑着哭的，悲伤到极限的，泪水在眼框打转的，每一滴泪都令人共情。预约利剑玫瑰O利剑·玫瑰迪丽热巴 | 枭起青壤 | 利剑玫瑰 | 开始推理吧 | 聂九罗 | 邓妍@Dear-迪丽热巴L林一撸秃的猫的微博视频 ​,https://m.weibo.cn/detail/5018122174071535
枭起青壤/聂九罗表演突破,post,0,粉丝点评/记忆表达明确,badada宝宝贝,迪丽热巴超话#迪丽热巴腿环##迪丽热巴聂九罗# dlrb #迪丽热巴枭起青壤# dlrb #迪丽热巴#迪丽热巴纪云禾的每一场哭戏都是按当下剧情富有不同层次，不同情绪，笑着哭的，悲伤到极致的，泪水在眼框打转的，每一滴泪都令人共情。预约利剑玫瑰O利剑·玫瑰迪丽热巴 | 枭起青壤 | 利剑玫瑰 | 开始推理吧 | 聂九罗 | 邓妍@Dear-迪丽热巴L林一撸秃的猫的微博视频 ​,https://m.weibo.cn/detail/5018122155461839
枭起青壤/聂九罗表演突破,post,0,粉丝点评/记忆表达明确,badada宝宝贝,迪丽热巴超话#迪丽热巴腿环##迪丽热巴聂九罗# dlrb #迪丽热巴枭起青壤# dlrb #迪丽热巴#你好任安乐😍我是来当寨主夫人的预约利剑玫瑰O利剑·玫瑰迪丽热巴 | 枭起青壤 | 利剑玫瑰 | 开始推理吧 | 聂九罗 | 邓妍@Dear-迪丽热巴L港岛夜游的微博视频#迪丽热巴聂九罗# dlrb #迪丽热巴枭起青壤# dlrb #迪丽热巴#我们的石榴花一定会红起来的预约利剑玫瑰O利剑·玫瑰迪丽热巴 | 枭起青壤 | 利剑玫瑰 | 开,https://m.weibo.cn/detail/5018122144711039
李长歌与《长歌行》角色记忆,post,0,粉丝点评/记忆表达明确,有88就不是选择题,迪丽热巴超话#林俊杰演唱会 迪丽热巴##迪丽热巴聂九罗艺术家穿搭##超话星愿池##迪丽热巴聂九罗# dlrb #迪丽热巴枭起青壤# dlrb #迪丽热巴#“我李长歌想在有生之年，得见盛世大唐”预约利剑玫瑰O利剑·玫瑰迪丽热巴 | 枭起青壤 | 利剑玫瑰 | 开始推理吧 | 聂九罗 | 邓妍@Dear-迪丽热巴L北纬五十四度追极光的微博视频,https://m.weibo.cn/detail/5018122134226489
枭起青壤/聂九罗表演突破,post,0,粉丝点评/记忆表达明确,漫珊666,迪丽热巴超话#迪丽热巴聂九罗# dlrb #迪丽热巴枭起青壤# dlrb #迪丽热巴#一起来鉴赏纪云禾的各种“笑”同样是笑但迪丽热巴演出來每个笑都是拥有不同的情绪的笑令人甜到心坎里的甜笑，令人心疼的哭着笑，令人心寒的疯笑​​​预约利剑玫瑰O利剑·玫瑰迪丽热巴 | 枭起青壤 | 利剑玫瑰 | 开始推理吧 | 聂九罗 | 邓妍@Dear-迪丽热巴L溪宁不是西宁的微博视频,https://m.weibo.cn/detail/5018122085997543
枭起青壤/聂九罗表演突破,post,0,粉丝点评/记忆表达明确,沃斯祢碟,迪丽热巴超话迪丽热巴超话#迪丽热巴腿环##迪丽热巴聂九罗# dlrb #迪丽热巴枭起青壤# dlrb #迪丽热巴#打戏这方面还是得看我们任安乐寨主看谁敢动任安乐的人预约利剑玫瑰O利剑·玫瑰迪丽热巴 | 枭起青壤 | 利剑玫瑰 | 开始推理吧 | 聂九罗 | 邓妍@Dear-迪丽热巴L溪宁不是西宁的微博视频 ​,https://m.weibo.cn/detail/5018122057155493
任安乐/帝梓元角色记忆,post,0,粉丝点评/记忆表达明确,一起携手热爱0603,迪丽热巴超话#迪丽热巴安乐传# dlrb#迪丽热巴任安乐# 𝐈 𝐩𝐚𝐜𝐤 𝐦𝐲 𝐭𝐡𝐨𝐮𝐠𝐡𝐭𝐬 𝐚𝐧𝐝 𝐛𝐥𝐨𝐰 𝐭𝐡𝐞𝐦 𝐭𝐨 𝐲𝐨𝐮 𝐰𝐢𝐭𝐡 𝐭𝐡𝐞 𝐚𝐮𝐭𝐮𝐦𝐧 𝐰𝐢𝐧𝐝. 我将思念打包 随着秋风吹向迪丽热巴任安乐|#迪丽热巴任安乐#|迪丽热巴安乐传|#迪丽热巴安乐传# @Dear-迪丽热巴 #迪丽热巴# ​,https://m.weibo.cn/detail/5018122000273256
枭起青壤/聂九罗表演突破,post,0,粉丝点评/记忆表达明确,东姊爱迪丽,"迪丽热巴超话#迪丽热巴开始推理吧# dlrb #迪丽热巴#“你是帝家后人，聚和散，无休上演”襟飘带舞,裙裾飞扬,我那命运般的安乐寨主，什么时候才能团圆😭😭预约利剑玫瑰O利剑·玫瑰迪丽热巴 | 枭起青壤 | 利剑玫瑰 | 开始推理吧 | 聂九罗 | 邓妍@Dear-迪丽热巴L唐沁GARBAGE的微博视频",https://m.weibo.cn/detail/5018121684129447
枭起青壤/聂九罗表演突破,post,0,粉丝点评/记忆表达明确,巴巴-平安喜乐,迪丽热巴超话#超话星愿池##林俊杰演唱会 迪丽热巴##迪丽热巴邓妍# dlrb #迪丽热巴利剑玫瑰#dlrb#迪丽热巴#我们凤九小殿下梨花带雨的三叩首哭戏，太虐心了😭😭😭预约利剑玫瑰O利剑·玫瑰迪丽热巴 | 枭起青壤 | 利剑玫瑰 | 开始推理吧 | 聂九罗 | 邓妍@Dear-迪丽热巴L雪碧三分饱的微博视频,https://m.weibo.cn/detail/5018121618325701
枭起青壤/聂九罗表演突破,post,0,粉丝点评/记忆表达明确,8号尾灯,"迪丽热巴超话#迪丽热巴枭起青壤# dlrb#迪丽热巴聂九罗# dlrb#迪丽热巴腿环# dlrb#迪丽热巴# “你是我跨越山河万里，携带着芳香也要碰面的光” ""𝓨𝓸𝓾 𝓪𝓻𝓮 𝓽𝓱𝓮 𝓵𝓲𝓰𝓱𝓽 𝓽𝓱𝓪𝓽 𝓘 𝓬𝓻𝓸𝓼𝓼 𝓽𝓱𝓮 𝓶𝓸𝓾𝓷𝓽𝓪𝓲𝓷𝓼 𝓪𝓷𝓭""@Dear-迪丽热巴",https://m.weibo.cn/detail/5018121501152816
白凤九与三生三世情怀,post,0,粉丝点评/记忆表达明确,想躺在小迪怀里,迪丽热巴超话#迪丽热巴聂九罗# dlrb #迪丽热巴枭起青壤# dlrb #迪丽热巴#“我这段人生，看似很短实则很长”——阿兰若相里阿兰若和白凤九拥有一样的脸，但迪丽热巴演出了不一样的感觉和气质。预约利剑玫瑰O利剑·玫瑰迪丽热巴 | 枭起青壤 | 利剑玫瑰 | 开始推理吧 | 聂九罗 | 邓妍@Dear-迪丽热巴LDI-WARRIOR大院的微博视频,https://m.weibo.cn/detail/5018121406254908
枭起青壤/聂九罗表演突破,post,0,粉丝点评/记忆表达明确,迪巴天天开心,#迪丽热巴聂九罗# dlrb#迪丽热巴枭起青壤# dlrb#迪丽热巴#一起来鉴赏纪云禾的各种“笑”同样是笑但迪丽热巴演出來每个笑都是拥有不同的情绪的笑令人甜到心坎里的甜笑，令人心疼的哭着笑，令人心寒的疯笑​​​迪丽热巴 | 枭起青壤 | 利剑玫瑰 | 开始推理吧 | 聂九罗 | 邓妍@Dear-迪丽热巴L溪宁不是西宁的微博视频,https://m.weibo.cn/detail/5018121235075983
李长歌与《长歌行》角色记忆,post,0,粉丝点评/记忆表达明确,谁是阿乔小朋友,迪丽热巴超话#迪丽热巴聂九罗# dlrb #迪丽热巴枭起青壤# dlrb #迪丽热巴#总要去趟大唐吧 去看看那个保家卫国的李长歌预约利剑玫瑰O利剑·玫瑰迪丽热巴 | 枭起青壤 | 利剑玫瑰 | 开始推理吧 | 聂九罗 | 邓妍@Dear-迪丽热巴L一只废咸鱼_的微博视频#迪丽热巴聂九罗# dlrb #迪丽热巴枭起青壤# dlrb #迪丽热巴#自由如风的纪云禾预约利剑玫瑰O利剑·玫瑰迪丽热巴 | 枭起青壤 | 利剑玫瑰 | 开始推理吧 ,https://m.weibo.cn/detail/5018121058910249
白凤九与三生三世情怀,post,0,粉丝点评/记忆表达明确,小迪小迪勇往直前,迪丽热巴超话#林俊杰演唱会 迪丽热巴##迪丽热巴聂九罗# dlrb #迪丽热巴枭起青壤# dlrb #迪丽热巴#“我这段人生，看似很短实则很长”——阿兰若相里阿兰若和白凤九拥有一样的脸，但迪丽热巴演出了不一样的感觉和气质。预约利剑玫瑰O利剑·玫瑰迪丽热巴 | 枭起青壤 | 利剑玫瑰 | 开始推理吧 | 聂九罗 | 邓妍@Dear-迪丽热巴LDI-WARRIOR大院的微博视频,https://m.weibo.cn/detail/5018121042401476
枭起青壤/聂九罗表演突破,post,0,粉丝点评/记忆表达明确,谁是阿乔小朋友,迪丽热巴超话#迪丽热巴聂九罗# dlrb #迪丽热巴枭起青壤# dlrb #迪丽热巴#热·爱 无所畏惧预约利剑玫瑰O利剑·玫瑰迪丽热巴 | 枭起青壤 | 利剑玫瑰 | 开始推理吧 | 聂九罗 | 邓妍@Dear-迪丽热巴L原野拾穗的微博视频#迪丽热巴聂九罗# dlrb #迪丽热巴枭起青壤# dlrb #迪丽热巴#打戏这方面还是得看我们任安乐寨主看谁敢动任安乐的人预约利剑玫瑰O利剑·玫瑰迪丽热巴 | 枭起青壤 | 利剑玫瑰 | 开始推理,https://m.weibo.cn/detail/5018120995213745
枭起青壤/聂九罗表演突破,post,0,粉丝点评/记忆表达明确,迪迪迪badada2,迪丽热巴超话#迪丽热巴腿环##迪丽热巴聂九罗# dlrb #迪丽热巴枭起青壤# dlrb #迪丽热巴#这个挥手手 太可爱了😍😍😍羡慕在场每一个亲眼看到宝贝的人预约利剑玫瑰O利剑·玫瑰迪丽热巴 | 枭起青壤 | 利剑玫瑰 | 开始推理吧 | 聂九罗 | 邓妍@Dear-迪丽热巴Llil-杨的微博视频,https://m.weibo.cn/detail/5018120957201148
枭起青壤/聂九罗表演突破,post,0,粉丝点评/记忆表达明确,偏偏遇见迪迪,迪丽热巴超话#林俊杰演唱会 迪丽热巴##迪丽热巴聂九罗# dlrb #迪丽热巴枭起青壤# dlrb #迪丽热巴#好温婉的任安乐「在瓶底书汉隶仿前朝的飘逸就当我为遇见你伏笔」预约利剑玫瑰O利剑·玫瑰迪丽热巴 | 枭起青壤 | 利剑玫瑰 | 开始推理吧 | 聂九罗 | 邓妍@Dear-迪丽热巴L冬日士多啤梨的微博视频,https://m.weibo.cn/detail/5018120895334283
任安乐/帝梓元角色记忆,post,0,粉丝点评/记忆表达明确,冬季雪1226,迪丽热巴超话#迪丽热巴安乐传# dlrb#迪丽热巴任安乐# 你是我寡淡无味的青春里很特别的存在𝒀𝒐𝒖 𝒂𝒓𝒆 𝒂 𝒔𝒑𝒆𝒄𝒊𝒂𝒍 𝒆𝒙𝒊𝒔𝒕𝒆𝒏𝒄𝒆 𝒊𝒏 𝒎𝒚 𝒅𝒖𝒍𝒍 𝒚𝒐𝒖𝒕𝒉🦋迪丽热巴任安乐|#迪丽热巴任安乐#|迪丽热巴安乐传|#迪丽热巴安乐传# @Dear-迪丽热巴 #迪丽热巴# ​,https://m.weibo.cn/detail/5018120886948221
枭起青壤/聂九罗表演突破,post,0,粉丝点评/记忆表达明确,迪迪迪badada1,迪丽热巴超话#迪丽热巴腿环##迪丽热巴聂九罗# dlrb #迪丽热巴枭起青壤# dlrb #迪丽热巴#一起来鉴赏纪云禾的各种“笑”同样是笑但迪丽热巴演出來每个笑都是拥有不同的情绪的笑令人甜到心坎里的甜笑，令人心疼的哭着笑，令人心寒的疯笑​​​预约利剑玫瑰O利剑·玫瑰迪丽热巴 | 枭起青壤 | 利剑玫瑰 | 开始推理吧 | 聂九罗 | 邓妍@Dear-迪丽热巴L溪宁不是西宁的微博视频,https://m.weibo.cn/detail/5018120797819862
枭起青壤/聂九罗表演突破,post,0,粉丝点评/记忆表达明确,初玺欢,迪丽热巴超话#迪丽热巴开始推理吧# dlrb #迪丽热巴#想跟七七宝贝谈恋爱 真的好甜好可爱预约利剑玫瑰O利剑·玫瑰迪丽热巴 | 枭起青壤 | 利剑玫瑰 | 开始推理吧 | 聂九罗 | 邓妍@Dear-迪丽热巴L雪碧三分饱的微博视频#迪丽热巴开始推理吧# dlrb #迪丽热巴#面对突发情况冷静睿智，不愧是江城市十佳检察官安旎预约利剑玫瑰O利剑·玫瑰迪丽热巴 | 枭起青壤 | 利剑玫瑰 | 开始推理吧 | 聂九罗 | 邓妍@Dear-迪,https://m.weibo.cn/detail/5018120794936245
枭起青壤/聂九罗表演突破,post,0,粉丝点评/记忆表达明确,相思尽在迪迪,迪丽热巴超话#林俊杰演唱会 迪丽热巴##迪丽热巴聂九罗# dlrb #迪丽热巴枭起青壤# dlrb #迪丽热巴#好温婉的任安乐「在瓶底书汉隶仿前朝的飘逸就当我为遇见你伏笔」预约利剑玫瑰O利剑·玫瑰迪丽热巴 | 枭起青壤 | 利剑玫瑰 | 开始推理吧 | 聂九罗 | 邓妍@Dear-迪丽热巴L冬日士多啤梨的微博视频,https://m.weibo.cn/detail/5018120737525575
枭起青壤/聂九罗表演突破,post,0,粉丝点评/记忆表达明确,迪迪爱你5,迪丽热巴超话#迪丽热巴腿环##迪丽热巴聂九罗# dlrb #迪丽热巴枭起青壤# dlrb #迪丽热巴#我们的石榴花一定会红起来的预约利剑玫瑰O利剑·玫瑰迪丽热巴 | 枭起青壤 | 利剑玫瑰 | 开始推理吧 | 聂九罗 | 邓妍@Dear-迪丽热巴L迪家二大爷的微博视频#迪丽热巴聂九罗# dlrb #迪丽热巴枭起青壤# dlrb #迪丽热巴#安旎检察官🫡庭审让人看得血脉沸腾！台词好棒👍🏻预约利剑玫瑰O利剑·玫瑰迪丽热巴 | 枭起青壤 |,https://m.weibo.cn/detail/5018120719176355
枭起青壤/聂九罗表演突破,post,0,粉丝点评/记忆表达明确,nonAINY_3,迪丽热巴超话#迪丽热巴聂九罗# dlrb #迪丽热巴枭起青壤# dlrb #迪丽热巴#安乐在[全力以赴]解百忧～希望我们都“任他清风明月，我自安康常乐乐乐乐乐乐” 预约利剑玫瑰O利剑·玫瑰迪丽热巴 | 枭起青壤 | 利剑玫瑰 | 开始推理吧 | 聂九罗 | 邓妍@Dear-迪丽热巴LDear-迪丽热巴的微博视频,https://m.weibo.cn/detail/5018120715240293
任安乐/帝梓元角色记忆,post,0,粉丝点评/记忆表达明确,迪迪爱你5,迪丽热巴超话#迪丽热巴腿环##迪丽热巴聂九罗# dlrb #迪丽热巴枭起青壤# dlrb #迪丽热巴#每次下雪对帝梓元来说都是难熬的帝梓元（任安乐）每一次落泪都令人很心疼预约利剑玫瑰O利剑·玫瑰迪丽热巴 | 枭起青壤 | 利剑玫瑰 | 开始推理吧 | 聂九罗 | 邓妍@Dear-迪丽热巴L溪宁不是西宁的微博视频,https://m.weibo.cn/detail/5018120690076267
枭起青壤/聂九罗表演突破,post,0,粉丝点评/记忆表达明确,静宝闪耀,迪丽热巴超话#迪丽热巴枭起青壤# ​​​dlrb#迪丽热巴聂九罗#“偷偷见一面吧 就偷偷的 我想让你眼中只有我” 𝓢𝓮𝓬𝓻𝓮𝓽𝓵𝔂 𝓢𝓮𝓬𝓻𝓮𝓽𝓵𝔂 𝓘 𝔀𝓪𝓷𝓽 𝔂𝓸𝓾 𝓽𝓸 𝓼𝓮𝓮 𝓸𝓷𝓵𝔂 𝓶𝓮@Dear-迪丽热巴#迪丽热巴花儿与少年#dlrb#花儿与少年#｜迪丽热巴花儿与少年｜花儿与少年 @Dear-迪丽热巴,https://m.weibo.cn/detail/5018120669103053
枭起青壤/聂九罗表演突破,post,0,粉丝点评/记忆表达明确,新_迪,迪丽热巴超话#迪丽热巴枭起青壤# dlrb#迪丽热巴聂九罗#“故事很长，但我故事里的女主角永远闪闪发光”𝑇𝘩𝑒 𝑠𝑡𝑜𝑟𝑦 𝑖𝑠 𝑙𝑜𝑛𝑔 𝑏𝑢𝑡 𝑡𝘩𝑒 𝘩𝑒𝑟𝑜𝑖𝑛𝑒 𝑖𝑛 𝑚𝑦 𝑠𝑡𝑜𝑟𝑦 𝑖𝑠 𝑎𝑙𝑤𝑎𝑦𝑠 𝑠𝘩𝑖𝑛𝑖𝑛𝑔@Dear-迪丽热巴,https://m.weibo.cn/detail/5018120648132694
枭起青壤/聂九罗表演突破,post,0,粉丝点评/记忆表达明确,迪迪爱你4,迪丽热巴超话#迪丽热巴腿环##迪丽热巴聂九罗# dlrb #迪丽热巴枭起青壤# dlrb #迪丽热巴#热巴和慧珍，她们都是世上最善良的女孩，用着自己的方式努力温暖身边每一个人预约利剑玫瑰O利剑·玫瑰迪丽热巴 | 枭起青壤 | 利剑玫瑰 | 开始推理吧 | 聂九罗 | 邓妍@Dear-迪丽热巴L们爱丽丝的微博视频#迪丽热巴聂九罗# dlrb #迪丽热巴枭起青壤# dlrb #迪丽热巴#迪丽热巴💖爱丽丝！一生热爱，步履不停预约利剑玫瑰O利,https://m.weibo.cn/detail/5018120579710987
枭起青壤/聂九罗表演突破,post,0,粉丝点评/记忆表达明确,迪迪爱你4,迪丽热巴超话#迪丽热巴腿环##迪丽热巴聂九罗# dlrb #迪丽热巴枭起青壤# dlrb #迪丽热巴#热巴和慧珍，她们都是世上最善良的女孩，用着自己的方式努力温暖身边每一个人预约利剑玫瑰O利剑·玫瑰迪丽热巴 | 枭起青壤 | 利剑玫瑰 | 开始推理吧 | 聂九罗 | 邓妍@Dear-迪丽热巴L们爱丽丝的微博视频,https://m.weibo.cn/detail/5018120559002140
任安乐/帝梓元角色记忆,post,0,粉丝点评/记忆表达明确,阿粥阿粥最无敌,迪丽热巴超话#林俊杰演唱会 迪丽热巴##迪丽热巴聂九罗# dlrb #迪丽热巴枭起青壤# dlrb #迪丽热巴#每次下雪对帝梓元来说都是难熬的帝梓元（任安乐）每一次落泪都令人很心疼预约利剑玫瑰O利剑·玫瑰迪丽热巴 | 枭起青壤 | 利剑玫瑰 | 开始推理吧 | 聂九罗 | 邓妍@Dear-迪丽热巴L溪宁不是西宁的微博视频,https://m.weibo.cn/detail/5018120546682119
枭起青壤/聂九罗表演突破,post,0,粉丝点评/记忆表达明确,静宝闪耀,迪丽热巴超话#迪丽热巴枭起青壤# ​​​dlrb#迪丽热巴聂九罗#海的那边就是海 我的心里也是.𝐴𝑛𝑦 𝑠𝘩𝑖𝑝 𝑤𝑖𝑡𝘩𝑜𝑢𝑡 𝑑𝑖𝑟𝑒𝑐𝑡𝑖𝑜𝑛 𝑖𝑠 𝑎𝑔𝑎𝑖𝑛𝑠𝑡 𝑡𝘩 𝑤𝑖𝑛𝑑.@Dear-迪丽热巴#迪丽热巴聂九罗# dlrb #迪丽热巴枭起青壤# 迪丽热巴｜枭起青壤｜聂九罗@Dear-迪丽热巴,https://m.weibo.cn/detail/5018120513913764
枭起青壤/聂九罗表演突破,post,0,粉丝点评/记忆表达明确,-SSSSSY,迪丽热巴超话#林俊杰演唱会 迪丽热巴##迪丽热巴聂九罗# dlrb #迪丽热巴枭起青壤# dlrb #迪丽热巴#可爱又迷人的宝宝脸颊比心真迪甜 预约利剑玫瑰O利剑·玫瑰迪丽热巴 | 枭起青壤 | 利剑玫瑰 | 开始推理吧 | 聂九罗 | 邓妍@Dear-迪丽热巴LLimerence0603丨迪丽热巴的微博视频,https://m.weibo.cn/detail/5018120446282599
爱丽丝与热巴的双向奔赴,post,0,粉丝点评/记忆表达明确,迪迪爱你3,迪丽热巴超话#迪丽热巴腿环##迪丽热巴聂九罗# dlrb #迪丽热巴枭起青壤# dlrb #迪丽热巴#真的好爱真诚的宝贝迪丽热巴和爱丽丝锁了互相陪伴一起成长一起进步预约利剑玫瑰O利剑·玫瑰迪丽热巴 | 枭起青壤 | 利剑玫瑰 | 开始推理吧 | 聂九罗 | 邓妍@Dear-迪丽热巴L星姐微博的微博视频,https://m.weibo.cn/detail/5018120433173481
枭起青壤/聂九罗表演突破,post,0,粉丝点评/记忆表达明确,-SSSSSY,迪丽热巴超话#林俊杰演唱会 迪丽热巴##迪丽热巴聂九罗# dlrb #迪丽热巴枭起青壤# dlrb #迪丽热巴#i甜妹请这里集合不能错过可爱小巴的甜甜合集预约利剑玫瑰O利剑·玫瑰迪丽热巴 | 枭起青壤 | 利剑玫瑰 | 开始推理吧 | 聂九罗 | 邓妍@Dear-迪丽热巴L袖青筝的微博视频,https://m.weibo.cn/detail/5018120399621634
枭起青壤/聂九罗表演突破,post,0,粉丝点评/记忆表达明确,maru_丸丸子,迪丽热巴超话#迪丽热巴聂九罗# dlrb #迪丽热巴枭起青壤# dlrb #迪丽热巴#安乐在[全力以赴]解百忧～希望我们都“任他清风明月，我自安康常乐乐乐乐乐乐” 预约利剑玫瑰O利剑·玫瑰迪丽热巴 | 枭起青壤 | 利剑玫瑰 | 开始推理吧 | 聂九罗 | 邓妍@Dear-迪丽热巴LDear-迪丽热巴的微博视频,https://m.weibo.cn/detail/5018120325170030
任安乐/帝梓元角色记忆,post,0,粉丝点评/记忆表达明确,一起携手热爱0603,迪丽热巴超话#迪丽热巴安乐传# dlrb#迪丽热巴任安乐# 你是我寡淡无味的青春里很特别的存在𝒀𝒐𝒖 𝒂𝒓𝒆 𝒂 𝒔𝒑𝒆𝒄𝒊𝒂𝒍 𝒆𝒙𝒊𝒔𝒕𝒆𝒏𝒄𝒆 𝒊𝒏 𝒎𝒚 𝒅𝒖𝒍𝒍 𝒚𝒐𝒖𝒕𝒉🦋迪丽热巴任安乐|#迪丽热巴任安乐#|迪丽热巴安乐传|#迪丽热巴安乐传# @Dear-迪丽热巴 #迪丽热巴# ​,https://m.weibo.cn/detail/5018120240238959
李长歌与《长歌行》角色记忆,post,0,粉丝点评/记忆表达明确,喔哟vvvv,迪丽热巴超话#林俊杰演唱会 迪丽热巴##超话星愿池##迪丽热巴利剑玫瑰##迪丽热巴聂九罗# dlrb #迪丽热巴枭起青壤# dlrb #迪丽热巴#“我李长歌想在有生之年，得见盛世大唐”预约利剑玫瑰O利剑·玫瑰迪丽热巴 | 枭起青壤 | 利剑玫瑰 | 开始推理吧 | 聂九罗 | 邓妍@Dear-迪丽热巴L北纬五十四度追极光的微博视频,https://m.weibo.cn/detail/5018120217694322
爱丽丝与热巴的双向奔赴,post,0,粉丝点评/记忆表达明确,迪迪爱你2,迪丽热巴超话#迪丽热巴腿环##迪丽热巴聂九罗# dlrb #迪丽热巴枭起青壤# dlrb #迪丽热巴#真的好爱真诚的宝贝迪丽热巴和爱丽丝锁了互相陪伴一起成长一起进步预约利剑玫瑰O利剑·玫瑰迪丽热巴 | 枭起青壤 | 利剑玫瑰 | 开始推理吧 | 聂九罗 | 邓妍@Dear-迪丽热巴L星姐微博的微博视频,https://m.weibo.cn/detail/5018120190166297
任安乐/帝梓元角色记忆,post,0,粉丝点评/记忆表达明确,关不住小迪,"迪丽热巴超话#超话星愿池# “你是海平线的终点 是我愿意披星戴月去爱的人” 𝒴𝓸𝓮 𝒽𝓸𝓇𝒾𝓏𝓸𝓃, 𝓉𝒽𝓮 𝓸𝓃𝓮 𝓘 𝓌𝓸𝓊𝓁𝒹 𝓁𝒾𝓀𝓮 𝓉.@Dear-迪丽热巴#迪丽热巴安乐传#dlrb#迪丽热巴任安乐#|迪丽热巴安乐传|迪丽热巴任安乐|安乐传|任安乐@Dear-迪丽热巴",https://m.weibo.cn/detail/5018120169718688
任安乐/帝梓元角色记忆,post,0,粉丝点评/记忆表达明确,关不住小迪,"迪丽热巴超话 ""🥀.爱意化成风声，替我转交给你""𝓛𝓸𝓋𝓮 𝓉𝓊𝓇𝓃𝓈 𝒾𝓃𝓉𝓸 𝓌𝒾𝓃𝒹, 𝓰𝒾𝓋𝓮 𝒾𝓉 𝓉𝓸 𝓎𝓸𝓊 𝒻𝓸𝓇 𝓂𝓮.🥀@Dear-迪丽热巴#迪丽热巴安乐传#dlrb#迪丽热巴任安乐#|迪丽热巴安乐传|任安乐|帝梓元|公诉|安旎@Dear-迪丽热巴",https://m.weibo.cn/detail/5018120081379154
枭起青壤/聂九罗表演突破,post,0,粉丝点评/记忆表达明确,夙语亦难求我是老四,迪丽热巴超话#迪丽热巴聂九罗# dlrb #迪丽热巴枭起青壤# dlrb #迪丽热巴#一起来鉴赏纪云禾的各种“笑”同样是笑但迪丽热巴演出來每个笑都是拥有不同的情绪的笑令人甜到心坎里的甜笑，令人心疼的哭着笑，令人心寒的疯笑​​​预约利剑玫瑰O利剑·玫瑰迪丽热巴 | 枭起青壤 | 利剑玫瑰 | 开始推理吧 | 聂九罗 | 邓妍@Dear-迪丽热巴L溪宁不是西宁的微博视频,https://m.weibo.cn/detail/5018120049659637
任安乐/帝梓元角色记忆,post,0,粉丝点评/记忆表达明确,关不住小迪,迪丽热巴超话 “ 𝐸𝓋𝑒𝓃 𝓉𝒽𝑒 𝓌𝒾𝓃𝒹 𝒸𝒶𝓃'𝓉 𝒷𝓁𝑜𝓌 𝒶𝓌𝒶𝓎 𝓂𝓎 𝓂𝒾𝓈𝓈𝒾𝓃𝑔 𝒻𝑜𝓇 𝓎𝑜𝓊 就算是风也吹不走我对你的思念”@Dear-迪丽热巴#迪丽热巴安乐传#dlrb#迪丽热巴任安乐#|迪丽热巴安乐传|任安乐|帝梓元|迪丽热巴安乐传|任安乐|帝梓元|迪丽热巴公诉|安旎 @Dear-迪丽热巴,https://m.weibo.cn/detail/5018120043630728
白凤九与三生三世情怀,post,0,粉丝点评/记忆表达明确,辣椒味的茶叶粥,迪丽热巴超话#林俊杰演唱会 迪丽热巴##迪丽热巴聂九罗# dlrb #迪丽热巴枭起青壤# dlrb #迪丽热巴#“我这段人生，看似很短实则很长”——阿兰若相里阿兰若和白凤九拥有一样的脸，但迪丽热巴演出了不一样的感觉和气质。预约利剑玫瑰O利剑·玫瑰迪丽热巴 | 枭起青壤 | 利剑玫瑰 | 开始推理吧 | 聂九罗 | 邓妍@Dear-迪丽热巴LDI-WARRIOR大院的微博视频,https://m.weibo.cn/detail/5018119940868565
枭起青壤/聂九罗表演突破,post,0,粉丝点评/记忆表达明确,偏爱只给小丸子,迪丽热巴超话#迪丽热巴腿环##迪丽热巴聂九罗# dlrb #迪丽热巴枭起青壤# dlrb #迪丽热巴#一起来鉴赏纪云禾的各种“笑”同样是笑但迪丽热巴演出來每个笑都是拥有不同的情绪的笑令人甜到心坎里的甜笑，令人心疼的哭着笑，令人心寒的疯笑​​​预约利剑玫瑰O利剑·玫瑰迪丽热巴 | 枭起青壤 | 利剑玫瑰 | 开始推理吧 | 聂九罗 | 邓妍@Dear-迪丽热巴L溪宁不是西宁的微博视频,https://m.weibo.cn/detail/5018119939295725
任安乐/帝梓元角色记忆,post,0,粉丝点评/记忆表达明确,偏爱只给小丸子,迪丽热巴超话#迪丽热巴腿环##迪丽热巴聂九罗# dlrb #迪丽热巴枭起青壤# dlrb #迪丽热巴#每次下雪对帝梓元来说都是难熬的帝梓元（任安乐）每一次落泪都令人很心疼预约利剑玫瑰O利剑·玫瑰迪丽热巴 | 枭起青壤 | 利剑玫瑰 | 开始推理吧 | 聂九罗 | 邓妍@Dear-迪丽热巴L溪宁不是西宁的微博视频,https://m.weibo.cn/detail/5018119924090375
枭起青壤/聂九罗表演突破,post,0,粉丝点评/记忆表达明确,偏爱只给小丸子,迪丽热巴超话#迪丽热巴腿环##迪丽热巴聂九罗# dlrb #迪丽热巴枭起青壤# dlrb #迪丽热巴#连风都在偏爱的女人迪丽热巴每一步都踩在我的心上预约利剑玫瑰O利剑·玫瑰迪丽热巴 | 枭起青壤 | 利剑玫瑰 | 开始推理吧 | 聂九罗 | 邓妍@Dear-迪丽热巴LArdentlyLove0603_迪丽热巴的微博视频,https://m.weibo.cn/detail/5018119856982115
白凤九与三生三世情怀,post,0,粉丝点评/记忆表达明确,今天-也很帅,#迪丽热巴聂九罗# dlrb #迪丽热巴枭起青壤# dlrb #迪丽热巴#“我这段人生，看似很短实则很长”——阿兰若相里阿兰若和白凤九拥有一样的脸，但迪丽热巴演出了不一样的感觉和气质。预约利剑玫瑰O利剑·玫瑰迪丽热巴 | 枭起青壤 | 利剑玫瑰 | 开始推理吧 | 聂九罗 | 邓妍@Dear-迪丽热巴LDI-WARRIOR大院的微博视频,https://m.weibo.cn/detail/5018119665353407
演员成长与角色群像评价,post,0,粉丝点评/记忆表达明确,我睡觉的时候不会困的呀,#迪丽热巴腿环# dlrb#迪丽热巴宣传中国广电# “我希望角色都有着更加丰盈的个性。虽然我自己并没有太多个性，但我倒希望有一天，大家会说，迪丽热巴其实是很有个性的演员。我不太想让自己成为一个圆圆球，那不适合做好一个演员。我希望自己是个三角形，或是长方形，或是正方形，我希望它是有形状的”@Dear-迪丽热巴,https://m.weibo.cn/detail/5018119603227255
任安乐/帝梓元角色记忆,post,0,粉丝点评/记忆表达明确,带着博肖去找胖迪,迪丽热巴超话#迪丽热巴安乐传# dlrb#迪丽热巴任安乐# 𝐈 𝐩𝐚𝐜𝐤 𝐦𝐲 𝐭𝐡𝐨𝐮𝐠𝐡𝐭𝐬 𝐚𝐧𝐝 𝐛𝐥𝐨𝐰 𝐭𝐡𝐞𝐦 𝐭𝐨 𝐲𝐨𝐮 𝐰𝐢𝐭𝐡 𝐭𝐡𝐞 𝐚𝐮𝐭𝐮𝐦𝐧 𝐰𝐢𝐧𝐝. 我将思念打包 随着秋风吹向迪丽热巴任安乐|#迪丽热巴任安乐#|迪丽热巴安乐传|#迪丽热巴安乐传# @Dear-迪丽热巴 #迪丽热巴# ​,https://m.weibo.cn/detail/5018119402427119
枭起青壤/聂九罗表演突破,post,0,粉丝点评/记忆表达明确,沧海牵魂-荒,迪丽热巴超话#林俊杰演唱会 迪丽热巴##迪丽热巴腿环##迪丽热巴聂九罗# dlrb #迪丽热巴枭起青壤# dlrb #迪丽热巴#我们凤九小殿下梨花带雨的三叩首哭戏，太虐心了😭😭😭预约利剑玫瑰O利剑·玫瑰迪丽热巴 | 枭起青壤 | 利剑玫瑰 | 开始推理吧 | 聂九罗 | 邓妍@Dear-迪丽热巴L雪碧三分饱的微博视频,https://m.weibo.cn/detail/5018119275286070
枭起青壤/聂九罗表演突破,post,0,粉丝点评/记忆表达明确,温柔勇敢迪迪坨,#迪丽热巴聂九罗# dlrb#迪丽热巴枭起青壤# dlrb#迪丽热巴#一起来鉴赏纪云禾的各种“笑”同样是笑但迪丽热巴演出來每个笑都是拥有不同的情绪的笑令人甜到心坎里的甜笑，令人心疼的哭着笑，令人心寒的疯笑​​​迪丽热巴 | 枭起青壤 | 利剑玫瑰 | 开始推理吧 | 聂九罗 | 邓妍@Dear-迪丽热巴L溪宁不是西宁的微博视频,https://m.weibo.cn/detail/5018119049317719
枭起青壤/聂九罗表演突破,post,0,粉丝点评/记忆表达明确,Dilraba-6633,迪丽热巴超话#迪丽热巴腿环##林俊杰演唱会 迪丽热巴##迪丽热巴聂九罗# dlrb #迪丽热巴枭起青壤# dlrb #迪丽热巴#哇哇哇是我们又甜又萌的寨主任安乐 谁看了都想抱回家预约利剑玫瑰O利剑·玫瑰迪丽热巴 | 枭起青壤 | 利剑玫瑰 | 开始推理吧 | 聂九罗 | 邓妍@Dear-迪丽热巴L西升月的微博视频,https://m.weibo.cn/detail/5018119037260518
枭起青壤/聂九罗表演突破,post,0,粉丝点评/记忆表达明确,Dilraba_小青梅,迪丽热巴超话#迪丽热巴开始推理吧# dlrb #迪丽热巴#一起来鉴赏纪云禾的各种“笑”同样是笑但迪丽热巴演出來每个笑都是拥有不同的情绪的笑令人甜到心坎里的甜笑，令人心疼的哭着笑，令人心寒的疯笑​​​预约利剑玫瑰O利剑·玫瑰迪丽热巴 | 枭起青壤 | 利剑玫瑰 | 开始推理吧 | 聂九罗 | 邓妍@Dear-迪丽热巴L溪宁不是西宁的微博视频,https://m.weibo.cn/detail/5018118944195597
乔晶晶与《你是我的荣耀》入坑记忆,post,0,粉丝点评/记忆表达明确,天知道要干啥,#迪丽热巴邓妍# dlrb #迪丽热巴利剑玫瑰#dlrb#迪丽热巴#恭喜有爆角色乔晶晶纪云禾高雯凤九和爆剧年冠小枕书 年冠你是我的荣耀 年冠与君初相识的迪丽热巴 微博粉丝破8000万🌹👏🏻🎊预约利剑玫瑰O利剑·玫瑰迪丽热巴 | 枭起青壤 | 利剑玫瑰 | 开始推理吧 | 聂九罗 | 邓妍@Dear-迪丽热巴L嘉行迪丽热巴工作室的微博视频,https://m.weibo.cn/detail/5018118938168210
枭起青壤/聂九罗表演突破,post,0,粉丝点评/记忆表达明确,小岫大王驾到,"#迪丽热巴聂九罗# dlrb #迪丽热巴枭起青壤# 迪丽热巴枭起青壤 | 聂九罗@Dear-迪丽热巴I never loved you any more than I do, right this second. And I’ll never love you any less than I do, right this second.—Kami Garcia & Margaret Stohl, Beautiful Creatures“",https://m.weibo.cn/detail/5018118857166955
演员成长与角色群像评价,post,0,粉丝点评/记忆表达明确,热巴的小毛衣,#迪丽热巴利剑玫瑰# dlrb#迪丽热巴聂九罗# “对于演员来讲，相貌就不是一个价值范畴的问题 世界上的人本来就长得各种各样，作为演员，我们要表现的是剧中各种各样的人物，毕竟不是参加选美大赛，不是说最漂亮就能演到最多角色，每个角色需要的都是适合Ta的人。”——@Dear-迪丽热巴#林俊杰演唱会 迪丽热巴#,https://m.weibo.cn/detail/5018118806832812
枭起青壤/聂九罗表演突破,post,0,粉丝点评/记忆表达明确,锦绣前程-202310,迪丽热巴超话#林俊杰演唱会 迪丽热巴##迪丽热巴腿环# dlrb#迪丽热巴聂九罗# dlrb#迪丽热巴枭起青壤# 没有人能逃过热巴的古装!看一眼就沦陷，演技好的美女谁能不爱啊预约利剑玫瑰O利剑·玫瑰迪丽热巴 | 枭起青壤 | 利剑玫瑰 | 开始推理吧 | 聂九罗 | 邓妍@Dear-迪丽热巴 L一阵阵疯的微博视频,https://m.weibo.cn/detail/5018118793729063
花少/你好星期六等综艺片刻,post,0,粉丝点评/记忆表达明确,超爱迪宝宝啦,迪丽热巴超话#迪丽热巴腿环#迪迪大家期待热巴的🆕角色吧#迪丽热巴聂九罗# 一起来预约#迪丽热巴利剑玫瑰# 和迪迪的综艺#迪丽热巴开始推理吧路透# 还有正在拍摄的#迪丽热巴聂九罗#爱丽丝们一起期待吧 2无锡,https://m.weibo.cn/detail/5018118766465691
枭起青壤/聂九罗表演突破,post,0,粉丝点评/记忆表达明确,小岫大王驾到,"#迪丽热巴聂九罗# dlrb #迪丽热巴枭起青壤# 迪丽热巴枭起青壤 | 聂九罗@Dear-迪丽热巴I love three things in this world, The sun ,the moon and you. The sun for the day, the moon for the night, and you for ever.在这个世界我只喜欢三件事：太阳、月亮和你。太阳是为了白天而存在；月亮是为了夜晚；而你对我来说",https://m.weibo.cn/detail/5018118713245773
白凤九与三生三世情怀,post,0,粉丝点评/记忆表达明确,闪耀的石榴花,#迪丽热巴聂九罗# dlrb#迪丽热巴枭起青壤# dlrb#迪丽热巴#“我这段人生，看似很短实则很长”——阿兰若相里阿兰若和白凤九拥有一样的脸，但迪丽热巴演出了不一样的感觉和气质。预约利剑玫瑰O利剑·玫瑰迪丽热巴 | 枭起青壤 | 利剑玫瑰 | 开始推理吧 | 聂九罗 | 邓妍@Dear-迪丽热巴LDI-WARRIOR大院的微博视频,https://m.weibo.cn/detail/5018118471027339
枭起青壤/聂九罗表演突破,post,0,粉丝点评/记忆表达明确,热力热巴,迪丽热巴超话#林俊杰演唱会 迪丽热巴##迪丽热巴腿环# dlrb#迪丽热巴聂九罗# dlrb#迪丽热巴枭起青壤# 迪丽热巴纪云禾的每一场哭戏都是按当下剧情富有不同层次，不同情绪，笑着哭的，悲伤到极致的，泪水在眼框打转的，每一滴泪都令人共情。预约利剑玫瑰O利剑·玫瑰迪丽热巴 | 枭起青壤 | 利剑玫瑰 | 开始推理吧 | 聂九罗 | 邓妍@Dear-迪丽热巴L林一撸秃的猫的微博视频 ​,https://m.weibo.cn/detail/5018118409684228
枭起青壤/聂九罗表演突破,post,0,粉丝点评/记忆表达明确,山抵秋来提忆冰,迪丽热巴超话#迪丽热巴腿环##迪丽热巴聂九罗# dlrb #迪丽热巴枭起青壤# dlrb #迪丽热巴#迪丽热巴纪云禾的每一场哭戏都是按当下剧情富有不同层次，不同情绪，笑着哭的，悲伤到极致的，泪水在眼框打转的，每一滴泪都令人共情。预约利剑玫瑰O利剑·玫瑰迪丽热巴 | 枭起青壤 | 利剑玫瑰 | 开始推理吧 | 聂九罗 | 邓妍@Dear-迪丽热巴L林一撸秃的猫的微博视频 ​,https://m.weibo.cn/detail/5018118199970550
枭起青壤/聂九罗表演突破,post,0,粉丝点评/记忆表达明确,小丸子的圈外女友0603,迪丽热巴超话#迪丽热巴聂九罗# dlrb #迪丽热巴枭起青壤# dlrb #迪丽热巴#迪丽热巴纪云禾的每一场哭戏都是按当下剧情富有不同层次，不同情绪，笑着哭的，悲伤到极致的，泪水在眼框打转的，每一滴泪都令人共情。预约利剑玫瑰O利剑·玫瑰迪丽热巴 | 枭起青壤 | 利剑玫瑰 | 开始推理吧 | 聂九罗 | 邓妍@Dear-迪丽热巴L林一撸秃的猫的微博视频 ​,https://m.weibo.cn/detail/5018118135218523
枭起青壤/聂九罗表演突破,post,0,粉丝点评/记忆表达明确,慵懒小迪,迪丽热巴超话#迪丽热巴聂九罗# dlrb #迪丽热巴枭起青壤# dlrb #迪丽热巴#迪丽热巴纪云禾的每一场哭戏都是按当下剧情富有不同层次，不同情绪，笑着哭的，悲伤到极致的，泪水在眼框打转的，每一滴泪都令人共情。预约利剑玫瑰O利剑·玫瑰迪丽热巴 | 枭起青壤 | 利剑玫瑰 | 开始推理吧 | 聂九罗 | 邓妍@Dear-迪丽热巴L林一撸秃的猫的微博视频 ​,https://m.weibo.cn/detail/5018118103502706
枭起青壤/聂九罗表演突破,post,0,粉丝点评/记忆表达明确,山抵秋来提忆冰,迪丽热巴超话#迪丽热巴聂九罗# dlrb #迪丽热巴枭起青壤# dlrb #迪丽热巴#一起来鉴赏纪云禾的各种“笑”同样是笑但迪丽热巴演出來每个笑都是拥有不同的情绪的笑令人甜到心坎里的甜笑，令人心疼的哭着笑，令人心寒的疯笑​​​预约利剑玫瑰O利剑·玫瑰迪丽热巴 | 枭起青壤 | 利剑玫瑰 | 开始推理吧 | 聂九罗 | 邓妍@Dear-迪丽热巴L溪宁不是西宁的微博视频,https://m.weibo.cn/detail/5018118101405401
枭起青壤/聂九罗表演突破,post,0,粉丝点评/记忆表达明确,Dilraba_666333,迪丽热巴超话#林俊杰演唱会 迪丽热巴##迪丽热巴腿环##迪丽热巴聂九罗# dlrb #迪丽热巴枭起青壤# dlrb #迪丽热巴#纪云禾你若能抉择来世的命运 愿你能够自由来去预约利剑玫瑰O利剑·玫瑰迪丽热巴 | 枭起青壤 | 利剑玫瑰 | 开始推理吧 | 聂九罗 | 邓妍@Dear-迪丽热巴L们爱丽丝的微博视频,https://m.weibo.cn/detail/5018118093800158
枭起青壤/聂九罗表演突破,post,0,粉丝点评/记忆表达明确,浅沫49209,迪丽热巴超话#林俊杰演唱会 迪丽热巴##迪丽热巴邓妍# dlrb #迪丽热巴利剑玫瑰#dlrb#迪丽热巴#可爱又迷人的宝宝脸颊比心真迪甜 预约利剑玫瑰O利剑·玫瑰迪丽热巴 | 枭起青壤 | 利剑玫瑰 | 开始推理吧 | 聂九罗 | 邓妍@Dear-迪丽热巴LLimerence0603丨迪丽热巴的微博视频,https://m.weibo.cn/detail/5018118085152934
枭起青壤/聂九罗表演突破,post,0,粉丝点评/记忆表达明确,川川清清55,迪丽热巴超话#迪丽热巴邓妍# dlrb #迪丽热巴利剑玫瑰#dlrb#迪丽热巴#我们凤九小殿下梨花带雨的三叩首哭戏，太虐心了😭😭😭预约利剑玫瑰O利剑·玫瑰迪丽热巴 | 枭起青壤 | 利剑玫瑰 | 开始推理吧 | 聂九罗 | 邓妍@Dear-迪丽热巴L雪碧三分饱的微博视频#迪丽热巴邓妍# dlrb #迪丽热巴利剑玫瑰#dlrb#迪丽热巴#我们凤九小殿下梨花带雨的三叩首哭戏，太虐心了😭😭😭预约利剑玫瑰O利剑·玫瑰迪丽热巴 | 枭起青壤 |,https://m.weibo.cn/detail/5018118059199079
枭起青壤/聂九罗表演突破,post,0,粉丝点评/记忆表达明确,川川轻轻44,迪丽热巴超话#迪丽热巴邓妍# dlrb #迪丽热巴利剑玫瑰#dlrb#迪丽热巴#来欣赏长歌每一个名场面，回顾长歌每一个阶段的成长预约利剑玫瑰O利剑·玫瑰迪丽热巴 | 枭起青壤 | 利剑玫瑰 | 开始推理吧 | 聂九罗 | 邓妍@Dear-迪丽热巴L雪碧三分饱的微博视频 #迪丽热巴邓妍# dlrb #迪丽热巴利剑玫瑰#dlrb#迪丽热巴#来欣赏长歌每一个名场面，回顾长歌每一个阶段的成长预约利剑玫瑰O利剑·玫瑰迪丽热巴 | 枭起青壤 | ,https://m.weibo.cn/detail/5018117929963849
枭起青壤/聂九罗表演突破,post,0,粉丝点评/记忆表达明确,青崖有雪负之,#迪丽热巴枭起青壤# dlrb#迪丽热巴聂九罗# 世俗的枷锁永远囚禁不住我对你的思念”𝐒𝐞𝐜𝐮𝐥𝐚𝐫 𝐬𝐡𝐚𝐜𝐤𝐥𝐞𝐬 𝐰𝐢𝐥𝐥 𝐧𝐞𝐯𝐞𝐫 𝐢𝐦𝐩𝐫𝐢𝐬𝐨𝐧 𝐦𝐲 𝐭𝐡𝐨𝐮𝐠𝐡𝐭𝐬 𝐨𝐟 𝐲𝐨𝐮.@Dear-迪丽热巴,https://m.weibo.cn/detail/5018117782113684
枭起青壤/聂九罗表演突破,post,0,粉丝点评/记忆表达明确,迪迪的提拉米苏,#迪丽热巴聂九罗# dlrb#迪丽热巴枭起青壤# dlrb#迪丽热巴#一起来鉴赏纪云禾的各种“笑”同样是笑但迪丽热巴演出來每个笑都是拥有不同的情绪的笑令人甜到心坎里的甜笑，令人心疼的哭着笑，令人心寒的疯笑​​​迪丽热巴 | 枭起青壤 | 利剑玫瑰 | 开始推理吧 | 聂九罗 | 邓妍@Dear-迪丽热巴L溪宁不是西宁的微博视频,https://m.weibo.cn/detail/5018117702422210
枭起青壤/聂九罗表演突破,post,0,粉丝点评/记忆表达明确,爱吃咸豆花,迪丽热巴超话#超话星愿池##迪丽热巴腿环##迪丽热巴聂九罗# dlrb #迪丽热巴枭起青壤# dlrb #迪丽热巴#我们凤九小殿下梨花带雨的三叩首哭戏，太虐心了😭😭😭预约利剑玫瑰O利剑·玫瑰迪丽热巴 | 枭起青壤 | 利剑玫瑰 | 开始推理吧 | 聂九罗 | 邓妍@Dear-迪丽热巴L雪碧三分饱的微博视频,https://m.weibo.cn/detail/5018117528883862
李长歌与《长歌行》角色记忆,post,0,粉丝点评/记忆表达明确,babada嘻嘻,迪丽热巴超话#林俊杰演唱会 迪丽热巴##林俊杰演唱会 迪丽热巴##迪丽热巴聂九罗# dlrb #迪丽热巴枭起青壤# dlrb #迪丽热巴#“我李长歌想在有生之年，得见盛世大唐”预约利剑玫瑰O利剑·玫瑰迪丽热巴 | 枭起青壤 | 利剑玫瑰 | 开始推理吧 | 聂九罗 | 邓妍@Dear-迪丽热巴L北纬五十四度追极光的微博视频,https://m.weibo.cn/detail/5018117414323770
枭起青壤/聂九罗表演突破,post,0,粉丝点评/记忆表达明确,迪迪的提拉米苏,#迪丽热巴聂九罗# dlrb#迪丽热巴枭起青壤# dlrb#迪丽热巴#一起来鉴赏纪云禾的各种“笑”同样是笑但迪丽热巴演出來每个笑都是拥有不同的情绪的笑令人甜到心坎里的甜笑，令人心疼的哭着笑，令人心寒的疯笑​​​迪丽热巴 | 枭起青壤 | 利剑玫瑰 | 开始推理吧 | 聂九罗 | 邓妍@Dear-迪丽热巴L溪宁不是西宁的微博视频,https://m.weibo.cn/detail/5018117321523846
枭起青壤/聂九罗表演突破,post,0,粉丝点评/记忆表达明确,七吉星高照,迪丽热巴超话#迪丽热巴聂九罗# dlrb #迪丽热巴枭起青壤# dlrb #迪丽热巴#迪丽热巴纪云禾的每一场哭戏都是按当下剧情富有不同层次，不同情绪，笑着哭的，悲伤到极致的，泪水在眼框打转的，每一滴泪都令人共情。预约利剑玫瑰O利剑·玫瑰迪丽热巴 | 枭起青壤 | 利剑玫瑰 | 开始推理吧 | 聂九罗 | 邓妍@Dear-迪丽热巴L林一撸秃的猫的微博视频 ​#林俊杰演唱会 迪丽热巴##迪丽热巴腿环#,https://m.weibo.cn/detail/5018117317332658
白凤九与三生三世情怀,post,0,粉丝点评/记忆表达明确,我是春日桃桃公主的骑士,迪丽热巴超话#林俊杰演唱会 迪丽热巴##迪丽热巴腿环##迪丽热巴聂九罗# dlrb #迪丽热巴枭起青壤# dlrb #迪丽热巴#“我这段人生，看似很短实则很长”——阿兰若相里阿兰若和白凤九拥有一样的脸，但迪丽热巴演出了不一样的感觉和气质。预约利剑玫瑰O利剑·玫瑰迪丽热巴 | 枭起青壤 | 利剑玫瑰 | 开始推理吧 | 聂九罗 | 邓妍@Dear-迪丽热巴LDI-WARRIOR大院的微博视频,https://m.weibo.cn/detail/5018117296622286
枭起青壤/聂九罗表演突破,post,0,粉丝点评/记忆表达明确,奶疙瘩H_,迪丽热巴超话#迪丽热巴腿环##林俊杰演唱会 迪丽热巴##迪丽热巴聂九罗# dlrb #迪丽热巴枭起青壤# dlrb #迪丽热巴#打戏这方面还是得看我们任安乐寨主看谁敢动任安乐的人预约利剑玫瑰O利剑·玫瑰迪丽热巴 | 枭起青壤 | 利剑玫瑰 | 开始推理吧 | 聂九罗 | 邓妍@Dear-迪丽热巴L溪宁不是西宁的微博视频,https://m.weibo.cn/detail/5018117296097793
枭起青壤/聂九罗表演突破,post,0,粉丝点评/记忆表达明确,奶疙瘩H_,迪丽热巴超话#林俊杰演唱会 迪丽热巴##迪丽热巴腿环##迪丽热巴聂九罗# dlrb #迪丽热巴枭起青壤# dlrb #迪丽热巴#浅浅的来看看我们几年前的如歌、凤九、七七、丽姬麻麻的打戏混剪预约利剑玫瑰O利剑·玫瑰迪丽热巴 | 枭起青壤 | 利剑玫瑰 | 开始推理吧 | 聂九罗 | 邓妍@Dear-迪丽热巴L卿不似卿卿的微博视频,https://m.weibo.cn/detail/5018117269099698
枭起青壤/聂九罗表演突破,post,0,粉丝点评/记忆表达明确,小迪小迪勇往直前,迪丽热巴超话#林俊杰演唱会 迪丽热巴##迪丽热巴聂九罗# dlrb #迪丽热巴枭起青壤# dlrb #迪丽热巴#没有人能逃过热巴的古装!看一眼就沦陷，演技好的美女谁能不爱啊预约利剑玫瑰O利剑·玫瑰迪丽热巴 | 枭起青壤 | 利剑玫瑰 | 开始推理吧 | 聂九罗 | 邓妍@Dear-迪丽热巴 L一阵阵疯的微博视频,https://m.weibo.cn/detail/5018117250745682
枭起青壤/聂九罗表演突破,post,0,粉丝点评/记忆表达明确,偏偏遇见迪迪,迪丽热巴超话#林俊杰演唱会 迪丽热巴##迪丽热巴聂九罗# dlrb #迪丽热巴枭起青壤# dlrb #迪丽热巴#好温婉的任安乐「在瓶底书汉隶仿前朝的飘逸就当我为遇见你伏笔」预约利剑玫瑰O利剑·玫瑰迪丽热巴 | 枭起青壤 | 利剑玫瑰 | 开始推理吧 | 聂九罗 | 邓妍@Dear-迪丽热巴L冬日士多啤梨的微博视频,https://m.weibo.cn/detail/5018117120727168
枭起青壤/聂九罗表演突破,post,0,粉丝点评/记忆表达明确,永远跟巴走,迪丽热巴超话#迪丽热巴聂九罗# dlrb #迪丽热巴枭起青壤# dlrb #迪丽热巴#迪丽热巴纪云禾的每一场哭戏都是按当下剧情富有不同层次，不同情绪，笑着哭的，悲伤到极致的，泪水在眼框打转的，每一滴泪都令人共情。预约利剑玫瑰O利剑·玫瑰迪丽热巴 | 枭起青壤 | 利剑玫瑰 | 开始推理吧 | 聂九罗 | 邓妍@Dear-迪丽热巴L林一撸秃的猫的微博视频 ​,https://m.weibo.cn/detail/5018117073798828
枭起青壤/聂九罗表演突破,post,0,粉丝点评/记忆表达明确,樱落妤迪333,#超话星愿池##迪丽热巴腿环##林俊杰演唱会 迪丽热巴##迪丽热巴聂九罗# dlrb #迪丽热巴枭起青壤# 时尚前沿雕塑家，睡衣富翁聂九罗@Dear-迪丽热巴 ，文能高雅艺术，武能辣手催枭，独居三合院，全能颜值高，你们让一让，我先结个婚。迪丽热巴枭起青壤 | 迪丽热巴聂九罗#枭起青壤#LDear迪丽热巴后援会的微博视频,https://m.weibo.cn/detail/5018117056499721
枭起青壤/聂九罗表演突破,post,0,粉丝点评/记忆表达明确,迪热热7589,迪丽热巴超话#林俊杰演唱会 迪丽热巴##迪丽热巴开始推理吧# dlrb #迪丽热巴#一起来鉴赏纪云禾的各种“笑”同样是笑但迪丽热巴演出來每个笑都是拥有不同的情绪的笑令人甜到心坎里的甜笑，令人心疼的哭着笑，令人心寒的疯笑​​​预约利剑玫瑰O利剑·玫瑰迪丽热巴 | 枭起青壤 | 利剑玫瑰 | 开始推理吧 | 聂九罗 | 邓妍@Dear-迪丽热巴L溪宁不是西宁的微博视频,https://m.weibo.cn/detail/5018117039719917
爱丽丝与热巴的双向奔赴,post,0,粉丝点评/记忆表达明确,相思尽在迪迪,迪丽热巴超话#林俊杰演唱会 迪丽热巴##迪丽热巴聂九罗# dlrb #迪丽热巴枭起青壤# dlrb #迪丽热巴#真的好爱真诚的宝贝迪丽热巴和爱丽丝锁了互相陪伴一起成长一起进步预约利剑玫瑰O利剑·玫瑰迪丽热巴 | 枭起青壤 | 利剑玫瑰 | 开始推理吧 | 聂九罗 | 邓妍@Dear-迪丽热巴L星姐微博的微博视频,https://m.weibo.cn/detail/5018116961344864
枭起青壤/聂九罗表演突破,post,0,粉丝点评/记忆表达明确,沈渝迪,#迪丽热巴聂九罗# dlrb #迪丽热巴枭起青壤# dlrb #迪丽热巴#迪丽热巴纪云禾的每一场哭戏都是按当下剧情富有不同层次，不同情绪，笑着哭的，悲伤到极致的，泪水在眼框打转的，每一滴泪都令人共情。预约利剑玫瑰O利剑·玫瑰迪丽热巴 | 枭起青壤 | 利剑玫瑰 | 开始推理吧 | 聂九罗 | 邓妍@Dear-迪丽热巴L林一撸秃的猫的微博视频 ​,https://m.weibo.cn/detail/5018116913891271
枭起青壤/聂九罗表演突破,post,0,粉丝点评/记忆表达明确,迪迪卫李长歌,#迪丽热巴聂九罗# dlrb #迪丽热巴枭起青壤# dlrb #迪丽热巴#如果以后有风会吹动我的头发，我知道是你（纪云禾）来看我了——@Dear-迪丽热巴纪云禾的每一滴泪，每一个笑，我们会永远记得预约枭起青壤O枭起青壤迪丽热巴 | 枭起青壤 | 利剑玫瑰 | 开始推理吧 | 聂九罗 | 邓妍@Dear-迪丽热巴 L冬日士多啤梨的微博视频,https://m.weibo.cn/detail/5051100216954017
枭起青壤/聂九罗表演突破,post,0,粉丝点评/记忆表达明确,酸奶疙瘩不吃鱼,#和迪丽热巴邂逅夏天# dlrb#夏日青春派对# dlrb #迪丽热巴#热巴和粉丝的双向奔赴预约枭起青壤O枭起青壤迪丽热巴 | 枭起青壤 | 利剑玫瑰 | 开始推理吧 | 聂九罗 | 邓妍@Dear-迪丽热巴L404号便利店_的微博视频 ​,https://m.weibo.cn/detail/5051100197814675
枭起青壤/聂九罗表演突破,post,0,粉丝点评/记忆表达明确,温柔勇敢迪迪坨,#和迪丽热巴邂逅夏天# dlrb#夏日青春派对# dlrb #迪丽热巴#我们新疆的石榴花明媚又自信预约枭起青壤O枭起青壤迪丽热巴 | 枭起青壤 | 利剑玫瑰 | 开始推理吧 | 聂九罗 | 邓妍@Dear-迪丽热巴L九方阙的微博视频 ​,https://m.weibo.cn/detail/5051100195721364
枭起青壤/聂九罗表演突破,post,0,粉丝点评/记忆表达明确,迪迪1728,迪丽热巴超话#和迪丽热巴邂逅夏天# dlrb#夏日青春派对# dlrb #迪丽热巴#打戏这方面还是得看我们任安乐寨主看谁敢动任安乐的人预约枭起青壤O枭起青壤迪丽热巴 | 枭起青壤 | 利剑玫瑰 | 开始推理吧 | 聂九罗 | 邓妍@Dear-迪丽热巴L《利剑·玫瑰》迪丽热巴金世佳正义出鞘 ​,https://m.weibo.cn/detail/5051100158230773
枭起青壤/聂九罗表演突破,post,0,粉丝点评/记忆表达明确,小奶团子迪迪,迪丽热巴超话#和迪丽热巴邂逅夏天# dlrb#夏日青春派对# dlrb #迪丽热巴#风情万种 民国美女 我的大小姐迪丽热巴预约枭起青壤O枭起青壤迪丽热巴 | 枭起青壤 | 利剑玫瑰 | 开始推理吧 | 聂九罗 | 邓妍@Dear-迪丽热巴 ​,https://m.weibo.cn/detail/5051100149319030
枭起青壤/聂九罗表演突破,post,0,粉丝点评/记忆表达明确,养生百科8,#和迪丽热巴邂逅夏天# dlrb#夏日青春派对# dlrb #迪丽热巴#可爱又迷人的宝宝脸颊比心真迪甜 预约枭起青壤O枭起青壤迪丽热巴 | 枭起青壤 | 利剑玫瑰 | 开始推理吧 | 聂九罗 | 邓妍@Dear-迪丽热巴L《利剑·玫瑰》迪丽热巴金世佳正义出鞘 ​,https://m.weibo.cn/detail/5051100140671516
枭起青壤/聂九罗表演突破,post,0,粉丝点评/记忆表达明确,无限可能诶,迪丽热巴超话#和迪丽热巴邂逅夏天# dlrb#夏日青春派对# dlrb #迪丽热巴#高贵优雅女神 VS 可爱小仙女预约枭起青壤O枭起青壤迪丽热巴 | 枭起青壤 | 利剑玫瑰 | 开始推理吧 | 聂九罗 | 邓妍@Dear-迪丽热巴L枭起青壤官微的微博视频 ​,https://m.weibo.cn/detail/5051100137262573
枭起青壤/聂九罗表演突破,post,0,粉丝点评/记忆表达明确,迪迪大大大宝贝,#和迪丽热巴邂逅夏天# dlrb#夏日青春派对# dlrb #迪丽热巴#如果以后有风会吹动我的头发，我知道是你（纪云禾）来看我了——@Dear-迪丽热巴纪云禾的每一滴泪，每一个笑，我们会永远记得预约枭起青壤O枭起青壤迪丽热巴 | 枭起青壤 | 利剑玫瑰 | 开始推理吧 | 聂九罗 | 邓妍@Dear-迪丽热巴 L冬日士多啤梨的微博视频,https://m.weibo.cn/detail/5051100132546979
枭起青壤/聂九罗表演突破,post,0,粉丝点评/记忆表达明确,养生百科8,#和迪丽热巴邂逅夏天# dlrb#夏日青春派对# dlrb #迪丽热巴#安乐在[全力以赴]解百忧～希望我们都“任他清风明月，我自安康常乐乐乐乐乐乐” 预约枭起青壤O枭起青壤迪丽热巴 | 枭起青壤 | 利剑玫瑰 | 开始推理吧 | 聂九罗 | 邓妍@Dear-迪丽热巴L枭起青壤官微的微博视频 ​,https://m.weibo.cn/detail/5051100117866856
枭起青壤/聂九罗表演突破,post,0,粉丝点评/记忆表达明确,巴巴记得给我打电话,#和迪丽热巴邂逅夏天# dlrb#夏日青春派对# dlrb #迪丽热巴#我们凤九小殿下梨花带雨的三叩首哭戏，太虐心了😭😭😭预约枭起青壤O枭起青壤迪丽热巴 | 枭起青壤 | 利剑玫瑰 | 开始推理吧 | 聂九罗 | 邓妍@Dear-迪丽热巴L雪碧三分饱的微博视频 ​,https://m.weibo.cn/detail/5051100113928506
枭起青壤/聂九罗表演突破,post,0,粉丝点评/记忆表达明确,秋恋ID,#迪丽热巴邓妍# dlrb #迪丽热巴利剑玫瑰# dlrb #迪丽热巴#未来很长，我们只会变得更强预约利剑玫瑰O利剑·玫瑰迪丽热巴 | 枭起青壤 | 利剑玫瑰 | 开始推理吧 | 聂九罗 | 邓妍@Dear-迪丽热巴L《利剑·玫瑰》迪丽热巴金世佳正义出鞘 ​,https://m.weibo.cn/detail/5051100109475701
花少/你好星期六等综艺片刻,post,0,粉丝点评/记忆表达明确,玄踏青江,迪丽热巴超话迪丽热巴超话#花儿与少年##迪丽热巴文案是北斗七行不说再见##花少5白玉兰最佳综艺# 善良是你的本心也是你的底色 不改初心 期待新的期待未來光芒萬丈！@Dear-迪丽热巴 ​,https://m.weibo.cn/detail/5051100107637794
枭起青壤/聂九罗表演突破,post,0,粉丝点评/记忆表达明确,迪迪1728,迪丽热巴超话#和迪丽热巴邂逅夏天# dlrb#夏日青春派对# dlrb #迪丽热巴#一起来鉴赏纪云禾的各种“笑”同样是笑但迪丽热巴演出來每个笑都是拥有不同的情绪的笑令人甜到心坎里的甜笑，令人心疼的哭着笑，令人心寒的疯笑​​​预约枭起青壤O枭起青壤迪丽热巴 | 枭起青壤 | 利剑玫瑰 | 开始推理吧 | 聂九罗 | 邓妍@Dear-迪丽热巴L枭起青壤官微的微博视频,https://m.weibo.cn/detail/5051100106857210
枭起青壤/聂九罗表演突破,post,0,粉丝点评/记忆表达明确,养生百科8,#和迪丽热巴邂逅夏天# dlrb#夏日青春派对# dlrb #迪丽热巴#迪丽热巴这个抬眸一眼万年预约枭起青壤O枭起青壤迪丽热巴 | 枭起青壤 | 利剑玫瑰 | 开始推理吧 | 聂九罗 | 邓妍@Dear-迪丽热巴L《利剑·玫瑰》迪丽热巴金世佳正义出鞘 ​,https://m.weibo.cn/detail/5051100102661132
枭起青壤/聂九罗表演突破,post,0,粉丝点评/记忆表达明确,真迪很好看,#和迪丽热巴邂逅夏天# dlrb#夏日青春派对# dlrb #迪丽热巴#热巴和粉丝的双向奔赴预约枭起青壤O枭起青壤迪丽热巴 | 枭起青壤 | 利剑玫瑰 | 开始推理吧 | 聂九罗 | 邓妍@Dear-迪丽热巴L《利剑·玫瑰》迪丽热巴金世佳正义出鞘 ​,https://m.weibo.cn/detail/5051100102656025
枭起青壤/聂九罗表演突破,post,0,粉丝点评/记忆表达明确,badada丸子,#和迪丽热巴邂逅夏天# dlrb#夏日青春派对# dlrb #迪丽热巴#安乐在[全力以赴]解百忧～希望我们都“任他清风明月，我自安康常乐乐乐乐乐乐” 预约枭起青壤O枭起青壤迪丽热巴 | 枭起青壤 | 利剑玫瑰 | 开始推理吧 | 聂九罗 | 邓妍@Dear-迪丽热巴L枭起青壤官微的微博视频 ​,https://m.weibo.cn/detail/5051100099515653
枭起青壤/聂九罗表演突破,post,0,粉丝点评/记忆表达明确,真迪很好看,#和迪丽热巴邂逅夏天# dlrb#夏日青春派对# dlrb #迪丽热巴#纪云禾你若能抉择来世的命运 愿你能够自由来去预约枭起青壤O枭起青壤迪丽热巴 | 枭起青壤 | 利剑玫瑰 | 开始推理吧 | 聂九罗 | 邓妍@Dear-迪丽热巴L们爱丽丝的微博视频 ​,https://m.weibo.cn/detail/5051100078538987
爱丽丝与热巴的双向奔赴,post,0,粉丝点评/记忆表达明确,迪迪1728,迪丽热巴超话#和迪丽热巴邂逅夏天# dlrb#夏日青春派对# dlrb #迪丽热巴#迪丽热巴和爱丽丝一直都是双向奔赴预约枭起青壤O枭起青壤迪丽热巴 | 枭起青壤 | 利剑玫瑰 | 开始推理吧 | 聂九罗 | 邓妍@Dear-迪丽热巴L《利剑·玫瑰》迪丽热巴金世佳正义出鞘 ​,https://m.weibo.cn/detail/5051100070155776
白日提灯贺思慕/女鬼鬼王记忆,post,0,粉丝点评/记忆表达明确,Jiang恋迪,迪丽热巴超话#迪丽热巴贺思慕# dlrb #迪丽热巴慕胥辞# dlrb #迪丽热巴# 20240526「冠珠华珍」岩板2024新品发布会现场花絮待到春花烂漫时，我期待与你温柔邂逅迪丽热巴｜慕胥辞｜贺思慕@Dear-迪丽热巴 Lduoduoxixixi的微博视频 ​​​,https://m.weibo.cn/detail/5051100059407166
爱丽丝与热巴的双向奔赴,post,0,粉丝点评/记忆表达明确,真迪很好看,#和迪丽热巴邂逅夏天# dlrb#夏日青春派对# dlrb #迪丽热巴#迪丽热巴和爱丽丝一直都是双向奔赴预约枭起青壤O枭起青壤迪丽热巴 | 枭起青壤 | 利剑玫瑰 | 开始推理吧 | 聂九罗 | 邓妍@Dear-迪丽热巴L《利剑·玫瑰》迪丽热巴金世佳正义出鞘 ​,https://m.weibo.cn/detail/5051100049444726
枭起青壤/聂九罗表演突破,post,0,粉丝点评/记忆表达明确,酸奶疙瘩不吃鱼,#和迪丽热巴邂逅夏天# dlrb#夏日青春派对# dlrb #迪丽热巴#如果以后有风会吹动我的头发，我知道是你（纪云禾）来看我了——@Dear-迪丽热巴纪云禾的每一滴泪，每一个笑，我们会永远记得预约枭起青壤O枭起青壤迪丽热巴 | 枭起青壤 | 利剑玫瑰 | 开始推理吧 | 聂九罗 | 邓妍@Dear-迪丽热巴 L冬日士多啤梨的微博视频,https://m.weibo.cn/detail/5051100048137984
枭起青壤/聂九罗表演突破,post,0,粉丝点评/记忆表达明确,卡酷巴-2,迪丽热巴超话#和迪丽热巴邂逅夏天# dlrb#夏日青春派对# dlrb #迪丽热巴#这个挥手手 太可爱了😍😍😍羡慕在场每一个亲眼看到宝贝的人预约枭起青壤O枭起青壤迪丽热巴 | 枭起青壤 | 利剑玫瑰 | 开始推理吧 | 聂九罗 | 邓妍@Dear-迪丽热巴Llil-杨的微博视频 ​,https://m.weibo.cn/detail/5051099967131108
枭起青壤/聂九罗表演突破,post,0,粉丝点评/记忆表达明确,巴巴记得给我打电话,#和迪丽热巴邂逅夏天# dlrb#夏日青春派对# dlrb #迪丽热巴#如果以后有风会吹动我的头发，我知道是你（纪云禾）来看我了——@Dear-迪丽热巴纪云禾的每一滴泪，每一个笑，我们会永远记得预约枭起青壤O枭起青壤迪丽热巴 | 枭起青壤 | 利剑玫瑰 | 开始推理吧 | 聂九罗 | 邓妍@Dear-迪丽热巴 L冬日士多啤梨的微博视频,https://m.weibo.cn/detail/5051099969487738
枭起青壤/聂九罗表演突破,post,0,粉丝点评/记忆表达明确,迪迪崽真可爱可爱可爱,#和迪丽热巴邂逅夏天# dlrb#夏日青春派对# dlrb #迪丽热巴#迪丽热巴纪云禾的每一场哭戏都是按当下剧情富有不同层次，不同情绪，笑着哭的，悲伤到极致的，泪水在眼框打转的，每一滴泪都令人共情。预约枭起青壤O枭起青壤迪丽热巴 | 枭起青壤 | 利剑玫瑰 | 开始推理吧 | 聂九罗 | 邓妍@Dear-迪丽热巴L林一撸秃的猫的微博视频 ​,https://m.weibo.cn/detail/5051099968700459
白日提灯贺思慕/女鬼鬼王记忆,post,0,粉丝点评/记忆表达明确,badada爱生活,#迪丽热巴聂九罗# dlrb #迪丽热巴枭起青壤# dlrb #迪丽热巴#时尚前沿雕塑家，睡衣富翁聂九罗@Dear-迪丽热巴 ，文能高雅艺术，武能辣手催枭，独居三合院，全能颜值高，你们让一让，我先结个婚。预约O枭起青壤 ​​​ 迪丽热巴 | 枭起青壤 | 利剑玫瑰|慕胥辞 |聂九罗 | 邓妍 | 贺思慕 | @Dear-迪丽热巴L枭起青壤官微的微博视频,https://m.weibo.cn/detail/5051099966865727
枭起青壤/聂九罗表演突破,post,0,粉丝点评/记忆表达明确,宇宙无敌可爱的巴宝,#和迪丽热巴邂逅夏天# dlrb#夏日青春派对# dlrb #迪丽热巴#迪丽热巴纪云禾的每一场哭戏都是按当下剧情富有不同层次，不同情绪，笑着哭的，悲伤到极致的，泪水在眼框打转的，每一滴泪都令人共情。预约枭起青壤O枭起青壤迪丽热巴 | 枭起青壤 | 利剑玫瑰 | 开始推理吧 | 聂九罗 | 邓妍@Dear-迪丽热巴L林一撸秃的猫的微博视频 ​,https://m.weibo.cn/detail/5051099964511308
枭起青壤/聂九罗表演突破,post,0,粉丝点评/记忆表达明确,闪耀的石榴花,#和迪丽热巴邂逅夏天# dlrb#夏日青春派对# dlrb #迪丽热巴#迪丽热巴纪云禾的每一场哭戏都是按当下剧情富有不同层次，不同情绪，笑着哭的，悲伤到极致的，泪水在眼框打转的，每一滴泪都令人共情。预约枭起青壤O枭起青壤迪丽热巴 | 枭起青壤 | 利剑玫瑰 | 开始推理吧 | 聂九罗 | 邓妍@Dear-迪丽热巴L林一撸秃的猫的微博视频 ​,https://m.weibo.cn/detail/5051099943802007
枭起青壤/聂九罗表演突破,post,0,粉丝点评/记忆表达明确,badada糖炒栗子,#和迪丽热巴邂逅夏天# dlrb#夏日青春派对# dlrb #迪丽热巴#如果以后有风会吹动我的头发，我知道是你（纪云禾）来看我了——@Dear-迪丽热巴纪云禾的每一滴泪，每一个笑，我们会永远记得预约枭起青壤O枭起青壤迪丽热巴 | 枭起青壤 | 利剑玫瑰 | 开始推理吧 | 聂九罗 | 邓妍@Dear-迪丽热巴 L冬日士多啤梨的微博视频,https://m.weibo.cn/detail/5051099943281052
爱丽丝与热巴的双向奔赴,post,0,粉丝点评/记忆表达明确,夏日向日葵sun,迪丽热巴超话#和迪丽热巴邂逅夏天# dlrb#夏日青春派对# dlrb #迪丽热巴#真的好爱真诚的宝贝迪丽热巴和爱丽丝锁了互相陪伴一起成长一起进步预约枭起青壤O枭起青壤迪丽热巴 | 枭起青壤 | 利剑玫瑰 | 开始推理吧 | 聂九罗 | 邓妍@Dear-迪丽热巴L枭起青壤官微的微博视频 ​,https://m.weibo.cn/detail/5051099929119385
枭起青壤/聂九罗表演突破,post,0,粉丝点评/记忆表达明确,漫珊爱巴巴,迪丽热巴超话#和迪丽热巴邂逅夏天# dlrb#夏日青春派对# dlrb #迪丽热巴#好温婉的任安乐「在瓶底书汉隶仿前朝的飘逸就当我为遇见你伏笔」预约枭起青壤O枭起青壤迪丽热巴 | 枭起青壤 | 利剑玫瑰 | 开始推理吧 | 聂九罗 | 邓妍@Dear-迪丽热巴L枭起青壤官微的微博视频 ​,https://m.weibo.cn/detail/5051099929383395
枭起青壤/聂九罗表演突破,post,0,粉丝点评/记忆表达明确,夏日向日葵sun,迪丽热巴超话#和迪丽热巴邂逅夏天# dlrb#夏日青春派对# dlrb #迪丽热巴#没有人能逃过热巴的古装!看一眼就沦陷，演技好的美女谁能不爱啊预约枭起青壤O枭起青壤迪丽热巴 | 枭起青壤 | 利剑玫瑰 | 开始推理吧 | 聂九罗 | 邓妍@Dear-迪丽热巴 L《利剑·玫瑰》迪丽热巴金世佳正义出鞘 ​,https://m.weibo.cn/detail/5051099897662264
枭起青壤/聂九罗表演突破,post,0,粉丝点评/记忆表达明确,屿恃芸,#和迪丽热巴邂逅夏天# dlrb#夏日青春派对# dlrb #迪丽热巴#未来很长，我们只会变得更强预约枭起青壤O枭起青壤迪丽热巴 | 枭起青壤 | 利剑玫瑰 | 开始推理吧 | 聂九罗 | 邓妍@Dear-迪丽热巴L枭起青壤官微的微博视频 ​,https://m.weibo.cn/detail/5051099889274239
枭起青壤/聂九罗表演突破,post,0,粉丝点评/记忆表达明确,Dear椿黛祎栀,迪丽热巴超话#迪丽热巴枭起青壤# dlrb#迪丽热巴聂九罗# “风吹幡动 是风动 还是幡动 风未动 幡亦未动 是我心动”@Dear-迪丽热巴 ​,https://m.weibo.cn/detail/5051099889271974
爱丽丝与热巴的双向奔赴,post,0,粉丝点评/记忆表达明确,漫珊爱巴巴,迪丽热巴超话#和迪丽热巴邂逅夏天# dlrb#夏日青春派对# dlrb #迪丽热巴#真的好爱真诚的宝贝迪丽热巴和爱丽丝锁了互相陪伴一起成长一起进步预约枭起青壤O枭起青壤迪丽热巴 | 枭起青壤 | 利剑玫瑰 | 开始推理吧 | 聂九罗 | 邓妍@Dear-迪丽热巴L枭起青壤官微的微博视频 ​,https://m.weibo.cn/detail/5051099887180168
枭起青壤/聂九罗表演突破,post,0,粉丝点评/记忆表达明确,开心巴嗒嗒,#和迪丽热巴邂逅夏天# dlrb#夏日青春派对# dlrb #迪丽热巴#我们新疆的石榴花明媚又自信预约枭起青壤O枭起青壤迪丽热巴 | 枭起青壤 | 利剑玫瑰 | 开始推理吧 | 聂九罗 | 邓妍@Dear-迪丽热巴L九方阙的微博视频 ​,https://m.weibo.cn/detail/5051099884552321
枭起青壤/聂九罗表演突破,post,0,粉丝点评/记忆表达明确,夏日向日葵sun,迪丽热巴超话#和迪丽热巴邂逅夏天# dlrb#夏日青春派对# dlrb #迪丽热巴#浅浅的来看看我们几年前的如歌、凤九、七七、丽姬麻麻的打戏混剪预约枭起青壤O枭起青壤迪丽热巴 | 枭起青壤 | 利剑玫瑰 | 开始推理吧 | 聂九罗 | 邓妍@Dear-迪丽热巴L《利剑·玫瑰》迪丽热巴金世佳正义出鞘 ​,https://m.weibo.cn/detail/5051099880623521
枭起青壤/聂九罗表演突破,post,0,粉丝点评/记忆表达明确,卡酷巴-2,#和迪丽热巴邂逅夏天# dlrb#夏日青春派对# dlrb #迪丽热巴#没有人能逃过热巴的古装!看一眼就沦陷，演技好的美女谁能不爱啊预约枭起青壤O枭起青壤迪丽热巴 | 枭起青壤 | 利剑玫瑰 | 开始推理吧 | 聂九罗 | 邓妍@Dear-迪丽热巴 L《利剑·玫瑰》迪丽热巴金世佳正义出鞘 ​,https://m.weibo.cn/detail/5051099880621388
任安乐/帝梓元角色记忆,post,0,粉丝点评/记忆表达明确,聆枫序旧巷,迪丽热巴超话#和迪丽热巴邂逅夏天# dlrb#夏日青春派对# dlrb #迪丽热巴#每次下雪对帝梓元来说都是难熬的帝梓元（任安乐）每一次落泪都令人很心疼预约枭起青壤O枭起青壤迪丽热巴 | 枭起青壤 | 利剑玫瑰 | 开始推理吧 | 聂九罗 | 邓妍@Dear-迪丽热巴L枭起青壤官微的微博视频 ​,https://m.weibo.cn/detail/5051099876168764
枭起青壤/聂九罗表演突破,post,0,粉丝点评/记忆表达明确,badada糖炒栗子,#和迪丽热巴邂逅夏天# dlrb#夏日青春派对# dlrb #迪丽热巴#纪云禾你若能抉择来世的命运 愿你能够自由来去预约枭起青壤O枭起青壤迪丽热巴 | 枭起青壤 | 利剑玫瑰 | 开始推理吧 | 聂九罗 | 邓妍@Dear-迪丽热巴L们爱丽丝的微博视频 ​,https://m.weibo.cn/detail/5051099797789845
枭起青壤/聂九罗表演突破,post,0,粉丝点评/记忆表达明确,虞闽豫,#和迪丽热巴邂逅夏天# dlrb#夏日青春派对# dlrb #迪丽热巴#喜欢纪云禾甜甜的笑预约枭起青壤O枭起青壤迪丽热巴 | 枭起青壤 | 利剑玫瑰 | 开始推理吧 | 聂九罗 | 邓妍@Dear-迪丽热巴L《利剑·玫瑰》迪丽热巴金世佳正义出鞘 ​,https://m.weibo.cn/detail/5051099797001563
枭起青壤/聂九罗表演突破,post,0,粉丝点评/记忆表达明确,迪迪卫李长歌,#迪丽热巴聂九罗# dlrb #迪丽热巴枭起青壤# dlrb #迪丽热巴#令人既难忘又心疼的美强惨阿兰若 预约枭起青壤O枭起青壤迪丽热巴 | 枭起青壤 | 利剑玫瑰 | 开始推理吧 | 聂九罗 | 邓妍@Dear-迪丽热巴L雪碧三分饱的微博视频 ​,https://m.weibo.cn/detail/5051099776814007
枭起青壤/聂九罗表演突破,post,0,粉丝点评/记忆表达明确,音鸢鸢,#和迪丽热巴邂逅夏天# dlrb#夏日青春派对# dlrb #迪丽热巴#风情万种 民国美女 我的大小姐迪丽热巴预约枭起青壤O枭起青壤迪丽热巴 | 枭起青壤 | 利剑玫瑰 | 开始推理吧 | 聂九罗 | 邓妍@Dear-迪丽热巴L《利剑·玫瑰》迪丽热巴金世佳正义出鞘 ​,https://m.weibo.cn/detail/5051099767376740
枭起青壤/聂九罗表演突破,post,0,粉丝点评/记忆表达明确,阿依嗚欸喔,迪丽热巴超话#超话星愿池##和迪丽热巴邂逅夏天# dlrb#夏日青春派对# dlrb #迪丽热巴#我们凤九小殿下梨花带雨的三叩首哭戏，太虐心了😭😭😭预约枭起青壤O枭起青壤迪丽热巴 | 枭起青壤 | 利剑玫瑰 | 开始推理吧 | 聂九罗 | 邓妍@Dear-迪丽热巴L枭起青壤官微的微博视频 ​,https://m.weibo.cn/detail/5051099743258755
枭起青壤/聂九罗表演突破,post,0,粉丝点评/记忆表达明确,聆枫序旧巷,迪丽热巴超话#和迪丽热巴邂逅夏天# dlrb#夏日青春派对# dlrb #迪丽热巴#打戏这方面还是得看我们任安乐寨主看谁敢动任安乐的人预约枭起青壤O枭起青壤迪丽热巴 | 枭起青壤 | 利剑玫瑰 | 开始推理吧 | 聂九罗 | 邓妍@Dear-迪丽热巴L《利剑·玫瑰》迪丽热巴金世佳正义出鞘 ​,https://m.weibo.cn/detail/5051099739062877
枭起青壤/聂九罗表演突破,post,0,粉丝点评/记忆表达明确,开心巴嗒嗒,#和迪丽热巴邂逅夏天# dlrb#夏日青春派对# dlrb #迪丽热巴#热巴和粉丝的双向奔赴预约枭起青壤O枭起青壤迪丽热巴 | 枭起青壤 | 利剑玫瑰 | 开始推理吧 | 聂九罗 | 邓妍@Dear-迪丽热巴L404号便利店_的微博视频 ​,https://m.weibo.cn/detail/5051099734612032
枭起青壤/聂九罗表演突破,post,0,粉丝点评/记忆表达明确,badada爱生活,#和迪丽热巴邂逅夏天# dlrb#夏日青春派对# dlrb #迪丽热巴#迪丽热巴纪云禾的每一场哭戏都是按当下剧情富有不同层次，不同情绪，笑着哭的，悲伤到极致的，泪水在眼框打转的，每一滴泪都令人共情。预约枭起青壤O枭起青壤迪丽热巴 | 枭起青壤 | 利剑玫瑰 | 开始推理吧 | 聂九罗 | 邓妍@Dear-迪丽热巴L林一撸秃的猫的微博视频 ​,https://m.weibo.cn/detail/5051099673527207
枭起青壤/聂九罗表演突破,post,0,粉丝点评/记忆表达明确,聆枫序旧巷,迪丽热巴超话#和迪丽热巴邂逅夏天# dlrb#夏日青春派对# dlrb #迪丽热巴#一起来鉴赏纪云禾的各种“笑”同样是笑但迪丽热巴演出來每个笑都是拥有不同的情绪的笑令人甜到心坎里的甜笑，令人心疼的哭着笑，令人心寒的疯笑​​​预约枭起青壤O枭起青壤迪丽热巴 | 枭起青壤 | 利剑玫瑰 | 开始推理吧 | 聂九罗 | 邓妍@Dear-迪丽热巴L枭起青壤官微的微博视频,https://m.weibo.cn/detail/5051099641285937
枭起青壤/聂九罗表演突破,post,0,粉丝点评/记忆表达明确,Freesainl,迪丽热巴超话#和迪丽热巴邂逅夏天# dlrb#夏日青春派对# dlrb #迪丽热巴#这个挥手手 太可爱了😍😍😍羡慕在场每一个亲眼看到宝贝的人预约枭起青壤O枭起青壤迪丽热巴 | 枭起青壤 | 利剑玫瑰 | 开始推理吧 | 聂九罗 | 邓妍@Dear-迪丽热巴Llil-杨的微博视频 ​,https://m.weibo.cn/detail/5051099639976403
枭起青壤/聂九罗表演突破,post,0,粉丝点评/记忆表达明确,Dear-辣辣巴,迪丽热巴超话#和迪丽热巴邂逅夏天# dlrb#夏日青春派对# dlrb #迪丽热巴#如果以后有风会吹动我的头发，我知道是你（纪云禾）来看我了——@Dear-迪丽热巴纪云禾的每一滴泪，每一个笑，我们会永远记得预约枭起青壤O枭起青壤迪丽热巴 | 枭起青壤 | 利剑玫瑰 | 开始推理吧 | 聂九罗 | 邓妍@Dear-迪丽热巴 L冬日士多啤梨的微博视频,https://m.weibo.cn/detail/5051099639974036
枭起青壤/聂九罗表演突破,post,0,粉丝点评/记忆表达明确,Freesainl,迪丽热巴超话#迪丽热巴邓妍# dlrb #迪丽热巴利剑玫瑰# dlrb #迪丽热巴#如果以后有风会吹动我的头发，我知道是你（纪云禾）来看我了——@Dear-迪丽热巴纪云禾的每一滴泪，每一个笑，我们会永远记得预约利剑玫瑰O利剑·玫瑰迪丽热巴 | 枭起青壤 | 利剑玫瑰 | 开始推理吧 | 聂九罗 | 邓妍@Dear-迪丽热巴 L《利剑·玫瑰》迪丽热巴金世佳正义出鞘,https://m.weibo.cn/detail/5051099566840465
枭起青壤/聂九罗表演突破,post,0,粉丝点评/记忆表达明确,badada爱生活,#和迪丽热巴邂逅夏天# dlrb#夏日青春派对# dlrb #迪丽热巴#如果以后有风会吹动我的头发，我知道是你（纪云禾）来看我了——@Dear-迪丽热巴纪云禾的每一滴泪，每一个笑，我们会永远记得预约枭起青壤O枭起青壤迪丽热巴 | 枭起青壤 | 利剑玫瑰 | 开始推理吧 | 聂九罗 | 邓妍@Dear-迪丽热巴 L冬日士多啤梨的微博视频,https://m.weibo.cn/detail/5051099524897182
枭起青壤/聂九罗表演突破,post,0,粉丝点评/记忆表达明确,音鸢鸢,#和迪丽热巴邂逅夏天# dlrb#夏日青春派对# dlrb #迪丽热巴#迪丽热巴纪云禾的每一场哭戏都是按当下剧情富有不同层次，不同情绪，笑着哭的，悲伤到极致的，泪水在眼框打转的，每一滴泪都令人共情。预约枭起青壤O枭起青壤迪丽热巴 | 枭起青壤 | 利剑玫瑰 | 开始推理吧 | 聂九罗 | 邓妍@Dear-迪丽热巴L《利剑·玫瑰》迪丽热巴金世佳正义出鞘 ​,https://m.weibo.cn/detail/5051099474565667
枭起青壤/聂九罗表演突破,post,0,粉丝点评/记忆表达明确,甜热热随身携带酸奶疙瘩,#和迪丽热巴邂逅夏天# dlrb#夏日青春派对# dlrb #迪丽热巴#迪丽热巴纪云禾的每一场哭戏都是按当下剧情富有不同层次，不同情绪，笑着哭的，悲伤到极致的，泪水在眼框打转的，每一滴泪都令人共情。预约枭起青壤O枭起青壤迪丽热巴 | 枭起青壤 | 利剑玫瑰 | 开始推理吧 | 聂九罗 | 邓妍@Dear-迪丽热巴L林一撸秃的猫的微博视频 ​,https://m.weibo.cn/detail/5051099451228296
枭起青壤/聂九罗表演突破,post,0,粉丝点评/记忆表达明确,加油演员迪,#和迪丽热巴邂逅夏天# dlrb#夏日青春派对# dlrb #迪丽热巴#迪丽热巴纪云禾的每一场哭戏都是按当下剧情富有不同层次，不同情绪，笑着哭的，悲伤到极致的，泪水在眼框打转的，每一滴泪都令人共情。预约枭起青壤O枭起青壤迪丽热巴 | 枭起青壤 | 利剑玫瑰 | 开始推理吧 | 聂九罗 | 邓妍@Dear-迪丽热巴L林一撸秃的猫的微博视频 ​,https://m.weibo.cn/detail/5051099440484877
枭起青壤/聂九罗表演突破,post,0,粉丝点评/记忆表达明确,照办y方来学_,#和迪丽热巴邂逅夏天# dlrb#夏日青春派对# dlrb #迪丽热巴#如果以后有风会吹动我的头发，我知道是你（纪云禾）来看我了——@Dear-迪丽热巴纪云禾的每一滴泪，每一个笑，我们会永远记得预约枭起青壤O枭起青壤迪丽热巴 | 枭起青壤 | 利剑玫瑰 | 开始推理吧 | 聂九罗 | 邓妍@Dear-迪丽热巴 L枭起青壤官微的微博视频,https://m.weibo.cn/detail/5051099410862031
枭起青壤/聂九罗表演突破,post,0,粉丝点评/记忆表达明确,迪迪迪迪丽巴巴,#和迪丽热巴邂逅夏天# dlrb#夏日青春派对# dlrb #迪丽热巴#如果以后有风会吹动我的头发，我知道是你（纪云禾）来看我了——@Dear-迪丽热巴纪云禾的每一滴泪，每一个笑，我们会永远记得预约枭起青壤O枭起青壤迪丽热巴 | 枭起青壤 | 利剑玫瑰 | 开始推理吧 | 聂九罗 | 邓妍@Dear-迪丽热巴 L冬日士多啤梨的微博视频,https://m.weibo.cn/detail/5051099399067718
枭起青壤/聂九罗表演突破,post,0,粉丝点评/记忆表达明确,迪迪崽真可爱可爱可爱,#和迪丽热巴邂逅夏天# dlrb#夏日青春派对# dlrb #迪丽热巴#如果以后有风会吹动我的头发，我知道是你（纪云禾）来看我了——@Dear-迪丽热巴纪云禾的每一滴泪，每一个笑，我们会永远记得预约枭起青壤O枭起青壤迪丽热巴 | 枭起青壤 | 利剑玫瑰 | 开始推理吧 | 聂九罗 | 邓妍@Dear-迪丽热巴 L冬日士多啤梨的微博视频,https://m.weibo.cn/detail/5051099381760489
枭起青壤/聂九罗表演突破,post,0,粉丝点评/记忆表达明确,养生百科8,#和迪丽热巴邂逅夏天# dlrb#夏日青春派对# dlrb #迪丽热巴#如果以后有风会吹动我的头发，我知道是你（纪云禾）来看我了——@Dear-迪丽热巴纪云禾的每一滴泪，每一个笑，我们会永远记得预约枭起青壤O枭起青壤迪丽热巴 | 枭起青壤 | 利剑玫瑰 | 开始推理吧 | 聂九罗 | 邓妍@Dear-迪丽热巴 L枭起青壤官微的微博视频,https://m.weibo.cn/detail/5051099351877321
白凤九与三生三世情怀,post,0,粉丝点评/记忆表达明确,养生百科8,#和迪丽热巴邂逅夏天# dlrb#夏日青春派对# dlrb #迪丽热巴#“我这段人生，看似很短实则很长”——阿兰若相里阿兰若和白凤九拥有一样的脸，但迪丽热巴演出了不一样的感觉和气质。预约枭起青壤O枭起青壤迪丽热巴 | 枭起青壤 | 利剑玫瑰 | 开始推理吧 | 聂九罗 | 邓妍@Dear-迪丽热巴L枭起青壤官微的微博视频,https://m.weibo.cn/detail/5051099335884950
枭起青壤/聂九罗表演突破,post,0,粉丝点评/记忆表达明确,怎例o只加导,#和迪丽热巴邂逅夏天# dlrb#夏日青春派对# dlrb #迪丽热巴#如果以后有风会吹动我的头发，我知道是你（纪云禾）来看我了——@Dear-迪丽热巴纪云禾的每一滴泪，每一个笑，我们会永远记得预约枭起青壤O枭起青壤迪丽热巴 | 枭起青壤 | 利剑玫瑰 | 开始推理吧 | 聂九罗 | 邓妍@Dear-迪丽热巴 L枭起青壤官微的微博视频,https://m.weibo.cn/detail/5051099325404954
枭起青壤/聂九罗表演突破,post,0,粉丝点评/记忆表达明确,迪迪大大大宝贝,#和迪丽热巴邂逅夏天# dlrb#夏日青春派对# dlrb #迪丽热巴#迪丽热巴纪云禾的每一场哭戏都是按当下剧情富有不同层次，不同情绪，笑着哭的，悲伤到极致的，泪水在眼框打转的，每一滴泪都令人共情。预约枭起青壤O枭起青壤迪丽热巴 | 枭起青壤 | 利剑玫瑰 | 开始推理吧 | 聂九罗 | 邓妍@Dear-迪丽热巴L林一撸秃的猫的微博视频 ​,https://m.weibo.cn/detail/5051099105730261
白凤九与三生三世情怀,post,0,粉丝点评/记忆表达明确,大森林里的小小pooh,#和迪丽热巴邂逅夏天# dlrb#夏日青春派对# dlrb #迪丽热巴#“我这段人生，看似很短实则很长”——阿兰若相里阿兰若和白凤九拥有一样的脸，但迪丽热巴演出了不一样的感觉和气质。预约枭起青壤O枭起青壤迪丽热巴 | 枭起青壤 | 利剑玫瑰 | 开始推理吧 | 聂九罗 | 邓妍@Dear-迪丽热巴L枭起青壤官微的微博视频,https://m.weibo.cn/detail/5051099050412920
枭起青壤/聂九罗表演突破,post,0,粉丝点评/记忆表达明确,迪虞桉,迪丽热巴超话#和迪丽热巴邂逅夏天# dlrb#夏日青春派对# dlrb #迪丽热巴#一起来鉴赏纪云禾的各种“笑”同样是笑但迪丽热巴演出來每个笑都是拥有不同的情绪的笑令人甜到心坎里的甜笑，令人心疼的哭着笑，令人心寒的疯笑​​​预约枭起青壤O枭起青壤迪丽热巴 | 枭起青壤 | 利剑玫瑰 | 开始推理吧 | 聂九罗 | 邓妍@Dear-迪丽热巴L枭起青壤官微的微博视频,https://m.weibo.cn/detail/5051099046740043
白日提灯贺思慕/女鬼鬼王记忆,post,0,粉丝点评/记忆表达明确,没有想到什么名字的,迪丽热巴超话#迪丽热巴# dlrb #迪丽热巴枭起青壤# dlrb #迪丽热巴聂九罗#你好任安乐😍我是来当寨主夫人的预约枭起青壤O枭起青壤迪丽热巴 | 枭起青壤 | 利剑玫瑰|慕胥辞 |聂九罗 | 邓妍 | 贺思慕 | @Dear-迪丽热巴L枭起青壤官微的微博视频 ​,https://m.weibo.cn/detail/5084439900851604
行走的油画/神女美貌出圈,post,0,粉丝点评/记忆表达明确,-----花娆74664,迪丽热巴超话#迪丽热巴登人民日报宣传片# dlrb#迪丽热巴巴黎时装周# dlrb #迪奥全球品牌大使迪丽热巴#迪丽热巴这个抬眸一眼万年预约利剑玫瑰O利剑·玫瑰迪丽热巴 | 迪丽热巴巴黎时装周 | 迪奥全球品牌大使迪丽热巴@Dear-迪丽热巴L《利剑·玫瑰》迪丽热巴金世佳正义出鞘 ​,https://m.weibo.cn/detail/5084439900064993
白日提灯贺思慕/女鬼鬼王记忆,post,0,粉丝点评/记忆表达明确,晚风御D-,#迪丽热巴聂九罗# dlrb #迪丽热巴枭起青壤# dlrb #迪丽热巴#时尚前沿雕塑家，睡衣富翁聂九罗@Dear-迪丽热巴 ，文能高雅艺术，武能辣手催枭，独居三合院，全能颜值高，你们让一让，我先结个婚。预约O枭起青壤 ​​​ 迪丽热巴 | 枭起青壤 | 利剑玫瑰|慕胥辞 |聂九罗 | 邓妍 | 贺思慕 | @Dear-迪丽热巴L枭起青壤官微的微博视频,https://m.weibo.cn/detail/5084439891153045
白日提灯贺思慕/女鬼鬼王记忆,post,0,粉丝点评/记忆表达明确,没有想到什么名字的,迪丽热巴超话#迪丽热巴# dlrb #迪丽热巴聂九罗# dlrb #迪丽热巴枭起青壤#安乐在[全力以赴]解百忧～希望我们都“任他清风明月，我自安康常乐乐乐乐乐乐” 预约枭起青壤O枭起青壤迪丽热巴 | 枭起青壤 | 利剑玫瑰|慕胥辞 |聂九罗 | 邓妍 | 贺思慕 | @Dear-迪丽热巴L枭起青壤官微的微博视频,https://m.weibo.cn/detail/5084439882764390
白日提灯贺思慕/女鬼鬼王记忆,post,0,粉丝点评/记忆表达明确,DiBa高雯,迪丽热巴超话#迪丽热巴# dlrb #迪丽热巴利剑玫瑰# dlrb #迪丽热巴邓妍#未来很长，我们只会变得更强预约利剑玫瑰O利剑·玫瑰迪丽热巴 | 枭起青壤 | 利剑玫瑰|慕胥辞 |聂九罗 | 邓妍 | 贺思慕 | @Dear-迪丽热巴L《利剑·玫瑰》迪丽热巴金世佳正义出鞘 ​,https://m.weibo.cn/detail/5084439873061186
枭起青壤/聂九罗表演突破,post,0,粉丝点评/记忆表达明确,badada热爱,#迪丽热巴# dlrb #迪丽热巴聂九罗# dlrb #迪丽热巴枭起青壤# 我纪云禾可是万花谷最强的御灵师预约枭起青壤O枭起青壤迪丽热巴 | 枭起青壤 | 利剑玫瑰 | 开始推理吧 | 聂九罗 | 邓妍@Dear-迪丽热巴L一介散人·的微博视频 ​,https://m.weibo.cn/detail/5084439853667784
白日提灯贺思慕/女鬼鬼王记忆,post,0,粉丝点评/记忆表达明确,不爱喝迷魂汤,迪丽热巴超话#迪丽热巴# dlrb #迪丽热巴利剑玫瑰# dlrb #迪丽热巴邓妍#迪丽热巴💖爱丽丝！一生热爱，步履不停预约利剑玫瑰O利剑·玫瑰迪丽热巴 | 枭起青壤 | 利剑玫瑰|慕胥辞 |聂九罗 | 邓妍 | 贺思慕 | @Dear-迪丽热巴L《利剑·玫瑰》迪丽热巴金世佳正义出鞘 ​,https://m.weibo.cn/detail/5084439849468154
白日提灯贺思慕/女鬼鬼王记忆,post,0,粉丝点评/记忆表达明确,临涩猫岛,#迪丽热巴# dlrb #迪丽热巴聂九罗# dlrb #迪丽热巴枭起青壤# 我纪云禾可是万花谷最强的御灵师预约枭起青壤O枭起青壤迪丽热巴 | 枭起青壤 | 利剑玫瑰|慕胥辞 |聂九罗 | 邓妍 | 贺思慕 | @Dear-迪丽热巴L枭起青壤官微的微博视频 ​,https://m.weibo.cn/detail/5084439845015649
白日提灯贺思慕/女鬼鬼王记忆,post,0,粉丝点评/记忆表达明确,没有想到什么名字的,迪丽热巴超话#迪丽热巴聂九罗# dlrb #迪丽热巴枭起青壤# dlrb #迪丽热巴#时尚前沿雕塑家，睡衣富翁聂九罗@Dear-迪丽热巴 ，文能高雅艺术，武能辣手催枭，独居三合院，全能颜值高，你们让一让，我先结个婚。预约O枭起青壤 ​​​ 迪丽热巴 | 枭起青壤 | 利剑玫瑰|慕胥辞 |聂九罗 | 邓妍 | 贺思慕 | @Dear-迪丽热巴L枭起青壤官微的微博视频,https://m.weibo.cn/detail/5084439846322554
白日提灯贺思慕/女鬼鬼王记忆,post,0,粉丝点评/记忆表达明确,瑶汐ovo,迪丽热巴超话#迪丽热巴登人民日报宣传片##迪丽热巴聂九罗# dlrb #迪丽热巴枭起青壤# dlrb #迪丽热巴#时尚前沿雕塑家，睡衣富翁聂九罗@Dear-迪丽热巴 ，文能高雅艺术，武能辣手催枭，独居三合院，全能颜值高，你们让一让，我先结个婚。预约O枭起青壤 ​​​ 迪丽热巴 | 枭起青壤 | 利剑玫瑰|慕胥辞 |聂九罗 | 邓妍 | 贺思慕 | @Dear-迪丽热巴L枭起青壤官微的微博视频,https://m.weibo.cn/detail/5084439843701450
白日提灯贺思慕/女鬼鬼王记忆,post,0,粉丝点评/记忆表达明确,badada热爱,#迪丽热巴# dlrb #迪丽热巴贺思慕# dlrb #迪丽热巴慕胥辞#没有人能逃过热巴的古装!看一眼就沦陷，演技好的美女谁能不爱啊预约枭起青壤O枭起青壤迪丽热巴 | 枭起青壤 | 利剑玫瑰 | 开始推理吧 | 聂九罗 | 邓妍@Dear-迪丽热巴 L一阵阵疯的微博视频 ​,https://m.weibo.cn/detail/5084439797306890
行走的油画/神女美貌出圈,post,0,粉丝点评/记忆表达明确,T-T-i-X,#迪丽热巴蝴蝶结马尾辫# dlrb#迪丽热巴巴黎时装周# dlrb #迪奥全球品牌大使迪丽热巴#迪丽热巴这个抬眸一眼万年预约利剑玫瑰O利剑·玫瑰迪丽热巴 | 迪丽热巴巴黎时装周 | 迪奥全球品牌大使迪丽热巴@Dear-迪丽热巴L《利剑·玫瑰》迪丽热巴金世佳正义出鞘 ​,https://m.weibo.cn/detail/5084439790487185
枭起青壤/聂九罗表演突破,post,0,粉丝点评/记忆表达明确,冷冬有热迪,迪丽热巴超话#迪丽热巴枭起青壤# dlrb#迪丽热巴聂九罗# “风永不止息的告白 ，就像我对你的爱意一般 ，永远汹涌澎湃”@Dear-迪丽热巴 ​,https://m.weibo.cn/detail/5084439786296861
枭起青壤/聂九罗表演突破,post,0,粉丝点评/记忆表达明确,Dear-樱桃提子汁,"迪丽热巴超话#迪丽热巴枭起青壤# dlrb#迪丽热巴聂九罗# ""在微博发无数条消息来诉说我对你的爱盼望着哪天你可以听到。""@Dear-迪丽热巴 ​",https://m.weibo.cn/detail/5084439782886636
白日提灯贺思慕/女鬼鬼王记忆,post,0,粉丝点评/记忆表达明确,記_樱桃玫瑰迪,#迪丽热巴# dlrb #迪丽热巴聂九罗# dlrb #迪丽热巴枭起青壤#如果以后有风会吹动我的头发，我知道是你（纪云禾）来看我了——@Dear-迪丽热巴纪云禾的每一滴泪，每一个笑，我们会永远记得预约枭起青壤O枭起青壤迪丽热巴 | 枭起青壤 | 利剑玫瑰|慕胥辞 |聂九罗 | 邓妍 | 贺思慕 | @Dear-迪丽热巴L枭起青壤官微的微博视频,https://m.weibo.cn/detail/5084439778692735
枭起青壤/聂九罗表演突破,post,0,粉丝点评/记忆表达明确,Dilireba-夏莞迪,"迪丽热巴超话#迪丽热巴聂九罗# dlrb#迪丽热巴枭起青壤# ""🥀.爱意化成风声，替我转交给你"" 𝓛𝓸𝓋𝓮 𝓉𝓊𝓇𝓃𝓈 𝒾𝓃𝓉𝓸 𝓌𝒾𝓃𝒹, 𝓰𝒾𝓋𝓮 𝒾𝓉 𝓉𝓸 𝓎𝓸𝓊 𝒻𝓸𝓇 𝓂𝓮.🥀@Dear-迪丽热巴 L·椿丰提雾·的微博视频 ​",https://m.weibo.cn/detail/5084439774499406
枭起青壤/聂九罗表演突破,post,0,粉丝点评/记忆表达明确,Dear-樱桃提子汁,迪丽热巴超话#迪丽热巴枭起青壤# dlrb#迪丽热巴聂九罗# “很简单我只需要你在我身边永远不离开 原谅我年少轻狂只对你产生无限依赖”@Dear-迪丽热巴 ​,https://m.weibo.cn/detail/5084439762179026
嘻嘻迪/表情包/可爱梗,post,0,粉丝点评/记忆表达明确,T-T-i-X,#迪丽热巴登人民日报宣传片# dlrb#迪丽热巴巴黎时装周# dlrb #迪奥全球品牌大使迪丽热巴#来考古小奶迪甜妹安珀好甜好可爱预约利剑玫瑰O利剑·玫瑰迪丽热巴|巴黎时装周|迪奥全球品牌大使迪丽热巴@Dear-迪丽热巴L《利剑·玫瑰》迪丽热巴金世佳正义出鞘 ​,https://m.weibo.cn/detail/5084439761913746
白日提灯贺思慕/女鬼鬼王记忆,post,0,粉丝点评/记忆表达明确,Dear-冬忆樱桃刊,迪丽热巴超话#迪丽热巴聂九罗# dlrb #迪丽热巴枭起青壤# dlrb #迪丽热巴#时尚前沿雕塑家，睡衣富翁聂九罗@Dear-迪丽热巴 ，文能高雅艺术，武能辣手催枭，独居三合院，全能颜值高，你们让一让，我先结个婚。预约O枭起青壤 ​​​ 迪丽热巴 | 枭起青壤 | 利剑玫瑰|慕胥辞 |聂九罗 | 邓妍 | 贺思慕 | @Dear-迪丽热巴L枭起青壤官微的微博视频,https://m.weibo.cn/detail/5084439757984822
枭起青壤/聂九罗表演突破,post,0,粉丝点评/记忆表达明确,我愛吃菠萝包_,#和迪丽热巴邂逅夏天# dlrb#夏日青春派对# dlrb #迪丽热巴#纪云禾你若能抉择来世的命运 愿你能够自由来去预约枭起青壤O枭起青壤迪丽热巴 | 枭起青壤 | 利剑玫瑰 | 开始推理吧 | 聂九罗 | 邓妍@Dear-迪丽热巴L们爱丽丝的微博视频 ​,https://m.weibo.cn/detail/5084439753528491
嘻嘻迪/表情包/可爱梗,post,0,粉丝点评/记忆表达明确,-归云去鸟-,#迪丽热巴巴黎时装周# dlrb #迪奥全球品牌大使迪丽热巴#来考古小奶迪甜妹安珀好甜好可爱预约利剑玫瑰O利剑·玫瑰迪丽热巴|巴黎时装周|迪奥全球品牌大使迪丽热巴@Dear-迪丽热巴L《利剑·玫瑰》迪丽热巴金世佳正义出鞘 ​,https://m.weibo.cn/detail/5084439753792351
白日提灯贺思慕/女鬼鬼王记忆,post,0,粉丝点评/记忆表达明确,樱桃小泟,迪丽热巴超话#迪丽热巴聂九罗# dlrb #迪丽热巴枭起青壤# dlrb #迪丽热巴#时尚前沿雕塑家，睡衣富翁聂九罗@Dear-迪丽热巴 ，文能高雅艺术，武能辣手催枭，独居三合院，全能颜值高，你们让一让，我先结个婚。预约O枭起青壤 ​​​ 迪丽热巴 | 枭起青壤 | 利剑玫瑰|慕胥辞 |聂九罗 | 邓妍 | 贺思慕 | @Dear-迪丽热巴L枭起青壤官微的微博视频,https://m.weibo.cn/detail/5084439748808223
白日提灯贺思慕/女鬼鬼王记忆,post,0,粉丝点评/记忆表达明确,临涩猫岛,#迪丽热巴# dlrb #迪丽热巴慕胥辞# dlrb #迪丽热巴贺思慕#真的好爱真诚的宝贝迪丽热巴和爱丽丝锁了互相陪伴一起成长一起进步预约慕胥辞O白日提灯迪丽热巴 | 枭起青壤 | 利剑玫瑰|慕胥辞 |聂九罗 | 邓妍 | 贺思慕 | @Dear-迪丽热巴L星姐微博的微博视频 ​,https://m.weibo.cn/detail/5084439741465592
枭起青壤/聂九罗表演突破,post,0,粉丝点评/记忆表达明确,冷冬有热迪,迪丽热巴超话#迪丽热巴枭起青壤# dlrb#迪丽热巴聂九罗# 没有人规定一朵花必须长成向日葵或玫瑰 我的意思是没有人可以定义你@Dear-迪丽热巴 ​,https://m.weibo.cn/detail/5084439742775708
枭起青壤/聂九罗表演突破,post,0,粉丝点评/记忆表达明确,Dear-樱桃提子汁,"迪丽热巴超话#迪丽热巴枭起青壤# dlrb#迪丽热巴聂九罗# ""那就祝我们被鲜花簇拥,看大海漫漫,热烈且自由,真诚又勇敢""@Dear-迪丽热巴 ​",https://m.weibo.cn/detail/5084439740680764
白日提灯贺思慕/女鬼鬼王记忆,post,0,粉丝点评/记忆表达明确,听迪说-顺利版,太漂亮了可爱宝宝#迪丽热巴# dlrb #迪丽热巴邓妍# 迪丽热巴 | 枭起青壤 | 利剑玫瑰|慕胥辞 |聂九罗 | 邓妍 | 贺思慕 | @Dear-迪丽热巴,https://m.weibo.cn/detail/5084439738584673
白日提灯贺思慕/女鬼鬼王记忆,post,0,粉丝点评/记忆表达明确,砚之一轩,迪丽热巴超话#迪丽热巴# dlrb #迪丽热巴慕胥辞# dlrb #迪丽热巴贺思慕#未来很长，我们只会变得更强预约慕胥辞O白日提灯迪丽热巴 | 枭起青壤 | 利剑玫瑰|慕胥辞 |聂九罗 | 邓妍 | 贺思慕 | @Dear-迪丽热巴L网剧慕胥辞的微博视频 ​,https://m.weibo.cn/detail/5084439740681748
白日提灯贺思慕/女鬼鬼王记忆,post,0,粉丝点评/记忆表达明确,灼灼_Oh,迪丽热巴超话#迪丽热巴聂九罗# dlrb #迪丽热巴枭起青壤# dlrb #迪丽热巴#时尚前沿雕塑家，睡衣富翁聂九罗@Dear-迪丽热巴 ，文能高雅艺术，武能辣手催枭，独居三合院，全能颜值高，你们让一让，我先结个婚。预约O枭起青壤 ​​​ 迪丽热巴 | 枭起青壤 | 利剑玫瑰|慕胥辞 |聂九罗 | 邓妍 | 贺思慕 | @Dear-迪丽热巴L枭起青壤官微的微博视频,https://m.weibo.cn/detail/5084439735964444
白日提灯贺思慕/女鬼鬼王记忆,post,0,粉丝点评/记忆表达明确,绿茶小福贵,迪丽热巴超话#迪丽热巴聂九罗# dlrb #迪丽热巴枭起青壤# dlrb #迪丽热巴#时尚前沿雕塑家，睡衣富翁聂九罗@Dear-迪丽热巴 ，文能高雅艺术，武能辣手催枭，独居三合院，全能颜值高，你们让一让，我先结个婚。预约O枭起青壤 ​​​ 迪丽热巴 | 枭起青壤 | 利剑玫瑰|慕胥辞 |聂九罗 | 邓妍 | 贺思慕 | @Dear-迪丽热巴L枭起青壤官微的微博视频,https://m.weibo.cn/detail/5084439733076810
白日提灯贺思慕/女鬼鬼王记忆,post,0,粉丝点评/记忆表达明确,怡爱d8,迪丽热巴超话#迪丽热巴聂九罗# dlrb #迪丽热巴枭起青壤# dlrb #迪丽热巴#时尚前沿雕塑家，睡衣富翁聂九罗@Dear-迪丽热巴 ，文能高雅艺术，武能辣手催枭，独居三合院，全能颜值高，你们让一让，我先结个婚。预约O枭起青壤 ​​​ 迪丽热巴 | 枭起青壤 | 利剑玫瑰|慕胥辞 |聂九罗 | 邓妍 | 贺思慕 | @Dear-迪丽热巴L枭起青壤官微的微博视频,https://m.weibo.cn/detail/5084439728881878
枭起青壤/聂九罗表演突破,post,0,粉丝点评/记忆表达明确,迪筱楠,迪丽热巴超话#迪丽热巴# dlrb #迪丽热巴邓妍# dlrb #迪丽热巴利剑玫瑰#迪丽热巴纪云禾的每一场哭戏都是按当下剧情富有不同层次，不同情绪，笑着哭的，悲伤到极致的，泪水在眼框打转的，每一滴泪都令人共情。预约利剑玫瑰O利剑·玫瑰迪丽热巴 | 枭起青壤 | 利剑玫瑰 | 开始推理吧 | 聂九罗 | 邓妍@Dear-迪丽热巴 ​L《利剑·玫瑰》迪丽热巴金世佳正义出鞘,https://m.weibo.cn/detail/5084439631366729
白日提灯贺思慕/女鬼鬼王记忆,post,0,粉丝点评/记忆表达明确,迪筱楠,迪丽热巴超话#迪丽热巴# dlrb#迪丽热巴邓妍# dlrb#迪丽热巴利剑玫瑰#安乐在[全力以赴]解百忧～希望我们都“任他清风明月，我自安康常乐乐乐乐乐乐” 预约利剑玫瑰O利剑·玫瑰迪丽热巴 | 枭起青壤 | 利剑玫瑰|慕胥辞 |聂九罗 | 邓妍 | 贺思慕 | @Dear-迪丽热巴L《利剑·玫瑰》迪丽热巴金世佳正义出鞘,https://m.weibo.cn/detail/5084439619573237
枭起青壤/聂九罗表演突破,post,0,粉丝点评/记忆表达明确,迪筱楠,迪丽热巴超话#迪丽热巴# dlrb #迪丽热巴邓妍# dlrb #迪丽热巴利剑玫瑰#迪丽热巴纪云禾的每一场哭戏都是按当下剧情富有不同层次，不同情绪，笑着哭的，悲伤到极致的，泪水在眼框打转的，每一滴泪都令人共情。预约利剑玫瑰O利剑·玫瑰迪丽热巴 | 枭起青壤 | 利剑玫瑰 | 开始推理吧 | 聂九罗 | 邓妍@Dear-迪丽热巴 ​L《利剑·玫瑰》迪丽热巴金世佳正义出鞘,https://m.weibo.cn/detail/5084439610133207
白日提灯贺思慕/女鬼鬼王记忆,post,0,粉丝点评/记忆表达明确,迪筱楠,迪丽热巴超话#迪丽热巴# dlrb#迪丽热巴邓妍# dlrb#迪丽热巴利剑玫瑰#安乐在[全力以赴]解百忧～希望我们都“任他清风明月，我自安康常乐乐乐乐乐乐” 预约利剑玫瑰O利剑·玫瑰迪丽热巴 | 枭起青壤 | 利剑玫瑰|慕胥辞 |聂九罗 | 邓妍 | 贺思慕 | @Dear-迪丽热巴L《利剑·玫瑰》迪丽热巴金世佳正义出鞘,https://m.weibo.cn/detail/5084439602790577
枭起青壤/聂九罗表演突破,post,0,粉丝点评/记忆表达明确,迪筱楠,迪丽热巴超话#迪丽热巴# dlrb #迪丽热巴邓妍# dlrb #迪丽热巴利剑玫瑰#如果以后有风会吹动我的头发，我知道是你（纪云禾）来看我了——@Dear-迪丽热巴纪云禾的每一滴泪，每一个笑，我们会永远记得预约利剑玫瑰O利剑·玫瑰迪丽热巴 | 枭起青壤 | 利剑玫瑰 | 开始推理吧 | 聂九罗 | 邓妍@Dear-迪丽热巴 L《利剑·玫瑰》迪丽热巴金世佳正义出鞘,https://m.weibo.cn/detail/5084439590210821
白日提灯贺思慕/女鬼鬼王记忆,post,0,粉丝点评/记忆表达明确,i乖布偶,迪丽热巴超话#迪丽热巴# dlrb #迪丽热巴枭起青壤# dlrb #迪丽热巴聂九罗#一起来鉴赏纪云禾的各种“笑”同样是笑但迪丽热巴演出來每个笑都是拥有不同的情绪的笑令人甜到心坎里的甜笑，令人心疼的哭着笑，令人心寒的疯笑​​​预约枭起青壤O枭起青壤迪丽热巴 | 枭起青壤 | 利剑玫瑰|慕胥辞 |聂九罗 | 邓妍 | 贺思慕 | @Dear-迪丽热巴L枭起青壤官微的微博视频,https://m.weibo.cn/detail/5084439560062479
白凤九与三生三世情怀,post,0,粉丝点评/记忆表达明确,春逢秋序_Dilraba,迪丽热巴超话#迪丽热巴# dlrb#迪丽热巴邓妍# dlrb#迪丽热巴利剑玫瑰#“我这段人生，看似很短实则很长”——阿兰若相里阿兰若和白凤九拥有一样的脸，但迪丽热巴演出了不一样的感觉和气质。预约利剑玫瑰O利剑·玫瑰迪丽热巴 | 枭起青壤 | 利剑玫瑰 | 开始推理吧 | 聂九罗 | 邓妍@Dear-迪丽热巴L《利剑·玫瑰》迪丽热巴金世佳正义出鞘,https://m.weibo.cn/detail/5084439493217455
白日提灯贺思慕/女鬼鬼王记忆,post,0,粉丝点评/记忆表达明确,i乖布偶,迪丽热巴超话#迪丽热巴# dlrb #迪丽热巴枭起青壤# dlrb #迪丽热巴聂九罗#一起来鉴赏纪云禾的各种“笑”同样是笑但迪丽热巴演出來每个笑都是拥有不同的情绪的笑令人甜到心坎里的甜笑，令人心疼的哭着笑，令人心寒的疯笑​​​预约枭起青壤O枭起青壤迪丽热巴 | 枭起青壤 | 利剑玫瑰|慕胥辞 |聂九罗 | 邓妍 | 贺思慕 | @Dear-迪丽热巴L枭起青壤官微的微博视频,https://m.weibo.cn/detail/5084439489547247
枭起青壤/聂九罗表演突破,post,0,粉丝点评/记忆表达明确,迪真甜耶,迪丽热巴超话#迪丽热巴蝴蝶结马尾辫##迪丽热巴登人民日报宣传片##迪丽热巴# dlrb #迪丽热巴利剑玫瑰# dlrb #迪丽热巴邓妍#你好任安乐😍我是来当寨主夫人的预约利剑玫瑰O利剑·玫瑰迪丽热巴 | 枭起青壤 | 利剑玫瑰 | 开始推理吧 | 聂九罗 | 邓妍@Dear-迪丽热巴L《利剑·玫瑰》迪丽热巴金世佳正义出鞘,https://m.weibo.cn/detail/5084439428204304
白日提灯贺思慕/女鬼鬼王记忆,post,0,粉丝点评/记忆表达明确,冰唐钴禄娃,迪丽热巴超话#迪丽热巴聂九罗# dlrb #迪丽热巴枭起青壤# dlrb #迪丽热巴#时尚前沿雕塑家，睡衣富翁聂九罗@Dear-迪丽热巴 ，文能高雅艺术，武能辣手催枭，独居三合院，全能颜值高，你们让一让，我先结个婚。预约O枭起青壤 ​​​ 迪丽热巴 | 枭起青壤 | 利剑玫瑰|慕胥辞 |聂九罗 | 邓妍 | 贺思慕 | @Dear-迪丽热巴L枭起青壤官微的微博视频,https://m.weibo.cn/detail/5084439369749792
枭起青壤/聂九罗表演突破,post,0,粉丝点评/记忆表达明确,面包脑袋系我巴,迪丽热巴超话#迪丽热巴# dlrb #迪丽热巴利剑玫瑰# dlrb #迪丽热巴邓妍#一起来鉴赏纪云禾的各种“笑”同样是笑但迪丽热巴演出來每个笑都是拥有不同的情绪的笑令人甜到心坎里的甜笑，令人心疼的哭着笑，令人心寒的疯笑​​​预约利剑玫瑰O利剑·玫瑰迪丽热巴 | 枭起青壤 | 利剑玫瑰 | 开始推理吧 | 聂九罗 | 邓妍@Dear-迪丽热巴L《利剑·玫瑰》迪丽热巴金世佳正义出鞘,https://m.weibo.cn/detail/5084439357161859
白日提灯贺思慕/女鬼鬼王记忆,post,0,粉丝点评/记忆表达明确,注定世女一,"#迪丽热巴慕胥辞#dlrb#迪丽热巴贺思慕#""🥀.爱意化成风声，替我转交给你"" 𝓛𝓸𝓋𝓮 𝓉𝓊𝓇𝓃𝓈 𝒾𝓃𝓉𝓸 𝓌𝒾𝓃𝒹, 𝓰𝒾𝓋𝓮 𝒾𝓉 𝓉𝓸 𝓎𝓸𝓊 𝒻𝓸𝓇 𝓂𝓮.🥀@Dear-迪丽热巴#迪丽热巴贺思慕# dlrb #迪丽热巴慕胥辞# dlrb #迪丽热巴# @Dear-迪丽热巴",https://m.weibo.cn/detail/5084439333311203
白日提灯贺思慕/女鬼鬼王记忆,post,0,粉丝点评/记忆表达明确,热爱倾丽,#迪丽热巴登人民日报宣传片# dlrb#迪丽热巴蝴蝶结马尾辫# dlrb#迪丽热巴条纹毛衣搭花苞裙# dlrb#迪丽热巴# dlrb #迪丽热巴枭起青壤# dlrb #迪丽热巴聂九罗#喜欢纪云禾甜甜的笑预约枭起青壤O枭起青壤迪丽热巴 | 枭起青壤 | 利剑玫瑰|慕胥辞 |聂九罗 | 邓妍 | 贺思慕 | @Dear-迪丽热巴L枭起青壤官微的微博视频,https://m.weibo.cn/detail/5084439191491604
白日提灯贺思慕/女鬼鬼王记忆,post,0,粉丝点评/记忆表达明确,badada发什么呆,迪丽热巴超话#迪丽热巴# dlrb #迪丽热巴聂九罗# dlrb #迪丽热巴枭起青壤#安乐在[全力以赴]解百忧～希望我们都“任他清风明月，我自安康常乐乐乐乐乐乐” 预约枭起青壤O枭起青壤迪丽热巴 | 枭起青壤 | 利剑玫瑰|慕胥辞 |聂九罗 | 邓妍 | 贺思慕 | @Dear-迪丽热巴L枭起青壤官微的微博视频,https://m.weibo.cn/detail/5084439178909184
枭起青壤/聂九罗表演突破,post,0,粉丝点评/记忆表达明确,或许你也喜欢巴,#和迪丽热巴邂逅夏天# dlrb#夏日青春派对# dlrb #迪丽热巴#如果以后有风会吹动我的头发，我知道是你（纪云禾）来看我了——@Dear-迪丽热巴纪云禾的每一滴泪，每一个笑，我们会永远记得预约枭起青壤O枭起青壤迪丽热巴 | 枭起青壤 | 利剑玫瑰 | 开始推理吧 | 聂九罗 | 邓妍@Dear-迪丽热巴 L枭起青壤官微的微博视频,https://m.weibo.cn/detail/5084439157935815
白日提灯贺思慕/女鬼鬼王记忆,post,0,粉丝点评/记忆表达明确,忆寄风存,"#迪丽热巴慕胥辞#dlrb#迪丽热巴贺思慕#""🥀.爱意化成风声，替我转交给你"" 𝓛𝓸𝓋𝓮 𝓉𝓊𝓇𝓃𝓈 𝒾𝓃𝓉𝓸 𝓌𝒾𝓃𝒹, 𝓰𝒾𝓋𝓮 𝒾𝓉 𝓉𝓸 𝓎𝓸𝓊 𝒻𝓸𝓇 𝓂𝓮.🥀@Dear-迪丽热巴#迪丽热巴贺思慕# dlrb #迪丽热巴慕胥辞# dlrb #迪丽热巴# @Dear-迪丽热巴",https://m.weibo.cn/detail/5084439107862636
白日提灯贺思慕/女鬼鬼王记忆,post,0,粉丝点评/记忆表达明确,热爱倾丽,#迪丽热巴登人民日报宣传片# dlrb#迪丽热巴蝴蝶结马尾辫# dlrb#迪丽热巴条纹毛衣搭花苞裙# dlrb#迪丽热巴# dlrb #迪丽热巴聂九罗# dlrb #迪丽热巴枭起青壤#迪丽热巴纪云禾的每一场哭戏都是按当下剧情富有不同层次，不同情绪，笑着哭的，悲伤到极致的，泪水在眼框打转的，每一滴泪都令人共情。预约枭起青壤O枭起青壤迪丽热巴 | 枭起青壤 | 利剑玫瑰|慕胥辞 |聂九罗 | 邓妍 | 贺思慕 | @Dear-迪丽热巴L枭起,https://m.weibo.cn/detail/5084439095018257
白日提灯贺思慕/女鬼鬼王记忆,post,0,粉丝点评/记忆表达明确,爱迪每一天2023,迪丽热巴超话#迪丽热巴聂九罗# dlrb #迪丽热巴枭起青壤# dlrb #迪丽热巴#时尚前沿雕塑家，睡衣富翁聂九罗@Dear-迪丽热巴 ，文能高雅艺术，武能辣手催枭，独居三合院，全能颜值高，你们让一让，我先结个婚。预约O枭起青壤 ​​​ 迪丽热巴 | 枭起青壤 | 利剑玫瑰|慕胥辞 |聂九罗 | 邓妍 | 贺思慕 | @Dear-迪丽热巴L枭起青壤官微的微博视频,https://m.weibo.cn/detail/5084439042327685
白日提灯贺思慕/女鬼鬼王记忆,post,0,粉丝点评/记忆表达明确,尘子每天都好运,迪丽热巴超话#迪丽热巴# dlrb #迪丽热巴枭起青壤# dlrb #迪丽热巴聂九罗#一起来鉴赏纪云禾的各种“笑”同样是笑但迪丽热巴演出來每个笑都是拥有不同的情绪的笑令人甜到心坎里的甜笑，令人心疼的哭着笑，令人心寒的疯笑​​​预约枭起青壤O枭起青壤迪丽热巴 | 枭起青壤 | 利剑玫瑰|慕胥辞 |聂九罗 | 邓妍 | 贺思慕 | @Dear-迪丽热巴L枭起青壤官微的微博视频,https://m.weibo.cn/detail/5084439015329360
白日提灯贺思慕/女鬼鬼王记忆,post,0,粉丝点评/记忆表达明确,会动的七,迪丽热巴超话#迪丽热巴登人民日报宣传片##迪丽热巴# dlrb#迪丽热巴邓妍# dlrb#迪丽热巴利剑玫瑰#可爱又迷人的宝宝脸颊比心真迪甜 预约利剑玫瑰O利剑·玫瑰迪丽热巴 | 枭起青壤 | 利剑玫瑰|慕胥辞 |聂九罗 | 邓妍 | 贺思慕 | @Dear-迪丽热巴L《利剑·玫瑰》迪丽热巴金世佳正义出鞘,https://m.weibo.cn/detail/5084439010611552
白日提灯贺思慕/女鬼鬼王记忆,post,0,粉丝点评/记忆表达明确,会动的七,迪丽热巴超话#迪丽热巴登人民日报宣传片##迪丽热巴聂九罗# dlrb #迪丽热巴枭起青壤# dlrb #迪丽热巴#时尚前沿雕塑家，睡衣富翁聂九罗@Dear-迪丽热巴 ，文能高雅艺术，武能辣手催枭，独居三合院，全能颜值高，你们让一让，我先结个婚。预约O枭起青壤 ​​​ 迪丽热巴 | 枭起青壤 | 利剑玫瑰|慕胥辞 |聂九罗 | 邓妍 | 贺思慕 | @Dear-迪丽热巴L枭起青壤官微的微博视频,https://m.weibo.cn/detail/5084438930918602
白日提灯贺思慕/女鬼鬼王记忆,post,0,粉丝点评/记忆表达明确,知名的白日做梦选手,迪丽热巴超话#迪丽热巴聂九罗# dlrb #迪丽热巴枭起青壤# dlrb #迪丽热巴#时尚前沿雕塑家，睡衣富翁聂九罗@Dear-迪丽热巴 ，文能高雅艺术，武能辣手催枭，独居三合院，全能颜值高，你们让一让，我先结个婚。预约O枭起青壤 ​​​ 迪丽热巴 | 枭起青壤 | 利剑玫瑰|慕胥辞 |聂九罗 | 邓妍 | 贺思慕 | @Dear-迪丽热巴L枭起青壤官微的微博视频,https://m.weibo.cn/detail/5084438920958713
枭起青壤/聂九罗表演突破,post,0,粉丝点评/记忆表达明确,或许你也喜欢巴,#和迪丽热巴邂逅夏天# dlrb#夏日青春派对# dlrb #迪丽热巴#如果以后有风会吹动我的头发，我知道是你（纪云禾）来看我了——@Dear-迪丽热巴纪云禾的每一滴泪，每一个笑，我们会永远记得预约枭起青壤O枭起青壤迪丽热巴 | 枭起青壤 | 利剑玫瑰 | 开始推理吧 | 聂九罗 | 邓妍@Dear-迪丽热巴 L枭起青壤官微的微博视频,https://m.weibo.cn/detail/5084438860664578
白日提灯贺思慕/女鬼鬼王记忆,post,0,粉丝点评/记忆表达明确,已过才追问-相看是故人,迪丽热巴超话#迪丽热巴聂九罗# dlrb #迪丽热巴枭起青壤# dlrb #迪丽热巴#时尚前沿雕塑家，睡衣富翁聂九罗@Dear-迪丽热巴 ，文能高雅艺术，武能辣手催枭，独居三合院，全能颜值高，你们让一让，我先结个婚。预约O枭起青壤 ​​​ 迪丽热巴 | 枭起青壤 | 利剑玫瑰|慕胥辞 |聂九罗 | 邓妍 | 贺思慕 | @Dear-迪丽热巴L枭起青壤官微的微博视频,https://m.weibo.cn/detail/5084438851751811
任安乐/帝梓元角色记忆,post,0,粉丝点评/记忆表达明确,71永远爱迪丽热巴,迪丽热巴超话#迪丽热巴登人民日报宣传片##迪丽热巴# dlrb #迪丽热巴枭起青壤# dlrb #迪丽热巴聂九罗#每次下雪对帝梓元来说都是难熬的帝梓元（任安乐）每一次落泪都令人很心疼预约枭起青壤O枭起青壤迪丽热巴 | 枭起青壤 | 利剑玫瑰|慕胥辞 |聂九罗 | 邓妍 | 贺思慕 | @Dear-迪丽热巴L枭起青壤官微的微博视频,https://m.weibo.cn/detail/5084438805086470
枭起青壤/聂九罗表演突破,post,0,粉丝点评/记忆表达明确,我愛吃菠萝包_,#和迪丽热巴邂逅夏天# dlrb#夏日青春派对# dlrb #迪丽热巴#如果以后有风会吹动我的头发，我知道是你（纪云禾）来看我了——@Dear-迪丽热巴纪云禾的每一滴泪，每一个笑，我们会永远记得预约枭起青壤O枭起青壤迪丽热巴 | 枭起青壤 | 利剑玫瑰 | 开始推理吧 | 聂九罗 | 邓妍@Dear-迪丽热巴 L枭起青壤官微的微博视频,https://m.weibo.cn/detail/5084438793027731
白日提灯贺思慕/女鬼鬼王记忆,post,0,粉丝点评/记忆表达明确,佳佳爱追xing,#迪丽热巴# dlrb #迪丽热巴慕胥辞# dlrb #迪丽热巴贺思慕#一起来鉴赏纪云禾的各种“笑”同样是笑但迪丽热巴演出來每个笑都是拥有不同的情绪的笑令人甜到心坎里的甜笑，令人心疼的哭着笑，令人心寒的疯笑预约慕胥辞O白日提灯迪丽热巴 | 枭起青壤 | 利剑玫瑰|慕胥辞 |聂九罗 | 邓妍 | 贺思慕 | @Dear-迪丽热巴L网剧慕胥辞的微博视频,https://m.weibo.cn/detail/5084438758952631
白日提灯贺思慕/女鬼鬼王记忆,post,0,粉丝点评/记忆表达明确,Dear-凌姜涵,迪丽热巴超话#迪丽热巴聂九罗# dlrb #迪丽热巴枭起青壤# dlrb #迪丽热巴#时尚前沿雕塑家，睡衣富翁聂九罗@Dear-迪丽热巴 ，文能高雅艺术，武能辣手催枭，独居三合院，全能颜值高，你们让一让，我先结个婚。预约O枭起青壤 ​​​ 迪丽热巴 | 枭起青壤 | 利剑玫瑰|慕胥辞 |聂九罗 | 邓妍 | 贺思慕 | @Dear-迪丽热巴L枭起青壤官微的微博视频,https://m.weibo.cn/detail/5084438751609127
白日提灯贺思慕/女鬼鬼王记忆,post,0,粉丝点评/记忆表达明确,71永远爱迪丽热巴,迪丽热巴超话#迪丽热巴登人民日报宣传片##迪丽热巴聂九罗# dlrb #迪丽热巴枭起青壤# dlrb #迪丽热巴#时尚前沿雕塑家，睡衣富翁聂九罗@Dear-迪丽热巴 ，文能高雅艺术，武能辣手催枭，独居三合院，全能颜值高，你们让一让，我先结个婚。预约O枭起青壤 ​​​ 迪丽热巴 | 枭起青壤 | 利剑玫瑰|慕胥辞 |聂九罗 | 邓妍 | 贺思慕 | @Dear-迪丽热巴L枭起青壤官微的微博视频,https://m.weibo.cn/detail/5084438746369681
枭起青壤/聂九罗表演突破,post,0,粉丝点评/记忆表达明确,或许你也喜欢巴,#和迪丽热巴邂逅夏天# dlrb#夏日青春派对# dlrb #迪丽热巴#迪丽热巴纪云禾的每一场哭戏都是按当下剧情富有不同层次，不同情绪，笑着哭的，悲伤到极致的，泪水在眼框打转的，每一滴泪都令人共情。预约枭起青壤O枭起青壤迪丽热巴 | 枭起青壤 | 利剑玫瑰 | 开始推理吧 | 聂九罗 | 邓妍@Dear-迪丽热巴L《利剑·玫瑰》迪丽热巴金世佳正义出鞘 ​,https://m.weibo.cn/detail/5084438722252867
白日提灯贺思慕/女鬼鬼王记忆,post,0,粉丝点评/记忆表达明确,安安抱住巴巴,#迪丽热巴蝴蝶结马尾辫#dlrb #迪丽热巴条纹毛衣搭花苞裙# dlrb#WWD发的迪丽热巴# dlrb#迪丽热巴成功追星娜塔莉波特曼#dlrb#迪丽热巴登人民日报宣传片# 风行过万里，月沉没海底，我遇见了世界上的一切，却只喜欢你。#迪丽热巴# dlrb #迪丽热巴邓妍# 迪丽热巴 | 枭起青壤 | 利剑玫瑰|慕胥辞 |聂九罗 | 邓妍 | 贺思慕 | @Dear-迪丽热巴的,https://m.weibo.cn/detail/5084438690271085
跑男时期综艺名场面,post,0,粉丝点评/记忆表达明确,巴颗荔枝球,#迪丽热巴# 为何纯爱无敌因为那年我情窦初开.//@巴颗荔枝球://@九颗小番茄://@我是思柠吖://@苏苏开卡丁车接胖迪回家://@来巴杯可乐://@来巴杯酸橘汁:12.31 2024拜拜👋🏻啦,https://m.weibo.cn/detail/5117779588160558
白日提灯贺思慕/女鬼鬼王记忆,post,0,粉丝点评/记忆表达明确,阿罗不怕冷,迪丽热巴超话#迪丽热巴# dlrb #迪丽热巴利剑玫瑰# dlrb #迪丽热巴邓妍#好温婉的任安乐「在瓶底书汉隶仿前朝的飘逸就当我为遇见你伏笔」预约利剑玫瑰O利剑·玫瑰迪丽热巴 | 枭起青壤 | 利剑玫瑰|慕胥辞 |聂九罗 | 邓妍 | 贺思慕 | @Dear-迪丽热巴L《利剑·玫瑰》迪丽热巴金世佳正义出鞘 ​,https://m.weibo.cn/detail/5117779566406580
白日提灯贺思慕/女鬼鬼王记忆,post,0,粉丝点评/记忆表达明确,木棉欢渝,迪丽热巴超话#迪丽热巴# dlrb #给迪丽热巴的年终告白# dlrb #我担夸夸时间到# 被我们寨主迷得神魂颠倒，要和美女贴贴预约慕胥辞O白日提灯迪丽热巴 | 枭起青壤 | 利剑玫瑰|慕胥辞 |聂九罗 | 邓妍 | 贺思慕 | @Dear-迪丽热巴 L雪碧三分饱的微博视频 ​,https://m.weibo.cn/detail/5117779538347013
白日提灯贺思慕/女鬼鬼王记忆,post,0,粉丝点评/记忆表达明确,肉桂面包8287,迪丽热巴超话#迪丽热巴# dlrb #给迪丽热巴的年终告白# dlrb #我担夸夸时间到# 我们的石榴花一定会红起来的 预约慕胥辞O白日提灯 迪丽热巴 | 枭起青壤 | 利剑玫瑰|慕胥辞 |聂九罗 | 邓妍 | 贺思慕 | @Dear,https://m.weibo.cn/detail/5117779533630528
白日提灯贺思慕/女鬼鬼王记忆,post,0,粉丝点评/记忆表达明确,蜡笔没有小雯,迪丽热巴超话#迪丽热巴# dlrb #给迪丽热巴的年终告白# dlrb #我担夸夸时间到# 我们的石榴花一定会红起来的预约慕胥辞O白日提灯迪丽热巴 | 枭起青壤 | 利剑玫瑰|慕胥辞 |聂九罗 | 邓妍 | 贺思慕 | @Dear-迪丽热巴L网剧慕胥辞的微博视频 ​,https://m.weibo.cn/detail/5117779520258577
白日提灯贺思慕/女鬼鬼王记忆,post,0,粉丝点评/记忆表达明确,Dear-巷角有个甜品店,迪丽热巴超话#迪丽热巴# dlrb #给迪丽热巴的年终告白#令人既难忘又心疼的美强惨阿兰若 预约慕胥辞O白日提灯迪丽热巴 | 枭起青壤 | 利剑玫瑰|慕胥辞 |聂九罗 | 邓妍 | 贺思慕 | @Dear-迪丽热巴L雪碧三分饱的微博视频 ​,https://m.weibo.cn/detail/5117779512395923
任安乐/帝梓元角色记忆,post,0,粉丝点评/记忆表达明确,Dear-迪欣祎,迪丽热巴超话#迪丽热巴安乐传# dlrb#迪丽热巴任安乐# “遗憾的是手机里的几千张你的照片，没有一张是我为你拍的”@Dear-迪丽热巴 ​​​,https://m.weibo.cn/detail/5117779512137816
枭起青壤/聂九罗表演突破,post,0,粉丝点评/记忆表达明确,念你的第8秒,#迪丽热巴聂九罗# dlrb #迪丽热巴枭起青壤#“如果全世界都认为你有罪 那我愿为你顶罪.”@Dear-迪丽热巴 ​,https://m.weibo.cn/detail/5117779512132249
白日提灯贺思慕/女鬼鬼王记忆,post,0,粉丝点评/记忆表达明确,肉桂面包8287,迪丽热巴超话#迪丽热巴# dlrb #给迪丽热巴的年终告白# dlrb #我担夸夸时间到# 从无忧无虑意气风发的小郡主，变成失去了家想要复仇的李十四，再一步步成长成真真正正的大唐郡主，热巴把每一阶段的李长歌都演绎得活灵活现。 预约慕胥辞O白日提灯 迪丽热巴 | 枭起青壤 | 利剑玫瑰|慕胥辞 |聂九罗 | 邓妍 | 贺思慕 | @Dear-迪丽热巴 L网剧慕胥辞的微博视频,https://m.weibo.cn/detail/5117779508464299
白日提灯贺思慕/女鬼鬼王记忆,post,0,粉丝点评/记忆表达明确,蜡笔没有小雯,迪丽热巴超话#迪丽热巴的2025新年祝福##迪丽热巴# dlrb #给迪丽热巴的年终告白# dlrb #我担夸夸时间到# 我们凤九小殿下梨花带雨的三叩首哭戏，太虐心了😭😭😭预约慕胥辞O白日提灯迪丽热巴 | 枭起青壤 | 利剑玫瑰|慕胥辞 |聂九罗 | 邓妍 | 贺思慕 | @Dear-迪丽热巴L雪碧三分饱的微博视频,https://m.weibo.cn/detail/5117779507937938
白日提灯贺思慕/女鬼鬼王记忆,post,0,粉丝点评/记忆表达明确,像新之助学习,#2024道个别#迪丽热巴超话#迪丽热巴聂九罗# dlrb #迪丽热巴枭起青壤# dlrb #迪丽热巴#时尚前沿雕塑家，睡衣富翁聂九罗@Dear-迪丽热巴 ，文能高雅艺术，武能辣手催枭，独居三合院，全能颜值高，你们让一让，我先结个婚。预约O枭起青壤 ​​​ 迪丽热巴 | 枭起青壤 | 利剑玫瑰|慕胥辞 |聂九罗 | 邓妍 | 贺思慕 | @Dear-迪丽热巴L枭起青壤官微的微博视频,https://m.weibo.cn/detail/5117779500605575
白日提灯贺思慕/女鬼鬼王记忆,post,0,粉丝点评/记忆表达明确,木棉欢渝,迪丽热巴超话#迪丽热巴# dlrb #给迪丽热巴的年终告白# dlrb #我担夸夸时间到# 哇哇哇是我们又甜又萌的寨主任安乐 谁看了都想抱回家预约慕胥辞O白日提灯迪丽热巴 | 枭起青壤 | 利剑玫瑰|慕胥辞 |聂九罗 | 邓妍 | 贺思慕 | @Dear-迪丽热巴L网剧慕胥辞的微博视频 ​,https://m.weibo.cn/detail/5117779493782868
枭起青壤/聂九罗表演突破,post,0,粉丝点评/记忆表达明确,念你的第8秒,#迪丽热巴聂九罗# dlrb #迪丽热巴枭起青壤#“27在我们这里不是平常的数字 是无数次的挥手 开窗和关心”@Dear-迪丽热巴 ​,https://m.weibo.cn/detail/5117779491692150
白日提灯贺思慕/女鬼鬼王记忆,post,0,粉丝点评/记忆表达明确,木提响丁当,#迪丽热巴聂九罗# dlrb #迪丽热巴枭起青壤# dlrb #迪丽热巴#时尚前沿雕塑家，睡衣富翁聂九罗@Dear-迪丽热巴 ，文能高雅艺术，武能辣手催枭，独居三合院，全能颜值高，你们让一让，我先结个婚。预约O枭起青壤 ​​​ 迪丽热巴 | 枭起青壤 | 利剑玫瑰|慕胥辞 |聂九罗 | 邓妍 | 贺思慕 | @Dear-迪丽热巴L枭起青壤官微的微博视频,https://m.weibo.cn/detail/5117779485396073
枭起青壤/聂九罗表演突破,post,0,粉丝点评/记忆表达明确,我爱小迪Iu,迪丽热巴超话#迪丽热巴聂九罗# dlrb #迪丽热巴枭起青壤#“娱乐圈漂亮的一抓一大把 但是迪丽热巴带给我的感觉永远与众不同.”@Dear-迪丽热巴 ​,https://m.weibo.cn/detail/5117779479628987
枭起青壤/聂九罗表演突破,post,0,粉丝点评/记忆表达明确,念你的第8秒,#迪丽热巴聂九罗# dlrb #迪丽热巴枭起青壤#“我种的玫瑰会开花 我爱的迪丽热巴也会风生水起.”@Dear-迪丽热巴 ​,https://m.weibo.cn/detail/5117779475433629
白日提灯贺思慕/女鬼鬼王记忆,post,0,粉丝点评/记忆表达明确,娜子娜_娜妮,迪丽热巴超话#迪丽热巴坐车的习惯是遗传妈妈# dlrb#迪丽热巴# dlrb #给迪丽热巴的年终告白# dlrb #我担夸夸时间到# 从无忧无虑意气风发的小郡主，变成失去了家想要复仇的李十四，再一步步成长成真真正正的大唐郡主，热巴把每一阶段的李长歌都演绎得活灵活现。预约慕胥辞O白日提灯迪丽热巴 | 枭起青壤 | 利剑玫瑰|慕胥辞 |聂九罗 | 邓妍 | 贺思慕 | @Dear-迪丽热巴L网剧慕胥辞的微博视频,https://m.weibo.cn/detail/5117779470975208
李长歌与《长歌行》角色记忆,post,0,粉丝点评/记忆表达明确,吧哒小甜豆,与她们相遇的瞬间 与她们相遇的瞬间云禾 我的点评：[苹果][苹果][苹果][苹果][苹果]#迪丽热巴的2025新年祝福##迪丽热巴# dlrb #迪丽热巴利剑玫瑰# dlrb #迪丽热巴邓妍#她是盛世独立的骄子，亦是护万民安居的永宁郡主李长歌预约利剑玫瑰O利剑·玫瑰迪丽热巴 | 枭起青壤 | 利剑玫瑰|慕胥辞 |聂九罗 | 邓妍 | 贺思慕 | @Dear-迪丽热巴L《利剑·玫瑰》迪丽热巴金世佳正义出鞘,https://m.weibo.cn/detail/5117779445553252
白日提灯贺思慕/女鬼鬼王记忆,post,0,粉丝点评/记忆表达明确,娜子娜_娜妮,迪丽热巴超话#迪丽热巴坐车的习惯是遗传妈妈# dlrb#迪丽热巴# dlrb #给迪丽热巴的年终告白# dlrb #我担夸夸时间到# 我们凤九小殿下梨花带雨的三叩首哭戏，太虐心了😭😭😭预约慕胥辞O白日提灯迪丽热巴 | 枭起青壤 | 利剑玫瑰|慕胥辞 |聂九罗 | 邓妍 | 贺思慕 | @Dear-迪丽热巴L雪碧三分饱的微博视频,https://m.weibo.cn/detail/5117779445023931
枭起青壤/聂九罗表演突破,post,0,粉丝点评/记忆表达明确,我爱小迪Iu,迪丽热巴超话#迪丽热巴聂九罗# dlrb #迪丽热巴枭起青壤#“天空泛起了我对迪小姐的爱意 .”@Dear-迪丽热巴 ​,https://m.weibo.cn/detail/5117779436637130
白日提灯贺思慕/女鬼鬼王记忆,post,0,粉丝点评/记忆表达明确,在太空种葡萄,迪丽热巴超话#微博年度喜爱剧集##迪丽热巴# dlrb #给迪丽热巴的年终告白# dlrb #我担夸夸时间到# 我纪云禾可是万花谷最强的御灵师预约慕胥辞O白日提灯迪丽热巴 | 枭起青壤 | 利剑玫瑰|慕胥辞 |聂九罗 | 邓妍 | 贺思慕 | @Dear-迪丽热巴L一介散人·的微博视频 ​,https://m.weibo.cn/detail/5117779429296508
跑男时期综艺名场面,post,0,粉丝点评/记忆表达明确,巴颗荔枝球,#迪丽热巴# 我试着翻动回忆却找不回原来的我们.//@巴颗荔枝球://@九颗小番茄://@我是思柠吖://@苏苏开卡丁车接胖迪回家://@来巴杯可乐://@来巴杯酸橘汁:12.31 2024拜拜👋🏻啦,https://m.weibo.cn/detail/5117779427983434
白日提灯贺思慕/女鬼鬼王记忆,post,0,粉丝点评/记忆表达明确,浪漫樱桃迪,迪丽热巴超话#迪丽热巴的2025新年祝福##迪丽热巴# dlrb #给迪丽热巴的年终告白# dlrb #我担夸夸时间到# 你好任安乐😍我是来当寨主夫人的预约慕胥辞O白日提灯迪丽热巴 | 枭起青壤 | 利剑玫瑰|慕胥辞 |聂九罗 | 邓妍 | 贺思慕 | @Dear-迪丽热巴L港岛夜游的微博视频 ​,https://m.weibo.cn/detail/5117779424315164
白日提灯贺思慕/女鬼鬼王记忆,post,0,粉丝点评/记忆表达明确,Dear-巷角有个甜品店,迪丽热巴超话#迪丽热巴# dlrb #给迪丽热巴的年终告白#迪丽热巴💖爱丽丝！一生热爱，步履不停预约慕胥辞O白日提灯迪丽热巴 | 枭起青壤 | 利剑玫瑰|慕胥辞 |聂九罗 | 邓妍 | 贺思慕 | @Dear-迪丽热巴L们爱丽丝的微博视频 ​,https://m.weibo.cn/detail/5117779422221317
白日提灯贺思慕/女鬼鬼王记忆,post,0,粉丝点评/记忆表达明确,小棕椰椰椰子,#迪丽热巴# dlrb #迪丽热巴邓妍# 迪丽热巴 | 枭起青壤 | 利剑玫瑰|慕胥辞 |聂九罗 | 邓妍 | 贺思慕 | @Dear-迪丽热巴 //@是奶迪迪呀:宝宝可爱,https://m.weibo.cn/detail/5117779420647991
白日提灯贺思慕/女鬼鬼王记忆,post,0,粉丝点评/记忆表达明确,木子羊33_560,迪丽热巴超话#迪丽热巴# dlrb #给迪丽热巴的年终告白# dlrb #我担夸夸时间到# 从无忧无虑意气风发的小郡主，变成失去了家想要复仇的李十四，再一步步成长成真真正正的大唐郡主，热巴把每一阶段的李长歌都演绎得活灵活现。预约慕胥辞O白日提灯迪丽热巴 | 枭起青壤 | 利剑玫瑰|慕胥辞 |聂九罗 | 邓妍 | 贺思慕 | @Dear-迪丽热巴L网剧慕胥辞的微博视频,https://m.weibo.cn/detail/5117779420646682
白日提灯贺思慕/女鬼鬼王记忆,post,0,粉丝点评/记忆表达明确,吧哒小甜豆,与她们相遇的瞬间 与她们相遇的瞬间云禾 我的点评：[苹果][苹果][苹果][苹果][苹果]#迪丽热巴的2025新年祝福##迪丽热巴# dlrb #迪丽热巴邓妍# dlrb #迪丽热巴利剑玫瑰#纪云禾 愿你化作风 最自由自在的风预约利剑玫瑰O利剑·玫瑰迪丽热巴 | 枭起青壤 | 利剑玫瑰|慕胥辞 |聂九罗 | 邓妍 | 贺思慕 | @Dear-迪丽热巴L《利剑·玫瑰》迪丽热巴金世佳正义出鞘,https://m.weibo.cn/detail/5117779420389994
白日提灯贺思慕/女鬼鬼王记忆,post,0,粉丝点评/记忆表达明确,号pp名下,迪丽热巴超话#迪丽热巴# dlrb #给迪丽热巴的年终告白# dlrb #我担夸夸时间到# 我们凤九小殿下梨花带雨的三叩首哭戏，太虐心了😭😭😭预约慕胥辞O白日提灯迪丽热巴 | 枭起青壤 | 利剑玫瑰|慕胥辞 |聂九罗 | 邓妍 | 贺思慕 | @Dear-迪丽热巴L雪碧三分饱的微博视频 ​,https://m.weibo.cn/detail/5117779415411508
白日提灯贺思慕/女鬼鬼王记忆,post,0,粉丝点评/记忆表达明确,吧哒小甜豆,与她们相遇的瞬间 与她们相遇的瞬间云禾 我的点评：[苹果][苹果][苹果][苹果][苹果]#迪丽热巴的2025新年祝福##迪丽热巴# dlrb #迪丽热巴利剑玫瑰# dlrb #迪丽热巴邓妍#平凡又勇敢的李慧珍 愿你永远有勇气去爱预约利剑玫瑰O利剑·玫瑰迪丽热巴 | 枭起青壤 | 利剑玫瑰|慕胥辞 |聂九罗 | 邓妍 | 贺思慕 | @Dear-迪丽热巴L《利剑·玫瑰》迪丽热巴金世佳正义出鞘,https://m.weibo.cn/detail/5117779403084371
白日提灯贺思慕/女鬼鬼王记忆,post,0,粉丝点评/记忆表达明确,在太空种葡萄,#微博之夜##微博年度喜爱音乐##迪丽热巴# dlrb #给迪丽热巴的年终告白# dlrb #我担夸夸时间到# 我们的石榴花一定会红起来的预约慕胥辞O白日提灯迪丽热巴 | 枭起青壤 | 利剑玫瑰|慕胥辞 |聂九罗 | 邓妍 | 贺思慕 | @Dear-迪丽热巴L网剧慕胥辞的微博视频 ​,https://m.weibo.cn/detail/5117779399675750
白日提灯贺思慕/女鬼鬼王记忆,post,0,粉丝点评/记忆表达明确,木子羊33_560,迪丽热巴超话#迪丽热巴# dlrb #给迪丽热巴的年终告白# dlrb #我担夸夸时间到# 我们凤九小殿下梨花带雨的三叩首哭戏，太虐心了😭😭😭预约慕胥辞O白日提灯迪丽热巴 | 枭起青壤 | 利剑玫瑰|慕胥辞 |聂九罗 | 邓妍 | 贺思慕 | @Dear-迪丽热巴L雪碧三分饱的微博视频 ​,https://m.weibo.cn/detail/5117779399155489
白日提灯贺思慕/女鬼鬼王记忆,post,0,粉丝点评/记忆表达明确,dear651314,迪丽热巴超话#迪丽热巴# dlrb #迪丽热巴枭起青壤# dlrb #迪丽热巴聂九罗#浅浅的来看看我们几年前的如歌、凤九、七七、丽姬麻麻的打戏混剪预约枭起青壤O枭起青壤迪丽热巴 | 枭起青壤 | 利剑玫瑰|慕胥辞 |聂九罗 | 邓妍 | 贺思慕 | @Dear-迪丽热巴L枭起青壤官微的微博视频 ​,https://m.weibo.cn/detail/5117779390237678
白日提灯贺思慕/女鬼鬼王记忆,post,0,粉丝点评/记忆表达明确,吧哒小甜豆,与她们相遇的瞬间 与她们相遇的瞬间云禾 我的点评：[苹果][苹果][苹果][苹果][苹果]#迪丽热巴的2025新年祝福##迪丽热巴# dlrb #迪丽热巴利剑玫瑰# dlrb #迪丽热巴邓妍#我们凤九小殿下梨花带雨的三叩首哭戏，太虐心了😭😭😭预约利剑玫瑰O利剑·玫瑰迪丽热巴 | 枭起青壤 | 利剑玫瑰|慕胥辞 |聂九罗 | 邓妍 | 贺思慕 | @Dear-迪丽热巴L《利剑·玫瑰》迪丽热巴金世佳正义出鞘,https://m.weibo.cn/detail/5117779384468223
白日提灯贺思慕/女鬼鬼王记忆,post,0,粉丝点评/记忆表达明确,浪漫樱桃迪,迪丽热巴超话#迪丽热巴的2025新年祝福##迪丽热巴# dlrb #给迪丽热巴的年终告白# dlrb #我担夸夸时间到# 任安乐/帝梓元哭到肝肠寸断了预约慕胥辞O白日提灯迪丽热巴 | 枭起青壤 | 利剑玫瑰|慕胥辞 |聂九罗 | 邓妍 | 贺思慕 | @Dear-迪丽热巴L雪碧三分饱的微博视频 ​,https://m.weibo.cn/detail/5117779373727611
白日提灯贺思慕/女鬼鬼王记忆,post,0,粉丝点评/记忆表达明确,江玉青_3,迪丽热巴超话#迪丽热巴# dlrb #迪丽热巴枭起青壤# dlrb #迪丽热巴聂九罗#我们新疆的石榴花明媚又自信预约枭起青壤O枭起青壤迪丽热巴 | 枭起青壤 | 利剑玫瑰|慕胥辞 |聂九罗 | 邓妍 | 贺思慕 | @Dear-迪丽热巴L枭起青壤官微的微博视频 ​,https://m.weibo.cn/detail/5117779371887637
跑男时期综艺名场面,post,0,粉丝点评/记忆表达明确,巴颗荔枝球,#迪丽热巴# 那个好久不见的你又占据我的回忆//@巴颗荔枝球://@九颗小番茄://@我是思柠吖://@苏苏开卡丁车接胖迪回家://@来巴杯可乐://@来巴杯酸橘汁:12.31 2024拜拜👋🏻啦,https://m.weibo.cn/detail/5117779367953617
李长歌与《长歌行》角色记忆,post,0,粉丝点评/记忆表达明确,吧哒小甜豆,与她们相遇的瞬间 与她们相遇的瞬间云禾 我的点评：[苹果][苹果][苹果][苹果][苹果]#迪丽热巴的2025新年祝福##迪丽热巴# dlrb #迪丽热巴利剑玫瑰# dlrb #迪丽热巴邓妍#她是盛世独立的骄子，亦是护万民安居的永宁郡主李长歌预约利剑玫瑰O利剑·玫瑰迪丽热巴 | 枭起青壤 | 利剑玫瑰|慕胥辞 |聂九罗 | 邓妍 | 贺思慕 | @Dear-迪丽热巴L《利剑·玫瑰》迪丽热巴金世佳正义出鞘,https://m.weibo.cn/detail/5117779351176510
枭起青壤/聂九罗表演突破,post,0,粉丝点评/记忆表达明确,阿罗不怕冷,迪丽热巴超话#迪丽热巴# dlrb #迪丽热巴利剑玫瑰# dlrb #迪丽热巴邓妍#一起来鉴赏纪云禾的各种“笑”同样是笑但迪丽热巴演出來每个笑都是拥有不同的情绪的笑令人甜到心坎里的甜笑，令人心疼的哭着笑，令人心寒的疯笑​​​预约利剑玫瑰O利剑·玫瑰迪丽热巴 | 枭起青壤 | 利剑玫瑰 | 开始推理吧 | 聂九罗 | 邓妍@Dear-迪丽热巴L《利剑·玫瑰》迪丽热巴金世佳正义出鞘,https://m.weibo.cn/detail/5117779350913110
白日提灯贺思慕/女鬼鬼王记忆,post,0,粉丝点评/记忆表达明确,渡止200410,迪丽热巴超话迪丽热巴超话#迪丽热巴# dlrb #给迪丽热巴的年终告白# dlrb #我担夸夸时间到# 从无忧无虑意气风发的小郡主，变成失去了家想要复仇的李十四，再一步步成长成真真正正的大唐郡主，热巴把每一阶段的李长歌都演绎得活灵活现。预约慕胥辞O白日提灯迪丽热巴 | 枭起青壤 | 利剑玫瑰|慕胥辞 |聂九罗 | 邓妍 | 贺思慕 | @Dear-迪丽热巴L网剧慕胥辞的微博视频,https://m.weibo.cn/detail/5117779327328562
白日提灯贺思慕/女鬼鬼王记忆,post,0,粉丝点评/记忆表达明确,i凌什么七,迪丽热巴超话#超话星愿池##超话新年许愿季##迪丽热巴的2025新年祝福# dlrb#迪丽热巴# dlrb #给迪丽热巴的年终告白# dlrb #我担夸夸时间到# 我们凤九小殿下梨花带雨的三叩首哭戏，太虐心了😭😭😭预约慕胥辞O白日提灯迪丽热巴 | 枭起青壤 | 利剑玫瑰|慕胥辞 |聂九罗 | 邓妍 | 贺思慕 | @Dear-迪丽热巴L雪碧三分饱的微博视频,https://m.weibo.cn/detail/5117779326013919
白日提灯贺思慕/女鬼鬼王记忆,post,0,粉丝点评/记忆表达明确,灵灵巴__,迪丽热巴超话#迪丽热巴# dlrb #给迪丽热巴的年终告白# dlrb #我担夸夸时间到# 从无忧无虑意气风发的小郡主，变成失去了家想要复仇的李十四，再一步步成长成真真正正的大唐郡主，热巴把每一阶段的李长歌都演绎得活灵活现。预约慕胥辞O白日提灯迪丽热巴 | 枭起青壤 | 利剑玫瑰|慕胥辞 |聂九罗 | 邓妍 | 贺思慕 | @Dear-迪丽热巴L网剧慕胥辞的微博视频,https://m.weibo.cn/detail/5117779265195326
枭起青壤/聂九罗表演突破,post,0,粉丝点评/记忆表达明确,芊寻1005,#微博之夜##微博年度星光人物#迪丽热巴超话8#迪丽热巴聂九罗# dlrb #迪丽热巴枭起青壤# 迪丽热巴｜枭起青壤｜聂九罗@Dear-迪丽热巴😊ง这样的美貌不是人类的精灵🧝🏻‍♀️吧。@Dear-迪丽热巴#迪丽热巴开始推理吧# dlrb#迪丽热巴邓妍#迪丽热巴｜利剑玫瑰｜邓妍@Dear-迪丽热巴L稚气aczx的微博视频,https://m.weibo.cn/detail/5117779256809151
枭起青壤/聂九罗表演突破,post,0,粉丝点评/记忆表达明确,2827飛,迪丽热巴超话#迪丽热巴枭起青壤# ​​​dlrb#迪丽热巴聂九罗#“𝒢𝒾𝓋𝓮 𝓉𝒽𝓮 𝒻𝓁𝓸𝓌𝓮𝓇 𝓸𝒻 𝒶 𝒸𝒾𝓉𝓎 𝓉𝓸 𝓂𝓎 𝓈𝓌𝓮𝓮𝓉𝒽𝓮𝒶𝓇𝓉 ·倾一城之花 赠与我心上人”@Dear-迪丽热巴#迪丽热巴聂九罗# dlrb #迪丽热巴枭起青壤# 迪丽热巴｜枭起青壤｜聂九罗@Dear-迪丽热巴,https://m.weibo.cn/detail/5117779206475713
白日提灯贺思慕/女鬼鬼王记忆,post,0,粉丝点评/记忆表达明确,i凌什么七,迪丽热巴超话#超话星愿池##超话新年许愿季##迪丽热巴的2025新年祝福# dlrb#迪丽热巴# dlrb #给迪丽热巴的年终告白# dlrb #我担夸夸时间到# 迪丽热巴给爱丽丝的专属浪漫一生热爱，步履不停预约慕胥辞O白日提灯迪丽热巴 | 枭起青壤 | 利剑玫瑰|慕胥辞 |聂九罗 | 邓妍 | 贺思慕 | @Dear-迪丽热巴L网剧慕胥辞的微博视频,https://m.weibo.cn/detail/5117779202549173
白日提灯贺思慕/女鬼鬼王记忆,post,0,粉丝点评/记忆表达明确,badada的阿丝,迪丽热巴超话#迪丽热巴的2025新年祝福##迪丽热巴# dlrb #给迪丽热巴的年终告白# dlrb #我担夸夸时间到# 从无忧无虑意气风发的小郡主，变成失去了家想要复仇的李十四，再一步步成长成真真正正的大唐郡主，热巴把每一阶段的李长歌都演绎得活灵活现。预约慕胥辞O白日提灯迪丽热巴 | 枭起青壤 | 利剑玫瑰|慕胥辞 |聂九罗 | 邓妍 | 贺思慕 | @Dear-迪丽热巴L网剧慕胥辞的微博视频,https://m.weibo.cn/detail/5117779164534275
白日提灯贺思慕/女鬼鬼王记忆,post,0,粉丝点评/记忆表达明确,badada的阿丝,迪丽热巴超话#迪丽热巴的2025新年祝福##迪丽热巴# dlrb #给迪丽热巴的年终告白# dlrb #我担夸夸时间到# 我们凤九小殿下梨花带雨的三叩首哭戏，太虐心了😭😭😭预约慕胥辞O白日提灯迪丽热巴 | 枭起青壤 | 利剑玫瑰|慕胥辞 |聂九罗 | 邓妍 | 贺思慕 | @Dear-迪丽热巴L雪碧三分饱的微博视频,https://m.weibo.cn/detail/5117779151946858
乔晶晶与《你是我的荣耀》入坑记忆,post,0,粉丝点评/记忆表达明确,Fortunate脏脏茶,#迪丽热巴乔晶晶# dlrb#迪丽热巴你是我的荣耀#你仿佛一束光照进我平平无奇的生活𝓨𝓸𝓾𝓪𝓻𝓮𝓵𝓲𝓴𝓮𝓪𝓫𝓮𝓪𝓶𝓸𝓯𝓵𝓲𝓰𝓱𝓽𝓼𝓱𝓲𝓷𝓲𝓷𝓰𝓲𝓷𝓽𝓸𝓶𝔂𝓸𝓻𝓭𝓲𝓷𝓪𝓻𝔂𝓵𝓲𝓯𝓮@Dear-迪丽热巴LDear-迪憬提等人的共创视频,https://m.weibo.cn/detail/5117779074357565
白日提灯贺思慕/女鬼鬼王记忆,post,0,粉丝点评/记忆表达明确,葡萄草莓香蕉柚子茶,#微博之夜##微博年度喜爱演出#迪丽热巴超话#迪丽热巴聂九罗# dlrb #迪丽热巴枭起青壤# dlrb #迪丽热巴#时尚前沿雕塑家，睡衣富翁聂九罗@Dear-迪丽热巴 ，文能高雅艺术，武能辣手催枭，独居三合院，全能颜值高，你们让一让，我先结个婚。预约O枭起青壤 ​​​ 迪丽热巴 | 枭起青壤 | 利剑玫瑰|慕胥辞 |聂九罗 | 邓妍 | 贺思慕 | @Dear-迪丽热巴L枭起青壤官微的微博视频,https://m.weibo.cn/detail/5117779034776057
白日提灯贺思慕/女鬼鬼王记忆,post,0,粉丝点评/记忆表达明确,巴巴宝妈,迪丽热巴超话#微博年度星光人物##迪丽热巴# dlrb #给迪丽热巴的年终告白# dlrb #我担夸夸时间到# 我们凤九小殿下梨花带雨的三叩首哭戏，太虐心了😭😭😭预约慕胥辞O白日提灯迪丽热巴 | 枭起青壤 | 利剑玫瑰|慕胥辞 |聂九罗 | 邓妍 | 贺思慕 | @Dear-迪丽热巴L雪碧三分饱的微博视频,https://m.weibo.cn/detail/5117779030580498
白日提灯贺思慕/女鬼鬼王记忆,post,0,粉丝点评/记忆表达明确,葡萄草莓香蕉柚子茶,#微博之夜##微博年度星光人物#迪丽热巴超话#迪丽热巴# dlrb #给迪丽热巴的年终告白# dlrb #我担夸夸时间到# 我们凤九小殿下梨花带雨的三叩首哭戏，太虐心了😭😭😭预约慕胥辞O白日提灯迪丽热巴 | 枭起青壤 | 利剑玫瑰|慕胥辞 |聂九罗 | 邓妍 | 贺思慕 | @Dear-迪丽热巴L雪碧三分饱的微博视频,https://m.weibo.cn/detail/5117778971862014
爱丽丝与热巴的双向奔赴,post,0,粉丝点评/记忆表达明确,勇敢迪迪冲呀,#我的超话卡册##非正式跨年派对##迪丽热巴# dlrb #迪丽热巴利剑玫瑰# dlrb #迪丽热巴邓妍#真的好爱真诚的宝贝迪丽热巴和爱丽丝锁了互相陪伴一起成长一起进步预约利剑玫瑰O利剑·玫瑰迪丽热巴 | 枭起青壤 | 利剑玫瑰|慕胥辞 |聂九罗 | 邓妍 | 贺思慕 | @Dear-迪丽热巴L《利剑·玫瑰》迪丽热巴金世佳正义出鞘,https://m.weibo.cn/detail/5117778959279462
枭起青壤/聂九罗表演突破,post,0,粉丝点评/记忆表达明确,感性的豹纹123,迪丽热巴超话#迪丽热巴# dlrb #迪丽热巴邓妍# dlrb #迪丽热巴利剑玫瑰#如果以后有风会吹动我的头发，我知道是你（纪云禾）来看我了——@Dear-迪丽热巴纪云禾的每一滴泪，每一个笑，我们会永远记得预约利剑玫瑰O利剑·玫瑰迪丽热巴 | 枭起青壤 | 利剑玫瑰 | 开始推理吧 | 聂九罗 | 邓妍@Dear-迪丽热巴 L《利剑·玫瑰》迪丽热巴金世佳正义出鞘,https://m.weibo.cn/detail/5117778938043606
白日提灯贺思慕/女鬼鬼王记忆,post,0,粉丝点评/记忆表达明确,雾眠气泡泡泡水H,迪丽热巴超话#迪丽热巴的2025新年祝福##迪丽热巴聂九罗# dlrb #迪丽热巴枭起青壤# dlrb #迪丽热巴#时尚前沿雕塑家，睡衣富翁聂九罗@Dear-迪丽热巴 ，文能高雅艺术，武能辣手催枭，独居三合院，全能颜值高，你们让一让，我先结个婚。预约O枭起青壤 ​​​ 迪丽热巴 | 枭起青壤 | 利剑玫瑰|慕胥辞 |聂九罗 | 邓妍 | 贺思慕 | @Dear-迪丽热巴L枭起青壤官微的微博视频,https://m.weibo.cn/detail/5117778896623103
白日提灯贺思慕/女鬼鬼王记忆,post,0,粉丝点评/记忆表达明确,解忧六六,迪丽热巴超话#迪丽热巴的2025新年祝福##迪丽热巴# dlrb #给迪丽热巴的年终告白# dlrb #我担夸夸时间到# 我们凤九小殿下梨花带雨的三叩首哭戏，太虐心了😭😭😭预约慕胥辞O白日提灯迪丽热巴 | 枭起青壤 | 利剑玫瑰|慕胥辞 |聂九罗 | 邓妍 | 贺思慕 | @Dear-迪丽热巴L雪碧三分饱的微博视频,https://m.weibo.cn/detail/5117778865952853
白日提灯贺思慕/女鬼鬼王记忆,post,0,粉丝点评/记忆表达明确,-柠木不宁-,#迪丽热巴聂九罗# dlrb #迪丽热巴枭起青壤# dlrb #迪丽热巴#时尚前沿雕塑家，睡衣富翁聂九罗@Dear-迪丽热巴 ，文能高雅艺术，武能辣手催枭，独居三合院，全能颜值高，你们让一让，我先结个婚。预约O枭起青壤 ​​​ 迪丽热巴 | 枭起青壤 | 利剑玫瑰|慕胥辞 |聂九罗 | 邓妍 | 贺思慕 | @Dear-迪丽热巴L枭起青壤官微的微博视频,https://m.weibo.cn/detail/5117778862540214
白日提灯贺思慕/女鬼鬼王记忆,post,0,粉丝点评/记忆表达明确,哇哦_198902,迪丽热巴超话#迪丽热巴聂九罗# dlrb #迪丽热巴枭起青壤# dlrb #迪丽热巴#时尚前沿雕塑家，睡衣富翁聂九罗@Dear-迪丽热巴 ，文能高雅艺术，武能辣手催枭，独居三合院，全能颜值高，你们让一让，我先结个婚。预约O枭起青壤 ​​​ 迪丽热巴 | 枭起青壤 | 利剑玫瑰|慕胥辞 |聂九罗 | 邓妍 | 贺思慕 | @Dear-迪丽热巴L枭起青壤官微的微博视频,https://m.weibo.cn/detail/5117778835021314
白日提灯贺思慕/女鬼鬼王记忆,post,0,粉丝点评/记忆表达明确,小叶子呀_,#2024道个别##迪丽热巴聂九罗# dlrb #迪丽热巴枭起青壤# dlrb #迪丽热巴#时尚前沿雕塑家，睡衣富翁聂九罗@Dear-迪丽热巴 ，文能高雅艺术，武能辣手催枭，独居三合院，全能颜值高，你们让一让，我先结个婚。预约O枭起青壤 ​​​ 迪丽热巴 | 枭起青壤 | 利剑玫瑰|慕胥辞 |聂九罗 | 邓妍 | 贺思慕 | @Dear-迪丽热巴L枭起青壤官微的微博视频,https://m.weibo.cn/detail/5117778805922821
白日提灯贺思慕/女鬼鬼王记忆,post,0,粉丝点评/记忆表达明确,爱好一切美好事物的bb,迪丽热巴超话#超话星愿池##超话新年许愿季##迪丽热巴聂九罗# dlrb #迪丽热巴枭起青壤# dlrb #迪丽热巴#时尚前沿雕塑家，睡衣富翁聂九罗@Dear-迪丽热巴 ，文能高雅艺术，武能辣手催枭，独居三合院，全能颜值高，你们让一让，我先结个婚。预约O枭起青壤 ​​​ 迪丽热巴 | 枭起青壤 | 利剑玫瑰|慕胥辞 |聂九罗 | 邓妍 | 贺思慕 | @Dear-迪丽热巴L枭起青壤官微的微博视频,https://m.weibo.cn/detail/5117778804350377
白日提灯贺思慕/女鬼鬼王记忆,post,0,粉丝点评/记忆表达明确,胖迪今天营业了吗-,迪丽热巴超话#迪丽热巴# dlrb #迪丽热巴贺思慕# dlrb #迪丽热巴慕胥辞#安乐在[全力以赴]解百忧～希望我们都“任他清风明月，我自安康常乐乐乐乐乐乐” 预约慕胥辞O白日提灯迪丽热巴 | 枭起青壤 | 利剑玫瑰|慕胥辞 |聂九罗 | 邓妍 | 贺思慕 | @Dear-迪丽热巴L网剧慕胥辞的微博视频,https://m.weibo.cn/detail/5117778794910337
白日提灯贺思慕/女鬼鬼王记忆,post,0,粉丝点评/记忆表达明确,迪迪宝贝儿28,迪丽热巴超话#迪丽热巴的2025新年祝福##迪丽热巴# dlrb #给迪丽热巴的年终告白# dlrb #我担夸夸时间到# 从无忧无虑意气风发的小郡主，变成失去了家想要复仇的李十四，再一步步成长成真真正正的大唐郡主，热巴把每一阶段的李长歌都演绎得活灵活现。预约慕胥辞O白日提灯迪丽热巴 | 枭起青壤 | 利剑玫瑰|慕胥辞 |聂九罗 | 邓妍 | 贺思慕 | @Dear-迪丽热巴L网剧慕胥辞的微博视频,https://m.weibo.cn/detail/5117778736709699
白日提灯贺思慕/女鬼鬼王记忆,post,0,粉丝点评/记忆表达明确,热爱一生88c,迪丽热巴超话#迪丽热巴坐车的习惯是遗传妈妈##迪丽热巴# dlrb #给迪丽热巴的年终告白# dlrb #我担夸夸时间到# 我们凤九小殿下梨花带雨的三叩首哭戏，太虐心了😭😭😭预约慕胥辞O白日提灯迪丽热巴 | 枭起青壤 | 利剑玫瑰|慕胥辞 |聂九罗 | 邓妍 | 贺思慕 | @Dear-迪丽热巴L雪碧三分饱的微博视频,https://m.weibo.cn/detail/5117778700802066
白日提灯贺思慕/女鬼鬼王记忆,post,0,粉丝点评/记忆表达明确,爱好一切美好事物的bb,迪丽热巴超话#超话星愿池##超话新年许愿季##迪丽热巴的2025新年祝福# #迪丽热巴聂九罗# dlrb #迪丽热巴枭起青壤# dlrb #迪丽热巴#时尚前沿雕塑家，睡衣富翁聂九罗@Dear-迪丽热巴 ，文能高雅艺术，武能辣手催枭，独居三合院，全能颜值高，你们让一让，我先结个婚。预约O枭起青壤 ​​​ 迪丽热巴 | 枭起青壤 | 利剑玫瑰|慕胥辞 |聂九罗 | 邓妍 | 贺思慕 | @Dear-迪丽热巴L枭起青壤官微的微博视频,https://m.weibo.cn/detail/5117778665932662
白日提灯贺思慕/女鬼鬼王记忆,post,0,粉丝点评/记忆表达明确,Dear-毓弈,迪丽热巴超话#超话星愿池##超话新年许愿季##迪丽热巴# dlrb#迪丽热巴慕胥辞# dlrb#迪丽热巴贺思慕#我的爱是浪漫循环屈服你的一尘不染 𝓜𝔂 𝓵𝓸𝓿𝓮 𝓲𝓼 𝓪 𝓻𝓸𝓶𝓪𝓷𝓽𝓲𝓬 𝓬𝔂𝓬𝓵𝓮 𝓽𝓱𝓪𝓽 𝔂𝓲𝓮𝓵𝓭𝓼 𝔂𝓵𝓮𝓼𝓼.@Dear-迪丽热巴L羊村懒宝-的微博视频,https://m.weibo.cn/detail/5117778595945422
任安乐/帝梓元角色记忆,post,0,粉丝点评/记忆表达明确,心动迪崽吖,"迪丽热巴超话#迪丽热巴微博之夜发型拆解# dlrb#迪丽热巴新剧公诉精英改名# “庄园有无数朵玫瑰，我唯独看向了你”𝑻𝒉𝒆𝒓𝒆 𝒂𝒓𝒆 𝒄𝒐𝒖𝒏𝒕𝒍𝒆𝒔𝒔 𝒓𝒐𝒔𝒆𝒔 𝒊𝒏 𝒕𝒉𝒆 𝒎𝒂𝒏𝒐𝒓, 𝒃𝒖𝒕 𝑰 𝒐𝒏𝒍𝒚 𝒍𝒐𝒐𝒌 𝒂𝒕 𝒚𝒐𝒖.迪丽热巴公诉精英｜安旎|迪丽热巴安乐传|任安乐|帝梓元 @Dear-迪丽热巴",https://m.weibo.cn/detail/4885486739129845
任安乐/帝梓元角色记忆,post,0,粉丝点评/记忆表达明确,蜡笔小新的放纵与坚持30560,迪丽热巴超话#迪丽热巴微博之夜发型拆解# dlrb#迪丽热巴公诉# dlrb#公诉# “很多人会以为你到了这个程度一定选择很多，你没拍戏就代表没有一个本子找来。并不是这样的，我会为一个喜欢的角色等待许久。”——@Dear-迪丽热巴迪丽热巴公诉|安旎|迪丽热巴安乐传|任安乐|帝梓元@Dear-迪丽热巴 #迪丽热巴公诉#dlrb#迪丽热巴安旎#,https://m.weibo.cn/detail/4885486059915231
任安乐/帝梓元角色记忆,post,0,粉丝点评/记忆表达明确,亭惊溯初,迪丽热巴超话#迪丽热巴饭制表情包大赛#dlrb #迪丽热巴公诉#𝑌𝑜𝑢 𝑓𝑒𝑙𝑙 𝑡𝑜 𝑒𝑎𝑟𝑡ℎ 𝑙𝑖𝑘𝑒 𝐶𝑢𝑝𝑖𝑑 𝑠 𝑓𝑖𝑟𝑠𝑡 𝑐ℎ𝑜𝑖𝑐𝑒 𝑓𝑜𝑟 𝑚𝑒. 掉落人间 你像丘比特赐予我的首选. ​@Dear-迪丽热巴 迪丽热巴公诉|安旎|迪丽热巴安乐传|任安乐|帝梓元@Dear-迪丽热巴 #迪丽热巴公诉#dlrb#迪丽热巴安旎#,https://m.weibo.cn/detail/4885477078867147
任安乐/帝梓元角色记忆,post,0,粉丝点评/记忆表达明确,亭惊溯初,"迪丽热巴超话#迪丽热巴饭制表情包大赛#dlrb #迪丽热巴公诉# 𝓛𝓸𝓿𝓮 𝓲𝓼 𝓪 𝓫𝓵𝓪𝔃𝓲𝓷𝓰 𝓱𝓮𝓪𝓽 𝓲𝓷 𝓽𝓱𝓮 𝓼𝓮𝓿𝓮𝓻𝓮 𝔀𝓲𝓷𝓽𝓮𝓻, 𝓳𝓾𝓼𝓽 𝓪𝓼 𝓘 𝓵𝓸𝓿𝓮 𝔂𝓸𝓾.爱是严冬里的一片炽热就像我爱你.@Dear-迪丽热巴迪丽热巴公诉|安旎|迪丽热巴安乐传|任安乐|帝梓元@Dear-迪丽热巴 #迪丽热巴公诉#dlrb#迪丽热巴安旎#",https://m.weibo.cn/detail/4885476944913821
任安乐/帝梓元角色记忆,post,0,粉丝点评/记忆表达明确,Dilmurat_芊芊,"#迪丽热巴微博之夜发型拆解# 𝓢𝓱𝓪𝓷 𝓨𝓮 𝓲𝓼 𝓫𝓻𝓲𝓵𝓵𝓲𝓪𝓷𝓽, 𝔂𝓸𝓾 𝓪𝓻𝓮 𝓽𝓱𝓮 𝓶𝓸𝓸𝓷 𝓱𝓲𝓭𝓭𝓮𝓷 𝓲𝓷 𝓽𝓱𝓮 𝓬𝓵𝓸𝓾𝓭𝓼. 山野烂漫，你是藏在云层中的月亮我会喜欢到你不需要我为止ᶫᵒᵛᵉᵧₒᵤ @Dear-迪丽热巴 迪丽热巴公诉|迪丽热巴安旎|迪丽热巴安乐传|迪丽热巴任安乐|迪丽热巴帝梓元@Dear-迪丽热巴",https://m.weibo.cn/detail/4885476462300295
任安乐/帝梓元角色记忆,post,0,粉丝点评/记忆表达明确,Dilmurat_芊芊,#迪丽热巴微博之夜发型拆解# “故事很长，我长话短说，我喜欢你.”“𝓘𝓉'𝓈 𝒶 𝓁𝓸𝓃𝓰 𝓈𝓉𝓸𝓇𝓎. 𝓘'𝓁𝓁 𝓂𝒶𝓀𝓮 𝒾𝓉 𝓈𝒽𝓸𝓇𝓉. 𝓘 𝓁𝒾𝓀𝓮 𝓎𝓸𝓊.” ​@Dear-迪丽热巴迪丽热巴公诉精英|迪丽热巴安旎|迪丽热巴安乐传|迪丽热巴任安乐|迪丽热巴帝梓元 @Dear-迪丽热巴 #迪丽热巴#dlrb#迪丽热巴安旎#dlrb#迪丽热巴公诉精英#,https://m.weibo.cn/detail/4885475830012478
任安乐/帝梓元角色记忆,post,0,粉丝点评/记忆表达明确,亭惊溯初,迪丽热巴超话#迪丽热巴微博之夜发型拆解#dlrb #迪丽热巴公诉# 追随光 我对你的爱意永远热烈真诚 𝓕𝓸𝓵𝓵𝓸𝔀 𝓽𝓱𝓮 𝓵𝓲𝓰𝓱𝓽 𝓶𝔂 𝓵𝓸𝓿𝓮 𝓯𝓸𝓻 𝔂𝓸𝓾 𝔀𝓲𝓵𝓵 𝓪𝓵𝔀𝓪𝔂𝓼 𝓫𝓮 𝔀𝓪𝓻𝓶 𝓪𝓷𝓭 𝓼𝓲𝓷𝓬𝓮𝓻𝓮@Dear-迪丽热巴迪丽热巴公诉|安旎|迪丽热巴安乐传|任安乐|帝梓元@Dear-迪丽热巴 #迪丽热巴公诉#dlrb#迪丽热巴安旎#,https://m.weibo.cn/detail/4885475779412629
任安乐/帝梓元角色记忆,post,0,粉丝点评/记忆表达明确,亭惊溯初,"迪丽热巴超话#迪丽热巴微博之夜发型拆解#dlrb #迪丽热巴素色西服#𝒲𝒽ℯ𝓃 𝓉𝒽ℯ 𝒸𝓁ℴ𝓊𝒹𝓈 𝒹𝒾𝓈𝓈𝒾𝓅𝒶𝓉ℯ, ℯ𝓋ℯ𝓇𝓎ℴ𝓃ℯ 𝓀𝓃ℴ𝓌𝓈 ℐ 𝓁ℴ𝓋ℯ 𝓎ℴ𝓊云雾消散之际我爱你人尽皆知@Dear-迪丽热巴 迪丽热巴公诉|安旎|迪丽热巴安乐传|任安乐|帝梓元@Dear-迪丽热巴 #迪丽热巴公诉#dlrb#迪丽热巴安旎#",https://m.weibo.cn/detail/4885475582809666
嘻嘻迪/表情包/可爱梗,post,0,粉丝点评/记忆表达明确,立志为我老婆热巴在杭州买房,迪丽热巴超话#迪丽热巴饭制表情包大赛# 欢迎收看巴神美貌名场面☞‖玫瑰庄园的公主🌹🌹🌹‖复古名伶💗💗💗‖经典优雅赫本黑裙👗👗👗点地成毯𝙂𝙤𝙡𝙙𝙚𝙣 𝙇𝙚𝙜𝙚𝙣𝙙💖💖💖‖摇曳生姿花仙子🧚🏻🧚🏻🧚🏻‖惊艳四座娇艳美人鱼💖💖💖【迪丽热巴美神降临】🎊🎊🎊#微博春日星市集#,https://m.weibo.cn/detail/4885475431028202
嘻嘻迪/表情包/可爱梗,post,0,粉丝点评/记忆表达明确,owe1005,迪丽热巴超话#迪丽热巴饭制表情包大赛# 欢迎收看巴神美貌名场面☞‖玫瑰庄园的公主🌹🌹🌹‖复古名伶💗💗💗‖经典优雅赫本黑裙👗👗👗点地成毯𝙂𝙤𝙡𝙙𝙚𝙣 𝙇𝙚𝙜𝙚𝙣𝙙💖💖💖‖摇曳生姿花仙子🧚🏻🧚🏻🧚🏻‖惊艳四座娇艳美人鱼💖💖💖【迪丽热巴美神降临】🎊🎊🎊#微博春日星市集#,https://m.weibo.cn/detail/4885474092519418
任安乐/帝梓元角色记忆,post,0,粉丝点评/记忆表达明确,雨系語,迪丽热巴超话#迪丽热巴公诉#dlrb#迪丽热巴安旎#电视剧安乐传超话 “你是帝家后人， 就该有当年帝家家主翻云覆雨的魄力” 看@Dear-迪丽热巴 饰演的任安乐/帝梓元如何翻云覆雨，我可真是太期待大女主任安乐啦，迪丽热巴古装永远的神！！迪丽热巴安乐传|任安乐|帝梓元|迪丽热巴公诉|安旎 @Dear-迪丽热巴L九方阙的微博视频,https://m.weibo.cn/detail/4885473866547245
李长歌与《长歌行》角色记忆,post,0,粉丝点评/记忆表达明确,半块烤面包-,#迪丽热巴微博之夜发型拆解# dlrb#长歌行播出两周年了# 玫瑰可以是浪漫的定义词 但自从遇见你 我的浪漫开始了重新的定义𝓘𝓉'𝓈 𝒶 𝓁𝓸𝓃𝓰 𝓈𝓉𝓸𝓇𝓎. 𝓘'𝓁𝓁 𝓂𝒶𝓀𝓮 𝒾𝓉 𝓈𝒽𝓸𝓇𝓉. 𝓘 𝓁𝒾𝓀𝓮 𝓎𝓸𝓊.@Dear-迪丽热巴 #春夏特辑#,https://m.weibo.cn/detail/4885473837191605
嘻嘻迪/表情包/可爱梗,post,0,粉丝点评/记忆表达明确,梨穗如青山,迪丽热巴超话#迪丽热巴饭制表情包大赛# 90🌸top🔝迪丽热巴❤️电影破亿率100%💯收视率破一最多💯集均破亿最多💯主流奖项🈶(白玉兰 金鹰奖 飞天奖 五个一工程奖 获奖/提名）👍🏻主流认可❗观众喜爱💖演员迪丽热巴未来可期💞星途璀璨✨待播剧★首部女公诉人题材电视剧《公诉精英》★古偶大女主《安乐传》敬请期待❗#微博春日星市集#,https://m.weibo.cn/detail/4885473308184621
任安乐/帝梓元角色记忆,post,0,粉丝点评/记忆表达明确,亭惊溯初,迪丽热巴超话#迪丽热巴微博之夜发型拆解#dlrb #迪丽热巴公诉#“𝒢𝒾𝓋𝓮 𝓉𝒽𝓮 𝒻𝓁𝓸𝓌𝓮𝓇 𝓸𝒻 𝒶 𝒸𝒾𝓉𝓎 𝓉𝓸 𝓂𝓎 𝓈𝓌𝓮𝓮𝓉𝒽𝓮𝒶𝓇𝓉 ·倾一城之花 赠与我心上人”@Dear-迪丽热巴 迪丽热巴公诉|安旎|迪丽热巴安乐传|任安乐|帝梓元@Dear-迪丽热巴 #迪丽热巴公诉#dlrb#迪丽热巴安旎#,https://m.weibo.cn/detail/4885473292194888
嘻嘻迪/表情包/可爱梗,post,0,粉丝点评/记忆表达明确,梨穗如青山,迪丽热巴超话#迪丽热巴饭制表情包大赛# 欢迎收看巴神美貌名场面☞‖玫瑰庄园的公主🌹🌹🌹‖复古名伶💗💗💗‖经典优雅赫本黑裙👗👗👗点地成毯𝙂𝙤𝙡𝙙𝙚𝙣 𝙇𝙚𝙜𝙚𝙣𝙙💖💖💖‖摇曳生姿花仙子🧚🏻🧚🏻🧚🏻‖惊艳四座娇艳美人鱼💖💖💖【迪丽热巴美神降临】🎊🎊🎊#微博春日星市集#,https://m.weibo.cn/detail/4885473258376040
嘻嘻迪/表情包/可爱梗,post,0,粉丝点评/记忆表达明确,L相信巴,#迪丽热巴饭制表情包大赛# dlrb #微博春日星市集#“还记得秋風的落叶，还记得对你的炽热” 𝓘 𝓈𝓉𝒾𝓁𝓁 𝓇𝓮𝓂𝓮𝓂𝒷𝓮𝓇 𝓉𝒽𝓮 𝒶𝓊𝓉𝓊𝓂𝓃 𝓁𝓮𝒶𝓋𝓮𝓈 𝒶𝓃𝒹 𝓉𝒽𝓮 𝒽𝓮𝒶𝓉 𝒻𝓸𝓇 𝓎𝓸𝓊.@Dear-迪丽热巴,https://m.weibo.cn/detail/4885472361582788
嘻嘻迪/表情包/可爱梗,post,0,粉丝点评/记忆表达明确,L相信巴,"#迪丽热巴饭制表情包大赛# dlrb #微博春日星市集#“春天有鲜花绽放 秋天有枯叶飘落 但热爱有始无终” ""𝓣𝓱𝓮𝓻𝓮 𝓪𝓻𝓮 𝓯𝓵𝓸𝔀𝓮𝓻𝓼 𝓫𝓵𝓸𝓸𝓶𝓲𝓷𝓰 𝓲𝓷 𝓼𝓹𝓻𝓲𝓷𝓰 𝓪𝓷𝓭 𝔀𝓲𝓽𝓱𝓮𝓻𝓮𝓭 𝓵𝓮𝓪𝓿𝓮𝓼 𝓯𝓪@Dear-迪丽热巴",https://m.weibo.cn/detail/4885472030229083
嘻嘻迪/表情包/可爱梗,post,0,粉丝点评/记忆表达明确,L相信巴,#迪丽热巴饭制表情包大赛# dlrb #微博春日星市集#我不知道什么是一夜爆红，我只知道她四年无休” “𝓘 𝒹𝓸𝓃'𝓉 𝓀𝓃𝓸𝓌 𝓌𝒽𝒶𝓉 𝒶𝓃 𝓸𝓋𝓮𝓇𝓃𝒾𝓰𝒽𝓉 𝒽𝒾𝓉 𝒾𝓈. 𝓘 𝒿𝓊𝓈𝓉 𝓀𝓃𝓸𝓌 𝓈𝒽𝓮'𝓈 𝒷𝓮𝓮𝓃 𝒶𝓇𝓸𝓊𝓃𝒹 𝒻𝓸𝓇 𝒻𝓸𝓊𝓇 𝓎𝓮𝒶𝓇𝓈” @Dear-迪丽热巴,https://m.weibo.cn/detail/4885471920397658
嘻嘻迪/表情包/可爱梗,post,0,粉丝点评/记忆表达明确,L相信巴,#迪丽热巴饭制表情包大赛# dlrb #微博春日星市集# “把玫瑰藏于盛夏 把海棠藏于深秋 ”𝓗𝓲𝓭𝓮 𝓽𝓱𝓮 𝓻𝓸𝓼𝓮 𝓲𝓷 𝓶𝓲𝓭𝓼𝓾𝓶𝓶𝓮𝓻 𝓪𝓷𝓭 𝓽𝓱𝓮 𝓬𝓻𝓪𝓫𝓪𝓹𝓹𝓵𝓮 𝓲𝓷 𝓵𝓪𝓽𝓮 𝓪𝓾𝓽𝓾𝓶𝓷@迪丽热巴,https://m.weibo.cn/detail/4885471761796820
行走的油画/神女美貌出圈,post,0,粉丝点评/记忆表达明确,小迪的小奶瓶,#迪丽热巴微博之夜发型拆解#我惊了你是什么人间巨美！我的泪此时此刻已为你日夜不停昼夜不息的撒落！你的容貌是神赐吗我哭了你怎么这么美貌呜呜！这难道就是仙女吗我没了我为姐姐的绝美容貌而落泪天使下凡不过如此吧您的脸就是神的恩赐吧呜呜我真情实感为姐姐的美貌落泪我的尖叫声让方圆百里声控灯坏掉啊啊@Dear-迪丽热巴,https://m.weibo.cn/detail/4885470960424240
嘻嘻迪/表情包/可爱梗,post,0,粉丝点评/记忆表达明确,李慧珍唯一正牌老婆,迪丽热巴超话#迪丽热巴饭制表情包大赛# 迪丽热巴迪丽热巴#微博春日星市集# 欢迎收看巴神美貌名场面☞‖玫瑰庄园的公主🌹🌹🌹‖复古名伶💗💗💗‖经典优雅赫本黑裙👗👗👗点地成毯𝙂𝙤𝙡𝙙𝙚𝙣 𝙇𝙚𝙜𝙚𝙣𝙙💖💖💖‖摇曳生姿花仙子🧚🏻🧚🏻🧚🏻‖惊艳四座娇艳美人鱼💖💖💖【迪丽热巴美神降临】🎊🎊🎊,https://m.weibo.cn/detail/4885470922936921
李长歌与《长歌行》角色记忆,post,0,粉丝点评/记忆表达明确,心动迪崽吖,迪丽热巴超话#迪丽热巴新剧公诉精英改名#dlrb#迪丽热巴公诉# dlrb#迪丽热巴微博之夜发型拆解# dlrb#长歌行播出两周年了# 𝓨𝓸𝓾 𝔀𝓲𝓵𝓵 𝓪𝓵𝔀𝓪𝔂𝓼 𝓫𝓮 𝓽𝓱𝓮 𝓱𝓸𝓽 𝓪𝓷𝓭 𝓫𝓻𝓪𝓿𝓮 𝓼𝓾𝓷 𝓲𝓷 𝓶𝔂 𝓱𝓮𝓪𝓻𝓽.你永远是我心中那炙热勇敢的太阳--@Dear迪丽热巴,https://m.weibo.cn/detail/4885470386066715
任安乐/帝梓元角色记忆,post,0,粉丝点评/记忆表达明确,咕噜辞乐乐,迪丽热巴超话#迪丽热巴公诉#dlrb#迪丽热巴安旎#电视剧安乐传超话 “你是帝家后人， 就该有当年帝家家主翻云覆雨的魄力” 看@Dear-迪丽热巴 饰演的任安乐/帝梓元如何翻云覆雨，我可真是太期待大女主任安乐啦，迪丽热巴古装永远的神！！迪丽热巴安乐传|任安乐|帝梓元|迪丽热巴公诉|安旎 @Dear-迪丽热巴L九方阙的微博视频,https://m.weibo.cn/detail/4885468343436158
任安乐/帝梓元角色记忆,post,0,粉丝点评/记忆表达明确,小晚又失眠了__26届高考版,迪丽热巴超话#迪丽热巴公诉#dlrb#迪丽热巴安旎#电视剧安乐传超话 “你是帝家后人， 就该有当年帝家家主翻云覆雨的魄力” 看@Dear-迪丽热巴 饰演的任安乐/帝梓元如何翻云覆雨，我可真是太期待大女主任安乐啦，迪丽热巴古装永远的神！！迪丽热巴安乐传|任安乐|帝梓元|迪丽热巴公诉|安旎 @Dear-迪丽热巴L九方阙的微博视频,https://m.weibo.cn/detail/4885467742865349
李长歌与《长歌行》角色记忆,post,0,粉丝点评/记忆表达明确,樱桃的泪痣,"#迪丽热巴长歌行# dlrb#迪丽热巴李长歌# “你是万千花丛中的一朵，却是我的整个春天” 𝒴𝓸𝓊 𝒶𝓇𝓮 𝓸𝓃𝓮 𝓸𝒻 𝒶 𝓉𝒽𝓸𝓊𝓈𝒶𝓃𝒹 𝒻𝓁𝓸𝓌𝓮𝓇𝓈, 𝒷𝓊𝓉 𝓎𝓸𝓊 𝒶𝓇𝓮 𝓂𝓎 𝓈𝓅𝓇𝒾𝓃𝓰.@Dear-迪丽热巴",https://m.weibo.cn/detail/4885465264294464
任安乐/帝梓元角色记忆,post,0,粉丝点评/记忆表达明确,栀妤赴提,迪丽热巴超话#迪丽热巴公诉#dlrb#迪丽热巴安旎#电视剧安乐传超话 “你是帝家后人， 就该有当年帝家家主翻云覆雨的魄力” 看@Dear-迪丽热巴 饰演的任安乐/帝梓元如何翻云覆雨，我可真是太期待大女主任安乐啦，迪丽热巴古装永远的神！！迪丽热巴安乐传|任安乐|帝梓元|迪丽热巴公诉|安旎 @Dear-迪丽热巴L九方阙的微博视频,https://m.weibo.cn/detail/4885465134795715
李长歌与《长歌行》角色记忆,post,0,粉丝点评/记忆表达明确,给迪丽热巴买辣条吃,迪丽热巴超话#迪丽热巴微博之夜发型拆解##迪丽热巴新剧公诉精英改名##长歌行播出两周年了##公诉#荣幸看到📣📣美神降临创词人🌸🌸定毯神针😍😍天花板级别的美貌💗💗自律完美的身材管理💃🏻💃🏻走出国门的CHINA BEAUTY💖💖作品💯奖项🏆商业价值🎫国民度🔥全方位领衔的💎💎【迪丽热巴】💎💎@Dear-迪丽热巴,https://m.weibo.cn/detail/4885464990879058
李长歌与《长歌行》角色记忆,post,0,粉丝点评/记忆表达明确,H树上有只小熊喵-,迪丽热巴超话#迪丽热巴微博之夜发型拆解##迪丽热巴新剧公诉精英改名##长歌行播出两周年了##公诉#荣幸看到📣📣美神降临创词人🌸🌸定毯神针😍😍天花板级别的美貌💗💗自律完美的身材管理💃🏻💃🏻走出国门的CHINA BEAUTY💖💖作品💯奖项🏆商业价值🎫国民度🔥全方位领衔的💎💎【迪丽热巴】💎💎@Dear-迪丽热巴,https://m.weibo.cn/detail/4885464508533420
任安乐/帝梓元角色记忆,post,0,粉丝点评/记忆表达明确,上帝眷顾的孩子y,迪丽热巴超话#迪丽热巴微博之夜发型拆解#dlrb#迪丽热巴公诉# 迪丽热巴真的是出山既出圈；凭自己实力出圈、凭人品人格魅力吸粉；演技好，细腻自然、塑造角色深入人心，大明星高雯、乔晶晶、凤九 纪云禾，李长歌、平凡励志的李慧珍脸蛋天才、绝鲨的仪态、绝美荣颜、魔鬼的身材；百变的气质，真诚真实，美好善良，自律，敬业、做事持久坚韧、不服输内境豁达，相由心生，这样的女孩就是美、美到窒息、美到震撼美到如同百科全书、读你千遍！不厌倦迪丽热巴一出现；惊,https://m.weibo.cn/detail/4885464135239223
李长歌与《长歌行》角色记忆,post,0,粉丝点评/记忆表达明确,雾眠气泡泡泡水H,迪丽热巴超话#迪丽热巴微博之夜发型拆解##迪丽热巴新剧公诉精英改名##长歌行播出两周年了##公诉#荣幸看到📣📣美神降临创词人🌸🌸定毯神针😍😍天花板级别的美貌💗💗自律完美的身材管理💃🏻💃🏻走出国门的CHINA BEAUTY💖💖作品💯奖项🏆商业价值🎫国民度🔥全方位领衔的💎💎【迪丽热巴】💎💎@Dear-迪丽热巴,https://m.weibo.cn/detail/4885464080713196
李长歌与《长歌行》角色记忆,post,0,粉丝点评/记忆表达明确,卡夫卡的小熊喵,迪丽热巴超话#迪丽热巴微博之夜发型拆解##迪丽热巴新剧公诉精英改名##长歌行播出两周年了##公诉#欢迎收看巴神美貌名场面☞‖玫瑰庄园的公主🌹🌹🌹‖复古名伶💗💗💗‖经典优雅赫本黑裙👗👗👗点地成毯𝙂𝙤𝙡𝙙𝙚𝙣 𝙇𝙚𝙜𝙚𝙣𝙙💖💖💖‖摇曳生姿花仙子🧚🏻🧚🏻🧚🏻‖惊艳四座娇艳美人鱼💖💖💖【迪丽热巴美神降临】🎊🎊🎊,https://m.weibo.cn/detail/4885463451570119
李长歌与《长歌行》角色记忆,post,0,粉丝点评/记忆表达明确,H迪丽热巴的小宝贝是我H,迪丽热巴超话#迪丽热巴微博之夜发型拆解##迪丽热巴新剧公诉精英改名##长歌行播出两周年了#欢迎收看巴神美貌名场面☞‖玫瑰庄园的公主🌹🌹🌹‖复古名伶💗💗💗‖经典优雅赫本黑裙👗👗👗点地成毯𝙂𝙤𝙡𝙙𝙚𝙣 𝙇𝙚𝙜𝙚𝙣𝙙💖💖💖‖摇曳生姿花仙子🧚🏻🧚🏻🧚🏻‖惊艳四座娇艳美人鱼💖💖💖【迪丽热巴美神降临】🎊🎊🎊,https://m.weibo.cn/detail/4885462970275389
任安乐/帝梓元角色记忆,post,0,粉丝点评/记忆表达明确,炸一根薯条_,迪丽热巴超话#迪丽热巴公诉#dlrb#迪丽热巴安旎# 电视剧安乐传超话 “你是帝家后人， 就该有当年帝家家主翻云覆雨的魄力” 看@Dear-迪丽热巴 饰演的任安乐/帝梓元如何翻云覆雨，我可真是太期待大女主任安乐啦，迪丽热巴古装永远的神！！迪丽热巴安乐传|任安乐|帝梓元|迪丽热巴公诉|安旎 @Dear-迪丽热巴L九方阙的微博视频,https://m.weibo.cn/detail/4885462768424447
任安乐/帝梓元角色记忆,post,0,粉丝点评/记忆表达明确,炸一根薯条_,迪丽热巴超话#迪丽热巴公诉#dlrb#迪丽热巴安旎# 电视剧安乐传超话 “你是帝家后人， 就该有当年帝家家主翻云覆雨的魄力” 看@Dear-迪丽热巴 饰演的任安乐/帝梓元如何翻云覆雨，我可真是太期待大女主任安乐啦，迪丽热巴古装永远的神！！迪丽热巴安乐传|任安乐|帝梓元|迪丽热巴公诉|安旎 @Dear-迪丽热巴L九方阙的微博视频,https://m.weibo.cn/detail/4885462718613840
红毯神图与高定封神造型,post,0,粉丝点评/记忆表达明确,Dilraba的心不能伤,#迪丽热巴公诉##迪丽热巴安旎##公诉# 欢迎收看巴神美貌名场面☞‖玫瑰庄园的公主🌹🌹🌹‖复古名伶💗💗💗‖经典优雅赫本黑裙👗👗👗点地成毯𝙂𝙤𝙡𝙙𝙚𝙣 𝙇𝙚𝙜𝙚𝙣𝙙💖💖💖‖摇曳生姿花仙子🧚🏻🧚🏻🧚🏻‖惊艳四座娇艳美人鱼💖💖💖【迪丽热巴美神降临】🎊🎊🎊,https://m.weibo.cn/detail/4885460544913762
任安乐/帝梓元角色记忆,post,0,粉丝点评/记忆表达明确,偏爱小迪王子,"迪丽热巴超话#迪丽热巴微博之夜发型拆解# dlrb#迪丽热巴饭制表情包大赛# 野草无法去挑玫瑰的刺 因为玫瑰本身也就带刺,我的迪丽热巴一直走在前进的路上,迪丽热巴在闪闪发光的同时也要平平安安。@Dear-迪丽热巴迪丽热巴公诉|迪丽热巴安旎|迪丽热巴安乐传|迪丽热巴任安乐|迪丽热巴帝梓元@Dear-迪丽热巴迪丽热巴安乐传|任安乐|帝梓元|迪丽热巴公诉|安旎 @Dear-迪丽热巴",https://m.weibo.cn/detail/4885459220562976
红毯神图与高定封神造型,post,0,粉丝点评/记忆表达明确,H迪丽热巴的小宝贝是我H,#迪丽热巴微博之夜发型拆解#欢迎收看巴神美貌名场面☞‖玫瑰庄园的公主🌹🌹🌹‖复古名伶💗💗💗‖经典优雅赫本黑裙👗👗👗点地成毯𝙂𝙤𝙡𝙙𝙚𝙣 𝙇𝙚𝙜𝙚𝙣𝙙💖💖💖‖摇曳生姿花仙子🧚🏻🧚🏻🧚🏻‖惊艳四座娇艳美人鱼💖💖💖【迪丽热巴美神降临】🎊🎊🎊,https://m.weibo.cn/detail/4885458842552426
任安乐/帝梓元角色记忆,post,0,粉丝点评/记忆表达明确,Bonheur_D,#迪丽热巴公诉#dlrb#迪丽热巴安旎#电视剧安乐传超话 “你是帝家后人， 就该有当年帝家家主翻云覆雨的魄力” 看@Dear-迪丽热巴 饰演的任安乐/帝梓元如何翻云覆雨，我可真是太期待大女主任安乐啦，迪丽热巴古装永远的神！！迪丽热巴安乐传|任安乐|帝梓元|迪丽热巴公诉|安旎 @Dear-迪丽热巴L九方阙的微博视频,https://m.weibo.cn/detail/4885457924002125
红毯神图与高定封神造型,post,0,粉丝点评/记忆表达明确,萧萧若锦,#迪丽热巴微博之夜发型拆解# 不愧是美神迪丽热巴，出山即出圈！我宝从小美到大！迪丽热巴颜值与实力兼备，期待新剧《公诉精英》《安乐传》一番收视率破1剧最多的90后一番收视拉升率最高的90后一番网剧年冠最多的90后一番集均破亿剧最多的90后一番全网播放量最高的90后一番云合前十剧最多的90后一番既有收视破1又有电影破亿的90后年年都有年冠爆剧(人剧双爆)的90后唯一一位连续五年上财报的女演员#迪丽热巴# ​​​迪丽热巴 dlrb 巴巴粉@D,https://m.weibo.cn/detail/4885457521612740
李长歌与《长歌行》角色记忆,post,0,粉丝点评/记忆表达明确,这是辰咩,"迪丽热巴超话dlrb#迪丽热巴新剧公诉精英改名# dlrb#长歌行播出两周年了# 𝓨𝓸𝓾 𝓪𝓻𝓮 𝓶𝔂 𝓵𝓲𝓰𝓱𝓽, 𝓪𝓷𝓭 𝓘 𝔀𝓲𝓵𝓵 𝓪𝓵𝔀𝓪𝔂𝓼 𝓱𝓪𝓿𝓮 𝓪 𝓬𝓻𝓾𝓼𝓱 𝓸𝓷 𝔂𝓸𝓾.🦋你就是我的那束光，我会永远对你心动 @Dear-迪丽热巴",https://m.weibo.cn/detail/4885454937660375
任安乐/帝梓元角色记忆,post,0,粉丝点评/记忆表达明确,小迪藏在心里,#迪丽热巴新剧公诉精英改名##公诉#dlrb#迪丽热巴# 期待国内首部聚焦女公诉人题材的电视剧《公诉》，期待女公诉人安旎@Dear-迪丽热巴 不忘初心，逆风前行@Dear-迪丽热巴#迪丽热巴安乐传# |#迪丽热巴任安乐# ｜ #迪丽热巴公诉精英#dlrb#迪丽热巴安旎#迪丽热巴公诉精英|安旎|迪丽热巴安乐传|任安乐|帝梓元,https://m.weibo.cn/detail/4885453389436128
红毯神图与高定封神造型,post,0,粉丝点评/记忆表达明确,饭桶--2,迪丽热巴超话欢迎收看巴神美貌名场面☞‖玫瑰庄园的公主🌹🌹🌹‖复古名伶💗💗💗‖经典优雅赫本黑裙👗👗👗点地成毯𝙂𝙤𝙡𝙙𝙚𝙣 𝙇𝙚𝙜𝙚𝙣𝙙💖💖💖‖摇曳生姿花仙子🧚🏻🧚🏻🧚🏻‖惊艳四座娇艳美人鱼💖💖💖【迪丽热巴美神降临】🎊🎊🎊#迪丽热巴微博之夜发型拆解#,https://m.weibo.cn/detail/4885448772820750
红毯神图与高定封神造型,post,0,粉丝点评/记忆表达明确,0603-Dear,迪丽热巴超话欢迎收看巴神美貌名场面☞‖玫瑰庄园的公主🌹🌹🌹‖复古名伶💗💗💗‖经典优雅赫本黑裙👗👗👗点地成毯𝙂𝙤𝙡𝙙𝙚𝙣 𝙇𝙚𝙜𝙚𝙣𝙙💖💖💖‖摇曳生姿花仙子🧚🏻🧚🏻🧚🏻‖惊艳四座娇艳美人鱼💖💖💖【迪丽热巴美神降临】🎊🎊🎊#迪丽热巴微博之夜发型拆解#,https://m.weibo.cn/detail/4885447929497158
李长歌与《长歌行》角色记忆,post,0,粉丝点评/记忆表达明确,悸姩都,"迪丽热巴超话#迪丽热巴微博之夜发型拆解# dlrb#长歌行播出两周年了# “海鸥只为海沦陷，我只为你心动” 𝒮𝓮𝒶𝓰𝓊𝓁𝓁𝓈 𝓸𝓃𝓁𝓎 𝒻𝒶𝓁𝓁 𝒻𝓸𝓇 𝓉𝒽𝓮 𝓈𝓮𝒶, 𝓘 𝓸𝓃𝓁𝓎 𝒻𝓸𝓇 𝓎𝓸𝓊𝓇 𝒽𝓮𝒶𝓇𝓉.@Dear-迪丽热巴",https://m.weibo.cn/detail/4885446997836708
任安乐/帝梓元角色记忆,post,0,粉丝点评/记忆表达明确,杰瑞耀吃提子蛋糕-,迪丽热巴超话#迪丽热巴安乐传# dlrb#迪丽热巴安旎# dlrb#迪丽热巴任安乐# “偷偷见一面吧 就偷偷的 我想让你眼中只有我” 𝓢𝓮𝓬𝓻𝓮𝓽𝓵𝔂 𝓢𝓮𝓬𝓻𝓮𝓽𝓵𝔂 𝓘 𝔀𝓪𝓷𝓽 𝔂𝓸𝓾 𝓽𝓸 𝓼𝓮𝓮 𝓸𝓷𝓵𝔂 𝓶𝓮@Dear-迪丽热巴,https://m.weibo.cn/detail/4885446670423708
纪云禾与鲛人系角色记忆,post,0,粉丝点评/记忆表达明确,0603-Dear,迪丽热巴超话#迪丽热巴微博之夜发型拆解##迪丽热巴#迪丽热巴安旎|迪丽热巴公诉精英|迪丽热巴安乐传|迪丽热巴任安乐|迪丽热巴与君初相识|迪丽热巴纪云禾|迪丽热巴恰似故人归|迪丽热巴神仙颜值|迪丽热巴演技好|迪丽热巴好漂亮|迪丽热巴正能量青年演员，期待迪丽热巴作品《安乐传》任安乐《公诉精英》安旎,https://m.weibo.cn/detail/4885446167890577
任安乐/帝梓元角色记忆,post,0,粉丝点评/记忆表达明确,姩姩or小颜,"#迪丽热巴公诉精英# dlrb #迪丽热巴安旎# 我们互相成就，共同成长，一起努力，抵达远方𝓦𝓮 𝓪𝓬𝓱𝓲𝓮𝓿𝓮 𝓮𝓪𝓬𝓱 𝓸𝓽𝓱𝓮𝓻, 𝓰𝓻𝓸𝔀 𝓽𝓸𝓰𝓮𝓽𝓱𝓮𝓻, 𝔀𝓸𝓻𝓴 𝓱𝓪𝓻𝓭 𝓽𝓸𝓰𝓮𝓽𝓱𝓮𝓻, 𝓻𝓮𝓪𝓬𝓱 𝓪𝓯𝓪𝓻迪丽热巴公诉|安旎|迪丽热巴安乐传|任安乐|帝梓元@Dear-迪丽热巴",https://m.weibo.cn/detail/4885445747671750
任安乐/帝梓元角色记忆,post,0,粉丝点评/记忆表达明确,宇巴巧禾的霸气,迪丽热巴超话#迪丽热巴公诉#dlrb#迪丽热巴安旎#电视剧安乐传超话 “你是帝家后人， 就该有当年帝家家主翻云覆雨的魄力” 看@Dear-迪丽热巴 饰演的任安乐/帝梓元如何翻云覆雨，我可真是太期待大女主任安乐啦，迪丽热巴古装永远的神！！迪丽热巴安乐传|任安乐|帝梓元|迪丽热巴公诉|安旎 @Dear-迪丽热巴L九方阙的微博视频,https://m.weibo.cn/detail/4885444351758729
李长歌与《长歌行》角色记忆,post,0,粉丝点评/记忆表达明确,冬日提巷瑰,"#长歌行播出两周年了# dlrb#迪丽热巴公诉精英# “一帆风顺不算成长 我要你逆流而上” ""𝓢𝓶𝓸𝓸𝓽𝓱 𝓼𝓪𝓲𝓵𝓲𝓷𝓰 𝓲𝓼 𝓷𝓸𝓽 𝓰𝓻𝓸𝔀𝓽𝓱. 𝓘 𝔀𝓪𝓷𝓽 𝔂𝓸𝓾 𝓽𝓸 𝓰𝓸 𝓪𝓰𝓪𝓲𝓷𝓼𝓽 𝓽𝓱𝓮 𝓬𝓾𝓻𝓻𝓮𝓷𝓽.""@Dear-迪丽热巴",https://m.weibo.cn/detail/4885444069693592
任安乐/帝梓元角色记忆,post,0,粉丝点评/记忆表达明确,迪女士在壁咚我,迪丽热巴超话#迪丽热巴公诉#dlrb#迪丽热巴安旎#电视剧安乐传超话 “你是帝家后人， 就该有当年帝家家主翻云覆雨的魄力” 看@Dear-迪丽热巴 饰演的任安乐/帝梓元如何翻云覆雨，我可真是太期待大女主任安乐啦，迪丽热巴古装永远的神！！迪丽热巴安乐传|任安乐|帝梓元|迪丽热巴公诉|安旎 @Dear-迪丽热巴L九方阙的微博视频,https://m.weibo.cn/detail/4885442962657235
任安乐/帝梓元角色记忆,post,0,粉丝点评/记忆表达明确,宇巴巧禾的霸气,迪丽热巴超话#迪丽热巴微博之夜发型拆解# dlrb#公诉# 你是神殿损落的爱神是救赎我的玫瑰 𝓨𝓸𝓾 𝓪𝓻𝓮 𝓽𝓱𝓮 𝓵𝓸𝓼𝓽 𝓵𝓸𝓿𝓮 𝓸𝓯 𝓽𝓱𝓮 𝓽𝓮𝓶𝓹𝓵𝓮 𝓪𝓷𝓭 𝓽𝓱𝓮 𝓻𝓸𝓼𝓮 𝓽𝓱𝓪𝓽 𝓻𝓮𝓭𝓮𝓮𝓶𝓼 𝓶𝓮@Dear-迪丽热巴迪丽热巴公诉|安旎|迪丽热巴安乐传|任安乐|帝梓元@Dear-迪丽热巴 #迪丽热巴公诉#dlrb#迪丽热巴安旎#,https://m.weibo.cn/detail/4885441361218072
李长歌与《长歌行》角色记忆,post,0,粉丝点评/记忆表达明确,迪老婆的洛,"迪丽热巴超话#迪丽热巴公诉精英# dlrb#迪丽热巴安乐传# dlrb#迪丽热巴微博之夜发型拆解# dlrb#迪丽热巴新剧公诉精英改名# dlrb#长歌行播出两周年了# “海鸥是海的信使，你是我永恒的光”𝑻𝒉𝒆 𝒔𝒆𝒂𝒈𝒖𝒍𝒍 𝒊𝒔 𝒕𝒉𝒆 𝒎𝒆𝒔𝒔𝒆𝒏𝒈𝒆𝒓 𝒐𝒇 𝒕𝒉𝒆 𝒔𝒆𝒂, 𝒂𝒏𝒅 𝒚𝒐𝒖 𝒂𝒓𝒆 𝒎𝒚 𝒆𝒕𝒆𝒓𝒏𝒂𝒍 𝒍𝒊𝒈𝒉𝒕.@Dear-迪丽热巴",https://m.weibo.cn/detail/4885441357288138
任安乐/帝梓元角色记忆,post,0,粉丝点评/记忆表达明确,宇巴巧禾的霸气,迪丽热巴超话#迪丽热巴微博之夜发型拆解# dlrb#长歌行播出两周年了# 视频有暂停键 我对你的爱意没有 让爱延续下去 𝓣𝓱𝓮 𝓿𝓲𝓭𝓮𝓸 𝓱𝓪𝓼 𝓪 𝓹𝓪𝓾𝓼𝓮 𝓫𝓾𝓽𝓽𝓸𝓷 𝓜𝔂 𝓵𝓸𝓿𝓮 𝓯𝓸𝓻 𝔂𝓸𝓾 𝓭𝓸𝓮𝓼𝓷 𝓽 𝓴𝓮𝓮𝓹 𝓲𝓽 𝓰𝓸𝓲𝓷𝓰@Dear-迪丽热巴迪丽热巴公诉|安旎|迪丽热巴安乐传|任安乐|帝梓元@Dear-迪丽热巴 #迪丽热巴公诉#dlrb#迪丽热巴安旎#,https://m.weibo.cn/detail/4885441180077719
任安乐/帝梓元角色记忆,post,0,粉丝点评/记忆表达明确,奶巴肉铺,#迪丽热巴安乐传#dlrb#迪丽热巴任安乐#“我觉得我最好的年纪不是18岁，不是25岁，而是能独立思考的每一个当下。我觉得一个演员最好的时候不是最当红的时候，而是头脑和演技准备好的时候”——@Dear-迪丽热巴迪丽热巴公诉精英|迪丽热巴安旎|迪丽热巴安乐传|迪丽热巴任安乐|迪丽热巴帝梓元@Dear-迪丽热巴,https://m.weibo.cn/detail/4885441134989264
行走的油画/神女美貌出圈,post,0,粉丝点评/记忆表达明确,Dear-泪痣badada,迪丽热巴超话#迪丽热巴微博之夜发型拆解# dlrb#迪丽热巴公诉精英# 我惊了你是什么人间巨美！我的泪此时此刻已为你日夜不停昼夜不息的撒落！你的容貌是神赐吗我哭了你怎么这么美貌呜呜！这难道就是仙女吗我没了我为姐姐的绝美容貌而落泪天使下凡不过如此吧您的脸就是神的恩赐吧呜呜我真情实感为姐姐的美貌落泪我的尖叫声让方圆百里声控灯坏掉啊啊@Dear-迪丽热巴 迪丽热巴公诉|安旎|迪丽热巴安乐传|任安乐|帝梓元@Dear-迪丽热巴 #迪丽热巴公诉,https://m.weibo.cn/detail/4885439141649582
任安乐/帝梓元角色记忆,post,0,粉丝点评/记忆表达明确,栀妤赴提,迪丽热巴超话#迪丽热巴公诉#dlrb#迪丽热巴安旎#电视剧安乐传超话 “你是帝家后人， 就该有当年帝家家主翻云覆雨的魄力” 看@Dear-迪丽热巴 饰演的任安乐/帝梓元如何翻云覆雨，我可真是太期待大女主任安乐啦，迪丽热巴古装永远的神！！迪丽热巴安乐传|任安乐|帝梓元|迪丽热巴公诉|安旎 @Dear-迪丽热巴L九方阙的微博视频,https://m.weibo.cn/detail/4885437195487339
李长歌与《长歌行》角色记忆,post,0,粉丝点评/记忆表达明确,一個請請,"#长歌行播出两周年了# dlrb#迪丽热巴素色西服# “月亮温柔了百年，而你惊艳我整个青春” ""𝓣𝓱𝓮 𝓶𝓸𝓸𝓷 𝓱𝓪𝓼 𝓫𝓮𝓮𝓷 𝓰𝓮𝓷𝓽𝓵𝓮 𝓯𝓸𝓻 𝓪 𝓱𝓾𝓷𝓭𝓻𝓮𝓭 𝔂𝓮𝓪𝓻𝓼, 𝓪𝓷𝓭 𝔂𝓸𝓾 𝓱𝓪𝓿𝓮 𝓪𝓶𝓪𝔃𝓮𝓭 𝓶@Dear-迪丽热巴",https://m.weibo.cn/detail/4885436562675057
任安乐/帝梓元角色记忆,post,0,粉丝点评/记忆表达明确,咕噜辞乐乐,迪丽热巴超话#迪丽热巴公诉#dlrb#迪丽热巴安旎#电视剧安乐传超话 “你是帝家后人， 就该有当年帝家家主翻云覆雨的魄力” 看@Dear-迪丽热巴 饰演的任安乐/帝梓元如何翻云覆雨，我可真是太期待大女主任安乐啦，迪丽热巴古装永远的神！！迪丽热巴安乐传|任安乐|帝梓元|迪丽热巴公诉|安旎 @Dear-迪丽热巴L九方阙的微博视频,https://m.weibo.cn/detail/4885434470242876
任安乐/帝梓元角色记忆,post,0,粉丝点评/记忆表达明确,毛he谜舶,迪丽热巴超话#迪丽热巴公诉#dlrb#迪丽热巴安旎#电视剧安乐传超话 “你是帝家后人， 就该有当年帝家家主翻云覆雨的魄力” 看@Dear-迪丽热巴 饰演的任安乐/帝梓元如何翻云覆雨，我可真是太期待大女主任安乐啦，迪丽热巴古装永远的神！！迪丽热巴安乐传|任安乐|帝梓元|迪丽热巴公诉|安旎 @Dear-迪丽热巴L九方阙的微博视频,https://m.weibo.cn/detail/4885434356991881
任安乐/帝梓元角色记忆,post,0,粉丝点评/记忆表达明确,荔枝味的迪迪坨,迪丽热巴超话#迪丽热巴公诉#dlrb#迪丽热巴安旎#电视剧安乐传超话 “你是帝家后人， 就该有当年帝家家主翻云覆雨的魄力” 看@Dear-迪丽热巴 饰演的任安乐/帝梓元如何翻云覆雨，我可真是太期待大女主任安乐啦，迪丽热巴古装永远的神！！迪丽热巴安乐传|任安乐|帝梓元|迪丽热巴公诉|安旎 @Dear-迪丽热巴L九方阙的微博视频,https://m.weibo.cn/detail/4885432958981742
任安乐/帝梓元角色记忆,post,0,粉丝点评/记忆表达明确,荔枝味的酸奶疙瘩,迪丽热巴超话#迪丽热巴公诉#dlrb#迪丽热巴安旎#电视剧安乐传超话 “你是帝家后人， 就该有当年帝家家主翻云覆雨的魄力” 看@Dear-迪丽热巴 饰演的任安乐/帝梓元如何翻云覆雨，我可真是太期待大女主任安乐啦，迪丽热巴古装永远的神！！迪丽热巴安乐传|任安乐|帝梓元|迪丽热巴公诉|安旎 @Dear-迪丽热巴L九方阙的微博视频,https://m.weibo.cn/detail/4885432515166303
任安乐/帝梓元角色记忆,post,0,粉丝点评/记忆表达明确,Dear-妙儿,迪丽热巴超话#迪丽热巴公诉#dlrb#迪丽热巴安旎#电视剧安乐传超话 “你是帝家后人， 就该有当年帝家家主翻云覆雨的魄力” 看@Dear-迪丽热巴 饰演的任安乐/帝梓元如何翻云覆雨，我可真是太期待大女主任安乐啦，迪丽热巴古装永远的神！！迪丽热巴安乐传|任安乐|帝梓元|迪丽热巴公诉|安旎 @Dear-迪丽热巴L九方阙的微博视频,https://m.weibo.cn/detail/4885432503111092
任安乐/帝梓元角色记忆,post,0,粉丝点评/记忆表达明确,Dear-妙儿,迪丽热巴超话#迪丽热巴公诉#dlrb#迪丽热巴安旎#电视剧安乐传超话 “你是帝家后人， 就该有当年帝家家主翻云覆雨的魄力” 看@Dear-迪丽热巴 饰演的任安乐/帝梓元如何翻云覆雨，我可真是太期待大女主任安乐啦，迪丽热巴古装永远的神！！迪丽热巴安乐传|任安乐|帝梓元|迪丽热巴公诉|安旎 @Dear-迪丽热巴L九方阙的微博视频,https://m.weibo.cn/detail/4885432175696618
李长歌与《长歌行》角色记忆,post,0,粉丝点评/记忆表达明确,冬日提巷瑰,"#长歌行播出两周年了# dlrb#迪丽热巴公诉精英# “一帆风顺不算成长 我要你逆流而上” ""𝓢𝓶𝓸𝓸𝓽𝓱 𝓼𝓪𝓲𝓵𝓲𝓷𝓰 𝓲𝓼 𝓷𝓸𝓽 𝓰𝓻𝓸𝔀𝓽𝓱. 𝓘 𝔀𝓪𝓷𝓽 𝔂𝓸𝓾 𝓽𝓸 𝓰𝓸 𝓪𝓰𝓪𝓲𝓷𝓼𝓽 𝓽𝓱𝓮 𝓬𝓾𝓻𝓻𝓮𝓷𝓽.""@Dear-迪丽热巴",https://m.weibo.cn/detail/4885431776970781
李长歌与《长歌行》角色记忆,post,0,粉丝点评/记忆表达明确,冬日提巷瑰,"#长歌行播出两周年了# dlrb#迪丽热巴公诉精英# “一帆风顺不算成长 我要你逆流而上” ""𝓢𝓶𝓸𝓸𝓽𝓱 𝓼𝓪𝓲𝓵𝓲𝓷𝓰 𝓲𝓼 𝓷𝓸𝓽 𝓰𝓻𝓸𝔀𝓽𝓱. 𝓘 𝔀𝓪𝓷𝓽 𝔂𝓸𝓾 𝓽𝓸 𝓰𝓸 𝓪𝓰𝓪𝓲𝓷𝓼𝓽 𝓽𝓱𝓮 𝓬𝓾𝓻𝓻𝓮𝓷𝓽.""@Dear-迪丽热巴",https://m.weibo.cn/detail/4885431509058415
任安乐/帝梓元角色记忆,post,0,粉丝点评/记忆表达明确,永爱迪哦,"迪丽热巴超话#迪丽热巴新剧公诉精英改名# dlrb#公诉# ＂见面时，我们的呐喊声定能响彻整片海.""𝑾𝒉𝒆𝒏 𝒘𝒆 𝒎𝒆𝒆𝒕, 𝒐𝒖𝒓 𝒔𝒉𝒐𝒖𝒕𝒔 𝒘𝒊𝒍𝒍 𝒓𝒆𝒔𝒐𝒖𝒏𝒅 𝒕𝒉𝒓𝒐𝒖𝒈𝒉 𝒕𝒉𝒆 𝒔𝒆𝒂.@Dear-迪丽热巴 迪丽热巴安乐传｜任安乐｜迪丽热巴帝梓元｜迪丽热巴公诉精英 | 安旎 ​",https://m.weibo.cn/detail/4885431492020537
李长歌与《长歌行》角色记忆,post,0,粉丝点评/记忆表达明确,冬日提巷瑰,"#长歌行播出两周年了# dlrb#迪丽热巴公诉精英# “一帆风顺不算成长 我要你逆流而上” ""𝓢𝓶𝓸𝓸𝓽𝓱 𝓼𝓪𝓲𝓵𝓲𝓷𝓰 𝓲𝓼 𝓷𝓸𝓽 𝓰𝓻𝓸𝔀𝓽𝓱. 𝓘 𝔀𝓪𝓷𝓽 𝔂𝓸𝓾 𝓽𝓸 𝓰𝓸 𝓪𝓰𝓪𝓲𝓷𝓼𝓽 𝓽𝓱𝓮 𝓬𝓾𝓻𝓻𝓮𝓷𝓽.""@Dear-迪丽热巴",https://m.weibo.cn/detail/4885431429107617
李长歌与《长歌行》角色记忆,post,0,粉丝点评/记忆表达明确,冬日提巷瑰,"#长歌行播出两周年了# dlrb#迪丽热巴公诉精英# “一帆风顺不算成长 我要你逆流而上” ""𝓢𝓶𝓸𝓸𝓽𝓱 𝓼𝓪𝓲𝓵𝓲𝓷𝓰 𝓲𝓼 𝓷𝓸𝓽 𝓰𝓻𝓸𝔀𝓽𝓱. 𝓘 𝔀𝓪𝓷𝓽 𝔂𝓸𝓾 𝓽𝓸 𝓰𝓸 𝓪𝓰𝓪𝓲𝓷𝓼𝓽 𝓽𝓱𝓮 𝓬𝓾𝓻𝓻𝓮𝓷𝓽.""@Dear-迪丽热巴",https://m.weibo.cn/detail/4885431335785052
任安乐/帝梓元角色记忆,post,0,粉丝点评/记忆表达明确,咕噜辞乐乐,迪丽热巴超话#迪丽热巴公诉#dlrb#迪丽热巴安旎#电视剧安乐传超话 “你是帝家后人， 就该有当年帝家家主翻云覆雨的魄力” 看@Dear-迪丽热巴 饰演的任安乐/帝梓元如何翻云覆雨，我可真是太期待大女主任安乐啦，迪丽热巴古装永远的神！！迪丽热巴安乐传|任安乐|帝梓元|迪丽热巴公诉|安旎 @Dear-迪丽热巴L九方阙的微博视频,https://m.weibo.cn/detail/4885430811759515
任安乐/帝梓元角色记忆,post,0,粉丝点评/记忆表达明确,乔梧迪,#迪丽热巴新剧公诉精英改名##公诉##长歌行播出两周年了# “小时候的快乐和烦恼都很纯粹，记忆中也确实拥有过极致的快乐，让我希望能回到那个时候。不过一切顺其自然长到现在，我觉得都挺好。”——@Dear-迪丽热巴迪丽热巴公诉|安旎|迪丽热巴安乐传|任安乐|帝梓元@Dear-迪丽热巴 #迪丽热巴公诉#dlrb#迪丽热巴安旎#,https://m.weibo.cn/detail/4885428836764567
任安乐/帝梓元角色记忆,post,0,粉丝点评/记忆表达明确,热意随风起,迪丽热巴超话#迪丽热巴新剧公诉精英改名##迪丽热巴公诉#dlrb#迪丽热巴安旎#电视剧安乐传超话 “你是帝家后人， 就该有当年帝家家主翻云覆雨的魄力” 看@Dear-迪丽热巴 饰演的任安乐/帝梓元如何翻云覆雨，我可真是太期待大女主任安乐啦，迪丽热巴古装永远的神！！迪丽热巴安乐传|任安乐|帝梓元|迪丽热巴公诉|安旎 @Dear-迪丽热巴L九方阙的微博视频,https://m.weibo.cn/detail/4885427313450693
任安乐/帝梓元角色记忆,post,0,粉丝点评/记忆表达明确,咕噜辞乐乐,迪丽热巴超话#迪丽热巴公诉#dlrb#迪丽热巴安旎#电视剧安乐传超话 “你是帝家后人， 就该有当年帝家家主翻云覆雨的魄力” 看@Dear-迪丽热巴 饰演的任安乐/帝梓元如何翻云覆雨，我可真是太期待大女主任安乐啦，迪丽热巴古装永远的神！！迪丽热巴安乐传|任安乐|帝梓元|迪丽热巴公诉|安旎 @Dear-迪丽热巴L九方阙的微博视频,https://m.weibo.cn/detail/4885426937009865
任安乐/帝梓元角色记忆,post,0,粉丝点评/记忆表达明确,热意随风起,迪丽热巴超话#迪丽热巴新剧公诉精英改名##迪丽热巴公诉#dlrb#迪丽热巴安旎#电视剧安乐传超话 “你是帝家后人， 就该有当年帝家家主翻云覆雨的魄力” 看@Dear-迪丽热巴 饰演的任安乐/帝梓元如何翻云覆雨，我可真是太期待大女主任安乐啦，迪丽热巴古装永远的神！！迪丽热巴安乐传|任安乐|帝梓元|迪丽热巴公诉|安旎 @Dear-迪丽热巴L九方阙的微博视频,https://m.weibo.cn/detail/4885426786012583
任安乐/帝梓元角色记忆,post,0,粉丝点评/记忆表达明确,数迪时间到,迪丽热巴超话#迪丽热巴公诉#dlrb#迪丽热巴安旎#电视剧安乐传超话 “你是帝家后人， 就该有当年帝家家主翻云覆雨的魄力” 看@Dear-迪丽热巴 饰演的任安乐/帝梓元如何翻云覆雨，我可真是太期待大女主任安乐啦，迪丽热巴古装永远的神！！迪丽热巴安乐传|任安乐|帝梓元|迪丽热巴公诉|安旎 @Dear-迪丽热巴L九方阙的微博视频,https://m.weibo.cn/detail/4885425086537365
任安乐/帝梓元角色记忆,post,0,粉丝点评/记忆表达明确,数迪时间到,迪丽热巴超话#迪丽热巴公诉#dlrb#迪丽热巴安旎#电视剧安乐传超话 “你是帝家后人， 就该有当年帝家家主翻云覆雨的魄力” 看@Dear-迪丽热巴 饰演的任安乐/帝梓元如何翻云覆雨，我可真是太期待大女主任安乐啦，迪丽热巴古装永远的神！！迪丽热巴安乐传|任安乐|帝梓元|迪丽热巴公诉|安旎 @Dear-迪丽热巴L九方阙的微博视频,https://m.weibo.cn/detail/4885424877339784
任安乐/帝梓元角色记忆,post,0,粉丝点评/记忆表达明确,荔枝味的巴巴,迪丽热巴超话#迪丽热巴公诉#dlrb#迪丽热巴安旎#电视剧安乐传超话 “你是帝家后人， 就该有当年帝家家主翻云覆雨的魄力” 看@Dear-迪丽热巴 饰演的任安乐/帝梓元如何翻云覆雨，我可真是太期待大女主任安乐啦，迪丽热巴古装永远的神！！迪丽热巴安乐传|任安乐|帝梓元|迪丽热巴公诉|安旎 @Dear-迪丽热巴L九方阙的微博视频,https://m.weibo.cn/detail/4885424642724342
任安乐/帝梓元角色记忆,post,0,粉丝点评/记忆表达明确,数迪时间到,迪丽热巴超话#迪丽热巴公诉#dlrb#迪丽热巴安旎#电视剧安乐传超话 “你是帝家后人， 就该有当年帝家家主翻云覆雨的魄力” 看@Dear-迪丽热巴 饰演的任安乐/帝梓元如何翻云覆雨，我可真是太期待大女主任安乐啦，迪丽热巴古装永远的神！！迪丽热巴安乐传|任安乐|帝梓元|迪丽热巴公诉|安旎 @Dear-迪丽热巴L九方阙的微博视频,https://m.weibo.cn/detail/4885424616769542
李长歌与《长歌行》角色记忆,post,0,粉丝点评/记忆表达明确,韦斯莱家第八个小孩,上午看朱导的便签的时候，以为长歌行是去年的，后来仔细一看，居然是前年的时间真的很快！如果迪丽热巴的角色就是一个个小孩子的话，那我觉得李长歌就是因为我太忙而无暇顾及他成长的一个孩子，对，就是“他”。等到我闲下来的时候，猛然发现，我居然有一个这么英俊这么出众又独一无二的儿子。,https://m.weibo.cn/detail/4885423543031064
任安乐/帝梓元角色记忆,post,0,粉丝点评/记忆表达明确,荔枝味的迪迪坨,迪丽热巴超话#迪丽热巴公诉#dlrb#迪丽热巴安旎#电视剧安乐传超话 “你是帝家后人， 就该有当年帝家家主翻云覆雨的魄力” 看@Dear-迪丽热巴 饰演的任安乐/帝梓元如何翻云覆雨，我可真是太期待大女主任安乐啦，迪丽热巴古装永远的神！！迪丽热巴安乐传|任安乐|帝梓元|迪丽热巴公诉|安旎 @Dear-迪丽热巴L九方阙的微博视频,https://m.weibo.cn/detail/4885423232387300
任安乐/帝梓元角色记忆,post,0,粉丝点评/记忆表达明确,毛he谜舶,迪丽热巴超话#迪丽热巴公诉精英#dlrb#迪丽热巴安旎#电视剧安乐传超话 “你是帝家后人， 就该有当年帝家家主翻云覆雨的魄力” 看@Dear-迪丽热巴 饰演的任安乐/帝梓元如何翻云覆雨，我可真是太期待大女主任安乐啦，迪丽热巴古装永远的神！！迪丽热巴安乐传｜任安乐|帝梓元|迪丽热巴公诉精英|安旎 @Dear-迪丽热巴L九方阙的微博视频,https://m.weibo.cn/detail/4885422267961493
李长歌与《长歌行》角色记忆,post,0,粉丝点评/记忆表达明确,盐味的小猫咪,#长歌行播出两周年了# “每一天我都感觉像是拍戏的第一天 ，充满了新鲜感 ；每一天我都面临着诸多挑战 ，不管是整理案卷，做庭前准备 ，还是审理案件 ；每一天我都很开心 ，虽然那些法律条文有点陌生 ，学起来并不容易 ，但是就让我有了一股拼劲 ，就是不管了，豁出去了，我要往前冲了。 ”——@Dear-迪丽热巴,https://m.weibo.cn/detail/4885421949452600
任安乐/帝梓元角色记忆,post,0,粉丝点评/记忆表达明确,Dear-苏卿卿,#迪丽热巴任安乐 dlrb#迪丽热巴安乐传忽然觉得周围都暗了下来，原来是你的美貌在发光@Dear-迪丽热巴 ​,https://m.weibo.cn/detail/4918466145164367
生日生贺与小小迪陪伴记忆,post,0,粉丝点评/记忆表达明确,Dear-苏卿卿,迪丽热巴超话#迪丽热巴0603生日快乐#dlrb#迪丽热巴利剑玫瑰#dlrb#迪丽热巴邓妍#喜欢这种东西，捂住嘴巴，也会从眼睛里跑出来@Dear-迪丽热巴 ​,https://m.weibo.cn/detail/4918465943311259
任安乐/帝梓元角色记忆,post,0,粉丝点评/记忆表达明确,是一个可爱的你,#迪丽热巴公诉豆瓣开分6.6# 公诉没有一个人物是工具人，寥寥几个画面人物形象就立起来了。别人的高光同时也能是主角的高光。剧情没有一处是浪费的，每一帧都是伏笔，也可以前后接洽合理。公诉真的太香了 听说安乐传快来了，大家到时候一起来看看我们乐乐 ​,https://m.weibo.cn/detail/4918465691124196
演员成长与角色群像评价,post,0,粉丝点评/记忆表达明确,上帝眷顾的孩子y,迪丽热巴超话#迪丽热巴公诉豆瓣开分6.6# 公诉开分了6.6大家看过剧的、认为是品质剧的一起去打分吧……放弃对热巴的偏见吧……真的是好剧、值得给个公正的分数说实话 好不好看自己打开看一眼才能知道不是吗 毕竟每个人对好看的定义都不一样嘞但是个人看法是这部剧是很好看的，内容足够专业，剧情一环扣一环足够吸引人，人设都很鲜活，主演演技都很好，没有拉胯的，飙起戏来更是。而且这部剧主演们的台词说的都很清晰很流畅，那么多大段的台词是怎么背的教教我，,https://m.weibo.cn/detail/4918465494520591
生日生贺与小小迪陪伴记忆,post,0,粉丝点评/记忆表达明确,双的美迪,#迪丽热巴0603生日快乐#dlrb#迪丽热巴邓妍#铐住罪恶的黑手，披着微熹的曙光，照亮黑暗，利剑出鞘，守护世间平安与美好，玫瑰为你绽放。期待《利剑玫瑰》，期待邓妍警官！@Dear-迪丽热巴迪丽热巴利剑玫瑰|邓妍|迪丽热巴公诉|安旎@Dear-迪丽热巴 ​,https://m.weibo.cn/detail/4918465304989919
任安乐/帝梓元角色记忆,post,0,粉丝点评/记忆表达明确,SK-冬至景色,"迪丽热巴超话#迪丽热巴0603生日快乐#dlrb#迪丽热巴任安乐#电视剧安乐传超话“你是帝家后人，聚和散，无休上演”襟飘带舞,裙裾飞扬,我那命运般的安乐寨主，什么时候才能团圆😭😭迪丽热巴安乐传|任安乐|帝梓元|公诉|安旎 @Dear-迪丽热巴L唐沁GARBAGE的微博视频 ​",https://m.weibo.cn/detail/4918465242077582
演员成长与角色群像评价,post,0,粉丝点评/记忆表达明确,旎爹是瓦,迪丽热巴超话#仲夏海风放映厅#🍒#夏日青春派对#一人千面，随着光线增强，每一个她，每一个被她眷顾着、照拂过的角色，如神助般跃然纸上。墨汁在白纸上创造出纯粹而凝重的黑色，留下无法抹去的印记，亦如她所诠释的每一个形象留存荧幕和观众心里。热巴被新月和星光照亮的，非凡而光辉的演绎之路，这一路，白月光是她，黑玫瑰也是她，耀眼激烈是，浪漫温柔也是。@Dear-迪丽热巴 LDear嘀哩咕噜呀的微博视频,https://m.weibo.cn/detail/4918465171556047
演员成长与角色群像评价,post,0,粉丝点评/记忆表达明确,年上魅力你不懂,迪丽热巴超话#仲夏海风放映厅#🍒#夏日青春派对#一人千面，随着光线增强，每一个她，每一个被她眷顾着、照拂过的角色，如神助般跃然纸上。墨汁在白纸上创造出纯粹而凝重的黑色，留下无法抹去的印记，亦如她所诠释的每一个形象留存荧幕和观众心里。热巴被新月和星光照亮的，非凡而光辉的演绎之路，这一路，白月光是她，黑玫瑰也是她，耀眼激烈是，浪漫温柔也是。@Dear-迪丽热巴 LDear嘀哩咕噜呀的微博视频,https://m.weibo.cn/detail/4918465153990894
任安乐/帝梓元角色记忆,post,0,粉丝点评/记忆表达明确,SK-冬至景色,迪丽热巴超话#迪丽热巴0603生日快乐#dlrb#迪丽热巴安乐传#电视剧安乐传超话实在是太期待迪丽热巴饰演的女土匪任安乐啦～女主古装剧YYDS ，我真的会溺死在迪丽热巴这💓迪丽热巴安乐传|任安乐|帝梓元|迪丽热巴公诉|安旎 @Dear-迪丽热巴L唐沁GARBAGE的微博视频 ​,https://m.weibo.cn/detail/4918465112310766
任安乐/帝梓元角色记忆,post,0,粉丝点评/记忆表达明确,Dear-迪迪的好妹妹,迪丽热巴超话#夏日青春派对##迪丽热巴安乐传# dlrb#迪丽热巴任安乐#“现在的她你觉得顺风顺水，可只有爱丽丝知道她一路走来的艰辛。”@Dear-迪丽热巴 ​,https://m.weibo.cn/detail/4918465062510493
演员成长与角色群像评价,post,0,粉丝点评/记忆表达明确,Dear-沈琪,迪丽热巴超话#仲夏海风放映厅#🍒#夏日青春派对#一人千面，随着光线增强，每一个她，每一个被她眷顾着、照拂过的角色，如神助般跃然纸上。墨汁在白纸上创造出纯粹而凝重的黑色，留下无法抹去的印记，亦如她所诠释的每一个形象留存荧幕和观众心里。热巴被新月和星光照亮的，非凡而光辉的演绎之路，这一路，白月光是她，黑玫瑰也是她，耀眼激烈是，浪漫温柔也是。@Dear-迪丽热巴 LDear嘀哩咕噜呀的微博视频,https://m.weibo.cn/detail/4918465011650283
演员成长与角色群像评价,post,0,粉丝点评/记忆表达明确,妍宝小跟班,迪丽热巴超话#夏日青春派对##超话星愿池# “我想，我等的就是那一个瞬间，它带我义无反顾地走上演员这条路。我的人生有了可以奋斗的目标，只要大家喜欢我的角色，我的表演就有意义。”——@Dear-迪丽热巴 ​,https://m.weibo.cn/detail/4918465008242516
生日生贺与小小迪陪伴记忆,post,0,粉丝点评/记忆表达明确,高冷栀栀,迪丽热巴超话#迪丽热巴0603生日快乐#dlrb#迪丽热巴邓妍#铐住罪恶的黑手，披着微熹的曙光，照亮黑暗，利剑出鞘，守护世间平安与美好，玫瑰为你绽放。期待《利剑玫瑰》，期待邓妍警官！@Dear-迪丽热巴迪丽热巴利剑玫瑰|邓妍|迪丽热巴公诉|安旎@Dear-迪丽热巴 ​,https://m.weibo.cn/detail/4918464731155171
任安乐/帝梓元角色记忆,post,0,粉丝点评/记忆表达明确,SK-冬至景色,迪丽热巴超话#迪丽热巴0603生日快乐#dlrb#迪丽热巴安乐传#电视剧安乐传超话 “你是帝家后人， 就该有当年帝家家主翻云覆雨的魄力” 看@Dear-迪丽热巴 饰演的任安乐/帝梓元如何翻云覆雨，我可真是太期待大女主任安乐啦，迪丽热巴古装永远的神！！迪丽热巴安乐传|任安乐|帝梓元|迪丽热巴公诉|安旎 @Dear-迪丽热巴L九方阙的微博视频,https://m.weibo.cn/detail/4918464408194362
演员成长与角色群像评价,post,0,粉丝点评/记忆表达明确,上帝眷顾的孩子y,#迪丽热巴公诉豆瓣开分6.6#dlrb #电视剧公诉# 公诉开分了6.6大家如果看过剧一起去打分吧……放弃对热巴的偏见吧……真的是好剧、值得给个公正的分数公诉，真心拍的很棒，真实的警戒，看到了、学到了、对诈骗和一系列犯罪行为产生一定戒心，这部片子就已经实现它的使命与意义电信诈骗真的害了很多人，很多的家庭，所以我们真的应该提高警惕，公诉的案例都是根据真实案例改编，之所以这么敢拍，最重要的是为了给公众普法能尽可能挽救更多的家庭，我想至少现在,https://m.weibo.cn/detail/4918464395609739
演员成长与角色群像评价,post,0,粉丝点评/记忆表达明确,Daisy呆小C,#迪丽热巴公诉豆瓣开分6.6#说实话剧情平，伟光正和说教的台词有点多，太“正儿八经”了。 看的时候吧，也不怎么想猜老A是谁，不像之前那个巡回检查组的甩棍，记忆深刻。 ​,https://m.weibo.cn/detail/4918464206345138
任安乐/帝梓元角色记忆,post,0,粉丝点评/记忆表达明确,小猪向姐,#迪丽热巴安乐传# dlrb#迪丽热巴任安乐# “我对你的爱就像百合花的花语一样，纯洁而伟大 🌷” 𝓜𝓎 𝓁𝓸𝓋𝓮 𝒻𝓸𝓇 𝓎𝓸𝓊 𝒾𝓈 𝒶𝓈 𝓅𝓊𝓇𝓮 𝒶𝓃𝒹 𝓰𝓇𝓮𝒶𝓉 𝒶𝓈 𝓉𝒽𝓮 𝒻𝓁𝓸𝓌𝓮𝓇 𝓸@Dear-迪丽热巴 ​,https://m.weibo.cn/detail/4918464038571948
任安乐/帝梓元角色记忆,post,0,粉丝点评/记忆表达明确,迪宝奶团子,迪丽热巴超话#迪丽热巴公诉#dlrb#迪丽热巴安旎#安旎上庭这段原声台词狠狠爽到我了！👊逐个击破对方辩护人提出的所有反驳意见❌，临场反应超强，不愧是检察官😎条理清晰无漏洞，声音铿锵有力！字正腔圆🎺，真的很有力量感💪🏻@Dear-迪丽热巴L解剖SK的微博视频迪丽热巴公诉|安旎|安乐传|任安乐|帝梓元,https://m.weibo.cn/detail/4918463762532291
任安乐/帝梓元角色记忆,post,0,粉丝点评/记忆表达明确,迪宝奶团子,迪丽热巴超话#迪丽热巴公诉#dlrb#迪丽热巴安旎#安旎上庭这段原声台词狠狠爽到我了！👊逐个击破对方辩护人提出的所有反驳意见❌，临场反应超强，不愧是检察官😎条理清晰无漏洞，声音铿锵有力！字正腔圆🎺，真的很有力量感💪🏻@Dear-迪丽热巴L解剖SK的微博视频迪丽热巴公诉|安旎|安乐传|任安乐|帝梓元,https://m.weibo.cn/detail/4918463682844975
乔晶晶与《你是我的荣耀》入坑记忆,post,0,粉丝点评/记忆表达明确,傲气女_,#迪丽热巴公诉##迪丽热巴安旎# 心里藏着小星星，生活才能亮晶晶，你就是我喜欢的乔晶晶。@Dear-迪丽热巴 ​,https://m.weibo.cn/detail/4918463292768473
演员成长与角色群像评价,post,0,粉丝点评/记忆表达明确,很好相处的我,#迪丽热巴公诉豆瓣开分6.6#但凡公诉能够被多一个人看到，所了解到剧想传递给大家的意义，能够让多一个人有防诈骗的意识，那么这部剧就没有失去它的意义，希望大家能够以平等客观的心态去看待这部剧，普法识法，吸取经验教训，严厉打击网络犯罪与大众共鸣，与角色共鸣，看剧人才能共情，走进角色内核，塑造职业特质特性栩栩如生，#电视剧公诉# ——#迪丽热巴安旎# 温柔强大又力量，干练利落果敢，坚韧又有人间烟火气、接地气,https://m.weibo.cn/detail/4918462461249555
生日生贺与小小迪陪伴记忆,post,0,粉丝点评/记忆表达明确,高冷栀栀,迪丽热巴超话#迪丽热巴0603生日快乐#dlrb#迪丽热巴利剑玫瑰#团圆，中国人的执念；团圆，不愿割舍的希望。希望千家万户团团圆圆，再无支离破碎之恨，期待与@Dear-迪丽热巴 一起在新剧中提升反拐意识，识别犯罪、加强自我保护能力，愿天下无拐，世界太平。迪丽热巴利剑玫瑰|邓妍|迪丽热巴公诉|安旎@Dear-迪丽热巴,https://m.weibo.cn/detail/4918462319693026
演员成长与角色群像评价,post,0,粉丝点评/记忆表达明确,方方羊530,#迪丽热巴公诉豆瓣开分6.6#看了一圈豆瓣……​怪无语的……​这买黑也太明显了……​好多个“momo”都打一星，关键头像都一样，评价都是“好烂”简短的几个字​打一星的有几个人是看过的呢？评价都是难看，有的连难看的原因都说的离大谱……压根和剧就没关系（我都怀疑和他看的是不是一部剧了），还有人说太浮夸，脱离现实，这是我最不理解，现在被骗到国外回不来，电信诈骗，被噶腰子的真的少嘛？还有一点也离谱，说不专业，真的服了，最高检出的剧，你说不专业[,https://m.weibo.cn/detail/4918459639013003
任安乐/帝梓元角色记忆,post,0,粉丝点评/记忆表达明确,爱阳是天赋,"#迪丽热巴安乐传# dlrb#迪丽热巴任安乐# dlrb我意江南似风前絮，奈少年留我终红尘.“𝓘 𝓉𝒽𝒾𝓃𝓀 𝓉𝒽𝓮 𝓈𝓸𝓊𝓉𝒽 𝓸𝒻 𝓉𝒽𝓮 𝒴𝒶𝓃𝓰𝓉𝓏𝓮 𝓡𝒾𝓋𝓮𝓇 𝒾𝓈 𝓁𝒾𝓀𝓮 𝓉𝒽𝓮 𝓌𝒾𝓃𝒹 𝒷𝓮𝒻𝓸𝓇𝓮 𝓉𝒽𝓮 𝒸𝒶𝓉𝓀𝒾𝓃𝓈, 𝒩𝒶𝒾 𝓎𝓸𝓊𝓉𝒽 𝓁𝓮𝒻𝓉 𝓂𝓮 𝒾𝓃 𝓉𝒽𝓮 𝓌𝓸𝓇𝓁𝒹 𝓸𝒻 𝓂𝓸𝓇𝓉𝒶𝓁𝓈.”@Dear-迪丽热巴",https://m.weibo.cn/detail/4918459194938695
演员成长与角色群像评价,post,0,粉丝点评/记忆表达明确,好好爱自己-0803,#迪丽热巴公诉豆瓣开分6.6##迪丽热巴# 我认为在《公诉》这部剧中演员迪丽热巴为观众呈现出了一个正直温柔坚定的检察官安妮形象，我之前并不看好她的演技，但是后来我发现他对不同的角色有不同的演绎 ，她并非演技一般，相反她非常注意一些小细节 ，在电视剧 《你是我的荣耀 》中有诸多体现 ，豆瓣开分6.6并不能代表什么 ，往后的日子里演员迪丽热巴体会我们带来更多更饱满的角色 ，期待一下热巴的新剧 《安乐传》！,https://m.weibo.cn/detail/4918457734270181
生日生贺与小小迪陪伴记忆,post,0,粉丝点评/记忆表达明确,雨系語,迪丽热巴超话#迪丽热巴0603生日快乐#dlrb#迪丽热巴邓妍#提示广大儿童家长，不独自带孩子到偏僻人少的地方，注意防范身后来的摩托车、面包车，教孩子记住城市、小区、门牌号、父母的名字及电话，期待与@Dear-迪丽热巴 一同在新剧中增强自我保护意识和防范能力。迪丽热巴利剑玫瑰|邓妍|迪丽热巴公诉|安旎@Dear-迪丽热巴,https://m.weibo.cn/detail/4918457081267485
生日生贺与小小迪陪伴记忆,post,0,粉丝点评/记忆表达明确,雨系語,迪丽热巴超话#迪丽热巴0603生日快乐#dlrb#迪丽热巴利剑玫瑰#团圆，中国人的执念；团圆，不愿割舍的希望。希望千家万户团团圆圆，再无支离破碎之恨，期待与@Dear-迪丽热巴 一起在新剧中提升反拐意识，识别犯罪、加强自我保护能力，愿天下无拐，世界太平。迪丽热巴利剑玫瑰|邓妍|迪丽热巴公诉|安旎@Dear-迪丽热巴,https://m.weibo.cn/detail/4918457030154730
花少/你好星期六等综艺片刻,post,0,粉丝点评/记忆表达明确,雪下听谎言8,迪丽热巴超话#和迪丽热巴点亮微博之夜#dlrb#迪丽热巴花儿与少年# 你是我心头上的朱砂痣，床头前的白月光。@Dear-迪丽热巴 ​,https://m.weibo.cn/detail/4985145580848696
演员成长与角色群像评价,post,0,粉丝点评/记忆表达明确,欹个枝,迪丽热巴超话#迪丽热巴正能量##和迪丽热巴点亮微博之夜# 幸福触手可及周放这段哭戏迪丽热巴演技大爆发！！！周放病情加重被送进重症监护室，眼睁睁看着医生在临床和死神抢人情绪一下子绷不住了，又难过又无助又后怕，太让人感同身受了周放剧中几段哭戏都拿捏的很好，层次分明，热巴诠释的真的可 ​,https://m.weibo.cn/detail/4985145511909256
生日生贺与小小迪陪伴记忆,post,0,粉丝点评/记忆表达明确,28号友人A,#和迪丽热巴点亮微博之夜# dlrb#迪丽热巴2024新年祝福视频# “瞬间很神奇，你在当下经历的时候，你没有办法断定它到底会不会是你人生中的一个节点，只有在它变成回忆的时候，你才明白那个价值，会突然意识到它很重要，甚至有时候没什么特别的事情发生，但就是挺重要的。”——@Dear-迪丽热巴#和迪丽热巴点亮微博之夜# dlrb #迪丽热巴花儿与少年#｜迪丽热巴花儿与少年｜花儿与少年丝路季 @Dear-迪丽热巴 ​,https://m.weibo.cn/detail/4985145304026021
花少/你好星期六等综艺片刻,post,0,粉丝点评/记忆表达明确,狐墨林,#和迪丽热巴点亮微博之夜##和迪丽热巴点亮微博之夜# dlrb #迪丽热巴花儿与少年# 唰唰唰——在线刮开小迪@Dear-迪丽热巴 本期身份卡～迪丽热巴花儿与少年丝路季｜迪丽热巴微博之夜 L嘉行迪丽热巴工作室的微博视频 ​​​#和迪丽热巴点亮微博之夜#dlrb#迪丽热巴花儿与少年#巴巴@Dear-迪丽热巴 中秋团圆宴大秀厨艺，来了一道经典川菜——麻婆豆腐～大家对菜的味道都赞不绝口~！ ​​​迪丽热巴花儿与少年｜花儿与少年丝路季迪丽热巴腾,https://m.weibo.cn/detail/4985145285680048
生日生贺与小小迪陪伴记忆,post,0,粉丝点评/记忆表达明确,ElisStarlight鎏金轨迹_,#和迪丽热巴点亮微博之夜# dlrb#迪丽热巴2024新年祝福视频# “小时候的快乐和烦恼都很纯粹，记忆中也确实拥有过极致的快乐，让我希望能回到那个时候。不过一切顺其自然长到现在，我觉得都挺好。”——@Dear-迪丽热巴 ​,https://m.weibo.cn/detail/4985145259463094
生日生贺与小小迪陪伴记忆,post,0,粉丝点评/记忆表达明确,28号友人A,#和迪丽热巴点亮微博之夜# dlrb#迪丽热巴2024新年祝福视频# “小时候的快乐和烦恼都很纯粹，记忆中也确实拥有过极致的快乐，让我希望能回到那个时候。不过一切顺其自然长到现在，我觉得都挺好。”——@Dear-迪丽热巴#和迪丽热巴点亮微博之夜# dlrb #迪丽热巴花儿与少年#｜迪丽热巴花儿与少年｜花儿与少年丝路季 @Dear-迪丽热巴 ​,https://m.weibo.cn/detail/4985145175834874
花少/你好星期六等综艺片刻,post,0,粉丝点评/记忆表达明确,5-困z,迪丽热巴超话#迪丽热巴花儿与少年# dlrb #和迪丽热巴点亮微博之夜#💐记录巴黎的点点滴「迪」，捎上一包法棍，走进路旁用鲜花点缀的咖啡店，转角的剧院里或许浪漫正在上演，来自小迪@Dear-迪丽热巴 的城市漫游记忆(≧ω≦)/迪丽热巴| 迪丽热巴邓妍 | 迪丽热巴花儿与少年 L嘉行迪丽热巴工作室的微博视频 ​​​,https://m.weibo.cn/detail/4985145081727187
生日生贺与小小迪陪伴记忆,post,0,粉丝点评/记忆表达明确,兔子乌萨奇,#和迪丽热巴点亮微博之夜# dlrb#迪丽热巴2024新年祝福视频# “小时候的快乐和烦恼都很纯粹，记忆中也确实拥有过极致的快乐，让我希望能回到那个时候。不过一切顺其自然长到现在，我觉得都挺好。”——@Dear-迪丽热巴#和迪丽热巴点亮微博之夜# dlrb #迪丽热巴花儿与少年#｜迪丽热巴花儿与少年｜花儿与少年丝路季 @Dear-迪丽热巴 ​,https://m.weibo.cn/detail/4985144605940085
爱丽丝与热巴的双向奔赴,post,0,粉丝点评/记忆表达明确,阿乔是巴崽的小宝,迪丽热巴超话真的好爱真诚的宝贝迪丽热巴和爱丽丝锁了互相陪伴一起成长一起进步L星姐微博的微博视频#和迪丽热巴点亮微博之夜# dlrb #迪丽热巴花儿与少年#｜迪丽热巴花儿与少年｜花儿与少年丝路季 @Dear-迪丽热巴从小吃可爱多多长大的阿纪也是从小很爱吃的阿纪（纪云禾） L嘉行迪丽热巴工作室的微博视频 #和迪丽热巴点亮微博之夜# dlrb #迪丽热巴花儿与少年#｜迪丽热巴花儿与少年｜花儿与少年丝路季 @Dear-迪丽热巴,https://m.weibo.cn/detail/4985144241036332
生日生贺与小小迪陪伴记忆,post,0,粉丝点评/记忆表达明确,jx上海大众江苏安吉张弓gK,#和迪丽热巴点亮微博之夜# dlrb#迪丽热巴2024新年祝福视频# “小时候的快乐和烦恼都很纯粹，记忆中也确实拥有过极致的快乐，让我希望能回到那个时候。不过一切顺其自然长到现在，我觉得都挺好。”——@Dear-迪丽热巴#和迪丽热巴点亮微博之夜# dlrb #迪丽热巴花儿与少年#｜迪丽热巴花儿与少年｜花儿与少年丝路季 @Dear-迪丽热巴 ​,https://m.weibo.cn/detail/4985144211408487
演员成长与角色群像评价,post,0,粉丝点评/记忆表达明确,欹了个枝,迪丽热巴超话#和迪丽热巴点亮微博之夜##迪丽热巴正能量# 幸福触手可及周放这段哭戏迪丽热巴演技大爆发！！！周放病情加重被送进重症监护室，眼睁睁看着医生在临床和死神抢人情绪一下子绷不住了，又难过又无助又后怕，太让人感同身受了周放剧中几段哭戏都拿捏的很好，层次分明，热巴诠释的真的可 ​,https://m.weibo.cn/detail/4985143826059939
生日生贺与小小迪陪伴记忆,post,0,粉丝点评/记忆表达明确,是一个没有素质的人,#和迪丽热巴点亮微博之夜# dlrb#迪丽热巴2024新年祝福视频# “瞬间很神奇，你在当下经历的时候，你没有办法断定它到底会不会是你人生中的一个节点，只有在它变成回忆的时候，你才明白那个价值，会突然意识到它很重要，甚至有时候没什么特别的事情发生，但就是挺重要的。”——@Dear-迪丽热巴#和迪丽热巴点亮微博之夜# dlrb #迪丽热巴花儿与少年#｜迪丽热巴花儿与少年｜花儿与少年丝路季 @Dear-迪丽热巴 ​,https://m.weibo.cn/detail/4985143645444639
生日生贺与小小迪陪伴记忆,post,0,粉丝点评/记忆表达明确,是一个没有素质的人,#和迪丽热巴点亮微博之夜# dlrb#迪丽热巴2024新年祝福视频# “生日那天我看到一句话——自己就是一个宇宙。但就是像宇宙一样复杂的自己，也总有一天可以去了解到，去找到简单的能像别人输出的东西。”——@Dear-迪丽热巴#和迪丽热巴点亮微博之夜# dlrb #迪丽热巴花儿与少年#｜迪丽热巴花儿与少年｜花儿与少年丝路季 @Dear-迪丽热巴 ​,https://m.weibo.cn/detail/4985143608218976
生日生贺与小小迪陪伴记忆,post,0,粉丝点评/记忆表达明确,是一个没有素质的人,#和迪丽热巴点亮微博之夜# dlrb#迪丽热巴2024新年祝福视频# “小时候的快乐和烦恼都很纯粹，记忆中也确实拥有过极致的快乐，让我希望能回到那个时候。不过一切顺其自然长到现在，我觉得都挺好。”——@Dear-迪丽热巴#和迪丽热巴点亮微博之夜# dlrb #迪丽热巴花儿与少年#｜迪丽热巴花儿与少年｜花儿与少年丝路季 @Dear-迪丽热巴 ​,https://m.weibo.cn/detail/4985143523024531
任安乐/帝梓元角色记忆,post,0,粉丝点评/记忆表达明确,温穆瑶,"#迪丽热巴安乐传#dlrb #迪丽热巴任安乐# “故事很简单，遇上你，喜欢你，爱上你” “𝒯𝒽𝓮 𝓈𝓉𝓸𝓇𝓎 𝒾𝓈 𝓋𝓮𝓇𝓎 𝓈𝒾𝓂𝓅𝓁𝓮, 𝓂𝓮𝓮𝓉 𝓎𝓸𝓊, 𝓁𝒾𝓀𝓮 𝓎𝓸𝓊, 𝓁𝓸𝓋𝓮 𝓎𝓸𝓊.” ​@Dear-迪丽热巴 ​​​",https://m.weibo.cn/detail/4985143383300477
生日生贺与小小迪陪伴记忆,post,0,粉丝点评/记忆表达明确,9m不爱吃香菜,#和迪丽热巴点亮微博之夜# dlrb#迪丽热巴2024新年祝福视频# “小时候的快乐和烦恼都很纯粹，记忆中也确实拥有过极致的快乐，让我希望能回到那个时候。不过一切顺其自然长到现在，我觉得都挺好。”——@Dear-迪丽热巴#和迪丽热巴点亮微博之夜# dlrb #迪丽热巴花儿与少年#｜迪丽热巴花儿与少年｜花儿与少年丝路季 @Dear-迪丽热巴 ​,https://m.weibo.cn/detail/4985142143359728
新疆舞与舞台表现名场面,post,0,粉丝点评/记忆表达明确,喜欢-Dlrb,#迪丽热巴花儿与少年# dlrb#和迪丽热巴点亮微博之夜# 我们新疆的石榴花明媚又自信“让大家去了解中国新疆的一些少数民族文化，一些舞蹈也好，歌曲也好，我觉得能带出来一点是一点，能让大家了解中国一点是一点，所以就是将自己的这份心意传达给了不了解这些文化的外国人。”——@Dear-迪丽热巴L九方阙的微博视频 #跳新疆舞的迪丽热巴美到发光#dlrb#迪丽热巴花儿与少年#dlrb#花儿与少年#｜迪丽热巴花儿与少年｜花儿与少年丝路季 @Dear,https://m.weibo.cn/detail/4985141849754856
新疆舞与舞台表现名场面,post,0,粉丝点评/记忆表达明确,兮晓晓晓,迪丽热巴超话我们新疆的石榴花明媚又自信“让大家去了解中国新疆的一些少数民族文化，一些舞蹈也好，歌曲也好，我觉得能带出来一点是一点，能让大家了解中国一点是一点，所以就是将自己的这份心意传达给了不了解这些文化的外国人。”——@Dear-迪丽热巴L九方阙的微博视频 #跳新疆舞的迪丽热巴美到发光#dlrb#迪丽热巴花儿与少年#dlrb#花儿与少年#｜迪丽热巴花儿与少年｜花儿与少年丝路季 @Dear-迪丽热巴,https://m.weibo.cn/detail/4985141485902821
生日生贺与小小迪陪伴记忆,post,0,粉丝点评/记忆表达明确,一脚蹬s阴险小人,#和迪丽热巴点亮微博之夜# dlrb#迪丽热巴2024新年祝福视频# “表演并不仅仅是一份工作，更是一场人生的奇妙旅行。如果我没有做演员，很多事情我可能不会去实现。现在做的一切并非为了明天，我只是在给未来积攒回忆，它们能让我在老去以后，回忆起这些美好。”——@Dear-迪丽热巴#和迪丽热巴点亮微博之夜# dlrb #迪丽热巴花儿与少年#｜迪丽热巴花儿与少年｜花儿与少年丝路季 @Dear-迪丽热巴 ​,https://m.weibo.cn/detail/4985141308951597
演员成长与角色群像评价,post,0,粉丝点评/记忆表达明确,迪dada-嘟嘟嘟,迪丽热巴超话 24字核心价值观分3个层面：富强、民主、文明、和谐，是国家层面的价值目标；自由、平等、公正、法治，是社会层面的价值取向；爱国、敬业、诚信、友善，是公民个人层面的价值。漂亮巴巴，爱你#和迪丽热巴点亮微博之夜#迪丽热巴超话: 公诉就是播的好啊 反响大 意义大啊 在这种冷门题材 这种宣发以及没有央视底盘等情况下 在众多古偶 现偶 鲨出一条属于自己的路况且因为这部剧很多路人认可了热巴喜欢上热巴 这部剧也让很多路人及粉丝朋友了解,https://m.weibo.cn/detail/4985140303108962
演员成长与角色群像评价,post,0,粉丝点评/记忆表达明确,迪dada-嘟嘟嘟,迪丽热巴超话迪丽热巴超话: 公诉就是播的好啊 反响大 意义大啊 在这种冷门题材 这种宣发以及没有央视底盘等情况下 在众多古偶 现偶 鲨出一条属于自己的路况且因为这部剧很多路人认可了热巴喜欢上热巴 这部剧也让很多路人及粉丝朋友了解网络诈骗以及鲨🐷盘等各种犯zui刑事 : 公诉本来就很好，不知道为啥老是有小粉丝被PUA。今年热巴各个方面都很不错，为啥老是有人觉得今年不好，我真的不理解。这类题材，公诉播出成绩真的是top级了。而且公诉这部,https://m.weibo.cn/detail/4985140272436385
生日生贺与小小迪陪伴记忆,post,0,粉丝点评/记忆表达明确,还做个樱桃,"迪丽热巴超话#迪丽热巴# dlrb#和迪丽热巴点亮微博之夜# dlrb#迪丽热巴2024新年祝福视频# ＂你的身影落在了青春的回忆，充满了美好.＂𝒴𝓸𝓊𝓇 𝒻𝒾𝓰𝓊𝓇𝓮 𝒻𝓮𝓁𝓁 𝒾𝓃 𝓉𝒽𝓮 𝓂𝓮𝓂𝓸𝓇𝒾𝓮𝓈 𝓸𝒻 𝓎𝓸𝓊𝓉𝒽, 𝒻𝓊𝓁𝓁 𝓸𝒻 𝒷𝓮𝒶𝓊𝓉𝒾𝒻𝓊𝓁.@Dear-迪丽热巴",https://m.weibo.cn/detail/4985140079498834
纪云禾与鲛人系角色记忆,post,0,粉丝点评/记忆表达明确,月光才是旎的情人,热巴是我心中的玫瑰和月亮呜呜呜🍬@Dear-迪丽热巴 #迪丽热巴纪云禾# 迪丽热巴纪云禾#迪丽热巴恰似故人归#,https://m.weibo.cn/detail/4753217387499565
纪云禾与鲛人系角色记忆,post,0,粉丝点评/记忆表达明确,用户6593743427,我们一直在 勇敢向前吧💐@Dear-迪丽热巴 #迪丽热巴纪云禾# 迪丽热巴纪云禾#迪丽热巴恰似故人归#,https://m.weibo.cn/detail/4753217386448742
纪云禾与鲛人系角色记忆,post,0,粉丝点评/记忆表达明确,酆常勾6470681296,一路长歌 热爱不止 爱你哟宝宝@Dear-迪丽热巴🍒@Dear-迪丽热巴 #迪丽热巴纪云禾# 迪丽热巴纪云禾#迪丽热巴恰似故人归#,https://m.weibo.cn/detail/4753217382518589
纪云禾与鲛人系角色记忆,post,0,粉丝点评/记忆表达明确,uproar9751,么么么么啾啾啾啾 亲爱的大宝贝@Dear-迪丽热巴 #迪丽热巴纪云禾# 迪丽热巴纪云禾#迪丽热巴恰似故人归#,https://m.weibo.cn/detail/4753217382258409
纪云禾与鲛人系角色记忆,post,0,粉丝点评/记忆表达明确,手机用户2070558242,么么么么啾啾啾啾 亲爱的大宝贝🍒@Dear-迪丽热巴 #迪丽热巴纪云禾# 迪丽热巴纪云禾#迪丽热巴恰似故人归#,https://m.weibo.cn/detail/4753217379108531
纪云禾与鲛人系角色记忆,post,0,粉丝点评/记忆表达明确,whisker光6495257754,宝宝要开心 要健康@Dear-迪丽热巴 #迪丽热巴纪云禾# 迪丽热巴纪云禾#迪丽热巴恰似故人归#,https://m.weibo.cn/detail/4753217378325789
纪云禾与鲛人系角色记忆,post,0,粉丝点评/记忆表达明确,小巴去赶海,美女老婆一如既往 万事胜意@Dear-迪丽热巴 #迪丽热巴纪云禾# 迪丽热巴纪云禾#迪丽热巴恰似故人归#,https://m.weibo.cn/detail/4753217374388867
纪云禾与鲛人系角色记忆,post,0,粉丝点评/记忆表达明确,小巴午安吖,宝宝2022有什么愿望吗？@Dear-迪丽热巴 #迪丽热巴纪云禾# 迪丽热巴纪云禾#迪丽热巴恰似故人归#,https://m.weibo.cn/detail/4753217365475440
纪云禾与鲛人系角色记忆,post,0,粉丝点评/记忆表达明确,傲娇可爱饼,【迪丽热巴恰似故人归与君初相识纪云禾】#迪丽热巴与君初相识# dlrb#迪丽热巴纪云禾# @Dear-迪丽热巴#迪丽热巴恰似故人归#清醒温柔知进退 ，努力上进且优秀。你似仙子坠凡尘，携着璀璨星河落了我满眼。目之所及、心之所向都是你 #迪丽热巴与君初相识# @Dear-迪丽热巴 #迪丽热巴纪云禾# ​​​ [好喜歡]#迪丽热巴安乐传##迪丽热巴恰似故人归#,https://m.weibo.cn/detail/4753217277922562
纪云禾与鲛人系角色记忆,post,0,粉丝点评/记忆表达明确,慕慕公主adj,"迪丽热巴超话#迪丽热巴与君初相识##迪丽热巴纪云禾# ""人和人之间最大的吸引，不是你的容貌，不是你的才华，而是传递给对方的温暖 踏实 真诚和善良。”希望垃圾好好呆在垃圾桶里，不要出来找存在感。今天依旧为迪姐心动""能够定义你的只有你自己，而不是那些对你指指点点贬低你的人。""@Dear-迪丽热巴 姐姐晚安奥 L星星adj的微博视频",https://m.weibo.cn/detail/4753217005295491
纪云禾与鲛人系角色记忆,post,0,粉丝点评/记忆表达明确,若烟禄锦,青梅竹马为何反目成“仇”？优酷《与君初相识》这对CP虐到爽都说男主是女主的，男二是大家的，优酷独播爆款仙侠剧《与君初相识》也不例外——该剧讲述了御灵师纪云禾（迪丽热巴饰）和鲛人长意（任嘉伦饰）冲破束缚，历经千难万险终成眷属，携手守护苍生的故事。虽然，大家都在优酷上为男女主的“绝美爱情”磕生嗑死，但随着第九集更新，更多的前尘往事被解开后，大家看大反派男二林昊青（肖顺尧饰）的目光，也带有了一丝丝怜爱。这是一对拿着“相爱相杀”剧本的CP：虽然,https://m.weibo.cn/detail/4753216715098265
纪云禾与鲛人系角色记忆,post,0,粉丝点评/记忆表达明确,小迪壹号啊,#迪丽热巴恰似故人归# #迪丽热巴纪云禾# “我觉得不管到什么年纪，可能人的眼神里会透露出一种沧桑感，或者经历了很多事情，很有故事的一双眼睛。当然我希望自己会有故事，但我希望那些故事是藏在我的脑袋里，眼睛里还是会像小孩一样。因为这样的人永远都会很可爱，永远都会对这个世界抱有善意，永远都会用一种美好的心去看待这个世界。”--@Dear-迪丽热巴,https://m.weibo.cn/detail/4753216204441086
纪云禾与鲛人系角色记忆,post,0,粉丝点评/记忆表达明确,小迪壹号啊,#迪丽热巴恰似故人归# #迪丽热巴纪云禾# “我觉得不管到什么年纪，可能人的眼神里会透露出一种沧桑感，或者经历了很多事情，很有故事的一双眼睛。当然我希望自己会有故事，但我希望那些故事是藏在我的脑袋里，眼睛里还是会像小孩一样。因为这样的人永远都会很可爱，永远都会对这个世界抱有善意，永远都会用一种美好的心去看待这个世界。”--@Dear-迪丽热巴,https://m.weibo.cn/detail/4753216003381519
纪云禾与鲛人系角色记忆,post,0,粉丝点评/记忆表达明确,榴莲味的酸奶疙瘩,#迪丽热巴恰似故人归# dlrb#迪丽热巴纪云禾# “我觉得不管到什么年纪，可能人的眼神里会透露出一种沧桑感，或者经历了很多事情，很有故事的一双眼睛。当然我希望自己会有故事，但我希望那些故事是藏在我的脑袋里，眼睛里还是会像小孩一样。因为这样的人永远都会很可爱，永远都会对这个世界抱有善意，永远都会用一种美好的心去看待这个世界。”--@Dear-迪丽热巴,https://m.weibo.cn/detail/4753215734416292
纪云禾与鲛人系角色记忆,post,0,粉丝点评/记忆表达明确,Richleeeee,纪云禾真是女主控的最爱呀“我纪云禾生来好胜不服管，就喜欢知其不可为而为之。”明明是最向往自 由 的 灵 魂，却一次次被 囚 禁，从万花谷到仙师府。她始终是断崖上那个霸气又不羁的纪云禾。期待电视剧恰似故人归超话 @Dear-迪丽热巴 【迪丽热巴恰似故人归纪云禾】#迪丽热巴恰似故人归# dlrb#迪丽热巴纪云禾# L俺八段酱的微博视频,https://m.weibo.cn/detail/4753212600486907
纪云禾与鲛人系角色记忆,post,0,粉丝点评/记忆表达明确,87首情诗,#与君初相识# 我的评分：🌟亮点推荐：是苦笑，是无可奈何，是在笑自己以为看到的光，等醒来才发现，这一切皆是电光火石，是在笑自己深以为然自己能逃出谷去，却还是在囚中牢笼，笑自己从此可以违抗命运得到自由，却还是回到了原点，你说她纪云禾可笑不可笑！#迪丽热巴纪云禾##迪丽热巴恰似故人归##迪丽热巴与君初相识##迪丽热巴恰似故人归#,https://m.weibo.cn/detail/4753212509519902
纪云禾与鲛人系角色记忆,post,0,粉丝点评/记忆表达明确,时过境迁心未沉i,#与君初相识# 我的评分：#迪丽热巴说自由的味道有股瓜味# 纪云禾短暂逃出结界却误入密室发现仙师八卦这段，hin有上班摸鱼不小心发现上司大瓜的赶脚了。最神奇的是这个瓜瓜还不完全是送到嘴边的，是纪云禾通过她那机灵的小脑瓜子东拼西凑、外加三寸不烂之舌半忽悠半试探仙师得出的。看到酷似顺德的画像时，第一察觉到的是：逻辑不对-他两天天相见没必要藏着画像画像不对-顺德很年轻但画像很古老环境不对-有灵力不断涌入似有阴谋这吃瓜的敏感性和准确性，都绝非普,https://m.weibo.cn/detail/4753212382911810
纪云禾与鲛人系角色记忆,post,0,粉丝点评/记忆表达明确,金金金8857金金金,#与君初相识# 我的评分：《与君初相识》🛏那一段好期待！！破碎美，这脆弱感是要离她的长意而去了吗？真的绝美啊，这画面感，狠狠的喜欢了～真的是有被这样的镜头美到，要多一点呀。长意还是那个长意啊 看哭了让这种爱而不得的感觉，让我去承担吧！别弄他们了真的好期待恰似故人归！话说，明天后还要断更4天吗？任嘉伦/长意 迪丽热巴/纪云禾#与君初相识#,https://m.weibo.cn/detail/4753210830754594
纪云禾与鲛人系角色记忆,post,0,粉丝点评/记忆表达明确,苏森淼要暴富,#与君初相识# 我的评分：#迪丽热巴纪云禾# dlrb#迪丽热巴与君初相识# 好喜欢纪云禾，纪云禾最虐的地方在于，每当她为自己争夺了一线希望的时候，或者她历经千辛万苦终于以为可以获得自己所求的时候，上天总会打破她的所有安稳。命运从来不肯放过她，但她也从来没有怨天尤人，自我放弃过。@Dear-迪丽热巴,https://m.weibo.cn/detail/4753202765104678
纪云禾与鲛人系角色记忆,post,0,粉丝点评/记忆表达明确,识人发言,#一口气炫完与君初相识#明天就与君初相识结局啦，不过还有下部等着我们呐，我们与君初相识真的还不错，好看的，剧情紧凑，全员演技在线。#迪丽热巴互动胡意旋自带bgm# 不过我最喜欢迪丽热巴纪云禾啦【迪丽热巴恰似故人归与君初相识纪云禾】#迪丽热巴与君初相识# dlrb#迪丽热巴纪云禾# @Dear-迪丽热巴#迪丽热巴恰似故人归#,https://m.weibo.cn/detail/4753196877354512
纪云禾与鲛人系角色记忆,post,0,粉丝点评/记忆表达明确,看人发言,#一口气炫完与君初相识#明天就与君初相识结局啦，不过还有下部等着我们呐，我们与君初相识真的还不错，好看的，剧情紧凑，全员演技在线。#迪丽热巴互动胡意旋自带bgm# 不过我最喜欢迪丽热巴纪云禾啦【迪丽热巴恰似故人归与君初相识纪云禾】#迪丽热巴与君初相识# dlrb#迪丽热巴纪云禾# @Dear-迪丽热巴#迪丽热巴恰似故人归#,https://m.weibo.cn/detail/4753196562257624
纪云禾与鲛人系角色记忆,post,0,粉丝点评/记忆表达明确,看人发言,#一口气炫完与君初相识#明天就与君初相识结局啦，不过还有下部等着我们呐，我们与君初相识真的还不错，好看的，剧情紧凑，全员演技在线。#迪丽热巴互动胡意旋自带bgm# 不过我最喜欢迪丽热巴纪云禾啦【迪丽热巴恰似故人归与君初相识纪云禾】#迪丽热巴与君初相识# dlrb#迪丽热巴纪云禾# @Dear-迪丽热巴#迪丽热巴恰似故人归#,https://m.weibo.cn/detail/4753196545480934
纪云禾与鲛人系角色记忆,post,0,粉丝点评/记忆表达明确,看人发言,#一口气炫完与君初相识#明天就与君初相识结局啦，不过还有下部等着我们呐，我们与君初相识真的还不错，好看的，剧情紧凑，全员演技在线。#迪丽热巴互动胡意旋自带bgm# 不过我最喜欢迪丽热巴纪云禾啦【迪丽热巴恰似故人归与君初相识纪云禾】#迪丽热巴与君初相识# dlrb#迪丽热巴纪云禾# @Dear-迪丽热巴#迪丽热巴恰似故人归#啊啊啊,https://m.weibo.cn/detail/4753196536564270
纪云禾与鲛人系角色记忆,post,0,粉丝点评/记忆表达明确,刘听艺,《与君初相识》卿瑶爱上长意，狐王得救，长意为了复仇成其女婿？迪丽热巴、任嘉伦主演的剧《与君初相识》已经更新到了18集，而在新的剧情中我们可以看到长意跟随空明前往北渊，一路上可以说是交了不少的朋友，而且他们还准备联手青丘九尾狐一族，一起对付顺德的左膀右臂凌霜台，初到北渊，他们就看到了被追杀的狐族少主卿瑶，并且准备出手相助。,https://m.weibo.cn/detail/4753196334977415
纪云禾与鲛人系角色记忆,post,0,粉丝点评/记忆表达明确,随意遂心爱意,#一口气炫完与君初相识#明天就与君初相识结局啦，不过还有下部等着我们呐，我们与君初相识真的还不错，好看的，剧情紧凑，全员演技在线。#迪丽热巴互动胡意旋自带bgm# 不过我最喜欢迪丽热巴纪云禾啦【迪丽热巴恰似故人归与君初相识纪云禾】#迪丽热巴与君初相识# dlrb#迪丽热巴纪云禾# @Dear-迪丽热巴#迪丽热巴恰似故人归#,https://m.weibo.cn/detail/4753196305614087
纪云禾与鲛人系角色记忆,post,0,粉丝点评/记忆表达明确,随意遂心爱意,#一口气炫完与君初相识#明天就与君初相识结局啦，不过还有下部等着我们呐，我们与君初相识真的还不错，好看的，剧情紧凑，全员演技在线。#迪丽热巴互动胡意旋自带bgm# 不过我最喜欢迪丽热巴纪云禾啦【迪丽热巴恰似故人归与君初相识纪云禾】#迪丽热巴与君初相识# dlrb#迪丽热巴纪云禾# @Dear-迪丽热巴#迪丽热巴恰似故人归#啊啊啊,https://m.weibo.cn/detail/4753196281235450
纪云禾与鲛人系角色记忆,post,0,粉丝点评/记忆表达明确,随意遂心爱意,#一口气炫完与君初相识#明天就与君初相识结局啦，不过还有下部等着我们呐，我们与君初相识真的还不错，好看的，剧情紧凑，全员演技在线。#迪丽热巴互动胡意旋自带bgm# 不过我最喜欢迪丽热巴纪云禾啦【迪丽热巴恰似故人归与君初相识纪云禾】#迪丽热巴与君初相识# dlrb#迪丽热巴纪云禾# @Dear-迪丽热巴#迪丽热巴恰似故人归#,https://m.weibo.cn/detail/4753196243489929
纪云禾与鲛人系角色记忆,post,0,粉丝点评/记忆表达明确,随意遂心爱意,#一口气炫完与君初相识#明天就与君初相识结局啦，不过还有下部等着我们呐，我们与君初相识真的还不错，好看的，剧情紧凑，全员演技在线。#迪丽热巴互动胡意旋自带bgm# 不过我最喜欢迪丽热巴纪云禾啦【迪丽热巴恰似故人归与君初相识纪云禾】#迪丽热巴与君初相识# dlrb#迪丽热巴纪云禾# @Dear-迪丽热巴#迪丽热巴恰似故人归#啊啊啊,https://m.weibo.cn/detail/4753196213341170
纪云禾与鲛人系角色记忆,post,0,粉丝点评/记忆表达明确,傲娇可爱饼,【迪丽热巴恰似故人归与君初相识纪云禾】#迪丽热巴与君初相识# dlrb#迪丽热巴纪云禾# @Dear-迪丽热巴#迪丽热巴恰似故人归#清醒温柔知进退 ，努力上进且优秀。你似仙子坠凡尘，携着璀璨星河落了我满眼。目之所及、心之所向都是你 #迪丽热巴与君初相识# @Dear-迪丽热巴 #迪丽热巴纪云禾# ​​​ [好喜歡]#迪丽热巴安乐传##迪丽热巴恰似故人归#,https://m.weibo.cn/detail/4753195508700082
嘻嘻迪/表情包/可爱梗,post,0,粉丝点评/记忆表达明确,西西_199311,#余生请多指教# 和老妈视频，问我在干嘛，我说看电视……老妈为啥没看？来自亲妈的吐槽：那个肖战那么帅，女的又不是啥大美女，点都不搭，还像爱她得很一样。现在年轻这代没得啥美女了我:刘亦菲刘诗诗迪丽热巴这些还是很漂亮，相差不到几年亲妈：以前我们看电视那哈，赵雅芝，王祖贤，张曼玉那些才叫漂亮我：那确实比不上亲妈：大街上随便找一个也比那女的好看嘛我：这话只有你敢说，我不敢亲妈：我们这种老婆婆有啥不敢说嘛我：我也觉得那个男的哪都好，就是眼光差了点,https://m.weibo.cn/detail/4753193483634934
纪云禾与鲛人系角色记忆,post,0,粉丝点评/记忆表达明确,i迪迪rb,#与君初相识# 我的评分：#与君初相识# 我的评分：我见过周身杀气的纪云禾，也见过宁死不屈一身傲骨的纪云禾，还见过万念俱灰的纪云禾，更见过为自己所爱之人放下自己的傲骨苦苦哀求的纪云禾，这一切都是迪丽热巴把书中的纪云禾演活了，我太爱迪丽热巴的演技了 ​​​#迪丽热巴恰似故人归# #迪丽热巴纪云禾#,https://m.weibo.cn/detail/4753192095059271
纪云禾与鲛人系角色记忆,post,0,粉丝点评/记忆表达明确,badada_only88,#仙侠剧女主终于支棱起来了# dlrb#迪丽热巴说自由的味道有股瓜味# 我见过周身杀气的纪云禾，也见过宁死不屈一身傲骨的纪云禾，还见过万念俱灰的纪云禾，更见过为自己所爱之人放下自己的傲骨苦苦哀求的纪云禾，这一切都是迪丽热巴把书中的纪云禾演活了。【迪丽热巴与君初相识纪云禾】#迪丽热巴与君初相识# dlrb#迪丽热巴纪云禾# @Dear-迪丽热巴#迪丽热巴恰似故人归#,https://m.weibo.cn/detail/4753190761274955
纪云禾与鲛人系角色记忆,post,0,粉丝点评/记忆表达明确,骑马找老王,【迪丽热巴恰似故人归与君初相识纪云禾】#迪丽热巴与君初相识# dlrb#迪丽热巴纪云禾# @Dear-迪丽热巴#迪丽热巴恰似故人归#清醒温柔知进退 ，努力上进且优秀。你似仙子坠凡尘，携着璀璨星河落了我满眼。目之所及、心之所向都是你 #迪丽热巴与君初相识# @Dear-迪丽热巴 #迪丽热巴纪云禾# ​​​ [好喜歡]#迪丽热巴安乐传##迪丽热巴恰似故人归#,https://m.weibo.cn/detail/4753189960160782
纪云禾与鲛人系角色记忆,post,0,粉丝点评/记忆表达明确,傲娇可爱饼,【迪丽热巴恰似故人归与君初相识纪云禾】#迪丽热巴与君初相识# dlrb#迪丽热巴纪云禾# @Dear-迪丽热巴#迪丽热巴恰似故人归#清醒温柔知进退 ，努力上进且优秀。你似仙子坠凡尘，携着璀璨星河落了我满眼。目之所及、心之所向都是你 #迪丽热巴与君初相识# @Dear-迪丽热巴 #迪丽热巴纪云禾# ​​​ [好喜歡]#迪丽热巴安乐传##迪丽热巴恰似故人归#,https://m.weibo.cn/detail/4753186479411683
纪云禾与鲛人系角色记忆,post,0,粉丝点评/记忆表达明确,艺术大师-,《与君初相识》长意成北渊王，设局杀顺德，顺德以纪云禾威胁长意迪丽热巴、任嘉伦主演的剧《与君初相识》已经更新到了16集，新的剧情中男女主可以说是虐到观众了，纪云禾为了守护长意，大战顺德的手下，伤痕累累，依旧屹立不倒，最后更是化身成为九尾妖狐，实力暴增，就在差点杀了顺德仙姬的时候却被仙师出手阻止了，最终纪云禾被仙师击败，囚于天师府地牢，至此开启了她痛苦的六年。,https://m.weibo.cn/detail/4753184054319397
演员成长与角色群像评价,post,0,粉丝点评/记忆表达明确,追剧女生是我,《你是我的》后，顾漫又有将影视化，被曝肖战或成男主角提到“顾漫”，以前可能只是很多书粉喜欢，而如今很多影视观众其实也十分熟悉了，因为顾漫的很多几乎都影视化了，甚至还都获得了不错的口碑，和不错的收视率。比如杨洋和迪丽热巴主演的《你是我的》，在2021年上线，一经播出后，根据网友统计，4个小时，直播破亿的播放量，虽然男女主角都是顶流，但是不得不说顾漫的作品，也确实起到了很大的作用。,https://m.weibo.cn/detail/4753183970954476
纪云禾与鲛人系角色记忆,post,0,粉丝点评/记忆表达明确,莫拉古呦_,#迪丽热巴说胡意旋是酒醉的蝴蝶#恰似故人归剧超指路电视剧恰似故人归超话欢迎大家来玩耍[虎爪比心]迪丽热巴与君初相识恰似故人归纪云禾#迪丽热巴恰似故人归#我见过周身杀气的纪云禾，也见过宁死不屈一身傲骨的纪云禾，还见过万念俱灰的纪云禾，更见过为自己所爱之人放下自己的傲骨苦苦哀求的纪云禾，这一切都是迪丽热巴把书中的纪云禾演活了。,https://m.weibo.cn/detail/4753183861640299
纪云禾与鲛人系角色记忆,post,0,粉丝点评/记忆表达明确,开心点点追剧,《与君初相识》长意黑化成北渊王，设局杀顺德，顺德卑微求饶迪丽热巴、任嘉伦主演的剧《与君初相识》已经更新到了16集，新的剧情中男女主可以说是虐到观众了，纪云禾为了守护长意，大战顺德的手下，伤痕累累，依旧屹立不倒，最后更是化身成为九尾妖狐，实力暴增，就在差点杀了顺德仙姬的时候却被仙师出手阻止了，最终纪云禾被仙师击败，囚于天师府地牢，至此开启了她痛苦的六年。,https://m.weibo.cn/detail/4753183257136419
纪云禾与鲛人系角色记忆,post,0,粉丝点评/记忆表达明确,用户7411327112,#迪丽热巴说自由的味道有股瓜味# “痛苦中孕育出的不再是歹毒的心肠，而是忍耐与坚韧，是悲悯与成全，是打不碎的傲骨与囚不住的灵魂，是爱，更是自由”是我们纪云禾#迪丽热巴互动胡意旋自带bgm# 【迪丽热巴恰似故人归与君初相识纪云禾】#迪丽热巴与君初相识# dlrb#迪丽热巴纪云禾# @Dear-迪丽热巴#迪丽热巴恰似故人归#,https://m.weibo.cn/detail/4753183148870359
纪云禾与鲛人系角色记忆,post,0,粉丝点评/记忆表达明确,傲娇可爱饼,【迪丽热巴恰似故人归与君初相识纪云禾】#迪丽热巴与君初相识# dlrb#迪丽热巴纪云禾# @Dear-迪丽热巴#迪丽热巴恰似故人归#清醒温柔知进退 ，努力上进且优秀。你似仙子坠凡尘，携着璀璨星河落了我满眼。目之所及、心之所向都是你 #迪丽热巴与君初相识# @Dear-迪丽热巴 #迪丽热巴纪云禾# ​​​ [好喜歡]#迪丽热巴安乐传##迪丽热巴恰似故人归#,https://m.weibo.cn/detail/4753182448421825
纪云禾与鲛人系角色记忆,post,0,粉丝点评/记忆表达明确,剧匣子,《与君初相识》��那一段好期待！！破碎美，这脆弱感是要离她的长意而去了吗？真的绝美啊，这画面感，狠狠的喜欢了～真的是有被这样的镜头美到，要多一点呀。长意还是那个长意啊 看哭了让这种爱而不得的感觉，让我去承担吧！别弄他们了真的好期待恰似故人归！话说，明天后还要断更4天吗？任嘉伦/长意 迪丽热巴/纪云禾#娱乐二创打卡计划##剧集二创榜##娱乐剪刀手# L木M点点的微博视频,https://m.weibo.cn/detail/4753181051720481
纪云禾与鲛人系角色记忆,post,0,粉丝点评/记忆表达明确,Sun定赐,#迪丽热巴说自由的味道有股瓜味#纪云禾是真的聪明，凭一幅画和仙师的三言两语就猜到仙姬是替身，并且毁了仙姬的脸和仙师你来我往、笑着算计人心、算计的彼此的对手戏太爽了！运筹帷幄，试探仙君，揭穿仙师，贡献计策看过#与君初相识# 谁能不做禾梦女艾琳说得对：智慧是性感的新潮流#纪云禾不是驭心是共情# L噗叽咕咕咕的微博视频,https://m.weibo.cn/detail/4753180385349914
纪云禾与鲛人系角色记忆,post,0,粉丝点评/记忆表达明确,宠报玩家,我想了想为什么对纪云禾这么喜欢，除了角色本身的设定，还有top级别的美貌，而且迪迪演技比起长歌行又进步了好多好多，我发现自己追剧的时候老是会注意她的眼神戏，然后追到现在就很满意，她都完成得好好哦。看剧的时候，我时常在美亖我了、她演得好好、虐亖我了的状态中来回切换，甚至三个同时进行，有时看着看着就沉迷于美貌了，要么就是演技高光时刻，分了很多注意力在欣赏演技上…导致我只记得大致剧情，但是很多细节都漏掉了，所以与君我真的需要至少二刷#迪丽热巴,https://m.weibo.cn/detail/4753179587906929
纪云禾与鲛人系角色记忆,post,0,粉丝点评/记忆表达明确,女鹅太优秀了怎么办,#恰似故人归#所以《与君初相识》明天就结束了！？不！！我不接受！！！我都还没吃到纪云禾的席！！！所以下部《恰似故人归》能无缝衔接吗！！！我想吃纪云禾的席！！！！！！！【迪丽热巴与君初相识纪云禾】#迪丽热巴与君初相识# dlrb#迪丽热巴纪云禾# @Dear-迪丽热巴,https://m.weibo.cn/detail/4753178375228672
纪云禾与鲛人系角色记忆,post,0,粉丝点评/记忆表达明确,倒也不必en,#与君初相识# 我的评分：#与君初相识##迪丽热巴纪云禾# 四海八荒没有比纪云禾更惨的了吧，好容易看到自由的希望，却被告知所剩时日无多；“狠心欺骗”心爱的人离开，自己身陷囹圄，又被告知具有双脉灵力，死不了；结界松动趁机逃出，只获得几分钟自由又被抓回,https://m.weibo.cn/detail/4753177201085841
纪云禾与鲛人系角色记忆,post,0,粉丝点评/记忆表达明确,安旎的心不能伤,#迪丽热巴说自由的味道有股瓜味#迪丽热巴与君初相识恰是故人归纪云禾#迪丽热巴恰是故人归# 【迪丽热巴恰似故人归与君初相识纪云禾】#迪丽热巴与君初相识# dlrb#迪丽热巴纪云禾# @Dear-迪丽热巴#迪丽热巴恰似故人归#最爱有头脑有谋略有胆识武力值高的大女主了 迪丽热巴演活了纪云禾crL愁容骑士典当记的微博视频,https://m.weibo.cn/detail/4753172642140220
纪云禾与鲛人系角色记忆,post,0,粉丝点评/记忆表达明确,送旎洋桔梗,#迪丽热巴与君初相识# dlrb#迪丽热巴纪云禾# “我觉得不管到什么年纪，可能人的眼神里会透露出一种沧桑感，或者经历了很多事情，很有故事的一双眼睛。当然我希望自己会有故事，但我希望那些故事是藏在我的脑袋里，眼睛里还是会像小孩一样。因为这样的人永远都会很可爱，永远都会对这个世界抱有善意，永远都会用一种美好的心去看待这个世界。”--@Dear-迪丽热巴,https://m.weibo.cn/detail/4753171568659196
纪云禾与鲛人系角色记忆,post,0,粉丝点评/记忆表达明确,寂山虚叶,与君初相识编剧谁呀什么毛病加的什么狗屁角色，本来多绝美的爱情非得加成狗血剧，活生生拉低好几个档次，我要气死了我这么喜欢这本小说这么喜欢选角，他妈得烦死了憋屈死了，长意和云禾一直都是从一而终从未动摇，这加的气死人，云禾受苦六年，长意身边陪着对他觊觎的女人，真膈应，本来干干净净的感情突然变得世俗，还没看完就忍不住来吐槽了#迪丽热巴与君初相识##与君初相识#,https://m.weibo.cn/detail/4753165604356382
纪云禾与鲛人系角色记忆,post,0,粉丝点评/记忆表达明确,时尚星icon,#迪丽热巴说自由的味道有股瓜味##纪云禾不是驭心是共情# 《驭鲛记之与君初相识》今日更新🈶纪云禾自由了没多久又被抓回了从棘所，但她吃到了仙师的瓜，连@Dear-迪丽热巴 都调侃说自由的味道有股瓜味，而后纪云禾共情小天君并成功和他结盟，真不愧是万花谷最强的御灵师，驭心能力杠杠的#idoltube# LDear-迪丽热巴的微博视频,https://m.weibo.cn/detail/4753164529831125
纪云禾与鲛人系角色记忆,post,0,粉丝点评/记忆表达明确,柠濛彩虹糖,#迪丽热巴纪云禾# dlrb#迪丽热巴与君初相识# @Dear-迪丽热巴 “其实有很多小事情，即使你很想澄清也不知道如何去解释，很多时候别人就想看你出糗或者在脑海里给你设定一个形象，也不过想看一个热闹而已。父母说，你努力做好工作就好了。其实也算不上什么委屈，我也不想卖惨，我知道自己在做什么就好了，没有必要告诉所有人我在干什么”—— @Dear-迪丽热巴,https://m.weibo.cn/detail/4753164467440928
纪云禾与鲛人系角色记忆,post,0,粉丝点评/记忆表达明确,dadadadabb,#与君初相识# 我的评分：🌟亮点推荐：#与君初相识#迪丽热巴超话#迪丽热巴纪云禾# 女主演技在线，必须追，你可以永远相信迪丽热巴的演技，纪云禾，独立，善良，可以为爱的人去死，把这个角色演绎得很棒，看了这么多剧，就是这部剧深入我心，在与君初相识里最爱女主的角色了，不怕事，勇敢。迪丽热巴真的把纪云禾演活了👍👍👍,https://m.weibo.cn/detail/4753161124580355
嘻嘻迪/表情包/可爱梗,post,0,粉丝点评/记忆表达明确,dlrbwcx0603,#迪丽热巴专属考古基地# “我觉得不管到什么年纪，可能人的眼神里会透露出一种沧桑感，或者经历了很多事情，很有故事的一双眼睛 当然我也希望自己会有故事，但是我希望那些故事是藏在我的脑袋里，眼睛里还是会像小孩子一样 因为这样的人永远都会很可爱，永远都会对这个世界报有善意，永远都会用一种美好的心去看待这个世界”—— @Dear-迪丽热巴#一年一度粉丝考古大赛# dlrb#请回答x时代# L嘉行迪丽热巴工作室的微博视频,https://m.weibo.cn/detail/4753158502879072
纪云禾与鲛人系角色记忆,post,0,粉丝点评/记忆表达明确,呵呵你个FOX,最近的工作与生活真的是混乱又忙碌，抽空剪了短发转换心情洗过后发梢会翘起来，和纪云禾短发出场的那样，我自己感觉帅帅哒@Dear-迪丽热巴 亲爱的小热巴，你演的纪云禾真的既温柔又强大，我也想成为那样的女子#迪丽热巴纪云禾# #迪丽热巴与君初相识# 未来我们一起继续加油,https://m.weibo.cn/detail/4753158288445123
纪云禾与鲛人系角色记忆,post,0,粉丝点评/记忆表达明确,靓凶本人,#迪丽热巴纪云禾# “我觉得不管到什么年纪，可能人的眼神里会透露出一种沧桑感，或者经历了很多事情，很有故事的一双眼睛。当然我希望自己会有故事，但我希望那些故事是藏在我的脑袋里，眼睛里还是会像小孩一样。因为这样的人永远都会很可爱，永远都会对这个世界抱有善意，永远都会用一种美好的心去看待这个世界。”--@Dear-迪丽热巴#迪丽热巴与君初相识# L靓凶本人的微博视频,https://m.weibo.cn/detail/4753156732883992
纪云禾与鲛人系角色记忆,post,0,粉丝点评/记忆表达明确,齐三太郎,#迪丽热巴与君初相识# dlrb#迪丽热巴纪云禾# 我见过周身杀气的纪云禾，也见过宁死不屈一身傲骨的纪云禾，还见过万念俱灰的纪云禾，更见过为自己所爱之人放下自己的傲骨苦苦哀求的纪云禾迪丽热巴把书中的纪云禾演活了。这个春天有你@Dear-迪丽热巴 有纪云禾，仿佛寻找到了心头的桃花源【迪丽热巴与君初相识纪云禾】 L齐三太郎的微博视频,https://m.weibo.cn/detail/4753153464996174
纪云禾与鲛人系角色记忆,post,0,粉丝点评/记忆表达明确,大餅的第五根鬍鬚,【迪丽热巴恰似故人归与君初相识纪云禾】#迪丽热巴与君初相识# dlrb#迪丽热巴纪云禾# @Dear-迪丽热巴#迪丽热巴恰似故人归#清醒温柔知进退 ，努力上进且优秀。你似仙子坠凡尘，携着璀璨星河落了我满眼。目之所及、心之所向都是你 #迪丽热巴与君初相识# @Dear-迪丽热巴 #迪丽热巴纪云禾# ​​​ [好喜歡]#迪丽热巴安乐传##迪丽热巴恰似故人归#,https://m.weibo.cn/detail/4753143932652533
纪云禾与鲛人系角色记忆,post,0,粉丝点评/记忆表达明确,大餅的第四根鬍鬚,清醒温柔知进退 ，努力上进且优秀。你似仙子坠凡尘，携着璀璨星河落了我满眼。目之所及、心之所向都是你 #迪丽热巴与君初相识# @Dear-迪丽热巴 #迪丽热巴纪云禾# ​​​ [好喜歡]#迪丽热巴安乐传##迪丽热巴恰似故人归# 【迪丽热巴恰似故人归与君初相识纪云禾】#迪丽热巴与君初相识# dlrb#迪丽热巴纪云禾# @Dear-迪丽热巴#迪丽热巴恰似故人归#,https://m.weibo.cn/detail/4753143273620566
纪云禾与鲛人系角色记忆,post,0,粉丝点评/记忆表达明确,大餅的第四根鬍鬚,【迪丽热巴恰似故人归与君初相识纪云禾】#迪丽热巴与君初相识# dlrb#迪丽热巴纪云禾# @Dear-迪丽热巴#迪丽热巴恰似故人归#清醒温柔知进退 ，努力上进且优秀。你似仙子坠凡尘，携着璀璨星河落了我满眼。目之所及、心之所向都是你 #迪丽热巴与君初相识# @Dear-迪丽热巴 #迪丽热巴纪云禾# ​​​ [好喜歡]#迪丽热巴安乐传##迪丽热巴恰似故人归#,https://m.weibo.cn/detail/4753143232203651
纪云禾与鲛人系角色记忆,post,0,粉丝点评/记忆表达明确,大餅的第三根鬍鬚,【迪丽热巴恰似故人归与君初相识纪云禾】#迪丽热巴与君初相识# dlrb#迪丽热巴纪云禾# @Dear-迪丽热巴#迪丽热巴恰似故人归#清醒温柔知进退 ，努力上进且优秀。你似仙子坠凡尘，携着璀璨星河落了我满眼。目之所及、心之所向都是你 #迪丽热巴与君初相识# @Dear-迪丽热巴 #迪丽热巴纪云禾# ​​​ [好喜歡]#迪丽热巴安乐传##迪丽热巴恰似故人归#,https://m.weibo.cn/detail/4753142707128092
纪云禾与鲛人系角色记忆,post,0,粉丝点评/记忆表达明确,傲娇可爱饼,【迪丽热巴恰似故人归与君初相识纪云禾】#迪丽热巴与君初相识# dlrb#迪丽热巴纪云禾# @Dear-迪丽热巴#迪丽热巴恰似故人归#清醒温柔知进退 ，努力上进且优秀。你似仙子坠凡尘，携着璀璨星河落了我满眼。目之所及、心之所向都是你 #迪丽热巴与君初相识# @Dear-迪丽热巴 #迪丽热巴纪云禾# ​​​ [好喜歡]#迪丽热巴安乐传##迪丽热巴恰似故人归#,https://m.weibo.cn/detail/4753142027916309
纪云禾与鲛人系角色记忆,post,0,粉丝点评/记忆表达明确,hldxl,#与君初相识# 我的评分：纪云禾在万花谷是束缚的，她极度渴望自由，外表坚韧不屈，内心却也柔软。有大爱会为大尾巴鱼心动，也有小爱完成自己的驭妖任务。心有梦幻仙岛，脚下却万般滋味。对不公抱有不平并敢于挑战自己，极限对峙。面对顺德仙姬种种刁难不屈不饶，面对大尾巴鱼的深情隐忍自己即将仙逝的不经意。从来不哭的纪云禾的确没有哭，她只是留下“珍珠”而已。总说爆发式的演技用爆发式的哭来形容。我喜欢的爆发式演技恰恰是纪云禾隐忍而又倔强的、不经意间的自然流,https://m.weibo.cn/detail/4753127390055064
纪云禾与鲛人系角色记忆,post,0,粉丝点评/记忆表达明确,起名太难了啊啊,#仙侠剧女主终于支棱起来了#dlrb#迪丽热巴纪云禾# 一遍遍，认真工作的宝贝迪丽热巴，对自己高标准高要求的演员迪丽热巴。纪云禾这样强大隐忍温柔有爱的女主怎么能不爱呢？最爱迪丽热巴纪云禾，迪丽热巴与君初相识纪云禾，这么好看的剧，一定要让更多人看到！@Dear-迪丽热巴 #迪丽热巴与君初相识# 【迪丽热巴与君初相识恰似故人归纪云禾】#仙侠剧女主终于不再是傻白甜了# L迪脱脱的微博视频 ​,https://m.weibo.cn/detail/4753127163301139
纪云禾与鲛人系角色记忆,post,0,粉丝点评/记忆表达明确,娜卡玛咖,#与君初相识# 我的评分：剧情好看！迪丽热巴真好看，台词功底，表情状态都很好！特别是侧脸说话的时候，高贵的气质姿态，哪怕是配音，整个人的状态都完全对的上，不尴尬，除了夸还是夸。颜值 古装就不用说了，重点是演技真的太大惊喜了，这次的人设太适合迪丽热巴了，感觉就是本人。单看迪丽热巴对手戏的时候真的很出彩，古装yyds。眼神，台词，表现力，声音，全部在线，真的各位去细品和鲛人做朋友那些戏份。我整个人完全被吸引进去了。感觉编剧就是专门为迪丽热巴,https://m.weibo.cn/detail/4753121026511174
纪云禾与鲛人系角色记忆,post,0,粉丝点评/记忆表达明确,长安ly28,#仙侠剧女主终于支棱起来了#你们有你们喜欢的，我也有我喜欢的啊，我真的好喜欢纪云禾啊，她温柔强大，渴望自由，最喜欢她眼中含泪微笑，喜欢她在悬崖上以一己之力抵抗众敌，她也可以为了自己爱的人付出一切。每个人都有自己的选择，我就是喜欢纪云禾，就像我也超级喜欢李长歌一样。#迪丽热巴纪云禾##迪丽热巴与君初相识#,https://m.weibo.cn/detail/4753119734401454
纪云禾与鲛人系角色记忆,post,0,粉丝点评/记忆表达明确,你是我的清欢z,#仙侠剧女主终于支棱起来了#首先这是个仙侠剧热搜，有自己喜欢的仙侠剧女主都可以进行安利，还有做个文明人吧，不要随随便便就出口成脏。然后就目前来说纪云禾在我心里是最好的，只仅限于我自己，别人有自己认为更好的那你们可以自由发挥，最后欢迎大家今晚六点可以一起去优酷看与君初相识！#迪丽热巴与君初相识# dlrb#迪丽热巴纪云禾#,https://m.weibo.cn/detail/4753116094270085
纪云禾与鲛人系角色记忆,post,0,粉丝点评/记忆表达明确,酸奶疙瘩787825215,#与君初相识# 我的评分：纪云禾在万花谷是束缚的，她极度渴望自由，外表坚韧不屈，内心却也柔软。有大爱会为大尾巴鱼心动，也有小爱完成自己的驭妖任务。心有梦幻仙岛，脚下却万般滋味。对不公抱有不平并敢于挑战自己，极限对峙。面对顺德仙姬种种刁难不屈不饶，面对大尾巴鱼的深情隐忍自己即将仙逝的不经意。从来不哭的纪云禾的确没有哭，她只是留下“珍珠”而已。总说爆发式的演技用爆发式的哭来形容。我喜欢的爆发式演技恰恰是纪云禾隐忍而又倔强的、不经意间的自然流,https://m.weibo.cn/detail/4753115377309100
纪云禾与鲛人系角色记忆,post,0,粉丝点评/记忆表达明确,热热的心头好烊,#仙侠剧女主终于支棱起来了#今天开始给我的感觉有点平，铺垫太多，四条线并行，里面的女性形象每一个都很有个性很丰满。首先还是说一下我最爱的纪云禾，在不见天日的丛棘所里，纪云禾每天备受折磨，像顺德所说，无论怎么折磨她，她一直都在笑很心疼她，终其一生想要的自由却只能禁锢在一隅之地。在这样的地方她应该会很孤独吧，但是长意也是她活下去，想要逃出去的希望。其次，我今天最感动的点竟然是一个反派，忠心事主——说的就是张仙侍，虽然人很坏，但对顺德仙姬真的,https://m.weibo.cn/detail/4753114933232757
纪云禾与鲛人系角色记忆,post,0,粉丝点评/记忆表达明确,Dear-Cuixin,#仙侠剧女主终于支棱起来了# dlrb#仙侠剧女主终于不再是傻白甜了# 我见过周身杀气的纪云禾，也见过宁死不屈一身傲骨的纪云禾，还见过万念俱灰的纪云禾，更见过为自己所爱之人放下自己的傲骨苦苦哀求的纪云禾，这一切都是迪丽热巴把书中的纪云禾演活了。【迪丽热巴与君初相识纪云禾】#迪丽热巴与君初相识# dlrb#迪丽热巴纪云禾# @Dear-迪丽热巴#迪丽热巴恰似故人归#,https://m.weibo.cn/detail/4753114714604472
纪云禾与鲛人系角色记忆,post,0,粉丝点评/记忆表达明确,莫拉古呦_,#仙侠剧女主终于支棱起来了#曾经，温婉清纯的“小白花”女主充斥古装剧市场，随着“大女主剧”的兴起，杀伐决断的“黑莲花”女主后来居上，占领审美高地。而这两种类型的女主共性则是，大部分依赖外在环境驱动人物成长，前者是爱情，后者是复仇。相比而言，《与君初相识》中迪丽热巴饰演的女主纪云禾，则有着更强的自驱力。降服姑获鸟、拒收仙使的恩惠，纪云禾初登场便是忠于自我的事业型女主形象。紧接着，纪云禾参与训鲛、结盟雪三月，皆是在逆境之下主动向命运出击的个,https://m.weibo.cn/detail/4753111228354159
纪云禾与鲛人系角色记忆,post,0,粉丝点评/记忆表达明确,光和风都偏爱你,#迪丽热巴# 【迪丽热巴任安乐】【迪丽热巴纪云禾】【迪丽热巴与君初相识】#人间shooter迪丽热巴# 【迪丽热巴】【迪丽热巴迪力木拉提】【dlrb】【热巴】【巴巴】【巴姐】【88】【四字女星】【九字女星】【迪丽热巴粉丝】【rb】#时代美人迪丽热巴#【迪丽热巴粉丝热爱公益】 【巴粉】【爱丽丝】#迪丽热巴与君初相识#@Dear-迪丽热巴 #迪丽热巴纪云禾#,https://m.weibo.cn/detail/4753111048786116
纪云禾与鲛人系角色记忆,post,0,粉丝点评/记忆表达明确,看剧的蓝绵,迪丽热巴回应古装造型硬朗，一切为角色服务，用8个字完美解释迪丽热巴回应古装造型硬朗，一切为角色服务，8个字完美解释！最近《驭鲛记之与君初相识》主演迪丽热巴，凭借纪云禾一角，每天的热议一浪高过一浪的热度。近日，在采访中谈到剧中短发造型，她透露曾担心观众不认可，没想到成片这么帅。回应观众吐槽她“古装造型硬朗”时，回答：“我的心理也挺硬朗”，8个字完美作出了解释，采访中就能感受到她真的自信放光芒。热巴一出场的短发造型，就给人一种干事业的感觉，,https://m.weibo.cn/detail/4753109600964487
纪云禾与鲛人系角色记忆,post,0,粉丝点评/记忆表达明确,香草精冰淇淋,#迪丽热巴被四种文学整害羞了# “我现在也不会觉得自己有多幸运，因为这一路走来，我都记得自己非常清晰的脚步，怎么一步一步，能够到今天，其实幸运还是要靠自己。”--@Dear-迪丽热巴 【迪丽热巴恰似故人归与君初相识纪云禾】#迪丽热巴与君初相识# dlrb#迪丽热巴纪云禾# @Dear-迪丽热巴#迪丽热巴恰似故人归# 微博正文,https://m.weibo.cn/detail/4753109471992140
纪云禾与鲛人系角色记忆,post,0,粉丝点评/记忆表达明确,全能小仙女我喜欢,#与君初相识# 我的评分：#与君初相识# 我的评分：#与君初相识# 纪云禾似乎好像被透明玻璃罐装起来了，一切爱恨的体现都最终会回到自己身上。“我皮痒欠揍，你又不是不知道。”“我这条命还真是硬。”这一生纪云禾从来由不得自己，至少这颗心要毫无畏惧。【迪丽热巴与君初相识纪云禾】,https://m.weibo.cn/detail/4753109265417472
纪云禾与鲛人系角色记忆,post,0,粉丝点评/记忆表达明确,草莓奶油蛋糕的小可爱,迪丽热巴超话#迪丽热巴被四种文学整害羞了# dlrb#仙侠剧女主终于支棱起来了# 我们迪丽热巴纪云禾，又美又飒，机智勇敢，内心强大，完美女性！#迪丽热巴与君初相识#dlrb#迪丽热巴纪云禾#你向往自由而不得，被禁锢于小小的谷中。你能看透万灵背后的秘密，却无法触碰自己内心的渴求。很高兴遇见你，纪云禾@Dear-迪丽热巴【迪丽热巴与君初相识纪云禾】L电视剧与君初相识的优酷视频 ​​​,https://m.weibo.cn/detail/4753107475761951
纪云禾与鲛人系角色记忆,post,0,粉丝点评/记忆表达明确,吃定彩虹迪C,#与君初相识# 我的评分：#与君初相识# 我的评分：#与君初相识# 纪云禾虽然被囚但仍有求生的意志和思念， 一直在为自己积蓄力量逃出去纪云禾一颗心要毫无畏惧◉ 迪丽热巴×纪云禾丨#与君初相识#,https://m.weibo.cn/detail/4753107156995088
纪云禾与鲛人系角色记忆,post,0,粉丝点评/记忆表达明确,小芋头2130,#仙侠剧女主终于支棱起来了# 就是喜欢纪云禾这种大女主📢📢📢就是喜欢纪云禾这种大女主📢📢📢就是喜欢纪云禾这种大女主📢📢📢就是喜欢纪云禾这种大女主📢📢📢就是喜欢纪云禾这种大女主📢📢📢【迪丽热巴与君初相识纪云禾】#迪丽热巴与君初相识#dlrb#迪丽热巴纪云禾#@Dear-迪丽热巴,https://m.weibo.cn/detail/4753105985737348
纪云禾与鲛人系角色记忆,post,0,粉丝点评/记忆表达明确,贺思慕的迷妹,#迪丽热巴被四种文学整害羞了##迪丽热巴与君初相识# 【迪丽热巴与君初相识纪云禾】这是饼干这是豆干我是迪丽热巴纪云禾的小心肝世界上有4种猪，豪猪、野猪、乳猪，还有纪云禾今夜过此崖者，诛！！ 世界上有4种河，黄河、恒河、尼罗河，还有优酷播出的纪云禾！！@Dear-迪丽热巴 喜欢吗,https://m.weibo.cn/detail/4753105054601752
纪云禾与鲛人系角色记忆,post,0,粉丝点评/记忆表达明确,Serendipity_玫瑰,#与君初相识# 我的评分：#迪丽热巴前后反差感##仙侠剧女主终于支棱起来了#【迪丽热巴】#仙侠剧女主终于不再是傻白甜了##纪云禾发现天师的真实目的#【迪丽热巴纪云禾】【迪丽热巴恰似故人归与君初相识纪云禾】#迪丽热巴纪云禾##迪丽热巴与君初相识# 【纪云禾】#与君初相识# dlrb@Dear-迪丽热巴 ​​​,https://m.weibo.cn/detail/4753104388754787
纪云禾与鲛人系角色记忆,post,0,粉丝点评/记忆表达明确,Cakee7_8,#与君初相识# 我的评分：#与君初相识##迪丽热巴与君初相识# 纪云禾一个美惨强的御灵师，为了长意被折磨六年，却死在了重逢后的第一年为什么被折磨六年还不敢死啊，因为她身上有长意的鲛珠啊，她死了鲛珠，顺德就会拿到长意的鲛珠，长意也活不了了呀 与君初相识·恰如故人归yyds,https://m.weibo.cn/detail/4753103839038665
纪云禾与鲛人系角色记忆,post,0,粉丝点评/记忆表达明确,热热么么么么啾啾啾啾,#与君初相识# 我的评分：纪云禾在万花谷是束缚的，她极度渴望自由，外表坚韧不屈，内心却也柔软。有大爱会为大尾巴鱼心动，也有小爱完成自己的驭妖任务。心有梦幻仙岛，脚下却万般滋味。对不公抱有不平并敢于挑战自己，极限对峙。面对顺德仙姬种种刁难不屈不饶，面对大尾巴鱼的深情隐忍自己即将仙逝的不经意。从来不哭的纪云禾的确没有哭，她只是留下“珍珠”而已。总说爆发式的演技用爆发式的哭来形容。我喜欢的爆发式演技恰恰是纪云禾隐忍而又倔强的、不经意间的自然流,https://m.weibo.cn/detail/4753098981771148
纪云禾与鲛人系角色记忆,post,0,粉丝点评/记忆表达明确,翎羽200806,#仙侠剧女主终于支棱起来了# 就是喜欢迪丽热巴的纪云禾啊，还有纪云禾是大女主，那几个和那一些群体那几家尤其那一家的常客，看你们都看腻了，又来了呢别一天天的啥啥都来碰瓷！别下作 大家记得O今晚6点优酷看与君初相识哦 ，强推！要剧情有剧情的，要打戏有打戏，要真实有真实，要血性有血性……总之好不好看，你来看了就知道啊！上部即将完结，快跟上啊,https://m.weibo.cn/detail/4753097563312430
纪云禾与鲛人系角色记忆,post,0,粉丝点评/记忆表达明确,粉红色的小爪爪,#仙侠剧女主终于支棱起来了#就爱纪云禾！！！就爱纪云禾！！！就爱纪云禾！！！大女主纪云禾就要支棱！大女主纪云禾就要支棱！大女主纪云禾就要支棱！就爱脊梁最硬的御灵师纪云禾！！！就爱脊梁最硬的御灵师纪云禾！！！就爱脊梁最硬的御灵师纪云禾！！！我们纪云禾作为女性也可以守护所爱之人！！！我们纪云禾作为女性也可以守护所爱之人！！！我们纪云禾作为女性也可以守护所爱之人！！！就爱纪云禾这样的大女主！就爱纪云禾这样的大女主！就爱纪云禾这样的大女主！纪云,https://m.weibo.cn/detail/4753094552848880
纪云禾与鲛人系角色记忆,post,0,粉丝点评/记忆表达明确,黑崎一护之零叁零肆卍,#仙侠剧女主终于支棱起来了# 总是反复被纪云禾感动@Dear-迪丽热巴 她始终忠于自我：从未放弃外面那个向往的世界，努力去实现自己和洛洛的梦；她真挚又善良：训御灵兽从不用暴虐的手段而是真心换真心，所以地仙都爱她；她坚定又执着：为了保护心爱的人，宁可自己被误会折磨多年，真是个“傻丫头”；她勇敢又坚韧：面对黑暗和暴虐从不退缩，孤身守崖，千疮百孔也不会退；这就是我们的纪云禾呀，即使对峙过绝望也不曾哭一场，我永远爱她。纪云禾！你应该像风一样自由,https://m.weibo.cn/detail/4753093357734987
纪云禾与鲛人系角色记忆,post,0,粉丝点评/记忆表达明确,安乐的压寨夫人,#仙侠剧女主终于支棱起来了#就爱纪云禾！！！就爱纪云禾！！！就爱纪云禾！！！大女主纪云禾就要支棱！大女主纪云禾就要支棱！大女主纪云禾就要支棱！就爱脊梁最硬的御灵师纪云禾！！！就爱脊梁最硬的御灵师纪云禾！！！就爱脊梁最硬的御灵师纪云禾！！！我们纪云禾作为女性也可以守护所爱之人！！！我们纪云禾作为女性也可以守护所爱之人！！！我们纪云禾作为女性也可以守护所爱之人！！！就爱纪云禾这样的大女主！就爱纪云禾这样的大女主！就爱纪云禾这样的大女主！纪云,https://m.weibo.cn/detail/4753092925720267
演员成长与角色群像评价,post,0,粉丝点评/记忆表达明确,独自一人追剧,《你是我的》后，顾漫又有将影视化，被曝肖战或成男主角提到“顾漫”，以前可能只是很多书粉喜欢，而如今很多影视观众其实也十分熟悉了，因为顾漫的很多几乎都影视化了，甚至还都获得了不错的口碑，和不错的收视率。比如杨洋和迪丽热巴主演的《你是我的》，在2021年上线，一经播出后，根据网友统计，4个小时，直播破亿的播放量，虽然男女主角都是顶流，但是不得不说顾漫的作品，也确实起到了很大的作用。,https://m.weibo.cn/detail/4753092702111249
纪云禾与鲛人系角色记忆,post,0,粉丝点评/记忆表达明确,焦糖味奶冻果,#仙侠剧女主终于支棱起来了# 总是反复被纪云禾感动@Dear-迪丽热巴 她始终忠于自我：从未放弃外面那个向往的世界，努力去实现自己和洛洛的梦；她真挚又善良：训御灵兽从不用暴虐的手段而是真心换真心，所以地仙都爱她；她坚定又执着：为了保护心爱的人，宁可自己被误会折磨多年，真是个“傻丫头”；#与君初相识#L果_是花果山的果的优酷视频,https://m.weibo.cn/detail/4753091759703968
纪云禾与鲛人系角色记忆,post,0,粉丝点评/记忆表达明确,哈欠鱼儿小宝贝,#仙侠剧女主终于支棱起来了# 总是反复被纪云禾感动@Dear-迪丽热巴 她始终忠于自我：从未放弃外面那个向往的世界，努力去实现自己和洛洛的梦；她真挚又善良：训御灵兽从不用暴虐的手段而是真心换真心，所以地仙都爱她；她坚定又执着：为了保护心爱的人，宁可自己被误会折磨多年，真是个“傻丫头”；她勇敢又坚韧：面对黑暗和暴虐从不退缩，孤身守崖，千疮百孔也不会退；这就是我们的纪云禾呀纪云禾！你应该像风一样自由！#与君初相识#L果_是花果山的果的优酷视,https://m.weibo.cn/detail/4753091432288673
纪云禾与鲛人系角色记忆,post,0,粉丝点评/记忆表达明确,Selfshnessa,#仙侠剧女主终于支棱起来了# 总是反复被纪云禾感动@Dear-迪丽热巴 她始终忠于自我：从未放弃外面那个向往的世界，努力去实现自己和洛洛的梦；她真挚又善良：训御灵兽从不用暴虐的手段而是真心换真心，所以地仙都爱她；她坚定又执着：为了保护心爱的人，宁可自己被误会折磨多年，真是个“傻丫头”；她勇敢又坚韧：面对黑暗和暴虐从不退缩，孤身守崖，千疮百孔也不会退；这就是我们的纪云禾呀，即使对峙过绝望也不曾哭一场，我永远爱她。#与君初相识#L果_是花果,https://m.weibo.cn/detail/4753091323236733
任安乐/帝梓元角色记忆,post,0,粉丝点评/记忆表达明确,我最欧不接受反驳,#迪丽热巴安乐传#迪丽热巴安乐传#迪丽热巴任安乐#迪丽热巴任安乐|迪丽热巴帝梓元 电视剧安乐传超话迪丽热巴古装yyds，咱就是说任安乐大美女@Dear-迪丽热巴 啥时候来和我们相见 L橘纱糖的微博视频 ​,https://m.weibo.cn/detail/4786194389140728
任安乐/帝梓元角色记忆,post,0,粉丝点评/记忆表达明确,齐三太郎,#迪丽热巴安乐传#迪丽热巴安乐传#迪丽热巴任安乐#迪丽热巴任安乐|迪丽热巴帝梓元 电视剧安乐传超话我们寨主真的是好强好会撩！！！！！谁对着任安乐@Dear-迪丽热巴 能不脸红啊ฅฅ*L雪碧三分饱的微博视频 ​​​ ​​​,https://m.weibo.cn/detail/4786194355325018
白凤九与三生三世情怀,post,0,粉丝点评/记忆表达明确,蜜桃草莓香蕉,#迪丽热巴公诉精英# 百分百高回报率演员#迪丽热巴安乐传# 2018烈火如歌优酷年冠 登阿里财报2019创造营2019 登腾讯财报2020三生三世枕上书腾讯年冠 登腾讯财报2021你是我的荣耀 登腾讯财报2022与君初相识恰似故人归 优酷用户和会员转换率最高 ​,https://m.weibo.cn/detail/4786194212980105
任安乐/帝梓元角色记忆,post,0,粉丝点评/记忆表达明确,你若在z,就很不错哈哈哈#迪丽热巴安乐传#迪丽热巴安乐传#迪丽热巴任安乐#迪丽热巴任安乐｜迪丽热巴帝梓元@Dear-迪丽热巴,https://m.weibo.cn/detail/4786193819245377
迪拜报平安/守护型记忆,post,0,粉丝点评/记忆表达明确,·椿野樱丸,“我觉得我跟自己和解的时间算是比较长的。因为我也不是时时刻刻自信，以前是特别不自信，然后加上特别没安全感，但是现在会稍微好那么一点点。大多数一遇到不自信或者是没安全感的时候，我就会去跟自己做一个心理的沟通“哎呀不行不行，不能这样想”，就会稍微好一点” ——@Dear-迪丽热巴,https://m.weibo.cn/detail/4786193760518173
任安乐/帝梓元角色记忆,post,0,粉丝点评/记忆表达明确,巴杯樱桃茶,迪丽热巴超话#迪丽热巴任安乐# dlrb#roseonly品牌代言人迪丽热巴# “我觉得我跟自己和解的时间算是比较长的。因为我也不是时时刻刻自信，以前是特别不自信，然后加上特别没安全感，但是现在会稍微好那么一点点。大多数一遇到不自信或者是没安全感的时候，我就会去跟自己做一个心理的沟通“哎呀不行不行，不能这样想”，就会稍微好一点” ——@Dear-迪丽热巴,https://m.weibo.cn/detail/4786190370736386
任安乐/帝梓元角色记忆,post,0,粉丝点评/记忆表达明确,TuTeaR-,迪丽热巴超话 #迪丽热巴安乐传# #迪丽热巴任安乐# “我觉得我做的最棒的一次决定，好像就是在做一些事情都坚持吧。但我觉得这不是一个特别大的东西。就怎么说，不是说一件大事上，反而是很多小事，或者是比较难熬的日子，坚持下来。我觉得坚持应该是我做过最棒的一件事”——@Dear-迪丽热巴,https://m.weibo.cn/detail/4786190060886404
任安乐/帝梓元角色记忆,post,0,粉丝点评/记忆表达明确,我系丸子脑袋啊-,#迪丽热巴安乐传# dlrb#迪丽热巴任安乐# 🔸晚风吹起你的头发，而你拨动了我的心弦🔹 🔹𝓣𝓱𝓮 𝓷𝓲𝓰𝓱𝓽 𝔀𝓲𝓷𝓭 𝓫𝓵𝓸𝔀𝓼 𝔂𝓸𝓾𝓻 𝓱𝓪𝓲𝓻 𝓪𝓷𝓭 𝔂𝓸𝓾 𝓽𝓸𝓾𝓬𝓱 𝓶𝔂 𝓱𝓮𝓪𝓻𝓽.🔸@Dear-迪丽热巴,https://m.weibo.cn/detail/4786190006098119
任安乐/帝梓元角色记忆,post,0,粉丝点评/记忆表达明确,吃一口小迪的泡芙,#迪丽热巴任安乐# dlrb#roseonly品牌代言人迪丽热巴# “我觉得我跟自己和解的时间算是比较长的。因为我也不是时时刻刻自信，以前是特别不自信，然后加上特别没安全感，但是现在会稍微好那么一点点。大多数一遇到不自信或者是没安全感的时候，我就会去跟自己做一个心理的沟通“哎呀不行不行，不能这样想”，就会稍微好一点” ——@Dear-迪丽热巴,https://m.weibo.cn/detail/4786189896253681
迪拜报平安/守护型记忆,post,0,粉丝点评/记忆表达明确,星动一夏巴,迪丽热巴超话“我觉得我跟自己和解的时间算是比较长的。因为我也不是时时刻刻自信，以前是特别不自信，然后加上特别没安全感，但是现在会稍微好那么一点点。大多数一遇到不自信或者是没安全感的时候，我就会去跟自己做一个心理的沟通“哎呀不行不行，不能这样想”，就会稍微好一点” ——@Dear-迪丽热巴,https://m.weibo.cn/detail/4786189335531738
迪拜报平安/守护型记忆,post,0,粉丝点评/记忆表达明确,楊迪崽,#迪丽热巴安旎# dlrb#迪丽热巴公诉精英# “我觉得我跟自己和解的时间算是比较长的。因为我也不是时时刻刻自信，以前是特别不自信，然后加上特别没安全感，但是现在会稍微好那么一点点。大多数一遇到不自信或者是没安全感的时候，我就会去跟自己做一个心理的沟通“哎呀不行不行，不能这样想”，就会稍微好一点” ——@Dear-迪丽热巴,https://m.weibo.cn/detail/4786189083870048
任安乐/帝梓元角色记忆,post,0,粉丝点评/记忆表达明确,荔枝味的甜橘,#迪丽热巴任安乐# dlrb#迪丽热巴公诉精英# “我觉得我跟自己和解的时间算是比较长的。因为我也不是时时刻刻自信，以前是特别不自信，然后加上特别没安全感，但是现在会稍微好那么一点点。大多数一遇到不自信或者是没安全感的时候，我就会去跟自己做一个心理的沟通“哎呀不行不行，不能这样想”，就会稍微好一点” ——@Dear-迪丽热巴,https://m.weibo.cn/detail/4786188973507971
任安乐/帝梓元角色记忆,post,0,粉丝点评/记忆表达明确,哎哟喂迪呀,迪丽热巴超话#迪丽热巴任安乐#迪丽热巴任安乐#迪丽热巴安乐传#迪丽热巴安乐传｜迪丽热巴帝梓元@Dear-迪丽热巴“其实女生有时候化化妆打扮打扮自己，去买一些漂漂亮亮的小衣服穿上，其实完全就是你自己心情好，我想去做这件事，而不是因为一定要让谁看到要让谁去评价我这现在好不好，完全只是取决于我自己想要去做这件事”——@Dear-迪丽热巴,https://m.weibo.cn/detail/4786188743873251
迪拜报平安/守护型记忆,post,0,粉丝点评/记忆表达明确,芝士鱼丸好次_,#迪丽热巴安旎# dlrb#迪丽热巴公诉精英# “我觉得我跟自己和解的时间算是比较长的。因为我也不是时时刻刻自信，以前是特别不自信，然后加上特别没安全感，但是现在会稍微好那么一点点。大多数一遇到不自信或者是没安全感的时候，我就会去跟自己做一个心理的沟通“哎呀不行不行，不能这样想”，就会稍微好一点” @Dear-迪丽热巴,https://m.weibo.cn/detail/4786188026643495
任安乐/帝梓元角色记忆,post,0,粉丝点评/记忆表达明确,用户7770487219,迪丽热巴超话#迪丽热巴安旎#dlrb#迪丽热巴公诉精英#热巴演出了检察官的沉稳干练和正气凛然，很难不期待我们检察官安旎@Dear-迪丽热巴 迪丽热巴安旎|公诉精英|迪丽热巴安乐传|任安乐|帝梓元 @Dear-迪丽热巴L腾讯视频VIP的微博视频 ​,https://m.weibo.cn/detail/4819534173180191
任安乐/帝梓元角色记忆,post,0,粉丝点评/记忆表达明确,互联网面包小达人,迪丽热巴超话#迪丽热巴安旎#dlrb#迪丽热巴公诉精英#期待公诉精英的播出!!迪丽热巴的剧最有保障了，人美演技好，看得赏心悦目 迪丽热巴安旎|公诉精英|迪丽热巴安乐传|任安乐|帝梓元 @Dear-迪丽热巴 L冬日士多啤梨的微博视频 ​,https://m.weibo.cn/detail/4819534135954173
任安乐/帝梓元角色记忆,post,0,粉丝点评/记忆表达明确,用户7770487219,迪丽热巴超话#迪丽热巴安旎#dlrb#迪丽热巴公诉精英#期待公诉精英的播出!!迪丽热巴的剧最有保障了，人美演技好，看得赏心悦目 迪丽热巴安旎|公诉精英|迪丽热巴安乐传|任安乐|帝梓元 @Dear-迪丽热巴 L冬日士多啤梨的微博视频 ​,https://m.weibo.cn/detail/4819534027163559
任安乐/帝梓元角色记忆,post,0,粉丝点评/记忆表达明确,响铃静音振动,电视剧安乐传超话#迪丽热巴任安乐#dlrb#迪丽热巴安乐传# 电视剧安乐传超话我们寨主真的是好强好会撩！！！！！谁对着任安乐@Dear-迪丽热巴 能不脸红啊ฅฅ*迪丽热巴任安乐|帝梓元 @Dear-迪丽热巴L雪碧三分饱的微博视频 ​​​ ​​​,https://m.weibo.cn/detail/4819534009340053
任安乐/帝梓元角色记忆,post,0,粉丝点评/记忆表达明确,甜甜迪转圈圈,迪丽热巴超话 未遂风云变，争不恣游狂荡。何须论得丧，才子佳人，自是白衣卿相。骑马飒沓而来，尔可识得是故人？马上望得风萧云卷，乃我任安乐@Dear-迪丽热巴 归来之相！迪丽热巴安乐传#迪丽热巴安乐传#dlrb #迪丽热巴任安乐# 迪丽热巴任安乐L电视剧安乐传的微博视频 ​,https://m.weibo.cn/detail/4819534009599076
任安乐/帝梓元角色记忆,post,0,粉丝点评/记忆表达明确,甜甜迪转圈圈,迪丽热巴超话 未遂风云变，争不恣游狂荡。何须论得丧，才子佳人，自是白衣卿相。骑马飒沓而来，尔可识得是故人？马上望得风萧云卷，乃我任安乐@Dear-迪丽热巴 归来之相！迪丽热巴安乐传#迪丽热巴安乐传#dlrb #迪丽热巴任安乐# 迪丽热巴任安乐L电视剧安乐传的微博视频 ​,https://m.weibo.cn/detail/4819533983913457
任安乐/帝梓元角色记忆,post,0,粉丝点评/记忆表达明确,叶凡无名_792,#迪丽热巴安旎#dlrb#迪丽热巴公诉精英#迪丽热巴演技真的绝了!!台词铿锵有力展现了新时代女公诉人的风采@Dear-迪丽热巴迪丽热巴安旎|公诉精英|迪丽热巴安乐传|任安乐|帝梓元 @Dear-迪丽热巴 L真真努力酱-的微博视频 ​​​ ​​​,https://m.weibo.cn/detail/4819533887968026
任安乐/帝梓元角色记忆,post,0,粉丝点评/记忆表达明确,甜甜迪转圈圈,迪丽热巴超话 未遂风云变，争不恣游狂荡。何须论得丧，才子佳人，自是白衣卿相。骑马飒沓而来，尔可识得是故人？马上望得风萧云卷，乃我任安乐@Dear-迪丽热巴 归来之相！迪丽热巴安乐传#迪丽热巴安乐传#dlrb #迪丽热巴任安乐# 迪丽热巴任安乐L电视剧安乐传的微博视频 ​,https://m.weibo.cn/detail/4819533708397485
任安乐/帝梓元角色记忆,post,0,粉丝点评/记忆表达明确,甜甜迪转圈圈,迪丽热巴超话 未遂风云变，争不恣游狂荡。何须论得丧，才子佳人，自是白衣卿相。骑马飒沓而来，尔可识得是故人？马上望得风萧云卷，乃我任安乐@Dear-迪丽热巴 归来之相！迪丽热巴安乐传#迪丽热巴安乐传#dlrb #迪丽热巴任安乐# 迪丽热巴任安乐L电视剧安乐传的微博视频 ​,https://m.weibo.cn/detail/4819533686374647
任安乐/帝梓元角色记忆,post,0,粉丝点评/记忆表达明确,阔爱的啾啾咪,#迪丽热巴安旎#dlrb#迪丽热巴公诉精英#期待公诉精英的播出!!迪丽热巴的剧最有保障了，人美演技好，看得赏心悦目 迪丽热巴安旎|公诉精英|迪丽热巴安乐传|任安乐|帝梓元 @Dear-迪丽热巴 L冬日士多啤梨的微博视频 ​,https://m.weibo.cn/detail/4819533615076220
乔晶晶与《你是我的荣耀》入坑记忆,post,0,粉丝点评/记忆表达明确,迪迪卫不打烊_,迪丽热巴超话迪丽热巴超话#迪丽热巴乔晶晶# dlrb#迪丽热巴你是我的荣耀# “玫瑰花盛开的代价是凋零，但是舞台会一直无条件服从她”@Dear-迪丽热巴 ​,https://m.weibo.cn/detail/4819533581786766
任安乐/帝梓元角色记忆,post,0,粉丝点评/记忆表达明确,叶凡无名_792,#迪丽热巴安旎#dlrb#迪丽热巴公诉精英#热巴演出了检察官的沉稳干练和正气凛然，很难不期待我们检察官安旎@Dear-迪丽热巴 迪丽热巴安旎|公诉精英|迪丽热巴安乐传|任安乐|帝梓元 @Dear-迪丽热巴L腾讯视频VIP的微博视频 ​,https://m.weibo.cn/detail/4819533489242819
任安乐/帝梓元角色记忆,post,0,粉丝点评/记忆表达明确,XL有甜8,#迪丽热巴任安乐#dlrb#迪丽热巴安乐传#电视剧安乐传超话我们寨主真的是好强好会撩！！！！！谁对着任安乐@Dear-迪丽热巴 能不脸红啊ฅฅ*迪丽热巴任安乐|帝梓元|安乐传|迪丽热巴公诉精英|安旎 @Dear-迪丽热巴L雪碧三分饱的微博视频 ​​​ ​​​,https://m.weibo.cn/detail/4819533367612407
任安乐/帝梓元角色记忆,post,0,粉丝点评/记忆表达明确,XL有甜8,#迪丽热巴安旎#dlrb#迪丽热巴公诉精英#@Dear-迪丽热巴 眼神戏好好啊，看着她的眼睛就会入戏!迪丽热巴安旎|公诉精英|迪丽热巴安乐传|任安乐|帝梓元 @Dear-迪丽热巴 L公诉精英的微博视频 ​​,https://m.weibo.cn/detail/4819533329601246
任安乐/帝梓元角色记忆,post,0,粉丝点评/记忆表达明确,叶凡无名_792,迪丽热巴超话#迪丽热巴任安乐#dlrb#迪丽热巴安乐传#电视剧安乐传超话“是风动，还是幡动”是心动💓我们的安乐寨寨主快来吧，真的等不及了！迪丽热巴任安乐|帝梓元|安乐传|迪丽热巴公诉精英|安旎 @Dear-迪丽热巴Ltodayis-lly的微博视频 ​,https://m.weibo.cn/detail/4819533275338043
任安乐/帝梓元角色记忆,post,0,粉丝点评/记忆表达明确,XL有甜8,"#迪丽热巴任安乐#dlrb#迪丽热巴安乐传#电视剧安乐传超话“你是帝家后人，聚和散，无休上演”襟飘带舞,裙裾飞扬,我那命运般的安乐寨主，什么时候才能团圆😭😭迪丽热巴任安乐|帝梓元|安乐传|迪丽热巴公诉精英|安旎 @Dear-迪丽热巴L唐沁GARBAGE的微博视频 ​",https://m.weibo.cn/detail/4819533237325905
嘻嘻迪/表情包/可爱梗,post,0,粉丝点评/记忆表达明确,热巴的鱼尾,#校花的具象化#迪丽热巴超话还得是我们的巴巴，可爱与美貌于一身啊，古灵精怪，美貌出圈 ​,https://m.weibo.cn/detail/4819532990908253
任安乐/帝梓元角色记忆,post,0,粉丝点评/记忆表达明确,Dear-薄荷雨天,#迪丽热巴安乐传# dlrb#迪丽热巴任安乐# “你一个不经意间的动作，足以惊艳我整个青春”@Dear-迪丽热巴 ​,https://m.weibo.cn/detail/4819532978325613
乔晶晶与《你是我的荣耀》入坑记忆,post,0,粉丝点评/记忆表达明确,零九的夏秋,迪丽热巴超话dlrb#迪丽热巴纪云禾# dlrb#迪丽热巴乔晶晶# 你是我情诗里念念不忘的每一行@Dear-迪丽热巴 ​,https://m.weibo.cn/detail/4819532257171611
任安乐/帝梓元角色记忆,post,0,粉丝点评/记忆表达明确,0603Destiny,#迪丽热巴安旎#dlrb#迪丽热巴公诉精英#看了预感的人都会被安旎吸引住!!@Dear-迪丽热巴 细腻式演技没有人会不着迷 迪丽热巴安旎|公诉精英|迪丽热巴安乐传|任安乐|帝梓元 @Dear-迪丽热巴 L雪碧三分饱的微博视频 ​​​ ​​​,https://m.weibo.cn/detail/4819531731831331
任安乐/帝梓元角色记忆,post,0,粉丝点评/记忆表达明确,-是姝不是妹-,迪丽热巴李慧珍超话#迪丽热巴安旎#dlrb#迪丽热巴公诉精英#期待公诉精英的播出!!迪丽热巴的剧最有保障了，人美演技好，看得赏心悦目 迪丽热巴安旎|公诉精英|迪丽热巴安乐传|任安乐|帝梓元 @Dear-迪丽热巴 L冬日士多啤梨的微博视频 ​,https://m.weibo.cn/detail/4819531283566148
任安乐/帝梓元角色记忆,post,0,粉丝点评/记忆表达明确,Dilraba的心不能伤,迪丽热巴超话#迪丽热巴安旎#dlrb#迪丽热巴公诉精英#看了预感的人都会被安旎吸引住!!@Dear-迪丽热巴 细腻式演技没有人会不着迷 迪丽热巴安旎|公诉精英|迪丽热巴安乐传|任安乐|帝梓元 @Dear-迪丽热巴 L雪碧三分饱的微博视频 ​​​ ​​​,https://m.weibo.cn/detail/4819530818524543
任安乐/帝梓元角色记忆,post,0,粉丝点评/记忆表达明确,白茶若无清欢,迪丽热巴超话|#迪丽热巴任安乐#dlrb#迪丽热巴安乐传#| 电视剧安乐传超话被我们寨主迷得神魂颠倒，要和美女@Dear-迪丽热巴 贴贴迪丽热巴任安乐|帝梓元|安乐传|迪丽热巴公诉精英|安旎 @Dear-迪丽热巴L雪碧三分饱的微博视频 ​,https://m.weibo.cn/detail/4819530700560403
任安乐/帝梓元角色记忆,post,0,粉丝点评/记忆表达明确,云上绝巅Six,迪丽热巴超话#迪丽热巴任安乐#dlrb#迪丽热巴安乐传# 电视剧安乐传超话 “你是帝家后人， 就该有当年帝家家主翻云覆雨的魄力” 看@Dear-迪丽热巴 饰演的任安乐/帝梓元如何翻云覆雨，我可真是太期待大女主任安乐啦，迪丽热巴古装永远的神！！迪丽热巴任安乐|帝梓元|安乐传|迪丽热巴公诉精英|安旎 @Dear-迪丽热巴L九方阙的微博视频,https://m.weibo.cn/detail/4819524908224992
任安乐/帝梓元角色记忆,post,0,粉丝点评/记忆表达明确,云上绝巅Four,迪丽热巴超话#迪丽热巴任安乐#dlrb#迪丽热巴安乐传# 电视剧安乐传超话 “你是帝家后人， 就该有当年帝家家主翻云覆雨的魄力” 看@Dear-迪丽热巴 饰演的任安乐/帝梓元如何翻云覆雨，我可真是太期待大女主任安乐啦，迪丽热巴古装永远的神！！迪丽热巴任安乐|帝梓元|安乐传|迪丽热巴公诉精英|安旎 @Dear-迪丽热巴L九方阙的微博视频,https://m.weibo.cn/detail/4819523414530879
白凤九与三生三世情怀,post,0,粉丝点评/记忆表达明确,嘉行第一大废物,迪丽热巴超话#迪丽热巴任安乐# #迪丽热巴安旎# 【巴巴 88 巴姐 迪丽热巴粉丝@Dear-迪丽热巴 】#迪丽热巴#百分百高回报率演员2018烈火如歌优酷年冠 登阿里财报2019创造营2019 登腾讯财报2020三生三世枕上书腾讯年冠 登腾讯财报2021你是我的荣耀 登腾讯财报2022与君初相识恰似故人归 优酷用户和会员转换率最高巴巴粉 dlrb 巴姐 四字女星 九字女星,https://m.weibo.cn/detail/4819521300863909
任安乐/帝梓元角色记忆,post,0,粉丝点评/记忆表达明确,一九九二零六零三199409,迪丽热巴超话#迪丽热巴任安乐#dlrb#迪丽热巴安乐传#电视剧安乐传超话 “你是帝家后人， 就该有当年帝家家主翻云覆雨的魄力” 看@Dear-迪丽热巴 饰演的任安乐/帝梓元如何翻云覆雨，我可真是太期待大女主任安乐啦，迪丽热巴古装永远的神！！迪丽热巴任安乐|帝梓元|安乐传|迪丽热巴公诉精英|安旎 @Dear-迪丽热巴L九方阙的微博视频,https://m.weibo.cn/detail/4819520307073401
任安乐/帝梓元角色记忆,post,0,粉丝点评/记忆表达明确,樱桃小丸子的阿丝儿,迪丽热巴超话#迪丽热巴任安乐#dlrb#迪丽热巴安乐传#电视剧安乐传超话 “你是帝家后人， 就该有当年帝家家主翻云覆雨的魄力” 看@Dear-迪丽热巴 饰演的任安乐/帝梓元如何翻云覆雨，我可真是太期待大女主任安乐啦，迪丽热巴古装永远的神！！迪丽热巴任安乐|帝梓元|安乐传|迪丽热巴公诉精英|安旎 @Dear-迪丽热巴L九方阙的微博视频,https://m.weibo.cn/detail/4819517568451670
任安乐/帝梓元角色记忆,post,0,粉丝点评/记忆表达明确,·雾岛屿迪·,迪丽热巴超话#迪丽热巴安乐传# dlrb#迪丽热巴任安乐# 是寒冬里绽放的白梅 是骨骼里不枯的玫瑰 是我永远的热爱🦋 𝓘𝓽 𝓲𝓼 𝓽𝓱𝓮 𝔀𝓱𝓲𝓽𝓮 𝓹𝓵𝓾𝓶 𝓽𝓱𝓪𝓽 𝓫𝓵𝓸𝓸𝓶𝓼 𝓲𝓷 𝓽𝓱𝓮 𝓬𝓸𝓵𝓭 𝔀𝓲𝓷𝓽𝓮𝓻 𝓲𝓽 𝓲𝓼 𝓽𝓱𝓮@Dear-迪丽热巴,https://m.weibo.cn/detail/4819509649084722
任安乐/帝梓元角色记忆,post,0,粉丝点评/记忆表达明确,-璐璐咕噜噜,迪丽热巴超话#迪丽热巴#dlrb#迪丽热巴公诉精英#期待公诉精英的播出!!迪丽热巴的剧最有保障了，人美演技好，看得赏心悦目 迪丽热巴公诉精英｜安旎|迪丽热巴安乐传|任安乐|帝梓元 @Dear-迪丽热巴 L冬日士多啤梨的微博视频 ​,https://m.weibo.cn/detail/4852873996013407
任安乐/帝梓元角色记忆,post,0,粉丝点评/记忆表达明确,蜡笔小新的放纵与坚持30560,迪丽热巴超话#迪丽热巴纪云禾年度最热奇幻剧角色# dlrb#和迪丽热巴一起迎接2023# 你眼中倒映的星河烂漫，是我不曾见过的世外桃源@Dear-迪丽热巴 迪丽热巴安乐传|任安乐|迪丽热巴帝梓元|迪丽热巴公诉精英|安旎@Dear-迪丽热巴 #迪丽热巴安乐传#dlrb#迪丽热巴任安乐#L拉迪休·HD的微博视频〖安慕希2〗,https://m.weibo.cn/detail/4852873873591657
任安乐/帝梓元角色记忆,post,0,粉丝点评/记忆表达明确,uoisv,迪丽热巴超话#迪丽热巴#dlrb#迪丽热巴公诉精英#热巴演出了检察官的沉稳干练和正气凛然，很难不期待我们检察官安旎@Dear-迪丽热巴 迪丽热巴公诉精英|安旎｜迪丽热巴安乐传|任安乐|帝梓元 @Dear-迪丽热巴L腾讯视频VIP的微博视频 ​,https://m.weibo.cn/detail/4852873772673386
爱丽丝与热巴的双向奔赴,post,0,粉丝点评/记忆表达明确,云星曦月,迪丽热巴超话#和迪丽热巴一起迎接2023# dlrb#与迪丽热巴一起欢乐跨年##微博跨年狂欢节#愿新的一年迪丽热巴与爱丽丝都自由自在，无忧无虑，平安喜乐。@Dear-迪丽热巴L不灭幽灵的微博视频 ​,https://m.weibo.cn/detail/4852873748023665
爱丽丝与热巴的双向奔赴,post,0,粉丝点评/记忆表达明确,肉巴的阿乔小朋友,迪丽热巴超话#和迪丽热巴一起迎接2023# dlrb#与迪丽热巴一起欢乐跨年##微博跨年狂欢节#愿新的一年迪丽热巴与爱丽丝都自由自在，无忧无虑，平安喜乐。@Dear-迪丽热巴L不灭幽灵的微博视频 ​,https://m.weibo.cn/detail/4852873726264665
任安乐/帝梓元角色记忆,post,0,粉丝点评/记忆表达明确,uoisv,迪丽热巴超话#迪丽热巴#dlrb#迪丽热巴公诉精英#期待公诉精英的播出!!迪丽热巴的剧最有保障了，人美演技好，看得赏心悦目 迪丽热巴公诉精英｜安旎|迪丽热巴安乐传|任安乐|帝梓元 @Dear-迪丽热巴 L冬日士多啤梨的微博视频 ​,https://m.weibo.cn/detail/4852873692978366
任安乐/帝梓元角色记忆,post,0,粉丝点评/记忆表达明确,钱多多多益善,迪丽热巴超话#迪丽热巴#dlrb#迪丽热巴安乐传#电视剧安乐传超话wuli任安乐什么时候来！什么时候来娶我！已经迫不及待了！迪丽热巴安乐传｜任安乐|帝梓元|迪丽热巴公诉精英|安旎 @Dear-迪丽热巴L市井浪漫的微博视频 ​,https://m.weibo.cn/detail/4852873668604418
爱丽丝与热巴的双向奔赴,post,0,粉丝点评/记忆表达明确,心智者之向往,迪丽热巴超话#和迪丽热巴一起迎接2023# dlrb#与迪丽热巴一起欢乐跨年##微博跨年狂欢节#愿新的一年迪丽热巴与爱丽丝都自由自在，无忧无虑，平安喜乐。@Dear-迪丽热巴L不灭幽灵的微博视频 ​,https://m.weibo.cn/detail/4852873651553834
爱丽丝与热巴的双向奔赴,post,0,粉丝点评/记忆表达明确,林予唯爱888,迪丽热巴超话#和迪丽热巴一起迎接2023# dlrb#与迪丽热巴一起欢乐跨年##微博跨年狂欢节#愿新的一年迪丽热巴与爱丽丝都自由自在，无忧无虑，平安喜乐。@Dear-迪丽热巴L不灭幽灵的微博视频 ​,https://m.weibo.cn/detail/4852873597041584
任安乐/帝梓元角色记忆,post,0,粉丝点评/记忆表达明确,-小璐别乱撞,"迪丽热巴超话#迪丽热巴安旎# dlrb#迪丽热巴公诉精英#""你永远是一个秘密是我青春公开的秘密""迪丽热巴公诉精英｜安旎｜迪丽热巴安乐传｜任安乐｜帝梓元@Dear-迪丽热巴 ​",https://m.weibo.cn/detail/4852873370534766
任安乐/帝梓元角色记忆,post,0,粉丝点评/记忆表达明确,蜡笔小新的放纵与坚持30560,迪丽热巴超话#迪丽热巴纪云禾年度最热奇幻剧角色# dlrb#和迪丽热巴一起迎接2023# 你不是三岁小孩，你有自己的辨别能力，不要因为别人的三言两语而质疑自己喜欢了很久的爱豆。@Dear-迪丽热巴 迪丽热巴安乐传|任安乐|迪丽热巴帝梓元|迪丽热巴公诉精英|安旎@Dear-迪丽热巴 #迪丽热巴安乐传#dlrb#迪丽热巴任安乐#L嘉行迪丽热巴工作室的微博视频【妖猫花絮】,https://m.weibo.cn/detail/4852873253364687
任安乐/帝梓元角色记忆,post,0,粉丝点评/记忆表达明确,迪迪的奶油宝,迪丽热巴超话#迪丽热巴#dlrb#迪丽热巴公诉精英#热巴演出了检察官的沉稳干练和正气凛然，很难不期待我们检察官安旎@Dear-迪丽热巴 迪丽热巴公诉精英|安旎｜迪丽热巴安乐传|任安乐|帝梓元 @Dear-迪丽热巴L腾讯视频VIP的微博视频 ​,https://m.weibo.cn/detail/4852873202501049
爱丽丝与热巴的双向奔赴,post,0,粉丝点评/记忆表达明确,我又是谁啊,迪丽热巴超话#和迪丽热巴一起迎接2023# dlrb#与迪丽热巴一起欢乐跨年##微博跨年狂欢节#愿新的一年迪丽热巴与爱丽丝都自由自在，无忧无虑，平安喜乐。@Dear-迪丽热巴L不灭幽灵的微博视频 ​,https://m.weibo.cn/detail/4852873119146220
任安乐/帝梓元角色记忆,post,0,粉丝点评/记忆表达明确,-与迪吟情诗-,"迪丽热巴超话#迪丽热巴安旎# dlrb#迪丽热巴公诉精英#""我的太阳继续照亮我吧在这个世界我只想你拉着我的手奔跑""迪丽热巴公诉精英｜安旎｜迪丽热巴安乐传｜任安乐｜帝梓元@Dear-迪丽热巴 ​",https://m.weibo.cn/detail/4852873080605443
爱丽丝与热巴的双向奔赴,post,0,粉丝点评/记忆表达明确,御灵高手纪云禾,迪丽热巴超话#和迪丽热巴一起迎接2023# dlrb#与迪丽热巴一起欢乐跨年##微博跨年狂欢节#愿新的一年迪丽热巴与爱丽丝都自由自在，无忧无虑，平安喜乐。@Dear-迪丽热巴L不灭幽灵的微博视频 ​,https://m.weibo.cn/detail/4852873059898280
爱丽丝与热巴的双向奔赴,post,0,粉丝点评/记忆表达明确,酒香闻人,迪丽热巴超话#和迪丽热巴一起迎接2023# dlrb#与迪丽热巴一起欢乐跨年##微博跨年狂欢节#愿新的一年迪丽热巴与爱丽丝都自由自在，无忧无虑，平安喜乐。@Dear-迪丽热巴L不灭幽灵的微博视频 ​,https://m.weibo.cn/detail/4852873017693343
任安乐/帝梓元角色记忆,post,0,粉丝点评/记忆表达明确,-小璐别乱撞,"迪丽热巴超话#迪丽热巴安旎# dlrb#迪丽热巴公诉精英#“镜头里的对视，哪怕是隔着屏幕 我也能感觉到你的灵魂炽热耀眼” ""𝓛𝓸𝓸𝓴𝓲𝓷𝓰 𝓪𝓽 𝓮𝓪𝓬𝓱 𝓸𝓽𝓱𝓮𝓻 𝓲𝓷 𝓽𝓱𝓮 𝓵𝓮𝓷𝓼, 𝓮𝓿𝓮𝓷 𝓪𝓬𝓻𝓸𝓼𝓼 𝓽𝓱𝓮 𝓼𝓬𝓻𝓮𝓮𝓷, 𝓘 𝓬𝓪𝓷 𝓯𝓮𝓮𝓵 𝔂𝓸𝓾𝓻 𝓼𝓸𝓾𝓵 𝓱𝓸𝓽 𝓪𝓷𝓭 𝓭𝓪𝔃𝔃𝓵𝓲𝓷𝓰.""迪丽热巴公诉精英｜安旎｜迪丽热巴安乐传｜任安乐｜帝梓元@Dear-迪丽热巴",https://m.weibo.cn/detail/4852872984144908
任安乐/帝梓元角色记忆,post,0,粉丝点评/记忆表达明确,-与迪吟情诗-,"迪丽热巴超话#迪丽热巴安旎# dlrb#迪丽热巴公诉精英#𝓘𝓷 𝓮𝓿𝓮𝓻𝔂 𝓹𝓪𝓼𝓽 𝓽𝓱𝓪𝓽 𝓘 𝓱𝓪𝓿𝓮𝓷'𝓽 𝓶𝓮𝓽 𝔂𝓸𝓾, 𝓘 𝓱𝓪𝓿𝓮 𝓫𝓮𝓮𝓷 𝔀𝓸𝓻𝓴𝓲𝓷𝓰 𝓱𝓪𝓻𝓭. 在每一个还未与你相遇的过去中，我都有在努力迪丽热巴公诉精英｜安旎｜迪丽热巴安乐传｜任安乐｜帝梓元@Dear-迪丽热巴",https://m.weibo.cn/detail/4852872707060063
任安乐/帝梓元角色记忆,post,0,粉丝点评/记忆表达明确,-与迪吟情诗-,迪丽热巴超话#迪丽热巴安旎# dlrb#迪丽热巴公诉精英#身边的杂音太多了 所以我选择戴上耳机听阿迪唱情歌 🦋 𝓣𝓱𝓮𝓻𝓮 𝓲𝓼 𝓽𝓸𝓸 𝓶𝓾𝓬𝓱 𝓷𝓸𝓲𝓼𝓮 𝓪𝓻𝓸𝓾𝓷𝓭 𝓶𝓮 𝓼𝓸 𝓘 𝓬𝓱𝓸𝓸𝓼𝓮 𝓽𝓸 𝔀𝓮𝓪𝓻 𝓱𝓮𝓪𝓭𝓹𝓱𝓸𝓷𝓮𝓼 𝓽𝓸 𝓵𝓲𝓼𝓽𝓮𝓷 𝓽𝓸 𝓒𝓱𝓮𝓷𝓰 𝓼 𝓵𝓸𝓿𝓮 𝓼𝓸𝓷𝓰𝓼迪丽热巴公诉精英｜安旎｜迪丽热巴安乐传｜任安乐｜帝梓元@Dear-迪丽热巴,https://m.weibo.cn/detail/4852872242013134
任安乐/帝梓元角色记忆,post,0,粉丝点评/记忆表达明确,-与迪吟情诗-,"迪丽热巴超话#迪丽热巴安旎# dlrb#迪丽热巴公诉精英#""🥀.爱意化成风声，替我转交给你"" 𝓛𝓸𝓋𝓮 𝓉𝓊𝓇𝓃𝓈 𝒾𝓃𝓉𝓸 𝓌𝒾𝓃𝒹, 𝓰𝒾𝓋𝓮 𝒾𝓉 𝓉𝓸 𝓎𝓸𝓊 𝒻𝓸𝓇 𝓂𝓮.🥀迪丽热巴公诉精英｜安旎｜迪丽热巴安乐传｜任安乐｜帝梓元@Dear-迪丽热巴",https://m.weibo.cn/detail/4852872158653459
任安乐/帝梓元角色记忆,post,0,粉丝点评/记忆表达明确,-与迪吟情诗-,"迪丽热巴超话#迪丽热巴安旎# dlrb#迪丽热巴公诉精英#“你是我的盛夏晴空，也是我的雨后斜阳。”""𝓨𝓸𝓾 𝓪𝓻𝓮 𝓶𝔂 𝓼𝓾𝓶𝓶𝓮𝓻 𝓼𝓴𝔂 𝓪𝓷𝓭 𝓶𝔂 𝓼𝓮𝓽𝓽𝓲𝓷𝓰 𝓼𝓾𝓷 𝓪𝓯𝓽𝓮𝓻 𝓽𝓱𝓮 𝓻𝓪𝓲𝓷.”迪丽热巴公诉精英｜安旎｜迪丽热巴安乐传｜任安乐｜帝梓元@Dear-迪丽热巴",https://m.weibo.cn/detail/4852871797417301
演员成长与角色群像评价,post,0,粉丝点评/记忆表达明确,热巴童童,迪丽热巴超话#与迪丽热巴一起欢乐跨年##迪丽热巴公诉精英##迪丽热巴安旎# 她是一个演员，她自己说的从来不会对造型有什么要求，改了造型哪怕是一点点就不是那个人了，所以这是她的原则 而且也从没有人说过她的角色里没有另一个角色的影子吧，不仅仅是演技好，也是因为造型的多样这就是高明之处了，她是个演员，知道该怎么样塑造角色，这也是她一直所坚持的热爱​,https://m.weibo.cn/detail/4852870728136825
任安乐/帝梓元角色记忆,post,0,粉丝点评/记忆表达明确,-小璐别乱撞,迪丽热巴超话#迪丽热巴#dlrb#迪丽热巴安乐传#电视剧安乐传超话 “你是帝家后人， 就该有当年帝家家主翻云覆雨的魄力” 看@Dear-迪丽热巴 饰演的任安乐/帝梓元如何翻云覆雨，我可真是太期待大女主任安乐啦，迪丽热巴古装永远的神！！迪丽热巴安乐传｜任安乐|帝梓元|迪丽热巴公诉精英|安旎 @Dear-迪丽热巴L九方阙的微博视频,https://m.weibo.cn/detail/4852869750070089
任安乐/帝梓元角色记忆,post,0,粉丝点评/记忆表达明确,-与迪吟情诗-,迪丽热巴超话#迪丽热巴#dlrb#迪丽热巴安乐传#电视剧安乐传超话 “你是帝家后人， 就该有当年帝家家主翻云覆雨的魄力” 看@Dear-迪丽热巴 饰演的任安乐/帝梓元如何翻云覆雨，我可真是太期待大女主任安乐啦，迪丽热巴古装永远的神！！迪丽热巴安乐传｜任安乐|帝梓元|迪丽热巴公诉精英|安旎 @Dear-迪丽热巴L九方阙的微博视频,https://m.weibo.cn/detail/4852869512047781
任安乐/帝梓元角色记忆,post,0,粉丝点评/记忆表达明确,椿雨玖恋迪,迪丽热巴超话#迪丽热巴#dlrb#迪丽热巴安乐传#电视剧安乐传超话 “你是帝家后人， 就该有当年帝家家主翻云覆雨的魄力” 看@Dear-迪丽热巴 饰演的任安乐/帝梓元如何翻云覆雨，我可真是太期待大女主任安乐啦，迪丽热巴古装永远的神！！迪丽热巴安乐传｜任安乐|帝梓元|迪丽热巴公诉精英|安旎 @Dear-迪丽热巴L九方阙的微博视频,https://m.weibo.cn/detail/4852869419249120
任安乐/帝梓元角色记忆,post,0,粉丝点评/记忆表达明确,-小璐别乱撞,迪丽热巴超话#迪丽热巴#dlrb#迪丽热巴安乐传#电视剧安乐传超话 “你是帝家后人， 就该有当年帝家家主翻云覆雨的魄力” 看@Dear-迪丽热巴 饰演的任安乐/帝梓元如何翻云覆雨，我可真是太期待大女主任安乐啦，迪丽热巴古装永远的神！！迪丽热巴安乐传｜任安乐|帝梓元|迪丽热巴公诉精英|安旎 @Dear-迪丽热巴L九方阙的微博视频,https://m.weibo.cn/detail/4852869386469508
任安乐/帝梓元角色记忆,post,0,粉丝点评/记忆表达明确,蜡笔小新的放纵与坚持30560,迪丽热巴超话迪丽热巴超话#和迪丽热巴一起迎接2023# dlrb#与迪丽热巴一起欢乐跨年# 是濒死之人冲向自由，是折翼断翅之后仍奔向她的天空，她在笑着摇摇欲坠，可是她越笑我却越想流泪@Dear-迪丽热巴 迪丽热巴公诉精英|迪丽热巴安旎|迪丽热巴安乐传|迪丽热巴任安乐|迪丽热巴帝梓元 @Dear-迪丽热巴 #迪丽热巴#dlrb#迪丽热巴安旎#dlrb#迪丽热巴公诉精英#L一介散人·的微博视频,https://m.weibo.cn/detail/4852868135257568
任安乐/帝梓元角色记忆,post,0,粉丝点评/记忆表达明确,蜡笔小新的放纵与坚持30560,迪丽热巴超话迪丽热巴超话#和迪丽热巴一起迎接2023# dlrb#与迪丽热巴一起欢乐跨年# 原著是：“当年，她便愿冒死将你推落悬崖，放你离开。而后又独自舍命相搏，帮你挡了身后追兵…她是为何杀你，为何被擒，又是为何被我极尽折磨，过的那六年？好啊好…这个纪云禾，却是连真相也舍不得让你知道！”@Dear-迪丽热巴 迪丽热巴公诉精英|迪丽热巴安旎|迪丽热巴安乐传|迪丽热巴任安乐|迪丽热巴帝梓元 @Dear-迪丽热巴 #迪丽热巴#dlrb#迪,https://m.weibo.cn/detail/4852867871809430
演员成长与角色群像评价,post,0,粉丝点评/记忆表达明确,蜡笔小新的放纵与坚持30560,迪丽热巴超话#和迪丽热巴一起迎接2023# dlrb#与迪丽热巴一起欢乐跨年# 她是一个演员，她自己说的从来不会对造型有什么要求，改了造型哪怕是一点点就不是那个人了，所以这是她的原则 而且也从没有人说过她的角色里没有另一个角色的影子吧，不仅仅是演技好，也是因为造型的多样这就是高明之处了，她是个演员，知道该怎么样塑造角色，这也是她一直所坚持的热爱​@Dear-迪丽热巴 L林一撸秃的猫的微博视频,https://m.weibo.cn/detail/4852867284341984
任安乐/帝梓元角色记忆,post,0,粉丝点评/记忆表达明确,蜡笔小新的放纵与坚持30560,迪丽热巴超话#和迪丽热巴一起迎接2023# dlrb#与迪丽热巴一起欢乐跨年# 风雪与月色引她挣脱樊笼 血光与伤痕刻她侠骨热忱 不求与君相识同知己 再见故人落拓断死生 来去皆写意，新魂自由身 @Dear-迪丽热巴 迪丽热巴公诉精英|安旎|迪丽热巴安乐传|任安乐|帝梓元@Dear-迪丽热巴 #迪丽热巴公诉精英#dlrb#迪丽热巴安旎#L别动我硬币的微博视频,https://m.weibo.cn/detail/4852866126713998
任安乐/帝梓元角色记忆,post,0,粉丝点评/记忆表达明确,-与迪吟情诗-,迪丽热巴超话#迪丽热巴#dlrb#迪丽热巴安乐传#电视剧安乐传超话 “你是帝家后人， 就该有当年帝家家主翻云覆雨的魄力” 看@Dear-迪丽热巴 饰演的任安乐/帝梓元如何翻云覆雨，我可真是太期待大女主任安乐啦，迪丽热巴古装永远的神！！迪丽热巴安乐传｜任安乐|帝梓元|迪丽热巴公诉精英|安旎 @Dear-迪丽热巴L九方阙的微博视频,https://m.weibo.cn/detail/4852866063279690
任安乐/帝梓元角色记忆,post,0,粉丝点评/记忆表达明确,灵魂在纸背上_,迪丽热巴超话要把所有的夜还给星河，把所有的春光还给疏疏篱落，把所有的慵慵沉迷与不前，还给过去的我。明日之我，胸中有丘壑，立马振山河@Dear-迪丽热巴 迪丽热巴安乐传‖迪丽热巴任安乐‖迪丽热巴帝梓元‖迪丽热巴公诉精英‖迪丽热巴安旎#迪丽热巴安乐传# dlrb #迪丽热巴公诉精英#迪丽热巴安乐传|任安乐|帝梓元‖迪丽热巴公诉精英|安旎 #迪丽热巴#期待和你一起跨年哦🥳！新的一年也要开开心心、顺顺利利～,https://m.weibo.cn/detail/4852864427498699
任安乐/帝梓元角色记忆,post,0,粉丝点评/记忆表达明确,灵魂在纸背上_,迪丽热巴超话✨跨过这一天，就只有好运啦♪⸜(๑ ॑꒳ ॑๑)⸝♪✰@Dear-迪丽热巴 迪丽热巴安乐传‖迪丽热巴任安乐‖迪丽热巴帝梓元‖迪丽热巴公诉精英‖迪丽热巴安旎#迪丽热巴安乐传# dlrb #迪丽热巴公诉精英#迪丽热巴安乐传|任安乐|帝梓元‖迪丽热巴公诉精英|安旎 #迪丽热巴#跟我一起跨年的人，都是可以暴富的人，😘所以你要来吗？,https://m.weibo.cn/detail/4852864381617956
任安乐/帝梓元角色记忆,post,0,粉丝点评/记忆表达明确,灵魂在纸背上_,迪丽热巴超话2022年最后的小小心愿🥰，是想和你一起跨年，希望我们来日方长～@Dear-迪丽热巴 迪丽热巴安乐传‖迪丽热巴任安乐‖迪丽热巴帝梓元‖迪丽热巴公诉精英‖迪丽热巴安旎#迪丽热巴安乐传# dlrb #迪丽热巴公诉精英#迪丽热巴安乐传|任安乐|帝梓元‖迪丽热巴公诉精英|安旎 #迪丽热巴#🪐祝你们早日拥有甜甜的爱情，而我只配拥有金钱！,https://m.weibo.cn/detail/4852864293277862
任安乐/帝梓元角色记忆,post,0,粉丝点评/记忆表达明确,灵魂在纸背上_,迪丽热巴超话2022年最后一天，我已经准备好开始干2023年的饭了🍖🍚🍘🥠@Dear-迪丽热巴 迪丽热巴安乐传‖迪丽热巴任安乐‖迪丽热巴帝梓元‖迪丽热巴公诉精英‖迪丽热巴安旎#迪丽热巴安乐传# dlrb #迪丽热巴公诉精英#迪丽热巴安乐传|任安乐|帝梓元‖迪丽热巴公诉精英|安旎 #迪丽热巴#🙌愿你旧愿皆已偿，来年有新愿🎆,https://m.weibo.cn/detail/4852864251857679
任安乐/帝梓元角色记忆,post,0,粉丝点评/记忆表达明确,灵魂在纸背上_,迪丽热巴超话你要是说处对象，不好意思没空，但你要是说干饭我一定马上到@Dear-迪丽热巴 迪丽热巴安乐传‖迪丽热巴任安乐‖迪丽热巴帝梓元‖迪丽热巴公诉精英‖迪丽热巴安旎#迪丽热巴安乐传# dlrb #迪丽热巴公诉精英#迪丽热巴安乐传|任安乐|帝梓元‖迪丽热巴公诉精英|安旎 #迪丽热巴#⏳22年马上要结束了，۹(･༥･´)و ̑̑我们会一起跨年吗？会一起吃火锅吗？,https://m.weibo.cn/detail/4852864210438008
任安乐/帝梓元角色记忆,post,0,粉丝点评/记忆表达明确,灵魂在纸背上_,迪丽热巴超话想和你一起吃每一顿饭，喝每一杯奶茶，想和你跨年，想和你岁岁年年💞@Dear-迪丽热巴 迪丽热巴安乐传‖迪丽热巴任安乐‖迪丽热巴帝梓元‖迪丽热巴公诉精英‖迪丽热巴安旎#迪丽热巴安乐传# dlrb #迪丽热巴公诉精英#迪丽热巴安乐传|任安乐|帝梓元‖迪丽热巴公诉精英|安旎 #迪丽热巴#人生就是随着时间的流逝逐渐认识自我的过程，途中有收获也有失去，而不论结果如何，总要自己去面对，慢慢发现，慢慢了解，懂得感恩，保持善良。再见202,https://m.weibo.cn/detail/4852864159323278
任安乐/帝梓元角色记忆,post,0,粉丝点评/记忆表达明确,蜡笔小新的放纵与坚持30560,迪丽热巴超话#迪丽热巴纪云禾年度最热奇幻剧角色# dlrb#迪丽热巴安乐传# 梦到过风与花海的厮磨，那是我遗忘的角落。天命把心推托，天性把人淹没，忘了说专注一趣无果。@Dear-迪丽热巴 迪丽热巴公诉精英|安旎|迪丽热巴安乐传|任安乐|帝梓元@Dear-迪丽热巴 #迪丽热巴公诉精英#dlrb#迪丽热巴安旎#L我是小冰小冰的微博视频,https://m.weibo.cn/detail/4852863954591970
任安乐/帝梓元角色记忆,post,0,粉丝点评/记忆表达明确,灵魂在纸背上_,迪丽热巴超话2022年最后一天，我已经准备好开始干2023年的饭了🍖🍚🍘🥠@Dear-迪丽热巴 迪丽热巴安乐传‖迪丽热巴任安乐‖迪丽热巴帝梓元‖迪丽热巴公诉精英‖迪丽热巴安旎#迪丽热巴安乐传# dlrb #迪丽热巴公诉精英#迪丽热巴安乐传|任安乐|帝梓元‖迪丽热巴公诉精英|安旎 #迪丽热巴#💿2022最后一天了，🎬希望你和2023马上来到我身边💗,https://m.weibo.cn/detail/4852863911593032
任安乐/帝梓元角色记忆,post,0,粉丝点评/记忆表达明确,灵魂在纸背上_,迪丽热巴超话🏰今年还能和你一起跨年吗？如果不能，我就在同一个时空祝你“新年快乐”♪(′ε′‧̣̥̇)@Dear-迪丽热巴 迪丽热巴安乐传‖迪丽热巴任安乐‖迪丽热巴帝梓元‖迪丽热巴公诉精英‖迪丽热巴安旎#迪丽热巴安乐传# dlrb #迪丽热巴公诉精英#迪丽热巴安乐传|任安乐|帝梓元‖迪丽热巴公诉精英|安旎 #迪丽热巴#💐辞旧迎新，旧疾可愈，新年可期，祝你一切顺顺利利，长路漫漫，未来可期~,https://m.weibo.cn/detail/4852863866510891
任安乐/帝梓元角色记忆,post,0,粉丝点评/记忆表达明确,-与迪吟情诗-,迪丽热巴超话#迪丽热巴#dlrb#迪丽热巴安乐传#电视剧安乐传超话 “你是帝家后人， 就该有当年帝家家主翻云覆雨的魄力” 看@Dear-迪丽热巴 饰演的任安乐/帝梓元如何翻云覆雨，我可真是太期待大女主任安乐啦，迪丽热巴古装永远的神！！迪丽热巴安乐传｜任安乐|帝梓元|迪丽热巴公诉精英|安旎 @Dear-迪丽热巴L九方阙的微博视频,https://m.weibo.cn/detail/4852863404089703
任安乐/帝梓元角色记忆,post,0,粉丝点评/记忆表达明确,-小璐别乱撞,迪丽热巴超话#迪丽热巴#dlrb#迪丽热巴安乐传#电视剧安乐传超话 “你是帝家后人， 就该有当年帝家家主翻云覆雨的魄力” 看@Dear-迪丽热巴 饰演的任安乐/帝梓元如何翻云覆雨，我可真是太期待大女主任安乐啦，迪丽热巴古装永远的神！！迪丽热巴安乐传｜任安乐|帝梓元|迪丽热巴公诉精英|安旎 @Dear-迪丽热巴L九方阙的微博视频,https://m.weibo.cn/detail/4852863225044085
任安乐/帝梓元角色记忆,post,0,粉丝点评/记忆表达明确,一只樱桃核,迪丽热巴超话#迪丽热巴#dlrb#迪丽热巴安乐传#电视剧安乐传超话 “你是帝家后人， 就该有当年帝家家主翻云覆雨的魄力” 看@Dear-迪丽热巴 饰演的任安乐/帝梓元如何翻云覆雨，我可真是太期待大女主任安乐啦，迪丽热巴古装永远的神！！迪丽热巴安乐传｜任安乐|帝梓元|迪丽热巴公诉精英|安旎 @Dear-迪丽热巴L九方阙的微博视频,https://m.weibo.cn/detail/4852862876136789
任安乐/帝梓元角色记忆,post,0,粉丝点评/记忆表达明确,风吹玫瑰酒,迪丽热巴超话#迪丽热巴安旎# dlrb#迪丽热巴公诉精英# 从小到大，很多人对你有过期望，有人希望你当警察，有人期望你当科学家，有人让你当明星，而我，只想让你当我老婆。@Dear-迪丽热巴 迪丽热巴公诉精英|安旎|迪丽热巴安乐传|任安乐|帝梓元@Dear-迪丽热巴 #迪丽热巴公诉精英#dlrb#迪丽热巴安旎#,https://m.weibo.cn/detail/4852861210461787
任安乐/帝梓元角色记忆,post,0,粉丝点评/记忆表达明确,-与迪吟情诗-,迪丽热巴超话#迪丽热巴#dlrb#迪丽热巴安乐传#电视剧安乐传超话 “你是帝家后人， 就该有当年帝家家主翻云覆雨的魄力” 看@Dear-迪丽热巴 饰演的任安乐/帝梓元如何翻云覆雨，我可真是太期待大女主任安乐啦，迪丽热巴古装永远的神！！迪丽热巴安乐传｜任安乐|帝梓元|迪丽热巴公诉精英|安旎 @Dear-迪丽热巴L九方阙的微博视频,https://m.weibo.cn/detail/4852860804405356
任安乐/帝梓元角色记忆,post,0,粉丝点评/记忆表达明确,蜡笔小新的放纵与坚持30560,迪丽热巴超话#迪丽热巴纪云禾年度最热奇幻剧角色# dlrb#迪丽热巴微博剧综报告双榜top1# “因为作为演员，然后站在大家的视线前能被大家认识，所以我也收到过很多的花，我希望大家也可以给自己买花，因为很多时候可以陪伴我们自己的不一定就是非要等别人送到你花，你才可以有花，我希望大家可以像去喜欢别人一样去喜欢你们自己，然后也去为自己应援”——@Dear-迪丽热巴迪丽热巴公诉精英|安旎|迪丽热巴安乐传|任安乐|帝梓元@Dear-迪丽热巴 ,https://m.weibo.cn/detail/4852859814813081
任安乐/帝梓元角色记忆,post,0,粉丝点评/记忆表达明确,有巴就天晴-聂九罗自由版,迪丽热巴超话#迪丽热巴华伦天奴美妆亚太区香氛代言人# dlrb #迪丽热巴一叶子面膜代言人# “小时候的快乐和烦恼都很纯粹，记忆中也确实拥有过极致的快乐，让我希望能回到那个时候。不过一切顺其自然长到现在，我觉得都挺好。” ——@Dear-迪丽热巴迪丽热巴安旎｜公诉精英｜迪丽热巴安乐传｜任安乐｜帝梓元 @Dear-迪丽热巴,https://m.weibo.cn/detail/4852859508895455
任安乐/帝梓元角色记忆,post,0,粉丝点评/记忆表达明确,长相忆迪_,迪丽热巴超话#迪丽热巴#dlrb#迪丽热巴安乐传#电视剧安乐传超话 “你是帝家后人， 就该有当年帝家家主翻云覆雨的魄力” 看@Dear-迪丽热巴 饰演的任安乐/帝梓元如何翻云覆雨，我可真是太期待大女主任安乐啦，迪丽热巴古装永远的神！！迪丽热巴安乐传｜任安乐|帝梓元|迪丽热巴公诉精英|安旎 @Dear-迪丽热巴L九方阙的微博视频,https://m.weibo.cn/detail/4852859445716584
行走的油画/神女美貌出圈,post,0,粉丝点评/记忆表达明确,风吹玫瑰酒,迪丽热巴超话#迪丽热巴安旎# dlrb#迪丽热巴安乐传# 我惊了你是什么人间巨美！我的泪此时此刻已为你日夜不停昼夜不息的撒落！你的容貌是神赐吗我哭了你怎么这么美貌呜呜！这难道就是仙女吗我没了我为姐姐的绝美容貌而落泪天使下凡不过如此吧您的脸就是神的恩赐吧呜呜我真情实感为姐姐的美貌落泪我的尖叫声让方圆百里声控灯坏掉啊啊@Dear-迪丽热巴 迪丽热巴公诉精英|安旎|迪丽热巴安乐传|任安乐|帝梓元@Dear-迪丽热巴 #迪丽热巴公诉精英#dl,https://m.weibo.cn/detail/4852859139271959
任安乐/帝梓元角色记忆,post,0,粉丝点评/记忆表达明确,迪女士在壁咚我,迪丽热巴超话#迪丽热巴任安乐#dlrb#迪丽热巴安乐传#电视剧安乐传超话@Dear-迪丽热巴 你!!是!!我的神！！每个造型都好绝好绝好绝，迪丽热巴古装大美女不是吹的😘迪丽热巴安乐传|迪丽热巴任安乐|迪丽热巴公诉精英|迪丽热巴安旎@Dear-迪丽热巴 #迪丽热巴安乐传#dlrb#迪丽热巴任安乐# L里昂开水的微博视频 ​,https://m.weibo.cn/detail/4852859130350001
任安乐/帝梓元角色记忆,post,0,粉丝点评/记忆表达明确,风吹玫瑰酒,迪丽热巴超话#迪丽热巴安旎# dlrb#迪丽热巴公诉精英# “很多人的安慰和惦念让我感动，素未谋面却一直鼓励着我。每一个擦肩而过的人我都想要努力记住，感谢每一个给我温暖回忆的手和心。从此以后，我会更加努力，更加坚强。”——@Dear-迪丽热巴迪丽热巴公诉精英|安旎|迪丽热巴安乐传|任安乐|帝梓元@Dear-迪丽热巴 #迪丽热巴公诉精英#dlrb#迪丽热巴安旎#,https://m.weibo.cn/detail/4852858937677260
任安乐/帝梓元角色记忆,post,0,粉丝点评/记忆表达明确,风吹玫瑰酒,迪丽热巴超话#迪丽热巴安旎# dlrb#迪丽热巴安乐传# “其实就是希望大家都能够勇敢地去做自己，去接受自己的优点，也去接受自己的缺点，因为不管怎么样，你在这个世界上永远都只有一个你，所以我希望大家都能珍惜自己，爱惜自己，然后对自己的人生可以多一些勇敢和无所畏惧”——@Dear-迪丽热巴迪丽热巴公诉精英|安旎|迪丽热巴安乐传|任安乐|帝梓元@Dear-迪丽热巴 #迪丽热巴公诉精英#dlrb#迪丽热巴安旎#,https://m.weibo.cn/detail/4852858773846605
任安乐/帝梓元角色记忆,post,0,粉丝点评/记忆表达明确,请不要哭泣ovo,迪丽热巴超话#迪丽热巴纪云禾年度最热奇幻剧角色#dlrb#迪丽热巴安旎# 纪云禾你要向风一样自由“如果以后有风吹动我的头发，我知道是你来看我了，你要记得我，我也会永远记得你”@Dear-迪丽热巴 迪丽热巴公诉精英|迪丽热巴安旎|迪丽热巴安乐传|迪丽热巴任安乐|迪丽热巴帝梓元@Dear-迪丽热巴 ​​​,https://m.weibo.cn/detail/4852858601866619
任安乐/帝梓元角色记忆,post,0,粉丝点评/记忆表达明确,风吹玫瑰酒,迪丽热巴超话#迪丽热巴安旎# dlrb#迪丽热巴公诉精英# “更喜欢在这个年纪做些自己想做的事，我不是有恋爱脑的女孩，不是非得有恋爱有感情才能活下去，有很多方面可以支撑我。”——@Dear-迪丽热巴迪丽热巴公诉精英|安旎|迪丽热巴安乐传|任安乐|帝梓元@Dear-迪丽热巴 #迪丽热巴公诉精英#dlrb#迪丽热巴安旎#,https://m.weibo.cn/detail/4852858481288530
任安乐/帝梓元角色记忆,post,0,粉丝点评/记忆表达明确,风吹玫瑰酒,迪丽热巴超话#迪丽热巴安旎# dlrb#迪丽热巴公诉精英# “保持一颗对所有事情都新鲜的心，永远对这个世界抱有善意，保持初心，永远用清澈的眼神看待这个世界。不害怕被遗忘，努力留下好的作品。”——@Dear-迪丽热巴迪丽热巴公诉精英|安旎|迪丽热巴安乐传|任安乐|帝梓元@Dear-迪丽热巴 #迪丽热巴公诉精英#dlrb#迪丽热巴安旎#,https://m.weibo.cn/detail/4852858355457698
任安乐/帝梓元角色记忆,post,0,粉丝点评/记忆表达明确,kiyo美人骨,迪丽热巴超话#迪丽热巴#dlrb#迪丽热巴安乐传#电视剧安乐传超话 “你是帝家后人， 就该有当年帝家家主翻云覆雨的魄力” 看@Dear-迪丽热巴 饰演的任安乐/帝梓元如何翻云覆雨，我可真是太期待大女主任安乐啦，迪丽热巴古装永远的神！！迪丽热巴安乐传｜任安乐|帝梓元|迪丽热巴公诉精英|安旎 @Dear-迪丽热巴L九方阙的微博视频,https://m.weibo.cn/detail/4852858047960624
任安乐/帝梓元角色记忆,post,0,粉丝点评/记忆表达明确,迪女士在壁咚我,迪丽热巴超话#迪丽热巴任安乐#dlrb#迪丽热巴安乐传#电视剧安乐传超话@Dear-迪丽热巴 你!!是!!我的神！！每个造型都好绝好绝好绝，迪丽热巴古装大美女不是吹的😘迪丽热巴安乐传|迪丽热巴任安乐|迪丽热巴公诉精英|迪丽热巴安旎@Dear-迪丽热巴 #迪丽热巴安乐传#dlrb#迪丽热巴任安乐# L里昂开水的微博视频 ​,https://m.weibo.cn/detail/4852857948080166
任安乐/帝梓元角色记忆,post,0,粉丝点评/记忆表达明确,我担全宇宙最美,迪丽热巴超话#迪丽热巴#dlrb#迪丽热巴安乐传#电视剧安乐传超话 “你是帝家后人， 就该有当年帝家家主翻云覆雨的魄力” 看@Dear-迪丽热巴 饰演的任安乐/帝梓元如何翻云覆雨，我可真是太期待大女主任安乐啦，迪丽热巴古装永远的神！！迪丽热巴安乐传｜任安乐|帝梓元|迪丽热巴公诉精英|安旎 @Dear-迪丽热巴L九方阙的微博视频,https://m.weibo.cn/detail/4852857902482086
任安乐/帝梓元角色记忆,post,0,粉丝点评/记忆表达明确,迪女士在壁咚我,迪丽热巴超话#迪丽热巴安旎#迪丽热巴安旎#迪丽热巴公诉精英# 迪丽热巴公诉精英跨国追踪，请相信检察官维护公平正义的决心； 六号建议，请相信检察官守护司法公正的力量是对群众对受害者温柔以待的检察官，是对犯罪分子绝不姑息的检察官!@Dear-迪丽热巴迪丽热巴公诉精英|迪丽热巴安旎|迪丽热巴安乐传|迪丽热巴任安乐|迪丽热巴帝梓元@Dear-迪丽热巴 #迪丽热巴公诉精英#dlrb#迪丽热巴安旎#L冬日士多啤梨的微博视频 ​,https://m.weibo.cn/detail/4852857901422558
任安乐/帝梓元角色记忆,post,0,粉丝点评/记忆表达明确,迪女士在壁咚我,迪丽热巴超话#迪丽热巴任安乐#dlrb#迪丽热巴安乐传#电视剧安乐传超话@Dear-迪丽热巴 你!!是!!我的神！！每个造型都好绝好绝好绝，迪丽热巴古装大美女不是吹的😘迪丽热巴安乐传|迪丽热巴任安乐|迪丽热巴公诉精英|迪丽热巴安旎@Dear-迪丽热巴 #迪丽热巴安乐传#dlrb#迪丽热巴任安乐# L里昂开水的微博视频 ​,https://m.weibo.cn/detail/4852857867867620
任安乐/帝梓元角色记忆,post,0,粉丝点评/记忆表达明确,风吹玫瑰酒,迪丽热巴超话#迪丽热巴安旎# dlrb#迪丽热巴公诉精英# “但我想说一个女孩真的可以凭借努力去争取自己想要的东西，而非大家想的那么阴暗.我没有那么强大的能力去控制别人，我只是一个热爱表演的打工仔而已。拍完一场戏，能得到大家的肯定就觉得很满足了，就想做个认真工作的人”—— @Dear-迪丽热巴迪丽热巴公诉精英|安旎|迪丽热巴安乐传|任安乐|帝梓元@Dear-迪丽热巴 #迪丽热巴公诉精英#dlrb#迪丽热巴安旎#,https://m.weibo.cn/detail/4852857281451249
任安乐/帝梓元角色记忆,post,0,粉丝点评/记忆表达明确,迪女士在壁咚我,迪丽热巴超话#迪丽热巴任安乐#dlrb#迪丽热巴安乐传#电视剧安乐传超话@Dear-迪丽热巴 你!!是!!我的神！！每个造型都好绝好绝好绝，迪丽热巴古装大美女不是吹的😘迪丽热巴安乐传|迪丽热巴任安乐|迪丽热巴公诉精英|迪丽热巴安旎@Dear-迪丽热巴 #迪丽热巴安乐传#dlrb#迪丽热巴任安乐# L里昂开水的微博视频 ​,https://m.weibo.cn/detail/4852856907897210
任安乐/帝梓元角色记忆,post,0,粉丝点评/记忆表达明确,迪女士在壁咚我,迪丽热巴超话#迪丽热巴任安乐#dlrb#迪丽热巴安乐传#电视剧安乐传超话@Dear-迪丽热巴 你!!是!!我的神！！每个造型都好绝好绝好绝，迪丽热巴古装大美女不是吹的😘迪丽热巴安乐传|迪丽热巴任安乐|迪丽热巴公诉精英|迪丽热巴安旎@Dear-迪丽热巴 #迪丽热巴安乐传#dlrb#迪丽热巴任安乐# L里昂开水的微博视频 ​,https://m.weibo.cn/detail/4852856865165724
任安乐/帝梓元角色记忆,post,0,粉丝点评/记忆表达明确,D-mile,"迪丽热巴超话#迪丽热巴安乐传#dlrb#迪丽热巴任安乐#夏季风景如画，画中的你风度翩翩@Dear-迪丽热巴#迪丽热巴任安乐#dlrb#迪丽热巴安乐传#电视剧安乐传超话“你是帝家后人，聚和散，无休上演”襟飘带舞,裙裾飞扬,我那命运般的安乐寨主，什么时候才能团圆😭😭迪丽热巴任安乐|帝梓元|安乐传|迪丽热巴公诉精英|安旎 @Dear-迪丽热巴L唐沁GARBAGE的微博视频",https://m.weibo.cn/detail/4852856848912901
任安乐/帝梓元角色记忆,post,0,粉丝点评/记忆表达明确,迪女士在壁咚我,迪丽热巴超话#迪丽热巴任安乐#dlrb#迪丽热巴安乐传#电视剧安乐传超话@Dear-迪丽热巴 你!!是!!我的神！！每个造型都好绝好绝好绝，迪丽热巴古装大美女不是吹的😘迪丽热巴安乐传|迪丽热巴任安乐|迪丽热巴公诉精英|迪丽热巴安旎@Dear-迪丽热巴 #迪丽热巴安乐传#dlrb#迪丽热巴任安乐# L里昂开水的微博视频 ​,https://m.weibo.cn/detail/4852856794120412
任安乐/帝梓元角色记忆,post,0,粉丝点评/记忆表达明确,爱吧嗒嗒迪紫罗兰,#迪丽热巴#dlrb#迪丽热巴安乐传#电视剧安乐传超话 “你是帝家后人， 就该有当年帝家家主翻云覆雨的魄力” 看@Dear-迪丽热巴 饰演的任安乐/帝梓元如何翻云覆雨，我可真是太期待大女主任安乐啦，迪丽热巴古装永远的神！！迪丽热巴安乐传｜任安乐|帝梓元|迪丽热巴公诉精英|安旎 @Dear-迪丽热巴L九方阙的微博视频,https://m.weibo.cn/detail/4852856610631552
任安乐/帝梓元角色记忆,post,0,粉丝点评/记忆表达明确,D-mile,"迪丽热巴超话“你是我跨越山河万里，携带着芳香也要碰面的光” ""𝓨𝓸𝓾 𝓪𝓻𝓮 𝓽𝓱𝓮 𝓵𝓲𝓰𝓱𝓽 𝓽𝓱𝓪𝓽 𝓘 𝓬𝓻𝓸𝓼𝓼 𝓽𝓱𝓮 𝓶𝓸𝓾𝓷𝓽𝓪𝓲𝓷𝓼 𝓪𝓷𝓭""迪丽热巴公诉精英|迪丽热巴安旎|迪丽热巴安乐传|迪丽热巴任安乐|迪丽热巴帝梓元@Dear-迪丽热巴 #迪丽热巴公诉精英#dlrb#迪丽热巴安旎#",https://m.weibo.cn/detail/4852855921708960
任安乐/帝梓元角色记忆,post,0,粉丝点评/记忆表达明确,迪女士在壁咚我,迪丽热巴超话#迪丽热巴任安乐#dlrb#迪丽热巴安乐传#电视剧安乐传超话@Dear-迪丽热巴 你!!是!!我的神！！每个造型都好绝好绝好绝，迪丽热巴古装大美女不是吹的😘迪丽热巴安乐传|迪丽热巴任安乐|迪丽热巴公诉精英|迪丽热巴安旎@Dear-迪丽热巴 #迪丽热巴安乐传#dlrb#迪丽热巴任安乐# L里昂开水的微博视频 ​,https://m.weibo.cn/detail/4852855745293138
任安乐/帝梓元角色记忆,post,0,粉丝点评/记忆表达明确,迪女士在壁咚我,迪丽热巴超话#迪丽热巴任安乐#dlrb#迪丽热巴安乐传#电视剧安乐传超话@Dear-迪丽热巴 你!!是!!我的神！！每个造型都好绝好绝好绝，迪丽热巴古装大美女不是吹的😘迪丽热巴安乐传|迪丽热巴任安乐|迪丽热巴公诉精英|迪丽热巴安旎@Dear-迪丽热巴 #迪丽热巴安乐传#dlrb#迪丽热巴任安乐# L里昂开水的微博视频 ​,https://m.weibo.cn/detail/4852855696268299
李长歌与《长歌行》角色记忆,post,0,粉丝点评/记忆表达明确,乐人不忧己,#迪丽热巴李长歌# 你好拽！我好爱@Dear-迪丽热巴,https://m.weibo.cn/detail/4620945790080077
李长歌与《长歌行》角色记忆,post,0,粉丝点评/记忆表达明确,追光不赤脚,我也羡慕你！！爱你李长歌！！#迪丽热巴李长歌#,https://m.weibo.cn/detail/4620945748396728
李长歌与《长歌行》角色记忆,post,0,粉丝点评/记忆表达明确,xun2mig_UIhon,#迪丽热巴李长歌# #迪丽热巴长歌行# 我们长歌真的太帅了,https://m.weibo.cn/detail/4620945719559709
李长歌与《长歌行》角色记忆,post,0,粉丝点评/记忆表达明确,身披隐身斗篷,哈哈哈头铁是因为被迪丽热巴打多了吗#迪丽热巴李长歌#,https://m.weibo.cn/detail/4620945665301308
李长歌与《长歌行》角色记忆,post,0,粉丝点评/记忆表达明确,在远处的某某,李长歌 我来啦@Dear-迪丽热巴,https://m.weibo.cn/detail/4620945661363475
李长歌与《长歌行》角色记忆,post,0,粉丝点评/记忆表达明确,1iiii8,哈哈哈哈哈哈哈宝贝棒#迪丽热巴李长歌# #迪丽热巴长歌行#,https://m.weibo.cn/detail/4620945648783932
李长歌与《长歌行》角色记忆,post,0,粉丝点评/记忆表达明确,阳光樱桃蘑菇树,聪明有力气哈哈哈#迪丽热巴长歌行#,https://m.weibo.cn/detail/4620945614702583
李长歌与《长歌行》角色记忆,post,0,粉丝点评/记忆表达明确,趣味指环爱迪,宝贝宝贝宝贝，爱你爱你爱你😘#迪丽热巴李长歌#,https://m.weibo.cn/detail/4620945535015383
李长歌与《长歌行》角色记忆,post,0,粉丝点评/记忆表达明确,街角的玫瑰开了·,我也需要长歌的保护#迪丽热巴李长歌#,https://m.weibo.cn/detail/4620945488610656
李长歌与《长歌行》角色记忆,post,0,粉丝点评/记忆表达明确,艾龄-狗叠何时给我奖,#长歌行吐槽#我要开始吐槽了。女主开头改动是落河然后陷入回忆这么一改反而突出不了女主的霸气，而且整体线路感觉要偏向爱情而不是大女主线。果然，又搞男女主相遇2021年了，美救英雄的烂俗套路能不能。。。少一点啊！颜值，观感，迪丽热巴目前还行，吴磊一出来我直接皱眉头哇为什么能这么。。。。,https://m.weibo.cn/detail/4620943169165788
李长歌与《长歌行》角色记忆,post,0,粉丝点评/记忆表达明确,绿斜谷,在山东卫视看完一集啦！总的来说是真的不错！！节奏很快，一集内容就很多了，添加了漫画形式，，bgm特别特别好！！符合场景！！！服化道非常用心！看起来很有质感，而且演员的演技都超级好！！！男女主也见面啦！女主李长歌真的好飒好帅！阿诗勒隼也超级帅气！！#迪丽热巴长歌行##迪丽热巴长歌行# 养乐多 iPad,https://m.weibo.cn/detail/4620939712790889
李长歌与《长歌行》角色记忆,post,0,粉丝点评/记忆表达明确,深圳楼市可可,【罗湖“未来学校”9月开学 位于清水河街道银湖三九片区】该校是罗湖创新办学体制重点打造的九年一贯制新型公立学校，位于罗湖区清水河街道银湖三九片区内华润银湖蓝山西侧，学校占地面积约14000平方米，总建筑面积约42000平方米。学校致力于让每个孩子都能发现自我、发挥个性、健康成长，具备适应未来社会的综合素质。校园由日本知名教育空间设计师日比野拓设计，他的设计作品从儿童视角出发，充满童趣、真实、朴素、自然，设立理念是“这不是游乐园，而是一个,https://m.weibo.cn/detail/4620935444040703
李长歌与《长歌行》角色记忆,post,0,粉丝点评/记忆表达明确,倾城绝色dd88宝贝,#长歌行#@Dear-迪丽热巴 #迪丽热巴李长歌# 搓手期待啊啊啊！听了长歌行的三首歌 真的能够理解这不是一部爱情古偶 格局之大 气势之磅礴 歌词里不再是男女之情而是国家大义真的越来越期待了！！而且长歌行的意义对我们来说真的不仅仅是一部剧了 因为融入李长歌 小8⃣️一路成长 谢谢李长歌给她这么多温暖 给她机会在平行世界一起成长#迪丽热巴长歌行#,https://m.weibo.cn/detail/4620920553736188
李长歌与《长歌行》角色记忆,post,0,粉丝点评/记忆表达明确,J天见面巴,#迪丽热巴长歌行单人cut##迪丽热巴李长歌##迪丽热巴长歌行#迪丽热巴超话驼铃北往，簪藏行囊，风略颈项，守望胡杨。李长歌的故事，是守护社稷江山，守护这盛唐。期待演员迪丽热巴的精彩演绎@Dear-迪丽热巴万里长路，踏歌而来，谁家儿郎，思之如狂，始料未及，竟是女扮男装？且看，@Dear-迪丽热巴 演绎李氏长歌一生，素手染血，守家国无恙，终见盛世大唐。纵古道迢遥、血雾飘忽多仓促，惟不忘故土，杨柳依旧来时路。迪丽热巴×李长歌，热血豪情、一见,https://m.weibo.cn/detail/4620915902515569
李长歌与《长歌行》角色记忆,post,0,粉丝点评/记忆表达明确,J天见面巴,#迪丽热巴长歌行单人cut#驼铃北往，簪藏行囊，风略颈项，守望胡杨。李长歌的故事，是守护社稷江山，守护这盛唐。期待演员迪丽热巴的精彩演绎@Dear-迪丽热巴万里长路，踏歌而来，谁家儿郎，思之如狂，始料未及，竟是女扮男装？且看，@Dear-迪丽热巴 演绎李氏长歌一生，素手染血，守家国无恙，终见盛世大唐。,https://m.weibo.cn/detail/4620915550456030
李长歌与《长歌行》角色记忆,post,0,粉丝点评/记忆表达明确,绿斜谷,转发了好多好多料！！好开心 好疲惫 好满足俺们李长歌是世界上最好的李长歌啊！！！谢谢迪丽热巴！谢谢所有演员！谢谢导演！谢谢所有工作人员！谢谢他们把这个故事和这些人物呈现出来了！！！我好爱大家！！#迪丽热巴长歌行##迪丽热巴李长歌#,https://m.weibo.cn/detail/4620908251841587
乔晶晶与《你是我的荣耀》入坑记忆,post,0,粉丝点评/记忆表达明确,一直爱巴的小透明,#迪丽热巴长歌行##迪丽热巴李长歌#积分互助 迪丽热巴未来可期@Dear-迪丽热巴 李长歌：与其说他幸运不如说是我，我何其幸运还能遇到想珍惜的人 #迪丽热巴长歌行单人cut# 😁#迪丽热巴乔晶晶# 😁#迪丽热巴你是我的荣耀# ☺️#迪丽热巴纪云禾# 😁#迪丽热巴与君初相识# L星闻揭秘的微博视频 ​,https://m.weibo.cn/detail/4620904430569521
李长歌与《长歌行》角色记忆,post,0,粉丝点评/记忆表达明确,vivipan0129,#迪丽热巴长歌行#从热巴自己和自己和解，懂得先讨好自己开始。对待她的剧，对待长歌行的造型我早就知道需要怎么做了。当她不再是顾虑别人的眼光，从一部剧里得到了莫大的力量和成长。那时起我就知道长歌行一定行，而且是不带粉丝滤镜的觉得，长歌行一定要好好看看，一定有其内核才能改变这样一个身处娱乐圈腥风血雨顶流位置的大明星。期待今晚的长歌行，今天片花都没怎么看，我要按播放顺序一点点的去品味。,https://m.weibo.cn/detail/4620904216396010
演员成长与角色群像评价,post,0,粉丝点评/记忆表达明确,南风知我意吹梦到西洲a,迪丽热巴这个姑娘我从古剑奇谭开始认识的，那时候古剑非常火，热巴饰演的小师妹灵动活泼可爱，最喜欢的就是那个小师妹。后来热巴的高雯，说起高雯呢，又让我印象特别深，霸气侧漏！说啥是啥真的特别喜欢高雯这个角色热巴的每个角色我都特别喜欢，热巴演技真的能吸引到我，这个小姑娘特别招人喜欢呢说起热巴，喜欢迪丽热巴，因为她有很多值得被人喜欢的点。颜值只是其中一个，很多人都特别喜欢热巴的颜，高鼻梁，大眼睛，长长的头发，一颦一笑皆动人心，看她一眼就会被热巴吸,https://m.weibo.cn/detail/4620903495762909
李长歌与《长歌行》角色记忆,post,0,粉丝点评/记忆表达明确,可乐橘子番茄酱,长歌行目前为止不太满意的地方一个是没有用原音，不过配音这次应该还不错，特别是男主，不然肯定会出戏；一个是女主娘亲和叔父选角太差，娘亲怎么看也生不出迪丽热巴，漫画里面明明是倾国倾城的异族美人，叔父也没有帝王之相，看起来普普通通一臣子罢了。但是，整体而言还是很满意了，希望我能喜欢这个作品，快乐追剧。,https://m.weibo.cn/detail/4620896473714826
李长歌与《长歌行》角色记忆,post,0,粉丝点评/记忆表达明确,小精灵呦呦,#长歌行# 魏书玉和堂叔的人打起来，为救他，长歌执剑向前，手握剑刃，淡定的让魏书玉“把剑放下”，不放“我再说一遍”所以是放下了吗？此时长歌的眼神真的哪怕流血都那么坚毅。（图1.2.3）在见过堂叔之后（感觉他们一定是达到了某种共识），面对自己不屑一顾的堂叔，不让堂叔动好友魏书玉一根毛发，傲气满满。离开上马车的时候，单手抬起，眼神半眯，真真是傲骨十足，不愧是大唐郡主。只见她单抬手，眼半眯，目不斜视，大步走进马车。真是傲骨十足，太喜欢这样的李,https://m.weibo.cn/detail/4620876437782705
李长歌与《长歌行》角色记忆,post,0,粉丝点评/记忆表达明确,i-Mario-88女士,我也羡慕李长歌和迪丽热巴哈哈哈哈,https://m.weibo.cn/detail/4620945808169114
乔晶晶与《你是我的荣耀》入坑记忆,post,0,粉丝点评/记忆表达明确,WZL琳_,#迪丽热巴你是我的荣耀#dlrb#迪丽热巴乔晶晶# 「今日积分帖」努力生活是为了遇见更好的风景。@Dear-迪丽热巴 L唱吧的微博视频 ​,https://m.weibo.cn/detail/4653922927772814
乔晶晶与《你是我的荣耀》入坑记忆,post,0,粉丝点评/记忆表达明确,幸福的小滋味,#迪丽热巴你是我的荣耀# 🚀 #迪丽热巴乔晶晶# 🚀 @Dear-迪丽热巴 🦊 #迪丽热巴纪云禾# #迪丽热巴与君初相识# “未来你会看到这个真实的世界，希望你看到这个真实的世界之后，依然热爱它，依然对它充满好奇”—— @Dear-迪丽热巴 ​,https://m.weibo.cn/detail/4653922872727184
白凤九与三生三世情怀,post,0,粉丝点评/记忆表达明确,一口咬住邝玲玲,看了枕上书，就想起热巴谈表演时说的话，她说演员一定要敏感，要深入角色，感悟周遭的一切。于是，她在戏里真的把自己活成了凤九，活成了阿兰若，与角色一起痛、一起笑，也戳中了我们的心。戏里的凤九阿兰若，戏外的@Dear-迪丽热巴 ，都值得被疼爱。 ​,https://m.weibo.cn/detail/4653922800636421
乔晶晶与《你是我的荣耀》入坑记忆,post,0,粉丝点评/记忆表达明确,突突小奶狼,迪丽热巴乔晶晶【迪丽热巴你是我的荣耀】#迪丽热巴你是我的荣耀# @Dear-迪丽热巴 #迪丽热巴乔晶晶# dlrb❤,https://m.weibo.cn/detail/4653922075279377
乔晶晶与《你是我的荣耀》入坑记忆,post,0,粉丝点评/记忆表达明确,突突小奶狼,迪丽热巴乔晶晶【迪丽热巴你是我的荣耀】#迪丽热巴你是我的荣耀# @Dear-迪丽热巴 #迪丽热巴乔晶晶# dlrb❤,https://m.weibo.cn/detail/4653922004768656
乔晶晶与《你是我的荣耀》入坑记忆,post,0,粉丝点评/记忆表达明确,我是沐晓希诶3,#迪丽热巴乔晶晶#dlrb#迪丽热巴你是我的荣耀#「今日积分帖」常开心，常充实。@Dear-迪丽热巴 ​​​ ​​​ ​​​ ​​​L唱吧的微博视频 ​,https://m.weibo.cn/detail/4653921900172238
乔晶晶与《你是我的荣耀》入坑记忆,post,0,粉丝点评/记忆表达明确,禹中抱迪,迪丽热巴超话#迪丽热巴乔晶晶#dlrb#迪丽热巴你是我的荣耀#「今日互动贴」常开心，常充实。@Dear-迪丽热巴 ​​​ ​​​ ​​​ ​​​ 【迪丽热巴你是我的荣耀乔晶晶】L嘉行迪丽热巴工作室的微博视频 ​​​ ​​​ ​​​ ​​​,https://m.weibo.cn/detail/4687262531718681
纪云禾与鲛人系角色记忆,post,0,粉丝点评/记忆表达明确,钮祜禄氏·拔丝,真是羡慕在群里的宝子们，是谁啊？原来是我啊 #迪丽热巴纪云禾#dlrb#迪丽热巴与君初相识# @Dear-迪丽热巴,https://m.weibo.cn/detail/4687262489773470
乔晶晶与《你是我的荣耀》入坑记忆,post,0,粉丝点评/记忆表达明确,禹中抱迪,迪丽热巴超话#迪丽热巴乔晶晶#dlrb#迪丽热巴你是我的荣耀#「今日互动帖」乔晶晶乔晶晶每天都是亮晶晶！@Dear-迪丽热巴​​​ 【迪丽热巴你是我的荣耀乔晶晶】 L嘉行迪丽热巴工作室的微博视频 ​,https://m.weibo.cn/detail/4687262481125512
跑男时期综艺名场面,post,0,粉丝点评/记忆表达明确,红豆椰果不爱珍珠,#笑到头掉的宝藏综艺##盘点那些错过的爆笑综艺#我喜欢奔跑吧兄弟前三季和极限挑战前四季前三季的跑男有笑点有泪点，人那个时候也很好看，游戏看着还算新颖，大家都放的开，聊得好。超喜欢陈赫和邓超在一起的感觉，就看他们两对话我也能看一天。那个时候Angelababy不像现在一直在节目里保持精致。前四季的极限挑战每一期都超搞笑，老一辈的艺人能聊能玩有梗不大牌。最喜欢海南三亚他们为了赚钱做群演在更衣室换衣服那期，我看了好几遍因为我喜欢迪丽热巴我看了,https://m.weibo.cn/detail/4687260417266806
纪云禾与鲛人系角色记忆,post,0,粉丝点评/记忆表达明确,此间风月不及迪,#迪丽热巴纪云禾# dlrb#迪丽热巴任安乐# “保持一颗对所有事情都新鲜的心，永远对这个世界抱有善意，保持初心，永远用清澈的眼神看待这个世界。不害怕被遗忘，努力留下好的作品”！——@Dear-迪丽热巴 ​,https://m.weibo.cn/detail/4687259670676986
乔晶晶与《你是我的荣耀》入坑记忆,post,0,粉丝点评/记忆表达明确,我们的石榴花一定会红的,【迪丽热巴乔晶晶】#迪丽热巴你是我的荣耀# @Dear-迪丽热巴 #迪丽热巴长歌行# ​​​dlrb#迪丽热巴与君初相识,https://m.weibo.cn/detail/4687259473805364
演员成长与角色群像评价,post,0,粉丝点评/记忆表达明确,此间风月不及迪,"#迪丽热巴纪云禾# dlrb#迪丽热巴任安乐#对于演员来讲,相貌就不是一个价值范畴的问题。世界上的人本来就长得各种各样,作为演员,我们要表现的是剧中各种各样的人物,毕竟不是参加选美大赛,不是说最漂亮就能演到最多角色,每个角色需要的都是适合Ta的人。——@Dear-迪丽热巴 ​",https://m.weibo.cn/detail/4687259179418546
任安乐/帝梓元角色记忆,post,0,粉丝点评/记忆表达明确,老糖菜,#迪丽热巴安乐传# #迪丽热巴任安乐# 你是欠了一屁股债吗@迪迪专属头头,https://m.weibo.cn/detail/4687257602626602
生日生贺与小小迪陪伴记忆,post,0,粉丝点评/记忆表达明确,天使記禮Angetinli_,迪丽月半超话带话题#迪丽热巴晒照祝福祖国# dllb#我和我的中国红# 发微博，祖国生日快乐！#中国# ​,https://m.weibo.cn/detail/4687257023808617
白凤九与三生三世情怀,post,0,粉丝点评/记忆表达明确,唐山语林心理咨询中心,迪丽热巴白凤九超话我妈：你跟迪丽热巴的爱情最近怎么样？我妈：我怎么好久不见她了？我：你平时多看看电视嘛我妈：爱情是什么？我：爱不是一种意愿，爱是一种能力。理想化对方不是爱，多愁善感不是爱，爱是有能力理解并真的关心对方，爱的能力最重要的就是要克服自恋。我妈：我觉得想办法把她从电视里拿出来才是关键。我：……等我去喊她回家吃饭。,https://m.weibo.cn/detail/4687238384586899
李长歌与《长歌行》角色记忆,post,0,粉丝点评/记忆表达明确,拾光境野,我在2021#微博KING和QUEEN#评选中提名@Dear-迪丽热巴，理由是：专业度绝了，一整个拿捏了她的作品我都看过，非常好看，今年播出的以爱国为主的《长歌行》好看快来#微博之夜#提名你心中的微博QUEEN，赢取微博之夜盛典门票、限量手办及现金大奖吧！快来提名微博QUEEN ​,https://m.weibo.cn/detail/4720602177084640
李长歌与《长歌行》角色记忆,post,0,粉丝点评/记忆表达明确,8雾里寻严16,我在2021#微博KING和QUEEN#评选中提名@Dear-迪丽热巴，理由是：长歌行快来#微博之夜#提名你心中的微博QUEEN，赢取微博之夜盛典门票、限量手办及现金大奖吧！快来提名微博QUEEN ​,https://m.weibo.cn/detail/4720602064095566
纪云禾与鲛人系角色记忆,post,0,粉丝点评/记忆表达明确,谷系城霞戏歌vl,#迪丽热巴纪云禾# dlrb#迪丽热巴与君初相识#听，这一刻我的心多为你跳动一下。@Dear-迪丽热巴 ​,https://m.weibo.cn/detail/4720600575377650
纪云禾与鲛人系角色记忆,post,0,粉丝点评/记忆表达明确,63号朋友,每日一善超话 【指路不吞必hui】❌lj ❌hu字 ❌hui字 善是一种自然的流露，没有一点造作，没有一点企求，像水一样一往无前地流动，没有一点分别心，取舍心，无私地奉献一切，这样才是善，才是真正的上善若水。以善修心，以善洗心，以善造心，以善治心，人就会快乐和幸福。一切造作皆源乎心，只要我们有善心天地也会待我们不薄。#跟迪丽热巴一起走进冰之帆# @Dear-迪丽热巴 #迪丽热巴纪云禾# dlrb#迪丽热巴与君初相识#,https://m.weibo.cn/detail/4720598401679662
生日生贺与小小迪陪伴记忆,post,0,粉丝点评/记忆表达明确,爱吃奶疙瘩的小屁孩,又在看生日会了。看到台下玫红的灯海，为你欢呼，为你祝福。一直都说我们小孩是最努力的，打破重塑，到坦然，你比两年前更加充实强大了。这一年追了你两部剧，忘不了的朔州大雪，忘不了的大漠孤烟，越来越多的人为你而停留了。又是新的一年啦，期待你更多的作品，期待你更加精彩的2022。（姐姐，新的一年有考虑拍电影嘛）还有最重要的一点就是平安喜乐，就像你说的：活在当下。@Dear-迪丽热巴 新年快乐,https://m.weibo.cn/detail/4720590957583045
李长歌与《长歌行》角色记忆,post,0,粉丝点评/记忆表达明确,纪云禾谷外女友,"@Dear-迪丽热巴 宝贝新年快乐转眼又是新的一年啦首先恭喜我宝贝今年成绩优秀！商业价值好到我只会说挖槽《长歌行》和《你是我的荣耀》的成绩也特别特别棒！然后呢，今年也拍了两部剧，咱就是说一整个期待住了还有我宝今年终于可以回家过年啦记得要在家吃好喝好晚好，好好放松一下，和我岳父岳母一起开开心心过年最后，希望我和我宝可以继续努力，继续加油。新的一年万事如意，平安健康，万事顺遂，所愿都能实现，为了目标前进！！！元旦快乐,2022我来啦💪💪💪",https://m.weibo.cn/detail/4720577950517753
爱丽丝与热巴的双向奔赴,post,0,粉丝点评/记忆表达明确,甜热热家的酸奶疙瘩,亲爱的胖迪，2021年就要过去了，又多了爱你的一年。今年是我陪伴你的第五年，在喜欢你的这些年里，我看到了你的成长和努力，你真的很棒很棒，爱丽丝们真的为你感到很骄傲。希望你在新的一年里工作顺利，身体健康，每天快快乐乐的，所许的愿望都一一实现，阿丝儿永远是你坚强的后盾。@Dear-迪丽热巴,https://m.weibo.cn/detail/4720559055177490
白凤九与三生三世情怀,post,0,粉丝点评/记忆表达明确,Stella的树,一刷完枕上书。先#高伟光#东华帝君高伟光超话 #迪丽热巴#剧版三生三世枕上书超话 。追这部剧的时光是难得的开心的好时光。PS，从柬埔寨转机回来的时候。从住的地方拖着行李箱在凹凸不平的路面上艰难行走，一位善良的华人姐姐骑车经过主动帮我，想载我去机场。奈何行李箱放不上电车。但是还帮我找了嘟嘟车载我去机场。真的很感谢啊。希望有一天我也有机会有能力怀着单纯的心帮助真正需要帮助的人。那人生的意义也就实现了。,https://m.weibo.cn/detail/4488670360559767
演员成长与角色群像评价,post,0,粉丝点评/记忆表达明确,胡婧婧,#各省颜值担当#迪丽热巴 dlrb 阿娜尔罕 裂缝中的阳光#疆遇四十年#迪丽热巴阿娜尔罕超话阿娜尔罕是迪丽热巴的第一部作品，央视历史正剧是自治区迎接建党九十周年的重点献礼影视作品。8年来青年演员迪丽热巴塑造了25个角色CR.柔弱仙女粽 L柔弱仙女粽的秒拍视频迪丽热巴超话 @Dear-迪丽热巴 ​​​ 2北京,https://m.weibo.cn/detail/4488661683191204
白凤九与三生三世情怀,post,0,粉丝点评/记忆表达明确,D女郎-依依a,无水印高清壁纸超话女孩子为什么要努力是为了看到更大的世界为了可以有自己选择人生的机会也为了以后可以不向讨厌的人低头或是能够在自己喜欢的人出现的时候 不至于卑微的抬不起头 而是充满自信理直气壮的说出那句话“我知道你很好，但我也不差。” ​​​#迪丽热巴三生三世枕上书##每日一图##热门美女##无水印壁纸#,https://m.weibo.cn/detail/4488639075418762
乔晶晶与《你是我的荣耀》入坑记忆,post,0,粉丝点评/记忆表达明确,叁月拾光kx,迪丽热巴超话 今天热巴明星权力榜的成绩很棒，谢谢各位一起努力爱热巴的阿丝儿们，继续一起努力啊！（另附今日明星权力榜推的热巴美图几张，今天又是被狙到的一天）不过寻艺签到还要加油，一起pick实力与美貌并存的迪迪子！因为热爱，所以热爱#迪丽热巴##迪丽热巴乔晶晶##迪丽热巴你是我的荣耀##迪丽热巴李长歌##迪丽热巴恋爱的贡多拉#,https://m.weibo.cn/detail/4554990808994707
演员成长与角色群像评价,post,0,粉丝点评/记忆表达明确,Dear-小丸子鸭,迪丽热巴超话#迪丽热巴绛红漫舞纱裙# 为每一个梦想全力以赴，用热爱与用心诠释着每一个角色，用勇敢与坚持突破每一个自我！超越平庸，不为人生设限，她用不按逻辑的闪亮，肆意绽放！和青年演员@Dear-迪丽热巴 一起拥抱2021，做更好的自己,https://m.weibo.cn/detail/4588330777330534
李长歌与《长歌行》角色记忆,post,0,粉丝点评/记忆表达明确,叁金玖念,2021年，我还能看到不一样的你吗？@Dear-迪丽热巴 #迪丽热巴绛红漫舞纱裙# #迪丽热巴民族风情造型# #迪丽热巴长歌行# #迪丽热巴你是我的荣耀#,https://m.weibo.cn/detail/4588330761327449
李长歌与《长歌行》角色记忆,post,0,粉丝点评/记忆表达明确,玫有认真的雪,美神迪丽热巴 倾城貌，披红妆，着星光。今夜我们相约沪上，携手共渡跨年夜 @Dear-迪丽热巴 #迪丽热巴戴着面纱跳新疆舞# #迪丽热巴长歌行# #迪丽热巴你是我的荣耀#,https://m.weibo.cn/detail/4588330703133658
演员成长与角色群像评价,post,0,粉丝点评/记忆表达明确,小不点真可爱ZKA,@叶汉茜:为每一个梦想全力以赴，用热爱与用心诠释着每一个角色，用勇敢与坚持突破每一个自我！超越平庸，不为人生设限，她用不按逻辑的闪亮，肆意绽放！和青年演员@Dear-迪丽热巴 一起拥抱2021，做更好的自己。 评论配图,https://m.weibo.cn/detail/4588330668280441
演员成长与角色群像评价,post,0,粉丝点评/记忆表达明确,O泡奶迪·,为每一个梦想全力以赴，用热爱与用心诠释着每一个角色，用勇敢与坚持突破每一个自我！超越平庸，不为人生设限，她用不按逻辑的闪亮，肆意绽放！和青年演员@Dear-迪丽热巴 一起拥抱2021，做更好的自己。 评论配图,https://m.weibo.cn/detail/4588330660153129
行走的油画/神女美貌出圈,post,0,粉丝点评/记忆表达明确,默默要快点毕业,迪丽热巴穿着民族服上过课本，迪丽热巴在东北上学的时候穿着民族服举着院牌的绝美侧颜，迪丽热巴风中奇缘跑龙套时候的绝美蓝色民族服，哪一件不出圈？,https://m.weibo.cn/detail/4588330643114211
乔晶晶与《你是我的荣耀》入坑记忆,post,0,粉丝点评/记忆表达明确,看过人间月色的你,迪丽热巴超话 #迪丽热巴乔晶晶# 我的妈。真不容易，居然发自拍了，希望新的一年，热巴能开开心心，心想事成，霉运走开，幸福幸福幸福。重要的事情说三遍@Dear-迪丽热巴 #迪丽热巴李长歌#,https://m.weibo.cn/detail/4588330559227722
演员成长与角色群像评价,post,0,粉丝点评/记忆表达明确,O泡奶迪·,为每一个梦想全力以赴，用热爱与用心诠释着每一个角色，用勇敢与坚持突破每一个自我！超越平庸，不为人生设限，她用不按逻辑的闪亮，肆意绽放！和青年演员@Dear-迪丽热巴 一起拥抱2021，做更好的自己。,https://m.weibo.cn/detail/4588330496575217
李长歌与《长歌行》角色记忆,post,0,粉丝点评/记忆表达明确,玫有认真的雪,倾城貌，披红妆，着星光。今夜我们相约沪上，携手共渡跨年夜 @Dear-迪丽热巴 #迪丽热巴戴着面纱跳新疆舞# #迪丽热巴长歌行# #迪丽热巴你是我的荣耀#,https://m.weibo.cn/detail/4588330417393372
新疆舞与舞台表现名场面,post,0,粉丝点评/记忆表达明确,R怎么可能追谁都一样D,#迪丽热巴戴着面纱跳新疆舞# 啊啊啊啊啊啊姐姐的舞台太绝了@Dear-迪丽热巴,https://m.weibo.cn/detail/4588330076883616
行走的油画/神女美貌出圈,post,0,粉丝点评/记忆表达明确,像阳光一样耀眼的人儿,好美啊！我要死了什么办，每次的出现都是一次比一次更绝美，一次又一次的超越昨天的自己，你身上到底还有多少我们未知的技能和宝藏！果然平时不人前显摆是为了慢慢亮瞎我们！真的是如你爸爸说的低调做人！明明这么优秀的一个宝藏女孩却这么低调@Dear-迪丽热巴 #迪丽热巴戴着面纱跳新疆舞##异域风情迪丽热巴小仙女##迪丽热巴民族风情造型# 2四会,https://m.weibo.cn/detail/4588324875939476
行走的油画/神女美貌出圈,post,0,粉丝点评/记忆表达明确,青禾崖,迪丽热巴真的是维吾尔族的红玫瑰。我看到她对国家和民族真诚的热爱和敬畏。她能在其他美人争奇斗艳仙女裙的时候穿上民族传承布料的衣裙，然后说一句“我希望它能再绚烂一点，像祖国的大好河山”；又能在被人质疑“异域面孔限制戏路”的时候一袭西域舞裙出现在舞台翩翩起舞，眼睛里满是明媚的笑意。她每一次出圈其实靠的不光是耀眼的美貌，还有这个女孩子心里不被磨灭的真诚和勇敢。#迪丽热巴绛红漫舞纱裙#,https://m.weibo.cn/detail/4588323794594606
李长歌与《长歌行》角色记忆,post,0,粉丝点评/记忆表达明确,葫芦娃与他们的爷爷,热巴是第一次穿民族服饰吧好像，真的，呜呜呜呜呜呜呜呜呜呜呜呜呜太绝了，为什么能有人这么绝啊，出场就惊艳四座#迪丽热巴绛红漫舞纱裙# #迪丽热巴民族风情造型# #迪丽热巴戴着面纱跳新疆舞# #迪丽热巴你是我的荣耀# #迪丽热巴你是我的荣耀# 期待迪丽热巴长歌行，你是我的荣耀,https://m.weibo.cn/detail/4588323593258513
乔晶晶与《你是我的荣耀》入坑记忆,post,0,粉丝点评/记忆表达明确,可爱夏天吖,#迪丽热巴 本人比照片和视频更漂亮# @Dear-迪丽热巴 #迪丽热巴绛红漫舞纱裙# 好美太短了，看不够美爆了别管我，我疯了，让我尖叫一下啊啊啊啊啊啊啊啊啊啊啊啊啊啊啊啊啊啊啊啊啊啊啊啊啊啊啊啊啊啊啊啊啊啊啊啊啊啊啊啊啊啊啊啊啊啊啊啊啊啊啊啊啊啊啊啊啊啊啊啊啊啊啊啊啊啊啊啊啊啊啊啊啊啊啊啊啊啊啊啊 L乔晶晶爱我的微博视频,https://m.weibo.cn/detail/4588322049502792
新疆舞与舞台表现名场面,post,0,粉丝点评/记忆表达明确,吃个草莓蛋糕芭,#迪丽热巴民族风情造型##迪丽热巴绛红漫舞纱裙# 以前知道姐姐是明艳的惊人的美，今晚红纱裙的衬托更加显出姐姐的异域风情，真真真的是美衣衬美人，让人惊艳的美，就是一个字美，姐姐的舞台也超棒，跳舞跳的很好，美艳又不失可爱，2021也要活泼可爱下去啊，元旦快乐姐姐，愿你如雪一般清澈洁白，永远是最棒的姐姐@Dear-迪丽热巴,https://m.weibo.cn/detail/4588320279757925
白凤九与三生三世情怀,post,0,粉丝点评/记忆表达明确,铿锵玫瑰29421,迪丽热巴超话#迪丽热巴创造营2019##剧星驾到#@Dear-迪丽热巴 快乐很简单，剧星陪你看！我在剧星闪耀榜上为你的演技点亮星光，助你成为闪耀剧星！@微博电视剧 @微博剧场//@Dear-迪丽热巴 ：#明星势力榜##迪丽热巴护舒宝##迪丽热巴三生三世枕上书# ​​​ ​​​ ​​​ ​​​3 O剧星闪耀榜,https://m.weibo.cn/detail/4355923227039789
白凤九与三生三世情怀,post,0,粉丝点评/记忆表达明确,铿锵玫瑰29421,迪丽热巴超话#迪丽热巴创造营2019##剧星驾到#@Dear-迪丽热巴 快乐很简单，剧星陪你看！我在剧星闪耀榜上为你的演技点亮星光，助你成为闪耀剧星！@微博电视剧 @微博剧场//@Dear-迪丽热巴 ：#明星势力榜##迪丽热巴护舒宝##迪丽热巴三生三世枕上书# ​​​ ​​​ ​​​ ​​​2 O剧星闪耀榜,https://m.weibo.cn/detail/4355923176616841
白凤九与三生三世情怀,post,0,粉丝点评/记忆表达明确,铿锵玫瑰29421,迪丽热巴超话#迪丽热巴创造营2019# @Dear-迪丽热巴 我要和你一起拿下#酷剧场#青春燃血榜第一名！@优酷 @微博视频台//@Dear-迪丽热巴 ：#酷剧场# 青春热血榜声#迪丽热巴护舒宝##迪丽热巴三生三世枕上书# ​​​ ​​​ ​​​ ​​​ ​​​ ​​​ ​​​ ​​​ ​​​ O#酷剧场#青春热血榜,https://m.weibo.cn/detail/4355922178511072
白凤九与三生三世情怀,post,0,粉丝点评/记忆表达明确,傲娇的迪热热,剧版三生三世枕上书超话#迪丽热巴电影日月##迪丽热巴创造营2019##迪丽热巴极限挑战# 3.31积分，三月即将结束，四月马上就来到了@Dear-迪丽热巴 @Dear-迪丽热巴 @Dear-迪丽热巴 @Dear-迪丽热巴 @Dear-迪丽热巴 @Dear-迪丽热巴 @Dear-迪丽热巴 @Dear-迪丽热巴 做自己想做的事，‘勿忘初心，方得始终！’,https://m.weibo.cn/detail/4355916108950396
白凤九与三生三世情怀,post,0,粉丝点评/记忆表达明确,王俊祺520,相信有很多网友都曾经看过三生三世这部作品，并且对于其中的一些角色更是留下了非常深刻的印象，而小编今天想带大家来见一见最中曾经出现的4个新娘，不知道你们还有没有对于他们的记忆第4个白浅，这大概是整部作品中最廉价的一套衣服了，这也是因为当时他们结婚的时候正好在房间，所以材料也不是特别的高贵，不过那个时候的两人应该都10分的幸福吧，可以看到在领口的位置还是边上的一些花，也多亏了这个高颜值，才穿得起这套衣服第3个素锦，其实在整部作品中，他有两次,https://m.weibo.cn/detail/4355877270514058
嘻嘻迪/表情包/可爱梗,post,0,粉丝点评/记忆表达明确,_大橙子啊,灵魂歌手迪丽热巴哈哈哈 声嘶力竭版本的《妥协》罗丽cp今天也很可爱#极限挑战##迪丽热巴唱歌#星闻揭秘超话 L星闻揭秘的微博视频 ​​​,https://m.weibo.cn/detail/4389017573243287
嘻嘻迪/表情包/可爱梗,post,0,粉丝点评/记忆表达明确,杀意亦温柔,我家热巴怎么能这么可爱，骑牛唱歌笑死我,https://m.weibo.cn/detail/4389017556102314
嘻嘻迪/表情包/可爱梗,post,0,粉丝点评/记忆表达明确,周一不适合上班,哈哈，差一点让热巴笑死我，真的好可爱啊,https://m.weibo.cn/detail/4389017355704398
嘻嘻迪/表情包/可爱梗,post,0,粉丝点评/记忆表达明确,-CMIUC-,哈哈哈 好喜欢热巴啊 太可爱了吧,https://m.weibo.cn/detail/4389016876800605
嘻嘻迪/表情包/可爱梗,post,0,粉丝点评/记忆表达明确,_原始刻录啊,迪丽热巴超话真的是实在太可爱了忍不住要分享真的是太喜欢了特别是那个表情那个动作那个哈哈哈哪哪都喜欢哎哟我滴妈哦日常表白迪丽热巴 ​,https://m.weibo.cn/detail/4422355167895015
嘻嘻迪/表情包/可爱梗,post,0,粉丝点评/记忆表达明确,打call活力叶晨,极限挑战第三期我最喜欢最戳我的一个镜头就是迪丽热巴气喘吁吁跑下来这里 配上她奶奶的哈哈哈哈哈哈哈哈哈 真的好可爱哦她 今天也是持续母爱泛滥的一天dlrb 2邯郸 ​,https://m.weibo.cn/detail/4422351158215358
生日生贺与小小迪陪伴记忆,post,0,粉丝点评/记忆表达明确,执着样子,迪丽冷巴超话#迪丽热巴极限挑战##迪丽热巴0603生日快乐# 翻车都那么可爱 ​,https://m.weibo.cn/detail/4422351053372999
演员成长与角色群像评价,post,0,粉丝点评/记忆表达明确,想做什么去做吧,为每一个梦想全力以赴，用热爱与用心诠释着每一个角色，用勇敢与坚持突破每一个自我！超越平庸，不为人生设限，她用不按逻辑的闪亮，肆意绽放！和青年演员@Dear-迪丽热巴 一起拥抱2020，做更好的自己。,https://m.weibo.cn/detail/4455696759904119
嘻嘻迪/表情包/可爱梗,post,0,粉丝点评/记忆表达明确,序月,存图存到记忆错乱，我存过吗不管，全存了哈哈哈哈哈@Dear-迪丽热巴 美！飒！棒！,https://m.weibo.cn/detail/4455696571288234
白凤九与三生三世情怀,post,0,粉丝点评/记忆表达明确,爱吃卷心菜的大彭彭,#迪丽热巴 唱跳# 作为粉丝，我偏爱热巴，但是脱离粉丝滤镜之后，我也很佩服热巴。在2019这一年，热巴真的做了很多尝试，大胆突破自己，配音，主持，唱歌，跳舞，每个单拿出来，都很不错，至少很多人都拿去和专业配音，专业主持，专业爱豆比较，对热巴的要求很严格，这不就侧面表示了对热巴的认可么，现在很期待热巴的枕上书，不知道这次的凤九又会带给我们什么感觉。,https://m.weibo.cn/detail/4455691806594167
嘻嘻迪/表情包/可爱梗,post,0,粉丝点评/记忆表达明确,梦想与爱并肩同行_,[萌] #创造营2019# 哈哈哈哈哈哈哈哈哈迪丽热巴为周震南、夏之光、何洛洛佩戴徽章，哈哈哈哈哈哈孩子们的表情都太可爱了南南真的实力诠释“大气不敢出”凑热闹的张远表情是我本人了哈哈哈哈哈哈哈！！！啊啊啊啊啊啊啊啊啊我也想被漂亮姐姐佩戴徽章创造营2019超话 ...全文： 微博正文 ?,https://m.weibo.cn/detail/4455690367674953
新疆舞与舞台表现名场面,post,0,粉丝点评/记忆表达明确,妮萨199010,#迪丽热巴 唱跳##迪丽热巴 唱跳##迪丽热巴野蛮生长# 迪丽热巴每次跳舞都突破自己，至今为止迪丽热巴已经跳了哪几种的舞蹈了呢我们一起来看看迪丽热巴快本拉丁舞，迪丽热巴新疆舞，迪丽热巴2017年跨年舞蹈，迪丽热巴海涛兔子舞，迪丽热巴男团舞，迪丽热巴生日会开场冷巴舞，迪丽热巴生日会抖音热舞直接被叫做热巴舞迪丽热巴创造营爱你舞，真是粉了她粉了一个女团啊，爱突破的女孩简直不要太美腻 2和田·墨玉,https://m.weibo.cn/detail/4455688543168777
爱丽丝与热巴的双向奔赴,post,0,粉丝点评/记忆表达明确,今天再幸运一点吧,#迪丽热巴 唱跳#❤@Dear-迪丽热巴2019 你辛苦了！希望2020做更好的自己，勇于突破自己，勇于探索新事物！希望你永远保持着一颗纯真的心❤我们永远支持你！累了就停下来休息一下 ，不要太勉强自己，你在我们心中永远都是最棒的！爱丽丝们，2019辛苦了！我们一一直一直陪伴着这个女孩，2020我们继续加油💪,https://m.weibo.cn/detail/4455684328728591
白凤九与三生三世情怀,post,0,粉丝点评/记忆表达明确,ZKS·RB,#迪丽热巴 唱跳#有个性，不回避。2019年@Dear-迪丽热巴 勇敢跨出舒适区，从担任创造营发起人跨界主持，到唱歌舞蹈皆出新彩，也掀起了风靡一时的“迪丽热巴舞”。这一年你答卷漂亮，“用喜欢的模样闪亮登场”。亲爱的热巴，跨年快乐，明年继续惊扰天下，“野蛮生长”期待三生三世枕上书迪丽热巴超话,https://m.weibo.cn/detail/4455683694875695
嘻嘻迪/表情包/可爱梗,post,0,粉丝点评/记忆表达明确,佛兰戈,#迪丽热巴烈火如歌#K浴火成诗(电视剧《烈火如歌》片尾曲)#电视剧烈火如歌##烈火如歌# 迪丽热巴 演技闪光点@Dear-迪丽热巴 《烈火如歌》第四十集05:56 大拇指是怎么弄破的？19:00 对老婆婆好温柔啊22:32 太温柔了23:05 哈哈哈哈25:00和26:40 有道具可以摆弄的时候，演得还挺自然的31:40 可爱35:50 走的两步路太帅以上,https://m.weibo.cn/detail/4223690671166140
嘻嘻迪/表情包/可爱梗,post,0,粉丝点评/记忆表达明确,喵喵1993少爷,#迪丽热巴 头套#其实是白玉堂 头套哦，这个造型不是为了美，是为了剧情搞笑，但是我咋越看这个造型越觉得帅气好看呢？后面还有姥姥的造型，哈哈哈😄《一千零一夜》盛夏消暑剧了解一下，我一定要pick一下饰演凌凌七的迪丽热巴，太优秀不解释，别人爱不爱我管不着，我爱死你了热巴小可爱#迪丽热巴一千零一夜#迪丽热巴超话,https://m.weibo.cn/detail/4256539696613286
白凤九与三生三世情怀,post,0,粉丝点评/记忆表达明确,小樂Melody,秦时丽人明月心超话#丽姬传# 之前因為學測一直沒時間看這部戲，現在終於有時間閒下來好好看一波啦～首先，我一定要讚美一下導演～因為，各種高顏值啊～～～（羞我的老天鵝真的是賞心悅目XD等等！這不是重點好～我發表一下我的小感言～其實從小到大，因為喜歡聽、看故事，以致於影響到後來我很喜歡歷史，甚至喜歡古裝劇。不過其實我有一個小小的缺點就是我不太喜歡看我不熟悉的那段歷史的歷史劇，因為感覺會沒有共鳴，甚至之前對仙戀劇提不起興趣，就不小心略過三生三,https://m.weibo.cn/detail/4256401935318044
演员成长与角色群像评价,post,0,粉丝点评/记忆表达明确,一诺Capricorn,【迪丽热巴 头套】#迪丽热巴凌凌七##迪丽热巴一千零一夜# 守着湖南卫视金鹰独播剧场看到第九集了，夸一下演员迪，超棒的你同时感谢《一千零一夜》幕前幕后所有工作人员为大家带来这么精彩的一部电视剧！题材新颖，有创意，演员演技在线，让观众看的很舒适，很开心一天24小时，12小时工作学习生活，余下的12小时带上手坏后可以在梦中凭自己喜好尽情的发挥想象，太酷啦腾讯、优酷视频24：00同步更新喔@Dear-迪丽热巴 L[腾讯首发] 《一千零一夜》首,https://m.weibo.cn/detail/4256367290019098
嘻嘻迪/表情包/可爱梗,post,0,粉丝点评/记忆表达明确,面条要吸汤,其实除了白玉堂剧里还有许多吸引人值得去看的哦#迪丽热巴 头套#特别是凌凌七简直就是行走的表情包啊超搞笑，这剧就是解压神剧除了搞笑，剧情的发展会越来越好看哦，让我们接着期待#迪丽热巴凌凌七# 我不信你不笑一千零一夜湖南卫视晚上八点优酷可以看腾讯可以看,https://m.weibo.cn/detail/4256353318616985
高雯名场面与早期出圈,post,0,粉丝点评/记忆表达明确,陆离江湖,为什么男星都不想跟迪丽热巴拍亲密戏？鹿晗曾说出过原因当红小花中迪丽热巴算是发展非常好的了，身为杨幂旗下一员大将，这些年也跟老板杨幂一样成为了圈内劳模。迪丽热巴出身于乌鲁木齐，是维吾尔族人，长相十分有异域风情。迪丽热巴因出演《王的盛宴》而出道，此后被杨幂看中收入旗下。2013年开始便参与杨幂制作人的电视剧《微时代》和《古剑奇谭》，之后还和于正合作多部电视剧，不过都是些小配角。但真正让迪丽热巴火气来的还是因为《克拉恋人》，她扮演的高雯一角圈,https://m.weibo.cn/detail/4256290844770879
演员成长与角色群像评价,post,0,粉丝点评/记忆表达明确,7小甜甜不赖你janUsabentu,#说走就走的下班#热巴有颜值有演技的女演员，即便如此始终作品说话 可否认，迪丽热巴是一位长得太好看的女演员。即便如此，她始终用作品说话，幸运地避开了外貌对于角色塑造的限制，也证明了天生好容颜之外的演员能力。热巴一直在努力低调地成长着，正如她微博简介里仅有的这句话：“ .一只喜欢默默表演的小透明。,https://m.weibo.cn/detail/4290039893111031
白日提灯贺思慕/女鬼鬼王记忆,comment,0,粉丝点评/记忆表达明确,花花很幸运呀,绝美#迪丽热巴白日提灯# dlrb #迪丽热巴贺思慕# dlrb #白日提灯# 迪丽热巴 |白日提灯 | 虽然不能同时拥有一切 | 贺思慕 |卫蓝@Dear-迪丽热巴,https://m.weibo.cn/detail/5285489712043275
嘻嘻迪/表情包/可爱梗,comment,0,粉丝点评/记忆表达明确,熊猫猫的大玫瑰,巴巴好可爱啊哈哈哈哈哈,https://m.weibo.cn/detail/4980676061299668
