collab_id,series_name,primary_brand,partner_names,official_site_status,official_site_urls,official_site_http_statuses,official_site_evidence,official_skp_status,skp_rows_total,official_skp_count,retailer_skp_count,press_listed_skp_count,missing_product_url_count,missing_product_image_count,official_product_urls_checked,official_product_url_http_statuses,next_action,last_checked
Q12026-001,BALENCIAGA I NBA Collaboration,Balenciaga,National Basketball Association (NBA),confirmed,https://www.balenciaga.com/en-en/balenciaga-%7C-nba-collaboration | https://www.balenciaga.com/en-en/balenciaga-%7C-nba-collaboration-varsity-jacket-black-white-864902TQS041070.html | https://www.balenciaga.com/en-en/balenciaga-%7C-nba-collaboration-short-sleeve-shirt-black-864831TRM281000.html | https://www.balenciaga.com/en-en/balenciaga-%7C-nba-collaboration-oversized-sweatpants-black-white-864873TTVV91070.html | https://www.balenciaga.com/en-en/balenciaga-%7C-nba-collaboration-oversized-zip-up-hoodie-black-multicolor-863850TTVV91060.html | https://www.balenciaga.com/en-en/balenciaga-%7C-nba-collaboration-oversized-long-sleeve-t-shirt-black-multicolor-864877TTVW21060.html | https://www.balenciaga.com/en-en/balenciaga-%7C-nba-collaboration-tracksuit-shorts-black-white-864870TTVW21070.html | https://www.balenciaga.com/en-en/balenciaga-%7C-nba-collaboration-tracksuit-jacket-red-864835TROA56417.html | https://www.balenciaga.com/en-en/balenciaga-%7C-nba-collaboration-oversized-t-shirt-red-863852TTVW16291.html | https://www.balenciaga.com/en-en/search?q=nba | https://www.balenciaga.com/en-en/balenciaga-%7C-nba-collaboration-pants-lightweight-black-863836TQW541071.html | https://www.balenciaga.com/en-en/balenciaga-%7C-nba-collaboration-socks-dirty-white-8643464F1B59016.html | https://www.balenciaga.com/en-en/balenciaga-%7C-nba-collaboration-coach-jacket-black-864836TMO131000.html | https://www.balenciaga.com/en-en/balenciaga-%7C-nba-collaboration-charm-keychain-ball-orange-8661852ACFZ7462.html | https://www.balenciaga.com/en-en/balenciaga-%7C-nba-collaboration-tracksuit-pants-new-black-864832TROA51038.html,https://www.balenciaga.com/en-en/balenciaga-%7C-nba-collaboration [200] | https://www.balenciaga.com/en-en/balenciaga-%7C-nba-collaboration-varsity-jacket-black-white-864902TQS041070.html [source_only] | https://www.balenciaga.com/en-en/balenciaga-%7C-nba-collaboration-short-sleeve-shirt-black-864831TRM281000.html [source_only] | https://www.balenciaga.com/en-en/balenciaga-%7C-nba-collaboration-oversized-sweatpants-black-white-864873TTVV91070.html [source_only] | https://www.balenciaga.com/en-en/balenciaga-%7C-nba-collaboration-oversized-zip-up-hoodie-black-multicolor-863850TTVV91060.html [source_only] | https://www.balenciaga.com/en-en/balenciaga-%7C-nba-collaboration-oversized-long-sleeve-t-shirt-black-multicolor-864877TTVW21060.html [source_only] | https://www.balenciaga.com/en-en/balenciaga-%7C-nba-collaboration-tracksuit-shorts-black-white-864870TTVW21070.html [source_only] | https://www.balenciaga.com/en-en/balenciaga-%7C-nba-collaboration-tracksuit-jacket-red-864835TROA56417.html [source_only] | https://www.balenciaga.com/en-en/balenciaga-%7C-nba-collaboration-oversized-t-shirt-red-863852TTVW16291.html [source_only] | https://www.balenciaga.com/en-en/search?q=nba [source_only] | https://www.balenciaga.com/en-en/balenciaga-%7C-nba-collaboration-pants-lightweight-black-863836TQW541071.html [source_only] | https://www.balenciaga.com/en-en/balenciaga-%7C-nba-collaboration-socks-dirty-white-8643464F1B59016.html [source_only] | https://www.balenciaga.com/en-en/balenciaga-%7C-nba-collaboration-coach-jacket-black-864836TMO131000.html [source_only] | https://www.balenciaga.com/en-en/balenciaga-%7C-nba-collaboration-charm-keychain-ball-orange-8661852ACFZ7462.html [source_only] | https://www.balenciaga.com/en-en/balenciaga-%7C-nba-collaboration-tracksuit-pants-new-black-864832TROA51038.html [source_only],Official/retail product URL present in SKP rows; source/fetch evidence retained in status list.,official_products_found,13,13,0,0,0,0,https://www.balenciaga.com/en-en/balenciaga-%7C-nba-collaboration-varsity-jacket-black-white-864902TQS041070.html | https://www.balenciaga.com/en-en/balenciaga-%7C-nba-collaboration-short-sleeve-shirt-black-864831TRM281000.html | https://www.balenciaga.com/en-en/balenciaga-%7C-nba-collaboration-oversized-sweatpants-black-white-864873TTVV91070.html | https://www.balenciaga.com/en-en/balenciaga-%7C-nba-collaboration-oversized-zip-up-hoodie-black-multicolor-863850TTVV91060.html | https://www.balenciaga.com/en-en/balenciaga-%7C-nba-collaboration-oversized-long-sleeve-t-shirt-black-multicolor-864877TTVW21060.html | https://www.balenciaga.com/en-en/balenciaga-%7C-nba-collaboration-tracksuit-shorts-black-white-864870TTVW21070.html | https://www.balenciaga.com/en-en/balenciaga-%7C-nba-collaboration-tracksuit-jacket-red-864835TROA56417.html | https://www.balenciaga.com/en-en/balenciaga-%7C-nba-collaboration-oversized-t-shirt-red-863852TTVW16291.html | https://www.balenciaga.com/en-en/balenciaga-%7C-nba-collaboration-pants-lightweight-black-863836TQW541071.html | https://www.balenciaga.com/en-en/balenciaga-%7C-nba-collaboration-socks-dirty-white-8643464F1B59016.html | https://www.balenciaga.com/en-en/balenciaga-%7C-nba-collaboration-coach-jacket-black-864836TMO131000.html | https://www.balenciaga.com/en-en/balenciaga-%7C-nba-collaboration-charm-keychain-ball-orange-8661852ACFZ7462.html | https://www.balenciaga.com/en-en/balenciaga-%7C-nba-collaboration-tracksuit-pants-new-black-864832TROA51038.html,https://www.balenciaga.com/en-en/balenciaga-%7C-nba-collaboration-varsity-jacket-black-white-864902TQS041070.html [200] | https://www.balenciaga.com/en-en/balenciaga-%7C-nba-collaboration-short-sleeve-shirt-black-864831TRM281000.html [200] | https://www.balenciaga.com/en-en/balenciaga-%7C-nba-collaboration-oversized-sweatpants-black-white-864873TTVV91070.html [200] | https://www.balenciaga.com/en-en/balenciaga-%7C-nba-collaboration-oversized-zip-up-hoodie-black-multicolor-863850TTVV91060.html [200] | https://www.balenciaga.com/en-en/balenciaga-%7C-nba-collaboration-oversized-long-sleeve-t-shirt-black-multicolor-864877TTVW21060.html [200] | https://www.balenciaga.com/en-en/balenciaga-%7C-nba-collaboration-tracksuit-shorts-black-white-864870TTVW21070.html [200] | https://www.balenciaga.com/en-en/balenciaga-%7C-nba-collaboration-tracksuit-jacket-red-864835TROA56417.html [200] | https://www.balenciaga.com/en-en/balenciaga-%7C-nba-collaboration-oversized-t-shirt-red-863852TTVW16291.html [200] | https://www.balenciaga.com/en-en/balenciaga-%7C-nba-collaboration-pants-lightweight-black-863836TQW541071.html [200] | https://www.balenciaga.com/en-en/balenciaga-%7C-nba-collaboration-socks-dirty-white-8643464F1B59016.html [200] | https://www.balenciaga.com/en-en/balenciaga-%7C-nba-collaboration-coach-jacket-black-864836TMO131000.html [200] | https://www.balenciaga.com/en-en/balenciaga-%7C-nba-collaboration-charm-keychain-ball-orange-8661852ACFZ7462.html [200] | https://www.balenciaga.com/en-en/balenciaga-%7C-nba-collaboration-tracksuit-pants-new-black-864832TROA51038.html [200],Closed for v1: official site and official/retail product rows present.,2026-05-31
Q12026-002,Red Wing x HUMAN MADE The Future Is in the Past,Red Wing Heritage,HUMAN MADE,confirmed,https://www.humanmade.jp/en/news/human-made-red-wing-2025-dec.html | https://humanmade.jp/blogs/news/human-made-red-wing-2025-dec | https://humanmade.jp/products/XX30GD025 | https://humanmade.jp/products/XX30GD026 | https://humanmade.jp/products/XX30JK001 | https://humanmade.jp/products/XX30CS001 | https://humanmade.jp/products/XX30TE001,https://www.humanmade.jp/en/news/human-made-red-wing-2025-dec.html [403] | https://humanmade.jp/blogs/news/human-made-red-wing-2025-dec [403] | https://humanmade.jp/products/XX30GD025 [source_only] | https://humanmade.jp/products/XX30GD026 [source_only] | https://humanmade.jp/products/XX30JK001 [source_only] | https://humanmade.jp/products/XX30CS001 [source_only] | https://humanmade.jp/products/XX30TE001 [source_only],Official/retail product URL present in SKP rows; source/fetch evidence retained in status list.,official_products_found,5,5,0,0,0,0,https://humanmade.jp/products/XX30GD025 | https://humanmade.jp/products/XX30GD026 | https://humanmade.jp/products/XX30JK001 | https://humanmade.jp/products/XX30CS001 | https://humanmade.jp/products/XX30TE001,https://humanmade.jp/products/XX30GD025 [403] | https://humanmade.jp/products/XX30GD026 [403] | https://humanmade.jp/products/XX30JK001 [403] | https://humanmade.jp/products/XX30CS001 [403] | https://humanmade.jp/products/XX30TE001 [403],Closed for v1: official site and official/retail product rows present.,2026-05-31
Q12026-003,Stella McCartney x Jeff Koons Limited-Edition Capsule,Stella McCartney,Jeff Koons,confirmed,https://www.stellamccartney.com/us/en/women/stella-mccartney-x-jeff-koons | https://www.stellamccartney.com/us/en/women/knitwear/jeff-koons-poodle-jumper-6K11693S26341267.html | https://www.stellamccartney.com/us/en/women/shirts-and-tops/jeff-koons-doggy-style-t-shirt-6J01583SQA289000.html | https://www.stellamccartney.com/us/en/women/shirts-and-tops/jeff-koons-doggy-style-tank-6J04433SQA339000.html | https://www.stellamccartney.com/us/en/women/keyring-and-charms/jeff-koons-doggy-style-keyring-7V0150WP06869002.html | https://www.stellamccartney.com/us/en/women/sweatshirts-and-t-shirts/jeff-koons-slippery-when-wet-hoodie-6J02643SQA321501.html | https://www.stellamccartney.com/us/en/women/shirts-and-tops/jeff-koons-slippery-when-wet-t-shirt-6J01583SQA189000.html | https://www.stellamccartney.com/us/en/women/shirts-and-tops/jeff-koons-slippery-when-wet-tank-6J04433SQA319000.html | https://www.stellamccartney.com/us/en/women/hats-and-scarves/jeff-koons-slippery-when-wet-cap-7V0054WP06829002.html | https://www.stellamccartney.com/us/en/women/handbags/jeff-koons-doggy-style-tote-bag-7B0187WP0681T835.html | https://www.stellamccartney.com/us/en/women/handbags/jeff-koons-doggy-style-crossbody-tote-bag-7B0188WP0681T835.html | https://www.stellamccartney.com/us/en/women/hats-and-scarves/jeff-koons-slippery-when-wet-scarf-6B00493HS2508485.html | https://www.stellamccartney.com/us/en/women/keyring-and-charms/jeff-koons-slippery-when-wet-keyring-7V0149WP06859002.html | https://www.stellamccartney.com/us/en/women/sweatshirts-and-t-shirts/signed%C2%A0jeff-koons-doggy-style-t-shirt-6J0158JKNY129000.html | https://www.stellamccartney.com/us/en/women/stella-mccartney-x-jeff-koons/signed%C2%A0jeff-koons-doggy-style-tank-6J0443JKNY139000.html,https://www.stellamccartney.com/us/en/women/stella-mccartney-x-jeff-koons [200] | https://www.stellamccartney.com/us/en/women/knitwear/jeff-koons-poodle-jumper-6K11693S26341267.html [source_only] | https://www.stellamccartney.com/us/en/women/shirts-and-tops/jeff-koons-doggy-style-t-shirt-6J01583SQA289000.html [source_only] | https://www.stellamccartney.com/us/en/women/shirts-and-tops/jeff-koons-doggy-style-tank-6J04433SQA339000.html [source_only] | https://www.stellamccartney.com/us/en/women/keyring-and-charms/jeff-koons-doggy-style-keyring-7V0150WP06869002.html [source_only] | https://www.stellamccartney.com/us/en/women/sweatshirts-and-t-shirts/jeff-koons-slippery-when-wet-hoodie-6J02643SQA321501.html [source_only] | https://www.stellamccartney.com/us/en/women/shirts-and-tops/jeff-koons-slippery-when-wet-t-shirt-6J01583SQA189000.html [source_only] | https://www.stellamccartney.com/us/en/women/shirts-and-tops/jeff-koons-slippery-when-wet-tank-6J04433SQA319000.html [source_only] | https://www.stellamccartney.com/us/en/women/hats-and-scarves/jeff-koons-slippery-when-wet-cap-7V0054WP06829002.html [source_only] | https://www.stellamccartney.com/us/en/women/handbags/jeff-koons-doggy-style-tote-bag-7B0187WP0681T835.html [source_only] | https://www.stellamccartney.com/us/en/women/handbags/jeff-koons-doggy-style-crossbody-tote-bag-7B0188WP0681T835.html [source_only] | https://www.stellamccartney.com/us/en/women/hats-and-scarves/jeff-koons-slippery-when-wet-scarf-6B00493HS2508485.html [source_only] | https://www.stellamccartney.com/us/en/women/keyring-and-charms/jeff-koons-slippery-when-wet-keyring-7V0149WP06859002.html [source_only] | https://www.stellamccartney.com/us/en/women/sweatshirts-and-t-shirts/signed%C2%A0jeff-koons-doggy-style-t-shirt-6J0158JKNY129000.html [source_only] | https://www.stellamccartney.com/us/en/women/stella-mccartney-x-jeff-koons/signed%C2%A0jeff-koons-doggy-style-tank-6J0443JKNY139000.html [source_only],Official/retail product URL present in SKP rows; source/fetch evidence retained in status list.,official_products_found,14,14,0,0,0,0,https://www.stellamccartney.com/us/en/women/knitwear/jeff-koons-poodle-jumper-6K11693S26341267.html | https://www.stellamccartney.com/us/en/women/shirts-and-tops/jeff-koons-doggy-style-t-shirt-6J01583SQA289000.html | https://www.stellamccartney.com/us/en/women/shirts-and-tops/jeff-koons-doggy-style-tank-6J04433SQA339000.html | https://www.stellamccartney.com/us/en/women/keyring-and-charms/jeff-koons-doggy-style-keyring-7V0150WP06869002.html | https://www.stellamccartney.com/us/en/women/sweatshirts-and-t-shirts/jeff-koons-slippery-when-wet-hoodie-6J02643SQA321501.html | https://www.stellamccartney.com/us/en/women/shirts-and-tops/jeff-koons-slippery-when-wet-t-shirt-6J01583SQA189000.html | https://www.stellamccartney.com/us/en/women/shirts-and-tops/jeff-koons-slippery-when-wet-tank-6J04433SQA319000.html | https://www.stellamccartney.com/us/en/women/hats-and-scarves/jeff-koons-slippery-when-wet-cap-7V0054WP06829002.html | https://www.stellamccartney.com/us/en/women/handbags/jeff-koons-doggy-style-tote-bag-7B0187WP0681T835.html | https://www.stellamccartney.com/us/en/women/handbags/jeff-koons-doggy-style-crossbody-tote-bag-7B0188WP0681T835.html | https://www.stellamccartney.com/us/en/women/hats-and-scarves/jeff-koons-slippery-when-wet-scarf-6B00493HS2508485.html | https://www.stellamccartney.com/us/en/women/keyring-and-charms/jeff-koons-slippery-when-wet-keyring-7V0149WP06859002.html | https://www.stellamccartney.com/us/en/women/sweatshirts-and-t-shirts/signed%C2%A0jeff-koons-doggy-style-t-shirt-6J0158JKNY129000.html | https://www.stellamccartney.com/us/en/women/stella-mccartney-x-jeff-koons/signed%C2%A0jeff-koons-doggy-style-tank-6J0443JKNY139000.html,https://www.stellamccartney.com/us/en/women/knitwear/jeff-koons-poodle-jumper-6K11693S26341267.html [200] | https://www.stellamccartney.com/us/en/women/shirts-and-tops/jeff-koons-doggy-style-t-shirt-6J01583SQA289000.html [200] | https://www.stellamccartney.com/us/en/women/shirts-and-tops/jeff-koons-doggy-style-tank-6J04433SQA339000.html [200] | https://www.stellamccartney.com/us/en/women/keyring-and-charms/jeff-koons-doggy-style-keyring-7V0150WP06869002.html [200] | https://www.stellamccartney.com/us/en/women/sweatshirts-and-t-shirts/jeff-koons-slippery-when-wet-hoodie-6J02643SQA321501.html [200] | https://www.stellamccartney.com/us/en/women/shirts-and-tops/jeff-koons-slippery-when-wet-t-shirt-6J01583SQA189000.html [200] | https://www.stellamccartney.com/us/en/women/shirts-and-tops/jeff-koons-slippery-when-wet-tank-6J04433SQA319000.html [200] | https://www.stellamccartney.com/us/en/women/hats-and-scarves/jeff-koons-slippery-when-wet-cap-7V0054WP06829002.html [200] | https://www.stellamccartney.com/us/en/women/handbags/jeff-koons-doggy-style-tote-bag-7B0187WP0681T835.html [200] | https://www.stellamccartney.com/us/en/women/handbags/jeff-koons-doggy-style-crossbody-tote-bag-7B0188WP0681T835.html [200] | https://www.stellamccartney.com/us/en/women/hats-and-scarves/jeff-koons-slippery-when-wet-scarf-6B00493HS2508485.html [200] | https://www.stellamccartney.com/us/en/women/keyring-and-charms/jeff-koons-slippery-when-wet-keyring-7V0149WP06859002.html [200] | https://www.stellamccartney.com/us/en/women/sweatshirts-and-t-shirts/signed%C2%A0jeff-koons-doggy-style-t-shirt-6J0158JKNY129000.html [200] | https://www.stellamccartney.com/us/en/women/stella-mccartney-x-jeff-koons/signed%C2%A0jeff-koons-doggy-style-tank-6J0443JKNY139000.html [200],Closed for v1: official site and official/retail product rows present.,2026-05-31
Q12026-004,SKIMS x Team USA Milano Cortina 2026 Capsule,SKIMS,Team USA,confirmed,https://skims.com/collections/skims-for-team-usa | https://skims.com/en-sg/collections/skims-for-team-usa | https://skims.com/products/skims-for-team-usa-worn-in-jersey-olympic-long-sleeve-t-shirt-ecru | https://skims.com/products/skims-for-team-usa-fleece-unisex-olympic-oversized-sleep-top-ecru | https://skims.com/products/skims-for-team-usa-cotton-jersey-olympic-cami-red | https://skims.com/products/skims-for-team-usa-flannel-sleep-olympic-short-navy-plaid | https://skims.com/products/skims-for-team-usa-olympic-lounge-sock-navy | https://skims.com/products/skims-for-team-usa-cotton-jersey-paralympic-cami-red | https://skims.com/products/skims-for-team-usa-worn-in-jersey-olympic-shrunken-t-shirt-ecru | https://skims.com/products/skims-for-team-usa-flannel-sleep-mens-olympic-short-navy-plaid | https://skims.com/products/skims-for-team-usa-mens-olympic-lounge-sock-navy | https://skims.com/products/skims-for-team-usa-worn-in-jersey-paralympic-long-sleeve-t-shirt-ecru | https://skims.com/collections/skims-for-team-usa?cursor=eyJsYXN0X2lkIjoxMDI0Njk4MjAwOTE4NSwibGFzdF92YWx1ZSI6IjBuczBkY3VlOHJ0Iiwib2Zmc2V0IjoxMX0%3D | https://skims.com/products/skims-for-team-usa-fleece-unisex-paralympic-oversized-sleep-top-ecru | https://skims.com/products/skims-for-team-usa-cotton-jersey-paralympic-dolphin-boy-short-ecru | https://skims.com/products/skims-for-team-usa-jersey-sleep-mens-olympic-t-shirt-ecru | https://skims.com/products/skims-for-team-usa-worn-in-jersey-paralympic-shrunken-t-shirt-ecru | https://skims.com/products/skims-for-team-usa-flannel-sleep-olympic-pant-red-plaid | https://skims.com/products/skims-for-team-usa-cotton-jersey-paralympic-thong-3-pack-skims-for-team-usa-olympic-multi | https://skims.com/products/skims-for-team-usa-cotton-poplin-mens-olympic-boxer-ecru,https://skims.com/collections/skims-for-team-usa [200] | https://skims.com/en-sg/collections/skims-for-team-usa [200] | https://skims.com/products/skims-for-team-usa-worn-in-jersey-olympic-long-sleeve-t-shirt-ecru [source_only] | https://skims.com/products/skims-for-team-usa-fleece-unisex-olympic-oversized-sleep-top-ecru [source_only] | https://skims.com/products/skims-for-team-usa-cotton-jersey-olympic-cami-red [source_only] | https://skims.com/products/skims-for-team-usa-flannel-sleep-olympic-short-navy-plaid [source_only] | https://skims.com/products/skims-for-team-usa-olympic-lounge-sock-navy [source_only] | https://skims.com/products/skims-for-team-usa-cotton-jersey-paralympic-cami-red [source_only] | https://skims.com/products/skims-for-team-usa-worn-in-jersey-olympic-shrunken-t-shirt-ecru [source_only] | https://skims.com/products/skims-for-team-usa-flannel-sleep-mens-olympic-short-navy-plaid [source_only] | https://skims.com/products/skims-for-team-usa-mens-olympic-lounge-sock-navy [source_only] | https://skims.com/products/skims-for-team-usa-worn-in-jersey-paralympic-long-sleeve-t-shirt-ecru [source_only] | https://skims.com/collections/skims-for-team-usa?cursor=eyJsYXN0X2lkIjoxMDI0Njk4MjAwOTE4NSwibGFzdF92YWx1ZSI6IjBuczBkY3VlOHJ0Iiwib2Zmc2V0IjoxMX0%3D [source_only] | https://skims.com/products/skims-for-team-usa-fleece-unisex-paralympic-oversized-sleep-top-ecru [source_only] | https://skims.com/products/skims-for-team-usa-cotton-jersey-paralympic-dolphin-boy-short-ecru [source_only] | https://skims.com/products/skims-for-team-usa-jersey-sleep-mens-olympic-t-shirt-ecru [source_only] | https://skims.com/products/skims-for-team-usa-worn-in-jersey-paralympic-shrunken-t-shirt-ecru [source_only] | https://skims.com/products/skims-for-team-usa-flannel-sleep-olympic-pant-red-plaid [source_only] | https://skims.com/products/skims-for-team-usa-cotton-jersey-paralympic-thong-3-pack-skims-for-team-usa-olympic-multi [source_only] | https://skims.com/products/skims-for-team-usa-cotton-poplin-mens-olympic-boxer-ecru [source_only],Official/retail product URL present in SKP rows; source/fetch evidence retained in status list.,official_products_found,17,17,0,0,0,0,https://skims.com/products/skims-for-team-usa-worn-in-jersey-olympic-long-sleeve-t-shirt-ecru | https://skims.com/products/skims-for-team-usa-fleece-unisex-olympic-oversized-sleep-top-ecru | https://skims.com/products/skims-for-team-usa-cotton-jersey-olympic-cami-red | https://skims.com/products/skims-for-team-usa-flannel-sleep-olympic-short-navy-plaid | https://skims.com/products/skims-for-team-usa-olympic-lounge-sock-navy | https://skims.com/products/skims-for-team-usa-cotton-jersey-paralympic-cami-red | https://skims.com/products/skims-for-team-usa-worn-in-jersey-olympic-shrunken-t-shirt-ecru | https://skims.com/products/skims-for-team-usa-flannel-sleep-mens-olympic-short-navy-plaid | https://skims.com/products/skims-for-team-usa-mens-olympic-lounge-sock-navy | https://skims.com/products/skims-for-team-usa-worn-in-jersey-paralympic-long-sleeve-t-shirt-ecru | https://skims.com/products/skims-for-team-usa-fleece-unisex-paralympic-oversized-sleep-top-ecru | https://skims.com/products/skims-for-team-usa-cotton-jersey-paralympic-dolphin-boy-short-ecru | https://skims.com/products/skims-for-team-usa-jersey-sleep-mens-olympic-t-shirt-ecru | https://skims.com/products/skims-for-team-usa-worn-in-jersey-paralympic-shrunken-t-shirt-ecru | https://skims.com/products/skims-for-team-usa-flannel-sleep-olympic-pant-red-plaid | https://skims.com/products/skims-for-team-usa-cotton-jersey-paralympic-thong-3-pack-skims-for-team-usa-olympic-multi | https://skims.com/products/skims-for-team-usa-cotton-poplin-mens-olympic-boxer-ecru,https://skims.com/products/skims-for-team-usa-worn-in-jersey-olympic-long-sleeve-t-shirt-ecru [200] | https://skims.com/products/skims-for-team-usa-fleece-unisex-olympic-oversized-sleep-top-ecru [200] | https://skims.com/products/skims-for-team-usa-cotton-jersey-olympic-cami-red [200] | https://skims.com/products/skims-for-team-usa-flannel-sleep-olympic-short-navy-plaid [200] | https://skims.com/products/skims-for-team-usa-olympic-lounge-sock-navy [200] | https://skims.com/products/skims-for-team-usa-cotton-jersey-paralympic-cami-red [200] | https://skims.com/products/skims-for-team-usa-worn-in-jersey-olympic-shrunken-t-shirt-ecru [200] | https://skims.com/products/skims-for-team-usa-flannel-sleep-mens-olympic-short-navy-plaid [200] | https://skims.com/products/skims-for-team-usa-mens-olympic-lounge-sock-navy [200] | https://skims.com/products/skims-for-team-usa-worn-in-jersey-paralympic-long-sleeve-t-shirt-ecru [200] | https://skims.com/products/skims-for-team-usa-fleece-unisex-paralympic-oversized-sleep-top-ecru [200] | https://skims.com/products/skims-for-team-usa-cotton-jersey-paralympic-dolphin-boy-short-ecru [200] | https://skims.com/products/skims-for-team-usa-jersey-sleep-mens-olympic-t-shirt-ecru [200] | https://skims.com/products/skims-for-team-usa-worn-in-jersey-paralympic-shrunken-t-shirt-ecru [200] | https://skims.com/products/skims-for-team-usa-flannel-sleep-olympic-pant-red-plaid [200] | https://skims.com/products/skims-for-team-usa-cotton-jersey-paralympic-thong-3-pack-skims-for-team-usa-olympic-multi [200] | https://skims.com/products/skims-for-team-usa-cotton-poplin-mens-olympic-boxer-ecru [200],Closed for v1: official site and official/retail product rows present.,2026-05-31
Q12026-005,Snow Goose by Haider Ackermann x Canada Goose Drop 2,Canada Goose,Haider Ackermann,confirmed,https://www.canadagoose.com/us/en/shop/snow-goose/shop-snow-goose | https://www.canadagoose.com/us/en/pr/merge-jacket---colour-block-1557UCD1.html | https://www.canadagoose.com/us/en/pr/volt-legging-1580WCD.html | https://www.canadagoose.com/us/en/pr/halo-cap---cotton-1685UCD3.html | https://www.canadagoose.com/us/en/pr/aurelian-pullover-1677UCD.html | https://www.canadagoose.com/us/en/pr/merge-jacket-699363496850.html?isVariationGroupProduct=true&showAllColors=true | https://www.canadagoose.com/us/en/pr/merge-pant-1559MCD.html | https://www.canadagoose.com/us/en/pr/reya-tank-top-699363523129.html?isVariationGroupProduct=true&showAllColors=true | https://www.canadagoose.com/us/en/pr/mesa-tee---iceberg-1328UCD2.html | https://www.canadagoose.com/us/en/pr/ceres-top-1674UCD.html | https://www.canadagoose.com/us/en/pr/apex-short-legging-1675WCD.html | https://www.canadagoose.com/us/en/pr/dawn-crew-relaxed---colour-block-1286UCD2.html | https://www.canadagoose.com/us/en/pr/rove-short-1542MCD.html | https://www.canadagoose.com/us/en/pr/orren-jacket-1432UCD.html | https://www.canadagoose.com/us/en/pr/rigel-hoodie-relaxed---iceberg-1539UCD2.html | https://www.canadagoose.com/us/en/pr/zephyr-pant-1431UCD.html | https://www.canadagoose.com/us/en/pr/celestia-jacket-reflective-1666UCD1.html | https://www.canadagoose.com/us/en/pr/halo-cap---nylon-1685UCD1.html | https://www.canadagoose.com/us/en/pr/vector-vest-1686UCD.html | https://www.canadagoose.com/us/en/pr/rigel-jogger-1287UCD.html | https://www.canadagoose.com/us/en/pr/avalon-vest-1665UCD.html,https://www.canadagoose.com/us/en/shop/snow-goose/shop-snow-goose [source_only] | https://www.canadagoose.com/us/en/pr/merge-jacket---colour-block-1557UCD1.html [source_only] | https://www.canadagoose.com/us/en/pr/volt-legging-1580WCD.html [source_only] | https://www.canadagoose.com/us/en/pr/halo-cap---cotton-1685UCD3.html [source_only] | https://www.canadagoose.com/us/en/pr/aurelian-pullover-1677UCD.html [source_only] | https://www.canadagoose.com/us/en/pr/merge-jacket-699363496850.html?isVariationGroupProduct=true&showAllColors=true [source_only] | https://www.canadagoose.com/us/en/pr/merge-pant-1559MCD.html [source_only] | https://www.canadagoose.com/us/en/pr/reya-tank-top-699363523129.html?isVariationGroupProduct=true&showAllColors=true [source_only] | https://www.canadagoose.com/us/en/pr/mesa-tee---iceberg-1328UCD2.html [source_only] | https://www.canadagoose.com/us/en/pr/ceres-top-1674UCD.html [source_only] | https://www.canadagoose.com/us/en/pr/apex-short-legging-1675WCD.html [source_only] | https://www.canadagoose.com/us/en/pr/dawn-crew-relaxed---colour-block-1286UCD2.html [source_only] | https://www.canadagoose.com/us/en/pr/rove-short-1542MCD.html [source_only] | https://www.canadagoose.com/us/en/pr/orren-jacket-1432UCD.html [source_only] | https://www.canadagoose.com/us/en/pr/rigel-hoodie-relaxed---iceberg-1539UCD2.html [source_only] | https://www.canadagoose.com/us/en/pr/zephyr-pant-1431UCD.html [source_only] | https://www.canadagoose.com/us/en/pr/celestia-jacket-reflective-1666UCD1.html [source_only] | https://www.canadagoose.com/us/en/pr/halo-cap---nylon-1685UCD1.html [source_only] | https://www.canadagoose.com/us/en/pr/vector-vest-1686UCD.html [source_only] | https://www.canadagoose.com/us/en/pr/rigel-jogger-1287UCD.html [source_only] | https://www.canadagoose.com/us/en/pr/avalon-vest-1665UCD.html [source_only],Official/retail product URL present in SKP rows; source/fetch evidence retained in status list.,official_products_found,20,20,0,0,0,0,https://www.canadagoose.com/us/en/pr/merge-jacket---colour-block-1557UCD1.html | https://www.canadagoose.com/us/en/pr/volt-legging-1580WCD.html | https://www.canadagoose.com/us/en/pr/halo-cap---cotton-1685UCD3.html | https://www.canadagoose.com/us/en/pr/aurelian-pullover-1677UCD.html | https://www.canadagoose.com/us/en/pr/merge-jacket-699363496850.html?isVariationGroupProduct=true&showAllColors=true | https://www.canadagoose.com/us/en/pr/merge-pant-1559MCD.html | https://www.canadagoose.com/us/en/pr/reya-tank-top-699363523129.html?isVariationGroupProduct=true&showAllColors=true | https://www.canadagoose.com/us/en/pr/mesa-tee---iceberg-1328UCD2.html | https://www.canadagoose.com/us/en/pr/ceres-top-1674UCD.html | https://www.canadagoose.com/us/en/pr/apex-short-legging-1675WCD.html | https://www.canadagoose.com/us/en/pr/dawn-crew-relaxed---colour-block-1286UCD2.html | https://www.canadagoose.com/us/en/pr/rove-short-1542MCD.html | https://www.canadagoose.com/us/en/pr/orren-jacket-1432UCD.html | https://www.canadagoose.com/us/en/pr/rigel-hoodie-relaxed---iceberg-1539UCD2.html | https://www.canadagoose.com/us/en/pr/zephyr-pant-1431UCD.html | https://www.canadagoose.com/us/en/pr/celestia-jacket-reflective-1666UCD1.html | https://www.canadagoose.com/us/en/pr/halo-cap---nylon-1685UCD1.html | https://www.canadagoose.com/us/en/pr/vector-vest-1686UCD.html | https://www.canadagoose.com/us/en/pr/rigel-jogger-1287UCD.html | https://www.canadagoose.com/us/en/pr/avalon-vest-1665UCD.html,https://www.canadagoose.com/us/en/pr/merge-jacket---colour-block-1557UCD1.html [429] | https://www.canadagoose.com/us/en/pr/volt-legging-1580WCD.html [429] | https://www.canadagoose.com/us/en/pr/halo-cap---cotton-1685UCD3.html [429] | https://www.canadagoose.com/us/en/pr/aurelian-pullover-1677UCD.html [429] | https://www.canadagoose.com/us/en/pr/merge-jacket-699363496850.html?isVariationGroupProduct=true&showAllColors=true [429] | https://www.canadagoose.com/us/en/pr/merge-pant-1559MCD.html [429] | https://www.canadagoose.com/us/en/pr/reya-tank-top-699363523129.html?isVariationGroupProduct=true&showAllColors=true [429] | https://www.canadagoose.com/us/en/pr/mesa-tee---iceberg-1328UCD2.html [429] | https://www.canadagoose.com/us/en/pr/ceres-top-1674UCD.html [429] | https://www.canadagoose.com/us/en/pr/apex-short-legging-1675WCD.html [429] | https://www.canadagoose.com/us/en/pr/dawn-crew-relaxed---colour-block-1286UCD2.html [429] | https://www.canadagoose.com/us/en/pr/rove-short-1542MCD.html [429] | https://www.canadagoose.com/us/en/pr/orren-jacket-1432UCD.html [429] | https://www.canadagoose.com/us/en/pr/rigel-hoodie-relaxed---iceberg-1539UCD2.html [429] | https://www.canadagoose.com/us/en/pr/zephyr-pant-1431UCD.html [429] | https://www.canadagoose.com/us/en/pr/celestia-jacket-reflective-1666UCD1.html [429] | https://www.canadagoose.com/us/en/pr/halo-cap---nylon-1685UCD1.html [429] | https://www.canadagoose.com/us/en/pr/vector-vest-1686UCD.html [429] | https://www.canadagoose.com/us/en/pr/rigel-jogger-1287UCD.html [429] | https://www.canadagoose.com/us/en/pr/avalon-vest-1665UCD.html [429],Closed for v1: official site and official/retail product rows present.,2026-05-31
Q12026-006,Moncler + Rick Owens Spring/Summer 2026,Moncler,Rick Owens,confirmed,https://www.moncler.com/en-us/special-projects/moncler-rick-owens | https://www.moncler.com/en-us/men/ready-to-wear/polos-and-t-shirts/moncler-rick-owens-girder-cotton-tshirt-black-L109N8C0000389AHD999.html | https://www.moncler.com/en-us/men/outerwear/vests/moncler-rick-owens-geocamo-ziplock-hooded-down-vest-black-L109N1A00004M8113999.html | https://www.moncler.com/en-us/men/outerwear/short-down-jackets/moncler-rick-owens-geocamo-flight-down-bomber-jacket-black-L109N1A00001M8113999.html | https://www.moncler.com/en-us/men/ready-to-wear/sweatshirts/moncler-rick-owens-cotton-ziplock-hoodie-brown-L109N8G0000189B7R256.html | https://www.moncler.com/en-us/men/outerwear/vests/moncler-rick-owens-geocamo-flight-nappa-leather-vest-black-L109N1A00010M8116999.html | https://www.moncler.com/en-us/men/outerwear/short-down-jackets/moncler-rick-owens-cyclopic-short-down-jacket-black-L109N1A00008M8115999.html | https://www.moncler.com/en-us/men/ready-to-wear/polos-and-t-shirts/moncler-rick-owens-jumbo-cotton-tshirt-black-L109N8C0000489B7R999.html | https://www.moncler.com/en-us/men/outerwear/windbreakers-and-raincoats/moncler-rick-owens-ziplock-windbreaker-taupe-L109N1A00007M8115828.html | https://www.moncler.com/en-us/men/outerwear/short-down-jackets/moncler-rick-owens-ziplock-hooded-short-down-jacket-black-L109N1A00009M8114999.html,https://www.moncler.com/en-us/special-projects/moncler-rick-owens [source_only] | https://www.moncler.com/en-us/men/ready-to-wear/polos-and-t-shirts/moncler-rick-owens-girder-cotton-tshirt-black-L109N8C0000389AHD999.html [source_only] | https://www.moncler.com/en-us/men/outerwear/vests/moncler-rick-owens-geocamo-ziplock-hooded-down-vest-black-L109N1A00004M8113999.html [source_only] | https://www.moncler.com/en-us/men/outerwear/short-down-jackets/moncler-rick-owens-geocamo-flight-down-bomber-jacket-black-L109N1A00001M8113999.html [source_only] | https://www.moncler.com/en-us/men/ready-to-wear/sweatshirts/moncler-rick-owens-cotton-ziplock-hoodie-brown-L109N8G0000189B7R256.html [source_only] | https://www.moncler.com/en-us/men/outerwear/vests/moncler-rick-owens-geocamo-flight-nappa-leather-vest-black-L109N1A00010M8116999.html [source_only] | https://www.moncler.com/en-us/men/outerwear/short-down-jackets/moncler-rick-owens-cyclopic-short-down-jacket-black-L109N1A00008M8115999.html [source_only] | https://www.moncler.com/en-us/men/ready-to-wear/polos-and-t-shirts/moncler-rick-owens-jumbo-cotton-tshirt-black-L109N8C0000489B7R999.html [source_only] | https://www.moncler.com/en-us/men/outerwear/windbreakers-and-raincoats/moncler-rick-owens-ziplock-windbreaker-taupe-L109N1A00007M8115828.html [source_only] | https://www.moncler.com/en-us/men/outerwear/short-down-jackets/moncler-rick-owens-ziplock-hooded-short-down-jacket-black-L109N1A00009M8114999.html [source_only],Official/retail product URL present in SKP rows; source/fetch evidence retained in status list.,official_products_found,9,9,0,0,0,0,https://www.moncler.com/en-us/men/ready-to-wear/polos-and-t-shirts/moncler-rick-owens-girder-cotton-tshirt-black-L109N8C0000389AHD999.html | https://www.moncler.com/en-us/men/outerwear/vests/moncler-rick-owens-geocamo-ziplock-hooded-down-vest-black-L109N1A00004M8113999.html | https://www.moncler.com/en-us/men/outerwear/short-down-jackets/moncler-rick-owens-geocamo-flight-down-bomber-jacket-black-L109N1A00001M8113999.html | https://www.moncler.com/en-us/men/ready-to-wear/sweatshirts/moncler-rick-owens-cotton-ziplock-hoodie-brown-L109N8G0000189B7R256.html | https://www.moncler.com/en-us/men/outerwear/vests/moncler-rick-owens-geocamo-flight-nappa-leather-vest-black-L109N1A00010M8116999.html | https://www.moncler.com/en-us/men/outerwear/short-down-jackets/moncler-rick-owens-cyclopic-short-down-jacket-black-L109N1A00008M8115999.html | https://www.moncler.com/en-us/men/ready-to-wear/polos-and-t-shirts/moncler-rick-owens-jumbo-cotton-tshirt-black-L109N8C0000489B7R999.html | https://www.moncler.com/en-us/men/outerwear/windbreakers-and-raincoats/moncler-rick-owens-ziplock-windbreaker-taupe-L109N1A00007M8115828.html | https://www.moncler.com/en-us/men/outerwear/short-down-jackets/moncler-rick-owens-ziplock-hooded-short-down-jacket-black-L109N1A00009M8114999.html,https://www.moncler.com/en-us/men/ready-to-wear/polos-and-t-shirts/moncler-rick-owens-girder-cotton-tshirt-black-L109N8C0000389AHD999.html [200] | https://www.moncler.com/en-us/men/outerwear/vests/moncler-rick-owens-geocamo-ziplock-hooded-down-vest-black-L109N1A00004M8113999.html [200] | https://www.moncler.com/en-us/men/outerwear/short-down-jackets/moncler-rick-owens-geocamo-flight-down-bomber-jacket-black-L109N1A00001M8113999.html [200] | https://www.moncler.com/en-us/men/ready-to-wear/sweatshirts/moncler-rick-owens-cotton-ziplock-hoodie-brown-L109N8G0000189B7R256.html [200] | https://www.moncler.com/en-us/men/outerwear/vests/moncler-rick-owens-geocamo-flight-nappa-leather-vest-black-L109N1A00010M8116999.html [200] | https://www.moncler.com/en-us/men/outerwear/short-down-jackets/moncler-rick-owens-cyclopic-short-down-jacket-black-L109N1A00008M8115999.html [200] | https://www.moncler.com/en-us/men/ready-to-wear/polos-and-t-shirts/moncler-rick-owens-jumbo-cotton-tshirt-black-L109N8C0000489B7R999.html [200] | https://www.moncler.com/en-us/men/outerwear/windbreakers-and-raincoats/moncler-rick-owens-ziplock-windbreaker-taupe-L109N1A00007M8115828.html [200] | https://www.moncler.com/en-us/men/outerwear/short-down-jackets/moncler-rick-owens-ziplock-hooded-short-down-jacket-black-L109N1A00009M8114999.html [200],Closed for v1: official site and official/retail product rows present.,2026-05-31
Q12026-007,Alpha Industries x Cecilie Bahnsen Icons in Transformation,Alpha Industries,Cecilie Bahnsen,media_only,,,No official/brand-domain source URL in current record.,press_listed_only,2,0,0,2,2,2,,,Step 1: find official brand/retail source before trusting SKP.,2026-05-31
Q12026-008,Nike x NIGO Air Force 3 Final Chapter,Nike,NIGO,confirmed,https://about.nike.com/en-GB/newsroom/releases/nike-x-nigo-partnership-launches-with-exclusive-air-force-iii-and-apparel-collection | https://www.nike.com/launch/t/nike-x-nigo-mens-souvenir-jacket-web-only-na,https://about.nike.com/en-GB/newsroom/releases/nike-x-nigo-partnership-launches-with-exclusive-air-force-iii-and-apparel-collection [200] | https://www.nike.com/launch/t/nike-x-nigo-mens-souvenir-jacket-web-only-na [source_only],Official/retail product URL present in SKP rows; source/fetch evidence retained in status list.,official_products_found,1,1,0,0,0,0,https://www.nike.com/launch/t/nike-x-nigo-mens-souvenir-jacket-web-only-na,https://www.nike.com/launch/t/nike-x-nigo-mens-souvenir-jacket-web-only-na [200],Closed for v1: official site and official/retail product rows present.,2026-05-31
Q12026-009,Jordan Brand x Levi's Air Jordan 3 and Apparel Collection,Jordan Brand,Levi's,confirmed,https://www.nike.com/a/jordan-levis-release-info | https://www.levi.com/US/en_US/blog/article/levis-x-jordan-collection | https://www.levi.com/US/en_US/features/tailor-shop,https://www.nike.com/a/jordan-levis-release-info [200] | https://www.levi.com/US/en_US/blog/article/levis-x-jordan-collection [200] | https://www.levi.com/US/en_US/features/tailor-shop [source_only],Official/retail product URL present in SKP rows; source/fetch evidence retained in status list.,official_products_found,2,1,0,0,1,1,https://www.levi.com/US/en_US/features/tailor-shop,https://www.levi.com/US/en_US/features/tailor-shop [200],Step 2: add missing official product images for rows without image_url.,2026-05-31
Q12026-010,PUMA x McLaren Racing Lifestyle Collection,PUMA,McLaren Racing,confirmed,https://about.puma.com/en/newsroom/corporate-news/2026/20-01-2026-mclaren-racing-and-puma-unite-performance-and-style-new,https://about.puma.com/en/newsroom/corporate-news/2026/20-01-2026-mclaren-racing-and-puma-unite-performance-and-style-new [200],Official source type or brand/retail host confirmed by current source table/fetch.,unresolved,0,0,0,0,0,0,,,Step 2: no product rows yet; search official store/collection pages and authorized retailers.,2026-05-31
Q12026-011,Aqua x Wuthering Heights Collection,Aqua,Wuthering Heights / Warner Bros. Discovery,confirmed,https://www.bloomingdales.com/c/editorial/carousel/aqua-wuthering-heights/ | https://www.bloomingdales.com/shop/product/aqua-sweetheart-neck-high-low-gown-exclusive?ID=5828517 | https://www.bloomingdales.com/shop/product/aqua-x-wuthering-heights-lace-applique-crewneck-sweatshirt-exclusive?ID=5826774 | https://www.bloomingdales.com/shop/product/aqua-lace-through-midi-dress-exclusive?ID=5828522 | https://www.bloomingdales.com/shop/product/aqua-wuthering-heights-crystal-imitation-pearl-statement-necklace-16-18-exclusive?ID=5867444 | https://www.bloomingdales.com/shop/product/aqua-x-wuthering-heights-puff-sleeve-pajama-set-exclusive?ID=5864863 | https://www.bloomingdales.com/shop/product/aqua-wuthering-heights-heart-locket-pendant-necklace-21-23-exclusive?ID=5867441 | https://www.bloomingdales.com/shop/product/aqua-mini-slip-dress-exclusive?ID=5828523 | https://www.bloomingdales.com/shop/product/aqua-x-wuthering-heights-cherub-crewneck-baby-tee-exclusive?ID=5826770 | https://www.bloomingdales.com/shop/product/aqua-rose-skull-graphic-sweatshirt-exclusive?ID=5826775 | https://www.bloomingdales.com/shop/product/aqua-scoop-neck-mini-dress-exclusive?ID=5828520 | https://www.bloomingdales.com/shop/product/aqua-x-wuthering-heights-mini-cami-nightgown-exclusive?ID=5864866 | https://www.bloomingdales.com/shop/product/aqua-x-wuthering-heights-imitation-pearl-earrings?ID=5867446 | https://www.bloomingdales.com/shop/product/aqua-mesh-floral-maxi-skirt-exclusive?ID=5828527 | https://www.bloomingdales.com/shop/product/aqua-x-wuthering-heights-rose-skull-tee-exclusive?ID=5826772 | https://www.bloomingdales.com/shop/product/aqua-x-wuthering-heights-earrings?ID=5903938 | https://www.bloomingdales.com/shop/product/aqua-x-wuthering-heights-strapless-smocked-back-dress-exclusive?ID=5828518 | https://www.bloomingdales.com/shop/product/aqua-sweetheart-neck-long-sleeve-top-exclusive?ID=5828514 | https://www.bloomingdales.com/shop/product/aqua-x-wuthering-heights-embroidered-gingham-dress-exclusive?ID=5828521 | https://www.bloomingdales.com/shop/product/aqua-cable-knit-ribbon-weave-sweater-exclusive?ID=5828529 | https://www.bloomingdales.com/shop/product/aqua-x-wuthering-heights-cherub-crewneck-sweatshirt-exclusive?ID=5826773 | https://www.bloomingdales.com/shop/product/aqua-bow-back-peasant-top-exclusive?ID=5828515 | https://www.bloomingdales.com/shop/product/aqua-ruffled-corset-gown-exclusive?ID=5828524 | https://www.bloomingdales.com/shop/product/aqua-strapless-draped-dress-exclusive?ID=5828519,https://www.bloomingdales.com/c/editorial/carousel/aqua-wuthering-heights/ [source_only] | https://www.bloomingdales.com/shop/product/aqua-sweetheart-neck-high-low-gown-exclusive?ID=5828517 [source_only] | https://www.bloomingdales.com/shop/product/aqua-x-wuthering-heights-lace-applique-crewneck-sweatshirt-exclusive?ID=5826774 [source_only] | https://www.bloomingdales.com/shop/product/aqua-lace-through-midi-dress-exclusive?ID=5828522 [source_only] | https://www.bloomingdales.com/shop/product/aqua-wuthering-heights-crystal-imitation-pearl-statement-necklace-16-18-exclusive?ID=5867444 [source_only] | https://www.bloomingdales.com/shop/product/aqua-x-wuthering-heights-puff-sleeve-pajama-set-exclusive?ID=5864863 [source_only] | https://www.bloomingdales.com/shop/product/aqua-wuthering-heights-heart-locket-pendant-necklace-21-23-exclusive?ID=5867441 [source_only] | https://www.bloomingdales.com/shop/product/aqua-mini-slip-dress-exclusive?ID=5828523 [source_only] | https://www.bloomingdales.com/shop/product/aqua-x-wuthering-heights-cherub-crewneck-baby-tee-exclusive?ID=5826770 [source_only] | https://www.bloomingdales.com/shop/product/aqua-rose-skull-graphic-sweatshirt-exclusive?ID=5826775 [source_only] | https://www.bloomingdales.com/shop/product/aqua-scoop-neck-mini-dress-exclusive?ID=5828520 [source_only] | https://www.bloomingdales.com/shop/product/aqua-x-wuthering-heights-mini-cami-nightgown-exclusive?ID=5864866 [source_only] | https://www.bloomingdales.com/shop/product/aqua-x-wuthering-heights-imitation-pearl-earrings?ID=5867446 [source_only] | https://www.bloomingdales.com/shop/product/aqua-mesh-floral-maxi-skirt-exclusive?ID=5828527 [source_only] | https://www.bloomingdales.com/shop/product/aqua-x-wuthering-heights-rose-skull-tee-exclusive?ID=5826772 [source_only] | https://www.bloomingdales.com/shop/product/aqua-x-wuthering-heights-earrings?ID=5903938 [source_only] | https://www.bloomingdales.com/shop/product/aqua-x-wuthering-heights-strapless-smocked-back-dress-exclusive?ID=5828518 [source_only] | https://www.bloomingdales.com/shop/product/aqua-sweetheart-neck-long-sleeve-top-exclusive?ID=5828514 [source_only] | https://www.bloomingdales.com/shop/product/aqua-x-wuthering-heights-embroidered-gingham-dress-exclusive?ID=5828521 [source_only] | https://www.bloomingdales.com/shop/product/aqua-cable-knit-ribbon-weave-sweater-exclusive?ID=5828529 [source_only] | https://www.bloomingdales.com/shop/product/aqua-x-wuthering-heights-cherub-crewneck-sweatshirt-exclusive?ID=5826773 [source_only] | https://www.bloomingdales.com/shop/product/aqua-bow-back-peasant-top-exclusive?ID=5828515 [source_only] | https://www.bloomingdales.com/shop/product/aqua-ruffled-corset-gown-exclusive?ID=5828524 [source_only] | https://www.bloomingdales.com/shop/product/aqua-strapless-draped-dress-exclusive?ID=5828519 [source_only],Official/retail product URL present in SKP rows; source/fetch evidence retained in status list.,official_products_found,23,23,0,0,0,0,https://www.bloomingdales.com/shop/product/aqua-sweetheart-neck-high-low-gown-exclusive?ID=5828517 | https://www.bloomingdales.com/shop/product/aqua-x-wuthering-heights-lace-applique-crewneck-sweatshirt-exclusive?ID=5826774 | https://www.bloomingdales.com/shop/product/aqua-lace-through-midi-dress-exclusive?ID=5828522 | https://www.bloomingdales.com/shop/product/aqua-wuthering-heights-crystal-imitation-pearl-statement-necklace-16-18-exclusive?ID=5867444 | https://www.bloomingdales.com/shop/product/aqua-x-wuthering-heights-puff-sleeve-pajama-set-exclusive?ID=5864863 | https://www.bloomingdales.com/shop/product/aqua-wuthering-heights-heart-locket-pendant-necklace-21-23-exclusive?ID=5867441 | https://www.bloomingdales.com/shop/product/aqua-mini-slip-dress-exclusive?ID=5828523 | https://www.bloomingdales.com/shop/product/aqua-x-wuthering-heights-cherub-crewneck-baby-tee-exclusive?ID=5826770 | https://www.bloomingdales.com/shop/product/aqua-rose-skull-graphic-sweatshirt-exclusive?ID=5826775 | https://www.bloomingdales.com/shop/product/aqua-scoop-neck-mini-dress-exclusive?ID=5828520 | https://www.bloomingdales.com/shop/product/aqua-x-wuthering-heights-mini-cami-nightgown-exclusive?ID=5864866 | https://www.bloomingdales.com/shop/product/aqua-x-wuthering-heights-imitation-pearl-earrings?ID=5867446 | https://www.bloomingdales.com/shop/product/aqua-mesh-floral-maxi-skirt-exclusive?ID=5828527 | https://www.bloomingdales.com/shop/product/aqua-x-wuthering-heights-rose-skull-tee-exclusive?ID=5826772 | https://www.bloomingdales.com/shop/product/aqua-x-wuthering-heights-earrings?ID=5903938 | https://www.bloomingdales.com/shop/product/aqua-x-wuthering-heights-strapless-smocked-back-dress-exclusive?ID=5828518 | https://www.bloomingdales.com/shop/product/aqua-sweetheart-neck-long-sleeve-top-exclusive?ID=5828514 | https://www.bloomingdales.com/shop/product/aqua-x-wuthering-heights-embroidered-gingham-dress-exclusive?ID=5828521 | https://www.bloomingdales.com/shop/product/aqua-cable-knit-ribbon-weave-sweater-exclusive?ID=5828529 | https://www.bloomingdales.com/shop/product/aqua-x-wuthering-heights-cherub-crewneck-sweatshirt-exclusive?ID=5826773 | https://www.bloomingdales.com/shop/product/aqua-bow-back-peasant-top-exclusive?ID=5828515 | https://www.bloomingdales.com/shop/product/aqua-ruffled-corset-gown-exclusive?ID=5828524 | https://www.bloomingdales.com/shop/product/aqua-strapless-draped-dress-exclusive?ID=5828519,https://www.bloomingdales.com/shop/product/aqua-sweetheart-neck-high-low-gown-exclusive?ID=5828517 [403] | https://www.bloomingdales.com/shop/product/aqua-x-wuthering-heights-lace-applique-crewneck-sweatshirt-exclusive?ID=5826774 [403] | https://www.bloomingdales.com/shop/product/aqua-lace-through-midi-dress-exclusive?ID=5828522 [403] | https://www.bloomingdales.com/shop/product/aqua-wuthering-heights-crystal-imitation-pearl-statement-necklace-16-18-exclusive?ID=5867444 [403] | https://www.bloomingdales.com/shop/product/aqua-x-wuthering-heights-puff-sleeve-pajama-set-exclusive?ID=5864863 [403] | https://www.bloomingdales.com/shop/product/aqua-wuthering-heights-heart-locket-pendant-necklace-21-23-exclusive?ID=5867441 [403] | https://www.bloomingdales.com/shop/product/aqua-mini-slip-dress-exclusive?ID=5828523 [403] | https://www.bloomingdales.com/shop/product/aqua-x-wuthering-heights-cherub-crewneck-baby-tee-exclusive?ID=5826770 [403] | https://www.bloomingdales.com/shop/product/aqua-rose-skull-graphic-sweatshirt-exclusive?ID=5826775 [403] | https://www.bloomingdales.com/shop/product/aqua-scoop-neck-mini-dress-exclusive?ID=5828520 [403] | https://www.bloomingdales.com/shop/product/aqua-x-wuthering-heights-mini-cami-nightgown-exclusive?ID=5864866 [403] | https://www.bloomingdales.com/shop/product/aqua-x-wuthering-heights-imitation-pearl-earrings?ID=5867446 [403] | https://www.bloomingdales.com/shop/product/aqua-mesh-floral-maxi-skirt-exclusive?ID=5828527 [403] | https://www.bloomingdales.com/shop/product/aqua-x-wuthering-heights-rose-skull-tee-exclusive?ID=5826772 [403] | https://www.bloomingdales.com/shop/product/aqua-x-wuthering-heights-earrings?ID=5903938 [403] | https://www.bloomingdales.com/shop/product/aqua-x-wuthering-heights-strapless-smocked-back-dress-exclusive?ID=5828518 [403] | https://www.bloomingdales.com/shop/product/aqua-sweetheart-neck-long-sleeve-top-exclusive?ID=5828514 [403] | https://www.bloomingdales.com/shop/product/aqua-x-wuthering-heights-embroidered-gingham-dress-exclusive?ID=5828521 [403] | https://www.bloomingdales.com/shop/product/aqua-cable-knit-ribbon-weave-sweater-exclusive?ID=5828529 [403] | https://www.bloomingdales.com/shop/product/aqua-x-wuthering-heights-cherub-crewneck-sweatshirt-exclusive?ID=5826773 [403] | https://www.bloomingdales.com/shop/product/aqua-bow-back-peasant-top-exclusive?ID=5828515 [403] | https://www.bloomingdales.com/shop/product/aqua-ruffled-corset-gown-exclusive?ID=5828524 [403] | https://www.bloomingdales.com/shop/product/aqua-strapless-draped-dress-exclusive?ID=5828519 [403],Closed for v1: official site and official/retail product rows present.,2026-05-31
Q12026-012,Kith Loyalty Exclusive Collection with ASICS and New Era,Kith,ASICS; New Era,confirmed,https://kith.com/products/ai1203b144-100-ph | https://kith.com/products/adkr0080 | https://kith.com/products/adkr2796 | https://kith.com/products/adkr2712 | https://kith.com/search?q=New+Era | https://kith.com/products/kh5936-102?_pos=2&_sid=f9c925b3d&_ss=r | https://kith.com/products/khm051281-451?_pos=3&_sid=f9c925b3d&_ss=r | https://kith.com/products/khm051282-413 | https://kith.com/products/khm050847-001?_pos=5&_sid=f9c925b3d&_ss=r | https://kith.com/products/khm051283-413?_pos=6&_sid=f9c925b3d&_ss=r | https://kith.com/products/khm051283-451 | https://kith.com/products/khm050207-451?_pos=8&_sid=f9c925b3d&_ss=r | https://kith.com/products/khm050207-302 | https://kith.com/products/kh5936-100?_pos=9&_sid=f9c925b3d&_ss=r | https://kith.com/products/khm050613-975 | https://kith.com/products/khm051533-001?_pos=10&_sid=f9c925b3d&_ss=r | https://kith.com/products/khm051385-413?_pos=11&_sid=f9c925b3d&_ss=r | https://kith.com/products/khm051385-307,https://kith.com/products/ai1203b144-100-ph [source_only] | https://kith.com/products/adkr0080 [source_only] | https://kith.com/products/adkr2796 [source_only] | https://kith.com/products/adkr2712 [source_only] | https://kith.com/search?q=New+Era [source_only] | https://kith.com/products/kh5936-102?_pos=2&_sid=f9c925b3d&_ss=r [source_only] | https://kith.com/products/khm051281-451?_pos=3&_sid=f9c925b3d&_ss=r [source_only] | https://kith.com/products/khm051282-413 [source_only] | https://kith.com/products/khm050847-001?_pos=5&_sid=f9c925b3d&_ss=r [source_only] | https://kith.com/products/khm051283-413?_pos=6&_sid=f9c925b3d&_ss=r [source_only] | https://kith.com/products/khm051283-451 [source_only] | https://kith.com/products/khm050207-451?_pos=8&_sid=f9c925b3d&_ss=r [source_only] | https://kith.com/products/khm050207-302 [source_only] | https://kith.com/products/kh5936-100?_pos=9&_sid=f9c925b3d&_ss=r [source_only] | https://kith.com/products/khm050613-975 [source_only] | https://kith.com/products/khm051533-001?_pos=10&_sid=f9c925b3d&_ss=r [source_only] | https://kith.com/products/khm051385-413?_pos=11&_sid=f9c925b3d&_ss=r [source_only] | https://kith.com/products/khm051385-307 [source_only],Official/retail product URL present in SKP rows; source/fetch evidence retained in status list.,official_products_found,16,16,0,0,0,0,https://kith.com/products/adkr0080 | https://kith.com/products/adkr2796 | https://kith.com/products/adkr2712 | https://kith.com/products/kh5936-102?_pos=2&_sid=f9c925b3d&_ss=r | https://kith.com/products/khm051281-451?_pos=3&_sid=f9c925b3d&_ss=r | https://kith.com/products/khm051282-413 | https://kith.com/products/khm050847-001?_pos=5&_sid=f9c925b3d&_ss=r | https://kith.com/products/khm051283-413?_pos=6&_sid=f9c925b3d&_ss=r | https://kith.com/products/khm051283-451 | https://kith.com/products/khm050207-451?_pos=8&_sid=f9c925b3d&_ss=r | https://kith.com/products/khm050207-302 | https://kith.com/products/kh5936-100?_pos=9&_sid=f9c925b3d&_ss=r | https://kith.com/products/khm050613-975 | https://kith.com/products/khm051533-001?_pos=10&_sid=f9c925b3d&_ss=r | https://kith.com/products/khm051385-413?_pos=11&_sid=f9c925b3d&_ss=r | https://kith.com/products/khm051385-307,https://kith.com/products/adkr0080 [403] | https://kith.com/products/adkr2796 [403] | https://kith.com/products/adkr2712 [403] | https://kith.com/products/kh5936-102?_pos=2&_sid=f9c925b3d&_ss=r [403] | https://kith.com/products/khm051281-451?_pos=3&_sid=f9c925b3d&_ss=r [403] | https://kith.com/products/khm051282-413 [403] | https://kith.com/products/khm050847-001?_pos=5&_sid=f9c925b3d&_ss=r [403] | https://kith.com/products/khm051283-413?_pos=6&_sid=f9c925b3d&_ss=r [403] | https://kith.com/products/khm051283-451 [403] | https://kith.com/products/khm050207-451?_pos=8&_sid=f9c925b3d&_ss=r [403] | https://kith.com/products/khm050207-302 [403] | https://kith.com/products/kh5936-100?_pos=9&_sid=f9c925b3d&_ss=r [403] | https://kith.com/products/khm050613-975 [403] | https://kith.com/products/khm051533-001?_pos=10&_sid=f9c925b3d&_ss=r [403] | https://kith.com/products/khm051385-413?_pos=11&_sid=f9c925b3d&_ss=r [403] | https://kith.com/products/khm051385-307 [403],Closed for v1: official site and official/retail product rows present.,2026-05-31
Q12026-013,Solebox x BAPE STA Tokyo Lights,Solebox,A Bathing Ape (BAPE),media_only,,,No official/brand-domain source URL in current record.,press_listed_only,2,0,0,2,2,2,,,Step 1: find official brand/retail source before trusting SKP.,2026-05-31
Q12026-014,Anti Social Social Club x NFL Super Bowl Collection,Anti Social Social Club,National Football League (NFL),confirmed,https://www.antisocialsocialclub.com/search/suggest.json?q=nfl&resources[type]=product&resources[limit]=20 | https://www.antisocialsocialclub.com/products/nfl-pvl-hoodie?_pos=1&_psq=nfl&_ss=e&_v=1.0,https://www.antisocialsocialclub.com/search/suggest.json?q=nfl&resources[type]=product&resources[limit]=20 [source_only] | https://www.antisocialsocialclub.com/products/nfl-pvl-hoodie?_pos=1&_psq=nfl&_ss=e&_v=1.0 [source_only],Official/retail product URL present in SKP rows; source/fetch evidence retained in status list.,official_products_found,1,1,0,0,0,0,https://www.antisocialsocialclub.com/products/nfl-pvl-hoodie?_pos=1&_psq=nfl&_ss=e&_v=1.0,https://www.antisocialsocialclub.com/products/nfl-pvl-hoodie?_pos=1&_psq=nfl&_ss=e&_v=1.0 [403],Closed for v1: official site and official/retail product rows present.,2026-05-31
Q12026-015,Pandora x Bridgerton Collection,Pandora,Bridgerton / Netflix,media_only,,,No official/brand-domain source URL in current record.,unresolved,0,0,0,0,0,0,,,Step 1: find official brand/retail source before trusting SKP.,2026-05-31
Q12026-016,BAPE x adidas World Cup Pack,A Bathing Ape (BAPE),adidas,media_only,,,No official/brand-domain source URL in current record.,unresolved,0,0,0,0,0,0,,,Step 1: find official brand/retail source before trusting SKP.,2026-05-31
Q12026-017,Just Don x BAPE Collection,A Bathing Ape (BAPE),Just Don / Don C,confirmed,https://us.bape.com/search/suggest.json?q=just%20don&resources[type]=product&resources[limit]=20 | https://us.bape.com/products/1m23-110-903?_pos=5&_psq=just+don&_ss=e&_v=1.0 | https://us.bape.com/products/1m23-132-901?_pos=6&_psq=just+don&_ss=e&_v=1.0 | https://us.bape.com/products/1m23-152-902?_pos=9&_psq=just+don&_ss=e&_v=1.0 | https://us.bape.com/products/2m23-114-901?_pos=4&_psq=just+don&_ss=e&_v=1.0 | https://us.bape.com/products/1m23-110-903?_pos=3&_psq=just+don&_ss=e&_v=1.0 | https://us.bape.com/products/1m23-153-901?_pos=2&_psq=just+don&_ss=e&_v=1.0,https://us.bape.com/search/suggest.json?q=just%20don&resources[type]=product&resources[limit]=20 [source_only] | https://us.bape.com/products/1m23-110-903?_pos=5&_psq=just+don&_ss=e&_v=1.0 [source_only] | https://us.bape.com/products/1m23-132-901?_pos=6&_psq=just+don&_ss=e&_v=1.0 [source_only] | https://us.bape.com/products/1m23-152-902?_pos=9&_psq=just+don&_ss=e&_v=1.0 [source_only] | https://us.bape.com/products/2m23-114-901?_pos=4&_psq=just+don&_ss=e&_v=1.0 [source_only] | https://us.bape.com/products/1m23-110-903?_pos=3&_psq=just+don&_ss=e&_v=1.0 [source_only] | https://us.bape.com/products/1m23-153-901?_pos=2&_psq=just+don&_ss=e&_v=1.0 [source_only],Official/retail product URL present in SKP rows; source/fetch evidence retained in status list.,official_products_found,6,6,0,0,0,0,https://us.bape.com/products/1m23-110-903?_pos=5&_psq=just+don&_ss=e&_v=1.0 | https://us.bape.com/products/1m23-132-901?_pos=6&_psq=just+don&_ss=e&_v=1.0 | https://us.bape.com/products/1m23-152-902?_pos=9&_psq=just+don&_ss=e&_v=1.0 | https://us.bape.com/products/2m23-114-901?_pos=4&_psq=just+don&_ss=e&_v=1.0 | https://us.bape.com/products/1m23-110-903?_pos=3&_psq=just+don&_ss=e&_v=1.0 | https://us.bape.com/products/1m23-153-901?_pos=2&_psq=just+don&_ss=e&_v=1.0,https://us.bape.com/products/1m23-110-903?_pos=5&_psq=just+don&_ss=e&_v=1.0 [403] | https://us.bape.com/products/1m23-132-901?_pos=6&_psq=just+don&_ss=e&_v=1.0 [403] | https://us.bape.com/products/1m23-152-902?_pos=9&_psq=just+don&_ss=e&_v=1.0 [403] | https://us.bape.com/products/2m23-114-901?_pos=4&_psq=just+don&_ss=e&_v=1.0 [403] | https://us.bape.com/products/1m23-110-903?_pos=3&_psq=just+don&_ss=e&_v=1.0 [403] | https://us.bape.com/products/1m23-153-901?_pos=2&_psq=just+don&_ss=e&_v=1.0 [403],Closed for v1: official site and official/retail product rows present.,2026-05-31
Q12026-018,Fast & Furious x PUMA Basketball Collection,PUMA,Fast & Furious / Universal Pictures,media_only,,,No official/brand-domain source URL in current record.,press_listed_only,1,0,0,1,1,1,,,Step 1: find official brand/retail source before trusting SKP.,2026-05-31
Q12026-019,adidas x Entire Studios SS26,adidas,Entire Studios,confirmed,https://news.adidas.com/partnerships/adidas-and-entire-studios-introduce-a-new-expression-of-modern-sport-style--built-for-movement/s/167c4b9b-c8b5-4f0d-a373-65bcfd0b495d,https://news.adidas.com/partnerships/adidas-and-entire-studios-introduce-a-new-expression-of-modern-sport-style--built-for-movement/s/167c4b9b-c8b5-4f0d-a373-65bcfd0b495d [202],Official source type or brand/retail host confirmed by current source table/fetch.,unresolved,0,0,0,0,0,0,,,Step 2: no product rows yet; search official store/collection pages and authorized retailers.,2026-05-31
Q12026-020,sacai x Carhartt WIP Spring/Summer 2026,sacai,Carhartt WIP,confirmed,https://www.carhartt-wip.com/en-gb/e/sacai-x-carhartt-wip-spring-summer-2026 | https://www.carhartt-wip.com/en-gb/p/sacai-x-carhartt-wip-duck-pants-sacai-blue-129 | https://www.carhartt-wip.com/en-gb/p/sacai-x-carhartt-wip-suiting-x-duck-jacket-sacai-blue-145 | https://www.carhartt-wip.com/en-gb/p/sacai-x-carhartt-wip-duck-shirt-sacai-blue-133 | https://www.carhartt-wip.com/en-gb/p/sacai-x-carhartt-wip-cotton-jersey-t-shirt-sacai-blue-117 | https://www.carhartt-wip.com/en-gb/p/sacai-x-carhartt-wip-duck-coat-sacai-black-143,https://www.carhartt-wip.com/en-gb/e/sacai-x-carhartt-wip-spring-summer-2026 [200] | https://www.carhartt-wip.com/en-gb/p/sacai-x-carhartt-wip-duck-pants-sacai-blue-129 [source_only] | https://www.carhartt-wip.com/en-gb/p/sacai-x-carhartt-wip-suiting-x-duck-jacket-sacai-blue-145 [source_only] | https://www.carhartt-wip.com/en-gb/p/sacai-x-carhartt-wip-duck-shirt-sacai-blue-133 [source_only] | https://www.carhartt-wip.com/en-gb/p/sacai-x-carhartt-wip-cotton-jersey-t-shirt-sacai-blue-117 [source_only] | https://www.carhartt-wip.com/en-gb/p/sacai-x-carhartt-wip-duck-coat-sacai-black-143 [source_only],Official/retail product URL present in SKP rows; source/fetch evidence retained in status list.,official_products_found,5,5,0,0,0,0,https://www.carhartt-wip.com/en-gb/p/sacai-x-carhartt-wip-duck-pants-sacai-blue-129 | https://www.carhartt-wip.com/en-gb/p/sacai-x-carhartt-wip-suiting-x-duck-jacket-sacai-blue-145 | https://www.carhartt-wip.com/en-gb/p/sacai-x-carhartt-wip-duck-shirt-sacai-blue-133 | https://www.carhartt-wip.com/en-gb/p/sacai-x-carhartt-wip-cotton-jersey-t-shirt-sacai-blue-117 | https://www.carhartt-wip.com/en-gb/p/sacai-x-carhartt-wip-duck-coat-sacai-black-143,https://www.carhartt-wip.com/en-gb/p/sacai-x-carhartt-wip-duck-pants-sacai-blue-129 [200] | https://www.carhartt-wip.com/en-gb/p/sacai-x-carhartt-wip-suiting-x-duck-jacket-sacai-blue-145 [200] | https://www.carhartt-wip.com/en-gb/p/sacai-x-carhartt-wip-duck-shirt-sacai-blue-133 [200] | https://www.carhartt-wip.com/en-gb/p/sacai-x-carhartt-wip-cotton-jersey-t-shirt-sacai-blue-117 [200] | https://www.carhartt-wip.com/en-gb/p/sacai-x-carhartt-wip-duck-coat-sacai-black-143 [200],Closed for v1: official site and official/retail product rows present.,2026-05-31
Q12026-021,UNIQLO : C Spring/Summer 2026,UNIQLO,Clare Waight Keller,confirmed,https://www.uniqlo.com/us/en/search?q=Clare%20Waight%20Keller | https://www.uniqlo.com/us/en/products/E482661-000/00?colorDisplayCode=31 | https://www.uniqlo.com/us/en/products/E484875-000/00?colorDisplayCode=34 | https://www.uniqlo.com/us/en/products/E483050-000/00?colorDisplayCode=09 | https://www.uniqlo.com/us/en/products/E485735-000/00?colorDisplayCode=09 | https://www.uniqlo.com/us/en/products/E482979-000/00?colorDisplayCode=38 | https://www.uniqlo.com/us/en/products/E471808-000/00?colorDisplayCode=03 | https://www.uniqlo.com/us/en/products/E481040-000/00?colorDisplayCode=31 | https://www.uniqlo.com/us/en/products/E469765-000/00?colorDisplayCode=79 | https://www.uniqlo.com/us/en/products/E484330-000/00?colorDisplayCode=32 | https://www.uniqlo.com/us/en/products/E482933-000/00?colorDisplayCode=69 | https://www.uniqlo.com/us/en/products/E475053-000/00?colorDisplayCode=01 | https://www.uniqlo.com/us/en/products/E486772-000/00?colorDisplayCode=34 | https://www.uniqlo.com/us/en/products/E484276-000/00?colorDisplayCode=09 | https://www.uniqlo.com/us/en/products/E484053-000/00?colorDisplayCode=37 | https://www.uniqlo.com/us/en/products/E483762-000/00?colorDisplayCode=01 | https://www.insidehook.com/style/uniqlo-c-spring-summer-2026-collection | https://www.uniqlo.com/us/en/search?q=UNIQLO%20C | https://www.uniqlo.com/us/en/products/E485684-000/00?colorDisplayCode=01 | https://www.uniqlo.com/us/en/products/E477181-000/00?colorDisplayCode=37 | https://www.uniqlo.com/us/en/products/E479208-000/00?colorDisplayCode=30 | https://www.uniqlo.com/us/en/products/E482978-000/00?colorDisplayCode=01 | https://www.uniqlo.com/us/en/products/E484610-000/00?colorDisplayCode=32 | https://www.uniqlo.com/us/en/products/E482303-000/00?colorDisplayCode=58 | https://www.uniqlo.com/us/en/products/E483008-000/00?colorDisplayCode=00 | https://www.uniqlo.com/us/en/products/E484256-000/00?colorDisplayCode=00 | https://www.uniqlo.com/us/en/products/E485265-000/00?colorDisplayCode=60 | https://www.uniqlo.com/us/en/products/E483883-000/00?colorDisplayCode=01 | https://www.uniqlo.com/us/en/products/E483807-000/00?colorDisplayCode=33 | https://www.uniqlo.com/us/en/products/E475380-000/00?colorDisplayCode=31 | https://www.uniqlo.com/us/en/products/E484245-000/00?colorDisplayCode=68 | https://www.uniqlo.com/us/en/products/E484939-000/00?colorDisplayCode=17 | https://www.uniqlo.com/us/en/products/E465484-000/00?colorDisplayCode=03 | https://www.uniqlo.com/us/en/products/E487680-000/00?colorDisplayCode=64 | https://www.uniqlo.com/us/en/products/E483872-000/00?colorDisplayCode=31 | https://www.uniqlo.com/us/en/products/E483869-000/00?colorDisplayCode=63,https://www.uniqlo.com/us/en/search?q=Clare%20Waight%20Keller [source_only] | https://www.uniqlo.com/us/en/products/E482661-000/00?colorDisplayCode=31 [source_only] | https://www.uniqlo.com/us/en/products/E484875-000/00?colorDisplayCode=34 [source_only] | https://www.uniqlo.com/us/en/products/E483050-000/00?colorDisplayCode=09 [source_only] | https://www.uniqlo.com/us/en/products/E485735-000/00?colorDisplayCode=09 [source_only] | https://www.uniqlo.com/us/en/products/E482979-000/00?colorDisplayCode=38 [source_only] | https://www.uniqlo.com/us/en/products/E471808-000/00?colorDisplayCode=03 [source_only] | https://www.uniqlo.com/us/en/products/E481040-000/00?colorDisplayCode=31 [source_only] | https://www.uniqlo.com/us/en/products/E469765-000/00?colorDisplayCode=79 [source_only] | https://www.uniqlo.com/us/en/products/E484330-000/00?colorDisplayCode=32 [source_only] | https://www.uniqlo.com/us/en/products/E482933-000/00?colorDisplayCode=69 [source_only] | https://www.uniqlo.com/us/en/products/E475053-000/00?colorDisplayCode=01 [source_only] | https://www.uniqlo.com/us/en/products/E486772-000/00?colorDisplayCode=34 [source_only] | https://www.uniqlo.com/us/en/products/E484276-000/00?colorDisplayCode=09 [source_only] | https://www.uniqlo.com/us/en/products/E484053-000/00?colorDisplayCode=37 [source_only] | https://www.uniqlo.com/us/en/products/E483762-000/00?colorDisplayCode=01 [source_only] | https://www.insidehook.com/style/uniqlo-c-spring-summer-2026-collection [200] | https://www.uniqlo.com/us/en/search?q=UNIQLO%20C [source_only] | https://www.uniqlo.com/us/en/products/E485684-000/00?colorDisplayCode=01 [source_only] | https://www.uniqlo.com/us/en/products/E477181-000/00?colorDisplayCode=37 [source_only] | https://www.uniqlo.com/us/en/products/E479208-000/00?colorDisplayCode=30 [source_only] | https://www.uniqlo.com/us/en/products/E482978-000/00?colorDisplayCode=01 [source_only] | https://www.uniqlo.com/us/en/products/E484610-000/00?colorDisplayCode=32 [source_only] | https://www.uniqlo.com/us/en/products/E482303-000/00?colorDisplayCode=58 [source_only] | https://www.uniqlo.com/us/en/products/E483008-000/00?colorDisplayCode=00 [source_only] | https://www.uniqlo.com/us/en/products/E484256-000/00?colorDisplayCode=00 [source_only] | https://www.uniqlo.com/us/en/products/E485265-000/00?colorDisplayCode=60 [source_only] | https://www.uniqlo.com/us/en/products/E483883-000/00?colorDisplayCode=01 [source_only] | https://www.uniqlo.com/us/en/products/E483807-000/00?colorDisplayCode=33 [source_only] | https://www.uniqlo.com/us/en/products/E475380-000/00?colorDisplayCode=31 [source_only] | https://www.uniqlo.com/us/en/products/E484245-000/00?colorDisplayCode=68 [source_only] | https://www.uniqlo.com/us/en/products/E484939-000/00?colorDisplayCode=17 [source_only] | https://www.uniqlo.com/us/en/products/E465484-000/00?colorDisplayCode=03 [source_only] | https://www.uniqlo.com/us/en/products/E487680-000/00?colorDisplayCode=64 [source_only] | https://www.uniqlo.com/us/en/products/E483872-000/00?colorDisplayCode=31 [source_only] | https://www.uniqlo.com/us/en/products/E483869-000/00?colorDisplayCode=63 [source_only],Official/retail product URL present in SKP rows; source/fetch evidence retained in status list.,official_products_found,34,34,0,0,0,0,https://www.uniqlo.com/us/en/products/E482661-000/00?colorDisplayCode=31 | https://www.uniqlo.com/us/en/products/E484875-000/00?colorDisplayCode=34 | https://www.uniqlo.com/us/en/products/E483050-000/00?colorDisplayCode=09 | https://www.uniqlo.com/us/en/products/E485735-000/00?colorDisplayCode=09 | https://www.uniqlo.com/us/en/products/E482979-000/00?colorDisplayCode=38 | https://www.uniqlo.com/us/en/products/E471808-000/00?colorDisplayCode=03 | https://www.uniqlo.com/us/en/products/E481040-000/00?colorDisplayCode=31 | https://www.uniqlo.com/us/en/products/E469765-000/00?colorDisplayCode=79 | https://www.uniqlo.com/us/en/products/E484330-000/00?colorDisplayCode=32 | https://www.uniqlo.com/us/en/products/E482933-000/00?colorDisplayCode=69 | https://www.uniqlo.com/us/en/products/E475053-000/00?colorDisplayCode=01 | https://www.uniqlo.com/us/en/products/E486772-000/00?colorDisplayCode=34 | https://www.uniqlo.com/us/en/products/E484276-000/00?colorDisplayCode=09 | https://www.uniqlo.com/us/en/products/E484053-000/00?colorDisplayCode=37 | https://www.uniqlo.com/us/en/products/E483762-000/00?colorDisplayCode=01 | https://www.insidehook.com/style/uniqlo-c-spring-summer-2026-collection | https://www.uniqlo.com/us/en/products/E485684-000/00?colorDisplayCode=01 | https://www.uniqlo.com/us/en/products/E477181-000/00?colorDisplayCode=37 | https://www.uniqlo.com/us/en/products/E479208-000/00?colorDisplayCode=30 | https://www.uniqlo.com/us/en/products/E482978-000/00?colorDisplayCode=01 | https://www.uniqlo.com/us/en/products/E484610-000/00?colorDisplayCode=32 | https://www.uniqlo.com/us/en/products/E482303-000/00?colorDisplayCode=58 | https://www.uniqlo.com/us/en/products/E483008-000/00?colorDisplayCode=00 | https://www.uniqlo.com/us/en/products/E484256-000/00?colorDisplayCode=00 | https://www.uniqlo.com/us/en/products/E485265-000/00?colorDisplayCode=60 | https://www.uniqlo.com/us/en/products/E483883-000/00?colorDisplayCode=01 | https://www.uniqlo.com/us/en/products/E483807-000/00?colorDisplayCode=33 | https://www.uniqlo.com/us/en/products/E475380-000/00?colorDisplayCode=31 | https://www.uniqlo.com/us/en/products/E484245-000/00?colorDisplayCode=68 | https://www.uniqlo.com/us/en/products/E484939-000/00?colorDisplayCode=17 | https://www.uniqlo.com/us/en/products/E465484-000/00?colorDisplayCode=03 | https://www.uniqlo.com/us/en/products/E487680-000/00?colorDisplayCode=64 | https://www.uniqlo.com/us/en/products/E483872-000/00?colorDisplayCode=31 | https://www.uniqlo.com/us/en/products/E483869-000/00?colorDisplayCode=63,https://www.uniqlo.com/us/en/products/E482661-000/00?colorDisplayCode=31 [200] | https://www.uniqlo.com/us/en/products/E484875-000/00?colorDisplayCode=34 [200] | https://www.uniqlo.com/us/en/products/E483050-000/00?colorDisplayCode=09 [200] | https://www.uniqlo.com/us/en/products/E485735-000/00?colorDisplayCode=09 [200] | https://www.uniqlo.com/us/en/products/E482979-000/00?colorDisplayCode=38 [200] | https://www.uniqlo.com/us/en/products/E471808-000/00?colorDisplayCode=03 [200] | https://www.uniqlo.com/us/en/products/E481040-000/00?colorDisplayCode=31 [200] | https://www.uniqlo.com/us/en/products/E469765-000/00?colorDisplayCode=79 [AbortError] | https://www.uniqlo.com/us/en/products/E484330-000/00?colorDisplayCode=32 [200] | https://www.uniqlo.com/us/en/products/E482933-000/00?colorDisplayCode=69 [200] | https://www.uniqlo.com/us/en/products/E475053-000/00?colorDisplayCode=01 [200] | https://www.uniqlo.com/us/en/products/E486772-000/00?colorDisplayCode=34 [200] | https://www.uniqlo.com/us/en/products/E484276-000/00?colorDisplayCode=09 [200] | https://www.uniqlo.com/us/en/products/E484053-000/00?colorDisplayCode=37 [200] | https://www.uniqlo.com/us/en/products/E483762-000/00?colorDisplayCode=01 [200] | https://www.insidehook.com/style/uniqlo-c-spring-summer-2026-collection [200] | https://www.uniqlo.com/us/en/products/E485684-000/00?colorDisplayCode=01 [200] | https://www.uniqlo.com/us/en/products/E477181-000/00?colorDisplayCode=37 [200] | https://www.uniqlo.com/us/en/products/E479208-000/00?colorDisplayCode=30 [200] | https://www.uniqlo.com/us/en/products/E482978-000/00?colorDisplayCode=01 [200] | https://www.uniqlo.com/us/en/products/E484610-000/00?colorDisplayCode=32 [200] | https://www.uniqlo.com/us/en/products/E482303-000/00?colorDisplayCode=58 [200] | https://www.uniqlo.com/us/en/products/E483008-000/00?colorDisplayCode=00 [200] | https://www.uniqlo.com/us/en/products/E484256-000/00?colorDisplayCode=00 [200] | https://www.uniqlo.com/us/en/products/E485265-000/00?colorDisplayCode=60 [200] | https://www.uniqlo.com/us/en/products/E483883-000/00?colorDisplayCode=01 [200] | https://www.uniqlo.com/us/en/products/E483807-000/00?colorDisplayCode=33 [200] | https://www.uniqlo.com/us/en/products/E475380-000/00?colorDisplayCode=31 [200] | https://www.uniqlo.com/us/en/products/E484245-000/00?colorDisplayCode=68 [200] | https://www.uniqlo.com/us/en/products/E484939-000/00?colorDisplayCode=17 [200] | https://www.uniqlo.com/us/en/products/E465484-000/00?colorDisplayCode=03 [200] | https://www.uniqlo.com/us/en/products/E487680-000/00?colorDisplayCode=64 [200] | https://www.uniqlo.com/us/en/products/E483872-000/00?colorDisplayCode=31 [200] | https://www.uniqlo.com/us/en/products/E483869-000/00?colorDisplayCode=63 [200],Closed for v1: official site and official/retail product rows present.,2026-05-31
Q12026-022,UNIQLO and JW ANDERSON Spring/Summer 2026,UNIQLO,JW ANDERSON,confirmed,https://www.uniqlo.com/us/en/search?q=JW%20ANDERSON | https://www.uniqlo.com/us/en/products/E484928-000/00?colorDisplayCode=00 | https://www.uniqlo.com/us/en/products/E484245-000/00?colorDisplayCode=68 | https://www.uniqlo.com/us/en/products/E484849-000/00?colorDisplayCode=00 | https://www.uniqlo.com/us/en/products/E484850-002/00?colorDisplayCode=65 | https://www.uniqlo.com/us/en/products/E484244-000/00?colorDisplayCode=00 | https://www.uniqlo.com/us/en/products/E485568-000/00?colorDisplayCode=69,https://www.uniqlo.com/us/en/search?q=JW%20ANDERSON [source_only] | https://www.uniqlo.com/us/en/products/E484928-000/00?colorDisplayCode=00 [source_only] | https://www.uniqlo.com/us/en/products/E484245-000/00?colorDisplayCode=68 [source_only] | https://www.uniqlo.com/us/en/products/E484849-000/00?colorDisplayCode=00 [source_only] | https://www.uniqlo.com/us/en/products/E484850-002/00?colorDisplayCode=65 [source_only] | https://www.uniqlo.com/us/en/products/E484244-000/00?colorDisplayCode=00 [source_only] | https://www.uniqlo.com/us/en/products/E485568-000/00?colorDisplayCode=69 [source_only],Official/retail product URL present in SKP rows; source/fetch evidence retained in status list.,official_products_found,6,6,0,0,0,0,https://www.uniqlo.com/us/en/products/E484928-000/00?colorDisplayCode=00 | https://www.uniqlo.com/us/en/products/E484245-000/00?colorDisplayCode=68 | https://www.uniqlo.com/us/en/products/E484849-000/00?colorDisplayCode=00 | https://www.uniqlo.com/us/en/products/E484850-002/00?colorDisplayCode=65 | https://www.uniqlo.com/us/en/products/E484244-000/00?colorDisplayCode=00 | https://www.uniqlo.com/us/en/products/E485568-000/00?colorDisplayCode=69,https://www.uniqlo.com/us/en/products/E484928-000/00?colorDisplayCode=00 [200] | https://www.uniqlo.com/us/en/products/E484245-000/00?colorDisplayCode=68 [200] | https://www.uniqlo.com/us/en/products/E484849-000/00?colorDisplayCode=00 [200] | https://www.uniqlo.com/us/en/products/E484850-002/00?colorDisplayCode=65 [200] | https://www.uniqlo.com/us/en/products/E484244-000/00?colorDisplayCode=00 [200] | https://www.uniqlo.com/us/en/products/E485568-000/00?colorDisplayCode=69 [200],Closed for v1: official site and official/retail product rows present.,2026-05-31
Q12026-023,adidas x Audi Revolut F1 Team Collection,adidas,Audi Revolut F1 Team,confirmed,https://www.audi-mediacenter.com/en/press-releases/global-launch-of-adidas-x-audi-revolut-f1-team-collection-17014/download,https://www.audi-mediacenter.com/en/press-releases/global-launch-of-adidas-x-audi-revolut-f1-team-collection-17014/download [200],Official source type or brand/retail host confirmed by current source table/fetch.,unresolved,0,0,0,0,0,0,,,Step 2: no product rows yet; search official store/collection pages and authorized retailers.,2026-05-31
Q12026-024,J.Crew Rollneck Remix,J.Crew,Buci NYC; Collina Strada; Eckhaus Latta; Patrick Taylor; Tanner Fletcher,media_only,,,No official/brand-domain source URL in current record.,press_listed_only,2,0,0,2,2,2,,,Step 1: find official brand/retail source before trusting SKP.,2026-05-31
Q12026-025,Jimmy Choo x noir kei ninomiya Spring/Summer 2026,Jimmy Choo,noir kei ninomiya,media_only,,,No official/brand-domain source URL in current record.,press_listed_only,6,0,0,6,3,3,,,Step 1: find official brand/retail source before trusting SKP.,2026-05-31
Q12026-026,Harlem's Fashion Row x Gap,Gap,Harlem's Fashion Row,media_only,,,No official/brand-domain source URL in current record.,press_listed_only,7,0,0,7,3,3,,,Step 1: find official brand/retail source before trusting SKP.,2026-05-31
Q12026-027,Paul Smith Loves Barbour Spring/Summer 2026,Barbour,Paul Smith,confirmed,https://www.barbour.com/us/search?q=Paul%20Smith | https://www.barbour.com/us/shirt-guide.html | https://www.barbour.com/us/waxed-jackets.html | https://www.barbour.com/us/paul-smith-loves-barbour-tote-bag-UBA0772SN71.html | https://www.barbour.com/us/paul-smith-loves-barbour-gingham-spey-casual-jacket-LCA0383NY71.html | https://www.barbour.com/us/paul-smith-loves-barbour-crossbody-bag-UBA0773SN71.html | https://www.barbour.com/us/paul-smith-loves-barbour-broomhill-showerproof-jacket-LSP0329GN33.html | https://www.barbour.com/us/paul-smith-loves-barbour-whitby-knitted-zip-through-cardigan-LKN1769NY99.html | https://www.barbour.com/us/paul-smith-loves-barbour-sugarlump-bedale-casual-jacket-MCA1126BL51.html | https://www.barbour.com/us/paul-smith-loves-barbour-cap-MHA0964BL71.html | https://www.barbour.com/us/paul-smith-loves-barbour-transport-casual-jacket-MCA1128GN52.html | https://www.barbour.com/us/paul-smith-loves-barbour-spey-casual-jacket-LCA0390RE52.html | https://www.barbour.com/us/paul-smith-loves-barbour-casual-parka-MCA1127OL52.html | https://www.barbour.com/us/paul-smith-loves-barbour-felton-striped-knitted-polo-LKN1770MI11.html | https://www.barbour.com/us/paul-smith-loves-barbour-scoop-t-shirt-MTS1613WH32.html | https://www.barbour.com/us/paul-smith-loves-barbour-domed-bucket-hat-MHA0965GN32.html | https://www.barbour.com/us/paul-smith-loves-barbour-fishing-jacket-t-shirt-MTS1612BL54.html,https://www.barbour.com/us/search?q=Paul%20Smith [source_only] | https://www.barbour.com/us/shirt-guide.html [source_only] | https://www.barbour.com/us/waxed-jackets.html [source_only] | https://www.barbour.com/us/paul-smith-loves-barbour-tote-bag-UBA0772SN71.html [source_only] | https://www.barbour.com/us/paul-smith-loves-barbour-gingham-spey-casual-jacket-LCA0383NY71.html [source_only] | https://www.barbour.com/us/paul-smith-loves-barbour-crossbody-bag-UBA0773SN71.html [source_only] | https://www.barbour.com/us/paul-smith-loves-barbour-broomhill-showerproof-jacket-LSP0329GN33.html [source_only] | https://www.barbour.com/us/paul-smith-loves-barbour-whitby-knitted-zip-through-cardigan-LKN1769NY99.html [source_only] | https://www.barbour.com/us/paul-smith-loves-barbour-sugarlump-bedale-casual-jacket-MCA1126BL51.html [source_only] | https://www.barbour.com/us/paul-smith-loves-barbour-cap-MHA0964BL71.html [source_only] | https://www.barbour.com/us/paul-smith-loves-barbour-transport-casual-jacket-MCA1128GN52.html [source_only] | https://www.barbour.com/us/paul-smith-loves-barbour-spey-casual-jacket-LCA0390RE52.html [source_only] | https://www.barbour.com/us/paul-smith-loves-barbour-casual-parka-MCA1127OL52.html [source_only] | https://www.barbour.com/us/paul-smith-loves-barbour-felton-striped-knitted-polo-LKN1770MI11.html [source_only] | https://www.barbour.com/us/paul-smith-loves-barbour-scoop-t-shirt-MTS1613WH32.html [source_only] | https://www.barbour.com/us/paul-smith-loves-barbour-domed-bucket-hat-MHA0965GN32.html [source_only] | https://www.barbour.com/us/paul-smith-loves-barbour-fishing-jacket-t-shirt-MTS1612BL54.html [source_only],Official/retail product URL present in SKP rows; source/fetch evidence retained in status list.,official_products_found,16,16,0,0,0,0,https://www.barbour.com/us/shirt-guide.html | https://www.barbour.com/us/waxed-jackets.html | https://www.barbour.com/us/paul-smith-loves-barbour-tote-bag-UBA0772SN71.html | https://www.barbour.com/us/paul-smith-loves-barbour-gingham-spey-casual-jacket-LCA0383NY71.html | https://www.barbour.com/us/paul-smith-loves-barbour-crossbody-bag-UBA0773SN71.html | https://www.barbour.com/us/paul-smith-loves-barbour-broomhill-showerproof-jacket-LSP0329GN33.html | https://www.barbour.com/us/paul-smith-loves-barbour-whitby-knitted-zip-through-cardigan-LKN1769NY99.html | https://www.barbour.com/us/paul-smith-loves-barbour-sugarlump-bedale-casual-jacket-MCA1126BL51.html | https://www.barbour.com/us/paul-smith-loves-barbour-cap-MHA0964BL71.html | https://www.barbour.com/us/paul-smith-loves-barbour-transport-casual-jacket-MCA1128GN52.html | https://www.barbour.com/us/paul-smith-loves-barbour-spey-casual-jacket-LCA0390RE52.html | https://www.barbour.com/us/paul-smith-loves-barbour-casual-parka-MCA1127OL52.html | https://www.barbour.com/us/paul-smith-loves-barbour-felton-striped-knitted-polo-LKN1770MI11.html | https://www.barbour.com/us/paul-smith-loves-barbour-scoop-t-shirt-MTS1613WH32.html | https://www.barbour.com/us/paul-smith-loves-barbour-domed-bucket-hat-MHA0965GN32.html | https://www.barbour.com/us/paul-smith-loves-barbour-fishing-jacket-t-shirt-MTS1612BL54.html,https://www.barbour.com/us/shirt-guide.html [200] | https://www.barbour.com/us/waxed-jackets.html [200] | https://www.barbour.com/us/paul-smith-loves-barbour-tote-bag-UBA0772SN71.html [200] | https://www.barbour.com/us/paul-smith-loves-barbour-gingham-spey-casual-jacket-LCA0383NY71.html [200] | https://www.barbour.com/us/paul-smith-loves-barbour-crossbody-bag-UBA0773SN71.html [200] | https://www.barbour.com/us/paul-smith-loves-barbour-broomhill-showerproof-jacket-LSP0329GN33.html [200] | https://www.barbour.com/us/paul-smith-loves-barbour-whitby-knitted-zip-through-cardigan-LKN1769NY99.html [200] | https://www.barbour.com/us/paul-smith-loves-barbour-sugarlump-bedale-casual-jacket-MCA1126BL51.html [200] | https://www.barbour.com/us/paul-smith-loves-barbour-cap-MHA0964BL71.html [200] | https://www.barbour.com/us/paul-smith-loves-barbour-transport-casual-jacket-MCA1128GN52.html [200] | https://www.barbour.com/us/paul-smith-loves-barbour-spey-casual-jacket-LCA0390RE52.html [200] | https://www.barbour.com/us/paul-smith-loves-barbour-casual-parka-MCA1127OL52.html [200] | https://www.barbour.com/us/paul-smith-loves-barbour-felton-striped-knitted-polo-LKN1770MI11.html [200] | https://www.barbour.com/us/paul-smith-loves-barbour-scoop-t-shirt-MTS1613WH32.html [200] | https://www.barbour.com/us/paul-smith-loves-barbour-domed-bucket-hat-MHA0965GN32.html [200] | https://www.barbour.com/us/paul-smith-loves-barbour-fishing-jacket-t-shirt-MTS1612BL54.html [200],Closed for v1: official site and official/retail product rows present.,2026-05-31
Q12026-028,Frame x Amelia Gray Collaboration Restock and Expansion,Frame,Amelia Gray,media_only,,,No official/brand-domain source URL in current record.,press_listed_only,1,0,0,1,1,1,,,Step 1: find official brand/retail source before trusting SKP.,2026-05-31
Q12026-029,Ray-Ban by A$AP Rocky Metal Eyewear Collection,Ray-Ban,A$AP Rocky,media_only,,,No official/brand-domain source URL in current record.,press_listed_only,2,0,0,2,2,0,,,Step 1: find official brand/retail source before trusting SKP.,2026-05-31
Q12026-030,La Ligne x Steve McQueen Estate Capsule,La Ligne,Steve McQueen Estate,confirmed,https://lalignenyc.com/search?q=Steve%20McQueen%20Estate | https://lalignenyc.com/products/la-ligne-x-steve-mcqueen-polo-chocolate | https://lalignenyc.com/products/la-ligne-x-steve-mcqueen-ribbed-sweater-navy,https://lalignenyc.com/search?q=Steve%20McQueen%20Estate [source_only] | https://lalignenyc.com/products/la-ligne-x-steve-mcqueen-polo-chocolate [source_only] | https://lalignenyc.com/products/la-ligne-x-steve-mcqueen-ribbed-sweater-navy [source_only],Official/retail product URL present in SKP rows; source/fetch evidence retained in status list.,official_products_found,2,2,0,0,0,2,https://lalignenyc.com/products/la-ligne-x-steve-mcqueen-polo-chocolate | https://lalignenyc.com/products/la-ligne-x-steve-mcqueen-ribbed-sweater-navy,https://lalignenyc.com/products/la-ligne-x-steve-mcqueen-polo-chocolate [200] | https://lalignenyc.com/products/la-ligne-x-steve-mcqueen-ribbed-sweater-navy [200],Step 2: add missing official product images for rows without image_url.,2026-05-31
Q12026-031,On x Sky High Farm Goods SS26,On,Sky High Farm Goods,media_only,,,No official/brand-domain source URL in current record.,press_listed_only,2,0,0,2,2,2,,,Step 1: find official brand/retail source before trusting SKP.,2026-05-31
Q12026-032,Moschino x Snoop Dogg Winter Capsule,Moschino,Snoop Dogg,confirmed,https://www.moschino.com/search?q=Snoop%20Dogg | https://www.moschino.com/products/t-shirt-limited-edition-moschino-x-snoop-dogg-bianco-aef261zza077902911001?_pos=2&_sid=c9a02a3c4&_ss=r,https://www.moschino.com/search?q=Snoop%20Dogg [source_only] | https://www.moschino.com/products/t-shirt-limited-edition-moschino-x-snoop-dogg-bianco-aef261zza077902911001?_pos=2&_sid=c9a02a3c4&_ss=r [source_only],Official/retail product URL present in SKP rows; source/fetch evidence retained in status list.,official_products_found,1,1,0,0,0,0,https://www.moschino.com/products/t-shirt-limited-edition-moschino-x-snoop-dogg-bianco-aef261zza077902911001?_pos=2&_sid=c9a02a3c4&_ss=r,https://www.moschino.com/products/t-shirt-limited-edition-moschino-x-snoop-dogg-bianco-aef261zza077902911001?_pos=2&_sid=c9a02a3c4&_ss=r [403],Closed for v1: official site and official/retail product rows present.,2026-05-31
Q12026-033,AMERICANA for SALON 26SS,SALON adam et rope,AMERICANA,media_only,,,No official/brand-domain source URL in current record.,unresolved,0,0,0,0,0,0,,,Step 1: find official brand/retail source before trusting SKP.,2026-05-31
Q12026-034,NEWYORKER WOMEN x Artisan & Artist Spring 2026,NEWYORKER WOMEN,Artisan & Artist,media_only,,,No official/brand-domain source URL in current record.,unresolved,0,0,0,0,0,0,,,Step 1: find official brand/retail source before trusting SKP.,2026-05-31
Q12026-035,Cupshe x Jessie James Decker Casa del Sol,Cupshe,Jessie James Decker; Eric Decker,media_only,,,No official/brand-domain source URL in current record.,unresolved,0,0,0,0,0,0,,,Step 1: find official brand/retail source before trusting SKP.,2026-05-31
Q12026-036,Marchesa Mini x Gymboree,Gymboree,Marchesa Mini,media_only,,,No official/brand-domain source URL in current record.,unresolved,0,0,0,0,0,0,,,Step 1: find official brand/retail source before trusting SKP.,2026-05-31
Q12026-037,JOURNAL STANDARD x Technics SL-1200 Capsule,JOURNAL STANDARD,Technics,media_only,,,No official/brand-domain source URL in current record.,unresolved,0,0,0,0,0,0,,,Step 1: find official brand/retail source before trusting SKP.,2026-05-31
Q12026-038,Aimé Leon Dore x New Balance SS26 Activewear Capsule,Aimé Leon Dore,New Balance,media_only,,,No official/brand-domain source URL in current record.,unresolved,0,0,0,0,0,0,,,Step 1: find official brand/retail source before trusting SKP.,2026-05-31
Q12026-039,RAEN SS26 Ambassador Collaborations,RAEN,Coco Ho; Mikey February,media_only,,,No official/brand-domain source URL in current record.,unresolved,0,0,0,0,0,0,,,Step 1: find official brand/retail source before trusting SKP.,2026-05-31
Q12026-040,Converse x Oshi no Ko Collection,Converse,Oshi no Ko / ABC-Mart,media_only,,,No official/brand-domain source URL in current record.,press_listed_only,2,0,0,2,2,2,,,Step 1: find official brand/retail source before trusting SKP.,2026-05-31
Q12026-041,The Whitaker Group x adidas Capsule,The Whitaker Group,adidas,media_only,,,No official/brand-domain source URL in current record.,unresolved,0,0,0,0,0,0,,,Step 1: find official brand/retail source before trusting SKP.,2026-05-31
Q12026-042,Cactus Plant Flea Market x Nike ACG Spring 2026,Cactus Plant Flea Market,Nike ACG,media_only,,,No official/brand-domain source URL in current record.,unresolved,0,0,0,0,0,0,,,Step 1: find official brand/retail source before trusting SKP.,2026-05-31
Q12026-043,Rakeem Miles x K-Swiss Drop 3,K-Swiss,Rakeem Miles,media_only,,,No official/brand-domain source URL in current record.,press_listed_only,1,0,0,1,1,1,,,Step 1: find official brand/retail source before trusting SKP.,2026-05-31
Q12026-044,The North Face x Cecilie Bahnsen Third Collaboration,The North Face,Cecilie Bahnsen,media_only,,,No official/brand-domain source URL in current record.,press_listed_only,4,0,0,4,4,3,,,Step 1: find official brand/retail source before trusting SKP.,2026-05-31
Q12026-045,Kith x On Running K-Tech,Kith,On Running,media_only,,,No official/brand-domain source URL in current record.,unresolved,0,0,0,0,0,0,,,Step 1: find official brand/retail source before trusting SKP.,2026-05-31
Q12026-046,Thom Browne x ASICS GEL-KAYANO 14,Thom Browne,ASICS,media_only,,,No official/brand-domain source URL in current record.,press_listed_only,6,0,0,6,5,5,,,Step 1: find official brand/retail source before trusting SKP.,2026-05-31
Q12026-047,MOTHER x Merci Capsule,MOTHER,Merci,confirmed,https://www.motherdenim.com/search/suggest.json?q=merci&resources[type]=product&resources[limit]=20 | https://www.motherdenim.com/products/the-lil-goodie-ringer-game-changer?_pos=10&_psq=merci&_ss=e&_v=1.0 | https://www.motherdenim.com/products/hats-off-the-86-merci?_pos=9&_psq=merci&_ss=e&_v=1.0 | https://www.motherdenim.com/products/merci-tote-red-and-ecru?_pos=8&_psq=merci&_ss=e&_v=1.0 | https://www.motherdenim.com/products/the-lil-goodie-ringer-champions?_pos=7&_psq=merci&_ss=e&_v=1.0 | https://www.motherdenim.com/products/merci-tote-yellow-and-blue?_pos=6&_psq=merci&_ss=e&_v=1.0 | https://www.motherdenim.com/products/the-strappy-brrly-mercury-in-retrograde?_pos=5&_psq=merci&_ss=e&_v=1.0 | https://www.motherdenim.com/products/the-boxy-match-going-the-distance?_pos=4&_psq=merci&_ss=e&_v=1.0 | https://www.motherdenim.com/products/the-bestie-office-hours-merci?_pos=3&_psq=merci&_ss=e&_v=1.0 | https://www.motherdenim.com/products/the-dodger-ankle-green-thumb-merci?_pos=2&_psq=merci&_ss=e&_v=1.0 | https://www.motherdenim.com/products/the-dodger-ankle-act-natural-merci?_pos=1&_psq=merci&_ss=e&_v=1.0,https://www.motherdenim.com/search/suggest.json?q=merci&resources[type]=product&resources[limit]=20 [source_only] | https://www.motherdenim.com/products/the-lil-goodie-ringer-game-changer?_pos=10&_psq=merci&_ss=e&_v=1.0 [source_only] | https://www.motherdenim.com/products/hats-off-the-86-merci?_pos=9&_psq=merci&_ss=e&_v=1.0 [source_only] | https://www.motherdenim.com/products/merci-tote-red-and-ecru?_pos=8&_psq=merci&_ss=e&_v=1.0 [source_only] | https://www.motherdenim.com/products/the-lil-goodie-ringer-champions?_pos=7&_psq=merci&_ss=e&_v=1.0 [source_only] | https://www.motherdenim.com/products/merci-tote-yellow-and-blue?_pos=6&_psq=merci&_ss=e&_v=1.0 [source_only] | https://www.motherdenim.com/products/the-strappy-brrly-mercury-in-retrograde?_pos=5&_psq=merci&_ss=e&_v=1.0 [source_only] | https://www.motherdenim.com/products/the-boxy-match-going-the-distance?_pos=4&_psq=merci&_ss=e&_v=1.0 [source_only] | https://www.motherdenim.com/products/the-bestie-office-hours-merci?_pos=3&_psq=merci&_ss=e&_v=1.0 [source_only] | https://www.motherdenim.com/products/the-dodger-ankle-green-thumb-merci?_pos=2&_psq=merci&_ss=e&_v=1.0 [source_only] | https://www.motherdenim.com/products/the-dodger-ankle-act-natural-merci?_pos=1&_psq=merci&_ss=e&_v=1.0 [source_only],Official/retail product URL present in SKP rows; source/fetch evidence retained in status list.,official_products_found,10,10,0,0,0,0,https://www.motherdenim.com/products/the-lil-goodie-ringer-game-changer?_pos=10&_psq=merci&_ss=e&_v=1.0 | https://www.motherdenim.com/products/hats-off-the-86-merci?_pos=9&_psq=merci&_ss=e&_v=1.0 | https://www.motherdenim.com/products/merci-tote-red-and-ecru?_pos=8&_psq=merci&_ss=e&_v=1.0 | https://www.motherdenim.com/products/the-lil-goodie-ringer-champions?_pos=7&_psq=merci&_ss=e&_v=1.0 | https://www.motherdenim.com/products/merci-tote-yellow-and-blue?_pos=6&_psq=merci&_ss=e&_v=1.0 | https://www.motherdenim.com/products/the-strappy-brrly-mercury-in-retrograde?_pos=5&_psq=merci&_ss=e&_v=1.0 | https://www.motherdenim.com/products/the-boxy-match-going-the-distance?_pos=4&_psq=merci&_ss=e&_v=1.0 | https://www.motherdenim.com/products/the-bestie-office-hours-merci?_pos=3&_psq=merci&_ss=e&_v=1.0 | https://www.motherdenim.com/products/the-dodger-ankle-green-thumb-merci?_pos=2&_psq=merci&_ss=e&_v=1.0 | https://www.motherdenim.com/products/the-dodger-ankle-act-natural-merci?_pos=1&_psq=merci&_ss=e&_v=1.0,https://www.motherdenim.com/products/the-lil-goodie-ringer-game-changer?_pos=10&_psq=merci&_ss=e&_v=1.0 [403] | https://www.motherdenim.com/products/hats-off-the-86-merci?_pos=9&_psq=merci&_ss=e&_v=1.0 [403] | https://www.motherdenim.com/products/merci-tote-red-and-ecru?_pos=8&_psq=merci&_ss=e&_v=1.0 [403] | https://www.motherdenim.com/products/the-lil-goodie-ringer-champions?_pos=7&_psq=merci&_ss=e&_v=1.0 [403] | https://www.motherdenim.com/products/merci-tote-yellow-and-blue?_pos=6&_psq=merci&_ss=e&_v=1.0 [403] | https://www.motherdenim.com/products/the-strappy-brrly-mercury-in-retrograde?_pos=5&_psq=merci&_ss=e&_v=1.0 [403] | https://www.motherdenim.com/products/the-boxy-match-going-the-distance?_pos=4&_psq=merci&_ss=e&_v=1.0 [403] | https://www.motherdenim.com/products/the-bestie-office-hours-merci?_pos=3&_psq=merci&_ss=e&_v=1.0 [403] | https://www.motherdenim.com/products/the-dodger-ankle-green-thumb-merci?_pos=2&_psq=merci&_ss=e&_v=1.0 [403] | https://www.motherdenim.com/products/the-dodger-ankle-act-natural-merci?_pos=1&_psq=merci&_ss=e&_v=1.0 [403],Closed for v1: official site and official/retail product rows present.,2026-05-31
Q12026-048,Dôen x Garrett Leight Sunglasses,Dôen,Garrett Leight,confirmed,https://shopdoen.com/search/suggest.json?q=garrett&resources[type]=product&resources[limit]=20 | https://shopdoen.com/products/ingenue-sunglasses-black?_pos=2&_psq=garrett&_ss=e&_v=1.0 | https://shopdoen.com/products/ingenue-sunglasses-ember-tortoise?_pos=3&_psq=garrett&_ss=e&_v=1.0 | https://shopdoen.com/products/ingenue-sunglasses-lipstick?_pos=6&_psq=garrett&_ss=e&_v=1.0 | https://shopdoen.com/products/doyenne-sunglasses-mink?_pos=5&_psq=garrett&_ss=e&_v=1.0 | https://shopdoen.com/products/doyenne-sunglasses-black?_pos=4&_psq=garrett&_ss=e&_v=1.0 | https://shopdoen.com/products/ingenue-sunglasses-black?_pos=3&_psq=garrett&_ss=e&_v=1.0 | https://shopdoen.com/products/ingenue-sunglasses-ember-tortoise?_pos=2&_psq=garrett&_ss=e&_v=1.0 | https://shopdoen.com/products/doyenne-sunglasses-tortoise?_pos=1&_psq=garrett&_ss=e&_v=1.0,https://shopdoen.com/search/suggest.json?q=garrett&resources[type]=product&resources[limit]=20 [source_only] | https://shopdoen.com/products/ingenue-sunglasses-black?_pos=2&_psq=garrett&_ss=e&_v=1.0 [source_only] | https://shopdoen.com/products/ingenue-sunglasses-ember-tortoise?_pos=3&_psq=garrett&_ss=e&_v=1.0 [source_only] | https://shopdoen.com/products/ingenue-sunglasses-lipstick?_pos=6&_psq=garrett&_ss=e&_v=1.0 [source_only] | https://shopdoen.com/products/doyenne-sunglasses-mink?_pos=5&_psq=garrett&_ss=e&_v=1.0 [source_only] | https://shopdoen.com/products/doyenne-sunglasses-black?_pos=4&_psq=garrett&_ss=e&_v=1.0 [source_only] | https://shopdoen.com/products/ingenue-sunglasses-black?_pos=3&_psq=garrett&_ss=e&_v=1.0 [source_only] | https://shopdoen.com/products/ingenue-sunglasses-ember-tortoise?_pos=2&_psq=garrett&_ss=e&_v=1.0 [source_only] | https://shopdoen.com/products/doyenne-sunglasses-tortoise?_pos=1&_psq=garrett&_ss=e&_v=1.0 [source_only],Official/retail product URL present in SKP rows; source/fetch evidence retained in status list.,official_products_found,8,8,0,0,0,0,https://shopdoen.com/products/ingenue-sunglasses-black?_pos=2&_psq=garrett&_ss=e&_v=1.0 | https://shopdoen.com/products/ingenue-sunglasses-ember-tortoise?_pos=3&_psq=garrett&_ss=e&_v=1.0 | https://shopdoen.com/products/ingenue-sunglasses-lipstick?_pos=6&_psq=garrett&_ss=e&_v=1.0 | https://shopdoen.com/products/doyenne-sunglasses-mink?_pos=5&_psq=garrett&_ss=e&_v=1.0 | https://shopdoen.com/products/doyenne-sunglasses-black?_pos=4&_psq=garrett&_ss=e&_v=1.0 | https://shopdoen.com/products/ingenue-sunglasses-black?_pos=3&_psq=garrett&_ss=e&_v=1.0 | https://shopdoen.com/products/ingenue-sunglasses-ember-tortoise?_pos=2&_psq=garrett&_ss=e&_v=1.0 | https://shopdoen.com/products/doyenne-sunglasses-tortoise?_pos=1&_psq=garrett&_ss=e&_v=1.0,https://shopdoen.com/products/ingenue-sunglasses-black?_pos=2&_psq=garrett&_ss=e&_v=1.0 [403] | https://shopdoen.com/products/ingenue-sunglasses-ember-tortoise?_pos=3&_psq=garrett&_ss=e&_v=1.0 [403] | https://shopdoen.com/products/ingenue-sunglasses-lipstick?_pos=6&_psq=garrett&_ss=e&_v=1.0 [403] | https://shopdoen.com/products/doyenne-sunglasses-mink?_pos=5&_psq=garrett&_ss=e&_v=1.0 [403] | https://shopdoen.com/products/doyenne-sunglasses-black?_pos=4&_psq=garrett&_ss=e&_v=1.0 [403] | https://shopdoen.com/products/ingenue-sunglasses-black?_pos=3&_psq=garrett&_ss=e&_v=1.0 [403] | https://shopdoen.com/products/ingenue-sunglasses-ember-tortoise?_pos=2&_psq=garrett&_ss=e&_v=1.0 [403] | https://shopdoen.com/products/doyenne-sunglasses-tortoise?_pos=1&_psq=garrett&_ss=e&_v=1.0 [403],Closed for v1: official site and official/retail product rows present.,2026-05-31
Q12026-049,Sperry x Monse Spring/Summer 2026,Sperry,Monse,confirmed,https://www.sperry.com/search/suggest.json?q=monse&resources[type]=product&resources[limit]=20 | https://www.sperry.com/products/sperry-x-monse-authentic-original-2-eye-lug-boat-shoe-amaretto?_pos=3&_psq=monse&_ss=e&_v=1.0 | https://www.sperry.com/products/sperry-x-monse-authentic-original-2-eye-jelly-boat-shoe-bright-orange?_pos=1&_psq=monse&_ss=e&_v=1.0,https://www.sperry.com/search/suggest.json?q=monse&resources[type]=product&resources[limit]=20 [source_only] | https://www.sperry.com/products/sperry-x-monse-authentic-original-2-eye-lug-boat-shoe-amaretto?_pos=3&_psq=monse&_ss=e&_v=1.0 [source_only] | https://www.sperry.com/products/sperry-x-monse-authentic-original-2-eye-jelly-boat-shoe-bright-orange?_pos=1&_psq=monse&_ss=e&_v=1.0 [source_only],Official/retail product URL present in SKP rows; source/fetch evidence retained in status list.,official_products_found,2,2,0,0,0,0,https://www.sperry.com/products/sperry-x-monse-authentic-original-2-eye-lug-boat-shoe-amaretto?_pos=3&_psq=monse&_ss=e&_v=1.0 | https://www.sperry.com/products/sperry-x-monse-authentic-original-2-eye-jelly-boat-shoe-bright-orange?_pos=1&_psq=monse&_ss=e&_v=1.0,https://www.sperry.com/products/sperry-x-monse-authentic-original-2-eye-lug-boat-shoe-amaretto?_pos=3&_psq=monse&_ss=e&_v=1.0 [403] | https://www.sperry.com/products/sperry-x-monse-authentic-original-2-eye-jelly-boat-shoe-bright-orange?_pos=1&_psq=monse&_ss=e&_v=1.0 [403],Closed for v1: official site and official/retail product rows present.,2026-05-31
Q12026-050,Repetto x Kaia Gerber In Bloom,Repetto,Kaia Gerber,confirmed,https://www.repetto.com/search/suggest.json?q=kaia%20gerber&resources[type]=product&resources[limit]=20 | https://www.repetto.com/products/repetto-x-kaia-gerber-babies-pina-noir-v4274ve-410?_pos=4&_psq=kaia+gerber&_ss=e&_v=1.0 | https://www.repetto.com/products/repetto-x-kaia-gerber-kaia-velours-rouge-flamme-v4273cv-550?_pos=1&_psq=kaia+gerber&_ss=e&_v=1.0,https://www.repetto.com/search/suggest.json?q=kaia%20gerber&resources[type]=product&resources[limit]=20 [source_only] | https://www.repetto.com/products/repetto-x-kaia-gerber-babies-pina-noir-v4274ve-410?_pos=4&_psq=kaia+gerber&_ss=e&_v=1.0 [source_only] | https://www.repetto.com/products/repetto-x-kaia-gerber-kaia-velours-rouge-flamme-v4273cv-550?_pos=1&_psq=kaia+gerber&_ss=e&_v=1.0 [source_only],Official/retail product URL present in SKP rows; source/fetch evidence retained in status list.,official_products_found,2,2,0,0,0,0,https://www.repetto.com/products/repetto-x-kaia-gerber-babies-pina-noir-v4274ve-410?_pos=4&_psq=kaia+gerber&_ss=e&_v=1.0 | https://www.repetto.com/products/repetto-x-kaia-gerber-kaia-velours-rouge-flamme-v4273cv-550?_pos=1&_psq=kaia+gerber&_ss=e&_v=1.0,https://www.repetto.com/products/repetto-x-kaia-gerber-babies-pina-noir-v4274ve-410?_pos=4&_psq=kaia+gerber&_ss=e&_v=1.0 [403] | https://www.repetto.com/products/repetto-x-kaia-gerber-kaia-velours-rouge-flamme-v4273cv-550?_pos=1&_psq=kaia+gerber&_ss=e&_v=1.0 [403],Closed for v1: official site and official/retail product rows present.,2026-05-31
Q12026-051,AGOLDE x Maria McManus Capsule,AGOLDE,Maria McManus,confirmed,https://agolde.com/search/suggest.json?q=maria%20mcmanus&resources[type]=product&resources[limit]=20 | https://agolde.com/products/circle-skirt-crinkle-indigo?_pos=10&_psq=maria+mcmanus&_ss=e&_v=1.0 | https://agolde.com/products/denim-bra-washed-black?_pos=9&_psq=maria+mcmanus&_ss=e&_v=1.0 | https://agolde.com/products/trouser-wide-leg-jean-washed-pale-indigo?_pos=8&_psq=maria+mcmanus&_ss=e&_v=1.0 | https://agolde.com/products/oversized-field-jacket-washed-pale-indigo?_pos=7&_psq=maria+mcmanus&_ss=e&_v=1.0 | https://agolde.com/products/a-line-shirt-poplin-white-cotton?_pos=6&_psq=maria+mcmanus&_ss=e&_v=1.0 | https://agolde.com/products/skater-short-washed-black?_pos=5&_psq=maria+mcmanus&_ss=e&_v=1.0 | https://agolde.com/products/a-line-shirt-poplin-black?_pos=4&_psq=maria+mcmanus&_ss=e&_v=1.0 | https://agolde.com/products/bandana-crinkle-indigo?_pos=3&_psq=maria+mcmanus&_ss=e&_v=1.0 | https://agolde.com/products/corset-wide-leg-jean-stone-wash-powder-pink?_pos=2&_psq=maria+mcmanus&_ss=e&_v=1.0 | https://agolde.com/products/skater-short-white-cotton?_pos=1&_psq=maria+mcmanus&_ss=e&_v=1.0,https://agolde.com/search/suggest.json?q=maria%20mcmanus&resources[type]=product&resources[limit]=20 [source_only] | https://agolde.com/products/circle-skirt-crinkle-indigo?_pos=10&_psq=maria+mcmanus&_ss=e&_v=1.0 [source_only] | https://agolde.com/products/denim-bra-washed-black?_pos=9&_psq=maria+mcmanus&_ss=e&_v=1.0 [source_only] | https://agolde.com/products/trouser-wide-leg-jean-washed-pale-indigo?_pos=8&_psq=maria+mcmanus&_ss=e&_v=1.0 [source_only] | https://agolde.com/products/oversized-field-jacket-washed-pale-indigo?_pos=7&_psq=maria+mcmanus&_ss=e&_v=1.0 [source_only] | https://agolde.com/products/a-line-shirt-poplin-white-cotton?_pos=6&_psq=maria+mcmanus&_ss=e&_v=1.0 [source_only] | https://agolde.com/products/skater-short-washed-black?_pos=5&_psq=maria+mcmanus&_ss=e&_v=1.0 [source_only] | https://agolde.com/products/a-line-shirt-poplin-black?_pos=4&_psq=maria+mcmanus&_ss=e&_v=1.0 [source_only] | https://agolde.com/products/bandana-crinkle-indigo?_pos=3&_psq=maria+mcmanus&_ss=e&_v=1.0 [source_only] | https://agolde.com/products/corset-wide-leg-jean-stone-wash-powder-pink?_pos=2&_psq=maria+mcmanus&_ss=e&_v=1.0 [source_only] | https://agolde.com/products/skater-short-white-cotton?_pos=1&_psq=maria+mcmanus&_ss=e&_v=1.0 [source_only],Official/retail product URL present in SKP rows; source/fetch evidence retained in status list.,official_products_found,10,10,0,0,0,0,https://agolde.com/products/circle-skirt-crinkle-indigo?_pos=10&_psq=maria+mcmanus&_ss=e&_v=1.0 | https://agolde.com/products/denim-bra-washed-black?_pos=9&_psq=maria+mcmanus&_ss=e&_v=1.0 | https://agolde.com/products/trouser-wide-leg-jean-washed-pale-indigo?_pos=8&_psq=maria+mcmanus&_ss=e&_v=1.0 | https://agolde.com/products/oversized-field-jacket-washed-pale-indigo?_pos=7&_psq=maria+mcmanus&_ss=e&_v=1.0 | https://agolde.com/products/a-line-shirt-poplin-white-cotton?_pos=6&_psq=maria+mcmanus&_ss=e&_v=1.0 | https://agolde.com/products/skater-short-washed-black?_pos=5&_psq=maria+mcmanus&_ss=e&_v=1.0 | https://agolde.com/products/a-line-shirt-poplin-black?_pos=4&_psq=maria+mcmanus&_ss=e&_v=1.0 | https://agolde.com/products/bandana-crinkle-indigo?_pos=3&_psq=maria+mcmanus&_ss=e&_v=1.0 | https://agolde.com/products/corset-wide-leg-jean-stone-wash-powder-pink?_pos=2&_psq=maria+mcmanus&_ss=e&_v=1.0 | https://agolde.com/products/skater-short-white-cotton?_pos=1&_psq=maria+mcmanus&_ss=e&_v=1.0,https://agolde.com/products/circle-skirt-crinkle-indigo?_pos=10&_psq=maria+mcmanus&_ss=e&_v=1.0 [403] | https://agolde.com/products/denim-bra-washed-black?_pos=9&_psq=maria+mcmanus&_ss=e&_v=1.0 [403] | https://agolde.com/products/trouser-wide-leg-jean-washed-pale-indigo?_pos=8&_psq=maria+mcmanus&_ss=e&_v=1.0 [403] | https://agolde.com/products/oversized-field-jacket-washed-pale-indigo?_pos=7&_psq=maria+mcmanus&_ss=e&_v=1.0 [403] | https://agolde.com/products/a-line-shirt-poplin-white-cotton?_pos=6&_psq=maria+mcmanus&_ss=e&_v=1.0 [403] | https://agolde.com/products/skater-short-washed-black?_pos=5&_psq=maria+mcmanus&_ss=e&_v=1.0 [403] | https://agolde.com/products/a-line-shirt-poplin-black?_pos=4&_psq=maria+mcmanus&_ss=e&_v=1.0 [403] | https://agolde.com/products/bandana-crinkle-indigo?_pos=3&_psq=maria+mcmanus&_ss=e&_v=1.0 [403] | https://agolde.com/products/corset-wide-leg-jean-stone-wash-powder-pink?_pos=2&_psq=maria+mcmanus&_ss=e&_v=1.0 [403] | https://agolde.com/products/skater-short-white-cotton?_pos=1&_psq=maria+mcmanus&_ss=e&_v=1.0 [403],Closed for v1: official site and official/retail product rows present.,2026-05-31
Q12026-052,Tory Burch x The Explorers Club Women in Exploration,Tory Burch,The Explorers Club; Emily Damastra,media_only,,,No official/brand-domain source URL in current record.,press_listed_only,6,0,0,6,6,3,,,Step 1: find official brand/retail source before trusting SKP.,2026-05-31
Q12026-053,Loeffler Randall x Underwater Weaving Basket Tote,Loeffler Randall,Underwater Weaving,media_only,,,No official/brand-domain source URL in current record.,press_listed_only,4,0,0,4,4,2,,,Step 1: find official brand/retail source before trusting SKP.,2026-05-31
Q12026-054,Stetson & THE GREAT. Western Collection,THE GREAT.,Stetson,media_only,,,No official/brand-domain source URL in current record.,press_listed_only,2,0,0,2,1,1,,,Step 1: find official brand/retail source before trusting SKP.,2026-05-31
Q12026-055,Burberry x Royal Collection Trust,Burberry,Royal Collection Trust,confirmed,https://www.burberryplc.com/news/brand/2026/burberry-presents-a-new-capsule-collection-created-in-collaboration-with-royal-collection-trust,https://www.burberryplc.com/news/brand/2026/burberry-presents-a-new-capsule-collection-created-in-collaboration-with-royal-collection-trust [200],Official/retail product URL present in SKP rows; source/fetch evidence retained in status list.,official_products_found,2,2,0,0,0,2,https://www.burberryplc.com/news/brand/2026/burberry-presents-a-new-capsule-collection-created-in-collaboration-with-royal-collection-trust,https://www.burberryplc.com/news/brand/2026/burberry-presents-a-new-capsule-collection-created-in-collaboration-with-royal-collection-trust [200],Step 2: add missing official product images for rows without image_url.,2026-05-31
Q12026-056,Topshop x Tolu Coker DOORS,Topshop,Tolu Coker,confirmed,https://www.asosplc.com/news-and-media/latest-news/topshop-launches-capsule-collection-with-celebrated-designer-tolu-coker/ | https://www.asosplc.com/news-and-media/latest-news/topshop-announces-capsule-collection-with-designer-tolu-coker-with-preview-revealed-during-tolu-coker-s-defining-london-fashion-week-show/,https://www.asosplc.com/news-and-media/latest-news/topshop-launches-capsule-collection-with-celebrated-designer-tolu-coker/ [200] | https://www.asosplc.com/news-and-media/latest-news/topshop-announces-capsule-collection-with-designer-tolu-coker-with-preview-revealed-during-tolu-coker-s-defining-london-fashion-week-show/ [200],Official source type or brand/retail host confirmed by current source table/fetch.,unresolved,0,0,0,0,0,0,,,Step 2: no product rows yet; search official store/collection pages and authorized retailers.,2026-05-31
Q12026-057,Express x bebe Y2K Capsule,Express,bebe,media_only,,,No official/brand-domain source URL in current record.,unresolved,0,0,0,0,0,0,,,Step 1: find official brand/retail source before trusting SKP.,2026-05-31
Q12026-058,TOGA x Umbro First Capsule Collection,TOGA,Umbro,media_only,,,No official/brand-domain source URL in current record.,unresolved,0,0,0,0,0,0,,,Step 1: find official brand/retail source before trusting SKP.,2026-05-31
Q12026-059,FURFUR x Peanuts Weekend Slow,FURFUR,Peanuts,media_only,,,No official/brand-domain source URL in current record.,unresolved,0,0,0,0,0,0,,,Step 1: find official brand/retail source before trusting SKP.,2026-05-31
Q12026-060,Barehands x Lim Shi-An Analogue,Barehands,Lim Shi-An,media_only,,,No official/brand-domain source URL in current record.,unresolved,0,0,0,0,0,0,,,Step 1: find official brand/retail source before trusting SKP.,2026-05-31
Q12026-061,Crew Clothing x Henley Royal Regatta 2026 Regatta Range,Crew Clothing,Henley Royal Regatta,media_only,,,No official/brand-domain source URL in current record.,unresolved,0,0,0,0,0,0,,,Step 1: find official brand/retail source before trusting SKP.,2026-05-31
Q12026-062,Disney | BLACKPINK Collection by Complex,Complex,BLACKPINK; Disney,media_only,,,No official/brand-domain source URL in current record.,unresolved,0,0,0,0,0,0,,,Step 1: find official brand/retail source before trusting SKP.,2026-05-31
Q12026-063,Montce x Elsa Hosk Capsule Collection,Montce,Elsa Hosk,confirmed,https://www.whowhatwear.com/fashion/swimwear/montce-x-elsa-hosk-capsule-collection-2026 | https://www.whowhatwear.com/fashion/swimwear/montce-x-elsa-hosk-capsule-collection-2026#section-shop-the-montce-x-elsa-hosk-capsule-collection,https://www.whowhatwear.com/fashion/swimwear/montce-x-elsa-hosk-capsule-collection-2026 [200] | https://www.whowhatwear.com/fashion/swimwear/montce-x-elsa-hosk-capsule-collection-2026#section-shop-the-montce-x-elsa-hosk-capsule-collection [source_only],Official/retail product URL present in SKP rows; source/fetch evidence retained in status list.,official_products_found,1,1,0,0,0,0,https://www.whowhatwear.com/fashion/swimwear/montce-x-elsa-hosk-capsule-collection-2026#section-shop-the-montce-x-elsa-hosk-capsule-collection,https://www.whowhatwear.com/fashion/swimwear/montce-x-elsa-hosk-capsule-collection-2026#section-shop-the-montce-x-elsa-hosk-capsule-collection [200],Closed for v1: official site and official/retail product rows present.,2026-05-31
Q12026-064,66°North x Laufey Capsule Collection,66°North,Laufey,confirmed,https://www.66north.com/search/suggest.json?q=laufey&resources[type]=product&resources[limit]=20 | https://www.66north.com/products/66nxll-long-coat-w11449-b120?_pos=5&_psq=laufey&_ss=e&_v=1.0 | https://www.66north.com/products/66nxll-long-coat-w11449-b120?_pos=6&_psq=laufey&_ss=e&_v=1.0 | https://www.66north.com/products/66nxll-bag-u99272-900?_pos=4&_psq=laufey&_ss=e&_v=1.0 | https://www.66north.com/products/66nxll-graphic-t-shirt-v66218-103?_pos=3&_psq=laufey&_ss=e&_v=1.0 | https://www.66north.com/products/66nxll-knit-bonnet-l81730-475?_pos=2&_psq=laufey&_ss=e&_v=1.0 | https://www.66north.com/products/66nxll-knit-cardigan-e11449-475?_pos=1&_psq=laufey&_ss=e&_v=1.0,https://www.66north.com/search/suggest.json?q=laufey&resources[type]=product&resources[limit]=20 [source_only] | https://www.66north.com/products/66nxll-long-coat-w11449-b120?_pos=5&_psq=laufey&_ss=e&_v=1.0 [source_only] | https://www.66north.com/products/66nxll-long-coat-w11449-b120?_pos=6&_psq=laufey&_ss=e&_v=1.0 [source_only] | https://www.66north.com/products/66nxll-bag-u99272-900?_pos=4&_psq=laufey&_ss=e&_v=1.0 [source_only] | https://www.66north.com/products/66nxll-graphic-t-shirt-v66218-103?_pos=3&_psq=laufey&_ss=e&_v=1.0 [source_only] | https://www.66north.com/products/66nxll-knit-bonnet-l81730-475?_pos=2&_psq=laufey&_ss=e&_v=1.0 [source_only] | https://www.66north.com/products/66nxll-knit-cardigan-e11449-475?_pos=1&_psq=laufey&_ss=e&_v=1.0 [source_only],Official/retail product URL present in SKP rows; source/fetch evidence retained in status list.,official_products_found,6,6,0,0,0,0,https://www.66north.com/products/66nxll-long-coat-w11449-b120?_pos=5&_psq=laufey&_ss=e&_v=1.0 | https://www.66north.com/products/66nxll-long-coat-w11449-b120?_pos=6&_psq=laufey&_ss=e&_v=1.0 | https://www.66north.com/products/66nxll-bag-u99272-900?_pos=4&_psq=laufey&_ss=e&_v=1.0 | https://www.66north.com/products/66nxll-graphic-t-shirt-v66218-103?_pos=3&_psq=laufey&_ss=e&_v=1.0 | https://www.66north.com/products/66nxll-knit-bonnet-l81730-475?_pos=2&_psq=laufey&_ss=e&_v=1.0 | https://www.66north.com/products/66nxll-knit-cardigan-e11449-475?_pos=1&_psq=laufey&_ss=e&_v=1.0,https://www.66north.com/products/66nxll-long-coat-w11449-b120?_pos=5&_psq=laufey&_ss=e&_v=1.0 [403] | https://www.66north.com/products/66nxll-long-coat-w11449-b120?_pos=6&_psq=laufey&_ss=e&_v=1.0 [403] | https://www.66north.com/products/66nxll-bag-u99272-900?_pos=4&_psq=laufey&_ss=e&_v=1.0 [403] | https://www.66north.com/products/66nxll-graphic-t-shirt-v66218-103?_pos=3&_psq=laufey&_ss=e&_v=1.0 [403] | https://www.66north.com/products/66nxll-knit-bonnet-l81730-475?_pos=2&_psq=laufey&_ss=e&_v=1.0 [403] | https://www.66north.com/products/66nxll-knit-cardigan-e11449-475?_pos=1&_psq=laufey&_ss=e&_v=1.0 [403],Closed for v1: official site and official/retail product rows present.,2026-05-31
Q12026-065,Studio Nicholson x Perfumer H Soap Collection,Studio Nicholson,Perfumer H,media_only,,,No official/brand-domain source URL in current record.,press_listed_only,2,0,0,2,2,2,,,Step 1: find official brand/retail source before trusting SKP.,2026-05-31
Q12026-066,Kith x The Matrix Monday Program,Kith,The Matrix,confirmed,https://kith.com/search/suggest.json?q=matrix&resources[type]=product&resources[limit]=20 | https://kith.com/products/khm035058-101?_pos=6&_psq=matrix&_ss=e&_v=1.0 | https://kith.com/products/khm035058-001?_pos=7&_psq=matrix&_ss=e&_v=1.0 | https://kith.com/products/khm030099-104?_pos=10&_psq=matrix&_ss=e&_v=1.0 | https://kith.com/products/khm035048-104?_pos=9&_psq=matrix&_ss=e&_v=1.0 | https://kith.com/products/khm035057-001?_pos=8&_psq=matrix&_ss=e&_v=1.0 | https://kith.com/products/khm035058-101?_pos=7&_psq=matrix&_ss=e&_v=1.0 | https://kith.com/products/khm035058-001?_pos=6&_psq=matrix&_ss=e&_v=1.0 | https://kith.com/products/khm011277-001?_pos=4&_psq=matrix&_ss=e&_v=1.0 | https://kith.com/products/khm035062-001?_pos=3&_psq=matrix&_ss=e&_v=1.0 | https://kith.com/products/sas70931-1?_pos=1&_psq=matrix&_ss=e&_v=1.0,https://kith.com/search/suggest.json?q=matrix&resources[type]=product&resources[limit]=20 [source_only] | https://kith.com/products/khm035058-101?_pos=6&_psq=matrix&_ss=e&_v=1.0 [source_only] | https://kith.com/products/khm035058-001?_pos=7&_psq=matrix&_ss=e&_v=1.0 [source_only] | https://kith.com/products/khm030099-104?_pos=10&_psq=matrix&_ss=e&_v=1.0 [source_only] | https://kith.com/products/khm035048-104?_pos=9&_psq=matrix&_ss=e&_v=1.0 [source_only] | https://kith.com/products/khm035057-001?_pos=8&_psq=matrix&_ss=e&_v=1.0 [source_only] | https://kith.com/products/khm035058-101?_pos=7&_psq=matrix&_ss=e&_v=1.0 [source_only] | https://kith.com/products/khm035058-001?_pos=6&_psq=matrix&_ss=e&_v=1.0 [source_only] | https://kith.com/products/khm011277-001?_pos=4&_psq=matrix&_ss=e&_v=1.0 [source_only] | https://kith.com/products/khm035062-001?_pos=3&_psq=matrix&_ss=e&_v=1.0 [source_only] | https://kith.com/products/sas70931-1?_pos=1&_psq=matrix&_ss=e&_v=1.0 [source_only],Official/retail product URL present in SKP rows; source/fetch evidence retained in status list.,official_products_found,10,10,0,0,0,0,https://kith.com/products/khm035058-101?_pos=6&_psq=matrix&_ss=e&_v=1.0 | https://kith.com/products/khm035058-001?_pos=7&_psq=matrix&_ss=e&_v=1.0 | https://kith.com/products/khm030099-104?_pos=10&_psq=matrix&_ss=e&_v=1.0 | https://kith.com/products/khm035048-104?_pos=9&_psq=matrix&_ss=e&_v=1.0 | https://kith.com/products/khm035057-001?_pos=8&_psq=matrix&_ss=e&_v=1.0 | https://kith.com/products/khm035058-101?_pos=7&_psq=matrix&_ss=e&_v=1.0 | https://kith.com/products/khm035058-001?_pos=6&_psq=matrix&_ss=e&_v=1.0 | https://kith.com/products/khm011277-001?_pos=4&_psq=matrix&_ss=e&_v=1.0 | https://kith.com/products/khm035062-001?_pos=3&_psq=matrix&_ss=e&_v=1.0 | https://kith.com/products/sas70931-1?_pos=1&_psq=matrix&_ss=e&_v=1.0,https://kith.com/products/khm035058-101?_pos=6&_psq=matrix&_ss=e&_v=1.0 [403] | https://kith.com/products/khm035058-001?_pos=7&_psq=matrix&_ss=e&_v=1.0 [403] | https://kith.com/products/khm030099-104?_pos=10&_psq=matrix&_ss=e&_v=1.0 [403] | https://kith.com/products/khm035048-104?_pos=9&_psq=matrix&_ss=e&_v=1.0 [403] | https://kith.com/products/khm035057-001?_pos=8&_psq=matrix&_ss=e&_v=1.0 [403] | https://kith.com/products/khm035058-101?_pos=7&_psq=matrix&_ss=e&_v=1.0 [403] | https://kith.com/products/khm035058-001?_pos=6&_psq=matrix&_ss=e&_v=1.0 [403] | https://kith.com/products/khm011277-001?_pos=4&_psq=matrix&_ss=e&_v=1.0 [403] | https://kith.com/products/khm035062-001?_pos=3&_psq=matrix&_ss=e&_v=1.0 [403] | https://kith.com/products/sas70931-1?_pos=1&_psq=matrix&_ss=e&_v=1.0 [403],Closed for v1: official site and official/retail product rows present.,2026-05-31
Q12026-067,A.P.C. x Topologie Second Capsule,A.P.C.,Topologie,media_only,,,No official/brand-domain source URL in current record.,press_listed_only,1,0,0,1,1,1,,,Step 1: find official brand/retail source before trusting SKP.,2026-05-31
Q12026-068,Aman Tennis Club x The Webster,Aman Tennis Club,The Webster,media_only,,,No official/brand-domain source URL in current record.,unresolved,0,0,0,0,0,0,,,Step 1: find official brand/retail source before trusting SKP.,2026-05-31
Q12026-069,Target x Roller Rabbit Spring Getaway Collection,Target,Roller Rabbit,media_only,,,No official/brand-domain source URL in current record.,unresolved,0,0,0,0,0,0,,,Step 1: find official brand/retail source before trusting SKP.,2026-05-31
Q12026-070,Halara x Smiley Spring/Summer 2026,Halara,Smiley,confirmed,https://www.halara.com/collections/halara-x-smiley | https://www.halara.com/products/halara-x-smiley-softlyzero-airy-backless-twisted-flare-dance-active-dress-with-pockets-longer-length-easy-peezy-edition-a-c-cups-10-995?pmui=10.1.collection.list.1.halara-x-smiley&pmuih=halara-x-smiley&currentSkc=2521445 | https://www.halara.com/products/halara-x-smiley-breezeful-high-waisted-pleated-2-in-1-asymmetric-hem-quick-dry-mini-dance-skirt-with-pockets-10-26?pmui=10.1.collection.list.2.halara-x-smiley&pmuih=halara-x-smiley&currentSkc=2521541 | https://www.halara.com/products/halara-x-smiley-halara-ultrasculpt-high-waisted-tummy-control-straight-leg-yoga-pants-with-pockets-10-12?pmui=10.1.collection.list.3.halara-x-smiley&pmuih=halara-x-smiley&currentSkc=2521709 | https://www.halara.com/products/halara-x-smiley-speedwave-medium-support-quick-dry-training-sports-bra-a-c-cups-10-988?pmui=10.1.collection.list.4.halara-x-smiley&pmuih=halara-x-smiley&currentSkc=2521181 | https://www.halara.com/products/halara-x-smiley-high-waisted-drawstring-contrast-mesh-2-in-1-flowy-mini-flare-dance-skirt-with-pockets-10-7?pmui=10.1.collection.list.8.halara-x-smiley&pmuih=halara-x-smiley&currentSkc=2521636 | https://www.halara.com/products/halara-x-smiley-v-neck-short-sleeve-casual-t-shirt-10-48?pmui=10.1.collection.list.11.halara-x-smiley&pmuih=halara-x-smiley&currentSkc=2522330 | https://www.halara.com/products/halara-x-smiley-halara-flex-daystretch-high-waisted-straight-leg-work-pants-with-pockets-10-974?pmui=10.1.collection.list.12.halara-x-smiley&pmuih=halara-x-smiley&currentSkc=2521757,https://www.halara.com/collections/halara-x-smiley [source_only] | https://www.halara.com/products/halara-x-smiley-softlyzero-airy-backless-twisted-flare-dance-active-dress-with-pockets-longer-length-easy-peezy-edition-a-c-cups-10-995?pmui=10.1.collection.list.1.halara-x-smiley&pmuih=halara-x-smiley&currentSkc=2521445 [source_only] | https://www.halara.com/products/halara-x-smiley-breezeful-high-waisted-pleated-2-in-1-asymmetric-hem-quick-dry-mini-dance-skirt-with-pockets-10-26?pmui=10.1.collection.list.2.halara-x-smiley&pmuih=halara-x-smiley&currentSkc=2521541 [source_only] | https://www.halara.com/products/halara-x-smiley-halara-ultrasculpt-high-waisted-tummy-control-straight-leg-yoga-pants-with-pockets-10-12?pmui=10.1.collection.list.3.halara-x-smiley&pmuih=halara-x-smiley&currentSkc=2521709 [source_only] | https://www.halara.com/products/halara-x-smiley-speedwave-medium-support-quick-dry-training-sports-bra-a-c-cups-10-988?pmui=10.1.collection.list.4.halara-x-smiley&pmuih=halara-x-smiley&currentSkc=2521181 [source_only] | https://www.halara.com/products/halara-x-smiley-high-waisted-drawstring-contrast-mesh-2-in-1-flowy-mini-flare-dance-skirt-with-pockets-10-7?pmui=10.1.collection.list.8.halara-x-smiley&pmuih=halara-x-smiley&currentSkc=2521636 [source_only] | https://www.halara.com/products/halara-x-smiley-v-neck-short-sleeve-casual-t-shirt-10-48?pmui=10.1.collection.list.11.halara-x-smiley&pmuih=halara-x-smiley&currentSkc=2522330 [source_only] | https://www.halara.com/products/halara-x-smiley-halara-flex-daystretch-high-waisted-straight-leg-work-pants-with-pockets-10-974?pmui=10.1.collection.list.12.halara-x-smiley&pmuih=halara-x-smiley&currentSkc=2521757 [source_only],Official/retail product URL present in SKP rows; source/fetch evidence retained in status list.,official_products_found,7,7,0,0,0,0,https://www.halara.com/products/halara-x-smiley-softlyzero-airy-backless-twisted-flare-dance-active-dress-with-pockets-longer-length-easy-peezy-edition-a-c-cups-10-995?pmui=10.1.collection.list.1.halara-x-smiley&pmuih=halara-x-smiley&currentSkc=2521445 | https://www.halara.com/products/halara-x-smiley-breezeful-high-waisted-pleated-2-in-1-asymmetric-hem-quick-dry-mini-dance-skirt-with-pockets-10-26?pmui=10.1.collection.list.2.halara-x-smiley&pmuih=halara-x-smiley&currentSkc=2521541 | https://www.halara.com/products/halara-x-smiley-halara-ultrasculpt-high-waisted-tummy-control-straight-leg-yoga-pants-with-pockets-10-12?pmui=10.1.collection.list.3.halara-x-smiley&pmuih=halara-x-smiley&currentSkc=2521709 | https://www.halara.com/products/halara-x-smiley-speedwave-medium-support-quick-dry-training-sports-bra-a-c-cups-10-988?pmui=10.1.collection.list.4.halara-x-smiley&pmuih=halara-x-smiley&currentSkc=2521181 | https://www.halara.com/products/halara-x-smiley-high-waisted-drawstring-contrast-mesh-2-in-1-flowy-mini-flare-dance-skirt-with-pockets-10-7?pmui=10.1.collection.list.8.halara-x-smiley&pmuih=halara-x-smiley&currentSkc=2521636 | https://www.halara.com/products/halara-x-smiley-v-neck-short-sleeve-casual-t-shirt-10-48?pmui=10.1.collection.list.11.halara-x-smiley&pmuih=halara-x-smiley&currentSkc=2522330 | https://www.halara.com/products/halara-x-smiley-halara-flex-daystretch-high-waisted-straight-leg-work-pants-with-pockets-10-974?pmui=10.1.collection.list.12.halara-x-smiley&pmuih=halara-x-smiley&currentSkc=2521757,https://www.halara.com/products/halara-x-smiley-softlyzero-airy-backless-twisted-flare-dance-active-dress-with-pockets-longer-length-easy-peezy-edition-a-c-cups-10-995?pmui=10.1.collection.list.1.halara-x-smiley&pmuih=halara-x-smiley&currentSkc=2521445 [200] | https://www.halara.com/products/halara-x-smiley-breezeful-high-waisted-pleated-2-in-1-asymmetric-hem-quick-dry-mini-dance-skirt-with-pockets-10-26?pmui=10.1.collection.list.2.halara-x-smiley&pmuih=halara-x-smiley&currentSkc=2521541 [200] | https://www.halara.com/products/halara-x-smiley-halara-ultrasculpt-high-waisted-tummy-control-straight-leg-yoga-pants-with-pockets-10-12?pmui=10.1.collection.list.3.halara-x-smiley&pmuih=halara-x-smiley&currentSkc=2521709 [200] | https://www.halara.com/products/halara-x-smiley-speedwave-medium-support-quick-dry-training-sports-bra-a-c-cups-10-988?pmui=10.1.collection.list.4.halara-x-smiley&pmuih=halara-x-smiley&currentSkc=2521181 [200] | https://www.halara.com/products/halara-x-smiley-high-waisted-drawstring-contrast-mesh-2-in-1-flowy-mini-flare-dance-skirt-with-pockets-10-7?pmui=10.1.collection.list.8.halara-x-smiley&pmuih=halara-x-smiley&currentSkc=2521636 [200] | https://www.halara.com/products/halara-x-smiley-v-neck-short-sleeve-casual-t-shirt-10-48?pmui=10.1.collection.list.11.halara-x-smiley&pmuih=halara-x-smiley&currentSkc=2522330 [200] | https://www.halara.com/products/halara-x-smiley-halara-flex-daystretch-high-waisted-straight-leg-work-pants-with-pockets-10-974?pmui=10.1.collection.list.12.halara-x-smiley&pmuih=halara-x-smiley&currentSkc=2521757 [200],Closed for v1: official site and official/retail product rows present.,2026-05-31
Q12026-071,American Eagle & Aerie x Smiley,American Eagle / Aerie,Smiley,media_only,,,No official/brand-domain source URL in current record.,unresolved,0,0,0,0,0,0,,,Step 1: find official brand/retail source before trusting SKP.,2026-05-31
Q12026-072,Subtitle x JUJUTSU KAISEN,Subtitle,JUJUTSU KAISEN / TOHO International,media_only,,,No official/brand-domain source URL in current record.,unresolved,0,0,0,0,0,0,,,Step 1: find official brand/retail source before trusting SKP.,2026-05-31
Q12026-073,John Lewis x Labrum SS26 Drop Two,John Lewis,Labrum,confirmed,https://www.johnlewis.com/search?search-term=Labrum | https://www.johnlewis.com/john-lewis-x-labrum-lambswool-blend-v-neck-tank-top/navy-cobalt/p114280131,https://www.johnlewis.com/search?search-term=Labrum [source_only] | https://www.johnlewis.com/john-lewis-x-labrum-lambswool-blend-v-neck-tank-top/navy-cobalt/p114280131 [source_only],Official/retail product URL present in SKP rows; source/fetch evidence retained in status list.,official_products_found,1,1,0,0,0,0,https://www.johnlewis.com/john-lewis-x-labrum-lambswool-blend-v-neck-tank-top/navy-cobalt/p114280131,https://www.johnlewis.com/john-lewis-x-labrum-lambswool-blend-v-neck-tank-top/navy-cobalt/p114280131 [200],Closed for v1: official site and official/retail product rows present.,2026-05-31
Q12026-074,Supreme x MM6 Maison Margiela Spring 2026,Supreme,MM6 Maison Margiela; Timberland; Everlast; Schott,media_only,,,No official/brand-domain source URL in current record.,unresolved,0,0,0,0,0,0,,,Step 1: find official brand/retail source before trusting SKP.,2026-05-31
Q12026-075,SP5DER x adidas Superstar Collection,SP5DER,adidas,media_only,,,No official/brand-domain source URL in current record.,press_listed_only,1,0,0,1,1,1,,,Step 1: find official brand/retail source before trusting SKP.,2026-05-31
Q12026-076,Palace x World Industries Spring 2026,Palace Skateboards,World Industries,confirmed,https://www.palaceskateboards.com/search/suggest.json?q=world%20industries&resources[type]=product&resources[limit]=20 | https://www.palaceskateboards.com/products/fxwb7ean8fi8?_pos=10&_psq=world+industries&_ss=e&_v=1.0 | https://www.palaceskateboards.com/products/hoeyi1994qv1?_pos=9&_psq=world+industries&_ss=e&_v=1.0 | https://www.palaceskateboards.com/products/7xi0013o1usf?_pos=8&_psq=world+industries&_ss=e&_v=1.0 | https://www.palaceskateboards.com/products/dvnwvt0fa82w?_pos=6&_psq=world+industries&_ss=e&_v=1.0 | https://www.palaceskateboards.com/products/w7enx2u1bz91?_pos=5&_psq=world+industries&_ss=e&_v=1.0 | https://www.palaceskateboards.com/products/ll9fer06j5h8?_pos=4&_psq=world+industries&_ss=e&_v=1.0 | https://www.palaceskateboards.com/products/rnphvcj84xux?_pos=3&_psq=world+industries&_ss=e&_v=1.0 | https://www.palaceskateboards.com/products/pl9vtp3epnnb?_pos=2&_psq=world+industries&_ss=e&_v=1.0 | https://www.palaceskateboards.com/products/0wn3ylc74y0j?_pos=1&_psq=world+industries&_ss=e&_v=1.0,https://www.palaceskateboards.com/search/suggest.json?q=world%20industries&resources[type]=product&resources[limit]=20 [source_only] | https://www.palaceskateboards.com/products/fxwb7ean8fi8?_pos=10&_psq=world+industries&_ss=e&_v=1.0 [source_only] | https://www.palaceskateboards.com/products/hoeyi1994qv1?_pos=9&_psq=world+industries&_ss=e&_v=1.0 [source_only] | https://www.palaceskateboards.com/products/7xi0013o1usf?_pos=8&_psq=world+industries&_ss=e&_v=1.0 [source_only] | https://www.palaceskateboards.com/products/dvnwvt0fa82w?_pos=6&_psq=world+industries&_ss=e&_v=1.0 [source_only] | https://www.palaceskateboards.com/products/w7enx2u1bz91?_pos=5&_psq=world+industries&_ss=e&_v=1.0 [source_only] | https://www.palaceskateboards.com/products/ll9fer06j5h8?_pos=4&_psq=world+industries&_ss=e&_v=1.0 [source_only] | https://www.palaceskateboards.com/products/rnphvcj84xux?_pos=3&_psq=world+industries&_ss=e&_v=1.0 [source_only] | https://www.palaceskateboards.com/products/pl9vtp3epnnb?_pos=2&_psq=world+industries&_ss=e&_v=1.0 [source_only] | https://www.palaceskateboards.com/products/0wn3ylc74y0j?_pos=1&_psq=world+industries&_ss=e&_v=1.0 [source_only],Official/retail product URL present in SKP rows; source/fetch evidence retained in status list.,official_products_found,9,9,0,0,0,0,https://www.palaceskateboards.com/products/fxwb7ean8fi8?_pos=10&_psq=world+industries&_ss=e&_v=1.0 | https://www.palaceskateboards.com/products/hoeyi1994qv1?_pos=9&_psq=world+industries&_ss=e&_v=1.0 | https://www.palaceskateboards.com/products/7xi0013o1usf?_pos=8&_psq=world+industries&_ss=e&_v=1.0 | https://www.palaceskateboards.com/products/dvnwvt0fa82w?_pos=6&_psq=world+industries&_ss=e&_v=1.0 | https://www.palaceskateboards.com/products/w7enx2u1bz91?_pos=5&_psq=world+industries&_ss=e&_v=1.0 | https://www.palaceskateboards.com/products/ll9fer06j5h8?_pos=4&_psq=world+industries&_ss=e&_v=1.0 | https://www.palaceskateboards.com/products/rnphvcj84xux?_pos=3&_psq=world+industries&_ss=e&_v=1.0 | https://www.palaceskateboards.com/products/pl9vtp3epnnb?_pos=2&_psq=world+industries&_ss=e&_v=1.0 | https://www.palaceskateboards.com/products/0wn3ylc74y0j?_pos=1&_psq=world+industries&_ss=e&_v=1.0,https://www.palaceskateboards.com/products/fxwb7ean8fi8?_pos=10&_psq=world+industries&_ss=e&_v=1.0 [403] | https://www.palaceskateboards.com/products/hoeyi1994qv1?_pos=9&_psq=world+industries&_ss=e&_v=1.0 [403] | https://www.palaceskateboards.com/products/7xi0013o1usf?_pos=8&_psq=world+industries&_ss=e&_v=1.0 [403] | https://www.palaceskateboards.com/products/dvnwvt0fa82w?_pos=6&_psq=world+industries&_ss=e&_v=1.0 [403] | https://www.palaceskateboards.com/products/w7enx2u1bz91?_pos=5&_psq=world+industries&_ss=e&_v=1.0 [403] | https://www.palaceskateboards.com/products/ll9fer06j5h8?_pos=4&_psq=world+industries&_ss=e&_v=1.0 [403] | https://www.palaceskateboards.com/products/rnphvcj84xux?_pos=3&_psq=world+industries&_ss=e&_v=1.0 [403] | https://www.palaceskateboards.com/products/pl9vtp3epnnb?_pos=2&_psq=world+industries&_ss=e&_v=1.0 [403] | https://www.palaceskateboards.com/products/0wn3ylc74y0j?_pos=1&_psq=world+industries&_ss=e&_v=1.0 [403],Closed for v1: official site and official/retail product rows present.,2026-05-31
Q12026-077,Gap x Awake NY Streetwear Collection,Gap,Awake NY,confirmed,https://www.awakenyclothing.com/search/suggest.json?q=gap&resources[type]=product&resources[limit]=20 | https://www.awakenyclothing.com/products/awake-x-gap-47-brand-mets-cap?_pos=4&_psq=gap&_ss=e&_v=1.0 | https://www.awakenyclothing.com/products/awake-x-gap-icon-denim-jacket?_pos=3&_psq=gap&_ss=e&_v=1.0 | https://www.awakenyclothing.com/products/awake-x-gap-kids-tee?_pos=9&_psq=gap&_ss=e&_v=1.0 | https://www.awakenyclothing.com/products/awake-x-gap-icon-denim-shorts?_pos=8&_psq=gap&_ss=e&_v=1.0 | https://www.awakenyclothing.com/products/awake-x-gap-hoodie?_pos=7&_psq=gap&_ss=e&_v=1.0 | https://www.awakenyclothing.com/products/awake-x-gap-polka-dot-shirt?_pos=6&_psq=gap&_ss=e&_v=1.0 | https://www.awakenyclothing.com/products/awake-x-gap-icon-denim-jacket?_pos=4&_psq=gap&_ss=e&_v=1.0 | https://www.awakenyclothing.com/products/awake-x-gap-47-brand-mets-cap?_pos=3&_psq=gap&_ss=e&_v=1.0 | https://www.awakenyclothing.com/products/awake-x-gap-polka-dot-socks?_pos=2&_psq=gap&_ss=e&_v=1.0 | https://www.awakenyclothing.com/products/awake-x-gap-tee?_pos=1&_psq=gap&_ss=e&_v=1.0,https://www.awakenyclothing.com/search/suggest.json?q=gap&resources[type]=product&resources[limit]=20 [source_only] | https://www.awakenyclothing.com/products/awake-x-gap-47-brand-mets-cap?_pos=4&_psq=gap&_ss=e&_v=1.0 [source_only] | https://www.awakenyclothing.com/products/awake-x-gap-icon-denim-jacket?_pos=3&_psq=gap&_ss=e&_v=1.0 [source_only] | https://www.awakenyclothing.com/products/awake-x-gap-kids-tee?_pos=9&_psq=gap&_ss=e&_v=1.0 [source_only] | https://www.awakenyclothing.com/products/awake-x-gap-icon-denim-shorts?_pos=8&_psq=gap&_ss=e&_v=1.0 [source_only] | https://www.awakenyclothing.com/products/awake-x-gap-hoodie?_pos=7&_psq=gap&_ss=e&_v=1.0 [source_only] | https://www.awakenyclothing.com/products/awake-x-gap-polka-dot-shirt?_pos=6&_psq=gap&_ss=e&_v=1.0 [source_only] | https://www.awakenyclothing.com/products/awake-x-gap-icon-denim-jacket?_pos=4&_psq=gap&_ss=e&_v=1.0 [source_only] | https://www.awakenyclothing.com/products/awake-x-gap-47-brand-mets-cap?_pos=3&_psq=gap&_ss=e&_v=1.0 [source_only] | https://www.awakenyclothing.com/products/awake-x-gap-polka-dot-socks?_pos=2&_psq=gap&_ss=e&_v=1.0 [source_only] | https://www.awakenyclothing.com/products/awake-x-gap-tee?_pos=1&_psq=gap&_ss=e&_v=1.0 [source_only],Official/retail product URL present in SKP rows; source/fetch evidence retained in status list.,official_products_found,10,10,0,0,0,0,https://www.awakenyclothing.com/products/awake-x-gap-47-brand-mets-cap?_pos=4&_psq=gap&_ss=e&_v=1.0 | https://www.awakenyclothing.com/products/awake-x-gap-icon-denim-jacket?_pos=3&_psq=gap&_ss=e&_v=1.0 | https://www.awakenyclothing.com/products/awake-x-gap-kids-tee?_pos=9&_psq=gap&_ss=e&_v=1.0 | https://www.awakenyclothing.com/products/awake-x-gap-icon-denim-shorts?_pos=8&_psq=gap&_ss=e&_v=1.0 | https://www.awakenyclothing.com/products/awake-x-gap-hoodie?_pos=7&_psq=gap&_ss=e&_v=1.0 | https://www.awakenyclothing.com/products/awake-x-gap-polka-dot-shirt?_pos=6&_psq=gap&_ss=e&_v=1.0 | https://www.awakenyclothing.com/products/awake-x-gap-icon-denim-jacket?_pos=4&_psq=gap&_ss=e&_v=1.0 | https://www.awakenyclothing.com/products/awake-x-gap-47-brand-mets-cap?_pos=3&_psq=gap&_ss=e&_v=1.0 | https://www.awakenyclothing.com/products/awake-x-gap-polka-dot-socks?_pos=2&_psq=gap&_ss=e&_v=1.0 | https://www.awakenyclothing.com/products/awake-x-gap-tee?_pos=1&_psq=gap&_ss=e&_v=1.0,https://www.awakenyclothing.com/products/awake-x-gap-47-brand-mets-cap?_pos=4&_psq=gap&_ss=e&_v=1.0 [403] | https://www.awakenyclothing.com/products/awake-x-gap-icon-denim-jacket?_pos=3&_psq=gap&_ss=e&_v=1.0 [403] | https://www.awakenyclothing.com/products/awake-x-gap-kids-tee?_pos=9&_psq=gap&_ss=e&_v=1.0 [403] | https://www.awakenyclothing.com/products/awake-x-gap-icon-denim-shorts?_pos=8&_psq=gap&_ss=e&_v=1.0 [403] | https://www.awakenyclothing.com/products/awake-x-gap-hoodie?_pos=7&_psq=gap&_ss=e&_v=1.0 [403] | https://www.awakenyclothing.com/products/awake-x-gap-polka-dot-shirt?_pos=6&_psq=gap&_ss=e&_v=1.0 [403] | https://www.awakenyclothing.com/products/awake-x-gap-icon-denim-jacket?_pos=4&_psq=gap&_ss=e&_v=1.0 [403] | https://www.awakenyclothing.com/products/awake-x-gap-47-brand-mets-cap?_pos=3&_psq=gap&_ss=e&_v=1.0 [403] | https://www.awakenyclothing.com/products/awake-x-gap-polka-dot-socks?_pos=2&_psq=gap&_ss=e&_v=1.0 [403] | https://www.awakenyclothing.com/products/awake-x-gap-tee?_pos=1&_psq=gap&_ss=e&_v=1.0 [403],Closed for v1: official site and official/retail product rows present.,2026-05-31
Q12026-078,HOODRICH x Eastman Group U.S. Footwear Debut,HOODRICH,Eastman Group; JD Sports,confirmed,https://iconixbrand.com/hoodrich-enters-u-s-footwear-market-for-the-first-time-in-partnership-with-eastman-group/,https://iconixbrand.com/hoodrich-enters-u-s-footwear-market-for-the-first-time-in-partnership-with-eastman-group/ [200],Official source type or brand/retail host confirmed by current source table/fetch.,press_listed_only,1,0,0,1,1,1,,,Step 2: search official product pages using press-listed product names.,2026-05-31
Q12026-079,Bad Bunny x adidas BadBo 1.0 Rise Apparel Capsule,adidas,Bad Bunny,media_only,,,No official/brand-domain source URL in current record.,unresolved,0,0,0,0,0,0,,,Step 1: find official brand/retail source before trusting SKP.,2026-05-31
Q12026-080,Thug Club x adidas Spring 2026,Thug Club,adidas,media_only,,,No official/brand-domain source URL in current record.,unresolved,0,0,0,0,0,0,,,Step 1: find official brand/retail source before trusting SKP.,2026-05-31
Q12026-081,Pharrell x adidas adiZero EVO SL HUMANRACE Mars,adidas,Pharrell Williams / HUMANRACE,media_only,,,No official/brand-domain source URL in current record.,press_listed_only,1,0,0,1,1,1,,,Step 1: find official brand/retail source before trusting SKP.,2026-05-31
Q12026-082,Brazil x Jordan Brand Away Kit and Lifestyle Collection,Jordan Brand,Brazilian Football Confederation,media_only,,,No official/brand-domain source URL in current record.,unresolved,0,0,0,0,0,0,,,Step 1: find official brand/retail source before trusting SKP.,2026-05-31
Q12026-083,Palace x EVISU 35th Anniversary Capsule,Palace Skateboards,EVISU,media_only,,,No official/brand-domain source URL in current record.,unresolved,0,0,0,0,0,0,,,Step 1: find official brand/retail source before trusting SKP.,2026-05-31
Q12026-084,Pacsun x LAFC 2026 Season Opener Drop,Pacsun,Los Angeles Football Club (LAFC),media_only,,,No official/brand-domain source URL in current record.,unresolved,0,0,0,0,0,0,,,Step 1: find official brand/retail source before trusting SKP.,2026-05-31
Q12026-085,Carter's x Once Upon a Farm Limited-Edition Capsule,Carter's,Once Upon a Farm,confirmed,https://ir.carters.com/news-releases/news-release-details/carters-and-once-upon-farm-launch-limited-edition-apparel,https://ir.carters.com/news-releases/news-release-details/carters-and-once-upon-farm-launch-limited-edition-apparel [200],Official source type or brand/retail host confirmed by current source table/fetch.,unresolved,0,0,0,0,0,0,,,Step 2: no product rows yet; search official store/collection pages and authorized retailers.,2026-05-31
Q12026-086,BAPE x CLOT Collection,A Bathing Ape (BAPE),CLOT,confirmed,https://us.bape.com/search/suggest.json?q=clot&resources[type]=product&resources[limit]=20 | https://us.bape.com/products/1l73-191-942?_pos=1&_psq=clot&_ss=e&_v=1.0,https://us.bape.com/search/suggest.json?q=clot&resources[type]=product&resources[limit]=20 [source_only] | https://us.bape.com/products/1l73-191-942?_pos=1&_psq=clot&_ss=e&_v=1.0 [source_only],Official/retail product URL present in SKP rows; source/fetch evidence retained in status list.,official_products_found,1,1,0,0,0,0,https://us.bape.com/products/1l73-191-942?_pos=1&_psq=clot&_ss=e&_v=1.0,https://us.bape.com/products/1l73-191-942?_pos=1&_psq=clot&_ss=e&_v=1.0 [403],Closed for v1: official site and official/retail product rows present.,2026-05-31
Q12026-087,"LIFE TIME x EVEREVE Sporty, Styled Up Capsule",EVEREVE,Life Time,confirmed,https://evereve.com/search/suggest.json?q=life%20time&resources[type]=product&resources[limit]=20 | https://evereve.com/products/quarter-zip-sweatshirt-navy?_pos=3&_psq=life+time&_ss=e&_v=1.0 | https://evereve.com/products/wide-leg-pant-navy?_pos=4&_psq=life+time&_ss=e&_v=1.0 | https://evereve.com/products/raglan-crew-sweatshirt-red?_pos=8&_psq=life+time&_ss=e&_v=1.0 | https://evereve.com/products/crew-neck-patch-sweatshirt-white?_pos=9&_psq=life+time&_ss=e&_v=1.0 | https://evereve.com/products/embroidered-crest-baseball-hat-white-blue?_pos=10&_psq=life+time&_ss=e&_v=1.0 | https://evereve.com/products/athletic-club-baseball-hat-white-red?_pos=10&_psq=life+time&_ss=e&_v=1.0 | https://evereve.com/products/raglan-crew-sweatshirt-red?_pos=9&_psq=life+time&_ss=e&_v=1.0 | https://evereve.com/products/crew-neck-patch-sweatshirt-white?_pos=8&_psq=life+time&_ss=e&_v=1.0 | https://evereve.com/products/athletic-club-canvas-tote-natural?_pos=7&_psq=life+time&_ss=e&_v=1.0 | https://evereve.com/products/crew-neck-muscle-tank-skyblue?_pos=6&_psq=life+time&_ss=e&_v=1.0 | https://evereve.com/products/crew-neck-graphic-tee-navy?_pos=5&_psq=life+time&_ss=e&_v=1.0 | https://evereve.com/products/quarter-zip-sweatshirt-navy?_pos=4&_psq=life+time&_ss=e&_v=1.0 | https://evereve.com/products/wide-leg-pant-navy?_pos=3&_psq=life+time&_ss=e&_v=1.0 | https://evereve.com/products/crew-neck-ringer-tank-white?_pos=2&_psq=life+time&_ss=e&_v=1.0 | https://evereve.com/products/lifetime-quarter-sock-3-pack-white-navy?_pos=1&_psq=life+time&_ss=e&_v=1.0,https://evereve.com/search/suggest.json?q=life%20time&resources[type]=product&resources[limit]=20 [source_only] | https://evereve.com/products/quarter-zip-sweatshirt-navy?_pos=3&_psq=life+time&_ss=e&_v=1.0 [source_only] | https://evereve.com/products/wide-leg-pant-navy?_pos=4&_psq=life+time&_ss=e&_v=1.0 [source_only] | https://evereve.com/products/raglan-crew-sweatshirt-red?_pos=8&_psq=life+time&_ss=e&_v=1.0 [source_only] | https://evereve.com/products/crew-neck-patch-sweatshirt-white?_pos=9&_psq=life+time&_ss=e&_v=1.0 [source_only] | https://evereve.com/products/embroidered-crest-baseball-hat-white-blue?_pos=10&_psq=life+time&_ss=e&_v=1.0 [source_only] | https://evereve.com/products/athletic-club-baseball-hat-white-red?_pos=10&_psq=life+time&_ss=e&_v=1.0 [source_only] | https://evereve.com/products/raglan-crew-sweatshirt-red?_pos=9&_psq=life+time&_ss=e&_v=1.0 [source_only] | https://evereve.com/products/crew-neck-patch-sweatshirt-white?_pos=8&_psq=life+time&_ss=e&_v=1.0 [source_only] | https://evereve.com/products/athletic-club-canvas-tote-natural?_pos=7&_psq=life+time&_ss=e&_v=1.0 [source_only] | https://evereve.com/products/crew-neck-muscle-tank-skyblue?_pos=6&_psq=life+time&_ss=e&_v=1.0 [source_only] | https://evereve.com/products/crew-neck-graphic-tee-navy?_pos=5&_psq=life+time&_ss=e&_v=1.0 [source_only] | https://evereve.com/products/quarter-zip-sweatshirt-navy?_pos=4&_psq=life+time&_ss=e&_v=1.0 [source_only] | https://evereve.com/products/wide-leg-pant-navy?_pos=3&_psq=life+time&_ss=e&_v=1.0 [source_only] | https://evereve.com/products/crew-neck-ringer-tank-white?_pos=2&_psq=life+time&_ss=e&_v=1.0 [source_only] | https://evereve.com/products/lifetime-quarter-sock-3-pack-white-navy?_pos=1&_psq=life+time&_ss=e&_v=1.0 [source_only],Official/retail product URL present in SKP rows; source/fetch evidence retained in status list.,official_products_found,15,15,0,0,0,0,https://evereve.com/products/quarter-zip-sweatshirt-navy?_pos=3&_psq=life+time&_ss=e&_v=1.0 | https://evereve.com/products/wide-leg-pant-navy?_pos=4&_psq=life+time&_ss=e&_v=1.0 | https://evereve.com/products/raglan-crew-sweatshirt-red?_pos=8&_psq=life+time&_ss=e&_v=1.0 | https://evereve.com/products/crew-neck-patch-sweatshirt-white?_pos=9&_psq=life+time&_ss=e&_v=1.0 | https://evereve.com/products/embroidered-crest-baseball-hat-white-blue?_pos=10&_psq=life+time&_ss=e&_v=1.0 | https://evereve.com/products/athletic-club-baseball-hat-white-red?_pos=10&_psq=life+time&_ss=e&_v=1.0 | https://evereve.com/products/raglan-crew-sweatshirt-red?_pos=9&_psq=life+time&_ss=e&_v=1.0 | https://evereve.com/products/crew-neck-patch-sweatshirt-white?_pos=8&_psq=life+time&_ss=e&_v=1.0 | https://evereve.com/products/athletic-club-canvas-tote-natural?_pos=7&_psq=life+time&_ss=e&_v=1.0 | https://evereve.com/products/crew-neck-muscle-tank-skyblue?_pos=6&_psq=life+time&_ss=e&_v=1.0 | https://evereve.com/products/crew-neck-graphic-tee-navy?_pos=5&_psq=life+time&_ss=e&_v=1.0 | https://evereve.com/products/quarter-zip-sweatshirt-navy?_pos=4&_psq=life+time&_ss=e&_v=1.0 | https://evereve.com/products/wide-leg-pant-navy?_pos=3&_psq=life+time&_ss=e&_v=1.0 | https://evereve.com/products/crew-neck-ringer-tank-white?_pos=2&_psq=life+time&_ss=e&_v=1.0 | https://evereve.com/products/lifetime-quarter-sock-3-pack-white-navy?_pos=1&_psq=life+time&_ss=e&_v=1.0,https://evereve.com/products/quarter-zip-sweatshirt-navy?_pos=3&_psq=life+time&_ss=e&_v=1.0 [403] | https://evereve.com/products/wide-leg-pant-navy?_pos=4&_psq=life+time&_ss=e&_v=1.0 [403] | https://evereve.com/products/raglan-crew-sweatshirt-red?_pos=8&_psq=life+time&_ss=e&_v=1.0 [403] | https://evereve.com/products/crew-neck-patch-sweatshirt-white?_pos=9&_psq=life+time&_ss=e&_v=1.0 [403] | https://evereve.com/products/embroidered-crest-baseball-hat-white-blue?_pos=10&_psq=life+time&_ss=e&_v=1.0 [403] | https://evereve.com/products/athletic-club-baseball-hat-white-red?_pos=10&_psq=life+time&_ss=e&_v=1.0 [403] | https://evereve.com/products/raglan-crew-sweatshirt-red?_pos=9&_psq=life+time&_ss=e&_v=1.0 [403] | https://evereve.com/products/crew-neck-patch-sweatshirt-white?_pos=8&_psq=life+time&_ss=e&_v=1.0 [403] | https://evereve.com/products/athletic-club-canvas-tote-natural?_pos=7&_psq=life+time&_ss=e&_v=1.0 [403] | https://evereve.com/products/crew-neck-muscle-tank-skyblue?_pos=6&_psq=life+time&_ss=e&_v=1.0 [403] | https://evereve.com/products/crew-neck-graphic-tee-navy?_pos=5&_psq=life+time&_ss=e&_v=1.0 [403] | https://evereve.com/products/quarter-zip-sweatshirt-navy?_pos=4&_psq=life+time&_ss=e&_v=1.0 [403] | https://evereve.com/products/wide-leg-pant-navy?_pos=3&_psq=life+time&_ss=e&_v=1.0 [403] | https://evereve.com/products/crew-neck-ringer-tank-white?_pos=2&_psq=life+time&_ss=e&_v=1.0 [403] | https://evereve.com/products/lifetime-quarter-sock-3-pack-white-navy?_pos=1&_psq=life+time&_ss=e&_v=1.0 [403],Closed for v1: official site and official/retail product rows present.,2026-05-31
Q12026-088,Madhappy x PUMA Second Capsule Collection,PUMA,Madhappy,confirmed,https://www.madhappy.com/search/suggest.json?q=puma&resources[type]=product&resources[limit]=20 | https://www.madhappy.com/products/puma-speedcat-plus-sol?_pos=1&_psq=puma&_ss=e&_v=1.0 | https://www.madhappy.com/products/puma-lace-trim-fleece-hoodie-sol?_pos=8&_psq=puma&_ss=e&_v=1.0 | https://www.madhappy.com/products/puma-nylon-track-jacket-navy?_pos=9&_psq=puma&_ss=e&_v=1.0 | https://www.madhappy.com/products/puma-pointelle-knit-jersey-olive?_pos=10&_psq=puma&_ss=e&_v=1.0 | https://www.madhappy.com/products/puma-lace-trim-fleece-hoodie-sol?_pos=9&_psq=puma&_ss=e&_v=1.0 | https://www.madhappy.com/products/puma-nylon-track-jacket-navy?_pos=8&_psq=puma&_ss=e&_v=1.0 | https://www.madhappy.com/products/puma-fleece-hoodie-navy?_pos=6&_psq=puma&_ss=e&_v=1.0 | https://www.madhappy.com/products/puma-speedcat-plus-black?_pos=1&_psq=puma&_ss=e&_v=1.0,https://www.madhappy.com/search/suggest.json?q=puma&resources[type]=product&resources[limit]=20 [source_only] | https://www.madhappy.com/products/puma-speedcat-plus-sol?_pos=1&_psq=puma&_ss=e&_v=1.0 [source_only] | https://www.madhappy.com/products/puma-lace-trim-fleece-hoodie-sol?_pos=8&_psq=puma&_ss=e&_v=1.0 [source_only] | https://www.madhappy.com/products/puma-nylon-track-jacket-navy?_pos=9&_psq=puma&_ss=e&_v=1.0 [source_only] | https://www.madhappy.com/products/puma-pointelle-knit-jersey-olive?_pos=10&_psq=puma&_ss=e&_v=1.0 [source_only] | https://www.madhappy.com/products/puma-lace-trim-fleece-hoodie-sol?_pos=9&_psq=puma&_ss=e&_v=1.0 [source_only] | https://www.madhappy.com/products/puma-nylon-track-jacket-navy?_pos=8&_psq=puma&_ss=e&_v=1.0 [source_only] | https://www.madhappy.com/products/puma-fleece-hoodie-navy?_pos=6&_psq=puma&_ss=e&_v=1.0 [source_only] | https://www.madhappy.com/products/puma-speedcat-plus-black?_pos=1&_psq=puma&_ss=e&_v=1.0 [source_only],Official/retail product URL present in SKP rows; source/fetch evidence retained in status list.,official_products_found,8,8,0,0,0,0,https://www.madhappy.com/products/puma-speedcat-plus-sol?_pos=1&_psq=puma&_ss=e&_v=1.0 | https://www.madhappy.com/products/puma-lace-trim-fleece-hoodie-sol?_pos=8&_psq=puma&_ss=e&_v=1.0 | https://www.madhappy.com/products/puma-nylon-track-jacket-navy?_pos=9&_psq=puma&_ss=e&_v=1.0 | https://www.madhappy.com/products/puma-pointelle-knit-jersey-olive?_pos=10&_psq=puma&_ss=e&_v=1.0 | https://www.madhappy.com/products/puma-lace-trim-fleece-hoodie-sol?_pos=9&_psq=puma&_ss=e&_v=1.0 | https://www.madhappy.com/products/puma-nylon-track-jacket-navy?_pos=8&_psq=puma&_ss=e&_v=1.0 | https://www.madhappy.com/products/puma-fleece-hoodie-navy?_pos=6&_psq=puma&_ss=e&_v=1.0 | https://www.madhappy.com/products/puma-speedcat-plus-black?_pos=1&_psq=puma&_ss=e&_v=1.0,https://www.madhappy.com/products/puma-speedcat-plus-sol?_pos=1&_psq=puma&_ss=e&_v=1.0 [429] | https://www.madhappy.com/products/puma-lace-trim-fleece-hoodie-sol?_pos=8&_psq=puma&_ss=e&_v=1.0 [429] | https://www.madhappy.com/products/puma-nylon-track-jacket-navy?_pos=9&_psq=puma&_ss=e&_v=1.0 [429] | https://www.madhappy.com/products/puma-pointelle-knit-jersey-olive?_pos=10&_psq=puma&_ss=e&_v=1.0 [429] | https://www.madhappy.com/products/puma-lace-trim-fleece-hoodie-sol?_pos=9&_psq=puma&_ss=e&_v=1.0 [429] | https://www.madhappy.com/products/puma-nylon-track-jacket-navy?_pos=8&_psq=puma&_ss=e&_v=1.0 [429] | https://www.madhappy.com/products/puma-fleece-hoodie-navy?_pos=6&_psq=puma&_ss=e&_v=1.0 [429] | https://www.madhappy.com/products/puma-speedcat-plus-black?_pos=1&_psq=puma&_ss=e&_v=1.0 [429],Closed for v1: official site and official/retail product rows present.,2026-05-31
Q12026-089,AGLXY x Comeback Kid Capsule,AGLXY / Ageless Galaxy,Comeback Kid,confirmed,https://aglxy.com/search/suggest.json?q=comeback%20kid&resources[type]=product&resources[limit]=20 | https://aglxy.com/products/aglxy-x-comeback-kid-pants-black?_pos=8&_psq=comeback+kid&_ss=e&_v=1.0 | https://aglxy.com/products/aglxy-x-comeback-kid-event-tee-ls-black?_pos=7&_psq=comeback+kid&_ss=e&_v=1.0 | https://aglxy.com/products/aglxy-x-comeback-kid-t-shirt-white?_pos=6&_psq=comeback+kid&_ss=e&_v=1.0 | https://aglxy.com/products/aglxy-x-comeback-kid-t-shirt-black?_pos=5&_psq=comeback+kid&_ss=e&_v=1.0 | https://aglxy.com/products/aglxy-x-comeback-kid-hoodie-black?_pos=4&_psq=comeback+kid&_ss=e&_v=1.0 | https://aglxy.com/products/aglxy-x-comeback-kid-running-hat-black?_pos=3&_psq=comeback+kid&_ss=e&_v=1.0 | https://aglxy.com/products/aglxy-x-comeback-kid-jacket-black?_pos=1&_psq=comeback+kid&_ss=e&_v=1.0,https://aglxy.com/search/suggest.json?q=comeback%20kid&resources[type]=product&resources[limit]=20 [source_only] | https://aglxy.com/products/aglxy-x-comeback-kid-pants-black?_pos=8&_psq=comeback+kid&_ss=e&_v=1.0 [source_only] | https://aglxy.com/products/aglxy-x-comeback-kid-event-tee-ls-black?_pos=7&_psq=comeback+kid&_ss=e&_v=1.0 [source_only] | https://aglxy.com/products/aglxy-x-comeback-kid-t-shirt-white?_pos=6&_psq=comeback+kid&_ss=e&_v=1.0 [source_only] | https://aglxy.com/products/aglxy-x-comeback-kid-t-shirt-black?_pos=5&_psq=comeback+kid&_ss=e&_v=1.0 [source_only] | https://aglxy.com/products/aglxy-x-comeback-kid-hoodie-black?_pos=4&_psq=comeback+kid&_ss=e&_v=1.0 [source_only] | https://aglxy.com/products/aglxy-x-comeback-kid-running-hat-black?_pos=3&_psq=comeback+kid&_ss=e&_v=1.0 [source_only] | https://aglxy.com/products/aglxy-x-comeback-kid-jacket-black?_pos=1&_psq=comeback+kid&_ss=e&_v=1.0 [source_only],Official/retail product URL present in SKP rows; source/fetch evidence retained in status list.,official_products_found,7,7,0,0,0,0,https://aglxy.com/products/aglxy-x-comeback-kid-pants-black?_pos=8&_psq=comeback+kid&_ss=e&_v=1.0 | https://aglxy.com/products/aglxy-x-comeback-kid-event-tee-ls-black?_pos=7&_psq=comeback+kid&_ss=e&_v=1.0 | https://aglxy.com/products/aglxy-x-comeback-kid-t-shirt-white?_pos=6&_psq=comeback+kid&_ss=e&_v=1.0 | https://aglxy.com/products/aglxy-x-comeback-kid-t-shirt-black?_pos=5&_psq=comeback+kid&_ss=e&_v=1.0 | https://aglxy.com/products/aglxy-x-comeback-kid-hoodie-black?_pos=4&_psq=comeback+kid&_ss=e&_v=1.0 | https://aglxy.com/products/aglxy-x-comeback-kid-running-hat-black?_pos=3&_psq=comeback+kid&_ss=e&_v=1.0 | https://aglxy.com/products/aglxy-x-comeback-kid-jacket-black?_pos=1&_psq=comeback+kid&_ss=e&_v=1.0,https://aglxy.com/products/aglxy-x-comeback-kid-pants-black?_pos=8&_psq=comeback+kid&_ss=e&_v=1.0 [403] | https://aglxy.com/products/aglxy-x-comeback-kid-event-tee-ls-black?_pos=7&_psq=comeback+kid&_ss=e&_v=1.0 [403] | https://aglxy.com/products/aglxy-x-comeback-kid-t-shirt-white?_pos=6&_psq=comeback+kid&_ss=e&_v=1.0 [403] | https://aglxy.com/products/aglxy-x-comeback-kid-t-shirt-black?_pos=5&_psq=comeback+kid&_ss=e&_v=1.0 [403] | https://aglxy.com/products/aglxy-x-comeback-kid-hoodie-black?_pos=4&_psq=comeback+kid&_ss=e&_v=1.0 [403] | https://aglxy.com/products/aglxy-x-comeback-kid-running-hat-black?_pos=3&_psq=comeback+kid&_ss=e&_v=1.0 [403] | https://aglxy.com/products/aglxy-x-comeback-kid-jacket-black?_pos=1&_psq=comeback+kid&_ss=e&_v=1.0 [403],Closed for v1: official site and official/retail product rows present.,2026-05-31
Q12026-090,Zales x Sweethearts Valentine's Day 2026 Charm Capsule,Zales,Sweethearts / Spangler Candy,confirmed,https://www.zales.com/collections/zales-for-sweethearts | https://www.zales.com/customize-your-vera-wang-love-engagement-ring/p/V-20298826?icid=MEGA:ENGAGEMENT_CUSTOM:VERA_WANG,https://www.zales.com/collections/zales-for-sweethearts [source_only] | https://www.zales.com/customize-your-vera-wang-love-engagement-ring/p/V-20298826?icid=MEGA:ENGAGEMENT_CUSTOM:VERA_WANG [source_only],Official/retail product URL present in SKP rows; source/fetch evidence retained in status list.,official_products_found,1,1,0,0,0,0,https://www.zales.com/customize-your-vera-wang-love-engagement-ring/p/V-20298826?icid=MEGA:ENGAGEMENT_CUSTOM:VERA_WANG,https://www.zales.com/customize-your-vera-wang-love-engagement-ring/p/V-20298826?icid=MEGA:ENGAGEMENT_CUSTOM:VERA_WANG [200],Closed for v1: official site and official/retail product rows present.,2026-05-31
Q12026-091,Weekend Max Mara x Sebago A Weekend with Sebago SS2026,Weekend Max Mara,Sebago,media_only,,,No official/brand-domain source URL in current record.,press_listed_only,2,0,0,0,2,2,,,Step 1: find official brand/retail source before trusting SKP.,2026-05-31
Q12026-092,Fred Perry x Kris Van Assche Uniform of Youth,Fred Perry,Kris Van Assche,media_only,,,No official/brand-domain source URL in current record.,press_listed_only,1,0,0,1,1,0,,,Step 1: find official brand/retail source before trusting SKP.,2026-05-31
Q12026-093,Albaray x Anna Unwin Limited-Edition Collection,Albaray,Anna Unwin,confirmed,https://milled.com/albaray.co.uk/albaray-x-anna-unwin-SPgTT6vtpMk9kta- | https://www.albaray.co.uk/search?q=Anna+Unwin | https://www.albaray.co.uk/products/textured-woven-top-ss26?_pos=1&_sid=f0a8de2ab&_ss=r | https://www.albaray.co.uk/products/white-balloon-pants-ss26?_pos=2&_sid=f0a8de2ab&_ss=r | https://www.albaray.co.uk/products/cream-crinkle-cotton-kaftan-top-ss26?_pos=3&_sid=f0a8de2ab&_ss=r | https://www.albaray.co.uk/products/cotton-poplin-top-ss26?_pos=5&_sid=f0a8de2ab&_ss=r | https://www.albaray.co.uk/products/textured-wrap-jacket-ss26?_pos=6&_sid=f0a8de2ab&_ss=r | https://www.albaray.co.uk/products/textured-woven-scarf-ss26?_pos=7&_sid=f0a8de2ab&_ss=r | https://www.albaray.co.uk/products/white-relaxed-vest-ss26?_pos=9&_sid=f0a8de2ab&_ss=r | https://www.albaray.co.uk/products/suede-barrel-trouser-ss26?_pos=11&_sid=f0a8de2ab&_ss=r,https://milled.com/albaray.co.uk/albaray-x-anna-unwin-SPgTT6vtpMk9kta- [403] | https://www.albaray.co.uk/search?q=Anna+Unwin [source_only] | https://www.albaray.co.uk/products/textured-woven-top-ss26?_pos=1&_sid=f0a8de2ab&_ss=r [source_only] | https://www.albaray.co.uk/products/white-balloon-pants-ss26?_pos=2&_sid=f0a8de2ab&_ss=r [source_only] | https://www.albaray.co.uk/products/cream-crinkle-cotton-kaftan-top-ss26?_pos=3&_sid=f0a8de2ab&_ss=r [source_only] | https://www.albaray.co.uk/products/cotton-poplin-top-ss26?_pos=5&_sid=f0a8de2ab&_ss=r [source_only] | https://www.albaray.co.uk/products/textured-wrap-jacket-ss26?_pos=6&_sid=f0a8de2ab&_ss=r [source_only] | https://www.albaray.co.uk/products/textured-woven-scarf-ss26?_pos=7&_sid=f0a8de2ab&_ss=r [source_only] | https://www.albaray.co.uk/products/white-relaxed-vest-ss26?_pos=9&_sid=f0a8de2ab&_ss=r [source_only] | https://www.albaray.co.uk/products/suede-barrel-trouser-ss26?_pos=11&_sid=f0a8de2ab&_ss=r [source_only],Official/retail product URL present in SKP rows; source/fetch evidence retained in status list.,official_products_found,8,8,0,0,0,0,https://www.albaray.co.uk/products/textured-woven-top-ss26?_pos=1&_sid=f0a8de2ab&_ss=r | https://www.albaray.co.uk/products/white-balloon-pants-ss26?_pos=2&_sid=f0a8de2ab&_ss=r | https://www.albaray.co.uk/products/cream-crinkle-cotton-kaftan-top-ss26?_pos=3&_sid=f0a8de2ab&_ss=r | https://www.albaray.co.uk/products/cotton-poplin-top-ss26?_pos=5&_sid=f0a8de2ab&_ss=r | https://www.albaray.co.uk/products/textured-wrap-jacket-ss26?_pos=6&_sid=f0a8de2ab&_ss=r | https://www.albaray.co.uk/products/textured-woven-scarf-ss26?_pos=7&_sid=f0a8de2ab&_ss=r | https://www.albaray.co.uk/products/white-relaxed-vest-ss26?_pos=9&_sid=f0a8de2ab&_ss=r | https://www.albaray.co.uk/products/suede-barrel-trouser-ss26?_pos=11&_sid=f0a8de2ab&_ss=r,https://www.albaray.co.uk/products/textured-woven-top-ss26?_pos=1&_sid=f0a8de2ab&_ss=r [403] | https://www.albaray.co.uk/products/white-balloon-pants-ss26?_pos=2&_sid=f0a8de2ab&_ss=r [403] | https://www.albaray.co.uk/products/cream-crinkle-cotton-kaftan-top-ss26?_pos=3&_sid=f0a8de2ab&_ss=r [403] | https://www.albaray.co.uk/products/cotton-poplin-top-ss26?_pos=5&_sid=f0a8de2ab&_ss=r [403] | https://www.albaray.co.uk/products/textured-wrap-jacket-ss26?_pos=6&_sid=f0a8de2ab&_ss=r [403] | https://www.albaray.co.uk/products/textured-woven-scarf-ss26?_pos=7&_sid=f0a8de2ab&_ss=r [403] | https://www.albaray.co.uk/products/white-relaxed-vest-ss26?_pos=9&_sid=f0a8de2ab&_ss=r [403] | https://www.albaray.co.uk/products/suede-barrel-trouser-ss26?_pos=11&_sid=f0a8de2ab&_ss=r [403],Closed for v1: official site and official/retail product rows present.,2026-05-31
Q12026-094,Primark Presents Rita Ora Every Move Counts Activewear Capsule,Primark,Rita Ora,confirmed,https://corporate.primark.com/en-us/a/news/corporate-news/primarks-biggest-activewear-launch-proves-premium-fabrics-fit-and-style-can-be-affordable-and-accessible-to-everyone | https://www.primark.com/en-gb/a/inspiration/fashion-trends/rita-ora-x-primark,https://corporate.primark.com/en-us/a/news/corporate-news/primarks-biggest-activewear-launch-proves-premium-fabrics-fit-and-style-can-be-affordable-and-accessible-to-everyone [200] | https://www.primark.com/en-gb/a/inspiration/fashion-trends/rita-ora-x-primark [200],Official source type or brand/retail host confirmed by current source table/fetch.,unresolved,0,0,0,0,0,0,,,Step 2: no product rows yet; search official store/collection pages and authorized retailers.,2026-05-31
Q12026-095,Macy's Bar III x Khoboso Nale Knitwear Capsule,Macy's Bar III,Khoboso Nale,media_only,,,No official/brand-domain source URL in current record.,unresolved,0,0,0,0,0,0,,,Step 1: find official brand/retail source before trusting SKP.,2026-05-31
Q12026-096,Champion x UNDERCOVER Spring/Summer 2026,Champion,UNDERCOVER,confirmed,https://www.champion.com/search?q=UNDERCOVER | https://www.champion.com/products/champion-spot-comfort-high-impact-sports-bra-c-logo-black | https://www.champion.com/products/champion-sport-t-shirt-reflective-c-logo-black | https://www.champion.com/products/champion-7-woven-sport-shorts-athletic-navy | https://www.champion.com/search?q=Champion+x+UNDERCOVER | https://www.champion.com/products/champion-arena-duffel-bag-grey-black?_pos=2&_sid=2cd56fa7f&_ss=r | https://www.champion.com/products/champion-stadium-duffel-bag-green-black?_pos=4&_sid=2cd56fa7f&_ss=r | https://www.champion.com/products/champion-steady-backpack-black-ballerina-slipper?_pos=6&_sid=2cd56fa7f&_ss=r | https://www.champion.com/products/champion-champion-x-aspinall-mens-t-shirt-stark-white?_pos=10&_sid=2cd56fa7f&_ss=r | https://www.champion.com/products/champion-champion-x-aspinall-mens-8-short-black?_pos=11&_sid=2cd56fa7f&_ss=r,https://www.champion.com/search?q=UNDERCOVER [source_only] | https://www.champion.com/products/champion-spot-comfort-high-impact-sports-bra-c-logo-black [source_only] | https://www.champion.com/products/champion-sport-t-shirt-reflective-c-logo-black [source_only] | https://www.champion.com/products/champion-7-woven-sport-shorts-athletic-navy [source_only] | https://www.champion.com/search?q=Champion+x+UNDERCOVER [source_only] | https://www.champion.com/products/champion-arena-duffel-bag-grey-black?_pos=2&_sid=2cd56fa7f&_ss=r [source_only] | https://www.champion.com/products/champion-stadium-duffel-bag-green-black?_pos=4&_sid=2cd56fa7f&_ss=r [source_only] | https://www.champion.com/products/champion-steady-backpack-black-ballerina-slipper?_pos=6&_sid=2cd56fa7f&_ss=r [source_only] | https://www.champion.com/products/champion-champion-x-aspinall-mens-t-shirt-stark-white?_pos=10&_sid=2cd56fa7f&_ss=r [source_only] | https://www.champion.com/products/champion-champion-x-aspinall-mens-8-short-black?_pos=11&_sid=2cd56fa7f&_ss=r [source_only],Official/retail product URL present in SKP rows; source/fetch evidence retained in status list.,official_products_found,8,8,0,0,0,0,https://www.champion.com/products/champion-spot-comfort-high-impact-sports-bra-c-logo-black | https://www.champion.com/products/champion-sport-t-shirt-reflective-c-logo-black | https://www.champion.com/products/champion-7-woven-sport-shorts-athletic-navy | https://www.champion.com/products/champion-arena-duffel-bag-grey-black?_pos=2&_sid=2cd56fa7f&_ss=r | https://www.champion.com/products/champion-stadium-duffel-bag-green-black?_pos=4&_sid=2cd56fa7f&_ss=r | https://www.champion.com/products/champion-steady-backpack-black-ballerina-slipper?_pos=6&_sid=2cd56fa7f&_ss=r | https://www.champion.com/products/champion-champion-x-aspinall-mens-t-shirt-stark-white?_pos=10&_sid=2cd56fa7f&_ss=r | https://www.champion.com/products/champion-champion-x-aspinall-mens-8-short-black?_pos=11&_sid=2cd56fa7f&_ss=r,https://www.champion.com/products/champion-spot-comfort-high-impact-sports-bra-c-logo-black [403] | https://www.champion.com/products/champion-sport-t-shirt-reflective-c-logo-black [403] | https://www.champion.com/products/champion-7-woven-sport-shorts-athletic-navy [403] | https://www.champion.com/products/champion-arena-duffel-bag-grey-black?_pos=2&_sid=2cd56fa7f&_ss=r [403] | https://www.champion.com/products/champion-stadium-duffel-bag-green-black?_pos=4&_sid=2cd56fa7f&_ss=r [403] | https://www.champion.com/products/champion-steady-backpack-black-ballerina-slipper?_pos=6&_sid=2cd56fa7f&_ss=r [403] | https://www.champion.com/products/champion-champion-x-aspinall-mens-t-shirt-stark-white?_pos=10&_sid=2cd56fa7f&_ss=r [403] | https://www.champion.com/products/champion-champion-x-aspinall-mens-8-short-black?_pos=11&_sid=2cd56fa7f&_ss=r [403],Closed for v1: official site and official/retail product rows present.,2026-05-31
Q12026-097,BAPE x New Era Spring/Summer 2026,A Bathing Ape (BAPE),New Era,confirmed,https://us.bape.com/search/suggest.json?q=new%20era&resources[type]=product&resources[limit]=20 | https://us.bape.com/products/1m33-180-901?_pos=2&_psq=new+era&_ss=e&_v=1.0 | https://us.bape.com/products/1l33-180-902?_pos=1&_psq=new+era&_ss=e&_v=1.0,https://us.bape.com/search/suggest.json?q=new%20era&resources[type]=product&resources[limit]=20 [source_only] | https://us.bape.com/products/1m33-180-901?_pos=2&_psq=new+era&_ss=e&_v=1.0 [source_only] | https://us.bape.com/products/1l33-180-902?_pos=1&_psq=new+era&_ss=e&_v=1.0 [source_only],Official/retail product URL present in SKP rows; source/fetch evidence retained in status list.,official_products_found,2,2,0,0,0,0,https://us.bape.com/products/1m33-180-901?_pos=2&_psq=new+era&_ss=e&_v=1.0 | https://us.bape.com/products/1l33-180-902?_pos=1&_psq=new+era&_ss=e&_v=1.0,https://us.bape.com/products/1m33-180-901?_pos=2&_psq=new+era&_ss=e&_v=1.0 [403] | https://us.bape.com/products/1l33-180-902?_pos=1&_psq=new+era&_ss=e&_v=1.0 [403],Closed for v1: official site and official/retail product rows present.,2026-05-31
Q12026-098,OUR LEGACY WORK SHOP x Goldwin,OUR LEGACY WORK SHOP,Goldwin,media_only,,,No official/brand-domain source URL in current record.,unresolved,0,0,0,0,0,0,,,Step 1: find official brand/retail source before trusting SKP.,2026-05-31
Q12026-099,CLOT x adidas Lunar New Year 2026 Collection,CLOT,adidas,media_only,,,No official/brand-domain source URL in current record.,unresolved,0,0,0,0,0,0,,,Step 1: find official brand/retail source before trusting SKP.,2026-05-31
Q12026-100,Kazuki Kuraishi x BAPE Performance All Weather,A Bathing Ape (BAPE),Kazuki Kuraishi,confirmed,https://us.bape.com/search/suggest.json?q=kazuki%20kuraishi&resources[type]=product&resources[limit]=20 | https://us.bape.com/products/1m33-191-904?_pos=2&_psq=kazuki+kuraishi&_ss=e&_v=1.0 | https://us.bape.com/products/1l83-184-901?_pos=3&_psq=kazuki+kuraishi&_ss=e&_v=1.0 | https://us.bape.com/products/1l83-152-902?_pos=6&_psq=kazuki+kuraishi&_ss=e&_v=1.0 | https://us.bape.com/products/1m33-109-905?_pos=7&_psq=kazuki+kuraishi&_ss=e&_v=1.0 | https://us.bape.com/products/1m33-109-901?_pos=8&_psq=kazuki+kuraishi&_ss=e&_v=1.0 | https://us.bape.com/products/1m33-152-902?_pos=9&_psq=kazuki+kuraishi&_ss=e&_v=1.0 | https://us.bape.com/products/1l83-114-901?_pos=10&_psq=kazuki+kuraishi&_ss=e&_v=1.0 | https://us.bape.com/products/1m33-109-903?_pos=9&_psq=kazuki+kuraishi&_ss=e&_v=1.0 | https://us.bape.com/products/1l83-109-904?_pos=8&_psq=kazuki+kuraishi&_ss=e&_v=1.0 | https://us.bape.com/products/1m33-180-905?_pos=7&_psq=kazuki+kuraishi&_ss=e&_v=1.0 | https://us.bape.com/products/1m33-109-901?_pos=6&_psq=kazuki+kuraishi&_ss=e&_v=1.0 | https://us.bape.com/products/1l83-191-910?_pos=5&_psq=kazuki+kuraishi&_ss=e&_v=1.0 | https://us.bape.com/products/1l83-109-901?_pos=4&_psq=kazuki+kuraishi&_ss=e&_v=1.0 | https://us.bape.com/products/1m33-191-904?_pos=3&_psq=kazuki+kuraishi&_ss=e&_v=1.0 | https://us.bape.com/products/1l83-184-901?_pos=2&_psq=kazuki+kuraishi&_ss=e&_v=1.0 | https://us.bape.com/products/1m33-191-903?_pos=1&_psq=kazuki+kuraishi&_ss=e&_v=1.0,https://us.bape.com/search/suggest.json?q=kazuki%20kuraishi&resources[type]=product&resources[limit]=20 [source_only] | https://us.bape.com/products/1m33-191-904?_pos=2&_psq=kazuki+kuraishi&_ss=e&_v=1.0 [source_only] | https://us.bape.com/products/1l83-184-901?_pos=3&_psq=kazuki+kuraishi&_ss=e&_v=1.0 [source_only] | https://us.bape.com/products/1l83-152-902?_pos=6&_psq=kazuki+kuraishi&_ss=e&_v=1.0 [source_only] | https://us.bape.com/products/1m33-109-905?_pos=7&_psq=kazuki+kuraishi&_ss=e&_v=1.0 [source_only] | https://us.bape.com/products/1m33-109-901?_pos=8&_psq=kazuki+kuraishi&_ss=e&_v=1.0 [source_only] | https://us.bape.com/products/1m33-152-902?_pos=9&_psq=kazuki+kuraishi&_ss=e&_v=1.0 [source_only] | https://us.bape.com/products/1l83-114-901?_pos=10&_psq=kazuki+kuraishi&_ss=e&_v=1.0 [source_only] | https://us.bape.com/products/1m33-109-903?_pos=9&_psq=kazuki+kuraishi&_ss=e&_v=1.0 [source_only] | https://us.bape.com/products/1l83-109-904?_pos=8&_psq=kazuki+kuraishi&_ss=e&_v=1.0 [source_only] | https://us.bape.com/products/1m33-180-905?_pos=7&_psq=kazuki+kuraishi&_ss=e&_v=1.0 [source_only] | https://us.bape.com/products/1m33-109-901?_pos=6&_psq=kazuki+kuraishi&_ss=e&_v=1.0 [source_only] | https://us.bape.com/products/1l83-191-910?_pos=5&_psq=kazuki+kuraishi&_ss=e&_v=1.0 [source_only] | https://us.bape.com/products/1l83-109-901?_pos=4&_psq=kazuki+kuraishi&_ss=e&_v=1.0 [source_only] | https://us.bape.com/products/1m33-191-904?_pos=3&_psq=kazuki+kuraishi&_ss=e&_v=1.0 [source_only] | https://us.bape.com/products/1l83-184-901?_pos=2&_psq=kazuki+kuraishi&_ss=e&_v=1.0 [source_only] | https://us.bape.com/products/1m33-191-903?_pos=1&_psq=kazuki+kuraishi&_ss=e&_v=1.0 [source_only],Official/retail product URL present in SKP rows; source/fetch evidence retained in status list.,official_products_found,16,16,0,0,0,0,https://us.bape.com/products/1m33-191-904?_pos=2&_psq=kazuki+kuraishi&_ss=e&_v=1.0 | https://us.bape.com/products/1l83-184-901?_pos=3&_psq=kazuki+kuraishi&_ss=e&_v=1.0 | https://us.bape.com/products/1l83-152-902?_pos=6&_psq=kazuki+kuraishi&_ss=e&_v=1.0 | https://us.bape.com/products/1m33-109-905?_pos=7&_psq=kazuki+kuraishi&_ss=e&_v=1.0 | https://us.bape.com/products/1m33-109-901?_pos=8&_psq=kazuki+kuraishi&_ss=e&_v=1.0 | https://us.bape.com/products/1m33-152-902?_pos=9&_psq=kazuki+kuraishi&_ss=e&_v=1.0 | https://us.bape.com/products/1l83-114-901?_pos=10&_psq=kazuki+kuraishi&_ss=e&_v=1.0 | https://us.bape.com/products/1m33-109-903?_pos=9&_psq=kazuki+kuraishi&_ss=e&_v=1.0 | https://us.bape.com/products/1l83-109-904?_pos=8&_psq=kazuki+kuraishi&_ss=e&_v=1.0 | https://us.bape.com/products/1m33-180-905?_pos=7&_psq=kazuki+kuraishi&_ss=e&_v=1.0 | https://us.bape.com/products/1m33-109-901?_pos=6&_psq=kazuki+kuraishi&_ss=e&_v=1.0 | https://us.bape.com/products/1l83-191-910?_pos=5&_psq=kazuki+kuraishi&_ss=e&_v=1.0 | https://us.bape.com/products/1l83-109-901?_pos=4&_psq=kazuki+kuraishi&_ss=e&_v=1.0 | https://us.bape.com/products/1m33-191-904?_pos=3&_psq=kazuki+kuraishi&_ss=e&_v=1.0 | https://us.bape.com/products/1l83-184-901?_pos=2&_psq=kazuki+kuraishi&_ss=e&_v=1.0 | https://us.bape.com/products/1m33-191-903?_pos=1&_psq=kazuki+kuraishi&_ss=e&_v=1.0,https://us.bape.com/products/1m33-191-904?_pos=2&_psq=kazuki+kuraishi&_ss=e&_v=1.0 [403] | https://us.bape.com/products/1l83-184-901?_pos=3&_psq=kazuki+kuraishi&_ss=e&_v=1.0 [403] | https://us.bape.com/products/1l83-152-902?_pos=6&_psq=kazuki+kuraishi&_ss=e&_v=1.0 [403] | https://us.bape.com/products/1m33-109-905?_pos=7&_psq=kazuki+kuraishi&_ss=e&_v=1.0 [403] | https://us.bape.com/products/1m33-109-901?_pos=8&_psq=kazuki+kuraishi&_ss=e&_v=1.0 [403] | https://us.bape.com/products/1m33-152-902?_pos=9&_psq=kazuki+kuraishi&_ss=e&_v=1.0 [403] | https://us.bape.com/products/1l83-114-901?_pos=10&_psq=kazuki+kuraishi&_ss=e&_v=1.0 [403] | https://us.bape.com/products/1m33-109-903?_pos=9&_psq=kazuki+kuraishi&_ss=e&_v=1.0 [403] | https://us.bape.com/products/1l83-109-904?_pos=8&_psq=kazuki+kuraishi&_ss=e&_v=1.0 [403] | https://us.bape.com/products/1m33-180-905?_pos=7&_psq=kazuki+kuraishi&_ss=e&_v=1.0 [403] | https://us.bape.com/products/1m33-109-901?_pos=6&_psq=kazuki+kuraishi&_ss=e&_v=1.0 [403] | https://us.bape.com/products/1l83-191-910?_pos=5&_psq=kazuki+kuraishi&_ss=e&_v=1.0 [403] | https://us.bape.com/products/1l83-109-901?_pos=4&_psq=kazuki+kuraishi&_ss=e&_v=1.0 [403] | https://us.bape.com/products/1m33-191-904?_pos=3&_psq=kazuki+kuraishi&_ss=e&_v=1.0 [403] | https://us.bape.com/products/1l83-184-901?_pos=2&_psq=kazuki+kuraishi&_ss=e&_v=1.0 [403] | https://us.bape.com/products/1m33-191-903?_pos=1&_psq=kazuki+kuraishi&_ss=e&_v=1.0 [403],Closed for v1: official site and official/retail product rows present.,2026-05-31
Q12026-101,UNDERCOVER x Dickies Spring/Summer 2026,UNDERCOVER,Dickies,media_only,,,No official/brand-domain source URL in current record.,unresolved,0,0,0,0,0,0,,,Step 1: find official brand/retail source before trusting SKP.,2026-05-31
Q12026-102,Palace x San Francisco Giants,Palace Skateboards,San Francisco Giants,confirmed,https://www.palaceskateboards.com/search/suggest.json?q=giants&resources[type]=product&resources[limit]=20 | https://www.palaceskateboards.com/products/bxonw341i658?_pos=8&_psq=giants&_ss=e&_v=1.0 | https://www.palaceskateboards.com/products/mox7jglwvn6a?_pos=7&_psq=giants&_ss=e&_v=1.0 | https://www.palaceskateboards.com/products/y6ykty0iqdca?_pos=6&_psq=giants&_ss=e&_v=1.0 | https://www.palaceskateboards.com/products/bxdpnnq69tyb?_pos=5&_psq=giants&_ss=e&_v=1.0 | https://www.palaceskateboards.com/products/8n8zcojn8hik?_pos=4&_psq=giants&_ss=e&_v=1.0 | https://www.palaceskateboards.com/products/msb51f6gva1f?_pos=3&_psq=giants&_ss=e&_v=1.0 | https://www.palaceskateboards.com/products/fugjpi8zk0hc?_pos=2&_psq=giants&_ss=e&_v=1.0 | https://www.palaceskateboards.com/products/hm5fy2yf5t1x?_pos=1&_psq=giants&_ss=e&_v=1.0,https://www.palaceskateboards.com/search/suggest.json?q=giants&resources[type]=product&resources[limit]=20 [source_only] | https://www.palaceskateboards.com/products/bxonw341i658?_pos=8&_psq=giants&_ss=e&_v=1.0 [source_only] | https://www.palaceskateboards.com/products/mox7jglwvn6a?_pos=7&_psq=giants&_ss=e&_v=1.0 [source_only] | https://www.palaceskateboards.com/products/y6ykty0iqdca?_pos=6&_psq=giants&_ss=e&_v=1.0 [source_only] | https://www.palaceskateboards.com/products/bxdpnnq69tyb?_pos=5&_psq=giants&_ss=e&_v=1.0 [source_only] | https://www.palaceskateboards.com/products/8n8zcojn8hik?_pos=4&_psq=giants&_ss=e&_v=1.0 [source_only] | https://www.palaceskateboards.com/products/msb51f6gva1f?_pos=3&_psq=giants&_ss=e&_v=1.0 [source_only] | https://www.palaceskateboards.com/products/fugjpi8zk0hc?_pos=2&_psq=giants&_ss=e&_v=1.0 [source_only] | https://www.palaceskateboards.com/products/hm5fy2yf5t1x?_pos=1&_psq=giants&_ss=e&_v=1.0 [source_only],Official/retail product URL present in SKP rows; source/fetch evidence retained in status list.,official_products_found,8,8,0,0,0,0,https://www.palaceskateboards.com/products/bxonw341i658?_pos=8&_psq=giants&_ss=e&_v=1.0 | https://www.palaceskateboards.com/products/mox7jglwvn6a?_pos=7&_psq=giants&_ss=e&_v=1.0 | https://www.palaceskateboards.com/products/y6ykty0iqdca?_pos=6&_psq=giants&_ss=e&_v=1.0 | https://www.palaceskateboards.com/products/bxdpnnq69tyb?_pos=5&_psq=giants&_ss=e&_v=1.0 | https://www.palaceskateboards.com/products/8n8zcojn8hik?_pos=4&_psq=giants&_ss=e&_v=1.0 | https://www.palaceskateboards.com/products/msb51f6gva1f?_pos=3&_psq=giants&_ss=e&_v=1.0 | https://www.palaceskateboards.com/products/fugjpi8zk0hc?_pos=2&_psq=giants&_ss=e&_v=1.0 | https://www.palaceskateboards.com/products/hm5fy2yf5t1x?_pos=1&_psq=giants&_ss=e&_v=1.0,https://www.palaceskateboards.com/products/bxonw341i658?_pos=8&_psq=giants&_ss=e&_v=1.0 [403] | https://www.palaceskateboards.com/products/mox7jglwvn6a?_pos=7&_psq=giants&_ss=e&_v=1.0 [403] | https://www.palaceskateboards.com/products/y6ykty0iqdca?_pos=6&_psq=giants&_ss=e&_v=1.0 [403] | https://www.palaceskateboards.com/products/bxdpnnq69tyb?_pos=5&_psq=giants&_ss=e&_v=1.0 [403] | https://www.palaceskateboards.com/products/8n8zcojn8hik?_pos=4&_psq=giants&_ss=e&_v=1.0 [403] | https://www.palaceskateboards.com/products/msb51f6gva1f?_pos=3&_psq=giants&_ss=e&_v=1.0 [403] | https://www.palaceskateboards.com/products/fugjpi8zk0hc?_pos=2&_psq=giants&_ss=e&_v=1.0 [403] | https://www.palaceskateboards.com/products/hm5fy2yf5t1x?_pos=1&_psq=giants&_ss=e&_v=1.0 [403],Closed for v1: official site and official/retail product rows present.,2026-05-31
Q12026-103,Fred Perry x Craig Green Third Collaboration,Fred Perry,Craig Green,media_only,,,No official/brand-domain source URL in current record.,unresolved,0,0,0,0,0,0,,,Step 1: find official brand/retail source before trusting SKP.,2026-05-31
Q12026-104,MU:DS x BTS Artist-Made Collection,MU:DS,BTS,media_only,,,No official/brand-domain source URL in current record.,unresolved,0,0,0,0,0,0,,,Step 1: find official brand/retail source before trusting SKP.,2026-05-31
Q12026-105,Holiday x Call of Duty Capsule Collection,Holiday,Call of Duty / Activision,media_only,,,No official/brand-domain source URL in current record.,unresolved,0,0,0,0,0,0,,,Step 1: find official brand/retail source before trusting SKP.,2026-05-31
Q12026-106,NEIGHBORHOOD x Team Ikuzawa Spring/Summer 2026,NEIGHBORHOOD,Team Ikuzawa,confirmed,https://www.neighborhood.jp/collections/neighborhood | https://www.neighborhood.jp/collections/neighborhood/products/251pcnh-st06s | https://www.neighborhood.jp/collections/neighborhood/products/261tsnh-shm12 | https://www.neighborhood.jp/collections/neighborhood/products/261zanh-ptm12 | https://www.neighborhood.jp/collections/neighborhood/products/261tqnh-cg07 | https://www.neighborhood.jp/collections/neighborhood/products/261aqnh-shm07 | https://www.neighborhood.jp/collections/neighborhood/products/261uwnh-csm06 | https://www.neighborhood.jp/collections/neighborhood/products/261aqnh-ptm11 | https://www.neighborhood.jp/collections/neighborhood/products/261ygnh-ht06 | https://www.neighborhood.jp/collections/neighborhood/products/261ygnh-ht05,https://www.neighborhood.jp/collections/neighborhood [source_only] | https://www.neighborhood.jp/collections/neighborhood/products/251pcnh-st06s [source_only] | https://www.neighborhood.jp/collections/neighborhood/products/261tsnh-shm12 [source_only] | https://www.neighborhood.jp/collections/neighborhood/products/261zanh-ptm12 [source_only] | https://www.neighborhood.jp/collections/neighborhood/products/261tqnh-cg07 [source_only] | https://www.neighborhood.jp/collections/neighborhood/products/261aqnh-shm07 [source_only] | https://www.neighborhood.jp/collections/neighborhood/products/261uwnh-csm06 [source_only] | https://www.neighborhood.jp/collections/neighborhood/products/261aqnh-ptm11 [source_only] | https://www.neighborhood.jp/collections/neighborhood/products/261ygnh-ht06 [source_only] | https://www.neighborhood.jp/collections/neighborhood/products/261ygnh-ht05 [source_only],Official/retail product URL present in SKP rows; source/fetch evidence retained in status list.,official_products_found,9,9,0,0,0,0,https://www.neighborhood.jp/collections/neighborhood/products/251pcnh-st06s | https://www.neighborhood.jp/collections/neighborhood/products/261tsnh-shm12 | https://www.neighborhood.jp/collections/neighborhood/products/261zanh-ptm12 | https://www.neighborhood.jp/collections/neighborhood/products/261tqnh-cg07 | https://www.neighborhood.jp/collections/neighborhood/products/261aqnh-shm07 | https://www.neighborhood.jp/collections/neighborhood/products/261uwnh-csm06 | https://www.neighborhood.jp/collections/neighborhood/products/261aqnh-ptm11 | https://www.neighborhood.jp/collections/neighborhood/products/261ygnh-ht06 | https://www.neighborhood.jp/collections/neighborhood/products/261ygnh-ht05,https://www.neighborhood.jp/collections/neighborhood/products/251pcnh-st06s [403] | https://www.neighborhood.jp/collections/neighborhood/products/261tsnh-shm12 [403] | https://www.neighborhood.jp/collections/neighborhood/products/261zanh-ptm12 [403] | https://www.neighborhood.jp/collections/neighborhood/products/261tqnh-cg07 [403] | https://www.neighborhood.jp/collections/neighborhood/products/261aqnh-shm07 [403] | https://www.neighborhood.jp/collections/neighborhood/products/261uwnh-csm06 [403] | https://www.neighborhood.jp/collections/neighborhood/products/261aqnh-ptm11 [403] | https://www.neighborhood.jp/collections/neighborhood/products/261ygnh-ht06 [403] | https://www.neighborhood.jp/collections/neighborhood/products/261ygnh-ht05 [403],Closed for v1: official site and official/retail product rows present.,2026-05-31
Q12026-107,Anti Social Social Club x G-SHOCK Collaboration,Anti Social Social Club,G-SHOCK,confirmed,https://www.antisocialsocialclub.com/search/suggest.json?q=g-shock&resources[type]=product&resources[limit]=20 | https://www.antisocialsocialclub.com/products/assc-x-casio-g-shock-tote-bag?_pos=3&_psq=g-shock&_ss=e&_v=1.0 | https://www.antisocialsocialclub.com/products/assc-x-casio-g-shock-cap?_pos=2&_psq=g-shock&_ss=e&_v=1.0,https://www.antisocialsocialclub.com/search/suggest.json?q=g-shock&resources[type]=product&resources[limit]=20 [source_only] | https://www.antisocialsocialclub.com/products/assc-x-casio-g-shock-tote-bag?_pos=3&_psq=g-shock&_ss=e&_v=1.0 [source_only] | https://www.antisocialsocialclub.com/products/assc-x-casio-g-shock-cap?_pos=2&_psq=g-shock&_ss=e&_v=1.0 [source_only],Official/retail product URL present in SKP rows; source/fetch evidence retained in status list.,official_products_found,2,2,0,0,0,0,https://www.antisocialsocialclub.com/products/assc-x-casio-g-shock-tote-bag?_pos=3&_psq=g-shock&_ss=e&_v=1.0 | https://www.antisocialsocialclub.com/products/assc-x-casio-g-shock-cap?_pos=2&_psq=g-shock&_ss=e&_v=1.0,https://www.antisocialsocialclub.com/products/assc-x-casio-g-shock-tote-bag?_pos=3&_psq=g-shock&_ss=e&_v=1.0 [403] | https://www.antisocialsocialclub.com/products/assc-x-casio-g-shock-cap?_pos=2&_psq=g-shock&_ss=e&_v=1.0 [403],Closed for v1: official site and official/retail product rows present.,2026-05-31
Q12026-108,Dickies x thisisneverthat Spring/Summer 2026,Dickies,thisisneverthat,confirmed,https://www.dickies.com/en-us/search?q=thisisneverthat | https://www.dickies.com/en-us/products/selvedge-herringbone-barn-denim-jacket-dk0a89ferin | https://www.dickies.com/en-us/products/selvedge-herringbone-denim-work-pants-dk0a8a13rin | https://www.dickies.com/en-us/products/short-sleeve-work-shirt-dk0015740db,https://www.dickies.com/en-us/search?q=thisisneverthat [source_only] | https://www.dickies.com/en-us/products/selvedge-herringbone-barn-denim-jacket-dk0a89ferin [source_only] | https://www.dickies.com/en-us/products/selvedge-herringbone-denim-work-pants-dk0a8a13rin [source_only] | https://www.dickies.com/en-us/products/short-sleeve-work-shirt-dk0015740db [source_only],Official/retail product URL present in SKP rows; source/fetch evidence retained in status list.,official_products_found,3,3,0,0,0,0,https://www.dickies.com/en-us/products/selvedge-herringbone-barn-denim-jacket-dk0a89ferin | https://www.dickies.com/en-us/products/selvedge-herringbone-denim-work-pants-dk0a8a13rin | https://www.dickies.com/en-us/products/short-sleeve-work-shirt-dk0015740db,https://www.dickies.com/en-us/products/selvedge-herringbone-barn-denim-jacket-dk0a89ferin [403] | https://www.dickies.com/en-us/products/selvedge-herringbone-denim-work-pants-dk0a8a13rin [403] | https://www.dickies.com/en-us/products/short-sleeve-work-shirt-dk0015740db [403],Closed for v1: official site and official/retail product rows present.,2026-05-31
Q12026-109,New Era x Doraemon Collection,New Era,Doraemon,media_only,,,No official/brand-domain source URL in current record.,unresolved,0,0,0,0,0,0,,,Step 1: find official brand/retail source before trusting SKP.,2026-05-31
Q12026-110,WILDSIDE Yohji Yamamoto x NEEDLES,WILDSIDE Yohji Yamamoto,NEEDLES,media_only,,,No official/brand-domain source URL in current record.,unresolved,0,0,0,0,0,0,,,Step 1: find official brand/retail source before trusting SKP.,2026-05-31
Q12026-111,Barbour x Feng Chen Wang Year of the Horse Capsule,Barbour,Feng Chen Wang,confirmed,https://www.barbour.com/us/search?q=Feng%20Chen%20Wang | https://www.barbour.com/on/demandware.store/Sites-barbour-us-Site/en_US/Product-ShowQuickView?pid=MQU1900OL91 | https://www.barbour.com/on/demandware.store/Sites-barbour-us-Site/en_US/Product-ShowQuickView?pid=MTS1659WH11,https://www.barbour.com/us/search?q=Feng%20Chen%20Wang [source_only] | https://www.barbour.com/on/demandware.store/Sites-barbour-us-Site/en_US/Product-ShowQuickView?pid=MQU1900OL91 [source_only] | https://www.barbour.com/on/demandware.store/Sites-barbour-us-Site/en_US/Product-ShowQuickView?pid=MTS1659WH11 [source_only],Official/retail product URL present in SKP rows; source/fetch evidence retained in status list.,official_products_found,2,2,0,0,0,0,https://www.barbour.com/on/demandware.store/Sites-barbour-us-Site/en_US/Product-ShowQuickView?pid=MQU1900OL91 | https://www.barbour.com/on/demandware.store/Sites-barbour-us-Site/en_US/Product-ShowQuickView?pid=MTS1659WH11,https://www.barbour.com/on/demandware.store/Sites-barbour-us-Site/en_US/Product-ShowQuickView?pid=MQU1900OL91 [200] | https://www.barbour.com/on/demandware.store/Sites-barbour-us-Site/en_US/Product-ShowQuickView?pid=MTS1659WH11 [200],Closed for v1: official site and official/retail product rows present.,2026-05-31
Q12026-112,Paper Planes x NFL Super Bowl 2026 Capsule,Paper Planes,Roc Nation; National Football League (NFL),confirmed,https://www.paperplane.shop/search/suggest.json?q=nfl&resources[type]=product&resources[limit]=20 | https://www.paperplane.shop/products/the-game-needs-me-nfl-super-bowl-lx-hoodie?_pos=3&_psq=nfl&_ss=e&_v=1.0 | https://www.paperplane.shop/products/nfl-super-bowl-lx-rocnation-x-mitchell-ness-jersey-1?_pos=2&_psq=nfl&_ss=e&_v=1.0 | https://www.paperplane.shop/products/the-game-needs-me-nfl-super-bowl-lx-tee?_pos=1&_psq=nfl&_ss=e&_v=1.0,https://www.paperplane.shop/search/suggest.json?q=nfl&resources[type]=product&resources[limit]=20 [source_only] | https://www.paperplane.shop/products/the-game-needs-me-nfl-super-bowl-lx-hoodie?_pos=3&_psq=nfl&_ss=e&_v=1.0 [source_only] | https://www.paperplane.shop/products/nfl-super-bowl-lx-rocnation-x-mitchell-ness-jersey-1?_pos=2&_psq=nfl&_ss=e&_v=1.0 [source_only] | https://www.paperplane.shop/products/the-game-needs-me-nfl-super-bowl-lx-tee?_pos=1&_psq=nfl&_ss=e&_v=1.0 [source_only],Official/retail product URL present in SKP rows; source/fetch evidence retained in status list.,official_products_found,3,3,0,0,0,0,https://www.paperplane.shop/products/the-game-needs-me-nfl-super-bowl-lx-hoodie?_pos=3&_psq=nfl&_ss=e&_v=1.0 | https://www.paperplane.shop/products/nfl-super-bowl-lx-rocnation-x-mitchell-ness-jersey-1?_pos=2&_psq=nfl&_ss=e&_v=1.0 | https://www.paperplane.shop/products/the-game-needs-me-nfl-super-bowl-lx-tee?_pos=1&_psq=nfl&_ss=e&_v=1.0,https://www.paperplane.shop/products/the-game-needs-me-nfl-super-bowl-lx-hoodie?_pos=3&_psq=nfl&_ss=e&_v=1.0 [403] | https://www.paperplane.shop/products/nfl-super-bowl-lx-rocnation-x-mitchell-ness-jersey-1?_pos=2&_psq=nfl&_ss=e&_v=1.0 [403] | https://www.paperplane.shop/products/the-game-needs-me-nfl-super-bowl-lx-tee?_pos=1&_psq=nfl&_ss=e&_v=1.0 [403],Closed for v1: official site and official/retail product rows present.,2026-05-31
Q12026-113,Converse x Hello Kitty and Friends with Swarovski,Converse,Hello Kitty and Friends; Swarovski,media_only,,,No official/brand-domain source URL in current record.,unresolved,0,0,0,0,0,0,,,Step 1: find official brand/retail source before trusting SKP.,2026-05-31
Q12026-114,Alice + Olivia x PQ Swim Spring Break Capsule,Alice + Olivia,PQ Swim,confirmed,https://www.aliceandolivia.com/search?q=PQ%20Swim | https://www.aliceandolivia.com/a-o-x-pq-swim-triangle-bikini-top/PAL-130RR336.html | https://www.aliceandolivia.com/a-o-x-pq-swim-embroidered-triangle-bikini-top/ERE-130RO157.html | https://www.aliceandolivia.com/a-o-x-pq-swim-sporty-bikini-top/GDC-1579HR752.html | https://www.aliceandolivia.com/a-o-x-pq-swim-macrame-halter-bikini-top/VPK-1578HF681.html | https://www.aliceandolivia.com/a-o-x-pq-swim-reversible-triangle-bikini-top/ABY-1676RB187.html | https://www.aliceandolivia.com/a-o-x-pq-swim-reversible-bandeau-bikini-top/TWD-1567BU455.html,https://www.aliceandolivia.com/search?q=PQ%20Swim [source_only] | https://www.aliceandolivia.com/a-o-x-pq-swim-triangle-bikini-top/PAL-130RR336.html [source_only] | https://www.aliceandolivia.com/a-o-x-pq-swim-embroidered-triangle-bikini-top/ERE-130RO157.html [source_only] | https://www.aliceandolivia.com/a-o-x-pq-swim-sporty-bikini-top/GDC-1579HR752.html [source_only] | https://www.aliceandolivia.com/a-o-x-pq-swim-macrame-halter-bikini-top/VPK-1578HF681.html [source_only] | https://www.aliceandolivia.com/a-o-x-pq-swim-reversible-triangle-bikini-top/ABY-1676RB187.html [source_only] | https://www.aliceandolivia.com/a-o-x-pq-swim-reversible-bandeau-bikini-top/TWD-1567BU455.html [source_only],Official/retail product URL present in SKP rows; source/fetch evidence retained in status list.,official_products_found,6,6,0,0,0,0,https://www.aliceandolivia.com/a-o-x-pq-swim-triangle-bikini-top/PAL-130RR336.html | https://www.aliceandolivia.com/a-o-x-pq-swim-embroidered-triangle-bikini-top/ERE-130RO157.html | https://www.aliceandolivia.com/a-o-x-pq-swim-sporty-bikini-top/GDC-1579HR752.html | https://www.aliceandolivia.com/a-o-x-pq-swim-macrame-halter-bikini-top/VPK-1578HF681.html | https://www.aliceandolivia.com/a-o-x-pq-swim-reversible-triangle-bikini-top/ABY-1676RB187.html | https://www.aliceandolivia.com/a-o-x-pq-swim-reversible-bandeau-bikini-top/TWD-1567BU455.html,https://www.aliceandolivia.com/a-o-x-pq-swim-triangle-bikini-top/PAL-130RR336.html [200] | https://www.aliceandolivia.com/a-o-x-pq-swim-embroidered-triangle-bikini-top/ERE-130RO157.html [200] | https://www.aliceandolivia.com/a-o-x-pq-swim-sporty-bikini-top/GDC-1579HR752.html [200] | https://www.aliceandolivia.com/a-o-x-pq-swim-macrame-halter-bikini-top/VPK-1578HF681.html [200] | https://www.aliceandolivia.com/a-o-x-pq-swim-reversible-triangle-bikini-top/ABY-1676RB187.html [200] | https://www.aliceandolivia.com/a-o-x-pq-swim-reversible-bandeau-bikini-top/TWD-1567BU455.html [200],Closed for v1: official site and official/retail product rows present.,2026-05-31
Q12026-115,NikeCraft x Tom Sachs ISRU Uniform,NikeCraft,Tom Sachs,media_only,,,No official/brand-domain source URL in current record.,unresolved,0,0,0,0,0,0,,,Step 1: find official brand/retail source before trusting SKP.,2026-05-31
