collab_id,series_name,primary_brand,partner_names,generated_candidate_count,checked_urls,found_product_count,accepted_product_count,accepted_product_names,status,notes,last_checked
Q12026-007,Alpha Industries x Cecilie Bahnsen Icons in Transformation,Alpha Industries,Cecilie Bahnsen,0,search:ddg:Alpha Industries Cecilie Bahnsen official [AbortError] | search:bing:Alpha Industries Cecilie Bahnsen official [200] | search:ddg:Alpha Industries Cecilie Bahnsen shop official [AbortError] | search:bing:Alpha Industries Cecilie Bahnsen shop official [200] | search:ddg:Alpha Industries Cecilie Bahnsen collection official [AbortError] | search:bing:Alpha Industries Cecilie Bahnsen collection official [200] | search:ddg:Alpha Industries x Cecilie Bahnsen Icons in Transformation shop official [AbortError] | search:bing:Alpha Industries x Cecilie Bahnsen Icons in Transformation shop official [200] | search:ddg:Alpha Industries x Cecilie Bahnsen Icons in Transformation product official [AbortError] | search:bing:Alpha Industries x Cecilie Bahnsen Icons in Transformation product official [200],0,0,,no_verified_official_skp,No product-level official row passed token and product-page verification.,2026-05-31
Q12026-008,Nike x NIGO Air Force 3 Final Chapter,Nike,NIGO,5,https://www.nike.com/launch/t/nike-x-nigo-mens-souvenir-jacket-web-only-na [200] | https://www.nike.com/launch/t/nike-x-nigo-apparel-collection [200] | https://www.nike.com/launch/t/air-force-3-low-x-nigo-baroque-brown-and-pecan [200] | https://www.nike.com/launch/t/w-af3-presents-nike-x-nigo-air-force-3 [200] | https://about.nike.com/en-GB/newsroom/releases/nike-x-nigo-partnership-launches-with-exclusive-air-force-iii-and-apparel-collection [200] | search:skipped:seed_official_candidates_verified,92,1,Nike x NIGO Men's Souvenir Jacket (HQ7525-410),official_skp_found,Accepted rows have official/retail product URLs and product-page verification.,2026-05-31
Q12026-009,Jordan Brand x Levi's Air Jordan 3 and Apparel Collection,Jordan Brand,Levi's,2,https://www.nike.com/a/jordan-levis-release-info [200] | https://www.levi.com/US/en_US/blog/article/levis-x-jordan-collection [200] | search:skipped:seed_official_candidates_verified,1,1,"Tailor Shop - Custom Clothing, Jean Repairs & Tailoring",official_skp_found,Accepted rows have official/retail product URLs and product-page verification.,2026-05-31
Q12026-010,PUMA x McLaren Racing Lifestyle Collection,PUMA,McLaren Racing,32,https://about.puma.com/en/newsroom/corporate-news/2026/20-01-2026-mclaren-racing-and-puma-unite-performance-and-style-new [200] | https://puma.com/collections/puma-for-mclaren-racing [200] | https://puma.com/collection/puma-for-mclaren-racing [200] | https://puma.com/collections/puma-x-mclaren-racing [200] | https://puma.com/collection/puma-x-mclaren-racing [200] | https://puma.com/collections/puma-mclaren-racing [200] | https://puma.com/collection/puma-mclaren-racing [200] | https://puma.com/collections/puma-x-mclaren-racing-lifestyle [200] | https://puma.com/collection/puma-x-mclaren-racing-lifestyle [200] | https://puma.com/collections/puma [200] | https://puma.com/collection/puma [200] | https://www.puma.com/collections/puma-for-mclaren-racing [200] | https://www.puma.com/collection/puma-for-mclaren-racing [200] | https://www.puma.com/collections/puma-x-mclaren-racing [200] | https://www.puma.com/collection/puma-x-mclaren-racing [200] | https://www.puma.com/collections/puma-mclaren-racing [200] | https://www.puma.com/collection/puma-mclaren-racing [200] | https://www.puma.com/collections/puma-x-mclaren-racing-lifestyle [200] | https://www.puma.com/collection/puma-x-mclaren-racing-lifestyle [200] | https://www.puma.com/collections/puma [200] | https://www.puma.com/collection/puma [200] | https://us.puma.com/us/en/search?q=McLaren%20Racing [200] | https://us.puma.com/us/en/search?q=PUMA%20x%20McLaren%20Racing%20Lifestyle [200] | https://us.puma.com/us/en/collections/puma-for-mclaren-racing [404] | https://us.puma.com/us/en/collection/puma-for-mclaren-racing [404] | https://us.puma.com/us/en/collections/puma-x-mclaren-racing [404] | https://us.puma.com/us/en/collection/puma-x-mclaren-racing [404] | https://us.puma.com/us/en/collections/puma-mclaren-racing [404] | search:ddg:site:puma.com PUMA McLaren Racing [AbortError] | search:bing:site:puma.com PUMA McLaren Racing [200] | search:ddg:site:puma.com PUMA McLaren Racing shop [AbortError] | search:bing:site:puma.com PUMA McLaren Racing shop [200] | search:ddg:site:puma.com PUMA McLaren Racing collection [AbortError] | search:bing:site:puma.com PUMA McLaren Racing collection [200] | search:ddg:site:puma.com PUMA x McLaren Racing Lifestyle Collection shop [AbortError] | search:bing:site:puma.com PUMA x McLaren Racing Lifestyle Collection shop [200] | search:ddg:site:us.puma.com PUMA McLaren Racing [AbortError] | search:bing:site:us.puma.com PUMA McLaren Racing [200] | search:ddg:site:us.puma.com PUMA McLaren Racing shop [AbortError] | search:bing:site:us.puma.com PUMA McLaren Racing shop [200] | search:ddg:site:us.puma.com PUMA McLaren Racing collection [AbortError] | search:bing:site:us.puma.com PUMA McLaren Racing collection [200] | search:ddg:site:us.puma.com PUMA x McLaren Racing Lifestyle Collection shop [AbortError] | search:bing:site:us.puma.com PUMA x McLaren Racing Lifestyle Collection shop [200] | https://www.puma.com.cn/ [200] | https://www.puma.com.cn [200] | https://puma.jd.com/ [200] | https://puma.jd.com [200],901,0,,no_verified_official_skp,No product-level official row passed token and product-page verification.,2026-05-31
Q12026-011,Aqua x Wuthering Heights Collection,Aqua,Wuthering Heights / Warner Bros. Discovery,3,https://www.bloomingdales.com/c/editorial/carousel/aqua-wuthering-heights/ [200] | https://www.bloomingdales.com/shop/aqua/aqua-x-wuthering-heights?id=1298995&cm_kws=aqua [403] | https://www.bloomingdales.com/shop/fashion-lookbooks-videos-style-guide/bloomingdales-x-wuthering-heights/Brand/AQUA?id=1299995 [403] | search:skipped:seed_official_candidates_verified,10,23,"AQUA x ""Wuthering Heights"" Sweetheart Neck High Low Gown - Exclusive | AQUA x ""Wuthering Heights"" Lace Appliqu&eacute; Crewneck Sweatshirt - Exclusive | AQUA x ""Wuthering Heights"" Lace Through Midi Dress - Exclusive | AQUA x ""Wuthering Heights"" Crystal & Baroque Pearl Statement Necklace, 16-18"" - Exclusive | AQUA x ""Wuthering Heights"" Puff Sleeve Pajama Set - Exclusive | AQUA x ""Wuthering Heights"" Heart Locket Pendant Necklace, 21-23"" - Exclusive | AQUA x ""Wuthering Heights"" Mini Slip Dress - Exclusive | AQUA x ""Wuthering Heights"" Cherub Crewneck Baby Tee - Exclusive | AQUA x ""Wuthering Heights"" Rose Skull Graphic Sweatshirt - Exclusive | AQUA x ""Wuthering Heights"" Scoop Neck Mini Dress - Exclusive | AQUA x ""Wuthering Heights"" Mini Cami Nightgown - Exclusive | AQUA x ""Wuthering Heights"" Imitation Pearl Earrings - Exclusive | AQUA x ""Wuthering Heights"" Mesh Floral Maxi Skirt - Exclusive | AQUA x ""Wuthering Heights"" Rose Skull Tee - Exclusive | AQUA x ""Wuthering Heights"" Pink Stone Earrings - Exclusive | AQUA x ""Wuthering Heights"" Strapless Smocked Back Dress - Exclusive | AQUA x ""Wuthering Heights"" Sweetheart Neck Long Sleeve Top - Exclusive | AQUA x ""Wuthering Heights"" Embroidered Gingham Dress - Exclusive | AQUA x ""Wuthering Heights"" Cable Knit Ribbon Weave Sweater - Exclusive | AQUA x ""Wuthering Heights"" Cherub Crewneck Sweatshirt - Exclusive | AQUA x ""Wuthering Heights"" Bow Back Peasant Top - Exclusive | AQUA x ""Wuthering Heights"" Ruffled Corset Gown - Exclusive | AQUA x ""Wuthering Heights"" Strapless Draped Dress - Exclusive",official_skp_found,Accepted rows have official/retail product URLs and product-page verification.,2026-05-31
Q12026-013,Solebox x BAPE STA Tokyo Lights,Solebox,A Bathing Ape (BAPE),0,search:ddg:Solebox A Bathing Ape (BAPE) official [AbortError] | search:bing:Solebox A Bathing Ape (BAPE) official [200] | search:ddg:Solebox A Bathing Ape (BAPE) shop official [AbortError] | search:bing:Solebox A Bathing Ape (BAPE) shop official [200] | search:ddg:Solebox A Bathing Ape (BAPE) collection official [AbortError] | search:bing:Solebox A Bathing Ape (BAPE) collection official [200] | search:ddg:Solebox x BAPE STA Tokyo Lights shop official [AbortError] | search:bing:Solebox x BAPE STA Tokyo Lights shop official [200] | search:ddg:Solebox x BAPE STA Tokyo Lights product official [AbortError] | search:bing:Solebox x BAPE STA Tokyo Lights product official [200],0,0,,no_verified_official_skp,No product-level official row passed token and product-page verification.,2026-05-31
Q12026-015,Pandora x Bridgerton Collection,Pandora,Bridgerton / Netflix,26,https://pandora.net/collections/pandora-for-bridgerton [403] | https://pandora.net/collection/pandora-for-bridgerton [403] | https://pandora.net/collections/pandora-x-bridgerton [403] | https://pandora.net/collection/pandora-x-bridgerton [403] | https://pandora.net/collections/pandora-bridgerton [403] | https://pandora.net/collection/pandora-bridgerton [403] | https://pandora.net/collections/pandora [403] | https://pandora.net/collection/pandora [403] | https://pandora.net/collections/bridgerton [403] | https://pandora.net/collection/bridgerton [403] | https://www.pandora.net/collections/pandora-for-bridgerton [403] | https://www.pandora.net/collection/pandora-for-bridgerton [403] | https://www.pandora.net/collections/pandora-x-bridgerton [403] | https://www.pandora.net/collection/pandora-x-bridgerton [403] | https://www.pandora.net/collections/pandora-bridgerton [403] | https://www.pandora.net/collection/pandora-bridgerton [403] | https://www.pandora.net/collections/pandora [403] | https://www.pandora.net/collection/pandora [403] | https://www.pandora.net/collections/bridgerton [403] | https://www.pandora.net/collection/bridgerton [403] | https://us.pandora.net/en/search?q=Bridgerton [403] | https://us.pandora.net/en/search?q=Netflix [403] | search:ddg:site:pandora.net Pandora Bridgerton [AbortError] | search:bing:site:pandora.net Pandora Bridgerton [200] | search:ddg:site:pandora.net Pandora Bridgerton shop [AbortError] | search:bing:site:pandora.net Pandora Bridgerton shop [200] | search:ddg:site:pandora.net Pandora Bridgerton collection [AbortError] | search:bing:site:pandora.net Pandora Bridgerton collection [200] | search:ddg:site:pandora.net Pandora x Bridgerton Collection shop [AbortError] | search:bing:site:pandora.net Pandora x Bridgerton Collection shop [200] | search:ddg:Pandora Bridgerton official [AbortError] | search:bing:Pandora Bridgerton official [200] | search:ddg:Pandora Bridgerton shop official [AbortError] | search:bing:Pandora Bridgerton shop official [200] | search:ddg:Pandora Bridgerton collection official [AbortError] | search:bing:Pandora Bridgerton collection official [200] | search:ddg:Pandora x Bridgerton Collection shop official [AbortError] | search:bing:Pandora x Bridgerton Collection shop official [200] | https://www.pandora.com/ [200] | https://www.pandora.com [200] | https://pandoragroup.com/ [200] | https://pandoragroup.com [200],4,0,,no_verified_official_skp,No product-level official row passed token and product-page verification.,2026-05-31
Q12026-016,BAPE x adidas World Cup Pack,A Bathing Ape (BAPE),adidas,28,https://bape.com/collections/a-bathing-ape-bape-for-adidas [404] | https://bape.com/collection/a-bathing-ape-bape-for-adidas [404] | https://bape.com/collections/a-bathing-ape-bape-x-adidas [404] | https://bape.com/collection/a-bathing-ape-bape-x-adidas [404] | https://bape.com/collections/a-bathing-ape-bape-adidas [404] | https://bape.com/collection/a-bathing-ape-bape-adidas [404] | https://bape.com/collections/bape-x-adidas-world-cup-pack [404] | https://bape.com/collection/bape-x-adidas-world-cup-pack [404] | https://bape.com/collections/bape [404] | https://bape.com/collection/bape [404] | https://www.bape.com/collections/a-bathing-ape-bape-for-adidas [404] | https://www.bape.com/collection/a-bathing-ape-bape-for-adidas [404] | https://www.bape.com/collections/a-bathing-ape-bape-x-adidas [404] | https://www.bape.com/collection/a-bathing-ape-bape-x-adidas [404] | https://www.bape.com/collections/a-bathing-ape-bape-adidas [404] | https://www.bape.com/collection/a-bathing-ape-bape-adidas [404] | https://www.bape.com/collections/bape-x-adidas-world-cup-pack [404] | https://www.bape.com/collection/bape-x-adidas-world-cup-pack [404] | https://www.bape.com/collections/bape [404] | https://www.bape.com/collection/bape [404] | https://us.bape.com/search?q=adidas [200] | https://us.bape.com/search?q=BAPE%20x%20adidas%20World%20Cup%20Pack [200] | https://us.bape.com/collections/a-bathing-ape-bape-for-adidas [404] | https://us.bape.com/collection/a-bathing-ape-bape-for-adidas [404] | https://us.bape.com/collections/a-bathing-ape-bape-x-adidas [404] | https://us.bape.com/collection/a-bathing-ape-bape-x-adidas [404] | https://us.bape.com/collections/a-bathing-ape-bape-adidas [404] | https://us.bape.com/collection/a-bathing-ape-bape-adidas [404] | search:ddg:site:bape.com BAPE adidas [AbortError] | search:bing:site:bape.com BAPE adidas [200] | search:ddg:site:bape.com A Bathing Ape (BAPE) adidas [AbortError] | search:bing:site:bape.com A Bathing Ape (BAPE) adidas [200] | search:ddg:site:bape.com A Bathing Ape (BAPE) adidas shop [AbortError] | search:bing:site:bape.com A Bathing Ape (BAPE) adidas shop [200] | search:ddg:site:bape.com A Bathing Ape (BAPE) adidas collection [AbortError] | search:bing:site:bape.com A Bathing Ape (BAPE) adidas collection [200] | search:ddg:site:us.bape.com BAPE adidas [AbortError] | search:bing:site:us.bape.com BAPE adidas [200] | search:ddg:site:us.bape.com A Bathing Ape (BAPE) adidas [AbortError] | search:bing:site:us.bape.com A Bathing Ape (BAPE) adidas [200] | search:ddg:site:us.bape.com A Bathing Ape (BAPE) adidas shop [AbortError] | search:bing:site:us.bape.com A Bathing Ape (BAPE) adidas shop [200] | search:ddg:site:us.bape.com A Bathing Ape (BAPE) adidas collection [AbortError] | search:bing:site:us.bape.com A Bathing Ape (BAPE) adidas collection [200],6,0,,no_verified_official_skp,No product-level official row passed token and product-page verification.,2026-05-31
Q12026-018,Fast & Furious x PUMA Basketball Collection,PUMA,Fast & Furious / Universal Pictures,32,https://us.puma.com/us/en [200] | https://puma.com/collections/puma-for-fast-and-furious [200] | https://puma.com/collection/puma-for-fast-and-furious [200] | https://puma.com/collections/puma-x-fast-and-furious [200] | https://puma.com/collection/puma-x-fast-and-furious [200] | https://puma.com/collections/puma-fast-and-furious [200] | https://puma.com/collection/puma-fast-and-furious [200] | https://puma.com/collections/fast-and-furious-x-puma-basketball [200] | https://puma.com/collection/fast-and-furious-x-puma-basketball [200] | https://puma.com/collections/fast-and-furious [200] | https://puma.com/collection/fast-and-furious [200] | https://www.puma.com/collections/puma-for-fast-and-furious [200] | https://www.puma.com/collection/puma-for-fast-and-furious [200] | https://www.puma.com/collections/puma-x-fast-and-furious [200] | https://www.puma.com/collection/puma-x-fast-and-furious [200] | https://www.puma.com/collections/puma-fast-and-furious [200] | https://www.puma.com/collection/puma-fast-and-furious [200] | https://www.puma.com/collections/fast-and-furious-x-puma-basketball [200] | https://www.puma.com/collection/fast-and-furious-x-puma-basketball [200] | https://www.puma.com/collections/fast-and-furious [200] | https://www.puma.com/collection/fast-and-furious [200] | https://us.puma.com/us/en/search?q=Fast%20%26%20Furious [200] | https://us.puma.com/us/en/search?q=Universal%20Pictures [200] | https://us.puma.com/us/en/collections/puma-for-fast-and-furious [404] | https://us.puma.com/us/en/collection/puma-for-fast-and-furious [404] | https://us.puma.com/us/en/collections/puma-x-fast-and-furious [404] | https://us.puma.com/us/en/collection/puma-x-fast-and-furious [404] | https://us.puma.com/us/en/collections/puma-fast-and-furious [404] | search:ddg:site:puma.com Fast & Furious Fast & Furious [AbortError] | search:bing:site:puma.com Fast & Furious Fast & Furious [200] | search:ddg:site:puma.com PUMA Fast & Furious [AbortError] | search:bing:site:puma.com PUMA Fast & Furious [200] | search:ddg:site:puma.com PUMA Fast & Furious shop [AbortError] | search:bing:site:puma.com PUMA Fast & Furious shop [200] | search:ddg:site:puma.com PUMA Fast & Furious collection [AbortError] | search:bing:site:puma.com PUMA Fast & Furious collection [200] | search:ddg:site:us.puma.com Fast & Furious Fast & Furious [AbortError] | search:bing:site:us.puma.com Fast & Furious Fast & Furious [200] | search:ddg:site:us.puma.com PUMA Fast & Furious [AbortError] | search:bing:site:us.puma.com PUMA Fast & Furious [200] | search:ddg:site:us.puma.com PUMA Fast & Furious shop [AbortError] | search:bing:site:us.puma.com PUMA Fast & Furious shop [200] | search:ddg:site:us.puma.com PUMA Fast & Furious collection [AbortError] | search:bing:site:us.puma.com PUMA Fast & Furious collection [200] | https://www.puma.com.cn/ [200] | https://www.puma.com.cn [200] | https://puma.jd.com/ [200] | https://puma.jd.com [200],939,0,,no_verified_official_skp,No product-level official row passed token and product-page verification.,2026-05-31
Q12026-019,adidas x Entire Studios SS26,adidas,Entire Studios,36,https://news.adidas.com/partnerships/adidas-and-entire-studios-introduce-a-new-expression-of-modern-sport-style--built-for-movement/s/167c4b9b-c8b5-4f0d-a373-65bcfd0b495d [202] | https://adidas.com/collections/adidas-for-entire-studios [403] | https://adidas.com/collection/adidas-for-entire-studios [403] | https://adidas.com/collections/adidas-x-entire-studios [403] | https://adidas.com/collection/adidas-x-entire-studios [403] | https://adidas.com/collections/adidas-entire-studios [403] | https://adidas.com/collection/adidas-entire-studios [403] | https://adidas.com/collections/adidas [403] | https://adidas.com/collection/adidas [403] | https://adidas.com/collections/entire-studios [403] | https://adidas.com/collection/entire-studios [403] | https://www.adidas.com/collections/adidas-for-entire-studios [403] | https://www.adidas.com/collection/adidas-for-entire-studios [403] | https://www.adidas.com/collections/adidas-x-entire-studios [403] | https://www.adidas.com/collection/adidas-x-entire-studios [403] | https://www.adidas.com/collections/adidas-entire-studios [403] | https://www.adidas.com/collection/adidas-entire-studios [403] | https://www.adidas.com/collections/adidas [403] | https://www.adidas.com/collection/adidas [403] | https://www.adidas.com/collections/entire-studios [403] | https://www.adidas.com/collection/entire-studios [403] | https://www.adidas.com/us/search?q=Entire%20Studios [403] | https://www.adidas.com/us/search?q=adidas%20x%20Entire%20Studios [403] | https://news.adidas.com/collections/adidas-for-entire-studios [202] | https://news.adidas.com/collection/adidas-for-entire-studios [202] | https://news.adidas.com/collections/adidas-x-entire-studios [202] | https://news.adidas.com/collection/adidas-x-entire-studios [202] | https://news.adidas.com/collections/adidas-entire-studios [202] | search:ddg:site:adidas.com adidas Entire Studios [AbortError] | search:bing:site:adidas.com adidas Entire Studios [200] | search:ddg:site:adidas.com adidas Entire Studios shop [AbortError] | search:bing:site:adidas.com adidas Entire Studios shop [200] | search:ddg:site:adidas.com adidas Entire Studios collection [AbortError] | search:bing:site:adidas.com adidas Entire Studios collection [200] | search:ddg:site:adidas.com adidas x Entire Studios SS26 shop [AbortError] | search:bing:site:adidas.com adidas x Entire Studios SS26 shop [200] | search:ddg:site:news.adidas.com adidas Entire Studios [AbortError] | search:bing:site:news.adidas.com adidas Entire Studios [200] | search:ddg:site:news.adidas.com adidas Entire Studios shop [AbortError] | search:bing:site:news.adidas.com adidas Entire Studios shop [200] | search:ddg:site:news.adidas.com adidas Entire Studios collection [AbortError] | search:bing:site:news.adidas.com adidas Entire Studios collection [200] | search:ddg:site:news.adidas.com adidas x Entire Studios SS26 shop [AbortError] | search:bing:site:news.adidas.com adidas x Entire Studios SS26 shop [200] | https://www.adidas.com.cn/ [200] | https://www.adidas.com.cn [200] | https://www.adidas.com/us [403] | https://www.adidas.com [403] | https://www.adidas.co.uk/ [403] | https://www.adidas.co.uk [403] | https://www.adidas.com.hk/en [403] | https://www.adidas.com.hk [403] | https://adidas.jd.com/ [200] | https://adidas.jd.com [200] | https://www.adidas.jp/ [403] | https://www.adidas.jp [403],2,0,,no_verified_official_skp,No product-level official row passed token and product-page verification.,2026-05-31
Q12026-023,adidas x Audi Revolut F1 Team Collection,adidas,Audi Revolut F1 Team,36,https://www.audi-mediacenter.com/en/press-releases/global-launch-of-adidas-x-audi-revolut-f1-team-collection-17014/download [200] | https://adidas.com/collections/adidas-for-audi-revolut-f1-team [403] | https://adidas.com/collection/adidas-for-audi-revolut-f1-team [403] | https://adidas.com/collections/adidas-x-audi-revolut-f1-team [403] | https://adidas.com/collection/adidas-x-audi-revolut-f1-team [403] | https://adidas.com/collections/adidas-audi-revolut-f1-team [403] | https://adidas.com/collection/adidas-audi-revolut-f1-team [403] | https://adidas.com/collections/adidas [403] | https://adidas.com/collection/adidas [403] | https://adidas.com/collections/audi-revolut-f1-team [403] | https://adidas.com/collection/audi-revolut-f1-team [403] | https://www.adidas.com/collections/adidas-for-audi-revolut-f1-team [403] | https://www.adidas.com/collection/adidas-for-audi-revolut-f1-team [403] | https://www.adidas.com/collections/adidas-x-audi-revolut-f1-team [403] | https://www.adidas.com/collection/adidas-x-audi-revolut-f1-team [403] | https://www.adidas.com/collections/adidas-audi-revolut-f1-team [403] | https://www.adidas.com/collection/adidas-audi-revolut-f1-team [403] | https://www.adidas.com/collections/adidas [403] | https://www.adidas.com/collection/adidas [403] | https://www.adidas.com/collections/audi-revolut-f1-team [403] | https://www.adidas.com/collection/audi-revolut-f1-team [403] | https://www.adidas.com/us/search?q=Audi%20Revolut%20F1%20Team [403] | https://www.adidas.com/us/search?q=adidas%20x%20Audi%20Revolut%20F1%20Team [403] | https://news.adidas.com/collections/adidas-for-audi-revolut-f1-team [202] | https://news.adidas.com/collection/adidas-for-audi-revolut-f1-team [202] | https://news.adidas.com/collections/adidas-x-audi-revolut-f1-team [202] | https://news.adidas.com/collection/adidas-x-audi-revolut-f1-team [202] | https://news.adidas.com/collections/adidas-audi-revolut-f1-team [202] | search:ddg:site:adidas.com adidas Audi Revolut F1 Team [AbortError] | search:bing:site:adidas.com adidas Audi Revolut F1 Team [200] | search:ddg:site:adidas.com adidas Audi Revolut F1 Team shop [AbortError] | search:bing:site:adidas.com adidas Audi Revolut F1 Team shop [200] | search:ddg:site:adidas.com adidas Audi Revolut F1 Team collection [AbortError] | search:bing:site:adidas.com adidas Audi Revolut F1 Team collection [200] | search:ddg:site:adidas.com adidas x Audi Revolut F1 Team Collection shop [AbortError] | search:bing:site:adidas.com adidas x Audi Revolut F1 Team Collection shop [200] | search:ddg:site:news.adidas.com adidas Audi Revolut F1 Team [AbortError] | search:bing:site:news.adidas.com adidas Audi Revolut F1 Team [200] | search:ddg:site:news.adidas.com adidas Audi Revolut F1 Team shop [AbortError] | search:bing:site:news.adidas.com adidas Audi Revolut F1 Team shop [200] | search:ddg:site:news.adidas.com adidas Audi Revolut F1 Team collection [AbortError] | search:bing:site:news.adidas.com adidas Audi Revolut F1 Team collection [200] | search:ddg:site:news.adidas.com adidas x Audi Revolut F1 Team Collection shop [AbortError] | search:bing:site:news.adidas.com adidas x Audi Revolut F1 Team Collection shop [200] | https://www.adidas.com.cn/ [200] | https://www.adidas.com.cn [200] | https://www.adidas.com/us [403] | https://www.adidas.com [403] | https://www.adidas.co.uk/ [403] | https://www.adidas.co.uk [403] | https://www.adidas.com.hk/en [403] | https://www.adidas.com.hk [403] | https://adidas.jd.com/ [200] | https://adidas.jd.com [200] | https://www.adidas.jp/ [403] | https://www.adidas.jp [403],2,0,,no_verified_official_skp,No product-level official row passed token and product-page verification.,2026-05-31
Q12026-024,J.Crew Rollneck Remix,J.Crew,Buci NYC; Collina Strada; Eckhaus Latta; Patrick Taylor; Tanner Fletcher,28,https://www.jcrew.com/search/womens?Ntrm=Buci%20NYC [200] | https://www.insidehook.com/style/j-crew-rollneck-remix-2026 [200] | https://www.townandcountrymag.com/g70247115/jcrew-rollneck-sweater-capsule-collection-2026/ [200] | https://jcrew.com/collections/j-crew-for-buci-nyc [AbortError] | https://jcrew.com/collection/j-crew-for-buci-nyc [AbortError] | https://jcrew.com/collections/j-crew-x-buci-nyc [AbortError] | https://jcrew.com/collection/j-crew-x-buci-nyc [AbortError] | https://jcrew.com/collections/j-crew-buci-nyc [AbortError] | https://jcrew.com/collection/j-crew-buci-nyc [AbortError] | https://jcrew.com/collections/j-crew-rollneck-remix [AbortError] | https://jcrew.com/collection/j-crew-rollneck-remix [AbortError] | https://jcrew.com/collections/buci-nyc [AbortError] | https://jcrew.com/collection/buci-nyc [AbortError] | https://www.jcrew.com/collections/j-crew-for-buci-nyc [AbortError] | https://www.jcrew.com/collection/j-crew-for-buci-nyc [AbortError] | https://www.jcrew.com/collections/j-crew-x-buci-nyc [AbortError] | https://www.jcrew.com/collection/j-crew-x-buci-nyc [AbortError] | https://www.jcrew.com/collections/j-crew-buci-nyc [AbortError] | https://www.jcrew.com/collection/j-crew-buci-nyc [AbortError] | https://www.jcrew.com/collections/j-crew-rollneck-remix [AbortError] | https://www.jcrew.com/collection/j-crew-rollneck-remix [AbortError] | https://www.jcrew.com/collections/buci-nyc [AbortError] | https://www.jcrew.com/collection/buci-nyc [AbortError] | https://jcrew.com/search?q=Buci%20NYC [AbortError] | https://www.jcrew.com/search?q=Buci%20NYC [AbortError] | https://jcrew.com/search?q=Collina%20Strada [AbortError] | https://www.jcrew.com/search?q=Collina%20Strada [200] | https://insidehook.com/collections/j-crew-for-buci-nyc [404] | search:ddg:site:jcrew.com J.Crew Rollneck Remix Buci NYC [AbortError] | search:bing:site:jcrew.com J.Crew Rollneck Remix Buci NYC [200] | search:ddg:site:jcrew.com J.Crew Buci NYC [AbortError] | search:bing:site:jcrew.com J.Crew Buci NYC [200] | search:ddg:site:jcrew.com J.Crew Buci NYC shop [AbortError] | search:bing:site:jcrew.com J.Crew Buci NYC shop [200] | search:ddg:site:jcrew.com J.Crew Buci NYC collection [AbortError] | search:bing:site:jcrew.com J.Crew Buci NYC collection [200] | search:ddg:site:insidehook.com J.Crew Rollneck Remix Buci NYC [AbortError] | search:bing:site:insidehook.com J.Crew Rollneck Remix Buci NYC [200] | search:ddg:site:insidehook.com J.Crew Buci NYC [AbortError] | search:bing:site:insidehook.com J.Crew Buci NYC [200] | search:ddg:site:insidehook.com J.Crew Buci NYC shop [AbortError] | search:bing:site:insidehook.com J.Crew Buci NYC shop [200] | search:ddg:site:insidehook.com J.Crew Buci NYC collection [AbortError] | search:bing:site:insidehook.com J.Crew Buci NYC collection [200],10,0,,no_verified_official_skp,No product-level official row passed token and product-page verification.,2026-05-31
Q12026-025,Jimmy Choo x noir kei ninomiya Spring/Summer 2026,Jimmy Choo,noir kei ninomiya,25,https://www.anothermag.com/fashion-beauty/16964/jimmy-choo-noir-kei-ninomiya [200] | https://anothermag.com/collections/jimmy-choo-for-noir-kei-ninomiya [200] | https://anothermag.com/collection/jimmy-choo-for-noir-kei-ninomiya [404] | https://anothermag.com/collections/jimmy-choo-x-noir-kei-ninomiya [200] | https://anothermag.com/collection/jimmy-choo-x-noir-kei-ninomiya [404] | https://anothermag.com/collections/jimmy-choo-noir-kei-ninomiya [200] | https://anothermag.com/collection/jimmy-choo-noir-kei-ninomiya [404] | https://anothermag.com/collections/jimmy-choo [200] | https://anothermag.com/collection/jimmy-choo [404] | https://anothermag.com/collections/noir-kei-ninomiya [200] | https://anothermag.com/collection/noir-kei-ninomiya [200] | https://www.anothermag.com/collections/jimmy-choo-for-noir-kei-ninomiya [200] | https://www.anothermag.com/collection/jimmy-choo-for-noir-kei-ninomiya [404] | https://www.anothermag.com/collections/jimmy-choo-x-noir-kei-ninomiya [200] | https://www.anothermag.com/collection/jimmy-choo-x-noir-kei-ninomiya [404] | https://www.anothermag.com/collections/jimmy-choo-noir-kei-ninomiya [200] | https://www.anothermag.com/collection/jimmy-choo-noir-kei-ninomiya [404] | https://www.anothermag.com/collections/jimmy-choo [200] | https://www.anothermag.com/collection/jimmy-choo [404] | https://www.anothermag.com/collections/noir-kei-ninomiya [200] | https://www.anothermag.com/collection/noir-kei-ninomiya [200] | https://anothermag.com/search?q=noir%20kei%20ninomiya [200] | https://www.anothermag.com/search?q=noir%20kei%20ninomiya [200] | https://anothermag.com/search?q=Jimmy%20Choo%20x%20noir%20kei%20ninomiya [200] | https://www.anothermag.com/search?q=Jimmy%20Choo%20x%20noir%20kei%20ninomiya [200] | search:ddg:site:anothermag.com Jimmy Choo noir kei ninomiya [AbortError] | search:bing:site:anothermag.com Jimmy Choo noir kei ninomiya [200] | search:ddg:site:anothermag.com Jimmy Choo noir kei ninomiya shop [AbortError] | search:bing:site:anothermag.com Jimmy Choo noir kei ninomiya shop [200] | search:ddg:site:anothermag.com Jimmy Choo noir kei ninomiya collection [AbortError] | search:bing:site:anothermag.com Jimmy Choo noir kei ninomiya collection [200] | search:ddg:site:anothermag.com Jimmy Choo x noir kei ninomiya Spring/Summer 2026 shop [AbortError] | search:bing:site:anothermag.com Jimmy Choo x noir kei ninomiya Spring/Summer 2026 shop [200] | search:ddg:Jimmy Choo noir kei ninomiya official [AbortError] | search:bing:Jimmy Choo noir kei ninomiya official [200] | search:ddg:Jimmy Choo noir kei ninomiya shop official [AbortError] | search:bing:Jimmy Choo noir kei ninomiya shop official [200] | search:ddg:Jimmy Choo noir kei ninomiya collection official [AbortError] | search:bing:Jimmy Choo noir kei ninomiya collection official [200] | search:ddg:Jimmy Choo x noir kei ninomiya Spring/Summer 2026 shop official [AbortError] | search:bing:Jimmy Choo x noir kei ninomiya Spring/Summer 2026 shop official [200],0,0,,no_verified_official_skp,No product-level official row passed token and product-page verification.,2026-05-31
Q12026-026,Harlem's Fashion Row x Gap,Gap,Harlem's Fashion Row,30,https://www.gap.com/browse/search.do?searchText=Harlem%27s%20Fashion%20Row [200] | https://www.sneakershouts.com/fashion/2026/2/17/now-available-harlem-fashion-row-x-gap-collection [200] | https://gap.com/collections/gap-for-harlem-s-fashion-row [404] | https://gap.com/collection/gap-for-harlem-s-fashion-row [404] | https://gap.com/collections/gap-x-harlem-s-fashion-row [404] | https://gap.com/collection/gap-x-harlem-s-fashion-row [404] | https://gap.com/collections/gap-harlem-s-fashion-row [404] | https://gap.com/collection/gap-harlem-s-fashion-row [404] | https://gap.com/collections/harlem-s-fashion-row-x-gap [404] | https://gap.com/collection/harlem-s-fashion-row-x-gap [404] | https://gap.com/collections/harlem-s-fashion-row [404] | https://gap.com/collection/harlem-s-fashion-row [404] | https://www.gap.com/collections/gap-for-harlem-s-fashion-row [404] | https://www.gap.com/collection/gap-for-harlem-s-fashion-row [404] | https://www.gap.com/collections/gap-x-harlem-s-fashion-row [404] | https://www.gap.com/collection/gap-x-harlem-s-fashion-row [404] | https://www.gap.com/collections/gap-harlem-s-fashion-row [404] | https://www.gap.com/collection/gap-harlem-s-fashion-row [404] | https://www.gap.com/collections/harlem-s-fashion-row-x-gap [404] | https://www.gap.com/collection/harlem-s-fashion-row-x-gap [404] | https://www.gap.com/collections/harlem-s-fashion-row [404] | https://www.gap.com/collection/harlem-s-fashion-row [404] | https://www.gap.com/browse/search.do?searchText=Harlem's%20Fashion%20Row [200] | https://www.gap.com/browse/search.do?searchText=Harlem's%20Fashion%20Row%20x%20Gap [AbortError] | https://sneakershouts.com/collections/gap-for-harlem-s-fashion-row [404] | https://sneakershouts.com/collection/gap-for-harlem-s-fashion-row [404] | https://sneakershouts.com/collections/gap-x-harlem-s-fashion-row [404] | https://sneakershouts.com/collection/gap-x-harlem-s-fashion-row [404] | search:ddg:site:gap.com Harlem's Fashion Row Harlem's Fashion Row [AbortError] | search:bing:site:gap.com Harlem's Fashion Row Harlem's Fashion Row [200] | search:ddg:site:gap.com Gap Harlem's Fashion Row [AbortError] | search:bing:site:gap.com Gap Harlem's Fashion Row [200] | search:ddg:site:gap.com Gap Harlem's Fashion Row shop [AbortError] | search:bing:site:gap.com Gap Harlem's Fashion Row shop [200] | search:ddg:site:gap.com Gap Harlem's Fashion Row collection [AbortError] | search:bing:site:gap.com Gap Harlem's Fashion Row collection [200] | search:ddg:site:sneakershouts.com Harlem's Fashion Row Harlem's Fashion Row [AbortError] | search:bing:site:sneakershouts.com Harlem's Fashion Row Harlem's Fashion Row [200] | search:ddg:site:sneakershouts.com Gap Harlem's Fashion Row [AbortError] | search:bing:site:sneakershouts.com Gap Harlem's Fashion Row [200] | search:ddg:site:sneakershouts.com Gap Harlem's Fashion Row shop [AbortError] | search:bing:site:sneakershouts.com Gap Harlem's Fashion Row shop [200] | search:ddg:site:sneakershouts.com Gap Harlem's Fashion Row collection [AbortError] | search:bing:site:sneakershouts.com Gap Harlem's Fashion Row collection [200] | https://www.gap.com/ [200] | https://www.gap.com [200],0,0,,no_verified_official_skp,No product-level official row passed token and product-page verification.,2026-05-31
Q12026-028,Frame x Amelia Gray Collaboration Restock and Expansion,Frame,Amelia Gray,24,https://frame-store.com/collections/frame-for-amelia-gray [404] | https://frame-store.com/collection/frame-for-amelia-gray [404] | https://frame-store.com/collections/frame-x-amelia-gray [404] | https://frame-store.com/collection/frame-x-amelia-gray [404] | https://frame-store.com/collections/frame-amelia-gray [404] | https://frame-store.com/collection/frame-amelia-gray [404] | https://frame-store.com/collections/frame-x-amelia-gray-restock-and-expansion [404] | https://frame-store.com/collection/frame-x-amelia-gray-restock-and-expansion [404] | https://frame-store.com/collections/frame [200] | https://frame-store.com/collection/frame [404] | https://www.frame-store.com/collections/frame-for-amelia-gray [404] | https://www.frame-store.com/collection/frame-for-amelia-gray [404] | https://www.frame-store.com/collections/frame-x-amelia-gray [404] | https://www.frame-store.com/collection/frame-x-amelia-gray [404] | https://www.frame-store.com/collections/frame-amelia-gray [404] | https://www.frame-store.com/collection/frame-amelia-gray [404] | https://www.frame-store.com/collections/frame-x-amelia-gray-restock-and-expansion [404] | https://www.frame-store.com/collection/frame-x-amelia-gray-restock-and-expansion [404] | https://www.frame-store.com/collections/frame [200] | https://www.frame-store.com/collection/frame [404] | https://frame-store.com/search?q=Amelia%20Gray [200] | https://www.frame-store.com/search?q=Amelia%20Gray [200] | https://frame-store.com/search?q=Frame%20x%20Amelia%20Gray%20Restock%20and%20Expansion [200] | https://www.frame-store.com/search?q=Frame%20x%20Amelia%20Gray%20Restock%20and%20Expansion [200] | search:ddg:site:frame-store.com Frame Amelia Gray [AbortError] | search:bing:site:frame-store.com Frame Amelia Gray [200] | search:ddg:site:frame-store.com Frame Amelia Gray shop [AbortError] | search:bing:site:frame-store.com Frame Amelia Gray shop [200] | search:ddg:site:frame-store.com Frame Amelia Gray collection [AbortError] | search:bing:site:frame-store.com Frame Amelia Gray collection [200] | search:ddg:site:frame-store.com Frame x Amelia Gray Collaboration Restock and Expansion shop [AbortError] | search:bing:site:frame-store.com Frame x Amelia Gray Collaboration Restock and Expansion shop [200] | search:ddg:Frame Amelia Gray official [AbortError] | search:bing:Frame Amelia Gray official [200] | search:ddg:Frame Amelia Gray shop official [AbortError] | search:bing:Frame Amelia Gray shop official [200] | search:ddg:Frame Amelia Gray collection official [AbortError] | search:bing:Frame Amelia Gray collection official [200] | search:ddg:Frame x Amelia Gray Collaboration Restock and Expansion shop official [AbortError] | search:bing:Frame x Amelia Gray Collaboration Restock and Expansion shop official [200],12,0,,no_verified_official_skp,No product-level official row passed token and product-page verification.,2026-05-31
Q12026-029,Ray-Ban by A$AP Rocky Metal Eyewear Collection,Ray-Ban,A$AP Rocky,24,https://ray-ban.com/collections/ray-ban-for-a-ap-rocky [403] | https://ray-ban.com/collection/ray-ban-for-a-ap-rocky [403] | https://ray-ban.com/collections/ray-ban-x-a-ap-rocky [403] | https://ray-ban.com/collection/ray-ban-x-a-ap-rocky [403] | https://ray-ban.com/collections/ray-ban-a-ap-rocky [403] | https://ray-ban.com/collection/ray-ban-a-ap-rocky [403] | https://ray-ban.com/collections/ray-ban-by-a-ap-rocky-metal-eyewear [403] | https://ray-ban.com/collection/ray-ban-by-a-ap-rocky-metal-eyewear [403] | https://ray-ban.com/collections/ray-ban [403] | https://ray-ban.com/collection/ray-ban [403] | https://www.ray-ban.com/collections/ray-ban-for-a-ap-rocky [403] | https://www.ray-ban.com/collection/ray-ban-for-a-ap-rocky [403] | https://www.ray-ban.com/collections/ray-ban-x-a-ap-rocky [403] | https://www.ray-ban.com/collection/ray-ban-x-a-ap-rocky [403] | https://www.ray-ban.com/collections/ray-ban-a-ap-rocky [403] | https://www.ray-ban.com/collection/ray-ban-a-ap-rocky [403] | https://www.ray-ban.com/collections/ray-ban-by-a-ap-rocky-metal-eyewear [403] | https://www.ray-ban.com/collection/ray-ban-by-a-ap-rocky-metal-eyewear [403] | https://www.ray-ban.com/collections/ray-ban [403] | https://www.ray-ban.com/collection/ray-ban [403] | https://ray-ban.com/search?q=A%20AP%20Rocky [403] | https://www.ray-ban.com/search?q=A%20AP%20Rocky [403] | https://ray-ban.com/search?q=Ray-Ban%20by%20A%20AP%20Rocky%20Metal%20Eyewear [403] | https://www.ray-ban.com/search?q=Ray-Ban%20by%20A%20AP%20Rocky%20Metal%20Eyewear [403] | search:ddg:site:ray-ban.com Ray-Ban A$AP Rocky [AbortError] | search:bing:site:ray-ban.com Ray-Ban A$AP Rocky [200] | search:ddg:site:ray-ban.com Ray-Ban A$AP Rocky shop [AbortError] | search:bing:site:ray-ban.com Ray-Ban A$AP Rocky shop [200] | search:ddg:site:ray-ban.com Ray-Ban A$AP Rocky collection [AbortError] | search:bing:site:ray-ban.com Ray-Ban A$AP Rocky collection [200] | search:ddg:site:ray-ban.com Ray-Ban by A$AP Rocky Metal Eyewear Collection shop [AbortError] | search:bing:site:ray-ban.com Ray-Ban by A$AP Rocky Metal Eyewear Collection shop [200] | search:ddg:Ray-Ban A$AP Rocky official [AbortError] | search:bing:Ray-Ban A$AP Rocky official [200] | search:ddg:Ray-Ban A$AP Rocky shop official [AbortError] | search:bing:Ray-Ban A$AP Rocky shop official [200] | search:ddg:Ray-Ban A$AP Rocky collection official [AbortError] | search:bing:Ray-Ban A$AP Rocky collection official [200] | search:ddg:Ray-Ban by A$AP Rocky Metal Eyewear Collection shop official [AbortError] | search:bing:Ray-Ban by A$AP Rocky Metal Eyewear Collection shop official [200],0,0,,no_verified_official_skp,No product-level official row passed token and product-page verification.,2026-05-31
Q12026-031,On x Sky High Farm Goods SS26,On,Sky High Farm Goods,28,https://www.t3.com/active/running/on-and-sky-high-farm-goods-are-back-with-a-wildflower-inspired-trainer-drop-for-ss26 [200] | https://www.wonderlandmagazine.com/2026/02/06/meet-the-fashion-east-aw26-lineup/ [200] | https://t3.com/collections/on-for-sky-high-farm-goods [404] | https://t3.com/collection/on-for-sky-high-farm-goods [AbortError] | https://t3.com/collections/on-x-sky-high-farm-goods [404] | https://t3.com/collection/on-x-sky-high-farm-goods [404] | https://t3.com/collections/on-sky-high-farm-goods [404] | https://t3.com/collection/on-sky-high-farm-goods [404] | https://t3.com/collections/sky-high-farm-goods [404] | https://t3.com/collection/sky-high-farm-goods [404] | https://www.t3.com/collections/on-for-sky-high-farm-goods [404] | https://www.t3.com/collection/on-for-sky-high-farm-goods [404] | https://www.t3.com/collections/on-x-sky-high-farm-goods [404] | https://www.t3.com/collection/on-x-sky-high-farm-goods [404] | https://www.t3.com/collections/on-sky-high-farm-goods [404] | https://www.t3.com/collection/on-sky-high-farm-goods [404] | https://www.t3.com/collections/sky-high-farm-goods [404] | https://www.t3.com/collection/sky-high-farm-goods [404] | https://t3.com/search?q=Sky%20High%20Farm%20Goods [200] | https://www.t3.com/search?q=Sky%20High%20Farm%20Goods [200] | https://t3.com/search?q=On%20x%20Sky%20High%20Farm%20Goods [200] | https://www.t3.com/search?q=On%20x%20Sky%20High%20Farm%20Goods [200] | https://wonderlandmagazine.com/collections/on-for-sky-high-farm-goods [AbortError] | https://wonderlandmagazine.com/collection/on-for-sky-high-farm-goods [AbortError] | https://wonderlandmagazine.com/collections/on-x-sky-high-farm-goods [404] | https://wonderlandmagazine.com/collection/on-x-sky-high-farm-goods [404] | https://wonderlandmagazine.com/collections/on-sky-high-farm-goods [404] | https://wonderlandmagazine.com/collection/on-sky-high-farm-goods [404] | search:ddg:site:t3.com On Sky High Farm Goods [AbortError] | search:bing:site:t3.com On Sky High Farm Goods [200] | search:ddg:site:t3.com On Sky High Farm Goods shop [AbortError] | search:bing:site:t3.com On Sky High Farm Goods shop [200] | search:ddg:site:t3.com On Sky High Farm Goods collection [AbortError] | search:bing:site:t3.com On Sky High Farm Goods collection [200] | search:ddg:site:t3.com On x Sky High Farm Goods SS26 shop [AbortError] | search:bing:site:t3.com On x Sky High Farm Goods SS26 shop [200] | search:ddg:site:wonderlandmagazine.com On Sky High Farm Goods [AbortError] | search:bing:site:wonderlandmagazine.com On Sky High Farm Goods [200] | search:ddg:site:wonderlandmagazine.com On Sky High Farm Goods shop [AbortError] | search:bing:site:wonderlandmagazine.com On Sky High Farm Goods shop [200] | search:ddg:site:wonderlandmagazine.com On Sky High Farm Goods collection [AbortError] | search:bing:site:wonderlandmagazine.com On Sky High Farm Goods collection [200] | search:ddg:site:wonderlandmagazine.com On x Sky High Farm Goods SS26 shop [AbortError] | search:bing:site:wonderlandmagazine.com On x Sky High Farm Goods SS26 shop [200],0,0,,no_verified_official_skp,No product-level official row passed token and product-page verification.,2026-05-31
Q12026-032,Moschino x Snoop Dogg Winter Capsule,Moschino,Snoop Dogg,24,https://moschino.com/collections/moschino-for-snoop-dogg [404] | https://moschino.com/collection/moschino-for-snoop-dogg [404] | https://moschino.com/collections/moschino-x-snoop-dogg [404] | https://moschino.com/collection/moschino-x-snoop-dogg [404] | https://moschino.com/collections/moschino-snoop-dogg [404] | https://moschino.com/collection/moschino-snoop-dogg [404] | https://moschino.com/collections/moschino [404] | https://moschino.com/collection/moschino [404] | https://moschino.com/collections/snoop-dogg [404] | https://moschino.com/collection/snoop-dogg [404] | https://www.moschino.com/collections/moschino-for-snoop-dogg [404] | https://www.moschino.com/collection/moschino-for-snoop-dogg [404] | https://www.moschino.com/collections/moschino-x-snoop-dogg [404] | https://www.moschino.com/collection/moschino-x-snoop-dogg [404] | https://www.moschino.com/collections/moschino-snoop-dogg [404] | https://www.moschino.com/collection/moschino-snoop-dogg [404] | https://www.moschino.com/collections/moschino [404] | https://www.moschino.com/collection/moschino [404] | https://www.moschino.com/collections/snoop-dogg [404] | https://www.moschino.com/collection/snoop-dogg [404] | https://moschino.com/search?q=Snoop%20Dogg [200] | https://www.moschino.com/search?q=Snoop%20Dogg [200] | https://moschino.com/search?q=Moschino%20x%20Snoop%20Dogg [200] | https://www.moschino.com/search?q=Moschino%20x%20Snoop%20Dogg [200] | search:skipped:seed_official_candidates_verified,24,1,T-shirt Limited Edition Moschino x Snoop Dogg,official_skp_found,Accepted rows have official/retail product URLs and product-page verification.,2026-05-31
Q12026-033,AMERICANA for SALON 26SS,SALON adam et rope,AMERICANA,28,https://www.haveagood-holiday.com/en/articles/americana-salon-adam-et-rope-26ss-capsule-collection [200] | https://jadore-jun.jp/collections/salon-adam-et-rope-for-americana [TypeError] | https://jadore-jun.jp/collection/salon-adam-et-rope-for-americana [TypeError] | https://jadore-jun.jp/collections/salon-adam-et-rope-x-americana [TypeError] | https://jadore-jun.jp/collection/salon-adam-et-rope-x-americana [TypeError] | https://jadore-jun.jp/collections/salon-adam-et-rope-americana [TypeError] | https://jadore-jun.jp/collection/salon-adam-et-rope-americana [TypeError] | https://jadore-jun.jp/collections/americana-for-salon-26ss [TypeError] | https://jadore-jun.jp/collection/americana-for-salon-26ss [TypeError] | https://jadore-jun.jp/collections/americana [TypeError] | https://jadore-jun.jp/collection/americana [TypeError] | https://www.jadore-jun.jp/collections/salon-adam-et-rope-for-americana [503] | https://www.jadore-jun.jp/collection/salon-adam-et-rope-for-americana [503] | https://www.jadore-jun.jp/collections/salon-adam-et-rope-x-americana [503] | https://www.jadore-jun.jp/collection/salon-adam-et-rope-x-americana [503] | https://www.jadore-jun.jp/collections/salon-adam-et-rope-americana [503] | https://www.jadore-jun.jp/collection/salon-adam-et-rope-americana [503] | https://www.jadore-jun.jp/collections/americana-for-salon-26ss [503] | https://www.jadore-jun.jp/collection/americana-for-salon-26ss [503] | https://www.jadore-jun.jp/collections/americana [503] | https://www.jadore-jun.jp/collection/americana [503] | https://jadore-jun.jp/search?q=AMERICANA [TypeError] | https://www.jadore-jun.jp/search?q=AMERICANA [503] | https://jadore-jun.jp/search?q=AMERICANA%20for%20SALON%2026SS [TypeError] | https://www.jadore-jun.jp/search?q=AMERICANA%20for%20SALON%2026SS [503] | https://junonline.jp/collections/salon-adam-et-rope-for-americana [404] | https://junonline.jp/collection/salon-adam-et-rope-for-americana [404] | https://junonline.jp/collections/salon-adam-et-rope-x-americana [404] | search:ddg:site:jadore-jun.jp AMERICANA AMERICANA [AbortError] | search:bing:site:jadore-jun.jp AMERICANA AMERICANA [200] | search:ddg:site:jadore-jun.jp SALON adam et rope AMERICANA [AbortError] | search:bing:site:jadore-jun.jp SALON adam et rope AMERICANA [200] | search:ddg:site:jadore-jun.jp SALON adam et rope AMERICANA shop [AbortError] | search:bing:site:jadore-jun.jp SALON adam et rope AMERICANA shop [200] | search:ddg:site:jadore-jun.jp SALON adam et rope AMERICANA collection [AbortError] | search:bing:site:jadore-jun.jp SALON adam et rope AMERICANA collection [200] | search:ddg:site:junonline.jp AMERICANA AMERICANA [AbortError] | search:bing:site:junonline.jp AMERICANA AMERICANA [200] | search:ddg:site:junonline.jp SALON adam et rope AMERICANA [AbortError] | search:bing:site:junonline.jp SALON adam et rope AMERICANA [200] | search:ddg:site:junonline.jp SALON adam et rope AMERICANA shop [AbortError] | search:bing:site:junonline.jp SALON adam et rope AMERICANA shop [200] | search:ddg:site:junonline.jp SALON adam et rope AMERICANA collection [AbortError] | search:bing:site:junonline.jp SALON adam et rope AMERICANA collection [200],0,0,,no_verified_official_skp,No product-level official row passed token and product-page verification.,2026-05-31
Q12026-034,NEWYORKER WOMEN x Artisan & Artist Spring 2026,NEWYORKER WOMEN,Artisan & Artist,25,https://www.haveagood-holiday.com/en/articles/newyorker-artisan-artist-2026-spring-collaboration-pouches [200] | https://haveagood-holiday.com/collections/newyorker-women-for-artisan-and-artist [200] | https://haveagood-holiday.com/collection/newyorker-women-for-artisan-and-artist [200] | https://haveagood-holiday.com/collections/newyorker-women-x-artisan-and-artist [200] | https://haveagood-holiday.com/collection/newyorker-women-x-artisan-and-artist [200] | https://haveagood-holiday.com/collections/newyorker-women-artisan-and-artist [200] | https://haveagood-holiday.com/collection/newyorker-women-artisan-and-artist [200] | https://haveagood-holiday.com/collections/newyorker-women [200] | https://haveagood-holiday.com/collection/newyorker-women [200] | https://haveagood-holiday.com/collections/artisan-and-artist [200] | https://haveagood-holiday.com/collection/artisan-and-artist [200] | https://www.haveagood-holiday.com/collections/newyorker-women-for-artisan-and-artist [200] | https://www.haveagood-holiday.com/collection/newyorker-women-for-artisan-and-artist [200] | https://www.haveagood-holiday.com/collections/newyorker-women-x-artisan-and-artist [200] | https://www.haveagood-holiday.com/collection/newyorker-women-x-artisan-and-artist [200] | https://www.haveagood-holiday.com/collections/newyorker-women-artisan-and-artist [200] | https://www.haveagood-holiday.com/collection/newyorker-women-artisan-and-artist [200] | https://www.haveagood-holiday.com/collections/newyorker-women [200] | https://www.haveagood-holiday.com/collection/newyorker-women [200] | https://www.haveagood-holiday.com/collections/artisan-and-artist [200] | https://www.haveagood-holiday.com/collection/artisan-and-artist [200] | https://haveagood-holiday.com/search?q=Artisan%20%26%20Artist [200] | https://www.haveagood-holiday.com/search?q=Artisan%20%26%20Artist [200] | https://haveagood-holiday.com/search?q=NEWYORKER%20WOMEN%20x%20Artisan%20%26%20Artist [200] | https://www.haveagood-holiday.com/search?q=NEWYORKER%20WOMEN%20x%20Artisan%20%26%20Artist [200] | search:ddg:site:haveagood-holiday.com NEWYORKER WOMEN Artisan & Artist [AbortError] | search:bing:site:haveagood-holiday.com NEWYORKER WOMEN Artisan & Artist [200] | search:ddg:site:haveagood-holiday.com NEWYORKER WOMEN Artisan & Artist shop [AbortError] | search:bing:site:haveagood-holiday.com NEWYORKER WOMEN Artisan & Artist shop [200] | search:ddg:site:haveagood-holiday.com NEWYORKER WOMEN Artisan & Artist collection [AbortError] | search:bing:site:haveagood-holiday.com NEWYORKER WOMEN Artisan & Artist collection [200] | search:ddg:site:haveagood-holiday.com NEWYORKER WOMEN x Artisan & Artist Spring 2026 shop [AbortError] | search:bing:site:haveagood-holiday.com NEWYORKER WOMEN x Artisan & Artist Spring 2026 shop [200] | search:ddg:NEWYORKER WOMEN Artisan & Artist official [AbortError] | search:bing:NEWYORKER WOMEN Artisan & Artist official [200] | search:ddg:NEWYORKER WOMEN Artisan & Artist shop official [AbortError] | search:bing:NEWYORKER WOMEN Artisan & Artist shop official [200] | search:ddg:NEWYORKER WOMEN Artisan & Artist collection official [AbortError] | search:bing:NEWYORKER WOMEN Artisan & Artist collection official [200] | search:ddg:NEWYORKER WOMEN x Artisan & Artist Spring 2026 shop official [AbortError] | search:bing:NEWYORKER WOMEN x Artisan & Artist Spring 2026 shop official [200],0,0,,no_verified_official_skp,No product-level official row passed token and product-page verification.,2026-05-31
Q12026-035,Cupshe x Jessie James Decker Casa del Sol,Cupshe,Jessie James Decker; Eric Decker,30,https://www.cupshe.com/search?q=Jessie%20James%20Decker [200] | https://www.streetinsider.com/Press%2BReleases/Cupshe%2BLaunches%2BCasa%2Bdel%2BSol%2C%2Ba%2BTwo-Part%2BCollection%2BCo-Designed%2Bwith%2BJessie%2BJames%2BDecker%2Band%2BEric%2BDecker/26067493.html [403] | https://cupshe.com/collections/cupshe-for-jessie-james-decker [200] | https://cupshe.com/collection/cupshe-for-jessie-james-decker [404] | https://cupshe.com/collections/cupshe-x-jessie-james-decker [200] | https://cupshe.com/collection/cupshe-x-jessie-james-decker [404] | https://cupshe.com/collections/cupshe-jessie-james-decker [200] | https://cupshe.com/collection/cupshe-jessie-james-decker [404] | https://cupshe.com/collections/cupshe-x-jessie-james-decker-casa-del-sol [200] | https://cupshe.com/collection/cupshe-x-jessie-james-decker-casa-del-sol [404] | https://cupshe.com/collections/cupshe [200] | https://cupshe.com/collection/cupshe [404] | https://www.cupshe.com/collections/cupshe-for-jessie-james-decker [200] | https://www.cupshe.com/collection/cupshe-for-jessie-james-decker [404] | https://www.cupshe.com/collections/cupshe-x-jessie-james-decker [200] | https://www.cupshe.com/collection/cupshe-x-jessie-james-decker [404] | https://www.cupshe.com/collections/cupshe-jessie-james-decker [200] | https://www.cupshe.com/collection/cupshe-jessie-james-decker [404] | https://www.cupshe.com/collections/cupshe-x-jessie-james-decker-casa-del-sol [200] | https://www.cupshe.com/collection/cupshe-x-jessie-james-decker-casa-del-sol [404] | https://www.cupshe.com/collections/cupshe [200] | https://www.cupshe.com/collection/cupshe [404] | https://www.cupshe.com/search?q=Eric%20Decker [200] | https://streetinsider.com/collections/cupshe-for-jessie-james-decker [403] | https://streetinsider.com/collection/cupshe-for-jessie-james-decker [403] | https://streetinsider.com/collections/cupshe-x-jessie-james-decker [403] | https://streetinsider.com/collection/cupshe-x-jessie-james-decker [403] | https://streetinsider.com/collections/cupshe-jessie-james-decker [403] | search:ddg:site:cupshe.com Cupshe Jessie James Decker [AbortError] | search:bing:site:cupshe.com Cupshe Jessie James Decker [200] | search:ddg:site:cupshe.com Cupshe Jessie James Decker shop [AbortError] | search:bing:site:cupshe.com Cupshe Jessie James Decker shop [200] | search:ddg:site:cupshe.com Cupshe Jessie James Decker collection [AbortError] | search:bing:site:cupshe.com Cupshe Jessie James Decker collection [200] | search:ddg:site:cupshe.com Cupshe x Jessie James Decker Casa del Sol shop [AbortError] | search:bing:site:cupshe.com Cupshe x Jessie James Decker Casa del Sol shop [200] | search:ddg:site:streetinsider.com Cupshe Jessie James Decker [AbortError] | search:bing:site:streetinsider.com Cupshe Jessie James Decker [200] | search:ddg:site:streetinsider.com Cupshe Jessie James Decker shop [AbortError] | search:bing:site:streetinsider.com Cupshe Jessie James Decker shop [200] | search:ddg:site:streetinsider.com Cupshe Jessie James Decker collection [AbortError] | search:bing:site:streetinsider.com Cupshe Jessie James Decker collection [200] | search:ddg:site:streetinsider.com Cupshe x Jessie James Decker Casa del Sol shop [AbortError] | search:bing:site:streetinsider.com Cupshe x Jessie James Decker Casa del Sol shop [200] | https://www.cupshe.com/ [200] | https://www.cupshe.com [200],30,0,,no_verified_official_skp,No product-level official row passed token and product-page verification.,2026-05-31
Q12026-036,Marchesa Mini x Gymboree,Gymboree,Marchesa Mini,28,https://www.stocktitan.net/news/PLCE/gymboree-and-marchesa-introduce-marchesa-mini-x-gymboree-a-9j4kcpqbwo0o.html [200] | https://gymboree.com/collections/gymboree-for-marchesa-mini [404] | https://gymboree.com/collection/gymboree-for-marchesa-mini [404] | https://gymboree.com/collections/gymboree-x-marchesa-mini [404] | https://gymboree.com/collection/gymboree-x-marchesa-mini [404] | https://gymboree.com/collections/gymboree-marchesa-mini [404] | https://gymboree.com/collection/gymboree-marchesa-mini [404] | https://gymboree.com/collections/marchesa-mini-x-gymboree [404] | https://gymboree.com/collection/marchesa-mini-x-gymboree [404] | https://gymboree.com/collections/marchesa-mini [404] | https://gymboree.com/collection/marchesa-mini [404] | https://www.gymboree.com/collections/gymboree-for-marchesa-mini [404] | https://www.gymboree.com/collection/gymboree-for-marchesa-mini [404] | https://www.gymboree.com/collections/gymboree-x-marchesa-mini [404] | https://www.gymboree.com/collection/gymboree-x-marchesa-mini [404] | https://www.gymboree.com/collections/gymboree-marchesa-mini [404] | https://www.gymboree.com/collection/gymboree-marchesa-mini [404] | https://www.gymboree.com/collections/marchesa-mini-x-gymboree [404] | https://www.gymboree.com/collection/marchesa-mini-x-gymboree [404] | https://www.gymboree.com/collections/marchesa-mini [404] | https://www.gymboree.com/collection/marchesa-mini [404] | https://gymboree.com/search?q=Marchesa%20Mini [200] | https://www.gymboree.com/search?q=Marchesa%20Mini [200] | https://gymboree.com/search?q=Marchesa%20Mini%20x%20Gymboree [200] | https://www.gymboree.com/search?q=Marchesa%20Mini%20x%20Gymboree [200] | https://childrensplace.com/collections/gymboree-for-marchesa-mini [404] | https://childrensplace.com/collection/gymboree-for-marchesa-mini [404] | https://childrensplace.com/collections/gymboree-x-marchesa-mini [404] | search:ddg:site:gymboree.com Marchesa Mini Marchesa Mini [AbortError] | search:bing:site:gymboree.com Marchesa Mini Marchesa Mini [200] | search:ddg:site:gymboree.com Gymboree Marchesa Mini [AbortError] | search:bing:site:gymboree.com Gymboree Marchesa Mini [200] | search:ddg:site:gymboree.com Gymboree Marchesa Mini shop [AbortError] | search:bing:site:gymboree.com Gymboree Marchesa Mini shop [200] | search:ddg:site:gymboree.com Gymboree Marchesa Mini collection [AbortError] | search:bing:site:gymboree.com Gymboree Marchesa Mini collection [200] | search:ddg:site:childrensplace.com Marchesa Mini Marchesa Mini [AbortError] | search:bing:site:childrensplace.com Marchesa Mini Marchesa Mini [200] | search:ddg:site:childrensplace.com Gymboree Marchesa Mini [AbortError] | search:bing:site:childrensplace.com Gymboree Marchesa Mini [200] | search:ddg:site:childrensplace.com Gymboree Marchesa Mini shop [AbortError] | search:bing:site:childrensplace.com Gymboree Marchesa Mini shop [200] | search:ddg:site:childrensplace.com Gymboree Marchesa Mini collection [AbortError] | search:bing:site:childrensplace.com Gymboree Marchesa Mini collection [200],0,0,,no_verified_official_skp,No product-level official row passed token and product-page verification.,2026-05-31
Q12026-037,JOURNAL STANDARD x Technics SL-1200 Capsule,JOURNAL STANDARD,Technics,24,https://baycrews.jp/collections/journal-standard-for-technics [404] | https://baycrews.jp/collection/journal-standard-for-technics [404] | https://baycrews.jp/collections/journal-standard-x-technics [404] | https://baycrews.jp/collection/journal-standard-x-technics [404] | https://baycrews.jp/collections/journal-standard-technics [404] | https://baycrews.jp/collection/journal-standard-technics [404] | https://baycrews.jp/collections/journal-standard-x-technics-sl-1200 [404] | https://baycrews.jp/collection/journal-standard-x-technics-sl-1200 [404] | https://baycrews.jp/collections/journal-standard [404] | https://baycrews.jp/collection/journal-standard [404] | https://www.baycrews.jp/collections/journal-standard-for-technics [404] | https://www.baycrews.jp/collection/journal-standard-for-technics [404] | https://www.baycrews.jp/collections/journal-standard-x-technics [404] | https://www.baycrews.jp/collection/journal-standard-x-technics [404] | https://www.baycrews.jp/collections/journal-standard-technics [404] | https://www.baycrews.jp/collection/journal-standard-technics [404] | https://www.baycrews.jp/collections/journal-standard-x-technics-sl-1200 [404] | https://www.baycrews.jp/collection/journal-standard-x-technics-sl-1200 [404] | https://www.baycrews.jp/collections/journal-standard [404] | https://www.baycrews.jp/collection/journal-standard [404] | https://baycrews.jp/search?q=Technics [404] | https://www.baycrews.jp/search?q=Technics [404] | https://baycrews.jp/search?q=JOURNAL%20STANDARD%20x%20Technics%20SL-1200 [404] | https://www.baycrews.jp/search?q=JOURNAL%20STANDARD%20x%20Technics%20SL-1200 [404] | search:ddg:site:baycrews.jp JOURNAL STANDARD Technics [AbortError] | search:bing:site:baycrews.jp JOURNAL STANDARD Technics [200] | search:ddg:site:baycrews.jp JOURNAL STANDARD Technics shop [AbortError] | search:bing:site:baycrews.jp JOURNAL STANDARD Technics shop [200] | search:ddg:site:baycrews.jp JOURNAL STANDARD Technics collection [AbortError] | search:bing:site:baycrews.jp JOURNAL STANDARD Technics collection [200] | search:ddg:site:baycrews.jp JOURNAL STANDARD x Technics SL-1200 Capsule shop [AbortError] | search:bing:site:baycrews.jp JOURNAL STANDARD x Technics SL-1200 Capsule shop [200] | search:ddg:JOURNAL STANDARD Technics official [AbortError] | search:bing:JOURNAL STANDARD Technics official [200] | search:ddg:JOURNAL STANDARD Technics shop official [AbortError] | search:bing:JOURNAL STANDARD Technics shop official [200] | search:ddg:JOURNAL STANDARD Technics collection official [AbortError] | search:bing:JOURNAL STANDARD Technics collection official [200] | search:ddg:JOURNAL STANDARD x Technics SL-1200 Capsule shop official [AbortError] | search:bing:JOURNAL STANDARD x Technics SL-1200 Capsule shop official [200],0,0,,no_verified_official_skp,No product-level official row passed token and product-page verification.,2026-05-31
Q12026-038,Aimé Leon Dore x New Balance SS26 Activewear Capsule,Aimé Leon Dore,New Balance,28,https://modernnotoriety.com/aime-leon-dore-spring-summer-2026-collection-release-date/ [200] | https://www.finallyoffline.com/article/aime-leon-dore-ss26-drops-with-new-balance [200] | https://aimeleondore.com/collections/aim-leon-dore-for-new-balance [404] | https://aimeleondore.com/collection/aim-leon-dore-for-new-balance [404] | https://aimeleondore.com/collections/aim-leon-dore-x-new-balance [404] | https://aimeleondore.com/collection/aim-leon-dore-x-new-balance [404] | https://aimeleondore.com/collections/aim-leon-dore-new-balance [404] | https://aimeleondore.com/collection/aim-leon-dore-new-balance [404] | https://aimeleondore.com/collections/aim-leon-dore-x-new-balance-activewear [404] | https://aimeleondore.com/collection/aim-leon-dore-x-new-balance-activewear [404] | https://aimeleondore.com/collections/aim-leon-dore [404] | https://aimeleondore.com/collection/aim-leon-dore [404] | https://www.aimeleondore.com/collections/aim-leon-dore-for-new-balance [404] | https://www.aimeleondore.com/collection/aim-leon-dore-for-new-balance [404] | https://www.aimeleondore.com/collections/aim-leon-dore-x-new-balance [404] | https://www.aimeleondore.com/collection/aim-leon-dore-x-new-balance [404] | https://www.aimeleondore.com/collections/aim-leon-dore-new-balance [404] | https://www.aimeleondore.com/collection/aim-leon-dore-new-balance [404] | https://www.aimeleondore.com/collections/aim-leon-dore-x-new-balance-activewear [404] | https://www.aimeleondore.com/collection/aim-leon-dore-x-new-balance-activewear [404] | https://www.aimeleondore.com/collections/aim-leon-dore [404] | https://www.aimeleondore.com/collection/aim-leon-dore [404] | https://aimeleondore.com/search?q=New%20Balance [200] | https://www.aimeleondore.com/search?q=New%20Balance [200] | https://aimeleondore.com/search?q=Aim%20Leon%20Dore%20x%20New%20Balance%20Activewear [200] | https://www.aimeleondore.com/search?q=Aim%20Leon%20Dore%20x%20New%20Balance%20Activewear [200] | https://modernnotoriety.com/collections/aim-leon-dore-for-new-balance [200] | https://modernnotoriety.com/collection/aim-leon-dore-for-new-balance [200] | search:ddg:site:aimeleondore.com Aimé Leon Dore New Balance [AbortError] | search:bing:site:aimeleondore.com Aimé Leon Dore New Balance [200] | search:ddg:site:aimeleondore.com Aimé Leon Dore New Balance shop [AbortError] | search:bing:site:aimeleondore.com Aimé Leon Dore New Balance shop [200] | search:ddg:site:aimeleondore.com Aimé Leon Dore New Balance collection [AbortError] | search:bing:site:aimeleondore.com Aimé Leon Dore New Balance collection [200] | search:ddg:site:aimeleondore.com Aimé Leon Dore x New Balance SS26 Activewear Capsule shop [AbortError] | search:bing:site:aimeleondore.com Aimé Leon Dore x New Balance SS26 Activewear Capsule shop [200] | search:ddg:site:modernnotoriety.com Aimé Leon Dore New Balance [AbortError] | search:bing:site:modernnotoriety.com Aimé Leon Dore New Balance [200] | search:ddg:site:modernnotoriety.com Aimé Leon Dore New Balance shop [AbortError] | search:bing:site:modernnotoriety.com Aimé Leon Dore New Balance shop [200] | search:ddg:site:modernnotoriety.com Aimé Leon Dore New Balance collection [AbortError] | search:bing:site:modernnotoriety.com Aimé Leon Dore New Balance collection [200] | search:ddg:site:modernnotoriety.com Aimé Leon Dore x New Balance SS26 Activewear Capsule shop [AbortError] | search:bing:site:modernnotoriety.com Aimé Leon Dore x New Balance SS26 Activewear Capsule shop [200],0,0,,no_verified_official_skp,No product-level official row passed token and product-page verification.,2026-05-31
Q12026-039,RAEN SS26 Ambassador Collaborations,RAEN,Coco Ho; Mikey February,28,https://shop-eat-surf-outdoor.com/press-releases/raen-introduces-its-spring-summer-2026-collection/616930/ [403] | https://raen.com/collections/raen-for-coco-ho [404] | https://raen.com/collection/raen-for-coco-ho [404] | https://raen.com/collections/raen-x-coco-ho [200] | https://raen.com/collection/raen-x-coco-ho [404] | https://raen.com/collections/raen-coco-ho [404] | https://raen.com/collection/raen-coco-ho [404] | https://raen.com/collections/raen-ambassador-collaborations [404] | https://raen.com/collection/raen-ambassador-collaborations [404] | https://raen.com/collections/coco-ho [404] | https://raen.com/collection/coco-ho [404] | https://www.raen.com/collections/raen-for-coco-ho [404] | https://www.raen.com/collection/raen-for-coco-ho [404] | https://www.raen.com/collections/raen-x-coco-ho [200] | https://www.raen.com/collection/raen-x-coco-ho [404] | https://www.raen.com/collections/raen-coco-ho [404] | https://www.raen.com/collection/raen-coco-ho [404] | https://www.raen.com/collections/raen-ambassador-collaborations [404] | https://www.raen.com/collection/raen-ambassador-collaborations [404] | https://www.raen.com/collections/coco-ho [404] | https://www.raen.com/collection/coco-ho [404] | https://raen.com/search?q=Coco%20Ho [200] | https://www.raen.com/search?q=Coco%20Ho [429] | https://raen.com/search?q=Mikey%20February [403] | https://www.raen.com/search?q=Mikey%20February [403] | https://shop-eat-surf-outdoor.com/collections/raen-for-coco-ho [403] | https://shop-eat-surf-outdoor.com/collection/raen-for-coco-ho [403] | https://shop-eat-surf-outdoor.com/collections/raen-x-coco-ho [403] | search:ddg:site:raen.com RAEN Ambassador Collaborations Coco Ho [AbortError] | search:bing:site:raen.com RAEN Ambassador Collaborations Coco Ho [200] | search:ddg:site:raen.com RAEN Coco Ho [AbortError] | search:bing:site:raen.com RAEN Coco Ho [200] | search:ddg:site:raen.com RAEN Coco Ho shop [AbortError] | search:bing:site:raen.com RAEN Coco Ho shop [200] | search:ddg:site:raen.com RAEN Coco Ho collection [AbortError] | search:bing:site:raen.com RAEN Coco Ho collection [200] | search:ddg:site:shop-eat-surf-outdoor.com RAEN Ambassador Collaborations Coco Ho [AbortError] | search:bing:site:shop-eat-surf-outdoor.com RAEN Ambassador Collaborations Coco Ho [200] | search:ddg:site:shop-eat-surf-outdoor.com RAEN Coco Ho [AbortError] | search:bing:site:shop-eat-surf-outdoor.com RAEN Coco Ho [200] | search:ddg:site:shop-eat-surf-outdoor.com RAEN Coco Ho shop [AbortError] | search:bing:site:shop-eat-surf-outdoor.com RAEN Coco Ho shop [200] | search:ddg:site:shop-eat-surf-outdoor.com RAEN Coco Ho collection [AbortError] | search:bing:site:shop-eat-surf-outdoor.com RAEN Coco Ho collection [200],80,0,,no_verified_official_skp,No product-level official row passed token and product-page verification.,2026-05-31
Q12026-040,Converse x Oshi no Ko Collection,Converse,Oshi no Ko / ABC-Mart,29,https://www.converse.com/collections/converse-for-oshi-no-ko [200] | https://respawn.outlookindia.com/pop-culture/pop-culture-news/converse-collabs-with-oshi-no-ko-for-an-anime-inspired-collection [200] | https://converse.com/collections/converse-for-oshi-no-ko [200] | https://converse.com/collection/converse-for-oshi-no-ko [200] | https://converse.com/collections/converse-x-oshi-no-ko [200] | https://converse.com/collection/converse-x-oshi-no-ko [200] | https://converse.com/collections/converse-oshi-no-ko [200] | https://converse.com/collection/converse-oshi-no-ko [200] | https://converse.com/collections/converse [200] | https://converse.com/collection/converse [200] | https://converse.com/collections/oshi-no-ko [200] | https://converse.com/collection/oshi-no-ko [200] | https://www.converse.com/collection/converse-for-oshi-no-ko [200] | https://www.converse.com/collections/converse-x-oshi-no-ko [200] | https://www.converse.com/collection/converse-x-oshi-no-ko [200] | https://www.converse.com/collections/converse-oshi-no-ko [200] | https://www.converse.com/collection/converse-oshi-no-ko [200] | https://www.converse.com/collections/converse [200] | https://www.converse.com/collection/converse [200] | https://www.converse.com/collections/oshi-no-ko [200] | https://www.converse.com/collection/oshi-no-ko [200] | https://www.converse.com/shop/search?q=Oshi%20no%20Ko [200] | https://www.converse.com/shop/search?q=ABC-Mart [200] | https://respawn.outlookindia.com/collections/converse-for-oshi-no-ko [404] | https://respawn.outlookindia.com/collection/converse-for-oshi-no-ko [404] | https://respawn.outlookindia.com/collections/converse-x-oshi-no-ko [404] | https://respawn.outlookindia.com/collection/converse-x-oshi-no-ko [404] | https://respawn.outlookindia.com/collections/converse-oshi-no-ko [404] | search:ddg:site:converse.com Converse Oshi no Ko [AbortError] | search:bing:site:converse.com Converse Oshi no Ko [200] | search:ddg:site:converse.com Converse Oshi no Ko shop [AbortError] | search:bing:site:converse.com Converse Oshi no Ko shop [200] | search:ddg:site:converse.com Converse Oshi no Ko collection [AbortError] | search:bing:site:converse.com Converse Oshi no Ko collection [200] | search:ddg:site:converse.com Converse x Oshi no Ko Collection shop [AbortError] | search:bing:site:converse.com Converse x Oshi no Ko Collection shop [200] | search:ddg:site:respawn.outlookindia.com Converse Oshi no Ko [AbortError] | search:bing:site:respawn.outlookindia.com Converse Oshi no Ko [200] | search:ddg:site:respawn.outlookindia.com Converse Oshi no Ko shop [AbortError] | search:bing:site:respawn.outlookindia.com Converse Oshi no Ko shop [200] | search:ddg:site:respawn.outlookindia.com Converse Oshi no Ko collection [AbortError] | search:bing:site:respawn.outlookindia.com Converse Oshi no Ko collection [200] | search:ddg:site:respawn.outlookindia.com Converse x Oshi no Ko Collection shop [AbortError] | search:bing:site:respawn.outlookindia.com Converse x Oshi no Ko Collection shop [200] | https://www.nike.com/w/converse-akmjx [200],7884,0,,no_verified_official_skp,No product-level official row passed token and product-page verification.,2026-05-31
Q12026-041,The Whitaker Group x adidas Capsule,The Whitaker Group,adidas,28,https://socialstatuspgh.com/collections/the-whitaker-group-for-adidas [403] | https://socialstatuspgh.com/collection/the-whitaker-group-for-adidas [403] | https://socialstatuspgh.com/collections/the-whitaker-group-x-adidas [403] | https://socialstatuspgh.com/collection/the-whitaker-group-x-adidas [403] | https://socialstatuspgh.com/collections/the-whitaker-group-adidas [403] | https://socialstatuspgh.com/collection/the-whitaker-group-adidas [403] | https://socialstatuspgh.com/collections/the-whitaker-group [403] | https://socialstatuspgh.com/collection/the-whitaker-group [403] | https://socialstatuspgh.com/collections/adidas [403] | https://socialstatuspgh.com/collection/adidas [403] | https://www.socialstatuspgh.com/collections/the-whitaker-group-for-adidas [403] | https://www.socialstatuspgh.com/collection/the-whitaker-group-for-adidas [403] | https://www.socialstatuspgh.com/collections/the-whitaker-group-x-adidas [403] | https://www.socialstatuspgh.com/collection/the-whitaker-group-x-adidas [403] | https://www.socialstatuspgh.com/collections/the-whitaker-group-adidas [403] | https://www.socialstatuspgh.com/collection/the-whitaker-group-adidas [403] | https://www.socialstatuspgh.com/collections/the-whitaker-group [403] | https://www.socialstatuspgh.com/collection/the-whitaker-group [403] | https://www.socialstatuspgh.com/collections/adidas [403] | https://www.socialstatuspgh.com/collection/adidas [403] | https://socialstatuspgh.com/search?q=adidas [403] | https://www.socialstatuspgh.com/search?q=adidas [403] | https://socialstatuspgh.com/search?q=The%20Whitaker%20Group%20x%20adidas [403] | https://www.socialstatuspgh.com/search?q=The%20Whitaker%20Group%20x%20adidas [403] | https://a-ma-maniere.com/collections/the-whitaker-group-for-adidas [403] | https://a-ma-maniere.com/collection/the-whitaker-group-for-adidas [403] | https://a-ma-maniere.com/collections/the-whitaker-group-x-adidas [403] | https://a-ma-maniere.com/collection/the-whitaker-group-x-adidas [403] | search:ddg:site:socialstatuspgh.com The Whitaker Group adidas [AbortError] | search:bing:site:socialstatuspgh.com The Whitaker Group adidas [200] | search:ddg:site:socialstatuspgh.com The Whitaker Group adidas shop [AbortError] | search:bing:site:socialstatuspgh.com The Whitaker Group adidas shop [200] | search:ddg:site:socialstatuspgh.com The Whitaker Group adidas collection [AbortError] | search:bing:site:socialstatuspgh.com The Whitaker Group adidas collection [200] | search:ddg:site:socialstatuspgh.com The Whitaker Group x adidas Capsule shop [AbortError] | search:bing:site:socialstatuspgh.com The Whitaker Group x adidas Capsule shop [200] | search:ddg:site:a-ma-maniere.com The Whitaker Group adidas [AbortError] | search:bing:site:a-ma-maniere.com The Whitaker Group adidas [200] | search:ddg:site:a-ma-maniere.com The Whitaker Group adidas shop [AbortError] | search:bing:site:a-ma-maniere.com The Whitaker Group adidas shop [200] | search:ddg:site:a-ma-maniere.com The Whitaker Group adidas collection [AbortError] | search:bing:site:a-ma-maniere.com The Whitaker Group adidas collection [200] | search:ddg:site:a-ma-maniere.com The Whitaker Group x adidas Capsule shop [AbortError] | search:bing:site:a-ma-maniere.com The Whitaker Group x adidas Capsule shop [200],0,0,,no_verified_official_skp,No product-level official row passed token and product-page verification.,2026-05-31
Q12026-042,Cactus Plant Flea Market x Nike ACG Spring 2026,Cactus Plant Flea Market,Nike ACG,24,https://cactusplantfleamarket.com/collections/cactus-plant-flea-market-for-nike-acg [403] | https://cactusplantfleamarket.com/collection/cactus-plant-flea-market-for-nike-acg [403] | https://cactusplantfleamarket.com/collections/cactus-plant-flea-market-x-nike-acg [403] | https://cactusplantfleamarket.com/collection/cactus-plant-flea-market-x-nike-acg [403] | https://cactusplantfleamarket.com/collections/cactus-plant-flea-market-nike-acg [403] | https://cactusplantfleamarket.com/collection/cactus-plant-flea-market-nike-acg [403] | https://cactusplantfleamarket.com/collections/cactus-plant-flea-market [403] | https://cactusplantfleamarket.com/collection/cactus-plant-flea-market [403] | https://cactusplantfleamarket.com/collections/nike-acg [403] | https://cactusplantfleamarket.com/collection/nike-acg [403] | https://www.cactusplantfleamarket.com/collections/cactus-plant-flea-market-for-nike-acg [403] | https://www.cactusplantfleamarket.com/collection/cactus-plant-flea-market-for-nike-acg [403] | https://www.cactusplantfleamarket.com/collections/cactus-plant-flea-market-x-nike-acg [403] | https://www.cactusplantfleamarket.com/collection/cactus-plant-flea-market-x-nike-acg [403] | https://www.cactusplantfleamarket.com/collections/cactus-plant-flea-market-nike-acg [403] | https://www.cactusplantfleamarket.com/collection/cactus-plant-flea-market-nike-acg [403] | https://www.cactusplantfleamarket.com/collections/cactus-plant-flea-market [403] | https://www.cactusplantfleamarket.com/collection/cactus-plant-flea-market [403] | https://www.cactusplantfleamarket.com/collections/nike-acg [403] | https://www.cactusplantfleamarket.com/collection/nike-acg [403] | https://cactusplantfleamarket.com/search?q=Nike%20ACG [403] | https://www.cactusplantfleamarket.com/search?q=Nike%20ACG [403] | https://cactusplantfleamarket.com/search?q=Cactus%20Plant%20Flea%20Market%20x%20Nike%20ACG [429] | https://www.cactusplantfleamarket.com/search?q=Cactus%20Plant%20Flea%20Market%20x%20Nike%20ACG [403] | search:ddg:site:cactusplantfleamarket.com Cactus Plant Flea Market Nike ACG [AbortError] | search:bing:site:cactusplantfleamarket.com Cactus Plant Flea Market Nike ACG [200] | search:ddg:site:cactusplantfleamarket.com Cactus Plant Flea Market Nike ACG shop [AbortError] | search:bing:site:cactusplantfleamarket.com Cactus Plant Flea Market Nike ACG shop [200] | search:ddg:site:cactusplantfleamarket.com Cactus Plant Flea Market Nike ACG collection [AbortError] | search:bing:site:cactusplantfleamarket.com Cactus Plant Flea Market Nike ACG collection [200] | search:ddg:site:cactusplantfleamarket.com Cactus Plant Flea Market x Nike ACG Spring 2026 shop [AbortError] | search:bing:site:cactusplantfleamarket.com Cactus Plant Flea Market x Nike ACG Spring 2026 shop [200] | search:ddg:Cactus Plant Flea Market Nike ACG official [AbortError] | search:bing:Cactus Plant Flea Market Nike ACG official [200] | search:ddg:Cactus Plant Flea Market Nike ACG shop official [AbortError] | search:bing:Cactus Plant Flea Market Nike ACG shop official [200] | search:ddg:Cactus Plant Flea Market Nike ACG collection official [AbortError] | search:bing:Cactus Plant Flea Market Nike ACG collection official [200] | search:ddg:Cactus Plant Flea Market x Nike ACG Spring 2026 shop official [AbortError] | search:bing:Cactus Plant Flea Market x Nike ACG Spring 2026 shop official [200],0,0,,no_verified_official_skp,No product-level official row passed token and product-page verification.,2026-05-31
Q12026-043,Rakeem Miles x K-Swiss Drop 3,K-Swiss,Rakeem Miles,0,search:ddg:Rakeem Miles Rakeem Miles official [AbortError] | search:bing:Rakeem Miles Rakeem Miles official [200] | search:ddg:K-Swiss Rakeem Miles official [AbortError] | search:bing:K-Swiss Rakeem Miles official [200] | search:ddg:K-Swiss Rakeem Miles shop official [AbortError] | search:bing:K-Swiss Rakeem Miles shop official [200] | search:ddg:K-Swiss Rakeem Miles collection official [AbortError] | search:bing:K-Swiss Rakeem Miles collection official [200] | search:ddg:Rakeem Miles x K-Swiss Drop 3 shop official [AbortError] | search:bing:Rakeem Miles x K-Swiss Drop 3 shop official [200] | search:ddg:Rakeem Miles x K-Swiss Drop 3 product official [AbortError] | search:bing:Rakeem Miles x K-Swiss Drop 3 product official [200],0,0,,no_verified_official_skp,No product-level official row passed token and product-page verification.,2026-05-31
Q12026-044,The North Face x Cecilie Bahnsen Third Collaboration,The North Face,Cecilie Bahnsen,28,https://footwearmagazine.com/the-north-face-cecilie-bahnsen-third-collab/ [AbortError] | https://thenorthface.com/collections/the-north-face-for-cecilie-bahnsen [502] | https://thenorthface.com/collection/the-north-face-for-cecilie-bahnsen [502] | https://thenorthface.com/collections/the-north-face-x-cecilie-bahnsen [502] | https://thenorthface.com/collection/the-north-face-x-cecilie-bahnsen [502] | https://thenorthface.com/collections/the-north-face-cecilie-bahnsen [AbortError] | https://thenorthface.com/collection/the-north-face-cecilie-bahnsen [AbortError] | https://thenorthface.com/collections/the-north-face [502] | https://thenorthface.com/collection/the-north-face [502] | https://thenorthface.com/collections/cecilie-bahnsen [502] | https://thenorthface.com/collection/cecilie-bahnsen [502] | https://www.thenorthface.com/collections/the-north-face-for-cecilie-bahnsen [502] | https://www.thenorthface.com/collection/the-north-face-for-cecilie-bahnsen [502] | https://www.thenorthface.com/collections/the-north-face-x-cecilie-bahnsen [502] | https://www.thenorthface.com/collection/the-north-face-x-cecilie-bahnsen [502] | https://www.thenorthface.com/collections/the-north-face-cecilie-bahnsen [502] | https://www.thenorthface.com/collection/the-north-face-cecilie-bahnsen [502] | https://www.thenorthface.com/collections/the-north-face [502] | https://www.thenorthface.com/collection/the-north-face [502] | https://www.thenorthface.com/collections/cecilie-bahnsen [502] | https://www.thenorthface.com/collection/cecilie-bahnsen [AbortError] | https://thenorthface.com/search?q=Cecilie%20Bahnsen [502] | https://www.thenorthface.com/search?q=Cecilie%20Bahnsen [502] | https://thenorthface.com/search?q=The%20North%20Face%20x%20Cecilie%20Bahnsen%20Third [502] | https://www.thenorthface.com/search?q=The%20North%20Face%20x%20Cecilie%20Bahnsen%20Third [200] | https://ceciliebahnsen.com/collections/the-north-face-for-cecilie-bahnsen [403] | https://ceciliebahnsen.com/collection/the-north-face-for-cecilie-bahnsen [403] | https://ceciliebahnsen.com/collections/the-north-face-x-cecilie-bahnsen [403] | search:ddg:site:thenorthface.com The North Face Cecilie Bahnsen [AbortError] | search:bing:site:thenorthface.com The North Face Cecilie Bahnsen [200] | search:ddg:site:thenorthface.com The North Face Cecilie Bahnsen shop [AbortError] | search:bing:site:thenorthface.com The North Face Cecilie Bahnsen shop [200] | search:ddg:site:thenorthface.com The North Face Cecilie Bahnsen collection [AbortError] | search:bing:site:thenorthface.com The North Face Cecilie Bahnsen collection [200] | search:ddg:site:thenorthface.com The North Face x Cecilie Bahnsen Third Collaboration shop [AbortError] | search:bing:site:thenorthface.com The North Face x Cecilie Bahnsen Third Collaboration shop [200] | search:ddg:site:ceciliebahnsen.com The North Face Cecilie Bahnsen [AbortError] | search:bing:site:ceciliebahnsen.com The North Face Cecilie Bahnsen [200] | search:ddg:site:ceciliebahnsen.com The North Face Cecilie Bahnsen shop [AbortError] | search:bing:site:ceciliebahnsen.com The North Face Cecilie Bahnsen shop [200] | search:ddg:site:ceciliebahnsen.com The North Face Cecilie Bahnsen collection [AbortError] | search:bing:site:ceciliebahnsen.com The North Face Cecilie Bahnsen collection [200] | search:ddg:site:ceciliebahnsen.com The North Face x Cecilie Bahnsen Third Collaboration shop [AbortError] | search:bing:site:ceciliebahnsen.com The North Face x Cecilie Bahnsen Third Collaboration shop [200],5,0,,no_verified_official_skp,No product-level official row passed token and product-page verification.,2026-05-31
Q12026-045,Kith x On Running K-Tech,Kith,On Running,22,https://kith.com/collections/kith-for-on-running [403] | https://kith.com/collection/kith-for-on-running [403] | https://kith.com/collections/kith-x-on-running [403] | https://kith.com/collection/kith-x-on-running [403] | https://kith.com/collections/kith-on-running [403] | https://kith.com/collection/kith-on-running [403] | https://kith.com/collections/kith-x-on-running-k-tech [403] | https://kith.com/collection/kith-x-on-running-k-tech [403] | https://kith.com/collections/kith [403] | https://kith.com/collection/kith [403] | https://www.kith.com/collections/kith-for-on-running [403] | https://www.kith.com/collection/kith-for-on-running [403] | https://www.kith.com/collections/kith-x-on-running [403] | https://www.kith.com/collection/kith-x-on-running [403] | https://www.kith.com/collections/kith-on-running [403] | https://www.kith.com/collection/kith-on-running [403] | https://www.kith.com/collections/kith-x-on-running-k-tech [403] | https://www.kith.com/collection/kith-x-on-running-k-tech [403] | https://www.kith.com/collections/kith [403] | https://www.kith.com/collection/kith [403] | https://kith.com/search?q=On%20Running [403] | https://kith.com/search?q=Kith%20x%20On%20Running%20K-Tech [403] | search:ddg:site:kith.com Kith On Running [AbortError] | search:bing:site:kith.com Kith On Running [200] | search:ddg:site:kith.com Kith On Running shop [AbortError] | search:bing:site:kith.com Kith On Running shop [200] | search:ddg:site:kith.com Kith On Running collection [AbortError] | search:bing:site:kith.com Kith On Running collection [200] | search:ddg:site:kith.com Kith x On Running K-Tech shop [AbortError] | search:bing:site:kith.com Kith x On Running K-Tech shop [200] | search:ddg:Kith On Running official [AbortError] | search:bing:Kith On Running official [200] | search:ddg:Kith On Running shop official [AbortError] | search:bing:Kith On Running shop official [200] | search:ddg:Kith On Running collection official [AbortError] | search:bing:Kith On Running collection official [200] | search:ddg:Kith x On Running K-Tech shop official [AbortError] | search:bing:Kith x On Running K-Tech shop official [200],0,0,,no_verified_official_skp,No product-level official row passed token and product-page verification.,2026-05-31
Q12026-046,Thom Browne x ASICS GEL-KAYANO 14,Thom Browne,ASICS,28,https://footwearmagazine.com/asics-thom-browne-super-bowl-gel-kayano-14/ [200] | https://thombrowne.com/collections/thom-browne-for-asics [403] | https://thombrowne.com/collection/thom-browne-for-asics [403] | https://thombrowne.com/collections/thom-browne-x-asics [403] | https://thombrowne.com/collection/thom-browne-x-asics [403] | https://thombrowne.com/collections/thom-browne-asics [403] | https://thombrowne.com/collection/thom-browne-asics [403] | https://thombrowne.com/collections/thom-browne-x-asics-gel-kayano-14 [403] | https://thombrowne.com/collection/thom-browne-x-asics-gel-kayano-14 [403] | https://thombrowne.com/collections/thom-browne [403] | https://thombrowne.com/collection/thom-browne [403] | https://www.thombrowne.com/collections/thom-browne-for-asics [403] | https://www.thombrowne.com/collection/thom-browne-for-asics [403] | https://www.thombrowne.com/collections/thom-browne-x-asics [403] | https://www.thombrowne.com/collection/thom-browne-x-asics [403] | https://www.thombrowne.com/collections/thom-browne-asics [403] | https://www.thombrowne.com/collection/thom-browne-asics [403] | https://www.thombrowne.com/collections/thom-browne-x-asics-gel-kayano-14 [403] | https://www.thombrowne.com/collection/thom-browne-x-asics-gel-kayano-14 [403] | https://www.thombrowne.com/collections/thom-browne [403] | https://www.thombrowne.com/collection/thom-browne [403] | https://thombrowne.com/search?q=ASICS [403] | https://www.thombrowne.com/search?q=ASICS [403] | https://thombrowne.com/search?q=Thom%20Browne%20x%20ASICS%20GEL-KAYANO%2014 [403] | https://www.thombrowne.com/search?q=Thom%20Browne%20x%20ASICS%20GEL-KAYANO%2014 [403] | https://footwearmagazine.com/collections/thom-browne-for-asics [404] | https://footwearmagazine.com/collection/thom-browne-for-asics [404] | https://footwearmagazine.com/collections/thom-browne-x-asics [404] | search:ddg:site:thombrowne.com Thom Browne ASICS [AbortError] | search:bing:site:thombrowne.com Thom Browne ASICS [200] | search:ddg:site:thombrowne.com Thom Browne ASICS shop [AbortError] | search:bing:site:thombrowne.com Thom Browne ASICS shop [200] | search:ddg:site:thombrowne.com Thom Browne ASICS collection [AbortError] | search:bing:site:thombrowne.com Thom Browne ASICS collection [200] | search:ddg:site:thombrowne.com Thom Browne x ASICS GEL-KAYANO 14 shop [AbortError] | search:bing:site:thombrowne.com Thom Browne x ASICS GEL-KAYANO 14 shop [200] | search:ddg:site:footwearmagazine.com Thom Browne ASICS [AbortError] | search:bing:site:footwearmagazine.com Thom Browne ASICS [200] | search:ddg:site:footwearmagazine.com Thom Browne ASICS shop [AbortError] | search:bing:site:footwearmagazine.com Thom Browne ASICS shop [200] | search:ddg:site:footwearmagazine.com Thom Browne ASICS collection [AbortError] | search:bing:site:footwearmagazine.com Thom Browne ASICS collection [200] | search:ddg:site:footwearmagazine.com Thom Browne x ASICS GEL-KAYANO 14 shop [AbortError] | search:bing:site:footwearmagazine.com Thom Browne x ASICS GEL-KAYANO 14 shop [200],0,0,,no_verified_official_skp,No product-level official row passed token and product-page verification.,2026-05-31
Q12026-052,Tory Burch x The Explorers Club Women in Exploration,Tory Burch,The Explorers Club; Emily Damastra,27,https://www.toryburch.com/en-us/search/?q=The%20Explorers%20Club [200] | https://toryburch.com/collections/tory-burch-for-the-explorers-club [404] | https://toryburch.com/collection/tory-burch-for-the-explorers-club [404] | https://toryburch.com/collections/tory-burch-x-the-explorers-club [404] | https://toryburch.com/collection/tory-burch-x-the-explorers-club [404] | https://toryburch.com/collections/tory-burch-the-explorers-club [404] | https://toryburch.com/collection/tory-burch-the-explorers-club [404] | https://toryburch.com/collections/tory-burch-x-the-explorers-club-women-in-exploration [404] | https://toryburch.com/collection/tory-burch-x-the-explorers-club-women-in-exploration [404] | https://toryburch.com/collections/tory-burch [404] | https://toryburch.com/collection/tory-burch [404] | https://www.toryburch.com/collections/tory-burch-for-the-explorers-club [404] | https://www.toryburch.com/collection/tory-burch-for-the-explorers-club [404] | https://www.toryburch.com/collections/tory-burch-x-the-explorers-club [404] | https://www.toryburch.com/collection/tory-burch-x-the-explorers-club [404] | https://www.toryburch.com/collections/tory-burch-the-explorers-club [404] | https://www.toryburch.com/collection/tory-burch-the-explorers-club [404] | https://www.toryburch.com/collections/tory-burch-x-the-explorers-club-women-in-exploration [404] | https://www.toryburch.com/collection/tory-burch-x-the-explorers-club-women-in-exploration [404] | https://www.toryburch.com/collections/tory-burch [404] | https://www.toryburch.com/collection/tory-burch [404] | https://toryburch.com/search?q=The%20Explorers%20Club [200] | https://www.toryburch.com/search?q=The%20Explorers%20Club [200] | https://toryburch.com/search?q=Emily%20Damastra [200] | https://www.toryburch.com/search?q=Emily%20Damastra [200] | search:ddg:site:toryburch.com Tory Burch The Explorers Club [AbortError] | search:bing:site:toryburch.com Tory Burch The Explorers Club [200] | search:ddg:site:toryburch.com Tory Burch The Explorers Club shop [AbortError] | search:bing:site:toryburch.com Tory Burch The Explorers Club shop [200] | search:ddg:site:toryburch.com Tory Burch The Explorers Club collection [AbortError] | search:bing:site:toryburch.com Tory Burch The Explorers Club collection [200] | search:ddg:site:toryburch.com Tory Burch x The Explorers Club Women in Exploration shop [AbortError] | search:bing:site:toryburch.com Tory Burch x The Explorers Club Women in Exploration shop [200] | search:ddg:Tory Burch The Explorers Club official [AbortError] | search:bing:Tory Burch The Explorers Club official [200] | search:ddg:Tory Burch The Explorers Club shop official [AbortError] | search:bing:Tory Burch The Explorers Club shop official [200] | search:ddg:Tory Burch The Explorers Club collection official [AbortError] | search:bing:Tory Burch The Explorers Club collection official [200] | search:ddg:Tory Burch x The Explorers Club Women in Exploration shop official [AbortError] | search:bing:Tory Burch x The Explorers Club Women in Exploration shop official [200] | https://www.toryburch.com/en-us/ [200] | https://www.toryburch.com [200],0,0,,no_verified_official_skp,No product-level official row passed token and product-page verification.,2026-05-31
Q12026-053,Loeffler Randall x Underwater Weaving Basket Tote,Loeffler Randall,Underwater Weaving,24,https://loefflerrandall.com/collections/loeffler-randall-for-underwater-weaving [403] | https://loefflerrandall.com/collection/loeffler-randall-for-underwater-weaving [403] | https://loefflerrandall.com/collections/loeffler-randall-x-underwater-weaving [403] | https://loefflerrandall.com/collection/loeffler-randall-x-underwater-weaving [403] | https://loefflerrandall.com/collections/loeffler-randall-underwater-weaving [403] | https://loefflerrandall.com/collection/loeffler-randall-underwater-weaving [403] | https://loefflerrandall.com/collections/loeffler-randall-x-underwater-weaving-basket-tote [403] | https://loefflerrandall.com/collection/loeffler-randall-x-underwater-weaving-basket-tote [403] | https://loefflerrandall.com/collections/loeffler-randall [403] | https://loefflerrandall.com/collection/loeffler-randall [403] | https://www.loefflerrandall.com/collections/loeffler-randall-for-underwater-weaving [403] | https://www.loefflerrandall.com/collection/loeffler-randall-for-underwater-weaving [403] | https://www.loefflerrandall.com/collections/loeffler-randall-x-underwater-weaving [403] | https://www.loefflerrandall.com/collection/loeffler-randall-x-underwater-weaving [403] | https://www.loefflerrandall.com/collections/loeffler-randall-underwater-weaving [403] | https://www.loefflerrandall.com/collection/loeffler-randall-underwater-weaving [403] | https://www.loefflerrandall.com/collections/loeffler-randall-x-underwater-weaving-basket-tote [403] | https://www.loefflerrandall.com/collection/loeffler-randall-x-underwater-weaving-basket-tote [403] | https://www.loefflerrandall.com/collections/loeffler-randall [403] | https://www.loefflerrandall.com/collection/loeffler-randall [403] | https://loefflerrandall.com/search?q=Underwater%20Weaving [403] | https://www.loefflerrandall.com/search?q=Underwater%20Weaving [403] | https://loefflerrandall.com/search?q=Loeffler%20Randall%20x%20Underwater%20Weaving%20Basket%20Tote [403] | https://www.loefflerrandall.com/search?q=Loeffler%20Randall%20x%20Underwater%20Weaving%20Basket%20Tote [403] | search:ddg:site:loefflerrandall.com Loeffler Randall Underwater Weaving [AbortError] | search:bing:site:loefflerrandall.com Loeffler Randall Underwater Weaving [200] | search:ddg:site:loefflerrandall.com Loeffler Randall Underwater Weaving shop [AbortError] | search:bing:site:loefflerrandall.com Loeffler Randall Underwater Weaving shop [200] | search:ddg:site:loefflerrandall.com Loeffler Randall Underwater Weaving collection [AbortError] | search:bing:site:loefflerrandall.com Loeffler Randall Underwater Weaving collection [200] | search:ddg:site:loefflerrandall.com Loeffler Randall x Underwater Weaving Basket Tote shop [AbortError] | search:bing:site:loefflerrandall.com Loeffler Randall x Underwater Weaving Basket Tote shop [200] | search:ddg:Loeffler Randall Underwater Weaving official [AbortError] | search:bing:Loeffler Randall Underwater Weaving official [200] | search:ddg:Loeffler Randall Underwater Weaving shop official [AbortError] | search:bing:Loeffler Randall Underwater Weaving shop official [200] | search:ddg:Loeffler Randall Underwater Weaving collection official [AbortError] | search:bing:Loeffler Randall Underwater Weaving collection official [200] | search:ddg:Loeffler Randall x Underwater Weaving Basket Tote shop official [AbortError] | search:bing:Loeffler Randall x Underwater Weaving Basket Tote shop official [200],0,0,,no_verified_official_skp,No product-level official row passed token and product-page verification.,2026-05-31
Q12026-054,Stetson & THE GREAT. Western Collection,THE GREAT.,Stetson,28,https://thisisthegreat.com/collections/stetson-the-great [403] | https://shopping.yahoo.com/style/clothing/articles/stetson-great-partner-western-inspired-050100083.html [200] | https://stetson.com/collections/the-great-for-stetson [403] | https://stetson.com/collection/the-great-for-stetson [403] | https://stetson.com/collections/the-great-x-stetson [403] | https://stetson.com/collection/the-great-x-stetson [403] | https://stetson.com/collections/the-great-stetson [403] | https://stetson.com/collection/the-great-stetson [403] | https://stetson.com/collections/stetson-and-the-great-western [403] | https://stetson.com/collection/stetson-and-the-great-western [403] | https://stetson.com/collections/stetson [403] | https://stetson.com/collection/stetson [403] | https://www.stetson.com/collections/the-great-for-stetson [403] | https://www.stetson.com/collection/the-great-for-stetson [403] | https://www.stetson.com/collections/the-great-x-stetson [403] | https://www.stetson.com/collection/the-great-x-stetson [403] | https://www.stetson.com/collections/the-great-stetson [403] | https://www.stetson.com/collection/the-great-stetson [403] | https://www.stetson.com/collections/stetson-and-the-great-western [403] | https://www.stetson.com/collection/stetson-and-the-great-western [403] | https://www.stetson.com/collections/stetson [403] | https://www.stetson.com/collection/stetson [403] | https://stetson.com/search?q=Stetson [403] | https://www.stetson.com/search?q=Stetson [403] | https://stetson.com/search?q=Stetson%20%26%20THE%20GREAT%20Western [403] | https://www.stetson.com/search?q=Stetson%20%26%20THE%20GREAT%20Western [403] | https://thisisthegreat.com/collections/the-great-for-stetson [403] | https://thisisthegreat.com/collection/the-great-for-stetson [403] | search:ddg:site:stetson.com Stetson & THE GREAT. Western Stetson [AbortError] | search:bing:site:stetson.com Stetson & THE GREAT. Western Stetson [200] | search:ddg:site:stetson.com THE GREAT. Stetson [AbortError] | search:bing:site:stetson.com THE GREAT. Stetson [200] | search:ddg:site:stetson.com THE GREAT. Stetson shop [AbortError] | search:bing:site:stetson.com THE GREAT. Stetson shop [200] | search:ddg:site:stetson.com THE GREAT. Stetson collection [AbortError] | search:bing:site:stetson.com THE GREAT. Stetson collection [200] | search:ddg:site:thisisthegreat.com Stetson & THE GREAT. Western Stetson [AbortError] | search:bing:site:thisisthegreat.com Stetson & THE GREAT. Western Stetson [200] | search:ddg:site:thisisthegreat.com THE GREAT. Stetson [AbortError] | search:bing:site:thisisthegreat.com THE GREAT. Stetson [200] | search:ddg:site:thisisthegreat.com THE GREAT. Stetson shop [AbortError] | search:bing:site:thisisthegreat.com THE GREAT. Stetson shop [200] | search:ddg:site:thisisthegreat.com THE GREAT. Stetson collection [AbortError] | search:bing:site:thisisthegreat.com THE GREAT. Stetson collection [200],1,0,,no_verified_official_skp,No product-level official row passed token and product-page verification.,2026-05-31
Q12026-056,Topshop x Tolu Coker DOORS,Topshop,Tolu Coker,28,https://www.asosplc.com/news-and-media/latest-news/topshop-launches-capsule-collection-with-celebrated-designer-tolu-coker/ [200] | https://www.asosplc.com/news-and-media/latest-news/topshop-announces-capsule-collection-with-designer-tolu-coker-with-preview-revealed-during-tolu-coker-s-defining-london-fashion-week-show/ [200] | https://topshop.com/collections/topshop-for-tolu-coker [404] | https://topshop.com/collection/topshop-for-tolu-coker [404] | https://topshop.com/collections/topshop-x-tolu-coker [404] | https://topshop.com/collection/topshop-x-tolu-coker [404] | https://topshop.com/collections/topshop-tolu-coker [404] | https://topshop.com/collection/topshop-tolu-coker [404] | https://topshop.com/collections/topshop-x-tolu-coker-doors [404] | https://topshop.com/collection/topshop-x-tolu-coker-doors [404] | https://topshop.com/collections/topshop [404] | https://topshop.com/collection/topshop [404] | https://www.topshop.com/collections/topshop-for-tolu-coker [404] | https://www.topshop.com/collection/topshop-for-tolu-coker [404] | https://www.topshop.com/collections/topshop-x-tolu-coker [404] | https://www.topshop.com/collection/topshop-x-tolu-coker [404] | https://www.topshop.com/collections/topshop-tolu-coker [404] | https://www.topshop.com/collection/topshop-tolu-coker [404] | https://www.topshop.com/collections/topshop-x-tolu-coker-doors [404] | https://www.topshop.com/collection/topshop-x-tolu-coker-doors [404] | https://www.topshop.com/collections/topshop [404] | https://www.topshop.com/collection/topshop [404] | https://www.topshop.com/search?q=Tolu%20Coker [AbortError] | https://www.topshop.com/search?q=Topshop%20x%20Tolu%20Coker%20DOORS [404] | https://asos.com/collections/topshop-for-tolu-coker [200] | https://asos.com/collection/topshop-for-tolu-coker [200] | https://asos.com/collections/topshop-x-tolu-coker [200] | https://asos.com/collection/topshop-x-tolu-coker [200] | search:ddg:site:topshop.com Topshop Tolu Coker [AbortError] | search:bing:site:topshop.com Topshop Tolu Coker [200] | search:ddg:site:topshop.com Topshop Tolu Coker shop [AbortError] | search:bing:site:topshop.com Topshop Tolu Coker shop [200] | search:ddg:site:topshop.com Topshop Tolu Coker collection [AbortError] | search:bing:site:topshop.com Topshop Tolu Coker collection [200] | search:ddg:site:topshop.com Topshop x Tolu Coker DOORS shop [AbortError] | search:bing:site:topshop.com Topshop x Tolu Coker DOORS shop [200] | search:ddg:site:asos.com Topshop Tolu Coker [AbortError] | search:bing:site:asos.com Topshop Tolu Coker [200] | search:ddg:site:asos.com Topshop Tolu Coker shop [AbortError] | search:bing:site:asos.com Topshop Tolu Coker shop [200] | search:ddg:site:asos.com Topshop Tolu Coker collection [AbortError] | search:bing:site:asos.com Topshop Tolu Coker collection [200] | search:ddg:site:asos.com Topshop x Tolu Coker DOORS shop [AbortError] | search:bing:site:asos.com Topshop x Tolu Coker DOORS shop [200],64,0,,no_verified_official_skp,No product-level official row passed token and product-page verification.,2026-05-31
Q12026-057,Express x bebe Y2K Capsule,Express,bebe,22,https://express.com/collections/express-for-bebe [200] | https://express.com/collection/express-for-bebe [200] | https://express.com/collections/express-x-bebe [200] | https://express.com/collection/express-x-bebe [200] | https://express.com/collections/express-bebe [200] | https://express.com/collection/express-bebe [200] | https://express.com/collections/express-x-bebe-y2k [200] | https://express.com/collection/express-x-bebe-y2k [200] | https://express.com/collections/express [200] | https://express.com/collection/express [200] | https://www.express.com/collections/express-for-bebe [200] | https://www.express.com/collection/express-for-bebe [200] | https://www.express.com/collections/express-x-bebe [200] | https://www.express.com/collection/express-x-bebe [200] | https://www.express.com/collections/express-bebe [200] | https://www.express.com/collection/express-bebe [200] | https://www.express.com/collections/express-x-bebe-y2k [200] | https://www.express.com/collection/express-x-bebe-y2k [200] | https://www.express.com/collections/express [200] | https://www.express.com/collection/express [200] | https://www.express.com/search?q=bebe [200] | https://www.express.com/search?q=Express%20x%20bebe%20Y2K [200] | search:ddg:site:express.com Express bebe [AbortError] | search:bing:site:express.com Express bebe [200] | search:ddg:site:express.com Express bebe shop [AbortError] | search:bing:site:express.com Express bebe shop [200] | search:ddg:site:express.com Express bebe collection [AbortError] | search:bing:site:express.com Express bebe collection [200] | search:ddg:site:express.com Express x bebe Y2K Capsule shop [AbortError] | search:bing:site:express.com Express x bebe Y2K Capsule shop [200] | search:ddg:Express bebe official [AbortError] | search:bing:Express bebe official [200] | search:ddg:Express bebe shop official [AbortError] | search:bing:Express bebe shop official [200] | search:ddg:Express bebe collection official [AbortError] | search:bing:Express bebe collection official [200] | search:ddg:Express x bebe Y2K Capsule shop official [AbortError] | search:bing:Express x bebe Y2K Capsule shop official [200],0,0,,no_verified_official_skp,No product-level official row passed token and product-page verification.,2026-05-31
Q12026-058,TOGA x Umbro First Capsule Collection,TOGA,Umbro,28,https://snkrdunk.com/en/magazine/2026/03/19/toga-x-umbro-first-capsule-collection-19th-march-2026/ [200] | https://snkrdunk.com/en/magazine/2025/07/21/toga-x-umbro-ss26-release-date-price-where-to-buy/ [200] | https://toga.jp/collections/toga-for-umbro [TypeError] | https://toga.jp/collection/toga-for-umbro [TypeError] | https://toga.jp/collections/toga-x-umbro [TypeError] | https://toga.jp/collection/toga-x-umbro [TypeError] | https://toga.jp/collections/toga-umbro [TypeError] | https://toga.jp/collection/toga-umbro [TypeError] | https://toga.jp/collections/toga [TypeError] | https://toga.jp/collection/toga [TypeError] | https://toga.jp/collections/umbro [TypeError] | https://toga.jp/collection/umbro [TypeError] | https://www.toga.jp/collections/toga-for-umbro [TypeError] | https://www.toga.jp/collection/toga-for-umbro [TypeError] | https://www.toga.jp/collections/toga-x-umbro [TypeError] | https://www.toga.jp/collection/toga-x-umbro [TypeError] | https://www.toga.jp/collections/toga-umbro [TypeError] | https://www.toga.jp/collection/toga-umbro [TypeError] | https://www.toga.jp/collections/toga [TypeError] | https://www.toga.jp/collection/toga [TypeError] | https://www.toga.jp/collections/umbro [TypeError] | https://www.toga.jp/collection/umbro [TypeError] | https://toga.jp/search?q=Umbro [TypeError] | https://www.toga.jp/search?q=Umbro [TypeError] | https://toga.jp/search?q=TOGA%20x%20Umbro%20First [TypeError] | https://www.toga.jp/search?q=TOGA%20x%20Umbro%20First [TypeError] | https://snkrdunk.com/collections/toga-for-umbro [404] | https://snkrdunk.com/collection/toga-for-umbro [404] | search:ddg:site:toga.jp TOGA Umbro [AbortError] | search:bing:site:toga.jp TOGA Umbro [200] | search:ddg:site:toga.jp TOGA Umbro shop [AbortError] | search:bing:site:toga.jp TOGA Umbro shop [200] | search:ddg:site:toga.jp TOGA Umbro collection [AbortError] | search:bing:site:toga.jp TOGA Umbro collection [200] | search:ddg:site:toga.jp TOGA x Umbro First Capsule Collection shop [AbortError] | search:bing:site:toga.jp TOGA x Umbro First Capsule Collection shop [200] | search:ddg:site:snkrdunk.com TOGA Umbro [AbortError] | search:bing:site:snkrdunk.com TOGA Umbro [200] | search:ddg:site:snkrdunk.com TOGA Umbro shop [AbortError] | search:bing:site:snkrdunk.com TOGA Umbro shop [200] | search:ddg:site:snkrdunk.com TOGA Umbro collection [AbortError] | search:bing:site:snkrdunk.com TOGA Umbro collection [200] | search:ddg:site:snkrdunk.com TOGA x Umbro First Capsule Collection shop [AbortError] | search:bing:site:snkrdunk.com TOGA x Umbro First Capsule Collection shop [200],0,0,,no_verified_official_skp,No product-level official row passed token and product-page verification.,2026-05-31
Q12026-059,FURFUR x Peanuts Weekend Slow,FURFUR,Peanuts,28,https://www.haveagood-holiday.com/en/articles/furfur-peanuts-capsule-collection-2026 [200] | https://furfurfur.jp/collections/furfur-for-peanuts [404] | https://furfurfur.jp/collection/furfur-for-peanuts [404] | https://furfurfur.jp/collections/furfur-x-peanuts [404] | https://furfurfur.jp/collection/furfur-x-peanuts [404] | https://furfurfur.jp/collections/furfur-peanuts [404] | https://furfurfur.jp/collection/furfur-peanuts [404] | https://furfurfur.jp/collections/furfur-x-peanuts-weekend-slow [404] | https://furfurfur.jp/collection/furfur-x-peanuts-weekend-slow [404] | https://furfurfur.jp/collections/furfur [404] | https://furfurfur.jp/collection/furfur [404] | https://www.furfurfur.jp/collections/furfur-for-peanuts [404] | https://www.furfurfur.jp/collection/furfur-for-peanuts [404] | https://www.furfurfur.jp/collections/furfur-x-peanuts [404] | https://www.furfurfur.jp/collection/furfur-x-peanuts [404] | https://www.furfurfur.jp/collections/furfur-peanuts [404] | https://www.furfurfur.jp/collection/furfur-peanuts [404] | https://www.furfurfur.jp/collections/furfur-x-peanuts-weekend-slow [404] | https://www.furfurfur.jp/collection/furfur-x-peanuts-weekend-slow [404] | https://www.furfurfur.jp/collections/furfur [404] | https://www.furfurfur.jp/collection/furfur [404] | https://furfurfur.jp/search?q=Peanuts [404] | https://www.furfurfur.jp/search?q=Peanuts [404] | https://furfurfur.jp/search?q=FURFUR%20x%20Peanuts%20Weekend%20Slow [404] | https://www.furfurfur.jp/search?q=FURFUR%20x%20Peanuts%20Weekend%20Slow [404] | https://usagi-online.com/collections/furfur-for-peanuts [404] | https://usagi-online.com/collection/furfur-for-peanuts [404] | https://usagi-online.com/collections/furfur-x-peanuts [404] | search:ddg:site:furfurfur.jp FURFUR Peanuts [AbortError] | search:bing:site:furfurfur.jp FURFUR Peanuts [200] | search:ddg:site:furfurfur.jp FURFUR Peanuts shop [AbortError] | search:bing:site:furfurfur.jp FURFUR Peanuts shop [200] | search:ddg:site:furfurfur.jp FURFUR Peanuts collection [AbortError] | search:bing:site:furfurfur.jp FURFUR Peanuts collection [200] | search:ddg:site:furfurfur.jp FURFUR x Peanuts Weekend Slow shop [AbortError] | search:bing:site:furfurfur.jp FURFUR x Peanuts Weekend Slow shop [200] | search:ddg:site:usagi-online.com FURFUR Peanuts [AbortError] | search:bing:site:usagi-online.com FURFUR Peanuts [200] | search:ddg:site:usagi-online.com FURFUR Peanuts shop [AbortError] | search:bing:site:usagi-online.com FURFUR Peanuts shop [200] | search:ddg:site:usagi-online.com FURFUR Peanuts collection [AbortError] | search:bing:site:usagi-online.com FURFUR Peanuts collection [200] | search:ddg:site:usagi-online.com FURFUR x Peanuts Weekend Slow shop [AbortError] | search:bing:site:usagi-online.com FURFUR x Peanuts Weekend Slow shop [200],0,0,,no_verified_official_skp,No product-level official row passed token and product-page verification.,2026-05-31
Q12026-060,Barehands x Lim Shi-An Analogue,Barehands,Lim Shi-An,28,https://www.straitstimes.com/life/style/clothing-label-barehands-launches-retro-print-capsule-collection-with-actress-lim-shi-an [200] | https://barehands.co/collections/barehands-for-lim-shi-an [AbortError] | https://barehands.co/collection/barehands-for-lim-shi-an [AbortError] | https://barehands.co/collections/barehands-x-lim-shi-an [AbortError] | https://barehands.co/collection/barehands-x-lim-shi-an [AbortError] | https://barehands.co/collections/barehands-lim-shi-an [AbortError] | https://barehands.co/collection/barehands-lim-shi-an [AbortError] | https://barehands.co/collections/barehands-x-lim-shi-an-analogue [AbortError] | https://barehands.co/collection/barehands-x-lim-shi-an-analogue [AbortError] | https://barehands.co/collections/barehands [AbortError] | https://barehands.co/collection/barehands [AbortError] | https://www.barehands.co/collections/barehands-for-lim-shi-an [AbortError] | https://www.barehands.co/collection/barehands-for-lim-shi-an [AbortError] | https://www.barehands.co/collections/barehands-x-lim-shi-an [AbortError] | https://www.barehands.co/collection/barehands-x-lim-shi-an [AbortError] | https://www.barehands.co/collections/barehands-lim-shi-an [AbortError] | https://www.barehands.co/collection/barehands-lim-shi-an [AbortError] | https://www.barehands.co/collections/barehands-x-lim-shi-an-analogue [AbortError] | https://www.barehands.co/collection/barehands-x-lim-shi-an-analogue [AbortError] | https://www.barehands.co/collections/barehands [AbortError] | https://www.barehands.co/collection/barehands [AbortError] | https://barehands.co/search?q=Lim%20Shi-An [AbortError] | https://www.barehands.co/search?q=Lim%20Shi-An [AbortError] | https://barehands.co/search?q=Barehands%20x%20Lim%20Shi-An%20Analogue [AbortError] | https://www.barehands.co/search?q=Barehands%20x%20Lim%20Shi-An%20Analogue [AbortError] | https://straitstimes.com/collections/barehands-for-lim-shi-an [200] | https://straitstimes.com/collection/barehands-for-lim-shi-an [200] | https://straitstimes.com/collections/barehands-x-lim-shi-an [200] | search:ddg:site:barehands.co Barehands Lim Shi-An [AbortError] | search:bing:site:barehands.co Barehands Lim Shi-An [200] | search:ddg:site:barehands.co Barehands Lim Shi-An shop [AbortError] | search:bing:site:barehands.co Barehands Lim Shi-An shop [200] | search:ddg:site:barehands.co Barehands Lim Shi-An collection [AbortError] | search:bing:site:barehands.co Barehands Lim Shi-An collection [200] | search:ddg:site:barehands.co Barehands x Lim Shi-An Analogue shop [AbortError] | search:bing:site:barehands.co Barehands x Lim Shi-An Analogue shop [200] | search:ddg:site:straitstimes.com Barehands Lim Shi-An [AbortError] | search:bing:site:straitstimes.com Barehands Lim Shi-An [200] | search:ddg:site:straitstimes.com Barehands Lim Shi-An shop [AbortError] | search:bing:site:straitstimes.com Barehands Lim Shi-An shop [200] | search:ddg:site:straitstimes.com Barehands Lim Shi-An collection [AbortError] | search:bing:site:straitstimes.com Barehands Lim Shi-An collection [200] | search:ddg:site:straitstimes.com Barehands x Lim Shi-An Analogue shop [AbortError] | search:bing:site:straitstimes.com Barehands x Lim Shi-An Analogue shop [200],0,0,,no_verified_official_skp,No product-level official row passed token and product-page verification.,2026-05-31
Q12026-061,Crew Clothing x Henley Royal Regatta 2026 Regatta Range,Crew Clothing,Henley Royal Regatta,28,https://www.henleyherald.com/2026/03/19/crew-clothing-launches-2026-regatta-range/ [200] | https://crewclothing.co.uk/collections/crew-clothing-for-henley-royal-regatta [404] | https://crewclothing.co.uk/collection/crew-clothing-for-henley-royal-regatta [404] | https://crewclothing.co.uk/collections/crew-clothing-x-henley-royal-regatta [404] | https://crewclothing.co.uk/collection/crew-clothing-x-henley-royal-regatta [404] | https://crewclothing.co.uk/collections/crew-clothing-henley-royal-regatta [404] | https://crewclothing.co.uk/collection/crew-clothing-henley-royal-regatta [404] | https://crewclothing.co.uk/collections/crew-clothing-x-henley-royal-regatta-regatta-range [404] | https://crewclothing.co.uk/collection/crew-clothing-x-henley-royal-regatta-regatta-range [404] | https://crewclothing.co.uk/collections/crew-clothing [404] | https://crewclothing.co.uk/collection/crew-clothing [404] | https://www.crewclothing.co.uk/collections/crew-clothing-for-henley-royal-regatta [404] | https://www.crewclothing.co.uk/collection/crew-clothing-for-henley-royal-regatta [404] | https://www.crewclothing.co.uk/collections/crew-clothing-x-henley-royal-regatta [404] | https://www.crewclothing.co.uk/collection/crew-clothing-x-henley-royal-regatta [404] | https://www.crewclothing.co.uk/collections/crew-clothing-henley-royal-regatta [404] | https://www.crewclothing.co.uk/collection/crew-clothing-henley-royal-regatta [404] | https://www.crewclothing.co.uk/collections/crew-clothing-x-henley-royal-regatta-regatta-range [404] | https://www.crewclothing.co.uk/collection/crew-clothing-x-henley-royal-regatta-regatta-range [404] | https://www.crewclothing.co.uk/collections/crew-clothing [404] | https://www.crewclothing.co.uk/collection/crew-clothing [404] | https://crewclothing.co.uk/search?q=Henley%20Royal%20Regatta [404] | https://www.crewclothing.co.uk/search?q=Henley%20Royal%20Regatta [404] | https://crewclothing.co.uk/search?q=Crew%20Clothing%20x%20Henley%20Royal%20Regatta%20Regatta%20Range [404] | https://www.crewclothing.co.uk/search?q=Crew%20Clothing%20x%20Henley%20Royal%20Regatta%20Regatta%20Range [404] | https://henleyherald.com/collections/crew-clothing-for-henley-royal-regatta [AbortError] | https://henleyherald.com/collection/crew-clothing-for-henley-royal-regatta [404] | https://henleyherald.com/collections/crew-clothing-x-henley-royal-regatta [404] | search:ddg:site:crewclothing.co.uk Crew Clothing Henley Royal Regatta [AbortError] | search:bing:site:crewclothing.co.uk Crew Clothing Henley Royal Regatta [200] | search:ddg:site:crewclothing.co.uk Crew Clothing Henley Royal Regatta shop [AbortError] | search:bing:site:crewclothing.co.uk Crew Clothing Henley Royal Regatta shop [200] | search:ddg:site:crewclothing.co.uk Crew Clothing Henley Royal Regatta collection [AbortError] | search:bing:site:crewclothing.co.uk Crew Clothing Henley Royal Regatta collection [200] | search:ddg:site:crewclothing.co.uk Crew Clothing x Henley Royal Regatta 2026 Regatta Range shop [AbortError] | search:bing:site:crewclothing.co.uk Crew Clothing x Henley Royal Regatta 2026 Regatta Range shop [200] | search:ddg:site:henleyherald.com Crew Clothing Henley Royal Regatta [AbortError] | search:bing:site:henleyherald.com Crew Clothing Henley Royal Regatta [200] | search:ddg:site:henleyherald.com Crew Clothing Henley Royal Regatta shop [AbortError] | search:bing:site:henleyherald.com Crew Clothing Henley Royal Regatta shop [200] | search:ddg:site:henleyherald.com Crew Clothing Henley Royal Regatta collection [AbortError] | search:bing:site:henleyherald.com Crew Clothing Henley Royal Regatta collection [200] | search:ddg:site:henleyherald.com Crew Clothing x Henley Royal Regatta 2026 Regatta Range shop [AbortError] | search:bing:site:henleyherald.com Crew Clothing x Henley Royal Regatta 2026 Regatta Range shop [200],0,0,,no_verified_official_skp,No product-level official row passed token and product-page verification.,2026-05-31
Q12026-062,Disney | BLACKPINK Collection by Complex,Complex,BLACKPINK; Disney,26,https://www.complex.com/search?q=BLACKPINK [200] | https://www.ibtimes.com.au/blackpink-launches-punk-inspired-disney-capsule-collection-collaboration-complex-1862746 [200] | https://ibtimes.com.au/collections/complex-for-blackpink [404] | https://ibtimes.com.au/collection/complex-for-blackpink [404] | https://ibtimes.com.au/collections/complex-x-blackpink [404] | https://ibtimes.com.au/collection/complex-x-blackpink [404] | https://ibtimes.com.au/collections/complex-blackpink [404] | https://ibtimes.com.au/collection/complex-blackpink [404] | https://ibtimes.com.au/collections/disney-blackpink-by-complex [404] | https://ibtimes.com.au/collection/disney-blackpink-by-complex [404] | https://ibtimes.com.au/collections/disney-blackpink [404] | https://ibtimes.com.au/collection/disney-blackpink [404] | https://www.ibtimes.com.au/collections/complex-for-blackpink [404] | https://www.ibtimes.com.au/collection/complex-for-blackpink [404] | https://www.ibtimes.com.au/collections/complex-x-blackpink [404] | https://www.ibtimes.com.au/collection/complex-x-blackpink [404] | https://www.ibtimes.com.au/collections/complex-blackpink [404] | https://www.ibtimes.com.au/collection/complex-blackpink [404] | https://www.ibtimes.com.au/collections/disney-blackpink-by-complex [404] | https://www.ibtimes.com.au/collection/disney-blackpink-by-complex [404] | https://www.ibtimes.com.au/collections/disney-blackpink [404] | https://www.ibtimes.com.au/collection/disney-blackpink [404] | https://ibtimes.com.au/search?q=BLACKPINK [200] | https://www.ibtimes.com.au/search?q=BLACKPINK [200] | https://ibtimes.com.au/search?q=Disney [200] | https://www.ibtimes.com.au/search?q=Disney [200] | search:ddg:site:ibtimes.com.au Disney | BLACKPINK BLACKPINK [AbortError] | search:bing:site:ibtimes.com.au Disney | BLACKPINK BLACKPINK [200] | search:ddg:site:ibtimes.com.au Complex BLACKPINK [AbortError] | search:bing:site:ibtimes.com.au Complex BLACKPINK [200] | search:ddg:site:ibtimes.com.au Complex BLACKPINK shop [AbortError] | search:bing:site:ibtimes.com.au Complex BLACKPINK shop [200] | search:ddg:site:ibtimes.com.au Complex BLACKPINK collection [AbortError] | search:bing:site:ibtimes.com.au Complex BLACKPINK collection [200] | search:ddg:Disney | BLACKPINK BLACKPINK official [AbortError] | search:bing:Disney | BLACKPINK BLACKPINK official [200] | search:ddg:Complex BLACKPINK official [AbortError] | search:bing:Complex BLACKPINK official [200] | search:ddg:Complex BLACKPINK shop official [AbortError] | search:bing:Complex BLACKPINK shop official [200] | search:ddg:Complex BLACKPINK collection official [AbortError] | search:bing:Complex BLACKPINK collection official [200],10,0,,no_verified_official_skp,No product-level official row passed token and product-page verification.,2026-05-31
Q12026-063,Montce x Elsa Hosk Capsule Collection,Montce,Elsa Hosk,1,https://www.whowhatwear.com/fashion/swimwear/montce-x-elsa-hosk-capsule-collection-2026 [200] | search:skipped:seed_official_candidates_verified,2,1,"Pack Like Elsa Hosk in 2026: Sunsolve MD, Oversize Sunnies, and a Vintage-Inspired Bikini",official_skp_found,Accepted rows have official/retail product URLs and product-page verification.,2026-05-31
Q12026-065,Studio Nicholson x Perfumer H Soap Collection,Studio Nicholson,Perfumer H,25,https://www.wallpaper.com/fashion-beauty/fragrance/perfumer-h-studio-nicholson-soap-fragrance-collaboration [200] | https://wallpaper.com/collections/studio-nicholson-for-perfumer-h [404] | https://wallpaper.com/collection/studio-nicholson-for-perfumer-h [404] | https://wallpaper.com/collections/studio-nicholson-x-perfumer-h [404] | https://wallpaper.com/collection/studio-nicholson-x-perfumer-h [404] | https://wallpaper.com/collections/studio-nicholson-perfumer-h [404] | https://wallpaper.com/collection/studio-nicholson-perfumer-h [404] | https://wallpaper.com/collections/studio-nicholson-x-perfumer-h-soap [404] | https://wallpaper.com/collection/studio-nicholson-x-perfumer-h-soap [404] | https://wallpaper.com/collections/studio-nicholson [404] | https://wallpaper.com/collection/studio-nicholson [404] | https://www.wallpaper.com/collections/studio-nicholson-for-perfumer-h [404] | https://www.wallpaper.com/collection/studio-nicholson-for-perfumer-h [404] | https://www.wallpaper.com/collections/studio-nicholson-x-perfumer-h [404] | https://www.wallpaper.com/collection/studio-nicholson-x-perfumer-h [404] | https://www.wallpaper.com/collections/studio-nicholson-perfumer-h [404] | https://www.wallpaper.com/collection/studio-nicholson-perfumer-h [404] | https://www.wallpaper.com/collections/studio-nicholson-x-perfumer-h-soap [404] | https://www.wallpaper.com/collection/studio-nicholson-x-perfumer-h-soap [404] | https://www.wallpaper.com/collections/studio-nicholson [404] | https://www.wallpaper.com/collection/studio-nicholson [404] | https://wallpaper.com/search?q=Perfumer%20H [200] | https://www.wallpaper.com/search?q=Perfumer%20H [200] | https://wallpaper.com/search?q=Studio%20Nicholson%20x%20Perfumer%20H%20Soap [200] | https://www.wallpaper.com/search?q=Studio%20Nicholson%20x%20Perfumer%20H%20Soap [200] | search:ddg:site:wallpaper.com Studio Nicholson Perfumer H [AbortError] | search:bing:site:wallpaper.com Studio Nicholson Perfumer H [200] | search:ddg:site:wallpaper.com Studio Nicholson Perfumer H shop [AbortError] | search:bing:site:wallpaper.com Studio Nicholson Perfumer H shop [200] | search:ddg:site:wallpaper.com Studio Nicholson Perfumer H collection [AbortError] | search:bing:site:wallpaper.com Studio Nicholson Perfumer H collection [200] | search:ddg:site:wallpaper.com Studio Nicholson x Perfumer H Soap Collection shop [AbortError] | search:bing:site:wallpaper.com Studio Nicholson x Perfumer H Soap Collection shop [200] | search:ddg:Studio Nicholson Perfumer H official [AbortError] | search:bing:Studio Nicholson Perfumer H official [200] | search:ddg:Studio Nicholson Perfumer H shop official [AbortError] | search:bing:Studio Nicholson Perfumer H shop official [200] | search:ddg:Studio Nicholson Perfumer H collection official [AbortError] | search:bing:Studio Nicholson Perfumer H collection official [200] | search:ddg:Studio Nicholson x Perfumer H Soap Collection shop official [AbortError] | search:bing:Studio Nicholson x Perfumer H Soap Collection shop official [200],0,0,,no_verified_official_skp,No product-level official row passed token and product-page verification.,2026-05-31
Q12026-067,A.P.C. x Topologie Second Capsule,A.P.C.,Topologie,0,search:ddg:A.P.C. Topologie official [AbortError] | search:bing:A.P.C. Topologie official [200] | search:ddg:A.P.C. Topologie shop official [AbortError] | search:bing:A.P.C. Topologie shop official [200] | search:ddg:A.P.C. Topologie collection official [AbortError] | search:bing:A.P.C. Topologie collection official [200] | search:ddg:A.P.C. x Topologie Second Capsule shop official [AbortError] | search:bing:A.P.C. x Topologie Second Capsule shop official [200] | search:ddg:A.P.C. x Topologie Second Capsule product official [AbortError] | search:bing:A.P.C. x Topologie Second Capsule product official [200],0,0,,no_verified_official_skp,No product-level official row passed token and product-page verification.,2026-05-31
Q12026-068,Aman Tennis Club x The Webster,Aman Tennis Club,The Webster,25,https://hype.my/centre-court-chic-aman-tennis-club-launches-capsule-collection-with-the-webster [200] | https://hype.my/collections/aman-tennis-club-for-the-webster [404] | https://hype.my/collection/aman-tennis-club-for-the-webster [404] | https://hype.my/collections/aman-tennis-club-x-the-webster [200] | https://hype.my/collection/aman-tennis-club-x-the-webster [200] | https://hype.my/collections/aman-tennis-club-the-webster [AbortError] | https://hype.my/collection/aman-tennis-club-the-webster [404] | https://hype.my/collections/aman-tennis-club [404] | https://hype.my/collection/aman-tennis-club [404] | https://hype.my/collections/the-webster [404] | https://hype.my/collection/the-webster [404] | https://www.hype.my/collections/aman-tennis-club-for-the-webster [404] | https://www.hype.my/collection/aman-tennis-club-for-the-webster [404] | https://www.hype.my/collections/aman-tennis-club-x-the-webster [200] | https://www.hype.my/collection/aman-tennis-club-x-the-webster [200] | https://www.hype.my/collections/aman-tennis-club-the-webster [404] | https://www.hype.my/collection/aman-tennis-club-the-webster [404] | https://www.hype.my/collections/aman-tennis-club [404] | https://www.hype.my/collection/aman-tennis-club [404] | https://www.hype.my/collections/the-webster [404] | https://www.hype.my/collection/the-webster [404] | https://hype.my/search?q=The%20Webster [200] | https://www.hype.my/search?q=The%20Webster [200] | https://hype.my/search?q=Aman%20Tennis%20Club%20x%20The%20Webster [200] | https://www.hype.my/search?q=Aman%20Tennis%20Club%20x%20The%20Webster [200] | search:ddg:site:hype.my Aman Tennis Club The Webster [AbortError] | search:bing:site:hype.my Aman Tennis Club The Webster [200] | search:ddg:site:hype.my Aman Tennis Club The Webster shop [AbortError] | search:bing:site:hype.my Aman Tennis Club The Webster shop [200] | search:ddg:site:hype.my Aman Tennis Club The Webster collection [AbortError] | search:bing:site:hype.my Aman Tennis Club The Webster collection [200] | search:ddg:site:hype.my Aman Tennis Club x The Webster shop [AbortError] | search:bing:site:hype.my Aman Tennis Club x The Webster shop [200] | search:ddg:Aman Tennis Club The Webster official [AbortError] | search:bing:Aman Tennis Club The Webster official [200] | search:ddg:Aman Tennis Club The Webster shop official [AbortError] | search:bing:Aman Tennis Club The Webster shop official [200] | search:ddg:Aman Tennis Club The Webster collection official [AbortError] | search:bing:Aman Tennis Club The Webster collection official [200] | search:ddg:Aman Tennis Club x The Webster shop official [AbortError] | search:bing:Aman Tennis Club x The Webster shop official [200],0,0,,no_verified_official_skp,No product-level official row passed token and product-page verification.,2026-05-31
Q12026-069,Target x Roller Rabbit Spring Getaway Collection,Target,Roller Rabbit,26,https://www.target.com/s?searchTerm=Roller%20Rabbit [200] | https://target.com/collections/target-for-roller-rabbit [404] | https://target.com/collection/target-for-roller-rabbit [404] | https://target.com/collections/target-x-roller-rabbit [404] | https://target.com/collection/target-x-roller-rabbit [404] | https://target.com/collections/target-roller-rabbit [404] | https://target.com/collection/target-roller-rabbit [404] | https://target.com/collections/target-x-roller-rabbit-getaway [404] | https://target.com/collection/target-x-roller-rabbit-getaway [404] | https://target.com/collections/target [404] | https://target.com/collection/target [404] | https://www.target.com/collections/target-for-roller-rabbit [404] | https://www.target.com/collection/target-for-roller-rabbit [404] | https://www.target.com/collections/target-x-roller-rabbit [404] | https://www.target.com/collection/target-x-roller-rabbit [404] | https://www.target.com/collections/target-roller-rabbit [404] | https://www.target.com/collection/target-roller-rabbit [404] | https://www.target.com/collections/target-x-roller-rabbit-getaway [404] | https://www.target.com/collection/target-x-roller-rabbit-getaway [404] | https://www.target.com/collections/target [404] | https://www.target.com/collection/target [404] | https://www.target.com/s?searchTerm=Target%20x%20Roller%20Rabbit%20Getaway [200] | search:ddg:site:target.com Target Roller Rabbit [AbortError] | search:bing:site:target.com Target Roller Rabbit [200] | search:ddg:site:target.com Target Roller Rabbit shop [AbortError] | search:bing:site:target.com Target Roller Rabbit shop [200] | search:ddg:site:target.com Target Roller Rabbit collection [AbortError] | search:bing:site:target.com Target Roller Rabbit collection [200] | search:ddg:site:target.com Target x Roller Rabbit Spring Getaway Collection shop [AbortError] | search:bing:site:target.com Target x Roller Rabbit Spring Getaway Collection shop [200] | search:ddg:Target Roller Rabbit official [AbortError] | search:bing:Target Roller Rabbit official [200] | search:ddg:Target Roller Rabbit shop official [AbortError] | search:bing:Target Roller Rabbit shop official [200] | search:ddg:Target Roller Rabbit collection official [AbortError] | search:bing:Target Roller Rabbit collection official [200] | search:ddg:Target x Roller Rabbit Spring Getaway Collection shop official [AbortError] | search:bing:Target x Roller Rabbit Spring Getaway Collection shop official [200] | https://www.target.com/ [200] | https://www.target.com [200] | https://www.target.com.au/ [200] | https://www.target.com.au [200],68,0,,no_verified_official_skp,No product-level official row passed token and product-page verification.,2026-05-31
Q12026-071,American Eagle & Aerie x Smiley,American Eagle / Aerie,Smiley,28,https://ae.com/collections/american-eagle-for-smiley [404] | https://ae.com/collection/american-eagle-for-smiley [404] | https://ae.com/collections/american-eagle-x-smiley [404] | https://ae.com/collection/american-eagle-x-smiley [404] | https://ae.com/collections/american-eagle-smiley [404] | https://ae.com/collection/american-eagle-smiley [404] | https://ae.com/collections/american-eagle-and-aerie-x-smiley [404] | https://ae.com/collection/american-eagle-and-aerie-x-smiley [404] | https://ae.com/collections/american-eagle-and-aerie [404] | https://ae.com/collection/american-eagle-and-aerie [404] | https://www.ae.com/collections/american-eagle-for-smiley [404] | https://www.ae.com/collection/american-eagle-for-smiley [404] | https://www.ae.com/collections/american-eagle-x-smiley [404] | https://www.ae.com/collection/american-eagle-x-smiley [404] | https://www.ae.com/collections/american-eagle-smiley [404] | https://www.ae.com/collection/american-eagle-smiley [404] | https://www.ae.com/collections/american-eagle-and-aerie-x-smiley [404] | https://www.ae.com/collection/american-eagle-and-aerie-x-smiley [404] | https://www.ae.com/collections/american-eagle-and-aerie [404] | https://www.ae.com/collection/american-eagle-and-aerie [404] | https://www.ae.com/us/en/s/Smiley [200] | https://www.ae.com/us/en/s/American%20Eagle%20%26%20Aerie%20x%20Smiley [200] | https://aerie.com/collections/american-eagle-for-smiley [200] | https://aerie.com/collection/american-eagle-for-smiley [200] | https://aerie.com/collections/american-eagle-x-smiley [200] | https://aerie.com/collection/american-eagle-x-smiley [200] | https://aerie.com/collections/american-eagle-smiley [200] | https://aerie.com/collection/american-eagle-smiley [200] | search:ddg:site:ae.com American Eagle & Aerie Smiley [AbortError] | search:bing:site:ae.com American Eagle & Aerie Smiley [200] | search:ddg:site:ae.com American Eagle / Aerie Smiley [AbortError] | search:bing:site:ae.com American Eagle / Aerie Smiley [200] | search:ddg:site:ae.com American Eagle / Aerie Smiley shop [AbortError] | search:bing:site:ae.com American Eagle / Aerie Smiley shop [200] | search:ddg:site:ae.com American Eagle / Aerie Smiley collection [AbortError] | search:bing:site:ae.com American Eagle / Aerie Smiley collection [200] | search:ddg:site:aerie.com American Eagle & Aerie Smiley [AbortError] | search:bing:site:aerie.com American Eagle & Aerie Smiley [200] | search:ddg:site:aerie.com American Eagle / Aerie Smiley [AbortError] | search:bing:site:aerie.com American Eagle / Aerie Smiley [200] | search:ddg:site:aerie.com American Eagle / Aerie Smiley shop [AbortError] | search:bing:site:aerie.com American Eagle / Aerie Smiley shop [200] | search:ddg:site:aerie.com American Eagle / Aerie Smiley collection [AbortError] | search:bing:site:aerie.com American Eagle / Aerie Smiley collection [200],264,0,,no_verified_official_skp,No product-level official row passed token and product-page verification.,2026-05-31
Q12026-072,Subtitle x JUJUTSU KAISEN,Subtitle,JUJUTSU KAISEN / TOHO International,28,https://animetv-jp.net/news/subtitle-launches-jujutsu-kaisen-collection/ [AbortError] | https://tohoanimationstore.com/collections/subtitle-for-jujutsu-kaisen [AbortError] | https://tohoanimationstore.com/collection/subtitle-for-jujutsu-kaisen [403] | https://tohoanimationstore.com/collections/subtitle-x-jujutsu-kaisen [403] | https://tohoanimationstore.com/collection/subtitle-x-jujutsu-kaisen [403] | https://tohoanimationstore.com/collections/subtitle-jujutsu-kaisen [403] | https://tohoanimationstore.com/collection/subtitle-jujutsu-kaisen [403] | https://tohoanimationstore.com/collections/subtitle [403] | https://tohoanimationstore.com/collection/subtitle [403] | https://tohoanimationstore.com/collections/jujutsu-kaisen [403] | https://tohoanimationstore.com/collection/jujutsu-kaisen [403] | https://www.tohoanimationstore.com/collections/subtitle-for-jujutsu-kaisen [TypeError] | https://www.tohoanimationstore.com/collection/subtitle-for-jujutsu-kaisen [TypeError] | https://www.tohoanimationstore.com/collections/subtitle-x-jujutsu-kaisen [TypeError] | https://www.tohoanimationstore.com/collection/subtitle-x-jujutsu-kaisen [TypeError] | https://www.tohoanimationstore.com/collections/subtitle-jujutsu-kaisen [TypeError] | https://www.tohoanimationstore.com/collection/subtitle-jujutsu-kaisen [TypeError] | https://www.tohoanimationstore.com/collections/subtitle [TypeError] | https://www.tohoanimationstore.com/collection/subtitle [TypeError] | https://www.tohoanimationstore.com/collections/jujutsu-kaisen [TypeError] | https://www.tohoanimationstore.com/collection/jujutsu-kaisen [TypeError] | https://tohoanimationstore.com/search?q=JUJUTSU%20KAISEN [403] | https://www.tohoanimationstore.com/search?q=JUJUTSU%20KAISEN [TypeError] | https://tohoanimationstore.com/search?q=TOHO%20International [403] | https://www.tohoanimationstore.com/search?q=TOHO%20International [TypeError] | https://animetv-jp.net/collections/subtitle-for-jujutsu-kaisen [404] | https://animetv-jp.net/collection/subtitle-for-jujutsu-kaisen [404] | https://animetv-jp.net/collections/subtitle-x-jujutsu-kaisen [404] | search:ddg:site:tohoanimationstore.com Subtitle JUJUTSU KAISEN [AbortError] | search:bing:site:tohoanimationstore.com Subtitle JUJUTSU KAISEN [200] | search:ddg:site:tohoanimationstore.com Subtitle JUJUTSU KAISEN shop [AbortError] | search:bing:site:tohoanimationstore.com Subtitle JUJUTSU KAISEN shop [200] | search:ddg:site:tohoanimationstore.com Subtitle JUJUTSU KAISEN collection [AbortError] | search:bing:site:tohoanimationstore.com Subtitle JUJUTSU KAISEN collection [200] | search:ddg:site:tohoanimationstore.com Subtitle x JUJUTSU KAISEN shop [AbortError] | search:bing:site:tohoanimationstore.com Subtitle x JUJUTSU KAISEN shop [200] | search:ddg:site:animetv-jp.net Subtitle JUJUTSU KAISEN [AbortError] | search:bing:site:animetv-jp.net Subtitle JUJUTSU KAISEN [200] | search:ddg:site:animetv-jp.net Subtitle JUJUTSU KAISEN shop [AbortError] | search:bing:site:animetv-jp.net Subtitle JUJUTSU KAISEN shop [200] | search:ddg:site:animetv-jp.net Subtitle JUJUTSU KAISEN collection [AbortError] | search:bing:site:animetv-jp.net Subtitle JUJUTSU KAISEN collection [200] | search:ddg:site:animetv-jp.net Subtitle x JUJUTSU KAISEN shop [AbortError] | search:bing:site:animetv-jp.net Subtitle x JUJUTSU KAISEN shop [200],0,0,,no_verified_official_skp,No product-level official row passed token and product-page verification.,2026-05-31
Q12026-074,Supreme x MM6 Maison Margiela Spring 2026,Supreme,MM6 Maison Margiela; Timberland; Everlast; Schott,28,https://supreme.com/collections/supreme-for-mm6-maison-margiela [403] | https://supreme.com/collection/supreme-for-mm6-maison-margiela [404] | https://supreme.com/collections/supreme-x-mm6-maison-margiela [403] | https://supreme.com/collection/supreme-x-mm6-maison-margiela [404] | https://supreme.com/collections/supreme-mm6-maison-margiela [403] | https://supreme.com/collection/supreme-mm6-maison-margiela [404] | https://supreme.com/collections/supreme [403] | https://supreme.com/collection/supreme [404] | https://supreme.com/collections/mm6-maison-margiela [403] | https://supreme.com/collection/mm6-maison-margiela [404] | https://www.supreme.com/collections/supreme-for-mm6-maison-margiela [403] | https://www.supreme.com/collection/supreme-for-mm6-maison-margiela [404] | https://www.supreme.com/collections/supreme-x-mm6-maison-margiela [403] | https://www.supreme.com/collection/supreme-x-mm6-maison-margiela [404] | https://www.supreme.com/collections/supreme-mm6-maison-margiela [403] | https://www.supreme.com/collection/supreme-mm6-maison-margiela [404] | https://www.supreme.com/collections/supreme [403] | https://www.supreme.com/collection/supreme [404] | https://www.supreme.com/collections/mm6-maison-margiela [403] | https://www.supreme.com/collection/mm6-maison-margiela [404] | https://supreme.com/search?q=MM6%20Maison%20Margiela [200] | https://www.supreme.com/search?q=MM6%20Maison%20Margiela [200] | https://supreme.com/search?q=Timberland [200] | https://www.supreme.com/search?q=Timberland [200] | https://supremenewyork.com/collections/supreme-for-mm6-maison-margiela [403] | https://supremenewyork.com/collection/supreme-for-mm6-maison-margiela [404] | https://supremenewyork.com/collections/supreme-x-mm6-maison-margiela [403] | https://supremenewyork.com/collection/supreme-x-mm6-maison-margiela [404] | search:ddg:site:supreme.com Supreme MM6 Maison Margiela [AbortError] | search:bing:site:supreme.com Supreme MM6 Maison Margiela [200] | search:ddg:site:supreme.com Supreme MM6 Maison Margiela shop [AbortError] | search:bing:site:supreme.com Supreme MM6 Maison Margiela shop [200] | search:ddg:site:supreme.com Supreme MM6 Maison Margiela collection [AbortError] | search:bing:site:supreme.com Supreme MM6 Maison Margiela collection [200] | search:ddg:site:supreme.com Supreme x MM6 Maison Margiela Spring 2026 shop [AbortError] | search:bing:site:supreme.com Supreme x MM6 Maison Margiela Spring 2026 shop [200] | search:ddg:site:supremenewyork.com Supreme MM6 Maison Margiela [AbortError] | search:bing:site:supremenewyork.com Supreme MM6 Maison Margiela [200] | search:ddg:site:supremenewyork.com Supreme MM6 Maison Margiela shop [AbortError] | search:bing:site:supremenewyork.com Supreme MM6 Maison Margiela shop [200] | search:ddg:site:supremenewyork.com Supreme MM6 Maison Margiela collection [AbortError] | search:bing:site:supremenewyork.com Supreme MM6 Maison Margiela collection [200] | search:ddg:site:supremenewyork.com Supreme x MM6 Maison Margiela Spring 2026 shop [AbortError] | search:bing:site:supremenewyork.com Supreme x MM6 Maison Margiela Spring 2026 shop [200],0,0,,no_verified_official_skp,No product-level official row passed token and product-page verification.,2026-05-31
Q12026-075,SP5DER x adidas Superstar Collection,SP5DER,adidas,25,https://www.soleretriever.com/news/sp5der-adidas-superstars-collection-release-date-march-2026 [200] | https://soleretriever.com/collections/sp5der-for-adidas [403] | https://soleretriever.com/collection/sp5der-for-adidas [403] | https://soleretriever.com/collections/sp5der-x-adidas [403] | https://soleretriever.com/collection/sp5der-x-adidas [403] | https://soleretriever.com/collections/sp5der-adidas [403] | https://soleretriever.com/collection/sp5der-adidas [403] | https://soleretriever.com/collections/sp5der-x-adidas-superstar [403] | https://soleretriever.com/collection/sp5der-x-adidas-superstar [403] | https://soleretriever.com/collections/sp5der [403] | https://soleretriever.com/collection/sp5der [403] | https://www.soleretriever.com/collections/sp5der-for-adidas [403] | https://www.soleretriever.com/collection/sp5der-for-adidas [403] | https://www.soleretriever.com/collections/sp5der-x-adidas [403] | https://www.soleretriever.com/collection/sp5der-x-adidas [403] | https://www.soleretriever.com/collections/sp5der-adidas [403] | https://www.soleretriever.com/collection/sp5der-adidas [403] | https://www.soleretriever.com/collections/sp5der-x-adidas-superstar [403] | https://www.soleretriever.com/collection/sp5der-x-adidas-superstar [403] | https://www.soleretriever.com/collections/sp5der [403] | https://www.soleretriever.com/collection/sp5der [403] | https://soleretriever.com/search?q=adidas [403] | https://www.soleretriever.com/search?q=adidas [403] | https://soleretriever.com/search?q=SP5DER%20x%20adidas%20Superstar [403] | https://www.soleretriever.com/search?q=SP5DER%20x%20adidas%20Superstar [403] | search:ddg:site:soleretriever.com SP5DER adidas [AbortError] | search:bing:site:soleretriever.com SP5DER adidas [200] | search:ddg:site:soleretriever.com SP5DER adidas shop [AbortError] | search:bing:site:soleretriever.com SP5DER adidas shop [200] | search:ddg:site:soleretriever.com SP5DER adidas collection [AbortError] | search:bing:site:soleretriever.com SP5DER adidas collection [200] | search:ddg:site:soleretriever.com SP5DER x adidas Superstar Collection shop [AbortError] | search:bing:site:soleretriever.com SP5DER x adidas Superstar Collection shop [200] | search:ddg:SP5DER adidas official [AbortError] | search:bing:SP5DER adidas official [200] | search:ddg:SP5DER adidas shop official [AbortError] | search:bing:SP5DER adidas shop official [200] | search:ddg:SP5DER adidas collection official [AbortError] | search:bing:SP5DER adidas collection official [200] | search:ddg:SP5DER x adidas Superstar Collection shop official [AbortError] | search:bing:SP5DER x adidas Superstar Collection shop official [200],0,0,,no_verified_official_skp,No product-level official row passed token and product-page verification.,2026-05-31
Q12026-078,HOODRICH x Eastman Group U.S. Footwear Debut,HOODRICH,Eastman Group; JD Sports,25,https://iconixbrand.com/hoodrich-enters-u-s-footwear-market-for-the-first-time-in-partnership-with-eastman-group/ [200] | https://iconixbrand.com/collections/hoodrich-for-eastman-group [404] | https://iconixbrand.com/collection/hoodrich-for-eastman-group [404] | https://iconixbrand.com/collections/hoodrich-x-eastman-group [404] | https://iconixbrand.com/collection/hoodrich-x-eastman-group [404] | https://iconixbrand.com/collections/hoodrich-eastman-group [404] | https://iconixbrand.com/collection/hoodrich-eastman-group [404] | https://iconixbrand.com/collections/hoodrich-x-eastman-group-u-s-footwear-debut [404] | https://iconixbrand.com/collection/hoodrich-x-eastman-group-u-s-footwear-debut [404] | https://iconixbrand.com/collections/hoodrich [AbortError] | https://iconixbrand.com/collection/hoodrich [AbortError] | https://www.iconixbrand.com/collections/hoodrich-for-eastman-group [404] | https://www.iconixbrand.com/collection/hoodrich-for-eastman-group [404] | https://www.iconixbrand.com/collections/hoodrich-x-eastman-group [404] | https://www.iconixbrand.com/collection/hoodrich-x-eastman-group [404] | https://www.iconixbrand.com/collections/hoodrich-eastman-group [404] | https://www.iconixbrand.com/collection/hoodrich-eastman-group [404] | https://www.iconixbrand.com/collections/hoodrich-x-eastman-group-u-s-footwear-debut [404] | https://www.iconixbrand.com/collection/hoodrich-x-eastman-group-u-s-footwear-debut [404] | https://www.iconixbrand.com/collections/hoodrich [AbortError] | https://www.iconixbrand.com/collection/hoodrich [AbortError] | https://iconixbrand.com/search?q=Eastman%20Group [404] | https://www.iconixbrand.com/search?q=Eastman%20Group [AbortError] | https://iconixbrand.com/search?q=JD%20Sports [404] | https://www.iconixbrand.com/search?q=JD%20Sports [404] | search:ddg:site:iconixbrand.com HOODRICH Eastman Group [AbortError] | search:bing:site:iconixbrand.com HOODRICH Eastman Group [200] | search:ddg:site:iconixbrand.com HOODRICH Eastman Group shop [AbortError] | search:bing:site:iconixbrand.com HOODRICH Eastman Group shop [200] | search:ddg:site:iconixbrand.com HOODRICH Eastman Group collection [AbortError] | search:bing:site:iconixbrand.com HOODRICH Eastman Group collection [200] | search:ddg:site:iconixbrand.com HOODRICH x Eastman Group U.S. Footwear Debut shop [AbortError] | search:bing:site:iconixbrand.com HOODRICH x Eastman Group U.S. Footwear Debut shop [200] | search:ddg:HOODRICH Eastman Group official [AbortError] | search:bing:HOODRICH Eastman Group official [200] | search:ddg:HOODRICH Eastman Group shop official [AbortError] | search:bing:HOODRICH Eastman Group shop official [200] | search:ddg:HOODRICH Eastman Group collection official [AbortError] | search:bing:HOODRICH Eastman Group collection official [200] | search:ddg:HOODRICH x Eastman Group U.S. Footwear Debut shop official [AbortError] | search:bing:HOODRICH x Eastman Group U.S. Footwear Debut shop official [200],3,0,,no_verified_official_skp,No product-level official row passed token and product-page verification.,2026-05-31
Q12026-079,Bad Bunny x adidas BadBo 1.0 Rise Apparel Capsule,adidas,Bad Bunny,36,https://adidas.com/collections/adidas-for-bad-bunny [403] | https://adidas.com/collection/adidas-for-bad-bunny [403] | https://adidas.com/collections/adidas-x-bad-bunny [403] | https://adidas.com/collection/adidas-x-bad-bunny [403] | https://adidas.com/collections/adidas-bad-bunny [403] | https://adidas.com/collection/adidas-bad-bunny [403] | https://adidas.com/collections/bad-bunny-x-adidas-badbo-1-0-rise-apparel [403] | https://adidas.com/collection/bad-bunny-x-adidas-badbo-1-0-rise-apparel [403] | https://adidas.com/collections/bad-bunny [403] | https://adidas.com/collection/bad-bunny [403] | https://www.adidas.com/collections/adidas-for-bad-bunny [403] | https://www.adidas.com/collection/adidas-for-bad-bunny [403] | https://www.adidas.com/collections/adidas-x-bad-bunny [403] | https://www.adidas.com/collection/adidas-x-bad-bunny [403] | https://www.adidas.com/collections/adidas-bad-bunny [403] | https://www.adidas.com/collection/adidas-bad-bunny [403] | https://www.adidas.com/collections/bad-bunny-x-adidas-badbo-1-0-rise-apparel [403] | https://www.adidas.com/collection/bad-bunny-x-adidas-badbo-1-0-rise-apparel [403] | https://www.adidas.com/collections/bad-bunny [403] | https://www.adidas.com/collection/bad-bunny [403] | https://www.adidas.com/us/search?q=Bad%20Bunny [403] | https://www.adidas.com/us/search?q=Bad%20Bunny%20x%20adidas%20BadBo%201%200%20Rise%20Apparel [403] | https://news.adidas.com/collections/adidas-for-bad-bunny [202] | https://news.adidas.com/collection/adidas-for-bad-bunny [202] | https://news.adidas.com/collections/adidas-x-bad-bunny [202] | https://news.adidas.com/collection/adidas-x-bad-bunny [202] | https://news.adidas.com/collections/adidas-bad-bunny [202] | https://news.adidas.com/collection/adidas-bad-bunny [202] | search:ddg:site:adidas.com Bad Bunny Bad Bunny [AbortError] | search:bing:site:adidas.com Bad Bunny Bad Bunny [200] | search:ddg:site:adidas.com adidas Bad Bunny [AbortError] | search:bing:site:adidas.com adidas Bad Bunny [200] | search:ddg:site:adidas.com adidas Bad Bunny shop [AbortError] | search:bing:site:adidas.com adidas Bad Bunny shop [200] | search:ddg:site:adidas.com adidas Bad Bunny collection [AbortError] | search:bing:site:adidas.com adidas Bad Bunny collection [200] | search:ddg:site:news.adidas.com Bad Bunny Bad Bunny [AbortError] | search:bing:site:news.adidas.com Bad Bunny Bad Bunny [200] | search:ddg:site:news.adidas.com adidas Bad Bunny [AbortError] | search:bing:site:news.adidas.com adidas Bad Bunny [200] | search:ddg:site:news.adidas.com adidas Bad Bunny shop [AbortError] | search:bing:site:news.adidas.com adidas Bad Bunny shop [200] | search:ddg:site:news.adidas.com adidas Bad Bunny collection [AbortError] | search:bing:site:news.adidas.com adidas Bad Bunny collection [200] | https://www.adidas.com.cn/ [200] | https://www.adidas.com.cn [200] | https://www.adidas.com/us [403] | https://www.adidas.com [403] | https://www.adidas.co.uk/ [403] | https://www.adidas.co.uk [403] | https://www.adidas.com.hk/en [403] | https://www.adidas.com.hk [403] | https://adidas.jd.com/ [200] | https://adidas.jd.com [200] | https://www.adidas.jp/ [403] | https://www.adidas.jp [403],2,0,,no_verified_official_skp,No product-level official row passed token and product-page verification.,2026-05-31
Q12026-080,Thug Club x adidas Spring 2026,Thug Club,adidas,0,search:ddg:Thug Club adidas official [AbortError] | search:bing:Thug Club adidas official [200] | search:ddg:Thug Club adidas shop official [AbortError] | search:bing:Thug Club adidas shop official [200] | search:ddg:Thug Club adidas collection official [AbortError] | search:bing:Thug Club adidas collection official [200] | search:ddg:Thug Club x adidas Spring 2026 shop official [AbortError] | search:bing:Thug Club x adidas Spring 2026 shop official [200] | search:ddg:Thug Club x adidas Spring 2026 product official [AbortError] | search:bing:Thug Club x adidas Spring 2026 product official [200],0,0,,no_verified_official_skp,No product-level official row passed token and product-page verification.,2026-05-31
Q12026-081,Pharrell x adidas adiZero EVO SL HUMANRACE Mars,adidas,Pharrell Williams / HUMANRACE,36,https://adidas.com/collections/adidas-for-pharrell-williams [403] | https://adidas.com/collection/adidas-for-pharrell-williams [403] | https://adidas.com/collections/adidas-x-pharrell-williams [403] | https://adidas.com/collection/adidas-x-pharrell-williams [403] | https://adidas.com/collections/adidas-pharrell-williams [403] | https://adidas.com/collection/adidas-pharrell-williams [403] | https://adidas.com/collections/pharrell-x-adidas-adizero-evo-sl-humanrace-mars [403] | https://adidas.com/collection/pharrell-x-adidas-adizero-evo-sl-humanrace-mars [403] | https://adidas.com/collections/pharrell [403] | https://adidas.com/collection/pharrell [403] | https://www.adidas.com/collections/adidas-for-pharrell-williams [403] | https://www.adidas.com/collection/adidas-for-pharrell-williams [403] | https://www.adidas.com/collections/adidas-x-pharrell-williams [403] | https://www.adidas.com/collection/adidas-x-pharrell-williams [403] | https://www.adidas.com/collections/adidas-pharrell-williams [403] | https://www.adidas.com/collection/adidas-pharrell-williams [403] | https://www.adidas.com/collections/pharrell-x-adidas-adizero-evo-sl-humanrace-mars [403] | https://www.adidas.com/collection/pharrell-x-adidas-adizero-evo-sl-humanrace-mars [403] | https://www.adidas.com/collections/pharrell [403] | https://www.adidas.com/collection/pharrell [403] | https://www.adidas.com/us/search?q=Pharrell%20Williams [403] | https://www.adidas.com/us/search?q=HUMANRACE [403] | https://news.adidas.com/collections/adidas-for-pharrell-williams [202] | https://news.adidas.com/collection/adidas-for-pharrell-williams [202] | https://news.adidas.com/collections/adidas-x-pharrell-williams [202] | https://news.adidas.com/collection/adidas-x-pharrell-williams [202] | https://news.adidas.com/collections/adidas-pharrell-williams [202] | https://news.adidas.com/collection/adidas-pharrell-williams [202] | search:ddg:site:adidas.com Pharrell Pharrell Williams [AbortError] | search:bing:site:adidas.com Pharrell Pharrell Williams [200] | search:ddg:site:adidas.com adidas Pharrell Williams [AbortError] | search:bing:site:adidas.com adidas Pharrell Williams [200] | search:ddg:site:adidas.com adidas Pharrell Williams shop [AbortError] | search:bing:site:adidas.com adidas Pharrell Williams shop [200] | search:ddg:site:adidas.com adidas Pharrell Williams collection [AbortError] | search:bing:site:adidas.com adidas Pharrell Williams collection [200] | search:ddg:site:news.adidas.com Pharrell Pharrell Williams [AbortError] | search:bing:site:news.adidas.com Pharrell Pharrell Williams [200] | search:ddg:site:news.adidas.com adidas Pharrell Williams [AbortError] | search:bing:site:news.adidas.com adidas Pharrell Williams [200] | search:ddg:site:news.adidas.com adidas Pharrell Williams shop [AbortError] | search:bing:site:news.adidas.com adidas Pharrell Williams shop [200] | search:ddg:site:news.adidas.com adidas Pharrell Williams collection [AbortError] | search:bing:site:news.adidas.com adidas Pharrell Williams collection [200] | https://www.adidas.com.cn/ [200] | https://www.adidas.com.cn [200] | https://www.adidas.com/us [403] | https://www.adidas.com [403] | https://www.adidas.co.uk/ [403] | https://www.adidas.co.uk [403] | https://www.adidas.com.hk/en [403] | https://www.adidas.com.hk [403] | https://adidas.jd.com/ [200] | https://adidas.jd.com [200] | https://www.adidas.jp/ [403] | https://www.adidas.jp [403],2,0,,no_verified_official_skp,No product-level official row passed token and product-page verification.,2026-05-31
Q12026-082,Brazil x Jordan Brand Away Kit and Lifestyle Collection,Jordan Brand,Brazilian Football Confederation,0,search:ddg:Brazil Brazilian Football Confederation official [AbortError] | search:bing:Brazil Brazilian Football Confederation official [200] | search:ddg:Jordan Brand Brazilian Football Confederation official [AbortError] | search:bing:Jordan Brand Brazilian Football Confederation official [200] | search:ddg:Jordan Brand Brazilian Football Confederation shop official [AbortError] | search:bing:Jordan Brand Brazilian Football Confederation shop official [200] | search:ddg:Jordan Brand Brazilian Football Confederation collection official [AbortError] | search:bing:Jordan Brand Brazilian Football Confederation collection official [200] | search:ddg:Brazil x Jordan Brand Away Kit and Lifestyle Collection shop official [AbortError] | search:bing:Brazil x Jordan Brand Away Kit and Lifestyle Collection shop official [200] | search:ddg:Brazil x Jordan Brand Away Kit and Lifestyle Collection product official [AbortError] | search:bing:Brazil x Jordan Brand Away Kit and Lifestyle Collection product official [200],0,0,,no_verified_official_skp,No product-level official row passed token and product-page verification.,2026-05-31
Q12026-083,Palace x EVISU 35th Anniversary Capsule,Palace Skateboards,EVISU,22,https://palaceskateboards.com/collections/palace-skateboards-for-evisu [404] | https://palaceskateboards.com/collection/palace-skateboards-for-evisu [404] | https://palaceskateboards.com/collections/palace-skateboards-x-evisu [404] | https://palaceskateboards.com/collection/palace-skateboards-x-evisu [404] | https://palaceskateboards.com/collections/palace-skateboards-evisu [404] | https://palaceskateboards.com/collection/palace-skateboards-evisu [404] | https://palaceskateboards.com/collections/palace-x-evisu-35th-anniversary [404] | https://palaceskateboards.com/collection/palace-x-evisu-35th-anniversary [404] | https://palaceskateboards.com/collections/palace [404] | https://palaceskateboards.com/collection/palace [404] | https://www.palaceskateboards.com/collections/palace-skateboards-for-evisu [403] | https://www.palaceskateboards.com/collection/palace-skateboards-for-evisu [403] | https://www.palaceskateboards.com/collections/palace-skateboards-x-evisu [403] | https://www.palaceskateboards.com/collection/palace-skateboards-x-evisu [403] | https://www.palaceskateboards.com/collections/palace-skateboards-evisu [403] | https://www.palaceskateboards.com/collection/palace-skateboards-evisu [403] | https://www.palaceskateboards.com/collections/palace-x-evisu-35th-anniversary [403] | https://www.palaceskateboards.com/collection/palace-x-evisu-35th-anniversary [403] | https://www.palaceskateboards.com/collections/palace [403] | https://www.palaceskateboards.com/collection/palace [403] | https://www.palaceskateboards.com/search?q=EVISU [403] | https://www.palaceskateboards.com/search?q=Palace%20x%20EVISU%2035th%20Anniversary [403] | search:ddg:site:palaceskateboards.com Palace EVISU [AbortError] | search:bing:site:palaceskateboards.com Palace EVISU [200] | search:ddg:site:palaceskateboards.com Palace Skateboards EVISU [AbortError] | search:bing:site:palaceskateboards.com Palace Skateboards EVISU [200] | search:ddg:site:palaceskateboards.com Palace Skateboards EVISU shop [AbortError] | search:bing:site:palaceskateboards.com Palace Skateboards EVISU shop [200] | search:ddg:site:palaceskateboards.com Palace Skateboards EVISU collection [AbortError] | search:bing:site:palaceskateboards.com Palace Skateboards EVISU collection [200] | search:ddg:Palace EVISU official [AbortError] | search:bing:Palace EVISU official [200] | search:ddg:Palace Skateboards EVISU official [AbortError] | search:bing:Palace Skateboards EVISU official [200] | search:ddg:Palace Skateboards EVISU shop official [AbortError] | search:bing:Palace Skateboards EVISU shop official [200] | search:ddg:Palace Skateboards EVISU collection official [AbortError] | search:bing:Palace Skateboards EVISU collection official [200],0,0,,no_verified_official_skp,No product-level official row passed token and product-page verification.,2026-05-31
Q12026-084,Pacsun x LAFC 2026 Season Opener Drop,Pacsun,Los Angeles Football Club (LAFC),24,https://pacsun.com/collections/pacsun-for-los-angeles-football-club-lafc [404] | https://pacsun.com/collection/pacsun-for-los-angeles-football-club-lafc [404] | https://pacsun.com/collections/pacsun-x-los-angeles-football-club-lafc [404] | https://pacsun.com/collection/pacsun-x-los-angeles-football-club-lafc [404] | https://pacsun.com/collections/pacsun-los-angeles-football-club-lafc [404] | https://pacsun.com/collection/pacsun-los-angeles-football-club-lafc [404] | https://pacsun.com/collections/pacsun-x-lafc [404] | https://pacsun.com/collection/pacsun-x-lafc [404] | https://pacsun.com/collections/pacsun [404] | https://pacsun.com/collection/pacsun [404] | https://www.pacsun.com/collections/pacsun-for-los-angeles-football-club-lafc [403] | https://www.pacsun.com/collection/pacsun-for-los-angeles-football-club-lafc [403] | https://www.pacsun.com/collections/pacsun-x-los-angeles-football-club-lafc [403] | https://www.pacsun.com/collection/pacsun-x-los-angeles-football-club-lafc [403] | https://www.pacsun.com/collections/pacsun-los-angeles-football-club-lafc [403] | https://www.pacsun.com/collection/pacsun-los-angeles-football-club-lafc [403] | https://www.pacsun.com/collections/pacsun-x-lafc [403] | https://www.pacsun.com/collection/pacsun-x-lafc [403] | https://www.pacsun.com/collections/pacsun [403] | https://www.pacsun.com/collection/pacsun [403] | https://pacsun.com/search?q=Los%20Angeles%20Football%20Club [403] | https://www.pacsun.com/search?q=Los%20Angeles%20Football%20Club [403] | https://pacsun.com/search?q=Pacsun%20x%20LAFC%20Season%20Opener [403] | https://www.pacsun.com/search?q=Pacsun%20x%20LAFC%20Season%20Opener [403] | search:ddg:site:pacsun.com Pacsun Los Angeles Football Club (LAFC) [AbortError] | search:bing:site:pacsun.com Pacsun Los Angeles Football Club (LAFC) [200] | search:ddg:site:pacsun.com Pacsun Los Angeles Football Club (LAFC) shop [AbortError] | search:bing:site:pacsun.com Pacsun Los Angeles Football Club (LAFC) shop [200] | search:ddg:site:pacsun.com Pacsun Los Angeles Football Club (LAFC) collection [AbortError] | search:bing:site:pacsun.com Pacsun Los Angeles Football Club (LAFC) collection [200] | search:ddg:site:pacsun.com Pacsun x LAFC 2026 Season Opener Drop shop [AbortError] | search:bing:site:pacsun.com Pacsun x LAFC 2026 Season Opener Drop shop [200] | search:ddg:Pacsun Los Angeles Football Club (LAFC) official [AbortError] | search:bing:Pacsun Los Angeles Football Club (LAFC) official [200] | search:ddg:Pacsun Los Angeles Football Club (LAFC) shop official [AbortError] | search:bing:Pacsun Los Angeles Football Club (LAFC) shop official [200] | search:ddg:Pacsun Los Angeles Football Club (LAFC) collection official [AbortError] | search:bing:Pacsun Los Angeles Football Club (LAFC) collection official [200] | search:ddg:Pacsun x LAFC 2026 Season Opener Drop shop official [AbortError] | search:bing:Pacsun x LAFC 2026 Season Opener Drop shop official [200],0,0,,no_verified_official_skp,No product-level official row passed token and product-page verification.,2026-05-31
Q12026-085,Carter's x Once Upon a Farm Limited-Edition Capsule,Carter's,Once Upon a Farm,28,https://ir.carters.com/news-releases/news-release-details/carters-and-once-upon-farm-launch-limited-edition-apparel [200] | https://carters.com/collections/carter-s-for-once-upon-a-farm [403] | https://carters.com/collection/carter-s-for-once-upon-a-farm [403] | https://carters.com/collections/carter-s-x-once-upon-a-farm [403] | https://carters.com/collection/carter-s-x-once-upon-a-farm [403] | https://carters.com/collections/carter-s-once-upon-a-farm [403] | https://carters.com/collection/carter-s-once-upon-a-farm [403] | https://carters.com/collections/carter-s [403] | https://carters.com/collection/carter-s [403] | https://carters.com/collections/once-upon-a-farm [403] | https://carters.com/collection/once-upon-a-farm [403] | https://www.carters.com/collections/carter-s-for-once-upon-a-farm [403] | https://www.carters.com/collection/carter-s-for-once-upon-a-farm [403] | https://www.carters.com/collections/carter-s-x-once-upon-a-farm [403] | https://www.carters.com/collection/carter-s-x-once-upon-a-farm [403] | https://www.carters.com/collections/carter-s-once-upon-a-farm [403] | https://www.carters.com/collection/carter-s-once-upon-a-farm [403] | https://www.carters.com/collections/carter-s [403] | https://www.carters.com/collection/carter-s [403] | https://www.carters.com/collections/once-upon-a-farm [403] | https://www.carters.com/collection/once-upon-a-farm [403] | https://www.carters.com/search?q=Once%20Upon%20a%20Farm [403] | https://www.carters.com/search?q=Carter's%20x%20Once%20Upon%20a%20Farm%20- [403] | https://ir.carters.com/collections/carter-s-for-once-upon-a-farm [404] | https://ir.carters.com/collection/carter-s-for-once-upon-a-farm [404] | https://ir.carters.com/collections/carter-s-x-once-upon-a-farm [404] | https://ir.carters.com/collection/carter-s-x-once-upon-a-farm [404] | https://ir.carters.com/collections/carter-s-once-upon-a-farm [404] | search:ddg:site:carters.com Carter's Once Upon a Farm [AbortError] | search:bing:site:carters.com Carter's Once Upon a Farm [200] | search:ddg:site:carters.com Carter's Once Upon a Farm shop [AbortError] | search:bing:site:carters.com Carter's Once Upon a Farm shop [200] | search:ddg:site:carters.com Carter's Once Upon a Farm collection [AbortError] | search:bing:site:carters.com Carter's Once Upon a Farm collection [200] | search:ddg:site:carters.com Carter's x Once Upon a Farm Limited-Edition Capsule shop [AbortError] | search:bing:site:carters.com Carter's x Once Upon a Farm Limited-Edition Capsule shop [200] | search:ddg:site:ir.carters.com Carter's Once Upon a Farm [AbortError] | search:bing:site:ir.carters.com Carter's Once Upon a Farm [200] | search:ddg:site:ir.carters.com Carter's Once Upon a Farm shop [AbortError] | search:bing:site:ir.carters.com Carter's Once Upon a Farm shop [200] | search:ddg:site:ir.carters.com Carter's Once Upon a Farm collection [AbortError] | search:bing:site:ir.carters.com Carter's Once Upon a Farm collection [200] | search:ddg:site:ir.carters.com Carter's x Once Upon a Farm Limited-Edition Capsule shop [AbortError] | search:bing:site:ir.carters.com Carter's x Once Upon a Farm Limited-Edition Capsule shop [200],0,0,,no_verified_official_skp,No product-level official row passed token and product-page verification.,2026-05-31
Q12026-090,Zales x Sweethearts Valentine's Day 2026 Charm Capsule,Zales,Sweethearts / Spangler Candy,1,https://www.zales.com/collections/zales-for-sweethearts [200] | search:skipped:seed_official_candidates_verified,18,1,Customize Your Vera Wang Love Engagement Ring,official_skp_found,Accepted rows have official/retail product URLs and product-page verification.,2026-05-31
Q12026-091,Weekend Max Mara x Sebago A Weekend with Sebago SS2026,Weekend Max Mara,Sebago,28,https://us.weekendmaxmara.com/search?q=Sebago [200] | https://fashionunited.fr/actualite/mode/weekend-max-mara-et-sebago-lultime-escale-de-leur-collaboration-pour-lete-2026/2026032341121 [200] | https://weekendmaxmara.com/collections/weekend-max-mara-for-sebago [404] | https://weekendmaxmara.com/collection/weekend-max-mara-for-sebago [404] | https://weekendmaxmara.com/collections/weekend-max-mara-x-sebago [404] | https://weekendmaxmara.com/collection/weekend-max-mara-x-sebago [404] | https://weekendmaxmara.com/collections/weekend-max-mara-sebago [404] | https://weekendmaxmara.com/collection/weekend-max-mara-sebago [404] | https://weekendmaxmara.com/collections/weekend-max-mara-x-sebago-a-weekend-with-sebago-ss2026 [404] | https://weekendmaxmara.com/collection/weekend-max-mara-x-sebago-a-weekend-with-sebago-ss2026 [404] | https://weekendmaxmara.com/collections/weekend-max-mara [404] | https://weekendmaxmara.com/collection/weekend-max-mara [404] | https://www.weekendmaxmara.com/collections/weekend-max-mara-for-sebago [404] | https://www.weekendmaxmara.com/collection/weekend-max-mara-for-sebago [404] | https://www.weekendmaxmara.com/collections/weekend-max-mara-x-sebago [404] | https://www.weekendmaxmara.com/collection/weekend-max-mara-x-sebago [404] | https://www.weekendmaxmara.com/collections/weekend-max-mara-sebago [404] | https://www.weekendmaxmara.com/collection/weekend-max-mara-sebago [404] | https://www.weekendmaxmara.com/collections/weekend-max-mara-x-sebago-a-weekend-with-sebago-ss2026 [404] | https://www.weekendmaxmara.com/collection/weekend-max-mara-x-sebago-a-weekend-with-sebago-ss2026 [404] | https://www.weekendmaxmara.com/collections/weekend-max-mara [404] | https://www.weekendmaxmara.com/collection/weekend-max-mara [404] | https://weekendmaxmara.com/search?q=Sebago [200] | https://www.weekendmaxmara.com/search?q=Sebago [200] | https://weekendmaxmara.com/search?q=Weekend%20Max%20Mara%20x%20Sebago%20A%20Weekend%20with%20Sebago%20SS2026 [200] | https://www.weekendmaxmara.com/search?q=Weekend%20Max%20Mara%20x%20Sebago%20A%20Weekend%20with%20Sebago%20SS2026 [200] | https://fashionunited.fr/collections/weekend-max-mara-for-sebago [404] | https://fashionunited.fr/collection/weekend-max-mara-for-sebago [404] | search:ddg:site:weekendmaxmara.com Weekend Max Mara Sebago [AbortError] | search:bing:site:weekendmaxmara.com Weekend Max Mara Sebago [200] | search:ddg:site:weekendmaxmara.com Weekend Max Mara Sebago shop [AbortError] | search:bing:site:weekendmaxmara.com Weekend Max Mara Sebago shop [200] | search:ddg:site:weekendmaxmara.com Weekend Max Mara Sebago collection [AbortError] | search:bing:site:weekendmaxmara.com Weekend Max Mara Sebago collection [200] | search:ddg:site:weekendmaxmara.com Weekend Max Mara x Sebago A Weekend with Sebago SS2026 shop [AbortError] | search:bing:site:weekendmaxmara.com Weekend Max Mara x Sebago A Weekend with Sebago SS2026 shop [200] | search:ddg:site:fashionunited.fr Weekend Max Mara Sebago [AbortError] | search:bing:site:fashionunited.fr Weekend Max Mara Sebago [200] | search:ddg:site:fashionunited.fr Weekend Max Mara Sebago shop [AbortError] | search:bing:site:fashionunited.fr Weekend Max Mara Sebago shop [200] | search:ddg:site:fashionunited.fr Weekend Max Mara Sebago collection [AbortError] | search:bing:site:fashionunited.fr Weekend Max Mara Sebago collection [200] | search:ddg:site:fashionunited.fr Weekend Max Mara x Sebago A Weekend with Sebago SS2026 shop [AbortError] | search:bing:site:fashionunited.fr Weekend Max Mara x Sebago A Weekend with Sebago SS2026 shop [200],0,0,,no_verified_official_skp,No product-level official row passed token and product-page verification.,2026-05-31
Q12026-092,Fred Perry x Kris Van Assche Uniform of Youth,Fred Perry,Kris Van Assche,28,https://fashionunited.uk/tags/fred-perry [200] | https://fredperry.com/collections/fred-perry-for-kris-van-assche [403] | https://fredperry.com/collection/fred-perry-for-kris-van-assche [403] | https://fredperry.com/collections/fred-perry-x-kris-van-assche [403] | https://fredperry.com/collection/fred-perry-x-kris-van-assche [403] | https://fredperry.com/collections/fred-perry-kris-van-assche [403] | https://fredperry.com/collection/fred-perry-kris-van-assche [403] | https://fredperry.com/collections/fred-perry-x-kris-van-assche-uniform-of-youth [403] | https://fredperry.com/collection/fred-perry-x-kris-van-assche-uniform-of-youth [403] | https://fredperry.com/collections/fred-perry [403] | https://fredperry.com/collection/fred-perry [403] | https://www.fredperry.com/collections/fred-perry-for-kris-van-assche [403] | https://www.fredperry.com/collection/fred-perry-for-kris-van-assche [403] | https://www.fredperry.com/collections/fred-perry-x-kris-van-assche [403] | https://www.fredperry.com/collection/fred-perry-x-kris-van-assche [403] | https://www.fredperry.com/collections/fred-perry-kris-van-assche [403] | https://www.fredperry.com/collection/fred-perry-kris-van-assche [403] | https://www.fredperry.com/collections/fred-perry-x-kris-van-assche-uniform-of-youth [403] | https://www.fredperry.com/collection/fred-perry-x-kris-van-assche-uniform-of-youth [403] | https://www.fredperry.com/collections/fred-perry [403] | https://www.fredperry.com/collection/fred-perry [403] | https://www.fredperry.com/us/search?q=Kris%20Van%20Assche [403] | https://www.fredperry.com/us/search?q=Fred%20Perry%20x%20Kris%20Van%20Assche%20Uniform%20of%20Youth [403] | https://fashionunited.uk/collections/fred-perry-for-kris-van-assche [404] | https://fashionunited.uk/collection/fred-perry-for-kris-van-assche [404] | https://fashionunited.uk/collections/fred-perry-x-kris-van-assche [404] | https://fashionunited.uk/collection/fred-perry-x-kris-van-assche [404] | https://fashionunited.uk/collections/fred-perry-kris-van-assche [404] | search:ddg:site:fredperry.com Fred Perry Kris Van Assche [AbortError] | search:bing:site:fredperry.com Fred Perry Kris Van Assche [200] | search:ddg:site:fredperry.com Fred Perry Kris Van Assche shop [AbortError] | search:bing:site:fredperry.com Fred Perry Kris Van Assche shop [200] | search:ddg:site:fredperry.com Fred Perry Kris Van Assche collection [AbortError] | search:bing:site:fredperry.com Fred Perry Kris Van Assche collection [200] | search:ddg:site:fredperry.com Fred Perry x Kris Van Assche Uniform of Youth shop [AbortError] | search:bing:site:fredperry.com Fred Perry x Kris Van Assche Uniform of Youth shop [200] | search:ddg:site:fashionunited.uk Fred Perry Kris Van Assche [AbortError] | search:bing:site:fashionunited.uk Fred Perry Kris Van Assche [200] | search:ddg:site:fashionunited.uk Fred Perry Kris Van Assche shop [AbortError] | search:bing:site:fashionunited.uk Fred Perry Kris Van Assche shop [200] | search:ddg:site:fashionunited.uk Fred Perry Kris Van Assche collection [AbortError] | search:bing:site:fashionunited.uk Fred Perry Kris Van Assche collection [200] | search:ddg:site:fashionunited.uk Fred Perry x Kris Van Assche Uniform of Youth shop [AbortError] | search:bing:site:fashionunited.uk Fred Perry x Kris Van Assche Uniform of Youth shop [200],0,0,,no_verified_official_skp,No product-level official row passed token and product-page verification.,2026-05-31
Q12026-094,Primark Presents Rita Ora Every Move Counts Activewear Capsule,Primark,Rita Ora,28,https://corporate.primark.com/en-us/a/news/corporate-news/primarks-biggest-activewear-launch-proves-premium-fabrics-fit-and-style-can-be-affordable-and-accessible-to-everyone [200] | https://www.primark.com/en-gb/a/inspiration/fashion-trends/rita-ora-x-primark [200] | https://primark.com/collections/primark-for-rita-ora [404] | https://primark.com/collection/primark-for-rita-ora [404] | https://primark.com/collections/primark-x-rita-ora [404] | https://primark.com/collection/primark-x-rita-ora [404] | https://primark.com/collections/primark-rita-ora [404] | https://primark.com/collection/primark-rita-ora [404] | https://primark.com/collections/primark-presents-rita-ora-every-move-counts-activewear [404] | https://primark.com/collection/primark-presents-rita-ora-every-move-counts-activewear [404] | https://primark.com/collections/rita-ora [404] | https://primark.com/collection/rita-ora [404] | https://www.primark.com/collections/primark-for-rita-ora [404] | https://www.primark.com/collection/primark-for-rita-ora [404] | https://www.primark.com/collections/primark-x-rita-ora [404] | https://www.primark.com/collection/primark-x-rita-ora [404] | https://www.primark.com/collections/primark-rita-ora [404] | https://www.primark.com/collection/primark-rita-ora [404] | https://www.primark.com/collections/primark-presents-rita-ora-every-move-counts-activewear [404] | https://www.primark.com/collection/primark-presents-rita-ora-every-move-counts-activewear [404] | https://www.primark.com/collections/rita-ora [404] | https://www.primark.com/collection/rita-ora [404] | https://www.primark.com/en-gb/search?q=Rita%20Ora [200] | https://www.primark.com/en-gb/search?q=Primark%20Presents%20Rita%20Ora%20Every%20Move%20Counts%20Activewear [200] | https://corporate.primark.com/collections/primark-for-rita-ora [404] | https://corporate.primark.com/collection/primark-for-rita-ora [404] | https://corporate.primark.com/collections/primark-x-rita-ora [404] | https://corporate.primark.com/collection/primark-x-rita-ora [404] | search:ddg:site:primark.com Primark Presents Rita Ora Every Move Counts Activewear Rita Ora [AbortError] | search:bing:site:primark.com Primark Presents Rita Ora Every Move Counts Activewear Rita Ora [200] | search:ddg:site:primark.com Primark Rita Ora [AbortError] | search:bing:site:primark.com Primark Rita Ora [200] | search:ddg:site:primark.com Primark Rita Ora shop [AbortError] | search:bing:site:primark.com Primark Rita Ora shop [200] | search:ddg:site:primark.com Primark Rita Ora collection [AbortError] | search:bing:site:primark.com Primark Rita Ora collection [200] | search:ddg:site:corporate.primark.com Primark Presents Rita Ora Every Move Counts Activewear Rita Ora [AbortError] | search:bing:site:corporate.primark.com Primark Presents Rita Ora Every Move Counts Activewear Rita Ora [200] | search:ddg:site:corporate.primark.com Primark Rita Ora [AbortError] | search:bing:site:corporate.primark.com Primark Rita Ora [200] | search:ddg:site:corporate.primark.com Primark Rita Ora shop [AbortError] | search:bing:site:corporate.primark.com Primark Rita Ora shop [200] | search:ddg:site:corporate.primark.com Primark Rita Ora collection [AbortError] | search:bing:site:corporate.primark.com Primark Rita Ora collection [200],453,0,,no_verified_official_skp,No product-level official row passed token and product-page verification.,2026-05-31
Q12026-095,Macy's Bar III x Khoboso Nale Knitwear Capsule,Macy's Bar III,Khoboso Nale,28,https://news.fitnyc.edu/2026/03/16/macys-launches-capsule-collection-of-knitwear-designer-khoboso-nale/ [200] | https://macys.com/collections/macy-s-bar-iii-for-khoboso-nale [404] | https://macys.com/collection/macy-s-bar-iii-for-khoboso-nale [404] | https://macys.com/collections/macy-s-bar-iii-x-khoboso-nale [404] | https://macys.com/collection/macy-s-bar-iii-x-khoboso-nale [404] | https://macys.com/collections/macy-s-bar-iii-khoboso-nale [404] | https://macys.com/collection/macy-s-bar-iii-khoboso-nale [404] | https://macys.com/collections/macy-s-bar-iii-x-khoboso-nale-knitwear [404] | https://macys.com/collection/macy-s-bar-iii-x-khoboso-nale-knitwear [404] | https://macys.com/collections/macy-s-bar-iii [404] | https://macys.com/collection/macy-s-bar-iii [404] | https://www.macys.com/collections/macy-s-bar-iii-for-khoboso-nale [404] | https://www.macys.com/collection/macy-s-bar-iii-for-khoboso-nale [404] | https://www.macys.com/collections/macy-s-bar-iii-x-khoboso-nale [404] | https://www.macys.com/collection/macy-s-bar-iii-x-khoboso-nale [404] | https://www.macys.com/collections/macy-s-bar-iii-khoboso-nale [404] | https://www.macys.com/collection/macy-s-bar-iii-khoboso-nale [404] | https://www.macys.com/collections/macy-s-bar-iii-x-khoboso-nale-knitwear [404] | https://www.macys.com/collection/macy-s-bar-iii-x-khoboso-nale-knitwear [404] | https://www.macys.com/collections/macy-s-bar-iii [404] | https://www.macys.com/collection/macy-s-bar-iii [404] | https://www.macys.com/shop/search?keyword=Khoboso%20Nale [403] | https://www.macys.com/shop/search?keyword=Macy's%20Bar%20III%20x%20Khoboso%20Nale%20Knitwear [403] | https://news.fitnyc.edu/collections/macy-s-bar-iii-for-khoboso-nale [404] | https://news.fitnyc.edu/collection/macy-s-bar-iii-for-khoboso-nale [404] | https://news.fitnyc.edu/collections/macy-s-bar-iii-x-khoboso-nale [404] | https://news.fitnyc.edu/collection/macy-s-bar-iii-x-khoboso-nale [404] | https://news.fitnyc.edu/collections/macy-s-bar-iii-khoboso-nale [404] | search:ddg:site:macys.com Macy's Bar III Khoboso Nale [AbortError] | search:bing:site:macys.com Macy's Bar III Khoboso Nale [200] | search:ddg:site:macys.com Macy's Bar III Khoboso Nale shop [AbortError] | search:bing:site:macys.com Macy's Bar III Khoboso Nale shop [200] | search:ddg:site:macys.com Macy's Bar III Khoboso Nale collection [AbortError] | search:bing:site:macys.com Macy's Bar III Khoboso Nale collection [200] | search:ddg:site:macys.com Macy's Bar III x Khoboso Nale Knitwear Capsule shop [AbortError] | search:bing:site:macys.com Macy's Bar III x Khoboso Nale Knitwear Capsule shop [200] | search:ddg:site:news.fitnyc.edu Macy's Bar III Khoboso Nale [AbortError] | search:bing:site:news.fitnyc.edu Macy's Bar III Khoboso Nale [200] | search:ddg:site:news.fitnyc.edu Macy's Bar III Khoboso Nale shop [AbortError] | search:bing:site:news.fitnyc.edu Macy's Bar III Khoboso Nale shop [200] | search:ddg:site:news.fitnyc.edu Macy's Bar III Khoboso Nale collection [AbortError] | search:bing:site:news.fitnyc.edu Macy's Bar III Khoboso Nale collection [200] | search:ddg:site:news.fitnyc.edu Macy's Bar III x Khoboso Nale Knitwear Capsule shop [AbortError] | search:bing:site:news.fitnyc.edu Macy's Bar III x Khoboso Nale Knitwear Capsule shop [200],0,0,,no_verified_official_skp,No product-level official row passed token and product-page verification.,2026-05-31
Q12026-098,OUR LEGACY WORK SHOP x Goldwin,OUR LEGACY WORK SHOP,Goldwin,24,https://ourlegacy.com/collections/our-legacy-work-shop-for-goldwin [404] | https://ourlegacy.com/collection/our-legacy-work-shop-for-goldwin [404] | https://ourlegacy.com/collections/our-legacy-work-shop-x-goldwin [404] | https://ourlegacy.com/collection/our-legacy-work-shop-x-goldwin [404] | https://ourlegacy.com/collections/our-legacy-work-shop-goldwin [404] | https://ourlegacy.com/collection/our-legacy-work-shop-goldwin [404] | https://ourlegacy.com/collections/our-legacy-work-shop [404] | https://ourlegacy.com/collection/our-legacy-work-shop [404] | https://ourlegacy.com/collections/goldwin [404] | https://ourlegacy.com/collection/goldwin [404] | https://www.ourlegacy.com/collections/our-legacy-work-shop-for-goldwin [404] | https://www.ourlegacy.com/collection/our-legacy-work-shop-for-goldwin [404] | https://www.ourlegacy.com/collections/our-legacy-work-shop-x-goldwin [404] | https://www.ourlegacy.com/collection/our-legacy-work-shop-x-goldwin [404] | https://www.ourlegacy.com/collections/our-legacy-work-shop-goldwin [404] | https://www.ourlegacy.com/collection/our-legacy-work-shop-goldwin [404] | https://www.ourlegacy.com/collections/our-legacy-work-shop [404] | https://www.ourlegacy.com/collection/our-legacy-work-shop [404] | https://www.ourlegacy.com/collections/goldwin [404] | https://www.ourlegacy.com/collection/goldwin [404] | https://ourlegacy.com/search?q=Goldwin [200] | https://www.ourlegacy.com/search?q=Goldwin [200] | https://ourlegacy.com/search?q=OUR%20LEGACY%20WORK%20SHOP%20x%20Goldwin [200] | https://www.ourlegacy.com/search?q=OUR%20LEGACY%20WORK%20SHOP%20x%20Goldwin [200] | search:ddg:site:ourlegacy.com OUR LEGACY WORK SHOP Goldwin [AbortError] | search:bing:site:ourlegacy.com OUR LEGACY WORK SHOP Goldwin [200] | search:ddg:site:ourlegacy.com OUR LEGACY WORK SHOP Goldwin shop [AbortError] | search:bing:site:ourlegacy.com OUR LEGACY WORK SHOP Goldwin shop [200] | search:ddg:site:ourlegacy.com OUR LEGACY WORK SHOP Goldwin collection [AbortError] | search:bing:site:ourlegacy.com OUR LEGACY WORK SHOP Goldwin collection [200] | search:ddg:site:ourlegacy.com OUR LEGACY WORK SHOP x Goldwin shop [AbortError] | search:bing:site:ourlegacy.com OUR LEGACY WORK SHOP x Goldwin shop [200] | search:ddg:OUR LEGACY WORK SHOP Goldwin official [AbortError] | search:bing:OUR LEGACY WORK SHOP Goldwin official [200] | search:ddg:OUR LEGACY WORK SHOP Goldwin shop official [AbortError] | search:bing:OUR LEGACY WORK SHOP Goldwin shop official [200] | search:ddg:OUR LEGACY WORK SHOP Goldwin collection official [AbortError] | search:bing:OUR LEGACY WORK SHOP Goldwin collection official [200] | search:ddg:OUR LEGACY WORK SHOP x Goldwin shop official [AbortError] | search:bing:OUR LEGACY WORK SHOP x Goldwin shop official [200],0,0,,no_verified_official_skp,No product-level official row passed token and product-page verification.,2026-05-31
Q12026-099,CLOT x adidas Lunar New Year 2026 Collection,CLOT,adidas,24,https://clot.com/collections/clot-for-adidas [404] | https://clot.com/collection/clot-for-adidas [404] | https://clot.com/collections/clot-x-adidas [404] | https://clot.com/collection/clot-x-adidas [404] | https://clot.com/collections/clot-adidas [404] | https://clot.com/collection/clot-adidas [404] | https://clot.com/collections/clot-x-adidas-lunar-new-year [404] | https://clot.com/collection/clot-x-adidas-lunar-new-year [404] | https://clot.com/collections/clot [200] | https://clot.com/collection/clot [200] | https://www.clot.com/collections/clot-for-adidas [404] | https://www.clot.com/collection/clot-for-adidas [404] | https://www.clot.com/collections/clot-x-adidas [404] | https://www.clot.com/collection/clot-x-adidas [404] | https://www.clot.com/collections/clot-adidas [404] | https://www.clot.com/collection/clot-adidas [404] | https://www.clot.com/collections/clot-x-adidas-lunar-new-year [404] | https://www.clot.com/collection/clot-x-adidas-lunar-new-year [404] | https://www.clot.com/collections/clot [200] | https://www.clot.com/collection/clot [200] | https://clot.com/search?q=adidas [404] | https://www.clot.com/search?q=adidas [404] | https://clot.com/search?q=CLOT%20x%20adidas%20Lunar%20New%20Year [404] | https://www.clot.com/search?q=CLOT%20x%20adidas%20Lunar%20New%20Year [404] | search:ddg:site:clot.com CLOT adidas [AbortError] | search:bing:site:clot.com CLOT adidas [200] | search:ddg:site:clot.com CLOT adidas shop [AbortError] | search:bing:site:clot.com CLOT adidas shop [200] | search:ddg:site:clot.com CLOT adidas collection [AbortError] | search:bing:site:clot.com CLOT adidas collection [200] | search:ddg:site:clot.com CLOT x adidas Lunar New Year 2026 Collection shop [AbortError] | search:bing:site:clot.com CLOT x adidas Lunar New Year 2026 Collection shop [200] | search:ddg:CLOT adidas official [AbortError] | search:bing:CLOT adidas official [200] | search:ddg:CLOT adidas shop official [AbortError] | search:bing:CLOT adidas shop official [200] | search:ddg:CLOT adidas collection official [AbortError] | search:bing:CLOT adidas collection official [200] | search:ddg:CLOT x adidas Lunar New Year 2026 Collection shop official [AbortError] | search:bing:CLOT x adidas Lunar New Year 2026 Collection shop official [200],4,0,,no_verified_official_skp,No product-level official row passed token and product-page verification.,2026-05-31
Q12026-101,UNDERCOVER x Dickies Spring/Summer 2026,UNDERCOVER,Dickies,24,https://undercoverism.com/collections/undercover-for-dickies [404] | https://undercoverism.com/collection/undercover-for-dickies [404] | https://undercoverism.com/collections/undercover-x-dickies [404] | https://undercoverism.com/collection/undercover-x-dickies [404] | https://undercoverism.com/collections/undercover-dickies [404] | https://undercoverism.com/collection/undercover-dickies [404] | https://undercoverism.com/collections/undercover [404] | https://undercoverism.com/collection/undercover [404] | https://undercoverism.com/collections/dickies [404] | https://undercoverism.com/collection/dickies [404] | https://www.undercoverism.com/collections/undercover-for-dickies [404] | https://www.undercoverism.com/collection/undercover-for-dickies [404] | https://www.undercoverism.com/collections/undercover-x-dickies [404] | https://www.undercoverism.com/collection/undercover-x-dickies [404] | https://www.undercoverism.com/collections/undercover-dickies [404] | https://www.undercoverism.com/collection/undercover-dickies [404] | https://www.undercoverism.com/collections/undercover [404] | https://www.undercoverism.com/collection/undercover [404] | https://www.undercoverism.com/collections/dickies [404] | https://www.undercoverism.com/collection/dickies [404] | https://undercoverism.com/search?q=Dickies [404] | https://www.undercoverism.com/search?q=Dickies [404] | https://undercoverism.com/search?q=UNDERCOVER%20x%20Dickies [404] | https://www.undercoverism.com/search?q=UNDERCOVER%20x%20Dickies [404] | search:ddg:site:undercoverism.com UNDERCOVER Dickies [AbortError] | search:bing:site:undercoverism.com UNDERCOVER Dickies [200] | search:ddg:site:undercoverism.com UNDERCOVER Dickies shop [AbortError] | search:bing:site:undercoverism.com UNDERCOVER Dickies shop [200] | search:ddg:site:undercoverism.com UNDERCOVER Dickies collection [AbortError] | search:bing:site:undercoverism.com UNDERCOVER Dickies collection [200] | search:ddg:site:undercoverism.com UNDERCOVER x Dickies Spring/Summer 2026 shop [AbortError] | search:bing:site:undercoverism.com UNDERCOVER x Dickies Spring/Summer 2026 shop [200] | search:ddg:UNDERCOVER Dickies official [AbortError] | search:bing:UNDERCOVER Dickies official [200] | search:ddg:UNDERCOVER Dickies shop official [AbortError] | search:bing:UNDERCOVER Dickies shop official [200] | search:ddg:UNDERCOVER Dickies collection official [AbortError] | search:bing:UNDERCOVER Dickies collection official [200] | search:ddg:UNDERCOVER x Dickies Spring/Summer 2026 shop official [AbortError] | search:bing:UNDERCOVER x Dickies Spring/Summer 2026 shop official [200],0,0,,no_verified_official_skp,No product-level official row passed token and product-page verification.,2026-05-31
Q12026-103,Fred Perry x Craig Green Third Collaboration,Fred Perry,Craig Green,22,https://fredperry.com/collections/fred-perry-for-craig-green [403] | https://fredperry.com/collection/fred-perry-for-craig-green [403] | https://fredperry.com/collections/fred-perry-x-craig-green [403] | https://fredperry.com/collection/fred-perry-x-craig-green [403] | https://fredperry.com/collections/fred-perry-craig-green [403] | https://fredperry.com/collection/fred-perry-craig-green [403] | https://fredperry.com/collections/fred-perry [403] | https://fredperry.com/collection/fred-perry [403] | https://fredperry.com/collections/craig-green [403] | https://fredperry.com/collection/craig-green [403] | https://www.fredperry.com/collections/fred-perry-for-craig-green [403] | https://www.fredperry.com/collection/fred-perry-for-craig-green [403] | https://www.fredperry.com/collections/fred-perry-x-craig-green [403] | https://www.fredperry.com/collection/fred-perry-x-craig-green [403] | https://www.fredperry.com/collections/fred-perry-craig-green [403] | https://www.fredperry.com/collection/fred-perry-craig-green [403] | https://www.fredperry.com/collections/fred-perry [403] | https://www.fredperry.com/collection/fred-perry [403] | https://www.fredperry.com/collections/craig-green [403] | https://www.fredperry.com/collection/craig-green [403] | https://www.fredperry.com/us/search?q=Craig%20Green [403] | https://www.fredperry.com/us/search?q=Fred%20Perry%20x%20Craig%20Green%20Third [403] | search:ddg:site:fredperry.com Fred Perry Craig Green [AbortError] | search:bing:site:fredperry.com Fred Perry Craig Green [200] | search:ddg:site:fredperry.com Fred Perry Craig Green shop [AbortError] | search:bing:site:fredperry.com Fred Perry Craig Green shop [200] | search:ddg:site:fredperry.com Fred Perry Craig Green collection [AbortError] | search:bing:site:fredperry.com Fred Perry Craig Green collection [200] | search:ddg:site:fredperry.com Fred Perry x Craig Green Third Collaboration shop [AbortError] | search:bing:site:fredperry.com Fred Perry x Craig Green Third Collaboration shop [200] | search:ddg:Fred Perry Craig Green official [AbortError] | search:bing:Fred Perry Craig Green official [200] | search:ddg:Fred Perry Craig Green shop official [AbortError] | search:bing:Fred Perry Craig Green shop official [200] | search:ddg:Fred Perry Craig Green collection official [AbortError] | search:bing:Fred Perry Craig Green collection official [200] | search:ddg:Fred Perry x Craig Green Third Collaboration shop official [AbortError] | search:bing:Fred Perry x Craig Green Third Collaboration shop official [200],0,0,,no_verified_official_skp,No product-level official row passed token and product-page verification.,2026-05-31
Q12026-104,MU:DS x BTS Artist-Made Collection,MU:DS,BTS,0,search:ddg:MU:DS BTS official [AbortError] | search:bing:MU:DS BTS official [200] | search:ddg:MU:DS BTS shop official [AbortError] | search:bing:MU:DS BTS shop official [200] | search:ddg:MU:DS BTS collection official [AbortError] | search:bing:MU:DS BTS collection official [200] | search:ddg:MU:DS x BTS Artist-Made Collection shop official [AbortError] | search:bing:MU:DS x BTS Artist-Made Collection shop official [200] | search:ddg:MU:DS x BTS Artist-Made Collection product official [AbortError] | search:bing:MU:DS x BTS Artist-Made Collection product official [200],0,0,,no_verified_official_skp,No product-level official row passed token and product-page verification.,2026-05-31
Q12026-105,Holiday x Call of Duty Capsule Collection,Holiday,Call of Duty / Activision,24,https://holidaybrand.com/collections/holiday-for-call-of-duty [200] | https://holidaybrand.com/collection/holiday-for-call-of-duty [200] | https://holidaybrand.com/collections/holiday-x-call-of-duty [200] | https://holidaybrand.com/collection/holiday-x-call-of-duty [200] | https://holidaybrand.com/collections/holiday-call-of-duty [200] | https://holidaybrand.com/collection/holiday-call-of-duty [200] | https://holidaybrand.com/collections/holiday [200] | https://holidaybrand.com/collection/holiday [200] | https://holidaybrand.com/collections/call-of-duty [200] | https://holidaybrand.com/collection/call-of-duty [200] | https://www.holidaybrand.com/collections/holiday-for-call-of-duty [200] | https://www.holidaybrand.com/collection/holiday-for-call-of-duty [200] | https://www.holidaybrand.com/collections/holiday-x-call-of-duty [200] | https://www.holidaybrand.com/collection/holiday-x-call-of-duty [200] | https://www.holidaybrand.com/collections/holiday-call-of-duty [200] | https://www.holidaybrand.com/collection/holiday-call-of-duty [200] | https://www.holidaybrand.com/collections/holiday [200] | https://www.holidaybrand.com/collection/holiday [200] | https://www.holidaybrand.com/collections/call-of-duty [200] | https://www.holidaybrand.com/collection/call-of-duty [200] | https://holidaybrand.com/search?q=Call%20of%20Duty [200] | https://www.holidaybrand.com/search?q=Call%20of%20Duty [200] | https://holidaybrand.com/search?q=Activision [200] | https://www.holidaybrand.com/search?q=Activision [200] | search:ddg:site:holidaybrand.com Holiday Call of Duty [AbortError] | search:bing:site:holidaybrand.com Holiday Call of Duty [200] | search:ddg:site:holidaybrand.com Holiday Call of Duty shop [AbortError] | search:bing:site:holidaybrand.com Holiday Call of Duty shop [200] | search:ddg:site:holidaybrand.com Holiday Call of Duty collection [AbortError] | search:bing:site:holidaybrand.com Holiday Call of Duty collection [200] | search:ddg:site:holidaybrand.com Holiday x Call of Duty Capsule Collection shop [AbortError] | search:bing:site:holidaybrand.com Holiday x Call of Duty Capsule Collection shop [200] | search:ddg:Holiday Call of Duty official [AbortError] | search:bing:Holiday Call of Duty official [200] | search:ddg:Holiday Call of Duty shop official [AbortError] | search:bing:Holiday Call of Duty shop official [200] | search:ddg:Holiday Call of Duty collection official [AbortError] | search:bing:Holiday Call of Duty collection official [200] | search:ddg:Holiday x Call of Duty Capsule Collection shop official [AbortError] | search:bing:Holiday x Call of Duty Capsule Collection shop official [200],85,0,,no_verified_official_skp,No product-level official row passed token and product-page verification.,2026-05-31
Q12026-109,New Era x Doraemon Collection,New Era,Doraemon,22,https://neweracap.com/collections/new-era-for-doraemon [403] | https://neweracap.com/collection/new-era-for-doraemon [403] | https://neweracap.com/collections/new-era-x-doraemon [403] | https://neweracap.com/collection/new-era-x-doraemon [403] | https://neweracap.com/collections/new-era-doraemon [403] | https://neweracap.com/collection/new-era-doraemon [403] | https://neweracap.com/collections/new-era [403] | https://neweracap.com/collection/new-era [403] | https://neweracap.com/collections/doraemon [403] | https://neweracap.com/collection/doraemon [403] | https://www.neweracap.com/collections/new-era-for-doraemon [403] | https://www.neweracap.com/collection/new-era-for-doraemon [403] | https://www.neweracap.com/collections/new-era-x-doraemon [403] | https://www.neweracap.com/collection/new-era-x-doraemon [403] | https://www.neweracap.com/collections/new-era-doraemon [403] | https://www.neweracap.com/collection/new-era-doraemon [403] | https://www.neweracap.com/collections/new-era [403] | https://www.neweracap.com/collection/new-era [403] | https://www.neweracap.com/collections/doraemon [403] | https://www.neweracap.com/collection/doraemon [403] | https://www.neweracap.com/search?text=Doraemon [403] | https://www.neweracap.com/search?text=New%20Era%20x%20Doraemon [403] | search:ddg:site:neweracap.com New Era Doraemon [AbortError] | search:bing:site:neweracap.com New Era Doraemon [200] | search:ddg:site:neweracap.com New Era Doraemon shop [AbortError] | search:bing:site:neweracap.com New Era Doraemon shop [200] | search:ddg:site:neweracap.com New Era Doraemon collection [AbortError] | search:bing:site:neweracap.com New Era Doraemon collection [200] | search:ddg:site:neweracap.com New Era x Doraemon Collection shop [AbortError] | search:bing:site:neweracap.com New Era x Doraemon Collection shop [200] | search:ddg:New Era Doraemon official [AbortError] | search:bing:New Era Doraemon official [200] | search:ddg:New Era Doraemon shop official [AbortError] | search:bing:New Era Doraemon shop official [200] | search:ddg:New Era Doraemon collection official [AbortError] | search:bing:New Era Doraemon collection official [200] | search:ddg:New Era x Doraemon Collection shop official [AbortError] | search:bing:New Era x Doraemon Collection shop official [200],0,0,,no_verified_official_skp,No product-level official row passed token and product-page verification.,2026-05-31
Q12026-110,WILDSIDE Yohji Yamamoto x NEEDLES,WILDSIDE Yohji Yamamoto,NEEDLES,24,https://wildside-online.com/collections/wildside-yohji-yamamoto-for-needles [404] | https://wildside-online.com/collection/wildside-yohji-yamamoto-for-needles [404] | https://wildside-online.com/collections/wildside-yohji-yamamoto-x-needles [404] | https://wildside-online.com/collection/wildside-yohji-yamamoto-x-needles [404] | https://wildside-online.com/collections/wildside-yohji-yamamoto-needles [404] | https://wildside-online.com/collection/wildside-yohji-yamamoto-needles [404] | https://wildside-online.com/collections/wildside-yohji-yamamoto [404] | https://wildside-online.com/collection/wildside-yohji-yamamoto [404] | https://wildside-online.com/collections/needles [404] | https://wildside-online.com/collection/needles [404] | https://www.wildside-online.com/collections/wildside-yohji-yamamoto-for-needles [TypeError] | https://www.wildside-online.com/collection/wildside-yohji-yamamoto-for-needles [TypeError] | https://www.wildside-online.com/collections/wildside-yohji-yamamoto-x-needles [TypeError] | https://www.wildside-online.com/collection/wildside-yohji-yamamoto-x-needles [TypeError] | https://www.wildside-online.com/collections/wildside-yohji-yamamoto-needles [TypeError] | https://www.wildside-online.com/collection/wildside-yohji-yamamoto-needles [TypeError] | https://www.wildside-online.com/collections/wildside-yohji-yamamoto [TypeError] | https://www.wildside-online.com/collection/wildside-yohji-yamamoto [TypeError] | https://www.wildside-online.com/collections/needles [TypeError] | https://www.wildside-online.com/collection/needles [TypeError] | https://wildside-online.com/search?q=NEEDLES [404] | https://www.wildside-online.com/search?q=NEEDLES [TypeError] | https://wildside-online.com/search?q=WILDSIDE%20Yohji%20Yamamoto%20x%20NEEDLES [404] | https://www.wildside-online.com/search?q=WILDSIDE%20Yohji%20Yamamoto%20x%20NEEDLES [TypeError] | search:ddg:site:wildside-online.com WILDSIDE Yohji Yamamoto NEEDLES [AbortError] | search:bing:site:wildside-online.com WILDSIDE Yohji Yamamoto NEEDLES [200] | search:ddg:site:wildside-online.com WILDSIDE Yohji Yamamoto NEEDLES shop [AbortError] | search:bing:site:wildside-online.com WILDSIDE Yohji Yamamoto NEEDLES shop [200] | search:ddg:site:wildside-online.com WILDSIDE Yohji Yamamoto NEEDLES collection [AbortError] | search:bing:site:wildside-online.com WILDSIDE Yohji Yamamoto NEEDLES collection [200] | search:ddg:site:wildside-online.com WILDSIDE Yohji Yamamoto x NEEDLES shop [AbortError] | search:bing:site:wildside-online.com WILDSIDE Yohji Yamamoto x NEEDLES shop [200] | search:ddg:WILDSIDE Yohji Yamamoto NEEDLES official [AbortError] | search:bing:WILDSIDE Yohji Yamamoto NEEDLES official [200] | search:ddg:WILDSIDE Yohji Yamamoto NEEDLES shop official [AbortError] | search:bing:WILDSIDE Yohji Yamamoto NEEDLES shop official [200] | search:ddg:WILDSIDE Yohji Yamamoto NEEDLES collection official [AbortError] | search:bing:WILDSIDE Yohji Yamamoto NEEDLES collection official [200] | search:ddg:WILDSIDE Yohji Yamamoto x NEEDLES shop official [AbortError] | search:bing:WILDSIDE Yohji Yamamoto x NEEDLES shop official [200],0,0,,no_verified_official_skp,No product-level official row passed token and product-page verification.,2026-05-31
Q12026-113,Converse x Hello Kitty and Friends with Swarovski,Converse,Hello Kitty and Friends; Swarovski,23,https://www.converse.com/collections/converse-for-hello-kitty-and-friends [200] | https://converse.com/collections/converse-for-hello-kitty-and-friends [200] | https://converse.com/collection/converse-for-hello-kitty-and-friends [200] | https://converse.com/collections/converse-x-hello-kitty-and-friends [200] | https://converse.com/collection/converse-x-hello-kitty-and-friends [200] | https://converse.com/collections/converse-hello-kitty-and-friends [200] | https://converse.com/collection/converse-hello-kitty-and-friends [200] | https://converse.com/collections/converse-x-hello-kitty-and-friends-with-swarovski [200] | https://converse.com/collection/converse-x-hello-kitty-and-friends-with-swarovski [200] | https://converse.com/collections/converse [200] | https://converse.com/collection/converse [200] | https://www.converse.com/collection/converse-for-hello-kitty-and-friends [200] | https://www.converse.com/collections/converse-x-hello-kitty-and-friends [200] | https://www.converse.com/collection/converse-x-hello-kitty-and-friends [200] | https://www.converse.com/collections/converse-hello-kitty-and-friends [200] | https://www.converse.com/collection/converse-hello-kitty-and-friends [200] | https://www.converse.com/collections/converse-x-hello-kitty-and-friends-with-swarovski [200] | https://www.converse.com/collection/converse-x-hello-kitty-and-friends-with-swarovski [200] | https://www.converse.com/collections/converse [200] | https://www.converse.com/collection/converse [200] | https://www.converse.com/shop/search?q=Hello%20Kitty%20and%20Friends [200] | https://www.converse.com/shop/search?q=Swarovski [200] | search:ddg:site:converse.com Converse Hello Kitty and Friends [AbortError] | search:bing:site:converse.com Converse Hello Kitty and Friends [200] | search:ddg:site:converse.com Converse Hello Kitty and Friends shop [AbortError] | search:bing:site:converse.com Converse Hello Kitty and Friends shop [200] | search:ddg:site:converse.com Converse Hello Kitty and Friends collection [AbortError] | search:bing:site:converse.com Converse Hello Kitty and Friends collection [200] | search:ddg:site:converse.com Converse x Hello Kitty and Friends with Swarovski shop [AbortError] | search:bing:site:converse.com Converse x Hello Kitty and Friends with Swarovski shop [200] | search:ddg:Converse Hello Kitty and Friends official [AbortError] | search:bing:Converse Hello Kitty and Friends official [200] | search:ddg:Converse Hello Kitty and Friends shop official [AbortError] | search:bing:Converse Hello Kitty and Friends shop official [200] | search:ddg:Converse Hello Kitty and Friends collection official [AbortError] | search:bing:Converse Hello Kitty and Friends collection official [200] | search:ddg:Converse x Hello Kitty and Friends with Swarovski shop official [AbortError] | search:bing:Converse x Hello Kitty and Friends with Swarovski shop official [200] | https://www.nike.com/w/converse-akmjx [200],7884,0,,no_verified_official_skp,No product-level official row passed token and product-page verification.,2026-05-31
Q12026-115,NikeCraft x Tom Sachs ISRU Uniform,NikeCraft,Tom Sachs,28,https://nike.com/collections/nikecraft-for-tom-sachs [404] | https://nike.com/collection/nikecraft-for-tom-sachs [404] | https://nike.com/collections/nikecraft-x-tom-sachs [404] | https://nike.com/collection/nikecraft-x-tom-sachs [404] | https://nike.com/collections/nikecraft-tom-sachs [404] | https://nike.com/collection/nikecraft-tom-sachs [404] | https://nike.com/collections/nikecraft-x-tom-sachs-isru-uniform [404] | https://nike.com/collection/nikecraft-x-tom-sachs-isru-uniform [404] | https://nike.com/collections/nikecraft [404] | https://nike.com/collection/nikecraft [404] | https://www.nike.com/collections/nikecraft-for-tom-sachs [404] | https://www.nike.com/collection/nikecraft-for-tom-sachs [404] | https://www.nike.com/collections/nikecraft-x-tom-sachs [404] | https://www.nike.com/collection/nikecraft-x-tom-sachs [404] | https://www.nike.com/collections/nikecraft-tom-sachs [404] | https://www.nike.com/collection/nikecraft-tom-sachs [404] | https://www.nike.com/collections/nikecraft-x-tom-sachs-isru-uniform [404] | https://www.nike.com/collection/nikecraft-x-tom-sachs-isru-uniform [404] | https://www.nike.com/collections/nikecraft [404] | https://www.nike.com/collection/nikecraft [404] | https://www.nike.com/launch/t/nikecraft-for-tom-sachs [404] | https://www.nike.com/launch/t/nikecraft-x-tom-sachs [404] | https://www.nike.com/launch/t/nikecraft-tom-sachs [404] | https://www.nike.com/launch/t/nikecraft-x-tom-sachs-isru-uniform [404] | https://www.nike.com/launch/t/nikecraft [404] | https://www.nike.com/launch/t/tom-sachs [404] | https://www.nike.com/w?q=Tom%20Sachs [200] | https://www.nike.com/w?q=NikeCraft%20x%20Tom%20Sachs%20ISRU%20Uniform [200] | search:ddg:site:nike.com NikeCraft Tom Sachs [AbortError] | search:bing:site:nike.com NikeCraft Tom Sachs [200] | search:ddg:site:nike.com NikeCraft Tom Sachs shop [AbortError] | search:bing:site:nike.com NikeCraft Tom Sachs shop [200] | search:ddg:site:nike.com NikeCraft Tom Sachs collection [AbortError] | search:bing:site:nike.com NikeCraft Tom Sachs collection [200] | search:ddg:site:nike.com NikeCraft x Tom Sachs ISRU Uniform shop [AbortError] | search:bing:site:nike.com NikeCraft x Tom Sachs ISRU Uniform shop [200] | search:ddg:site:nikecraft.com NikeCraft Tom Sachs [AbortError] | search:bing:site:nikecraft.com NikeCraft Tom Sachs [200] | search:ddg:site:nikecraft.com NikeCraft Tom Sachs shop [AbortError] | search:bing:site:nikecraft.com NikeCraft Tom Sachs shop [200] | search:ddg:site:nikecraft.com NikeCraft Tom Sachs collection [AbortError] | search:bing:site:nikecraft.com NikeCraft Tom Sachs collection [200] | search:ddg:site:nikecraft.com NikeCraft x Tom Sachs ISRU Uniform shop [AbortError] | search:bing:site:nikecraft.com NikeCraft x Tom Sachs ISRU Uniform shop [200],0,0,,no_verified_official_skp,No product-level official row passed token and product-page verification.,2026-05-31
