skp_id,collab_id,series_name,primary_brand,partner_names,product_name,product_type,category_detail,price,currency,product_url,source_url,source_type,image_url,image_credit,sales_channel,availability_region,evidence_status,notes,last_checked
Q12026-001-SKP-001,Q12026-001,BALENCIAGA I NBA Collaboration,Balenciaga,National Basketball Association (NBA),balenciaga | nba collaboration varsity jacket,outerwear,Coats & Jackets For Men,,,https://www.balenciaga.com/en-en/balenciaga-%7C-nba-collaboration-varsity-jacket-black-white-864902TQS041070.html,https://www.balenciaga.com/en-en/balenciaga-%7C-nba-collaboration,official_or_retail,https://balenciaga.dam.kering.com/asset/48445499-1792-4a97-b8dc-e1d7743c6342/Small_thumbnail/864902TQS041070_F.jpg?v=2,Balenciaga / NBA,Balenciaga.com; select Balenciaga stores,global selected Balenciaga stores; online,verified_product,Extracted from official product tile (864902TQS041070).,2026-05-31
Q12026-001-SKP-002,Q12026-001,BALENCIAGA I NBA Collaboration,Balenciaga,National Basketball Association (NBA),balenciaga | nba collaboration short sleeve shirt,apparel,Discover Men Balenciaga | NBA Collaboration,,,https://www.balenciaga.com/en-en/balenciaga-%7C-nba-collaboration-short-sleeve-shirt-black-864831TRM281000.html,https://www.balenciaga.com/en-en/balenciaga-%7C-nba-collaboration,official_or_retail,https://balenciaga.dam.kering.com/asset/8590468c-32d2-43b4-8e79-cfd1f8b92261/Small_thumbnail/864831TRM281000_F.jpg?v=3,Balenciaga / NBA,Balenciaga.com; select Balenciaga stores,global selected Balenciaga stores; online,verified_product,Extracted from official product tile (864831TRM281000).,2026-05-31
Q12026-001-SKP-003,Q12026-001,BALENCIAGA I NBA Collaboration,Balenciaga,National Basketball Association (NBA),balenciaga | nba collaboration oversized sweatpants,apparel,Ready-To-Wear For Men,,,https://www.balenciaga.com/en-en/balenciaga-%7C-nba-collaboration-oversized-sweatpants-black-white-864873TTVV91070.html,https://www.balenciaga.com/en-en/balenciaga-%7C-nba-collaboration,official_or_retail,https://balenciaga.dam.kering.com/asset/53336abe-3b9b-4fd8-b6d0-5c0e7ed78aff/Small_thumbnail/864873TTVV91070_F.jpg?v=3,Balenciaga / NBA,Balenciaga.com; select Balenciaga stores,global selected Balenciaga stores; online,verified_product,Extracted from official product tile (864873TTVV91070).,2026-05-31
Q12026-001-SKP-004,Q12026-001,BALENCIAGA I NBA Collaboration,Balenciaga,National Basketball Association (NBA),balenciaga | nba collaboration oversized zip-up hoodie,apparel,Discover Men Balenciaga | NBA Collaboration,,,https://www.balenciaga.com/en-en/balenciaga-%7C-nba-collaboration-oversized-zip-up-hoodie-black-multicolor-863850TTVV91060.html,https://www.balenciaga.com/en-en/balenciaga-%7C-nba-collaboration,official_or_retail,https://balenciaga.dam.kering.com/asset/373440d3-2102-47d5-b645-8f04348d32e2/Small_thumbnail/863850TTVV91060_F.jpg?v=2,Balenciaga / NBA,Balenciaga.com; select Balenciaga stores,global selected Balenciaga stores; online,verified_product,Extracted from official product tile (863850TTVV91060).,2026-05-31
Q12026-001-SKP-005,Q12026-001,BALENCIAGA I NBA Collaboration,Balenciaga,National Basketball Association (NBA),balenciaga | nba collaboration oversized long sleeve t-shirt,apparel,Sweatshirts & Hoodies For Men,,,https://www.balenciaga.com/en-en/balenciaga-%7C-nba-collaboration-oversized-long-sleeve-t-shirt-black-multicolor-864877TTVW21060.html,https://www.balenciaga.com/en-en/balenciaga-%7C-nba-collaboration,official_or_retail,https://balenciaga.dam.kering.com/asset/1ebd5314-db43-4b84-ac37-452912c039f8/Small_thumbnail/864877TTVW21060_F.jpg?v=3,Balenciaga / NBA,Balenciaga.com; select Balenciaga stores,global selected Balenciaga stores; online,verified_product,Extracted from official product tile (864877TTVW21060).,2026-05-31
Q12026-001-SKP-006,Q12026-001,BALENCIAGA I NBA Collaboration,Balenciaga,National Basketball Association (NBA),balenciaga | nba collaboration tracksuit shorts,apparel,Ready-To-Wear For Men,,,https://www.balenciaga.com/en-en/balenciaga-%7C-nba-collaboration-tracksuit-shorts-black-white-864870TTVW21070.html,https://www.balenciaga.com/en-en/balenciaga-%7C-nba-collaboration,official_or_retail,https://balenciaga.dam.kering.com/asset/6d13a6ea-c444-47e9-87cc-8a3bb306563d/Small_thumbnail/864870TTVW21070_F.jpg?v=6,Balenciaga / NBA,Balenciaga.com; select Balenciaga stores,global selected Balenciaga stores; online,verified_product,Extracted from official product tile (864870TTVW21070).,2026-05-31
Q12026-001-SKP-007,Q12026-001,BALENCIAGA I NBA Collaboration,Balenciaga,National Basketball Association (NBA),balenciaga | nba collaboration tracksuit jacket,outerwear,MEN,,,https://www.balenciaga.com/en-en/balenciaga-%7C-nba-collaboration-tracksuit-jacket-red-864835TROA56417.html,https://www.balenciaga.com/en-en/balenciaga-%7C-nba-collaboration,official_or_retail,https://balenciaga.dam.kering.com/asset/b5d1261a-eab8-4d3e-8694-1e220d6267b6/Small_thumbnail/864835TROA56417_F.jpg?v=2,Balenciaga / NBA,Balenciaga.com; select Balenciaga stores,global selected Balenciaga stores; online,verified_product,Extracted from official product tile (864835TROA56417).,2026-05-31
Q12026-001-SKP-008,Q12026-001,BALENCIAGA I NBA Collaboration,Balenciaga,National Basketball Association (NBA),balenciaga | nba collaboration oversized t-shirt,apparel,Discover Men Balenciaga | NBA Collaboration,,,https://www.balenciaga.com/en-en/balenciaga-%7C-nba-collaboration-oversized-t-shirt-red-863852TTVW16291.html,https://www.balenciaga.com/en-en/balenciaga-%7C-nba-collaboration,official_or_retail,https://balenciaga.dam.kering.com/asset/98801935-c0d9-43a4-aff9-8f683365baf7/Small_thumbnail/863852TTVW16291_F.jpg?v=3,Balenciaga / NBA,Balenciaga.com; select Balenciaga stores,global selected Balenciaga stores; online,verified_product,Extracted from official product tile (863852TTVW16291).,2026-05-31
Q12026-001-SKP-009,Q12026-001,BALENCIAGA I NBA Collaboration,Balenciaga,National Basketball Association (NBA),balenciaga | nba collaboration pants,apparel,Ready-To-Wear For Men,,,https://www.balenciaga.com/en-en/balenciaga-%7C-nba-collaboration-pants-lightweight-black-863836TQW541071.html,https://www.balenciaga.com/en-en/search?q=nba,official_or_retail,https://balenciaga.dam.kering.com/asset/630f4ff0-12b5-4f1b-978d-11e3959a7e7f/Small_thumbnail/863836TQW541071_X.jpg?v=2,Balenciaga / NBA,Balenciaga.com; select Balenciaga stores,global selected Balenciaga stores; online,verified_product,Extracted from official product tile (863836TQW541071).,2026-05-31
Q12026-001-SKP-010,Q12026-001,BALENCIAGA I NBA Collaboration,Balenciaga,National Basketball Association (NBA),balenciaga | nba collaboration socks,accessories,Discover Men Balenciaga | NBA Collaboration,,,https://www.balenciaga.com/en-en/balenciaga-%7C-nba-collaboration-socks-dirty-white-8643464F1B59016.html,https://www.balenciaga.com/en-en/search?q=nba,official_or_retail,https://balenciaga.dam.kering.com/asset/cb0e3cda-137e-463b-bb9a-9ed9c4def79b/Small_thumbnail/8643464F1B59016_Y.jpg?v=2,Balenciaga / NBA,Balenciaga.com; select Balenciaga stores,global selected Balenciaga stores; online,verified_product,Extracted from official product tile (8643464F1B59016).,2026-05-31
Q12026-001-SKP-011,Q12026-001,BALENCIAGA I NBA Collaboration,Balenciaga,National Basketball Association (NBA),balenciaga | nba collaboration coach jacket,outerwear,MEN,,,https://www.balenciaga.com/en-en/balenciaga-%7C-nba-collaboration-coach-jacket-black-864836TMO131000.html,https://www.balenciaga.com/en-en/search?q=nba,official_or_retail,https://balenciaga.dam.kering.com/asset/42c835df-0bc4-44da-9647-6d1beeb3c5db/Small_thumbnail/864836TMO131000_X.jpg?v=2,Balenciaga / NBA,Balenciaga.com; select Balenciaga stores,global selected Balenciaga stores; online,verified_product,Extracted from official product tile (864836TMO131000).,2026-05-31
Q12026-001-SKP-012,Q12026-001,BALENCIAGA I NBA Collaboration,Balenciaga,National Basketball Association (NBA),balenciaga | nba collaboration charm/keychain ball,accessories,MEN,,,https://www.balenciaga.com/en-en/balenciaga-%7C-nba-collaboration-charm-keychain-ball-orange-8661852ACFZ7462.html,https://www.balenciaga.com/en-en/search?q=nba,official_or_retail,https://balenciaga.dam.kering.com/asset/77cc66ec-42f1-44a2-8dcd-0efb068041af/Small_thumbnail/8661852ACFZ7462_X.jpg?v=1,Balenciaga / NBA,Balenciaga.com; select Balenciaga stores,global selected Balenciaga stores; online,verified_product,Extracted from official product tile (8661852ACFZ7462).,2026-05-31
Q12026-001-SKP-013,Q12026-001,BALENCIAGA I NBA Collaboration,Balenciaga,National Basketball Association (NBA),balenciaga | nba collaboration tracksuit pants,apparel,Ready-To-Wear For Men,,,https://www.balenciaga.com/en-en/balenciaga-%7C-nba-collaboration-tracksuit-pants-new-black-864832TROA51038.html,https://www.balenciaga.com/en-en/search?q=nba,official_or_retail,https://balenciaga.dam.kering.com/asset/8df01059-271d-4bdc-961a-37460998c679/Small_thumbnail/864832TROA51038_X.jpg?v=1,Balenciaga / NBA,Balenciaga.com; select Balenciaga stores,global selected Balenciaga stores; online,verified_product,Extracted from official product tile (864832TROA51038).,2026-05-31
Q12026-002-SKP-001,Q12026-002,Red Wing x HUMAN MADE The Future Is in the Past,Red Wing Heritage,HUMAN MADE,HUMAN MADE x RED WING 8INCH MOC,footwear,footwear,97900,JPY,https://humanmade.jp/products/XX30GD025,https://humanmade.jp/blogs/news/human-made-red-wing-2025-dec,official_or_retail,https://cdn.shopify.com/s/files/1/0001/8359/9140/files/XX30-GD-025_HUMAN_MADE_x_RED_WING_8INCH_MOC_BG-A.jpg?v=1766541500,HUMAN MADE / RED WING,HUMAN MADE stores; online; selected Red Wing Heritage retailers,Japan; Europe; online,verified_product,"Official HUMAN MADE release lists item, price, store availability and product detail link.",2026-05-31
Q12026-002-SKP-002,Q12026-002,Red Wing x HUMAN MADE The Future Is in the Past,Red Wing Heritage,HUMAN MADE,HUMAN MADE x RED WING PECOS,footwear,footwear,85800,JPY,https://humanmade.jp/products/XX30GD026,https://humanmade.jp/blogs/news/human-made-red-wing-2025-dec,official_or_retail,https://cdn.shopify.com/s/files/1/0001/8359/9140/files/XX30-GD-026_HUMAN_MADE_x_RED_WING_PECOS_BG-A.jpg?v=1766541525,HUMAN MADE / RED WING,HUMAN MADE stores; online; selected Red Wing Heritage retailers,Japan; Europe; online,verified_product,"Official HUMAN MADE release lists item, price, store availability and product detail link.",2026-05-31
Q12026-002-SKP-003,Q12026-002,Red Wing x HUMAN MADE The Future Is in the Past,Red Wing Heritage,HUMAN MADE,HUMAN MADE x RED WING VARSITY JACKET,outerwear,outerwear,184800,JPY,https://humanmade.jp/products/XX30JK001,https://humanmade.jp/blogs/news/human-made-red-wing-2025-dec,official_or_retail,https://cdn.shopify.com/s/files/1/0001/8359/9140/files/XX30-JK-001_HUMAN_MADE_x_RED_WING_VARSITY_JACKET_BK-K.jpg?v=1766541558,HUMAN MADE / RED WING,HUMAN MADE stores; online; selected Red Wing Heritage retailers,Japan; Europe; online,verified_product,"Official HUMAN MADE release lists item, price, store availability and product detail link.",2026-05-31
Q12026-002-SKP-004,Q12026-002,Red Wing x HUMAN MADE The Future Is in the Past,Red Wing Heritage,HUMAN MADE,HUMAN MADE x RED WING RAGLAN SWEATSHIRT,apparel,apparel,30800,JPY,https://humanmade.jp/products/XX30CS001,https://humanmade.jp/blogs/news/human-made-red-wing-2025-dec,official_or_retail,https://cdn.shopify.com/s/files/1/0001/8359/9140/files/XX30-CS-001_HUMAN_MADE_x_RED_WING_RAGLAN_SWEATSHIRT_GY-C.jpg?v=1766541590,HUMAN MADE / RED WING,HUMAN MADE stores; online; selected Red Wing Heritage retailers,Japan; Europe; online,verified_product,"Official HUMAN MADE release lists item, price, store availability and product detail link.",2026-05-31
Q12026-002-SKP-005,Q12026-002,Red Wing x HUMAN MADE The Future Is in the Past,Red Wing Heritage,HUMAN MADE,HUMAN MADE x RED WING GRAPHIC T-SHIRT,apparel,apparel,13200,JPY,https://humanmade.jp/products/XX30TE001,https://humanmade.jp/blogs/news/human-made-red-wing-2025-dec,official_or_retail,https://cdn.shopify.com/s/files/1/0001/8359/9140/files/XX30-TE-001_HUMAN_MADE_x_RED_WING_GRAPHIC_T-SHIRT_1_2.jpg?v=1766541622,HUMAN MADE / RED WING,HUMAN MADE stores; online; selected Red Wing Heritage retailers,Japan; Europe; online,verified_product,"Official HUMAN MADE release lists item, price, store availability and product detail link.",2026-05-31
Q12026-003-SKP-001,Q12026-003,Stella McCartney x Jeff Koons Limited-Edition Capsule,Stella McCartney,Jeff Koons,Jeff Koons Poodle Jumper,apparel,W/KNITWEAR,1690,USD,https://www.stellamccartney.com/us/en/women/knitwear/jeff-koons-poodle-jumper-6K11693S26341267.html,https://www.stellamccartney.com/us/en/women/stella-mccartney-x-jeff-koons,official_or_retail,https://www.stellamccartney.com/dw/image/v2/BCWD_PRD/on/demandware.static/-/Sites-master_catalog/default/dwd0e811fa/Assets/6K11693S26341267_X/large/a/c/6/c/ac6c4b1b71ee454638b4e0d0a5e7c99d04ed972c_6K11693S26341267_X.jpg?sw=1920&sh=2362,Stella McCartney / Jeff Koons,StellaMcCartney.com; Stella McCartney New York City store,online; New York store,verified_product,Extracted from commerce product tile (6K11693S26341267).,2026-05-31
Q12026-003-SKP-002,Q12026-003,Stella McCartney x Jeff Koons Limited-Edition Capsule,Stella McCartney,Jeff Koons,Jeff Koons Doggy Style T-Shirt,apparel,W/JERSEY,475,USD,https://www.stellamccartney.com/us/en/women/shirts-and-tops/jeff-koons-doggy-style-t-shirt-6J01583SQA289000.html,https://www.stellamccartney.com/us/en/women/stella-mccartney-x-jeff-koons,official_or_retail,https://www.stellamccartney.com/dw/image/v2/BCWD_PRD/on/demandware.static/-/Sites-master_catalog/default/dw480431ea/Assets/6J01583SQA289000_X/large/8/1/9/6/8196e5bd316cabd71de66aac98dda305952dc51a_6J01583SQA289000_X.jpg?sw=1920&sh=2362,Stella McCartney / Jeff Koons,StellaMcCartney.com; Stella McCartney New York City store,online; New York store,verified_product,Extracted from commerce product tile (6J01583SQA289000).,2026-05-31
Q12026-003-SKP-003,Q12026-003,Stella McCartney x Jeff Koons Limited-Edition Capsule,Stella McCartney,Jeff Koons,Jeff Koons Doggy Style Tank,apparel,W/JERSEY,390,USD,https://www.stellamccartney.com/us/en/women/shirts-and-tops/jeff-koons-doggy-style-tank-6J04433SQA339000.html,https://www.stellamccartney.com/us/en/women/stella-mccartney-x-jeff-koons,official_or_retail,https://www.stellamccartney.com/dw/image/v2/BCWD_PRD/on/demandware.static/-/Sites-master_catalog/default/dw1b473ab4/Assets/6J04433SQA339000_X/large/0/4/6/d/046d2acaf01b66be877c38f256ea90d9f88cdf05_6J04433SQA339000_X.jpg?sw=1920&sh=2362,Stella McCartney / Jeff Koons,StellaMcCartney.com; Stella McCartney New York City store,online; New York store,verified_product,Extracted from commerce product tile (6J04433SQA339000).,2026-05-31
Q12026-003-SKP-004,Q12026-003,Stella McCartney x Jeff Koons Limited-Edition Capsule,Stella McCartney,Jeff Koons,Jeff Koons Doggy Style Keyring,accessories,W/OTHER NLG ACCESSORIES,395,USD,https://www.stellamccartney.com/us/en/women/keyring-and-charms/jeff-koons-doggy-style-keyring-7V0150WP06869002.html,https://www.stellamccartney.com/us/en/women/stella-mccartney-x-jeff-koons,official_or_retail,https://www.stellamccartney.com/dw/image/v2/BCWD_PRD/on/demandware.static/-/Sites-master_catalog/default/dw58f76f4e/Assets/7V0150WP06869002_X/large/f/6/9/4/f6943a3839ab318981b6f4848a16af981dc8d9e9_7V0150WP06869002_X.jpg?sw=1920&sh=2362,Stella McCartney / Jeff Koons,StellaMcCartney.com; Stella McCartney New York City store,online; New York store,verified_product,Extracted from commerce product tile (7V0150WP06869002).,2026-05-31
Q12026-003-SKP-005,Q12026-003,Stella McCartney x Jeff Koons Limited-Edition Capsule,Stella McCartney,Jeff Koons,Jeff Koons Slippery When Wet Hoodie,apparel,W/JERSEY,890,USD,https://www.stellamccartney.com/us/en/women/sweatshirts-and-t-shirts/jeff-koons-slippery-when-wet-hoodie-6J02643SQA321501.html,https://www.stellamccartney.com/us/en/women/stella-mccartney-x-jeff-koons,official_or_retail,https://www.stellamccartney.com/dw/image/v2/BCWD_PRD/on/demandware.static/-/Sites-master_catalog/default/dwbe1d6801/Assets/6J02643SQA321501_X/large/0/b/c/a/0bcada9281175412ce95efbd0094340da519b5a7_6J02643SQA321501_X.jpg?sw=1920&sh=2362,Stella McCartney / Jeff Koons,StellaMcCartney.com; Stella McCartney New York City store,online; New York store,verified_product,Extracted from commerce product tile (6J02643SQA321501).,2026-05-31
Q12026-003-SKP-006,Q12026-003,Stella McCartney x Jeff Koons Limited-Edition Capsule,Stella McCartney,Jeff Koons,Jeff Koons Slippery When Wet T-Shirt,apparel,W/JERSEY,475,USD,https://www.stellamccartney.com/us/en/women/shirts-and-tops/jeff-koons-slippery-when-wet-t-shirt-6J01583SQA189000.html,https://www.stellamccartney.com/us/en/women/stella-mccartney-x-jeff-koons,official_or_retail,https://www.stellamccartney.com/dw/image/v2/BCWD_PRD/on/demandware.static/-/Sites-master_catalog/default/dw2e7cd434/Assets/6J01583SQA189000_X/large/f/4/7/8/f478fea8dfa6fd797f19d954a1bb755f86e98b88_6J01583SQA189000_X.jpg?sw=1920&sh=2362,Stella McCartney / Jeff Koons,StellaMcCartney.com; Stella McCartney New York City store,online; New York store,verified_product,Extracted from commerce product tile (6J01583SQA189000).,2026-05-31
Q12026-003-SKP-007,Q12026-003,Stella McCartney x Jeff Koons Limited-Edition Capsule,Stella McCartney,Jeff Koons,Jeff Koons Slippery When Wet Tank,apparel,W/JERSEY,390,USD,https://www.stellamccartney.com/us/en/women/shirts-and-tops/jeff-koons-slippery-when-wet-tank-6J04433SQA319000.html,https://www.stellamccartney.com/us/en/women/stella-mccartney-x-jeff-koons,official_or_retail,https://www.stellamccartney.com/dw/image/v2/BCWD_PRD/on/demandware.static/-/Sites-master_catalog/default/dw20e3d33d/Assets/6J04433SQA319000_X/large/2/9/6/b/296b37af52b5fb021d0eeef781cc25694492a60f_6J04433SQA319000_X.jpg?sw=1920&sh=2362,Stella McCartney / Jeff Koons,StellaMcCartney.com; Stella McCartney New York City store,online; New York store,verified_product,Extracted from commerce product tile (6J04433SQA319000).,2026-05-31
Q12026-003-SKP-008,Q12026-003,Stella McCartney x Jeff Koons Limited-Edition Capsule,Stella McCartney,Jeff Koons,Jeff Koons Slippery When Wet Cap,accessories,W/OTHER NLG ACCESSORIES,395,USD,https://www.stellamccartney.com/us/en/women/hats-and-scarves/jeff-koons-slippery-when-wet-cap-7V0054WP06829002.html,https://www.stellamccartney.com/us/en/women/stella-mccartney-x-jeff-koons,official_or_retail,https://www.stellamccartney.com/dw/image/v2/BCWD_PRD/on/demandware.static/-/Sites-master_catalog/default/dwd3e666b8/Assets/7V0054WP06829002_X/large/6/f/0/6/6f064284b174843ecafab4076342d2465512ef6b_7V0054WP06829002_X.jpg?sw=1920&sh=2362,Stella McCartney / Jeff Koons,StellaMcCartney.com; Stella McCartney New York City store,online; New York store,verified_product,Extracted from commerce product tile (7V0054WP06829002).,2026-05-31
Q12026-003-SKP-009,Q12026-003,Stella McCartney x Jeff Koons Limited-Edition Capsule,Stella McCartney,Jeff Koons,Jeff Koons Doggy Style Tote Bag,bags,W/TOTE BAGS,995,USD,https://www.stellamccartney.com/us/en/women/handbags/jeff-koons-doggy-style-tote-bag-7B0187WP0681T835.html,https://www.stellamccartney.com/us/en/women/stella-mccartney-x-jeff-koons,official_or_retail,https://www.stellamccartney.com/dw/image/v2/BCWD_PRD/on/demandware.static/-/Sites-master_catalog/default/dwda415c29/Assets/7B0187WP0681T835_X/large/2/3/a/1/23a1b8d8a158f277e464c9a75cf344cdb0f85839_7B0187WP0681T835_X.jpg?sw=1920&sh=2362,Stella McCartney / Jeff Koons,StellaMcCartney.com; Stella McCartney New York City store,online; New York store,verified_product,Extracted from commerce product tile (7B0187WP0681T835).,2026-05-31
Q12026-003-SKP-010,Q12026-003,Stella McCartney x Jeff Koons Limited-Edition Capsule,Stella McCartney,Jeff Koons,Jeff Koons Doggy Style Crossbody Tote Bag,bags,W/TOTE BAGS,795,USD,https://www.stellamccartney.com/us/en/women/handbags/jeff-koons-doggy-style-crossbody-tote-bag-7B0188WP0681T835.html,https://www.stellamccartney.com/us/en/women/stella-mccartney-x-jeff-koons,official_or_retail,https://www.stellamccartney.com/dw/image/v2/BCWD_PRD/on/demandware.static/-/Sites-master_catalog/default/dwcffba26d/Assets/7B0188WP0681T835_X/large/3/1/3/3/3133a6fdab33f4487efb6ef9997fa4442017e359_7B0188WP0681T835_X.jpg?sw=1920&sh=2362,Stella McCartney / Jeff Koons,StellaMcCartney.com; Stella McCartney New York City store,online; New York store,verified_product,Extracted from commerce product tile (7B0188WP0681T835).,2026-05-31
Q12026-003-SKP-011,Q12026-003,Stella McCartney x Jeff Koons Limited-Edition Capsule,Stella McCartney,Jeff Koons,Jeff Koons Slippery When Wet Scarf,accessories,W/ACCESSORIES,390,USD,https://www.stellamccartney.com/us/en/women/hats-and-scarves/jeff-koons-slippery-when-wet-scarf-6B00493HS2508485.html,https://www.stellamccartney.com/us/en/women/stella-mccartney-x-jeff-koons,official_or_retail,https://www.stellamccartney.com/dw/image/v2/BCWD_PRD/on/demandware.static/-/Sites-master_catalog/default/dw9126756e/Assets/6B00493HS2508485_X/large/7/b/2/5/7b25cba610e7dc54f78e69789c0bfc7dea0b3e94_6B00493HS2508485_X.jpg?sw=1920&sh=2362,Stella McCartney / Jeff Koons,StellaMcCartney.com; Stella McCartney New York City store,online; New York store,verified_product,Extracted from commerce product tile (6B00493HS2508485).,2026-05-31
Q12026-003-SKP-012,Q12026-003,Stella McCartney x Jeff Koons Limited-Edition Capsule,Stella McCartney,Jeff Koons,Jeff Koons Slippery When Wet Keyring,accessories,W/OTHER NLG ACCESSORIES,395,USD,https://www.stellamccartney.com/us/en/women/keyring-and-charms/jeff-koons-slippery-when-wet-keyring-7V0149WP06859002.html,https://www.stellamccartney.com/us/en/women/stella-mccartney-x-jeff-koons,official_or_retail,https://www.stellamccartney.com/dw/image/v2/BCWD_PRD/on/demandware.static/-/Sites-master_catalog/default/dw76072c34/Assets/7V0149WP06859002_X/large/6/a/1/0/6a108c8b3d6a375d927dace9992b8f004d5cd5b1_7V0149WP06859002_X.jpg?sw=1920&sh=2362,Stella McCartney / Jeff Koons,StellaMcCartney.com; Stella McCartney New York City store,online; New York store,verified_product,Extracted from commerce product tile (7V0149WP06859002).,2026-05-31
Q12026-003-SKP-013,Q12026-003,Stella McCartney x Jeff Koons Limited-Edition Capsule,Stella McCartney,Jeff Koons,Signed Jeff Koons Doggy Style Tank,apparel,W/JERSEY,1690,USD,https://www.stellamccartney.com/us/en/women/sweatshirts-and-t-shirts/signed%C2%A0jeff-koons-doggy-style-t-shirt-6J0158JKNY129000.html,https://www.stellamccartney.com/us/en/women/stella-mccartney-x-jeff-koons,official_or_retail,https://www.stellamccartney.com/dw/image/v2/BCWD_PRD/on/demandware.static/-/Sites-master_catalog/default/dw67d8a99c/Assets/6J0158JKNY129000_X/large/a/c/3/7/ac3769b9f1f8348c0cb967c68a64a71e5db9397a_6J0158JKNY129000_X.jpg?sw=1920&sh=2362,Stella McCartney / Jeff Koons,StellaMcCartney.com; Stella McCartney New York City store,online; New York store,verified_product,Extracted from commerce product tile (6J0158JKNY129000).,2026-05-31
Q12026-003-SKP-014,Q12026-003,Stella McCartney x Jeff Koons Limited-Edition Capsule,Stella McCartney,Jeff Koons,Signed Jeff Koons Doggy Style T-Shirt,apparel,W/JERSEY,1450,USD,https://www.stellamccartney.com/us/en/women/stella-mccartney-x-jeff-koons/signed%C2%A0jeff-koons-doggy-style-tank-6J0443JKNY139000.html,https://www.stellamccartney.com/us/en/women/stella-mccartney-x-jeff-koons,official_or_retail,https://www.stellamccartney.com/dw/image/v2/BCWD_PRD/on/demandware.static/-/Sites-master_catalog/default/dwd3ee08da/Assets/6J0443JKNY139000_X/large/7/9/c/c/79cc4ef3aa4710af29d5dbf6a1f5acbef5242f97_6J0443JKNY139000_X.jpg?sw=1920&sh=2362,Stella McCartney / Jeff Koons,StellaMcCartney.com; Stella McCartney New York City store,online; New York store,verified_product,Extracted from commerce product tile (6J0443JKNY139000).,2026-05-31
Q12026-004-SKP-001,Q12026-004,SKIMS x Team USA Milano Cortina 2026 Capsule,SKIMS,Team USA,SKIMS FOR TEAM USA WORN IN JERSEY OLYMPIC LONG SLEEVE T-SHIRT,apparel,apparel,64,USD,https://skims.com/products/skims-for-team-usa-worn-in-jersey-olympic-long-sleeve-t-shirt-ecru,https://skims.com/collections/skims-for-team-usa,official_or_retail,https://cdn.shopify.com/s/files/1/0259/5448/4284/files/SKIMS-LOUNGEWEAR-TP-LST-10221W-ECRU-F.jpg?v=1767208069,SKIMS / Team USA,Skims.com,United States; online,verified_product,Extracted from official collection ItemList; official card shows original price 64 and current markdown 44.,2026-05-31
Q12026-004-SKP-002,Q12026-004,SKIMS x Team USA Milano Cortina 2026 Capsule,SKIMS,Team USA,SKIMS FOR TEAM USA FLEECE UNISEX OLYMPIC OVERSIZED SLEEP TOP,apparel,apparel,74,USD,https://skims.com/products/skims-for-team-usa-fleece-unisex-olympic-oversized-sleep-top-ecru,https://skims.com/collections/skims-for-team-usa,official_or_retail,https://cdn.shopify.com/s/files/1/0259/5448/4284/files/SKIMS-LOUNGEWEAR-TP-LST-10202W-ECR-F.jpg?v=1767207548,SKIMS / Team USA,Skims.com,United States; online,verified_product,Extracted from official collection ItemList; official card shows original price 74 and current markdown 51.,2026-05-31
Q12026-004-SKP-003,Q12026-004,SKIMS x Team USA Milano Cortina 2026 Capsule,SKIMS,Team USA,SKIMS FOR TEAM USA COTTON JERSEY OLYMPIC CAMI,apparel,apparel,48,USD,https://skims.com/products/skims-for-team-usa-cotton-jersey-olympic-cami-red,https://skims.com/collections/skims-for-team-usa,official_or_retail,https://cdn.shopify.com/s/files/1/0259/5448/4284/files/SKIMS-LOUNGEWEAR-TP-TUB-10194W-RED-FLT.jpg?v=1767207049,SKIMS / Team USA,Skims.com,United States; online,verified_product,Extracted from official collection ItemList; official card shows original price 48 and current markdown 33.,2026-05-31
Q12026-004-SKP-004,Q12026-004,SKIMS x Team USA Milano Cortina 2026 Capsule,SKIMS,Team USA,SKIMS FOR TEAM USA FLANNEL SLEEP OLYMPIC SHORT,loungewear,loungewear,40,USD,https://skims.com/products/skims-for-team-usa-flannel-sleep-olympic-short-navy-plaid,https://skims.com/collections/skims-for-team-usa,official_or_retail,https://cdn.shopify.com/s/files/1/0259/5448/4284/files/SKIMS-LOUNGEWEAR-BO-SHO-10200W-NVY.jpg?v=1767207498,SKIMS / Team USA,Skims.com,United States; online,verified_product,Extracted from official collection ItemList; official card shows original price 40 and current markdown 28.,2026-05-31
Q12026-004-SKP-005,Q12026-004,SKIMS x Team USA Milano Cortina 2026 Capsule,SKIMS,Team USA,SKIMS FOR TEAM USA OLYMPIC LOUNGE SOCK,accessories,accessories,20,USD,https://skims.com/products/skims-for-team-usa-olympic-lounge-sock-navy,https://skims.com/collections/skims-for-team-usa,official_or_retail,https://cdn.shopify.com/s/files/1/0259/5448/4284/files/SKIMS-ACCESSORIES-USA-SO-SCK-10463W-NVY-FLAT-2_811a406b-e84e-4f98-9f32-30ea3d63cc40.jpg?v=1767657837,SKIMS / Team USA,Skims.com,United States; online,verified_product,Extracted from official collection ItemList; official card shows original price 20 and current markdown 14.,2026-05-31
Q12026-004-SKP-006,Q12026-004,SKIMS x Team USA Milano Cortina 2026 Capsule,SKIMS,Team USA,SKIMS FOR TEAM USA COTTON JERSEY PARALYMPIC CAMI,apparel,apparel,48,USD,https://skims.com/products/skims-for-team-usa-cotton-jersey-paralympic-cami-red,https://skims.com/collections/skims-for-team-usa,official_or_retail,https://cdn.shopify.com/s/files/1/0259/5448/4284/files/SKIMS-LOUNGEWEAR-TP-TUFLT-10195W-RED-FLT_1.jpg?v=1767208301,SKIMS / Team USA,Skims.com,United States; online,verified_product,Extracted from official collection ItemList; official card shows original price 48 and current markdown 33.,2026-05-31
Q12026-004-SKP-007,Q12026-004,SKIMS x Team USA Milano Cortina 2026 Capsule,SKIMS,Team USA,SKIMS FOR TEAM USA WORN IN JERSEY OLYMPIC SHRUNKEN T-SHIRT,apparel,apparel,54,USD,https://skims.com/products/skims-for-team-usa-worn-in-jersey-olympic-shrunken-t-shirt-ecru,https://skims.com/collections/skims-for-team-usa,official_or_retail,https://cdn.shopify.com/s/files/1/0259/5448/4284/files/SKIMS-LOUNGEWEAR-TP-STT-10219W-ECRU-F.jpg?v=1767207999,SKIMS / Team USA,Skims.com,United States; online,verified_product,Extracted from official collection ItemList; official card shows original price 54 and current markdown 37.,2026-05-31
Q12026-004-SKP-008,Q12026-004,SKIMS x Team USA Milano Cortina 2026 Capsule,SKIMS,Team USA,SKIMS FOR TEAM USA FLANNEL SLEEP MENS OLYMPIC SHORT,loungewear,loungewear,48,USD,https://skims.com/products/skims-for-team-usa-flannel-sleep-mens-olympic-short-navy-plaid,https://skims.com/collections/skims-for-team-usa,official_or_retail,https://cdn.shopify.com/s/files/1/0259/5448/4284/files/FSKIMS-LOUNGEWEAR-BO-SHO-10214M-NVY.jpg?v=1767207333,SKIMS / Team USA,Skims.com,United States; online,verified_product,Extracted from official collection ItemList; official card shows original price 48 and current markdown 33.,2026-05-31
Q12026-004-SKP-009,Q12026-004,SKIMS x Team USA Milano Cortina 2026 Capsule,SKIMS,Team USA,SKIMS FOR TEAM USA MENS OLYMPIC LOUNGE SOCK,accessories,accessories,20,USD,https://skims.com/products/skims-for-team-usa-mens-olympic-lounge-sock-navy,https://skims.com/collections/skims-for-team-usa,official_or_retail,https://cdn.shopify.com/s/files/1/0259/5448/4284/files/SKIMS-ACCESSORIES-USA-SO-SCK-10215M-NVY-2_05ae61a3-4d3d-488f-90a1-8fd4c3b895f5.jpg?v=1767657759,SKIMS / Team USA,Skims.com,United States; online,verified_product,Extracted from official collection ItemList; official card shows original price 20 and current markdown 14.,2026-05-31
Q12026-004-SKP-010,Q12026-004,SKIMS x Team USA Milano Cortina 2026 Capsule,SKIMS,Team USA,SKIMS FOR TEAM USA WORN IN JERSEY PARALYMPIC LONG SLEEVE T-SHIRT,apparel,apparel,64,USD,https://skims.com/products/skims-for-team-usa-worn-in-jersey-paralympic-long-sleeve-t-shirt-ecru,https://skims.com/collections/skims-for-team-usa,official_or_retail,https://cdn.shopify.com/s/files/1/0259/5448/4284/files/SKIMS-LOUNGEWEAR-TP-LST-10221W-ECRU-F_80dc372b-565b-43df-b5bc-dd94a5397f9b.jpg?v=1767208096,SKIMS / Team USA,Skims.com,United States; online,verified_product,Extracted from official collection ItemList; official card shows original price 64 and current markdown 44.,2026-05-31
Q12026-004-SKP-011,Q12026-004,SKIMS x Team USA Milano Cortina 2026 Capsule,SKIMS,Team USA,SKIMS FOR TEAM USA FLEECE UNISEX PARALYMPIC OVERSIZED SLEEP TOP,apparel,apparel,74,USD,https://skims.com/products/skims-for-team-usa-fleece-unisex-paralympic-oversized-sleep-top-ecru,https://skims.com/collections/skims-for-team-usa?cursor=eyJsYXN0X2lkIjoxMDI0Njk4MjAwOTE4NSwibGFzdF92YWx1ZSI6IjBuczBkY3VlOHJ0Iiwib2Zmc2V0IjoxMX0%3D,official_or_retail,https://cdn.shopify.com/s/files/1/0259/5448/4284/files/SKIMS-LOUNGEWEAR-TP-LST-10202W-ECR-F_df500d06-a3cc-4a67-b008-9258a08f55f1.jpg?v=1767207590,SKIMS / Team USA,Skims.com,United States; online,verified_product,Extracted from official collection ItemList; official card shows original price 74 and current markdown 51.,2026-05-31
Q12026-004-SKP-012,Q12026-004,SKIMS x Team USA Milano Cortina 2026 Capsule,SKIMS,Team USA,SKIMS FOR TEAM USA COTTON JERSEY PARALYMPIC DOLPHIN BOY SHORT,apparel,apparel,28,USD,https://skims.com/products/skims-for-team-usa-cotton-jersey-paralympic-dolphin-boy-short-ecru,https://skims.com/collections/skims-for-team-usa?cursor=eyJsYXN0X2lkIjoxMDI0Njk4MjAwOTE4NSwibGFzdF92YWx1ZSI6IjBuczBkY3VlOHJ0Iiwib2Zmc2V0IjoxMX0%3D,official_or_retail,https://cdn.shopify.com/s/files/1/0259/5448/4284/files/SKIMS-PANTY-BY-BOY-10197W-ECRU-FLT_1.jpg?v=1767657941,SKIMS / Team USA,Skims.com,United States; online,verified_product,Extracted from official collection ItemList; official card shows original price 28 and current markdown 19.,2026-05-31
Q12026-004-SKP-013,Q12026-004,SKIMS x Team USA Milano Cortina 2026 Capsule,SKIMS,Team USA,SKIMS FOR TEAM USA JERSEY SLEEP MENS OLYMPIC T-SHIRT,apparel,apparel,48,USD,https://skims.com/products/skims-for-team-usa-jersey-sleep-mens-olympic-t-shirt-ecru,https://skims.com/collections/skims-for-team-usa?cursor=eyJsYXN0X2lkIjoxMDI0Njk4MjAwOTE4NSwibGFzdF92YWx1ZSI6IjBuczBkY3VlOHJ0Iiwib2Zmc2V0IjoxMX0%3D,official_or_retail,https://cdn.shopify.com/s/files/1/0259/5448/4284/files/FSKIMS-LOUNGEWEAR-TP-STT-10212M-ECR-F.jpg?v=1767208429,SKIMS / Team USA,Skims.com,United States; online,verified_product,Extracted from official collection ItemList; official card shows original price 48 and current markdown 33.,2026-05-31
Q12026-004-SKP-014,Q12026-004,SKIMS x Team USA Milano Cortina 2026 Capsule,SKIMS,Team USA,SKIMS FOR TEAM USA WORN IN JERSEY PARALYMPIC SHRUNKEN T-SHIRT,apparel,apparel,54,USD,https://skims.com/products/skims-for-team-usa-worn-in-jersey-paralympic-shrunken-t-shirt-ecru,https://skims.com/collections/skims-for-team-usa?cursor=eyJsYXN0X2lkIjoxMDI0Njk4MjAwOTE4NSwibGFzdF92YWx1ZSI6IjBuczBkY3VlOHJ0Iiwib2Zmc2V0IjoxMX0%3D,official_or_retail,https://cdn.shopify.com/s/files/1/0259/5448/4284/files/SKIMS-LOUNGEWEAR-TP-STT-10220W-ECRU-F.jpg?v=1767208036,SKIMS / Team USA,Skims.com,United States; online,verified_product,Extracted from official collection ItemList; official card shows original price 54 and current markdown 37.,2026-05-31
Q12026-004-SKP-015,Q12026-004,SKIMS x Team USA Milano Cortina 2026 Capsule,SKIMS,Team USA,SKIMS FOR TEAM USA FLANNEL SLEEP OLYMPIC PANT,loungewear,loungewear,54,USD,https://skims.com/products/skims-for-team-usa-flannel-sleep-olympic-pant-red-plaid,https://skims.com/collections/skims-for-team-usa?cursor=eyJsYXN0X2lkIjoxMDI0Njk4MjAwOTE4NSwibGFzdF92YWx1ZSI6IjBuczBkY3VlOHJ0Iiwib2Zmc2V0IjoxMX0%3D,official_or_retail,https://cdn.shopify.com/s/files/1/0259/5448/4284/files/SKIMS-LOUNGEWEAR-BO-PNT-10201W-RED.jpg?v=1767207455,SKIMS / Team USA,Skims.com,United States; online,verified_product,Extracted from official collection ItemList; official card shows original price 54 and current markdown 37.,2026-05-31
Q12026-004-SKP-016,Q12026-004,SKIMS x Team USA Milano Cortina 2026 Capsule,SKIMS,Team USA,SKIMS FOR TEAM USA COTTON JERSEY PARALYMPIC THONG 3-PACK,apparel,apparel,42,USD,https://skims.com/products/skims-for-team-usa-cotton-jersey-paralympic-thong-3-pack-skims-for-team-usa-olympic-multi,https://skims.com/collections/skims-for-team-usa?cursor=eyJsYXN0X2lkIjoxMDI0Njk4MjAwOTE4NSwibGFzdF92YWx1ZSI6IjBuczBkY3VlOHJ0Iiwib2Zmc2V0IjoxMX0%3D,official_or_retail,https://cdn.shopify.com/s/files/1/0259/5448/4284/files/SKIMS-PANTY-TH-THG-10199W-OMM-FLT_d3f1a2f7-0db1-403d-a270-65ccabe0313d.jpg?v=1767657470,SKIMS / Team USA,Skims.com,United States; online,verified_product,Extracted from official collection ItemList; official card shows original price 42 and current markdown 29.,2026-05-31
Q12026-004-SKP-017,Q12026-004,SKIMS x Team USA Milano Cortina 2026 Capsule,SKIMS,Team USA,SKIMS FOR TEAM USA COTTON POPLIN MENS OLYMPIC BOXER,apparel,apparel,40,USD,https://skims.com/products/skims-for-team-usa-cotton-poplin-mens-olympic-boxer-ecru,https://skims.com/collections/skims-for-team-usa?cursor=eyJsYXN0X2lkIjoxMDI0Njk4MjAwOTE4NSwibGFzdF92YWx1ZSI6IjBuczBkY3VlOHJ0Iiwib2Zmc2V0IjoxMX0%3D,official_or_retail,https://cdn.shopify.com/s/files/1/0259/5448/4284/files/FSKIMS-BOXER-BS-BXS-10209M-ECR.jpg?v=1767207760,SKIMS / Team USA,Skims.com,United States; online,verified_product,Extracted from official collection ItemList; official card shows original price 40 and current markdown 28.,2026-05-31
Q12026-005-SKP-001,Q12026-005,Snow Goose by Haider Ackermann x Canada Goose Drop 2,Canada Goose,Haider Ackermann,Merge Jacket - Colour Block,outerwear,outerwear,1125,USD,https://www.canadagoose.com/us/en/pr/merge-jacket---colour-block-1557UCD1.html,https://www.canadagoose.com/us/en/shop/snow-goose/shop-snow-goose,official_or_retail,https://images.canadagoose.com/image/upload/%2Cc_scale%2Cf_auto%2Cq_auto/v1774437551/product-image/1557UCD1_9118_a.jpg,Canada Goose,CanadaGoose.com; select stores,online; select retail stores,verified_product,"Search-engine official page discovery; Canada Goose product cards verified on the official Snow Goose shop page, while ordinary automated fetch returned 429. Preserved from verified official SKP cache after current fetch did not reproduce the row. Preserved from verified official SKP cache after current fetch did not reproduce the row. Preserved from verified official SKP cache after current fetch did not reproduce the row. Preserved from verified official SKP cache after current fetch did not reproduce the row. Preserved from verified official SKP cache after current fetch did not reproduce the row. Preserved from verified official SKP cache after current fetch did not reproduce the row.",2026-05-31
Q12026-005-SKP-002,Q12026-005,Snow Goose by Haider Ackermann x Canada Goose Drop 2,Canada Goose,Haider Ackermann,Volt Legging,apparel,apparel,295,USD,https://www.canadagoose.com/us/en/pr/volt-legging-1580WCD.html,https://www.canadagoose.com/us/en/shop/snow-goose/shop-snow-goose,official_or_retail,https://images.canadagoose.com/image/upload/%2Cc_scale%2Cf_auto%2Cq_auto/v1774014537/product-image/1580WCD_9118.jpg,Canada Goose,CanadaGoose.com; select stores,online; select retail stores,verified_product,"Search-engine official page discovery; Canada Goose product cards verified on the official Snow Goose shop page, while ordinary automated fetch returned 429. Preserved from verified official SKP cache after current fetch did not reproduce the row. Preserved from verified official SKP cache after current fetch did not reproduce the row. Preserved from verified official SKP cache after current fetch did not reproduce the row. Preserved from verified official SKP cache after current fetch did not reproduce the row. Preserved from verified official SKP cache after current fetch did not reproduce the row. Preserved from verified official SKP cache after current fetch did not reproduce the row.",2026-05-31
Q12026-005-SKP-003,Q12026-005,Snow Goose by Haider Ackermann x Canada Goose Drop 2,Canada Goose,Haider Ackermann,Unisex Halo Cap - Cotton,accessories,accessories,275,USD,https://www.canadagoose.com/us/en/pr/halo-cap---cotton-1685UCD3.html,https://www.canadagoose.com/us/en/shop/snow-goose/shop-snow-goose,official_or_retail,https://images.canadagoose.com/image/upload/%2Cc_scale%2Cf_auto%2Cq_auto/v1774014209/product-image/1685UCD3_9580.jpg,Canada Goose,CanadaGoose.com; select stores,online; select retail stores,verified_product,"Search-engine official page discovery; Canada Goose product cards verified on the official Snow Goose shop page, while ordinary automated fetch returned 429. Preserved from verified official SKP cache after current fetch did not reproduce the row. Preserved from verified official SKP cache after current fetch did not reproduce the row. Preserved from verified official SKP cache after current fetch did not reproduce the row. Preserved from verified official SKP cache after current fetch did not reproduce the row. Preserved from verified official SKP cache after current fetch did not reproduce the row. Preserved from verified official SKP cache after current fetch did not reproduce the row.",2026-05-31
Q12026-005-SKP-004,Q12026-005,Snow Goose by Haider Ackermann x Canada Goose Drop 2,Canada Goose,Haider Ackermann,Unisex Aurelian Pullover,apparel,apparel,525,USD,https://www.canadagoose.com/us/en/pr/aurelian-pullover-1677UCD.html,https://www.canadagoose.com/us/en/shop/snow-goose/shop-snow-goose,official_or_retail,https://images.canadagoose.com/image/upload/%2Cc_scale%2Cf_auto%2Cq_auto/v1774436936/product-image/1677UCD_9118.jpg,Canada Goose,CanadaGoose.com; select stores,online; select retail stores,verified_product,"Search-engine official page discovery; Canada Goose product cards verified on the official Snow Goose shop page, while ordinary automated fetch returned 429. Preserved from verified official SKP cache after current fetch did not reproduce the row. Preserved from verified official SKP cache after current fetch did not reproduce the row. Preserved from verified official SKP cache after current fetch did not reproduce the row. Preserved from verified official SKP cache after current fetch did not reproduce the row. Preserved from verified official SKP cache after current fetch did not reproduce the row. Preserved from verified official SKP cache after current fetch did not reproduce the row.",2026-05-31
Q12026-005-SKP-005,Q12026-005,Snow Goose by Haider Ackermann x Canada Goose Drop 2,Canada Goose,Haider Ackermann,Unisex Merge Jacket,outerwear,outerwear,1075,USD,https://www.canadagoose.com/us/en/pr/merge-jacket-699363496850.html?isVariationGroupProduct=true&showAllColors=true,https://www.canadagoose.com/us/en/shop/snow-goose/shop-snow-goose,official_or_retail,https://images.canadagoose.com/image/upload/%2Cc_scale%2Cf_auto%2Cq_auto/v1774017079/product-image/1557UCD_9227.jpg,Canada Goose,CanadaGoose.com; select stores,online; select retail stores,verified_product,"Search-engine official page discovery; Canada Goose product cards verified on the official Snow Goose shop page, while ordinary automated fetch returned 429. Preserved from verified official SKP cache after current fetch did not reproduce the row. Preserved from verified official SKP cache after current fetch did not reproduce the row. Preserved from verified official SKP cache after current fetch did not reproduce the row. Preserved from verified official SKP cache after current fetch did not reproduce the row. Preserved from verified official SKP cache after current fetch did not reproduce the row. Preserved from verified official SKP cache after current fetch did not reproduce the row.",2026-05-31
Q12026-005-SKP-006,Q12026-005,Snow Goose by Haider Ackermann x Canada Goose Drop 2,Canada Goose,Haider Ackermann,Merge Pant,bottoms,bottoms,595,USD,https://www.canadagoose.com/us/en/pr/merge-pant-1559MCD.html,https://www.canadagoose.com/us/en/shop/snow-goose/shop-snow-goose,official_or_retail,https://images.canadagoose.com/image/upload/%2Cc_scale%2Cf_auto%2Cq_auto/v1774017532/product-image/1559MCD_9227.jpg,Canada Goose,CanadaGoose.com; select stores,online; select retail stores,verified_product,"Search-engine official page discovery; Canada Goose product cards verified on the official Snow Goose shop page, while ordinary automated fetch returned 429. Preserved from verified official SKP cache after current fetch did not reproduce the row. Preserved from verified official SKP cache after current fetch did not reproduce the row. Preserved from verified official SKP cache after current fetch did not reproduce the row. Preserved from verified official SKP cache after current fetch did not reproduce the row. Preserved from verified official SKP cache after current fetch did not reproduce the row. Preserved from verified official SKP cache after current fetch did not reproduce the row.",2026-05-31
Q12026-005-SKP-007,Q12026-005,Snow Goose by Haider Ackermann x Canada Goose Drop 2,Canada Goose,Haider Ackermann,Unisex Reya Tank Top,apparel,apparel,225,USD,https://www.canadagoose.com/us/en/pr/reya-tank-top-699363523129.html?isVariationGroupProduct=true&showAllColors=true,https://www.canadagoose.com/us/en/shop/snow-goose/shop-snow-goose,official_or_retail,https://images.canadagoose.com/image/upload/%2Cc_scale%2Cf_auto%2Cq_auto/v1774434233/product-image/1673UCD_9586.jpg,Canada Goose,CanadaGoose.com; select stores,online; select retail stores,verified_product,"Search-engine official page discovery; Canada Goose product cards verified on the official Snow Goose shop page, while ordinary automated fetch returned 429. Preserved from verified official SKP cache after current fetch did not reproduce the row. Preserved from verified official SKP cache after current fetch did not reproduce the row. Preserved from verified official SKP cache after current fetch did not reproduce the row. Preserved from verified official SKP cache after current fetch did not reproduce the row. Preserved from verified official SKP cache after current fetch did not reproduce the row. Preserved from verified official SKP cache after current fetch did not reproduce the row.",2026-05-31
Q12026-005-SKP-008,Q12026-005,Snow Goose by Haider Ackermann x Canada Goose Drop 2,Canada Goose,Haider Ackermann,Unisex Mesa Tee - Iceberg,apparel,apparel,295,USD,https://www.canadagoose.com/us/en/pr/mesa-tee---iceberg-1328UCD2.html,https://www.canadagoose.com/us/en/shop/snow-goose/shop-snow-goose,official_or_retail,https://images.canadagoose.com/image/upload/%2Cc_scale%2Cf_auto%2Cq_auto/v1774435462/product-image/1328UCD2_9576.jpg,Canada Goose,CanadaGoose.com; select stores,online; select retail stores,verified_product,"Search-engine official page discovery; Canada Goose product cards verified on the official Snow Goose shop page, while ordinary automated fetch returned 429. Preserved from verified official SKP cache after current fetch did not reproduce the row. Preserved from verified official SKP cache after current fetch did not reproduce the row. Preserved from verified official SKP cache after current fetch did not reproduce the row. Preserved from verified official SKP cache after current fetch did not reproduce the row. Preserved from verified official SKP cache after current fetch did not reproduce the row. Preserved from verified official SKP cache after current fetch did not reproduce the row.",2026-05-31
Q12026-005-SKP-009,Q12026-005,Snow Goose by Haider Ackermann x Canada Goose Drop 2,Canada Goose,Haider Ackermann,Unisex Ceres Top,apparel,apparel,275,USD,https://www.canadagoose.com/us/en/pr/ceres-top-1674UCD.html,https://www.canadagoose.com/us/en/shop/snow-goose/shop-snow-goose,official_or_retail,https://images.canadagoose.com/image/upload/%2Cc_scale%2Cf_auto%2Cq_auto/v1774432454/product-image/1674UCD_9577.jpg,Canada Goose,CanadaGoose.com; select stores,online; select retail stores,verified_product,"Search-engine official page discovery; Canada Goose product cards verified on the official Snow Goose shop page, while ordinary automated fetch returned 429. Preserved from verified official SKP cache after current fetch did not reproduce the row. Preserved from verified official SKP cache after current fetch did not reproduce the row. Preserved from verified official SKP cache after current fetch did not reproduce the row. Preserved from verified official SKP cache after current fetch did not reproduce the row. Preserved from verified official SKP cache after current fetch did not reproduce the row. Preserved from verified official SKP cache after current fetch did not reproduce the row.",2026-05-31
Q12026-005-SKP-010,Q12026-005,Snow Goose by Haider Ackermann x Canada Goose Drop 2,Canada Goose,Haider Ackermann,Apex Short Legging,bottoms,bottoms,225,USD,https://www.canadagoose.com/us/en/pr/apex-short-legging-1675WCD.html,https://www.canadagoose.com/us/en/shop/snow-goose/shop-snow-goose,official_or_retail,https://images.canadagoose.com/image/upload/%2Cc_scale%2Cf_auto%2Cq_auto/v1773999332/product-image/1675WCD_9584.jpg,Canada Goose,CanadaGoose.com; select stores,online; select retail stores,verified_product,"Search-engine official page discovery; Canada Goose product cards verified on the official Snow Goose shop page, while ordinary automated fetch returned 429. Preserved from verified official SKP cache after current fetch did not reproduce the row. Preserved from verified official SKP cache after current fetch did not reproduce the row. Preserved from verified official SKP cache after current fetch did not reproduce the row. Preserved from verified official SKP cache after current fetch did not reproduce the row. Preserved from verified official SKP cache after current fetch did not reproduce the row. Preserved from verified official SKP cache after current fetch did not reproduce the row.",2026-05-31
Q12026-005-SKP-011,Q12026-005,Snow Goose by Haider Ackermann x Canada Goose Drop 2,Canada Goose,Haider Ackermann,Unisex Dawn Crew Relaxed - Colour Block,apparel,apparel,550,USD,https://www.canadagoose.com/us/en/pr/dawn-crew-relaxed---colour-block-1286UCD2.html,https://www.canadagoose.com/us/en/shop/snow-goose/shop-snow-goose,official_or_retail,https://images.canadagoose.com/image/upload/%2Cc_scale%2Cf_auto%2Cq_auto/v1774432764/product-image/1286UCD2_9771.jpg,Canada Goose,CanadaGoose.com; select stores,online; select retail stores,verified_product,"Search-engine official page discovery; Canada Goose product cards verified on the official Snow Goose shop page, while ordinary automated fetch returned 429. Preserved from verified official SKP cache after current fetch did not reproduce the row. Preserved from verified official SKP cache after current fetch did not reproduce the row. Preserved from verified official SKP cache after current fetch did not reproduce the row. Preserved from verified official SKP cache after current fetch did not reproduce the row. Preserved from verified official SKP cache after current fetch did not reproduce the row. Preserved from verified official SKP cache after current fetch did not reproduce the row.",2026-05-31
Q12026-005-SKP-012,Q12026-005,Snow Goose by Haider Ackermann x Canada Goose Drop 2,Canada Goose,Haider Ackermann,Rove Short,bottoms,bottoms,250,USD,https://www.canadagoose.com/us/en/pr/rove-short-1542MCD.html,https://www.canadagoose.com/us/en/shop/snow-goose/shop-snow-goose,official_or_retail,https://images.canadagoose.com/image/upload/%2Cc_scale%2Cf_auto%2Cq_auto/v1774014834/product-image/1542MCD_9118.jpg,Canada Goose,CanadaGoose.com; select stores,online; select retail stores,verified_product,"Search-engine official page discovery; Canada Goose product cards verified on the official Snow Goose shop page, while ordinary automated fetch returned 429. Preserved from verified official SKP cache after current fetch did not reproduce the row. Preserved from verified official SKP cache after current fetch did not reproduce the row. Preserved from verified official SKP cache after current fetch did not reproduce the row. Preserved from verified official SKP cache after current fetch did not reproduce the row. Preserved from verified official SKP cache after current fetch did not reproduce the row. Preserved from verified official SKP cache after current fetch did not reproduce the row.",2026-05-31
Q12026-005-SKP-013,Q12026-005,Snow Goose by Haider Ackermann x Canada Goose Drop 2,Canada Goose,Haider Ackermann,Unisex Orren Jacket,outerwear,outerwear,750,USD,https://www.canadagoose.com/us/en/pr/orren-jacket-1432UCD.html,https://www.canadagoose.com/us/en/shop/snow-goose/shop-snow-goose,official_or_retail,https://images.canadagoose.com/image/upload/%2Cc_scale%2Cf_auto%2Cq_auto/v1774000041/product-image/1432UCD_9118.jpg,Canada Goose,CanadaGoose.com; select stores,online; select retail stores,verified_product,"Search-engine official page discovery; Canada Goose product cards verified on the official Snow Goose shop page, while ordinary automated fetch returned 429. Preserved from verified official SKP cache after current fetch did not reproduce the row. Preserved from verified official SKP cache after current fetch did not reproduce the row. Preserved from verified official SKP cache after current fetch did not reproduce the row. Preserved from verified official SKP cache after current fetch did not reproduce the row. Preserved from verified official SKP cache after current fetch did not reproduce the row. Preserved from verified official SKP cache after current fetch did not reproduce the row.",2026-05-31
Q12026-005-SKP-014,Q12026-005,Snow Goose by Haider Ackermann x Canada Goose Drop 2,Canada Goose,Haider Ackermann,Unisex Rigel Hoodie Relaxed - Iceberg,apparel,apparel,575,USD,https://www.canadagoose.com/us/en/pr/rigel-hoodie-relaxed---iceberg-1539UCD2.html,https://www.canadagoose.com/us/en/shop/snow-goose/shop-snow-goose,official_or_retail,https://images.canadagoose.com/image/upload/%2Cc_scale%2Cf_auto%2Cq_auto/v1774436006/product-image/1539UCD2_9227.jpg,Canada Goose,CanadaGoose.com; select stores,online; select retail stores,verified_product,"Search-engine official page discovery; Canada Goose product cards verified on the official Snow Goose shop page, while ordinary automated fetch returned 429. Preserved from verified official SKP cache after current fetch did not reproduce the row. Preserved from verified official SKP cache after current fetch did not reproduce the row. Preserved from verified official SKP cache after current fetch did not reproduce the row. Preserved from verified official SKP cache after current fetch did not reproduce the row. Preserved from verified official SKP cache after current fetch did not reproduce the row. Preserved from verified official SKP cache after current fetch did not reproduce the row.",2026-05-31
Q12026-005-SKP-015,Q12026-005,Snow Goose by Haider Ackermann x Canada Goose Drop 2,Canada Goose,Haider Ackermann,Unisex Zephyr Pant,bottoms,bottoms,595,USD,https://www.canadagoose.com/us/en/pr/zephyr-pant-1431UCD.html,https://www.canadagoose.com/us/en/shop/snow-goose/shop-snow-goose,official_or_retail,https://images.canadagoose.com/image/upload/%2Cc_scale%2Cf_auto%2Cq_auto/v1774437785/product-image/1431UCD_9061.jpg,Canada Goose,CanadaGoose.com; select stores,online; select retail stores,verified_product,"Search-engine official page discovery; Canada Goose product cards verified on the official Snow Goose shop page, while ordinary automated fetch returned 429. Preserved from verified official SKP cache after current fetch did not reproduce the row. Preserved from verified official SKP cache after current fetch did not reproduce the row. Preserved from verified official SKP cache after current fetch did not reproduce the row. Preserved from verified official SKP cache after current fetch did not reproduce the row. Preserved from verified official SKP cache after current fetch did not reproduce the row. Preserved from verified official SKP cache after current fetch did not reproduce the row.",2026-05-31
Q12026-005-SKP-016,Q12026-005,Snow Goose by Haider Ackermann x Canada Goose Drop 2,Canada Goose,Haider Ackermann,Unisex Celestia Jacket Reflective,outerwear,outerwear,1295,USD,https://www.canadagoose.com/us/en/pr/celestia-jacket-reflective-1666UCD1.html,https://www.canadagoose.com/us/en/shop/snow-goose/shop-snow-goose,official_or_retail,https://images.canadagoose.com/image/upload/%2Cc_scale%2Cf_auto%2Cq_auto/v1774258420/product-image/1666UCD1_9447.jpg,Canada Goose,CanadaGoose.com; select stores,online; select retail stores,verified_product,"Search-engine official page discovery; Canada Goose product cards verified on the official Snow Goose shop page, while ordinary automated fetch returned 429. Preserved from verified official SKP cache after current fetch did not reproduce the row. Preserved from verified official SKP cache after current fetch did not reproduce the row. Preserved from verified official SKP cache after current fetch did not reproduce the row. Preserved from verified official SKP cache after current fetch did not reproduce the row. Preserved from verified official SKP cache after current fetch did not reproduce the row. Preserved from verified official SKP cache after current fetch did not reproduce the row.",2026-05-31
Q12026-005-SKP-017,Q12026-005,Snow Goose by Haider Ackermann x Canada Goose Drop 2,Canada Goose,Haider Ackermann,Unisex Halo Cap - Nylon,accessories,accessories,275,USD,https://www.canadagoose.com/us/en/pr/halo-cap---nylon-1685UCD1.html,https://www.canadagoose.com/us/en/shop/snow-goose/shop-snow-goose,official_or_retail,https://images.canadagoose.com/image/upload/%2Cc_scale%2Cf_auto%2Cq_auto/v1774258068/product-image/1685UCD1_9061.jpg,Canada Goose,CanadaGoose.com; select stores,online; select retail stores,verified_product,"Search-engine official page discovery; Canada Goose product cards verified on the official Snow Goose shop page, while ordinary automated fetch returned 429. Preserved from verified official SKP cache after current fetch did not reproduce the row. Preserved from verified official SKP cache after current fetch did not reproduce the row. Preserved from verified official SKP cache after current fetch did not reproduce the row. Preserved from verified official SKP cache after current fetch did not reproduce the row. Preserved from verified official SKP cache after current fetch did not reproduce the row. Preserved from verified official SKP cache after current fetch did not reproduce the row.",2026-05-31
Q12026-005-SKP-018,Q12026-005,Snow Goose by Haider Ackermann x Canada Goose Drop 2,Canada Goose,Haider Ackermann,Unisex Vector Vest,outerwear,outerwear,575,USD,https://www.canadagoose.com/us/en/pr/vector-vest-1686UCD.html,https://www.canadagoose.com/us/en/shop/snow-goose/shop-snow-goose,official_or_retail,https://images.canadagoose.com/image/upload/%2Cc_scale%2Cf_auto%2Cq_auto/v1774436303/product-image/1686UCD_9577.jpg,Canada Goose,CanadaGoose.com; select stores,online; select retail stores,verified_product,"Search-engine official page discovery; Canada Goose product cards verified on the official Snow Goose shop page, while ordinary automated fetch returned 429. Preserved from verified official SKP cache after current fetch did not reproduce the row. Preserved from verified official SKP cache after current fetch did not reproduce the row. Preserved from verified official SKP cache after current fetch did not reproduce the row. Preserved from verified official SKP cache after current fetch did not reproduce the row. Preserved from verified official SKP cache after current fetch did not reproduce the row. Preserved from verified official SKP cache after current fetch did not reproduce the row.",2026-05-31
Q12026-005-SKP-019,Q12026-005,Snow Goose by Haider Ackermann x Canada Goose Drop 2,Canada Goose,Haider Ackermann,Unisex Rigel Jogger,bottoms,bottoms,375,USD,https://www.canadagoose.com/us/en/pr/rigel-jogger-1287UCD.html,https://www.canadagoose.com/us/en/shop/snow-goose/shop-snow-goose,official_or_retail,https://images.canadagoose.com/image/upload/%2Cc_scale%2Cf_auto%2Cq_auto/v1774434387/product-image/1287UCD_9576.jpg,Canada Goose,CanadaGoose.com; select stores,online; select retail stores,verified_product,"Search-engine official page discovery; Canada Goose product cards verified on the official Snow Goose shop page, while ordinary automated fetch returned 429. Preserved from verified official SKP cache after current fetch did not reproduce the row. Preserved from verified official SKP cache after current fetch did not reproduce the row. Preserved from verified official SKP cache after current fetch did not reproduce the row. Preserved from verified official SKP cache after current fetch did not reproduce the row. Preserved from verified official SKP cache after current fetch did not reproduce the row. Preserved from verified official SKP cache after current fetch did not reproduce the row.",2026-05-31
Q12026-005-SKP-020,Q12026-005,Snow Goose by Haider Ackermann x Canada Goose Drop 2,Canada Goose,Haider Ackermann,Unisex Avalon Vest,outerwear,outerwear,850,USD,https://www.canadagoose.com/us/en/pr/avalon-vest-1665UCD.html,https://www.canadagoose.com/us/en/shop/snow-goose/shop-snow-goose,official_or_retail,https://images.canadagoose.com/image/upload/%2Cc_scale%2Cf_auto%2Cq_auto/v1774436119/product-image/1665UCD_9061.jpg,Canada Goose,CanadaGoose.com; select stores,online; select retail stores,verified_product,"Search-engine official page discovery; Canada Goose product cards verified on the official Snow Goose shop page, while ordinary automated fetch returned 429. Preserved from verified official SKP cache after current fetch did not reproduce the row. Preserved from verified official SKP cache after current fetch did not reproduce the row. Preserved from verified official SKP cache after current fetch did not reproduce the row. Preserved from verified official SKP cache after current fetch did not reproduce the row. Preserved from verified official SKP cache after current fetch did not reproduce the row. Preserved from verified official SKP cache after current fetch did not reproduce the row.",2026-05-31
Q12026-006-SKP-001,Q12026-006,Moncler + Rick Owens Spring/Summer 2026,Moncler,Rick Owens,Moncler + Rick Owens Girder Cotton T-Shirt,apparel,apparel,480,USD,https://www.moncler.com/en-us/men/ready-to-wear/polos-and-t-shirts/moncler-rick-owens-girder-cotton-tshirt-black-L109N8C0000389AHD999.html,https://www.moncler.com/en-us/special-projects/moncler-rick-owens,official_or_retail,https://moncler-cdn.thron.com/api/v1/content-delivery/shares/dpx6uv/contents/L109N8C0000389AHD999_F/image/L109N8C0000389AHD999_F,Moncler x Rick Owens / FashionNetwork,Moncler.com; RickOwens.eu; selected Moncler/Rick Owens stores; select retailers,global selected stores; online,verified_product,Missing-SKP official pass: product page returned 200 from official/retail domain; source candidate https://www.moncler.com/en-us/special-projects/moncler-rick-owens. Preserved from verified official SKP cache after current fetch did not reproduce the row. Preserved from verified official SKP cache after current fetch did not reproduce the row. Preserved from verified official SKP cache after current fetch did not reproduce the row. Preserved from verified official SKP cache after current fetch did not reproduce the row. Preserved from verified official SKP cache after current fetch did not reproduce the row. Preserved from verified official SKP cache after current fetch did not reproduce the row.,2026-05-31
Q12026-006-SKP-002,Q12026-006,Moncler + Rick Owens Spring/Summer 2026,Moncler,Rick Owens,Moncler + Rick Owens Geocamo Ziplock Hooded Down Vest,outerwear,outerwear,1955,USD,https://www.moncler.com/en-us/men/outerwear/vests/moncler-rick-owens-geocamo-ziplock-hooded-down-vest-black-L109N1A00004M8113999.html,https://www.moncler.com/en-us/special-projects/moncler-rick-owens,official_or_retail,https://moncler-cdn.thron.com/api/v1/content-delivery/shares/dpx6uv/contents/L109N1A00004M8113999_F/image/L109N1A00004M8113999_F,Moncler x Rick Owens / FashionNetwork,Moncler.com; RickOwens.eu; selected Moncler/Rick Owens stores; select retailers,global selected stores; online,verified_product,Missing-SKP official pass: product page returned 200 from official/retail domain; source candidate https://www.moncler.com/en-us/special-projects/moncler-rick-owens. Preserved from verified official SKP cache after current fetch did not reproduce the row. Preserved from verified official SKP cache after current fetch did not reproduce the row. Preserved from verified official SKP cache after current fetch did not reproduce the row. Preserved from verified official SKP cache after current fetch did not reproduce the row. Preserved from verified official SKP cache after current fetch did not reproduce the row. Preserved from verified official SKP cache after current fetch did not reproduce the row.,2026-05-31
Q12026-006-SKP-003,Q12026-006,Moncler + Rick Owens Spring/Summer 2026,Moncler,Rick Owens,Moncler + Rick Owens Geocamo Flight Down Bomber Jacket,outerwear,outerwear,2450,USD,https://www.moncler.com/en-us/men/outerwear/short-down-jackets/moncler-rick-owens-geocamo-flight-down-bomber-jacket-black-L109N1A00001M8113999.html,https://www.moncler.com/en-us/special-projects/moncler-rick-owens,official_or_retail,https://moncler-cdn.thron.com/api/v1/content-delivery/shares/dpx6uv/contents/L109N1A00001M8113999_F/image/L109N1A00001M8113999_F,Moncler x Rick Owens / FashionNetwork,Moncler.com; RickOwens.eu; selected Moncler/Rick Owens stores; select retailers,global selected stores; online,verified_product,Missing-SKP official pass: product page returned 200 from official/retail domain; source candidate https://www.moncler.com/en-us/special-projects/moncler-rick-owens. Preserved from verified official SKP cache after current fetch did not reproduce the row. Preserved from verified official SKP cache after current fetch did not reproduce the row. Preserved from verified official SKP cache after current fetch did not reproduce the row. Preserved from verified official SKP cache after current fetch did not reproduce the row. Preserved from verified official SKP cache after current fetch did not reproduce the row. Preserved from verified official SKP cache after current fetch did not reproduce the row.,2026-05-31
Q12026-006-SKP-004,Q12026-006,Moncler + Rick Owens Spring/Summer 2026,Moncler,Rick Owens,Moncler + Rick Owens Cotton Ziplock Hoodie,apparel,apparel,1000,USD,https://www.moncler.com/en-us/men/ready-to-wear/sweatshirts/moncler-rick-owens-cotton-ziplock-hoodie-brown-L109N8G0000189B7R256.html,https://www.moncler.com/en-us/special-projects/moncler-rick-owens,official_or_retail,https://moncler-cdn.thron.com/api/v1/content-delivery/shares/dpx6uv/contents/L109N8G0000189B7R256_F/image/L109N8G0000189B7R256_F,Moncler x Rick Owens / FashionNetwork,Moncler.com; RickOwens.eu; selected Moncler/Rick Owens stores; select retailers,global selected stores; online,verified_product,Missing-SKP official pass: product page returned 200 from official/retail domain; source candidate https://www.moncler.com/en-us/special-projects/moncler-rick-owens. Preserved from verified official SKP cache after current fetch did not reproduce the row. Preserved from verified official SKP cache after current fetch did not reproduce the row. Preserved from verified official SKP cache after current fetch did not reproduce the row. Preserved from verified official SKP cache after current fetch did not reproduce the row. Preserved from verified official SKP cache after current fetch did not reproduce the row. Preserved from verified official SKP cache after current fetch did not reproduce the row.,2026-05-31
Q12026-006-SKP-005,Q12026-006,Moncler + Rick Owens Spring/Summer 2026,Moncler,Rick Owens,Moncler + Rick Owens Geocamo Flight Nappa Leather Vest,outerwear,outerwear,4200,USD,https://www.moncler.com/en-us/men/outerwear/vests/moncler-rick-owens-geocamo-flight-nappa-leather-vest-black-L109N1A00010M8116999.html,https://www.moncler.com/en-us/special-projects/moncler-rick-owens,official_or_retail,https://moncler-cdn.thron.com/api/v1/content-delivery/shares/dpx6uv/contents/L109N1A00010M8116999_F/image/L109N1A00010M8116999_F,Moncler x Rick Owens / FashionNetwork,Moncler.com; RickOwens.eu; selected Moncler/Rick Owens stores; select retailers,global selected stores; online,verified_product,Missing-SKP official pass: product page returned 200 from official/retail domain; source candidate https://www.moncler.com/en-us/special-projects/moncler-rick-owens. Preserved from verified official SKP cache after current fetch did not reproduce the row. Preserved from verified official SKP cache after current fetch did not reproduce the row. Preserved from verified official SKP cache after current fetch did not reproduce the row. Preserved from verified official SKP cache after current fetch did not reproduce the row. Preserved from verified official SKP cache after current fetch did not reproduce the row. Preserved from verified official SKP cache after current fetch did not reproduce the row.,2026-05-31
Q12026-006-SKP-006,Q12026-006,Moncler + Rick Owens Spring/Summer 2026,Moncler,Rick Owens,Moncler + Rick Owens Cyclopic Short Down Jacket,outerwear,outerwear,2740,USD,https://www.moncler.com/en-us/men/outerwear/short-down-jackets/moncler-rick-owens-cyclopic-short-down-jacket-black-L109N1A00008M8115999.html,https://www.moncler.com/en-us/special-projects/moncler-rick-owens,official_or_retail,https://moncler-cdn.thron.com/api/v1/content-delivery/shares/dpx6uv/contents/L109N1A00008M8115999_F/image/L109N1A00008M8115999_F,Moncler x Rick Owens / FashionNetwork,Moncler.com; RickOwens.eu; selected Moncler/Rick Owens stores; select retailers,global selected stores; online,verified_product,Missing-SKP official pass: product page returned 200 from official/retail domain; source candidate https://www.moncler.com/en-us/special-projects/moncler-rick-owens. Preserved from verified official SKP cache after current fetch did not reproduce the row. Preserved from verified official SKP cache after current fetch did not reproduce the row. Preserved from verified official SKP cache after current fetch did not reproduce the row. Preserved from verified official SKP cache after current fetch did not reproduce the row. Preserved from verified official SKP cache after current fetch did not reproduce the row. Preserved from verified official SKP cache after current fetch did not reproduce the row.,2026-05-31
Q12026-006-SKP-007,Q12026-006,Moncler + Rick Owens Spring/Summer 2026,Moncler,Rick Owens,Moncler + Rick Owens Jumbo Cotton T-Shirt,apparel,apparel,580,USD,https://www.moncler.com/en-us/men/ready-to-wear/polos-and-t-shirts/moncler-rick-owens-jumbo-cotton-tshirt-black-L109N8C0000489B7R999.html,https://www.moncler.com/en-us/special-projects/moncler-rick-owens,official_or_retail,https://moncler-cdn.thron.com/api/v1/content-delivery/shares/dpx6uv/contents/L109N8C0000489B7R999_F/image/L109N8C0000489B7R999_F,Moncler x Rick Owens / FashionNetwork,Moncler.com; RickOwens.eu; selected Moncler/Rick Owens stores; select retailers,global selected stores; online,verified_product,Missing-SKP official pass: product page returned 200 from official/retail domain; source candidate https://www.moncler.com/en-us/special-projects/moncler-rick-owens. Preserved from verified official SKP cache after current fetch did not reproduce the row. Preserved from verified official SKP cache after current fetch did not reproduce the row. Preserved from verified official SKP cache after current fetch did not reproduce the row. Preserved from verified official SKP cache after current fetch did not reproduce the row. Preserved from verified official SKP cache after current fetch did not reproduce the row. Preserved from verified official SKP cache after current fetch did not reproduce the row.,2026-05-31
Q12026-006-SKP-008,Q12026-006,Moncler + Rick Owens Spring/Summer 2026,Moncler,Rick Owens,Moncler + Rick Owens Ziplock Jacket,outerwear,outerwear,1595,USD,https://www.moncler.com/en-us/men/outerwear/windbreakers-and-raincoats/moncler-rick-owens-ziplock-windbreaker-taupe-L109N1A00007M8115828.html,https://www.moncler.com/en-us/special-projects/moncler-rick-owens,official_or_retail,https://moncler-cdn.thron.com/api/v1/content-delivery/shares/dpx6uv/contents/L109N1A00007M8115828_F/image/L109N1A00007M8115828_F,Moncler x Rick Owens / FashionNetwork,Moncler.com; RickOwens.eu; selected Moncler/Rick Owens stores; select retailers,global selected stores; online,verified_product,Missing-SKP official pass: product page returned 200 from official/retail domain; source candidate https://www.moncler.com/en-us/special-projects/moncler-rick-owens. Preserved from verified official SKP cache after current fetch did not reproduce the row. Preserved from verified official SKP cache after current fetch did not reproduce the row. Preserved from verified official SKP cache after current fetch did not reproduce the row. Preserved from verified official SKP cache after current fetch did not reproduce the row. Preserved from verified official SKP cache after current fetch did not reproduce the row. Preserved from verified official SKP cache after current fetch did not reproduce the row.,2026-05-31
Q12026-006-SKP-009,Q12026-006,Moncler + Rick Owens Spring/Summer 2026,Moncler,Rick Owens,Moncler + Rick Owens Ziplock Hooded Short Down Jacket,outerwear,outerwear,2390,USD,https://www.moncler.com/en-us/men/outerwear/short-down-jackets/moncler-rick-owens-ziplock-hooded-short-down-jacket-black-L109N1A00009M8114999.html,https://www.moncler.com/en-us/special-projects/moncler-rick-owens,official_or_retail,https://moncler-cdn.thron.com/api/v1/content-delivery/shares/dpx6uv/contents/L109N1A00009M8114999_F/image/L109N1A00009M8114999_F,Moncler x Rick Owens / FashionNetwork,Moncler.com; RickOwens.eu; selected Moncler/Rick Owens stores; select retailers,global selected stores; online,verified_product,Missing-SKP official pass: product page returned 200 from official/retail domain; source candidate https://www.moncler.com/en-us/special-projects/moncler-rick-owens. Preserved from verified official SKP cache after current fetch did not reproduce the row. Preserved from verified official SKP cache after current fetch did not reproduce the row. Preserved from verified official SKP cache after current fetch did not reproduce the row. Preserved from verified official SKP cache after current fetch did not reproduce the row. Preserved from verified official SKP cache after current fetch did not reproduce the row. Preserved from verified official SKP cache after current fetch did not reproduce the row.,2026-05-31
Q12026-007-SKP-001,Q12026-007,Alpha Industries x Cecilie Bahnsen Icons in Transformation,Alpha Industries,Cecilie Bahnsen,MA-1 Bomber Jacket,outerwear,outerwear,,,,https://www.designscene.net/2026/01/alpha-industries-x-cecilie-bahnsen-icons.html,seeded_source_extract,,Alpha Industries x Cecilie Bahnsen / Design Scene,Alpha Industries; Cecilie Bahnsen; selected retailers,online; selected retailers,press_listed,Source/record notes identify the two jacket styles in the capsule.,2026-05-31
Q12026-007-SKP-002,Q12026-007,Alpha Industries x Cecilie Bahnsen Icons in Transformation,Alpha Industries,Cecilie Bahnsen,N-2B Bomber Jacket,outerwear,outerwear,,,,https://www.designscene.net/2026/01/alpha-industries-x-cecilie-bahnsen-icons.html,seeded_source_extract,,Alpha Industries x Cecilie Bahnsen / Design Scene,Alpha Industries; Cecilie Bahnsen; selected retailers,online; selected retailers,press_listed,Source/record notes identify the two jacket styles in the capsule.,2026-05-31
Q12026-008-SKP-001,Q12026-008,Nike x NIGO Air Force 3 Final Chapter,Nike,NIGO,Nike x NIGO Men's Souvenir Jacket (HQ7525-410),outerwear,outerwear,350.00,USD,https://www.nike.com/launch/t/nike-x-nigo-mens-souvenir-jacket-web-only-na,https://www.nike.com/launch/t/nike-x-nigo-mens-souvenir-jacket-web-only-na,official_or_retail,"https://static.nike.com/a/images/t_prod_ls/w_1920,c_limit/870b804a-072f-4846-934e-308ab711fd33/nike-x-nigo-men-s-souvenir-jacket-hq7525-410.jpg",Nike / NIGO,humanmade.jp; SNKRS; select Nike retail partners,Japan first; global selected retail,verified_product,Missing-SKP official pass: product page returned 200 from official/retail domain; source candidate https://www.nike.com/launch/t/nike-x-nigo-mens-souvenir-jacket-web-only-na. Preserved from verified official SKP cache after current fetch did not reproduce the row. Preserved from verified official SKP cache after current fetch did not reproduce the row. Preserved from verified official SKP cache after current fetch did not reproduce the row. Preserved from verified official SKP cache after current fetch did not reproduce the row.,2026-05-31
Q12026-009-SKP-001,Q12026-009,Jordan Brand x Levi's Air Jordan 3 and Apparel Collection,Jordan Brand,Levi's,the Jordan Brand x Levi’s Pinnacle Varsity Jacket,outerwear,outerwear,,,,https://www.nike.com/a/jordan-levis-release-info,official_or_retail,,Jordan Brand / Levi's,Levi.com; Levi's App; SNKRS; select Levi's and Jordan Brand stores,China first; global rollout,verified_product,Extracted from source sentence listing products in the collaboration context.,2026-05-31
Q12026-009-SKP-002,Q12026-009,Jordan Brand x Levi's Air Jordan 3 and Apparel Collection,Jordan Brand,Levi's,"Tailor Shop - Custom Clothing, Jean Repairs & Tailoring",apparel,apparel,,,https://www.levi.com/US/en_US/features/tailor-shop,https://www.levi.com/US/en_US/blog/article/levis-x-jordan-collection,official_or_retail,https://www.levi.com/ngsa/img/logos/levi-logo-large.png,Jordan Brand / Levi's,Levi.com; Levi's App; SNKRS; select Levi's and Jordan Brand stores,China first; global rollout,verified_product,Missing-SKP official pass: product page returned 200 from official/retail domain; source candidate https://www.levi.com/US/en_US/blog/article/levis-x-jordan-collection. Preserved from verified official SKP cache after current fetch did not reproduce the row. Preserved from verified official SKP cache after current fetch did not reproduce the row. Preserved from verified official SKP cache after current fetch did not reproduce the row. Preserved from verified official SKP cache after current fetch did not reproduce the row.,2026-05-31
Q12026-011-SKP-001,Q12026-011,Aqua x Wuthering Heights Collection,Aqua,Wuthering Heights / Warner Bros. Discovery,"AQUA x ""Wuthering Heights"" Sweetheart Neck High Low Gown - Exclusive",apparel,DRESS,,USD,https://www.bloomingdales.com/shop/product/aqua-sweetheart-neck-high-low-gown-exclusive?ID=5828517,https://www.bloomingdales.com/c/editorial/carousel/aqua-wuthering-heights/,official_or_retail,https://images.bloomingdalesassets.com/is/image/BLM/products/1/optimized/15473371_fpx.tif?$2014_BROWSE_FASHION$,Bloomingdale's / Aqua / Warner Bros. Discovery,Bloomingdale's 59th Street Carousel; Bloomingdale's stores; online,United States,verified_product,"Extracted from Bloomingdale's official editorial carousel product IDs via /xapi/discover/v1/product. Product detail pages may block automated fetch, but the official XAPI returned product name, product URL, image and pricing data where available. Preserved from verified official SKP cache after current fetch did not reproduce the row. Preserved from verified official SKP cache after current fetch did not reproduce the row. Preserved from verified official SKP cache after current fetch did not reproduce the row. Preserved from verified official SKP cache after current fetch did not reproduce the row.",2026-05-31
Q12026-011-SKP-002,Q12026-011,Aqua x Wuthering Heights Collection,Aqua,Wuthering Heights / Warner Bros. Discovery,"AQUA x ""Wuthering Heights"" Lace Appliqu&eacute; Crewneck Sweatshirt - Exclusive",apparel,SWEATSHIRTS,88,USD,https://www.bloomingdales.com/shop/product/aqua-x-wuthering-heights-lace-applique-crewneck-sweatshirt-exclusive?ID=5826774,https://www.bloomingdales.com/c/editorial/carousel/aqua-wuthering-heights/,official_or_retail,https://images.bloomingdalesassets.com/is/image/BLM/products/6/optimized/15473296_fpx.tif?$2014_BROWSE_FASHION$,Bloomingdale's / Aqua / Warner Bros. Discovery,Bloomingdale's 59th Street Carousel; Bloomingdale's stores; online,United States,verified_product,"Extracted from Bloomingdale's official editorial carousel product IDs via /xapi/discover/v1/product. Product detail pages may block automated fetch, but the official XAPI returned product name, product URL, image and pricing data where available. Preserved from verified official SKP cache after current fetch did not reproduce the row. Preserved from verified official SKP cache after current fetch did not reproduce the row. Preserved from verified official SKP cache after current fetch did not reproduce the row. Preserved from verified official SKP cache after current fetch did not reproduce the row.",2026-05-31
Q12026-011-SKP-003,Q12026-011,Aqua x Wuthering Heights Collection,Aqua,Wuthering Heights / Warner Bros. Discovery,"AQUA x ""Wuthering Heights"" Lace Through Midi Dress - Exclusive",apparel,DRESS,118,USD,https://www.bloomingdales.com/shop/product/aqua-lace-through-midi-dress-exclusive?ID=5828522,https://www.bloomingdales.com/c/editorial/carousel/aqua-wuthering-heights/,official_or_retail,https://images.bloomingdalesassets.com/is/image/BLM/products/6/optimized/15473326_fpx.tif?$2014_BROWSE_FASHION$,Bloomingdale's / Aqua / Warner Bros. Discovery,Bloomingdale's 59th Street Carousel; Bloomingdale's stores; online,United States,verified_product,"Extracted from Bloomingdale's official editorial carousel product IDs via /xapi/discover/v1/product. Product detail pages may block automated fetch, but the official XAPI returned product name, product URL, image and pricing data where available. Preserved from verified official SKP cache after current fetch did not reproduce the row. Preserved from verified official SKP cache after current fetch did not reproduce the row. Preserved from verified official SKP cache after current fetch did not reproduce the row. Preserved from verified official SKP cache after current fetch did not reproduce the row.",2026-05-31
Q12026-011-SKP-004,Q12026-011,Aqua x Wuthering Heights Collection,Aqua,Wuthering Heights / Warner Bros. Discovery,"AQUA x ""Wuthering Heights"" Crystal & Baroque Pearl Statement Necklace, 16-18"" - Exclusive",accessories,NECKLACE,,USD,https://www.bloomingdales.com/shop/product/aqua-wuthering-heights-crystal-imitation-pearl-statement-necklace-16-18-exclusive?ID=5867444,https://www.bloomingdales.com/c/editorial/carousel/aqua-wuthering-heights/,official_or_retail,https://images.bloomingdalesassets.com/is/image/BLM/products/0/optimized/15468760_fpx.tif?$2014_BROWSE_FASHION$,Bloomingdale's / Aqua / Warner Bros. Discovery,Bloomingdale's 59th Street Carousel; Bloomingdale's stores; online,United States,verified_product,"Extracted from Bloomingdale's official editorial carousel product IDs via /xapi/discover/v1/product. Product detail pages may block automated fetch, but the official XAPI returned product name, product URL, image and pricing data where available. Preserved from verified official SKP cache after current fetch did not reproduce the row. Preserved from verified official SKP cache after current fetch did not reproduce the row. Preserved from verified official SKP cache after current fetch did not reproduce the row. Preserved from verified official SKP cache after current fetch did not reproduce the row.",2026-05-31
Q12026-011-SKP-005,Q12026-011,Aqua x Wuthering Heights Collection,Aqua,Wuthering Heights / Warner Bros. Discovery,"AQUA x ""Wuthering Heights"" Puff Sleeve Pajama Set - Exclusive",apparel,SLEEPWEAR,128,USD,https://www.bloomingdales.com/shop/product/aqua-x-wuthering-heights-puff-sleeve-pajama-set-exclusive?ID=5864863,https://www.bloomingdales.com/c/editorial/carousel/aqua-wuthering-heights/,official_or_retail,https://images.bloomingdalesassets.com/is/image/BLM/products/9/optimized/15474089_fpx.tif?$2014_BROWSE_FASHION$,Bloomingdale's / Aqua / Warner Bros. Discovery,Bloomingdale's 59th Street Carousel; Bloomingdale's stores; online,United States,verified_product,"Extracted from Bloomingdale's official editorial carousel product IDs via /xapi/discover/v1/product. Product detail pages may block automated fetch, but the official XAPI returned product name, product URL, image and pricing data where available. Preserved from verified official SKP cache after current fetch did not reproduce the row. Preserved from verified official SKP cache after current fetch did not reproduce the row. Preserved from verified official SKP cache after current fetch did not reproduce the row. Preserved from verified official SKP cache after current fetch did not reproduce the row.",2026-05-31
Q12026-011-SKP-006,Q12026-011,Aqua x Wuthering Heights Collection,Aqua,Wuthering Heights / Warner Bros. Discovery,"AQUA x ""Wuthering Heights"" Heart Locket Pendant Necklace, 21-23"" - Exclusive",accessories,NECKLACE,,USD,https://www.bloomingdales.com/shop/product/aqua-wuthering-heights-heart-locket-pendant-necklace-21-23-exclusive?ID=5867441,https://www.bloomingdales.com/c/editorial/carousel/aqua-wuthering-heights/,official_or_retail,https://images.bloomingdalesassets.com/is/image/BLM/products/1/optimized/15468741_fpx.tif?$2014_BROWSE_FASHION$,Bloomingdale's / Aqua / Warner Bros. Discovery,Bloomingdale's 59th Street Carousel; Bloomingdale's stores; online,United States,verified_product,"Extracted from Bloomingdale's official editorial carousel product IDs via /xapi/discover/v1/product. Product detail pages may block automated fetch, but the official XAPI returned product name, product URL, image and pricing data where available. Preserved from verified official SKP cache after current fetch did not reproduce the row. Preserved from verified official SKP cache after current fetch did not reproduce the row. Preserved from verified official SKP cache after current fetch did not reproduce the row. Preserved from verified official SKP cache after current fetch did not reproduce the row.",2026-05-31
Q12026-011-SKP-007,Q12026-011,Aqua x Wuthering Heights Collection,Aqua,Wuthering Heights / Warner Bros. Discovery,"AQUA x ""Wuthering Heights"" Mini Slip Dress - Exclusive",apparel,DRESS,98,USD,https://www.bloomingdales.com/shop/product/aqua-mini-slip-dress-exclusive?ID=5828523,https://www.bloomingdales.com/c/editorial/carousel/aqua-wuthering-heights/,official_or_retail,https://images.bloomingdalesassets.com/is/image/BLM/products/1/optimized/15473331_fpx.tif?$2014_BROWSE_FASHION$,Bloomingdale's / Aqua / Warner Bros. Discovery,Bloomingdale's 59th Street Carousel; Bloomingdale's stores; online,United States,verified_product,"Extracted from Bloomingdale's official editorial carousel product IDs via /xapi/discover/v1/product. Product detail pages may block automated fetch, but the official XAPI returned product name, product URL, image and pricing data where available. Preserved from verified official SKP cache after current fetch did not reproduce the row. Preserved from verified official SKP cache after current fetch did not reproduce the row. Preserved from verified official SKP cache after current fetch did not reproduce the row. Preserved from verified official SKP cache after current fetch did not reproduce the row.",2026-05-31
Q12026-011-SKP-008,Q12026-011,Aqua x Wuthering Heights Collection,Aqua,Wuthering Heights / Warner Bros. Discovery,"AQUA x ""Wuthering Heights"" Cherub Crewneck Baby Tee - Exclusive",apparel,TEES,58,USD,https://www.bloomingdales.com/shop/product/aqua-x-wuthering-heights-cherub-crewneck-baby-tee-exclusive?ID=5826770,https://www.bloomingdales.com/c/editorial/carousel/aqua-wuthering-heights/,official_or_retail,https://images.bloomingdalesassets.com/is/image/BLM/products/0/optimized/15473280_fpx.tif?$2014_BROWSE_FASHION$,Bloomingdale's / Aqua / Warner Bros. Discovery,Bloomingdale's 59th Street Carousel; Bloomingdale's stores; online,United States,verified_product,"Extracted from Bloomingdale's official editorial carousel product IDs via /xapi/discover/v1/product. Product detail pages may block automated fetch, but the official XAPI returned product name, product URL, image and pricing data where available. Preserved from verified official SKP cache after current fetch did not reproduce the row. Preserved from verified official SKP cache after current fetch did not reproduce the row. Preserved from verified official SKP cache after current fetch did not reproduce the row. Preserved from verified official SKP cache after current fetch did not reproduce the row.",2026-05-31
Q12026-011-SKP-009,Q12026-011,Aqua x Wuthering Heights Collection,Aqua,Wuthering Heights / Warner Bros. Discovery,"AQUA x ""Wuthering Heights"" Rose Skull Graphic Sweatshirt - Exclusive",apparel,SWEATSHIRTS,,USD,https://www.bloomingdales.com/shop/product/aqua-rose-skull-graphic-sweatshirt-exclusive?ID=5826775,https://www.bloomingdales.com/c/editorial/carousel/aqua-wuthering-heights/,official_or_retail,https://images.bloomingdalesassets.com/is/image/BLM/products/0/optimized/15473300_fpx.tif?$2014_BROWSE_FASHION$,Bloomingdale's / Aqua / Warner Bros. Discovery,Bloomingdale's 59th Street Carousel; Bloomingdale's stores; online,United States,verified_product,"Extracted from Bloomingdale's official editorial carousel product IDs via /xapi/discover/v1/product. Product detail pages may block automated fetch, but the official XAPI returned product name, product URL, image and pricing data where available. Preserved from verified official SKP cache after current fetch did not reproduce the row. Preserved from verified official SKP cache after current fetch did not reproduce the row. Preserved from verified official SKP cache after current fetch did not reproduce the row. Preserved from verified official SKP cache after current fetch did not reproduce the row.",2026-05-31
Q12026-011-SKP-010,Q12026-011,Aqua x Wuthering Heights Collection,Aqua,Wuthering Heights / Warner Bros. Discovery,"AQUA x ""Wuthering Heights"" Scoop Neck Mini Dress - Exclusive",apparel,DRESS,98,USD,https://www.bloomingdales.com/shop/product/aqua-scoop-neck-mini-dress-exclusive?ID=5828520,https://www.bloomingdales.com/c/editorial/carousel/aqua-wuthering-heights/,official_or_retail,https://images.bloomingdalesassets.com/is/image/BLM/products/1/optimized/15473321_fpx.tif?$2014_BROWSE_FASHION$,Bloomingdale's / Aqua / Warner Bros. Discovery,Bloomingdale's 59th Street Carousel; Bloomingdale's stores; online,United States,verified_product,"Extracted from Bloomingdale's official editorial carousel product IDs via /xapi/discover/v1/product. Product detail pages may block automated fetch, but the official XAPI returned product name, product URL, image and pricing data where available. Preserved from verified official SKP cache after current fetch did not reproduce the row. Preserved from verified official SKP cache after current fetch did not reproduce the row. Preserved from verified official SKP cache after current fetch did not reproduce the row. Preserved from verified official SKP cache after current fetch did not reproduce the row.",2026-05-31
Q12026-011-SKP-011,Q12026-011,Aqua x Wuthering Heights Collection,Aqua,Wuthering Heights / Warner Bros. Discovery,"AQUA x ""Wuthering Heights"" Mini Cami Nightgown - Exclusive",apparel,SLEEPWEAR,88,USD,https://www.bloomingdales.com/shop/product/aqua-x-wuthering-heights-mini-cami-nightgown-exclusive?ID=5864866,https://www.bloomingdales.com/c/editorial/carousel/aqua-wuthering-heights/,official_or_retail,https://images.bloomingdalesassets.com/is/image/BLM/products/4/optimized/15474094_fpx.tif?$2014_BROWSE_FASHION$,Bloomingdale's / Aqua / Warner Bros. Discovery,Bloomingdale's 59th Street Carousel; Bloomingdale's stores; online,United States,verified_product,"Extracted from Bloomingdale's official editorial carousel product IDs via /xapi/discover/v1/product. Product detail pages may block automated fetch, but the official XAPI returned product name, product URL, image and pricing data where available. Preserved from verified official SKP cache after current fetch did not reproduce the row. Preserved from verified official SKP cache after current fetch did not reproduce the row. Preserved from verified official SKP cache after current fetch did not reproduce the row. Preserved from verified official SKP cache after current fetch did not reproduce the row.",2026-05-31
Q12026-011-SKP-012,Q12026-011,Aqua x Wuthering Heights Collection,Aqua,Wuthering Heights / Warner Bros. Discovery,"AQUA x ""Wuthering Heights"" Imitation Pearl Earrings - Exclusive",accessories,EARRINGS,,USD,https://www.bloomingdales.com/shop/product/aqua-x-wuthering-heights-imitation-pearl-earrings?ID=5867446,https://www.bloomingdales.com/c/editorial/carousel/aqua-wuthering-heights/,official_or_retail,https://images.bloomingdalesassets.com/is/image/BLM/products/6/optimized/15441596_fpx.tif?$2014_BROWSE_FASHION$,Bloomingdale's / Aqua / Warner Bros. Discovery,Bloomingdale's 59th Street Carousel; Bloomingdale's stores; online,United States,verified_product,"Extracted from Bloomingdale's official editorial carousel product IDs via /xapi/discover/v1/product. Product detail pages may block automated fetch, but the official XAPI returned product name, product URL, image and pricing data where available. Preserved from verified official SKP cache after current fetch did not reproduce the row. Preserved from verified official SKP cache after current fetch did not reproduce the row. Preserved from verified official SKP cache after current fetch did not reproduce the row. Preserved from verified official SKP cache after current fetch did not reproduce the row.",2026-05-31
Q12026-011-SKP-013,Q12026-011,Aqua x Wuthering Heights Collection,Aqua,Wuthering Heights / Warner Bros. Discovery,"AQUA x ""Wuthering Heights"" Mesh Floral Maxi Skirt - Exclusive",apparel,SKIRT,88,USD,https://www.bloomingdales.com/shop/product/aqua-mesh-floral-maxi-skirt-exclusive?ID=5828527,https://www.bloomingdales.com/c/editorial/carousel/aqua-wuthering-heights/,official_or_retail,https://images.bloomingdalesassets.com/is/image/BLM/products/6/optimized/15473346_fpx.tif?$2014_BROWSE_FASHION$,Bloomingdale's / Aqua / Warner Bros. Discovery,Bloomingdale's 59th Street Carousel; Bloomingdale's stores; online,United States,verified_product,"Extracted from Bloomingdale's official editorial carousel product IDs via /xapi/discover/v1/product. Product detail pages may block automated fetch, but the official XAPI returned product name, product URL, image and pricing data where available. Preserved from verified official SKP cache after current fetch did not reproduce the row. Preserved from verified official SKP cache after current fetch did not reproduce the row. Preserved from verified official SKP cache after current fetch did not reproduce the row. Preserved from verified official SKP cache after current fetch did not reproduce the row.",2026-05-31
Q12026-011-SKP-014,Q12026-011,Aqua x Wuthering Heights Collection,Aqua,Wuthering Heights / Warner Bros. Discovery,"AQUA x ""Wuthering Heights"" Rose Skull Tee - Exclusive",apparel,TEES,58,USD,https://www.bloomingdales.com/shop/product/aqua-x-wuthering-heights-rose-skull-tee-exclusive?ID=5826772,https://www.bloomingdales.com/c/editorial/carousel/aqua-wuthering-heights/,official_or_retail,https://images.bloomingdalesassets.com/is/image/BLM/products/8/optimized/15473288_fpx.tif?$2014_BROWSE_FASHION$,Bloomingdale's / Aqua / Warner Bros. Discovery,Bloomingdale's 59th Street Carousel; Bloomingdale's stores; online,United States,verified_product,"Extracted from Bloomingdale's official editorial carousel product IDs via /xapi/discover/v1/product. Product detail pages may block automated fetch, but the official XAPI returned product name, product URL, image and pricing data where available. Preserved from verified official SKP cache after current fetch did not reproduce the row. Preserved from verified official SKP cache after current fetch did not reproduce the row. Preserved from verified official SKP cache after current fetch did not reproduce the row. Preserved from verified official SKP cache after current fetch did not reproduce the row.",2026-05-31
Q12026-011-SKP-015,Q12026-011,Aqua x Wuthering Heights Collection,Aqua,Wuthering Heights / Warner Bros. Discovery,"AQUA x ""Wuthering Heights"" Pink Stone Earrings - Exclusive",accessories,EARRINGS,,USD,https://www.bloomingdales.com/shop/product/aqua-x-wuthering-heights-earrings?ID=5903938,https://www.bloomingdales.com/c/editorial/carousel/aqua-wuthering-heights/,official_or_retail,https://images.bloomingdalesassets.com/is/image/BLM/products/0/optimized/15517420_fpx.tif?$2014_BROWSE_FASHION$,Bloomingdale's / Aqua / Warner Bros. Discovery,Bloomingdale's 59th Street Carousel; Bloomingdale's stores; online,United States,verified_product,"Extracted from Bloomingdale's official editorial carousel product IDs via /xapi/discover/v1/product. Product detail pages may block automated fetch, but the official XAPI returned product name, product URL, image and pricing data where available. Preserved from verified official SKP cache after current fetch did not reproduce the row. Preserved from verified official SKP cache after current fetch did not reproduce the row. Preserved from verified official SKP cache after current fetch did not reproduce the row. Preserved from verified official SKP cache after current fetch did not reproduce the row.",2026-05-31
Q12026-011-SKP-016,Q12026-011,Aqua x Wuthering Heights Collection,Aqua,Wuthering Heights / Warner Bros. Discovery,"AQUA x ""Wuthering Heights"" Strapless Smocked Back Dress - Exclusive",apparel,DRESS,168,USD,https://www.bloomingdales.com/shop/product/aqua-x-wuthering-heights-strapless-smocked-back-dress-exclusive?ID=5828518,https://www.bloomingdales.com/c/editorial/carousel/aqua-wuthering-heights/,official_or_retail,https://images.bloomingdalesassets.com/is/image/BLM/products/6/optimized/15473376_fpx.tif?$2014_BROWSE_FASHION$,Bloomingdale's / Aqua / Warner Bros. Discovery,Bloomingdale's 59th Street Carousel; Bloomingdale's stores; online,United States,verified_product,"Extracted from Bloomingdale's official editorial carousel product IDs via /xapi/discover/v1/product. Product detail pages may block automated fetch, but the official XAPI returned product name, product URL, image and pricing data where available. Preserved from verified official SKP cache after current fetch did not reproduce the row. Preserved from verified official SKP cache after current fetch did not reproduce the row. Preserved from verified official SKP cache after current fetch did not reproduce the row. Preserved from verified official SKP cache after current fetch did not reproduce the row.",2026-05-31
Q12026-011-SKP-017,Q12026-011,Aqua x Wuthering Heights Collection,Aqua,Wuthering Heights / Warner Bros. Discovery,"AQUA x ""Wuthering Heights"" Sweetheart Neck Long Sleeve Top - Exclusive",apparel,TOP,78,USD,https://www.bloomingdales.com/shop/product/aqua-sweetheart-neck-long-sleeve-top-exclusive?ID=5828514,https://www.bloomingdales.com/c/editorial/carousel/aqua-wuthering-heights/,official_or_retail,https://images.bloomingdalesassets.com/is/image/BLM/products/9/optimized/15473359_fpx.tif?$2014_BROWSE_FASHION$,Bloomingdale's / Aqua / Warner Bros. Discovery,Bloomingdale's 59th Street Carousel; Bloomingdale's stores; online,United States,verified_product,"Extracted from Bloomingdale's official editorial carousel product IDs via /xapi/discover/v1/product. Product detail pages may block automated fetch, but the official XAPI returned product name, product URL, image and pricing data where available. Preserved from verified official SKP cache after current fetch did not reproduce the row. Preserved from verified official SKP cache after current fetch did not reproduce the row. Preserved from verified official SKP cache after current fetch did not reproduce the row. Preserved from verified official SKP cache after current fetch did not reproduce the row.",2026-05-31
Q12026-011-SKP-018,Q12026-011,Aqua x Wuthering Heights Collection,Aqua,Wuthering Heights / Warner Bros. Discovery,"AQUA x ""Wuthering Heights"" Embroidered Gingham Dress - Exclusive",apparel,DRESS,148,USD,https://www.bloomingdales.com/shop/product/aqua-x-wuthering-heights-embroidered-gingham-dress-exclusive?ID=5828521,https://www.bloomingdales.com/c/editorial/carousel/aqua-wuthering-heights/,official_or_retail,https://images.bloomingdalesassets.com/is/image/BLM/products/0/optimized/15511240_fpx.tif?$2014_BROWSE_FASHION$,Bloomingdale's / Aqua / Warner Bros. Discovery,Bloomingdale's 59th Street Carousel; Bloomingdale's stores; online,United States,verified_product,"Extracted from Bloomingdale's official editorial carousel product IDs via /xapi/discover/v1/product. Product detail pages may block automated fetch, but the official XAPI returned product name, product URL, image and pricing data where available. Preserved from verified official SKP cache after current fetch did not reproduce the row. Preserved from verified official SKP cache after current fetch did not reproduce the row. Preserved from verified official SKP cache after current fetch did not reproduce the row. Preserved from verified official SKP cache after current fetch did not reproduce the row.",2026-05-31
Q12026-011-SKP-019,Q12026-011,Aqua x Wuthering Heights Collection,Aqua,Wuthering Heights / Warner Bros. Discovery,"AQUA x ""Wuthering Heights"" Cable Knit Ribbon Weave Sweater - Exclusive",apparel,SWEATER,88,USD,https://www.bloomingdales.com/shop/product/aqua-cable-knit-ribbon-weave-sweater-exclusive?ID=5828529,https://www.bloomingdales.com/c/editorial/carousel/aqua-wuthering-heights/,official_or_retail,https://images.bloomingdalesassets.com/is/image/BLM/products/8/optimized/15473308_fpx.tif?$2014_BROWSE_FASHION$,Bloomingdale's / Aqua / Warner Bros. Discovery,Bloomingdale's 59th Street Carousel; Bloomingdale's stores; online,United States,verified_product,"Extracted from Bloomingdale's official editorial carousel product IDs via /xapi/discover/v1/product. Product detail pages may block automated fetch, but the official XAPI returned product name, product URL, image and pricing data where available. Preserved from verified official SKP cache after current fetch did not reproduce the row. Preserved from verified official SKP cache after current fetch did not reproduce the row. Preserved from verified official SKP cache after current fetch did not reproduce the row. Preserved from verified official SKP cache after current fetch did not reproduce the row.",2026-05-31
Q12026-011-SKP-020,Q12026-011,Aqua x Wuthering Heights Collection,Aqua,Wuthering Heights / Warner Bros. Discovery,"AQUA x ""Wuthering Heights"" Cherub Crewneck Sweatshirt - Exclusive",apparel,SWEATSHIRTS,88,USD,https://www.bloomingdales.com/shop/product/aqua-x-wuthering-heights-cherub-crewneck-sweatshirt-exclusive?ID=5826773,https://www.bloomingdales.com/c/editorial/carousel/aqua-wuthering-heights/,official_or_retail,https://images.bloomingdalesassets.com/is/image/BLM/products/2/optimized/15473292_fpx.tif?$2014_BROWSE_FASHION$,Bloomingdale's / Aqua / Warner Bros. Discovery,Bloomingdale's 59th Street Carousel; Bloomingdale's stores; online,United States,verified_product,"Extracted from Bloomingdale's official editorial carousel product IDs via /xapi/discover/v1/product. Product detail pages may block automated fetch, but the official XAPI returned product name, product URL, image and pricing data where available. Preserved from verified official SKP cache after current fetch did not reproduce the row. Preserved from verified official SKP cache after current fetch did not reproduce the row. Preserved from verified official SKP cache after current fetch did not reproduce the row. Preserved from verified official SKP cache after current fetch did not reproduce the row.",2026-05-31
Q12026-011-SKP-021,Q12026-011,Aqua x Wuthering Heights Collection,Aqua,Wuthering Heights / Warner Bros. Discovery,"AQUA x ""Wuthering Heights"" Bow Back Peasant Top - Exclusive",apparel,TOP,78,USD,https://www.bloomingdales.com/shop/product/aqua-bow-back-peasant-top-exclusive?ID=5828515,https://www.bloomingdales.com/c/editorial/carousel/aqua-wuthering-heights/,official_or_retail,https://images.bloomingdalesassets.com/is/image/BLM/products/3/optimized/15473363_fpx.tif?$2014_BROWSE_FASHION$,Bloomingdale's / Aqua / Warner Bros. Discovery,Bloomingdale's 59th Street Carousel; Bloomingdale's stores; online,United States,verified_product,"Extracted from Bloomingdale's official editorial carousel product IDs via /xapi/discover/v1/product. Product detail pages may block automated fetch, but the official XAPI returned product name, product URL, image and pricing data where available. Preserved from verified official SKP cache after current fetch did not reproduce the row. Preserved from verified official SKP cache after current fetch did not reproduce the row. Preserved from verified official SKP cache after current fetch did not reproduce the row. Preserved from verified official SKP cache after current fetch did not reproduce the row.",2026-05-31
Q12026-011-SKP-022,Q12026-011,Aqua x Wuthering Heights Collection,Aqua,Wuthering Heights / Warner Bros. Discovery,"AQUA x ""Wuthering Heights"" Ruffled Corset Gown - Exclusive",apparel,DRESS,,USD,https://www.bloomingdales.com/shop/product/aqua-ruffled-corset-gown-exclusive?ID=5828524,https://www.bloomingdales.com/c/editorial/carousel/aqua-wuthering-heights/,official_or_retail,https://images.bloomingdalesassets.com/is/image/BLM/products/6/optimized/15473336_fpx.tif?$2014_BROWSE_FASHION$,Bloomingdale's / Aqua / Warner Bros. Discovery,Bloomingdale's 59th Street Carousel; Bloomingdale's stores; online,United States,verified_product,"Extracted from Bloomingdale's official editorial carousel product IDs via /xapi/discover/v1/product. Product detail pages may block automated fetch, but the official XAPI returned product name, product URL, image and pricing data where available. Preserved from verified official SKP cache after current fetch did not reproduce the row. Preserved from verified official SKP cache after current fetch did not reproduce the row. Preserved from verified official SKP cache after current fetch did not reproduce the row. Preserved from verified official SKP cache after current fetch did not reproduce the row.",2026-05-31
Q12026-011-SKP-023,Q12026-011,Aqua x Wuthering Heights Collection,Aqua,Wuthering Heights / Warner Bros. Discovery,"AQUA x ""Wuthering Heights"" Strapless Draped Dress - Exclusive",apparel,DRESS,188,USD,https://www.bloomingdales.com/shop/product/aqua-strapless-draped-dress-exclusive?ID=5828519,https://www.bloomingdales.com/c/editorial/carousel/aqua-wuthering-heights/,official_or_retail,https://images.bloomingdalesassets.com/is/image/BLM/products/1/optimized/15473381_fpx.tif?$2014_BROWSE_FASHION$,Bloomingdale's / Aqua / Warner Bros. Discovery,Bloomingdale's 59th Street Carousel; Bloomingdale's stores; online,United States,verified_product,"Extracted from Bloomingdale's official editorial carousel product IDs via /xapi/discover/v1/product. Product detail pages may block automated fetch, but the official XAPI returned product name, product URL, image and pricing data where available. Preserved from verified official SKP cache after current fetch did not reproduce the row. Preserved from verified official SKP cache after current fetch did not reproduce the row. Preserved from verified official SKP cache after current fetch did not reproduce the row. Preserved from verified official SKP cache after current fetch did not reproduce the row.",2026-05-31
Q12026-012-SKP-001,Q12026-012,Kith Loyalty Exclusive Collection with ASICS and New Era,Kith,ASICS; New Era,Kith & Messi for adidas Football Short - Black,bottoms,bottoms,130,USD,https://kith.com/products/adkr0080,https://kith.com/products/ai1203b144-100-ph,official_or_retail,https://kith.com/cdn/shop/files/ADKR0080-Front.jpg?v=1779453523&width=2000,Kith / ASICS / New Era,Kith App made-to-order window,Kith Loyalty members; online app,verified_product,Missing-SKP official pass: product page returned 200 from official/retail domain; source candidate https://kith.com/products/ai1203b144-100-ph. Preserved from verified official SKP cache after current fetch did not reproduce the row. Preserved from verified official SKP cache after current fetch did not reproduce the row. Preserved from verified official SKP cache after current fetch did not reproduce the row. Preserved from verified official SKP cache after current fetch did not reproduce the row. Preserved from verified official SKP cache after current fetch did not reproduce the row. Preserved from verified official SKP cache after current fetch did not reproduce the row.,2026-05-31
Q12026-012-SKP-002,Q12026-012,Kith Loyalty Exclusive Collection with ASICS and New Era,Kith,ASICS; New Era,Kith & Messi for adidas Football Jersey Short - Chalk White,bottoms,bottoms,130,USD,https://kith.com/products/adkr2796,https://kith.com/products/ai1203b144-100-ph,official_or_retail,https://kith.com/cdn/shop/files/ADKR2796-Front.jpg?v=1779454325&width=2000,Kith / ASICS / New Era,Kith App made-to-order window,Kith Loyalty members; online app,verified_product,Missing-SKP official pass: product page returned 200 from official/retail domain; source candidate https://kith.com/products/ai1203b144-100-ph. Preserved from verified official SKP cache after current fetch did not reproduce the row. Preserved from verified official SKP cache after current fetch did not reproduce the row. Preserved from verified official SKP cache after current fetch did not reproduce the row. Preserved from verified official SKP cache after current fetch did not reproduce the row. Preserved from verified official SKP cache after current fetch did not reproduce the row. Preserved from verified official SKP cache after current fetch did not reproduce the row.,2026-05-31
Q12026-012-SKP-003,Q12026-012,Kith Loyalty Exclusive Collection with ASICS and New Era,Kith,ASICS; New Era,Kith & Messi for adidas Football Suiting Jacket - Black,outerwear,outerwear,395,USD,https://kith.com/products/adkr2712,https://kith.com/products/ai1203b144-100-ph,official_or_retail,https://kith.com/cdn/shop/files/ADKR2712-Front.jpg?v=1779457001&width=2000,Kith / ASICS / New Era,Kith App made-to-order window,Kith Loyalty members; online app,verified_product,Missing-SKP official pass: product page returned 200 from official/retail domain; source candidate https://kith.com/products/ai1203b144-100-ph. Preserved from verified official SKP cache after current fetch did not reproduce the row. Preserved from verified official SKP cache after current fetch did not reproduce the row. Preserved from verified official SKP cache after current fetch did not reproduce the row. Preserved from verified official SKP cache after current fetch did not reproduce the row. Preserved from verified official SKP cache after current fetch did not reproduce the row. Preserved from verified official SKP cache after current fetch did not reproduce the row.,2026-05-31
Q12026-012-SKP-004,Q12026-012,Kith Loyalty Exclusive Collection with ASICS and New Era,Kith,ASICS; New Era,Kith & New Era for the New York Yankees 59FIFTY Low Profile Fitted Cap - Navy,accessories,accessories,65,USD,https://kith.com/products/kh5936-102?_pos=2&_sid=f9c925b3d&_ss=r,https://kith.com/search?q=New+Era,official_or_retail,https://kith.com/cdn/shop/files/KH5936-102-Front.jpg?v=1747236549&width=2000,Kith / ASICS / New Era,Kith App made-to-order window,Kith Loyalty members; online app,verified_product,Missing-SKP official pass: product page returned 200 from official/retail domain; source candidate https://kith.com/search?q=New+Era. Preserved from verified official SKP cache after current fetch did not reproduce the row. Preserved from verified official SKP cache after current fetch did not reproduce the row. Preserved from verified official SKP cache after current fetch did not reproduce the row. Preserved from verified official SKP cache after current fetch did not reproduce the row. Preserved from verified official SKP cache after current fetch did not reproduce the row. Preserved from verified official SKP cache after current fetch did not reproduce the row.,2026-05-31
Q12026-012-SKP-005,Q12026-012,Kith Loyalty Exclusive Collection with ASICS and New Era,Kith,ASICS; New Era,Kith & New Era for the New York Knicks 59FIFTY Low Profile Fitted Cap - Royal,accessories,accessories,75,USD,https://kith.com/products/khm051281-451?_pos=3&_sid=f9c925b3d&_ss=r,https://kith.com/search?q=New+Era,official_or_retail,https://kith.com/cdn/shop/files/KHM051281-451-Front.jpg?v=1762458621&width=2000,Kith / ASICS / New Era,Kith App made-to-order window,Kith Loyalty members; online app,verified_product,Missing-SKP official pass: product page returned 200 from official/retail domain; source candidate https://kith.com/search?q=New+Era. Preserved from verified official SKP cache after current fetch did not reproduce the row. Preserved from verified official SKP cache after current fetch did not reproduce the row. Preserved from verified official SKP cache after current fetch did not reproduce the row. Preserved from verified official SKP cache after current fetch did not reproduce the row. Preserved from verified official SKP cache after current fetch did not reproduce the row. Preserved from verified official SKP cache after current fetch did not reproduce the row.,2026-05-31
Q12026-012-SKP-006,Q12026-012,Kith Loyalty Exclusive Collection with ASICS and New Era,Kith,ASICS; New Era,Kith & New Era for the New York Knicks 59FIFTY Low Profile Fitted Cap - Nocturnal,accessories,accessories,75,USD,https://kith.com/products/khm051282-413,https://kith.com/search?q=New+Era,official_or_retail,https://kith.com/cdn/shop/files/KHM051282-413-Front.jpg?v=1762458632&width=2000,Kith / ASICS / New Era,Kith App made-to-order window,Kith Loyalty members; online app,verified_product,Missing-SKP official pass: product page returned 200 from official/retail domain; source candidate https://kith.com/search?q=New+Era. Preserved from verified official SKP cache after current fetch did not reproduce the row. Preserved from verified official SKP cache after current fetch did not reproduce the row. Preserved from verified official SKP cache after current fetch did not reproduce the row. Preserved from verified official SKP cache after current fetch did not reproduce the row. Preserved from verified official SKP cache after current fetch did not reproduce the row. Preserved from verified official SKP cache after current fetch did not reproduce the row.,2026-05-31
Q12026-012-SKP-007,Q12026-012,Kith Loyalty Exclusive Collection with ASICS and New Era,Kith,ASICS; New Era,Kith & New Era for the New York Knicks Logo 59FIFTY Low Profile Fitted Cap - Black,accessories,accessories,75,USD,https://kith.com/products/khm050847-001?_pos=5&_sid=f9c925b3d&_ss=r,https://kith.com/search?q=New+Era,official_or_retail,https://kith.com/cdn/shop/files/KHM050847-001-Front_048061f2-7e02-405f-9a7e-2dc6a619c5eb.jpg?v=1775848882&width=2000,Kith / ASICS / New Era,Kith App made-to-order window,Kith Loyalty members; online app,verified_product,Missing-SKP official pass: product page returned 200 from official/retail domain; source candidate https://kith.com/search?q=New+Era. Preserved from verified official SKP cache after current fetch did not reproduce the row. Preserved from verified official SKP cache after current fetch did not reproduce the row. Preserved from verified official SKP cache after current fetch did not reproduce the row. Preserved from verified official SKP cache after current fetch did not reproduce the row. Preserved from verified official SKP cache after current fetch did not reproduce the row. Preserved from verified official SKP cache after current fetch did not reproduce the row.,2026-05-31
Q12026-012-SKP-008,Q12026-012,Kith Loyalty Exclusive Collection with ASICS and New Era,Kith,ASICS; New Era,Kith & New Era for the New York Knicks Chenille 59FIFTY Low Profile Fitted Cap - Nocturnal,accessories,accessories,75,USD,https://kith.com/products/khm051283-413?_pos=6&_sid=f9c925b3d&_ss=r,https://kith.com/search?q=New+Era,official_or_retail,https://kith.com/cdn/shop/files/KHM051283-413-Front.jpg?v=1762458634&width=2000,Kith / ASICS / New Era,Kith App made-to-order window,Kith Loyalty members; online app,verified_product,Missing-SKP official pass: product page returned 200 from official/retail domain; source candidate https://kith.com/search?q=New+Era. Preserved from verified official SKP cache after current fetch did not reproduce the row. Preserved from verified official SKP cache after current fetch did not reproduce the row. Preserved from verified official SKP cache after current fetch did not reproduce the row. Preserved from verified official SKP cache after current fetch did not reproduce the row. Preserved from verified official SKP cache after current fetch did not reproduce the row. Preserved from verified official SKP cache after current fetch did not reproduce the row.,2026-05-31
Q12026-012-SKP-009,Q12026-012,Kith Loyalty Exclusive Collection with ASICS and New Era,Kith,ASICS; New Era,Kith & New Era for the New York Knicks Chenille 59FIFTY Low Profile Fitted Cap - Royal,accessories,accessories,75,USD,https://kith.com/products/khm051283-451,https://kith.com/search?q=New+Era,official_or_retail,https://kith.com/cdn/shop/files/KHM051283-451-Front.jpg?v=1762458647&width=2000,Kith / ASICS / New Era,Kith App made-to-order window,Kith Loyalty members; online app,verified_product,Missing-SKP official pass: product page returned 200 from official/retail domain; source candidate https://kith.com/search?q=New+Era. Preserved from verified official SKP cache after current fetch did not reproduce the row. Preserved from verified official SKP cache after current fetch did not reproduce the row. Preserved from verified official SKP cache after current fetch did not reproduce the row. Preserved from verified official SKP cache after current fetch did not reproduce the row. Preserved from verified official SKP cache after current fetch did not reproduce the row. Preserved from verified official SKP cache after current fetch did not reproduce the row.,2026-05-31
Q12026-012-SKP-010,Q12026-012,Kith Loyalty Exclusive Collection with ASICS and New Era,Kith,ASICS; New Era,Kith & New Era for the New York Mets Low Profile Fitted Cap - Royal,accessories,accessories,65,USD,https://kith.com/products/khm050207-451?_pos=8&_sid=f9c925b3d&_ss=r,https://kith.com/search?q=New+Era,official_or_retail,https://kith.com/cdn/shop/files/KHM050207-451-Front.jpg?v=1747235115&width=2000,Kith / ASICS / New Era,Kith App made-to-order window,Kith Loyalty members; online app,verified_product,Missing-SKP official pass: product page returned 200 from official/retail domain; source candidate https://kith.com/search?q=New+Era. Preserved from verified official SKP cache after current fetch did not reproduce the row. Preserved from verified official SKP cache after current fetch did not reproduce the row. Preserved from verified official SKP cache after current fetch did not reproduce the row. Preserved from verified official SKP cache after current fetch did not reproduce the row. Preserved from verified official SKP cache after current fetch did not reproduce the row. Preserved from verified official SKP cache after current fetch did not reproduce the row.,2026-05-31
Q12026-012-SKP-011,Q12026-012,Kith Loyalty Exclusive Collection with ASICS and New Era,Kith,ASICS; New Era,Kith & New Era for the New York Mets Low Profile Fitted Cap - Stadium,accessories,accessories,65,USD,https://kith.com/products/khm050207-302,https://kith.com/search?q=New+Era,official_or_retail,https://kith.com/cdn/shop/files/KHM050207-302-Front.jpg?v=1747236532&width=2000,Kith / ASICS / New Era,Kith App made-to-order window,Kith Loyalty members; online app,verified_product,Missing-SKP official pass: product page returned 200 from official/retail domain; source candidate https://kith.com/search?q=New+Era. Preserved from verified official SKP cache after current fetch did not reproduce the row. Preserved from verified official SKP cache after current fetch did not reproduce the row. Preserved from verified official SKP cache after current fetch did not reproduce the row. Preserved from verified official SKP cache after current fetch did not reproduce the row. Preserved from verified official SKP cache after current fetch did not reproduce the row. Preserved from verified official SKP cache after current fetch did not reproduce the row.,2026-05-31
Q12026-012-SKP-012,Q12026-012,Kith Loyalty Exclusive Collection with ASICS and New Era,Kith,ASICS; New Era,Kith & New Era for the New York Yankees 59FIFTY Low Profile Cap - Black,accessories,accessories,65,USD,https://kith.com/products/kh5936-100?_pos=9&_sid=f9c925b3d&_ss=r,https://kith.com/search?q=New+Era,official_or_retail,https://kith.com/cdn/shop/files/KH5936-100-Front.jpg?v=1747236552&width=2000,Kith / ASICS / New Era,Kith App made-to-order window,Kith Loyalty members; online app,verified_product,Missing-SKP official pass: product page returned 200 from official/retail domain; source candidate https://kith.com/search?q=New+Era. Preserved from verified official SKP cache after current fetch did not reproduce the row. Preserved from verified official SKP cache after current fetch did not reproduce the row. Preserved from verified official SKP cache after current fetch did not reproduce the row. Preserved from verified official SKP cache after current fetch did not reproduce the row. Preserved from verified official SKP cache after current fetch did not reproduce the row. Preserved from verified official SKP cache after current fetch did not reproduce the row.,2026-05-31
Q12026-012-SKP-013,Q12026-012,Kith Loyalty Exclusive Collection with ASICS and New Era,Kith,ASICS; New Era,Kith & New Era for the New York Yankees Cupro Linen 59FIFTY Low Profile Fitted Cap - Home,accessories,accessories,,,https://kith.com/products/khm050613-975,https://kith.com/search?q=New+Era,official_or_retail,https://firebasestorage.googleapis.com/v0/b/other-product-swatches.appspot.com/o/kithnyc.myshopify.com%2Fswatches%2F8282779615360.PNG?alt=media&token=a3fc1dd7-9b74-4483-8e7c-e82bbdbd1aa2,Kith / ASICS / New Era,Kith App made-to-order window,Kith Loyalty members; online app,verified_product,Missing-SKP official pass: product page returned 200 from official/retail domain; source candidate https://kith.com/search?q=New+Era. Preserved from verified official SKP cache after current fetch did not reproduce the row. Preserved from verified official SKP cache after current fetch did not reproduce the row. Preserved from verified official SKP cache after current fetch did not reproduce the row. Preserved from verified official SKP cache after current fetch did not reproduce the row. Preserved from verified official SKP cache after current fetch did not reproduce the row. Preserved from verified official SKP cache after current fetch did not reproduce the row.,2026-05-31
Q12026-012-SKP-014,Q12026-012,Kith Loyalty Exclusive Collection with ASICS and New Era,Kith,ASICS; New Era,Kith & New Era for the New York Knicks Playoffs Premium Wool 59Fifty Low Profile Cap - Black,accessories,accessories,65,USD,https://kith.com/products/khm051533-001?_pos=10&_sid=f9c925b3d&_ss=r,https://kith.com/search?q=New+Era,official_or_retail,https://kith.com/cdn/shop/files/KHM051533-001-Front.jpg?v=1775572778&width=2000,Kith / ASICS / New Era,Kith App made-to-order window,Kith Loyalty members; online app,verified_product,Missing-SKP official pass: product page returned 200 from official/retail domain; source candidate https://kith.com/search?q=New+Era. Preserved from verified official SKP cache after current fetch did not reproduce the row. Preserved from verified official SKP cache after current fetch did not reproduce the row. Preserved from verified official SKP cache after current fetch did not reproduce the row. Preserved from verified official SKP cache after current fetch did not reproduce the row. Preserved from verified official SKP cache after current fetch did not reproduce the row. Preserved from verified official SKP cache after current fetch did not reproduce the row.,2026-05-31
Q12026-012-SKP-015,Q12026-012,Kith Loyalty Exclusive Collection with ASICS and New Era,Kith,ASICS; New Era,Kith & New Era for the New York Yankees Midweight Double Weave 59FIFTY Low Profile Fitted Cap - Nocturnal,accessories,accessories,75,USD,https://kith.com/products/khm051385-413?_pos=11&_sid=f9c925b3d&_ss=r,https://kith.com/search?q=New+Era,official_or_retail,https://kith.com/cdn/shop/files/KHM051385-413-Front.jpg?v=1769790782&width=2000,Kith / ASICS / New Era,Kith App made-to-order window,Kith Loyalty members; online app,verified_product,Missing-SKP official pass: product page returned 200 from official/retail domain; source candidate https://kith.com/search?q=New+Era. Preserved from verified official SKP cache after current fetch did not reproduce the row. Preserved from verified official SKP cache after current fetch did not reproduce the row. Preserved from verified official SKP cache after current fetch did not reproduce the row. Preserved from verified official SKP cache after current fetch did not reproduce the row. Preserved from verified official SKP cache after current fetch did not reproduce the row. Preserved from verified official SKP cache after current fetch did not reproduce the row.,2026-05-31
Q12026-012-SKP-016,Q12026-012,Kith Loyalty Exclusive Collection with ASICS and New Era,Kith,ASICS; New Era,Kith & New Era for the New York Yankees Midweight Double Weave 59FIFTY Low Profile Fitted Cap - Court,accessories,accessories,75,USD,https://kith.com/products/khm051385-307,https://kith.com/search?q=New+Era,official_or_retail,https://kith.com/cdn/shop/files/KHM051385-307-Front.jpg?v=1769790782&width=2000,Kith / ASICS / New Era,Kith App made-to-order window,Kith Loyalty members; online app,verified_product,Missing-SKP official pass: product page returned 200 from official/retail domain; source candidate https://kith.com/search?q=New+Era. Preserved from verified official SKP cache after current fetch did not reproduce the row. Preserved from verified official SKP cache after current fetch did not reproduce the row. Preserved from verified official SKP cache after current fetch did not reproduce the row. Preserved from verified official SKP cache after current fetch did not reproduce the row. Preserved from verified official SKP cache after current fetch did not reproduce the row. Preserved from verified official SKP cache after current fetch did not reproduce the row.,2026-05-31
Q12026-013-SKP-001,Q12026-013,Solebox x BAPE STA Tokyo Lights,Solebox,A Bathing Ape (BAPE),Solebox x BAPE STA Tokyo Lights,footwear,footwear,,,,https://selectabisso.com/en/solebox-x-bape-sta-tokyo-lights-une-exclusivite-parisienne-entre-heritage-et-eclat-nocturne/,seeded_source_extract,,Solebox / BAPE,Solebox Paris,Paris exclusive,press_listed,Selectabisso source identifies the BAPE STA Tokyo Lights footwear drop.,2026-05-31
Q12026-013-SKP-002,Q12026-013,Solebox x BAPE STA Tokyo Lights,Solebox,A Bathing Ape (BAPE),Solebox x BAPE Sta “Tokyo Lights”: a Parisian exclusive blending heritage and nocturnal brilliance,footwear,footwear,,,,https://selectabisso.com/en/solebox-x-bape-sta-tokyo-lights-une-exclusivite-parisienne-entre-heritage-et-eclat-nocturne/,release_media,,Solebox / BAPE,Solebox Paris,Paris exclusive,press_listed,Extracted from product-like heading near A/B context.,2026-05-31
Q12026-014-SKP-001,Q12026-014,Anti Social Social Club x NFL Super Bowl Collection,Anti Social Social Club,National Football League (NFL),NFL PVL Hoodie,apparel,Hoodies,83.30,USD,https://www.antisocialsocialclub.com/products/nfl-pvl-hoodie?_pos=1&_psq=nfl&_ss=e&_v=1.0,https://www.antisocialsocialclub.com/search/suggest.json?q=nfl&resources[type]=product&resources[limit]=20,official_shopify_search,https://cdn.shopify.com/s/files/1/1246/0173/files/ASSC_NFL_010.jpg?v=1764129838,Anti Social Social Club / NFL,https://www.antisocialsocialclub.com,United States; online,verified_product,"Extracted from Shopify product search for ""nfl"".",2026-05-31
Q12026-017-SKP-001,Q12026-017,Just Don x BAPE Collection,A Bathing Ape (BAPE),Just Don / Don C,BAPE X JUST DON MILO RELAXED FIT BASKETBALL SHORTS MENS,apparel,PANTS,335.00,USD,https://us.bape.com/products/1m23-153-901?_pos=2&_psq=just+don&_ss=e&_v=1.0,https://us.bape.com/search/suggest.json?q=just%20don&resources[type]=product&resources[limit]=20,official_shopify_search,https://cdn.shopify.com/s/files/1/0214/3706/files/001SPM231901_NVY_A.jpg?v=1770839956,BAPE / Just Don,https://us.bape.com,United States,verified_product,"Extracted from Shopify product search for ""just don"".",2026-05-31
Q12026-017-SKP-002,Q12026-017,Just Don x BAPE Collection,A Bathing Ape (BAPE),Just Don / Don C,BAPE X JUST DON COLOR CAMO APE HEAD RELAXED FIT TEE MENS,apparel,T-SHIRTS,155.00,USD,https://us.bape.com/products/1m23-110-903?_pos=3&_psq=just+don&_ss=e&_v=1.0,https://us.bape.com/search/suggest.json?q=just%20don&resources[type]=product&resources[limit]=20,official_shopify_search,https://cdn.shopify.com/s/files/1/0214/3706/files/001TEM231903_WHT_A.jpg?v=1770840461,BAPE / Just Don,https://us.bape.com,United States,verified_product,"Extracted from Shopify product search for ""just don"".",2026-05-31
Q12026-017-SKP-003,Q12026-017,Just Don x BAPE Collection,A Bathing Ape (BAPE),Just Don / Don C,BAPE X JUST DON MILO RELAXED FIT PULLOVER HOODIE MENS,apparel,CUT AND SEWN,415.00,USD,https://us.bape.com/products/2m23-114-901?_pos=4&_psq=just+don&_ss=e&_v=1.0,https://us.bape.com/search/suggest.json?q=just%20don&resources[type]=product&resources[limit]=20,official_shopify_search,https://cdn.shopify.com/s/files/1/0214/3706/files/002PPM231901_NVY_A.jpg?v=1770839755,BAPE / Just Don,https://us.bape.com,United States,verified_product,"Extracted from Shopify product search for ""just don"".",2026-05-31
Q12026-017-SKP-004,Q12026-017,Just Don x BAPE Collection,A Bathing Ape (BAPE),Just Don / Don C,BAPE X JUST DON COLOR CAMO APE HEAD RELAXED FIT TEE MENS,apparel,T-SHIRTS,155.00,USD,https://us.bape.com/products/1m23-110-903?_pos=5&_psq=just+don&_ss=e&_v=1.0,https://us.bape.com/search/suggest.json?q=just%20don&resources[type]=product&resources[limit]=20,official_shopify_search,https://cdn.shopify.com/s/files/1/0214/3706/files/001TEM231903_WHT_A.jpg?v=1770840461,BAPE / Just Don,https://us.bape.com,United States,verified_product,"Extracted from Shopify product search for ""just don"". Preserved from verified official SKP cache after current fetch did not reproduce the row. Preserved from verified official SKP cache after current fetch did not reproduce the row. Preserved from verified official SKP cache after current fetch did not reproduce the row. Preserved from verified official SKP cache after current fetch did not reproduce the row. Preserved from verified official SKP cache after current fetch did not reproduce the row. Preserved from verified official SKP cache after current fetch did not reproduce the row.",2026-05-31
Q12026-017-SKP-005,Q12026-017,Just Don x BAPE Collection,A Bathing Ape (BAPE),Just Don / Don C,BAPE X JUST DON LOGO BASEBALL RELAXED FIT SHIRT MENS,apparel,SHIRTS,335.00,USD,https://us.bape.com/products/1m23-132-901?_pos=6&_psq=just+don&_ss=e&_v=1.0,https://us.bape.com/search/suggest.json?q=just%20don&resources[type]=product&resources[limit]=20,official_shopify_search,https://cdn.shopify.com/s/files/1/0214/3706/files/001SRM231901_NVY_A.jpg?v=1770840429,BAPE / Just Don,https://us.bape.com,United States,verified_product,"Extracted from Shopify product search for ""just don"". Preserved from verified official SKP cache after current fetch did not reproduce the row. Preserved from verified official SKP cache after current fetch did not reproduce the row. Preserved from verified official SKP cache after current fetch did not reproduce the row. Preserved from verified official SKP cache after current fetch did not reproduce the row. Preserved from verified official SKP cache after current fetch did not reproduce the row. Preserved from verified official SKP cache after current fetch did not reproduce the row.",2026-05-31
Q12026-017-SKP-006,Q12026-017,Just Don x BAPE Collection,A Bathing Ape (BAPE),Just Don / Don C,BAPE X JUST DON COLOR CAMO STA RELAXED FIT TRACK PANTS MENS,apparel,PANTS,379.00,USD,https://us.bape.com/products/1m23-152-902?_pos=9&_psq=just+don&_ss=e&_v=1.0,https://us.bape.com/search/suggest.json?q=just%20don&resources[type]=product&resources[limit]=20,official_shopify_search,https://cdn.shopify.com/s/files/1/0214/3706/files/001PTM231902_NVY_A.jpg?v=1770839985,BAPE / Just Don,https://us.bape.com,United States,verified_product,"Extracted from Shopify product search for ""just don"". Preserved from verified official SKP cache after current fetch did not reproduce the row. Preserved from verified official SKP cache after current fetch did not reproduce the row. Preserved from verified official SKP cache after current fetch did not reproduce the row. Preserved from verified official SKP cache after current fetch did not reproduce the row. Preserved from verified official SKP cache after current fetch did not reproduce the row. Preserved from verified official SKP cache after current fetch did not reproduce the row.",2026-05-31
Q12026-018-SKP-001,Q12026-018,Fast & Furious x PUMA Basketball Collection,PUMA,Fast & Furious / Universal Pictures,Fast & Furious x PUMA Basketball Sneakers,footwear,footwear,,,,https://www.licensingmagazine.com/2026/02/02/puma-basketball-launches-fast-furious-sneakers/,seeded_source_extract,,PUMA / Universal Pictures,PUMA.com; PUMA flagship stores; Foot Locker; Shoe Palace; select retailers,United States; selected retail,press_listed,Licensing Magazine source identifies the PUMA Basketball Fast & Furious sneaker launch.,2026-05-31
Q12026-020-SKP-001,Q12026-020,sacai x Carhartt WIP Spring/Summer 2026,sacai,Carhartt WIP,sacai x Carhartt WIP Duck Pants,apparel,apparel,565,GBP,https://www.carhartt-wip.com/en-gb/p/sacai-x-carhartt-wip-duck-pants-sacai-blue-129,https://www.carhartt-wip.com/en-gb/e/sacai-x-carhartt-wip-spring-summer-2026,official_or_retail,https://cdn.media.amplience.net/i/carhartt_wip/I037464_40U_XX-ST-01?$google_struc_main_st$,sacai / Carhartt WIP,sacai stores; Carhartt WIP online; select global retailers,global selected retail,verified_product,Missing-SKP official pass: product page returned 200 from official/retail domain; source candidate https://www.carhartt-wip.com/en-gb/e/sacai-x-carhartt-wip-spring-summer-2026. Preserved from verified official SKP cache after current fetch did not reproduce the row. Preserved from verified official SKP cache after current fetch did not reproduce the row. Preserved from verified official SKP cache after current fetch did not reproduce the row. Preserved from verified official SKP cache after current fetch did not reproduce the row. Preserved from verified official SKP cache after current fetch did not reproduce the row. Preserved from verified official SKP cache after current fetch did not reproduce the row.,2026-05-31
Q12026-020-SKP-002,Q12026-020,sacai x Carhartt WIP Spring/Summer 2026,sacai,Carhartt WIP,sacai x Carhartt WIP Suiting x Duck Jacket,outerwear,outerwear,1165,GBP,https://www.carhartt-wip.com/en-gb/p/sacai-x-carhartt-wip-suiting-x-duck-jacket-sacai-blue-145,https://www.carhartt-wip.com/en-gb/e/sacai-x-carhartt-wip-spring-summer-2026,official_or_retail,https://cdn.media.amplience.net/i/carhartt_wip/I037460_40U_XX-ST-01?$google_struc_main_st$,sacai / Carhartt WIP,sacai stores; Carhartt WIP online; select global retailers,global selected retail,verified_product,Missing-SKP official pass: product page returned 200 from official/retail domain; source candidate https://www.carhartt-wip.com/en-gb/e/sacai-x-carhartt-wip-spring-summer-2026. Preserved from verified official SKP cache after current fetch did not reproduce the row. Preserved from verified official SKP cache after current fetch did not reproduce the row. Preserved from verified official SKP cache after current fetch did not reproduce the row. Preserved from verified official SKP cache after current fetch did not reproduce the row. Preserved from verified official SKP cache after current fetch did not reproduce the row. Preserved from verified official SKP cache after current fetch did not reproduce the row.,2026-05-31
Q12026-020-SKP-003,Q12026-020,sacai x Carhartt WIP Spring/Summer 2026,sacai,Carhartt WIP,sacai x Carhartt WIP Duck Shirt,apparel,apparel,670,GBP,https://www.carhartt-wip.com/en-gb/p/sacai-x-carhartt-wip-duck-shirt-sacai-blue-133,https://www.carhartt-wip.com/en-gb/e/sacai-x-carhartt-wip-spring-summer-2026,official_or_retail,https://cdn.media.amplience.net/i/carhartt_wip/I037463_40U_XX-ST-01?$google_struc_main_st$,sacai / Carhartt WIP,sacai stores; Carhartt WIP online; select global retailers,global selected retail,verified_product,Missing-SKP official pass: product page returned 200 from official/retail domain; source candidate https://www.carhartt-wip.com/en-gb/e/sacai-x-carhartt-wip-spring-summer-2026. Preserved from verified official SKP cache after current fetch did not reproduce the row. Preserved from verified official SKP cache after current fetch did not reproduce the row. Preserved from verified official SKP cache after current fetch did not reproduce the row. Preserved from verified official SKP cache after current fetch did not reproduce the row. Preserved from verified official SKP cache after current fetch did not reproduce the row. Preserved from verified official SKP cache after current fetch did not reproduce the row.,2026-05-31
Q12026-020-SKP-004,Q12026-020,sacai x Carhartt WIP Spring/Summer 2026,sacai,Carhartt WIP,sacai x Carhartt WIP Cotton Jersey T-Shirt,apparel,apparel,350,GBP,https://www.carhartt-wip.com/en-gb/p/sacai-x-carhartt-wip-cotton-jersey-t-shirt-sacai-blue-117,https://www.carhartt-wip.com/en-gb/e/sacai-x-carhartt-wip-spring-summer-2026,official_or_retail,https://cdn.media.amplience.net/i/carhartt_wip/I037468_40U_XX-ST-01?$google_struc_main_st$,sacai / Carhartt WIP,sacai stores; Carhartt WIP online; select global retailers,global selected retail,verified_product,Missing-SKP official pass: product page returned 200 from official/retail domain; source candidate https://www.carhartt-wip.com/en-gb/e/sacai-x-carhartt-wip-spring-summer-2026. Preserved from verified official SKP cache after current fetch did not reproduce the row. Preserved from verified official SKP cache after current fetch did not reproduce the row. Preserved from verified official SKP cache after current fetch did not reproduce the row. Preserved from verified official SKP cache after current fetch did not reproduce the row. Preserved from verified official SKP cache after current fetch did not reproduce the row. Preserved from verified official SKP cache after current fetch did not reproduce the row.,2026-05-31
Q12026-020-SKP-005,Q12026-020,sacai x Carhartt WIP Spring/Summer 2026,sacai,Carhartt WIP,sacai x Carhartt WIP Duck Coat,outerwear,outerwear,1210,GBP,https://www.carhartt-wip.com/en-gb/p/sacai-x-carhartt-wip-duck-coat-sacai-black-143,https://www.carhartt-wip.com/en-gb/e/sacai-x-carhartt-wip-spring-summer-2026,official_or_retail,https://cdn.media.amplience.net/i/carhartt_wip/I037461_1VR_XX-ST-01?$google_struc_main_st$,sacai / Carhartt WIP,sacai stores; Carhartt WIP online; select global retailers,global selected retail,verified_product,Missing-SKP official pass: product page returned 200 from official/retail domain; source candidate https://www.carhartt-wip.com/en-gb/e/sacai-x-carhartt-wip-spring-summer-2026. Preserved from verified official SKP cache after current fetch did not reproduce the row. Preserved from verified official SKP cache after current fetch did not reproduce the row. Preserved from verified official SKP cache after current fetch did not reproduce the row. Preserved from verified official SKP cache after current fetch did not reproduce the row. Preserved from verified official SKP cache after current fetch did not reproduce the row. Preserved from verified official SKP cache after current fetch did not reproduce the row.,2026-05-31
Q12026-021-SKP-001,Q12026-021,UNIQLO : C Spring/Summer 2026,UNIQLO,Clare Waight Keller,Wireless Bra,apparel,apparel,29.90,USD,https://www.uniqlo.com/us/en/products/E482661-000/00?colorDisplayCode=31,https://www.uniqlo.com/us/en/search?q=Clare%20Waight%20Keller,official_or_retail,https://image.uniqlo.com/UQ/ST3/us/imagesgoods/482661/item/usgoods_31_482661_3x4.jpg?width=250,UNIQLO,UNIQLO stores; UNIQLO online,global online; stores,verified_product,Missing-SKP official pass: product page returned 200 from official/retail domain; source candidate https://www.uniqlo.com/us/en/search?q=Clare%20Waight%20Keller. Preserved from verified official SKP cache after current fetch did not reproduce the row. Preserved from verified official SKP cache after current fetch did not reproduce the row. Preserved from verified official SKP cache after current fetch did not reproduce the row. Preserved from verified official SKP cache after current fetch did not reproduce the row. Preserved from verified official SKP cache after current fetch did not reproduce the row. Preserved from verified official SKP cache after current fetch did not reproduce the row.,2026-05-31
Q12026-021-SKP-002,Q12026-021,UNIQLO : C Spring/Summer 2026,UNIQLO,Clare Waight Keller,Barrel Pants,apparel,apparel,59.90,USD,https://www.uniqlo.com/us/en/products/E484875-000/00?colorDisplayCode=34,https://www.uniqlo.com/us/en/search?q=Clare%20Waight%20Keller,official_or_retail,https://image.uniqlo.com/UQ/ST3/us/imagesgoods/484875/item/usgoods_34_484875_3x4.jpg?width=250,UNIQLO,UNIQLO stores; UNIQLO online,global online; stores,verified_product,Missing-SKP official pass: product page returned 200 from official/retail domain; source candidate https://www.uniqlo.com/us/en/search?q=Clare%20Waight%20Keller. Preserved from verified official SKP cache after current fetch did not reproduce the row. Preserved from verified official SKP cache after current fetch did not reproduce the row. Preserved from verified official SKP cache after current fetch did not reproduce the row. Preserved from verified official SKP cache after current fetch did not reproduce the row. Preserved from verified official SKP cache after current fetch did not reproduce the row. Preserved from verified official SKP cache after current fetch did not reproduce the row.,2026-05-31
Q12026-021-SKP-003,Q12026-021,UNIQLO : C Spring/Summer 2026,UNIQLO,Clare Waight Keller,Drawstring Bag,bags,bags,39.90,USD,https://www.uniqlo.com/us/en/products/E483050-000/00?colorDisplayCode=09,https://www.uniqlo.com/us/en/search?q=Clare%20Waight%20Keller,official_or_retail,https://image.uniqlo.com/UQ/ST3/WesternCommon/imagesgoods/483050/item/goods_09_483050_3x4.jpg?width=250,UNIQLO,UNIQLO stores; UNIQLO online,global online; stores,verified_product,Missing-SKP official pass: product page returned 200 from official/retail domain; source candidate https://www.uniqlo.com/us/en/search?q=Clare%20Waight%20Keller. Preserved from verified official SKP cache after current fetch did not reproduce the row. Preserved from verified official SKP cache after current fetch did not reproduce the row. Preserved from verified official SKP cache after current fetch did not reproduce the row. Preserved from verified official SKP cache after current fetch did not reproduce the row. Preserved from verified official SKP cache after current fetch did not reproduce the row. Preserved from verified official SKP cache after current fetch did not reproduce the row.,2026-05-31
Q12026-021-SKP-004,Q12026-021,UNIQLO : C Spring/Summer 2026,UNIQLO,Clare Waight Keller,Sweat Oversized Full-Zip Hoodie,apparel,apparel,59.90,USD,https://www.uniqlo.com/us/en/products/E485735-000/00?colorDisplayCode=09,https://www.uniqlo.com/us/en/search?q=Clare%20Waight%20Keller,official_or_retail,https://image.uniqlo.com/UQ/ST3/us/imagesgoods/485735/item/usgoods_09_485735_3x4.jpg?width=250,UNIQLO,UNIQLO stores; UNIQLO online,global online; stores,verified_product,Missing-SKP official pass: product page returned 200 from official/retail domain; source candidate https://www.uniqlo.com/us/en/search?q=Clare%20Waight%20Keller. Preserved from verified official SKP cache after current fetch did not reproduce the row. Preserved from verified official SKP cache after current fetch did not reproduce the row. Preserved from verified official SKP cache after current fetch did not reproduce the row. Preserved from verified official SKP cache after current fetch did not reproduce the row. Preserved from verified official SKP cache after current fetch did not reproduce the row. Preserved from verified official SKP cache after current fetch did not reproduce the row.,2026-05-31
Q12026-021-SKP-005,Q12026-021,UNIQLO : C Spring/Summer 2026,UNIQLO,Clare Waight Keller,Boxy Knitted T-Shirt,apparel,apparel,39.90,USD,https://www.uniqlo.com/us/en/products/E482979-000/00?colorDisplayCode=38,https://www.uniqlo.com/us/en/search?q=Clare%20Waight%20Keller,official_or_retail,https://image.uniqlo.com/UQ/ST3/us/imagesgoods/482979/item/usgoods_38_482979_3x4.jpg?width=250,UNIQLO,UNIQLO stores; UNIQLO online,global online; stores,verified_product,Missing-SKP official pass: product page returned 200 from official/retail domain; source candidate https://www.uniqlo.com/us/en/search?q=Clare%20Waight%20Keller. Preserved from verified official SKP cache after current fetch did not reproduce the row. Preserved from verified official SKP cache after current fetch did not reproduce the row. Preserved from verified official SKP cache after current fetch did not reproduce the row. Preserved from verified official SKP cache after current fetch did not reproduce the row. Preserved from verified official SKP cache after current fetch did not reproduce the row. Preserved from verified official SKP cache after current fetch did not reproduce the row.,2026-05-31
Q12026-021-SKP-006,Q12026-021,UNIQLO : C Spring/Summer 2026,UNIQLO,Clare Waight Keller,Sweat Oversized Pullover Hoodie,apparel,apparel,49.90,USD,https://www.uniqlo.com/us/en/products/E471808-000/00?colorDisplayCode=03,https://www.uniqlo.com/us/en/search?q=Clare%20Waight%20Keller,official_or_retail,https://image.uniqlo.com/UQ/ST3/us/imagesgoods/471808/item/usgoods_03_471808_3x4.jpg?width=250,UNIQLO,UNIQLO stores; UNIQLO online,global online; stores,verified_product,Missing-SKP official pass: product page returned 200 from official/retail domain; source candidate https://www.uniqlo.com/us/en/search?q=Clare%20Waight%20Keller. Preserved from verified official SKP cache after current fetch did not reproduce the row. Preserved from verified official SKP cache after current fetch did not reproduce the row. Preserved from verified official SKP cache after current fetch did not reproduce the row. Preserved from verified official SKP cache after current fetch did not reproduce the row. Preserved from verified official SKP cache after current fetch did not reproduce the row. Preserved from verified official SKP cache after current fetch did not reproduce the row.,2026-05-31
Q12026-021-SKP-007,Q12026-021,UNIQLO : C Spring/Summer 2026,UNIQLO,Clare Waight Keller,Oversized Sweatshirt,apparel,apparel,49.90,USD,https://www.uniqlo.com/us/en/products/E481040-000/00?colorDisplayCode=31,https://www.uniqlo.com/us/en/search?q=Clare%20Waight%20Keller,official_or_retail,https://image.uniqlo.com/UQ/ST3/us/imagesgoods/481040/item/usgoods_31_481040_3x4.jpg?width=250,UNIQLO,UNIQLO stores; UNIQLO online,global online; stores,verified_product,Missing-SKP official pass: product page returned 200 from official/retail domain; source candidate https://www.uniqlo.com/us/en/search?q=Clare%20Waight%20Keller. Preserved from verified official SKP cache after current fetch did not reproduce the row. Preserved from verified official SKP cache after current fetch did not reproduce the row. Preserved from verified official SKP cache after current fetch did not reproduce the row. Preserved from verified official SKP cache after current fetch did not reproduce the row. Preserved from verified official SKP cache after current fetch did not reproduce the row. Preserved from verified official SKP cache after current fetch did not reproduce the row.,2026-05-31
Q12026-021-SKP-008,Q12026-021,UNIQLO : C Spring/Summer 2026,UNIQLO,Clare Waight Keller,HEATTECH Cashmere Blend T-Shirt,apparel,apparel,29.90,USD,https://www.uniqlo.com/us/en/products/E469765-000/00?colorDisplayCode=79,https://www.uniqlo.com/us/en/search?q=Clare%20Waight%20Keller,official_or_retail,https://image.uniqlo.com/UQ/ST3/WesternCommon/imagesgoods/469765/item/goods_79_469765_3x4.jpg?width=250,UNIQLO,UNIQLO stores; UNIQLO online,global online; stores,verified_product,Missing-SKP official pass: product page returned 200 from official/retail domain; source candidate https://www.uniqlo.com/us/en/search?q=Clare%20Waight%20Keller. Preserved from verified official SKP cache after current fetch did not reproduce the row. Preserved from verified official SKP cache after current fetch did not reproduce the row. Preserved from verified official SKP cache after current fetch did not reproduce the row. Preserved from verified official SKP cache after current fetch did not reproduce the row. Preserved from verified official SKP cache after current fetch did not reproduce the row. Preserved from verified official SKP cache after current fetch did not reproduce the row.,2026-05-31
Q12026-021-SKP-009,Q12026-021,UNIQLO : C Spring/Summer 2026,UNIQLO,Clare Waight Keller,Combination Sneaker,footwear,footwear,69.90,USD,https://www.uniqlo.com/us/en/products/E484330-000/00?colorDisplayCode=32,https://www.uniqlo.com/us/en/search?q=Clare%20Waight%20Keller,official_or_retail,https://image.uniqlo.com/UQ/ST3/WesternCommon/imagesgoods/484330/item/goods_32_484330_3x4.jpg?width=250,UNIQLO,UNIQLO stores; UNIQLO online,global online; stores,verified_product,Missing-SKP official pass: product page returned 200 from official/retail domain; source candidate https://www.uniqlo.com/us/en/search?q=Clare%20Waight%20Keller. Preserved from verified official SKP cache after current fetch did not reproduce the row. Preserved from verified official SKP cache after current fetch did not reproduce the row. Preserved from verified official SKP cache after current fetch did not reproduce the row. Preserved from verified official SKP cache after current fetch did not reproduce the row. Preserved from verified official SKP cache after current fetch did not reproduce the row. Preserved from verified official SKP cache after current fetch did not reproduce the row.,2026-05-31
Q12026-021-SKP-010,Q12026-021,UNIQLO : C Spring/Summer 2026,UNIQLO,Clare Waight Keller,Premium Linen Wide Pants,apparel,apparel,19.90,USD,https://www.uniqlo.com/us/en/products/E482933-000/00?colorDisplayCode=69,https://www.uniqlo.com/us/en/search?q=Clare%20Waight%20Keller,official_or_retail,https://image.uniqlo.com/UQ/ST3/us/imagesgoods/482933/item/usgoods_69_482933_3x4.jpg?width=250,UNIQLO,UNIQLO stores; UNIQLO online,global online; stores,verified_product,Missing-SKP official pass: product page returned 200 from official/retail domain; source candidate https://www.uniqlo.com/us/en/search?q=Clare%20Waight%20Keller. Preserved from verified official SKP cache after current fetch did not reproduce the row. Preserved from verified official SKP cache after current fetch did not reproduce the row. Preserved from verified official SKP cache after current fetch did not reproduce the row. Preserved from verified official SKP cache after current fetch did not reproduce the row. Preserved from verified official SKP cache after current fetch did not reproduce the row. Preserved from verified official SKP cache after current fetch did not reproduce the row.,2026-05-31
Q12026-021-SKP-011,Q12026-021,UNIQLO : C Spring/Summer 2026,UNIQLO,Clare Waight Keller,Smooth Cotton Sweater,apparel,apparel,49.90,USD,https://www.uniqlo.com/us/en/products/E475053-000/00?colorDisplayCode=01,https://www.uniqlo.com/us/en/search?q=Clare%20Waight%20Keller,official_or_retail,https://image.uniqlo.com/UQ/ST3/us/imagesgoods/475053/item/usgoods_01_475053_3x4.jpg?width=250,UNIQLO,UNIQLO stores; UNIQLO online,global online; stores,verified_product,Missing-SKP official pass: product page returned 200 from official/retail domain; source candidate https://www.uniqlo.com/us/en/search?q=Clare%20Waight%20Keller. Preserved from verified official SKP cache after current fetch did not reproduce the row. Preserved from verified official SKP cache after current fetch did not reproduce the row. Preserved from verified official SKP cache after current fetch did not reproduce the row. Preserved from verified official SKP cache after current fetch did not reproduce the row. Preserved from verified official SKP cache after current fetch did not reproduce the row. Preserved from verified official SKP cache after current fetch did not reproduce the row.,2026-05-31
Q12026-021-SKP-012,Q12026-021,UNIQLO : C Spring/Summer 2026,UNIQLO,Clare Waight Keller,Shield Sunglasses,accessories,accessories,24.90,USD,https://www.uniqlo.com/us/en/products/E486772-000/00?colorDisplayCode=34,https://www.uniqlo.com/us/en/search?q=Clare%20Waight%20Keller,official_or_retail,https://image.uniqlo.com/UQ/ST3/WesternCommon/imagesgoods/486772/item/goods_34_486772_3x4.jpg?width=250,UNIQLO,UNIQLO stores; UNIQLO online,global online; stores,verified_product,Missing-SKP official pass: product page returned 200 from official/retail domain; source candidate https://www.uniqlo.com/us/en/search?q=Clare%20Waight%20Keller. Preserved from verified official SKP cache after current fetch did not reproduce the row. Preserved from verified official SKP cache after current fetch did not reproduce the row. Preserved from verified official SKP cache after current fetch did not reproduce the row. Preserved from verified official SKP cache after current fetch did not reproduce the row. Preserved from verified official SKP cache after current fetch did not reproduce the row. Preserved from verified official SKP cache after current fetch did not reproduce the row.,2026-05-31
Q12026-021-SKP-013,Q12026-021,UNIQLO : C Spring/Summer 2026,UNIQLO,Clare Waight Keller,Premium Linen Vest,outerwear,outerwear,14.90,USD,https://www.uniqlo.com/us/en/products/E484276-000/00?colorDisplayCode=09,https://www.uniqlo.com/us/en/search?q=Clare%20Waight%20Keller,official_or_retail,https://image.uniqlo.com/UQ/ST3/us/imagesgoods/484276/item/usgoods_09_484276_3x4.jpg?width=250,UNIQLO,UNIQLO stores; UNIQLO online,global online; stores,verified_product,Missing-SKP official pass: product page returned 200 from official/retail domain; source candidate https://www.uniqlo.com/us/en/search?q=Clare%20Waight%20Keller. Preserved from verified official SKP cache after current fetch did not reproduce the row. Preserved from verified official SKP cache after current fetch did not reproduce the row. Preserved from verified official SKP cache after current fetch did not reproduce the row. Preserved from verified official SKP cache after current fetch did not reproduce the row. Preserved from verified official SKP cache after current fetch did not reproduce the row. Preserved from verified official SKP cache after current fetch did not reproduce the row.,2026-05-31
Q12026-021-SKP-014,Q12026-021,UNIQLO : C Spring/Summer 2026,UNIQLO,Clare Waight Keller,Premium Linen Pants,apparel,apparel,29.90,USD,https://www.uniqlo.com/us/en/products/E484053-000/00?colorDisplayCode=37,https://www.uniqlo.com/us/en/search?q=Clare%20Waight%20Keller,official_or_retail,https://image.uniqlo.com/UQ/ST3/us/imagesgoods/484053/item/usgoods_37_484053_3x4.jpg?width=250,UNIQLO,UNIQLO stores; UNIQLO online,global online; stores,verified_product,Missing-SKP official pass: product page returned 200 from official/retail domain; source candidate https://www.uniqlo.com/us/en/search?q=Clare%20Waight%20Keller. Preserved from verified official SKP cache after current fetch did not reproduce the row. Preserved from verified official SKP cache after current fetch did not reproduce the row. Preserved from verified official SKP cache after current fetch did not reproduce the row. Preserved from verified official SKP cache after current fetch did not reproduce the row. Preserved from verified official SKP cache after current fetch did not reproduce the row. Preserved from verified official SKP cache after current fetch did not reproduce the row.,2026-05-31
Q12026-021-SKP-015,Q12026-021,UNIQLO : C Spring/Summer 2026,UNIQLO,Clare Waight Keller,Premium Linen Jacket,outerwear,outerwear,49.90,USD,https://www.uniqlo.com/us/en/products/E483762-000/00?colorDisplayCode=01,https://www.uniqlo.com/us/en/search?q=Clare%20Waight%20Keller,official_or_retail,https://image.uniqlo.com/UQ/ST3/us/imagesgoods/483762/item/usgoods_01_483762_3x4.jpg?width=250,UNIQLO,UNIQLO stores; UNIQLO online,global online; stores,verified_product,Missing-SKP official pass: product page returned 200 from official/retail domain; source candidate https://www.uniqlo.com/us/en/search?q=Clare%20Waight%20Keller. Preserved from verified official SKP cache after current fetch did not reproduce the row. Preserved from verified official SKP cache after current fetch did not reproduce the row. Preserved from verified official SKP cache after current fetch did not reproduce the row. Preserved from verified official SKP cache after current fetch did not reproduce the row. Preserved from verified official SKP cache after current fetch did not reproduce the row. Preserved from verified official SKP cache after current fetch did not reproduce the row.,2026-05-31
Q12026-021-SKP-016,Q12026-021,UNIQLO : C Spring/Summer 2026,UNIQLO,Clare Waight Keller,Uniqlo : C Broadcloth Striped Shirt,apparel,apparel,50,USD,https://www.insidehook.com/style/uniqlo-c-spring-summer-2026-collection,https://www.insidehook.com/style/uniqlo-c-spring-summer-2026-collection,official_or_retail,https://www.insidehook.com/wp-content/uploads/2026/02/Striped-Shirt.png?fit=1200%2C800,UNIQLO,UNIQLO stores; UNIQLO online,global online; stores,verified_product,Missing-SKP official pass: product page returned 200 from official/retail domain; source candidate https://www.insidehook.com/style/uniqlo-c-spring-summer-2026-collection. Preserved from verified official SKP cache after current fetch did not reproduce the row. Preserved from verified official SKP cache after current fetch did not reproduce the row. Preserved from verified official SKP cache after current fetch did not reproduce the row. Preserved from verified official SKP cache after current fetch did not reproduce the row. Preserved from verified official SKP cache after current fetch did not reproduce the row. Preserved from verified official SKP cache after current fetch did not reproduce the row.,2026-05-31
Q12026-021-SKP-017,Q12026-021,UNIQLO : C Spring/Summer 2026,UNIQLO,Clare Waight Keller,Washable Knitted Shirt,apparel,apparel,39.90,USD,https://www.uniqlo.com/us/en/products/E485684-000/00?colorDisplayCode=01,https://www.uniqlo.com/us/en/search?q=UNIQLO%20C,official_or_retail,https://image.uniqlo.com/UQ/ST3/us/imagesgoods/485684/item/usgoods_01_485684_3x4.jpg?width=250,UNIQLO,UNIQLO stores; UNIQLO online,global online; stores,verified_product,Missing-SKP official pass: product page returned 200 from official/retail domain; source candidate https://www.uniqlo.com/us/en/search?q=UNIQLO%20C. Preserved from verified official SKP cache after current fetch did not reproduce the row. Preserved from verified official SKP cache after current fetch did not reproduce the row. Preserved from verified official SKP cache after current fetch did not reproduce the row. Preserved from verified official SKP cache after current fetch did not reproduce the row. Preserved from verified official SKP cache after current fetch did not reproduce the row. Preserved from verified official SKP cache after current fetch did not reproduce the row.,2026-05-31
Q12026-021-SKP-018,Q12026-021,UNIQLO : C Spring/Summer 2026,UNIQLO,Clare Waight Keller,Cotton Linen Shirt,apparel,apparel,39.90,USD,https://www.uniqlo.com/us/en/products/E477181-000/00?colorDisplayCode=37,https://www.uniqlo.com/us/en/search?q=UNIQLO%20C,official_or_retail,https://image.uniqlo.com/UQ/ST3/us/imagesgoods/477181/item/usgoods_37_477181_3x4.jpg?width=250,UNIQLO,UNIQLO stores; UNIQLO online,global online; stores,verified_product,Missing-SKP official pass: product page returned 200 from official/retail domain; source candidate https://www.uniqlo.com/us/en/search?q=UNIQLO%20C. Preserved from verified official SKP cache after current fetch did not reproduce the row. Preserved from verified official SKP cache after current fetch did not reproduce the row. Preserved from verified official SKP cache after current fetch did not reproduce the row. Preserved from verified official SKP cache after current fetch did not reproduce the row. Preserved from verified official SKP cache after current fetch did not reproduce the row. Preserved from verified official SKP cache after current fetch did not reproduce the row.,2026-05-31
Q12026-021-SKP-019,Q12026-021,UNIQLO : C Spring/Summer 2026,UNIQLO,Clare Waight Keller,Zip-Up Short Jacket,outerwear,outerwear,59.90,USD,https://www.uniqlo.com/us/en/products/E479208-000/00?colorDisplayCode=30,https://www.uniqlo.com/us/en/search?q=UNIQLO%20C,official_or_retail,https://image.uniqlo.com/UQ/ST3/us/imagesgoods/479208/item/usgoods_30_479208_3x4.jpg?width=250,UNIQLO,UNIQLO stores; UNIQLO online,global online; stores,verified_product,Missing-SKP official pass: product page returned 200 from official/retail domain; source candidate https://www.uniqlo.com/us/en/search?q=UNIQLO%20C. Preserved from verified official SKP cache after current fetch did not reproduce the row. Preserved from verified official SKP cache after current fetch did not reproduce the row. Preserved from verified official SKP cache after current fetch did not reproduce the row. Preserved from verified official SKP cache after current fetch did not reproduce the row. Preserved from verified official SKP cache after current fetch did not reproduce the row. Preserved from verified official SKP cache after current fetch did not reproduce the row.,2026-05-31
Q12026-021-SKP-020,Q12026-021,UNIQLO : C Spring/Summer 2026,UNIQLO,Clare Waight Keller,Scalloped Cardigan,apparel,apparel,39.90,USD,https://www.uniqlo.com/us/en/products/E482978-000/00?colorDisplayCode=01,https://www.uniqlo.com/us/en/search?q=UNIQLO%20C,official_or_retail,https://image.uniqlo.com/UQ/ST3/us/imagesgoods/482978/item/usgoods_01_482978_3x4.jpg?width=250,UNIQLO,UNIQLO stores; UNIQLO online,global online; stores,verified_product,Missing-SKP official pass: product page returned 200 from official/retail domain; source candidate https://www.uniqlo.com/us/en/search?q=UNIQLO%20C. Preserved from verified official SKP cache after current fetch did not reproduce the row. Preserved from verified official SKP cache after current fetch did not reproduce the row. Preserved from verified official SKP cache after current fetch did not reproduce the row. Preserved from verified official SKP cache after current fetch did not reproduce the row. Preserved from verified official SKP cache after current fetch did not reproduce the row. Preserved from verified official SKP cache after current fetch did not reproduce the row.,2026-05-31
Q12026-021-SKP-021,Q12026-021,UNIQLO : C Spring/Summer 2026,UNIQLO,Clare Waight Keller,Harrington Jacket,outerwear,outerwear,69.90,USD,https://www.uniqlo.com/us/en/products/E484610-000/00?colorDisplayCode=32,https://www.uniqlo.com/us/en/search?q=UNIQLO%20C,official_or_retail,https://image.uniqlo.com/UQ/ST3/us/imagesgoods/484610/item/usgoods_32_484610_3x4.jpg?width=250,UNIQLO,UNIQLO stores; UNIQLO online,global online; stores,verified_product,Missing-SKP official pass: product page returned 200 from official/retail domain; source candidate https://www.uniqlo.com/us/en/search?q=UNIQLO%20C. Preserved from verified official SKP cache after current fetch did not reproduce the row. Preserved from verified official SKP cache after current fetch did not reproduce the row. Preserved from verified official SKP cache after current fetch did not reproduce the row. Preserved from verified official SKP cache after current fetch did not reproduce the row. Preserved from verified official SKP cache after current fetch did not reproduce the row. Preserved from verified official SKP cache after current fetch did not reproduce the row.,2026-05-31
Q12026-021-SKP-022,Q12026-021,UNIQLO : C Spring/Summer 2026,UNIQLO,Clare Waight Keller,AIRism Cotton Pique Full Open Polo Shirt,apparel,apparel,19.90,USD,https://www.uniqlo.com/us/en/products/E482303-000/00?colorDisplayCode=58,https://www.uniqlo.com/us/en/search?q=UNIQLO%20C,official_or_retail,https://image.uniqlo.com/UQ/ST3/us/imagesgoods/482303/item/usgoods_58_482303_3x4.jpg?width=250,UNIQLO,UNIQLO stores; UNIQLO online,global online; stores,verified_product,Missing-SKP official pass: product page returned 200 from official/retail domain; source candidate https://www.uniqlo.com/us/en/search?q=UNIQLO%20C. Preserved from verified official SKP cache after current fetch did not reproduce the row. Preserved from verified official SKP cache after current fetch did not reproduce the row. Preserved from verified official SKP cache after current fetch did not reproduce the row. Preserved from verified official SKP cache after current fetch did not reproduce the row. Preserved from verified official SKP cache after current fetch did not reproduce the row. Preserved from verified official SKP cache after current fetch did not reproduce the row.,2026-05-31
Q12026-021-SKP-023,Q12026-021,UNIQLO : C Spring/Summer 2026,UNIQLO,Clare Waight Keller,3D Knit Mesh Sweater,apparel,apparel,49.90,USD,https://www.uniqlo.com/us/en/products/E483008-000/00?colorDisplayCode=00,https://www.uniqlo.com/us/en/search?q=UNIQLO%20C,official_or_retail,https://image.uniqlo.com/UQ/ST3/us/imagesgoods/483008/item/usgoods_00_483008_3x4.jpg?width=250,UNIQLO,UNIQLO stores; UNIQLO online,global online; stores,verified_product,Missing-SKP official pass: product page returned 200 from official/retail domain; source candidate https://www.uniqlo.com/us/en/search?q=UNIQLO%20C. Preserved from verified official SKP cache after current fetch did not reproduce the row. Preserved from verified official SKP cache after current fetch did not reproduce the row. Preserved from verified official SKP cache after current fetch did not reproduce the row. Preserved from verified official SKP cache after current fetch did not reproduce the row. Preserved from verified official SKP cache after current fetch did not reproduce the row. Preserved from verified official SKP cache after current fetch did not reproduce the row.,2026-05-31
Q12026-021-SKP-024,Q12026-021,UNIQLO : C Spring/Summer 2026,UNIQLO,Clare Waight Keller,Premium Linen Skipper Boxy Shirt,apparel,apparel,39.90,USD,https://www.uniqlo.com/us/en/products/E484256-000/00?colorDisplayCode=00,https://www.uniqlo.com/us/en/search?q=UNIQLO%20C,official_or_retail,https://image.uniqlo.com/UQ/ST3/us/imagesgoods/484256/item/usgoods_00_484256_3x4.jpg?width=250,UNIQLO,UNIQLO stores; UNIQLO online,global online; stores,verified_product,Missing-SKP official pass: product page returned 200 from official/retail domain; source candidate https://www.uniqlo.com/us/en/search?q=UNIQLO%20C. Preserved from verified official SKP cache after current fetch did not reproduce the row. Preserved from verified official SKP cache after current fetch did not reproduce the row. Preserved from verified official SKP cache after current fetch did not reproduce the row. Preserved from verified official SKP cache after current fetch did not reproduce the row. Preserved from verified official SKP cache after current fetch did not reproduce the row. Preserved from verified official SKP cache after current fetch did not reproduce the row.,2026-05-31
Q12026-021-SKP-025,Q12026-021,UNIQLO : C Spring/Summer 2026,UNIQLO,Clare Waight Keller,Oxford Boxy Cropped Shirt,apparel,apparel,29.90,USD,https://www.uniqlo.com/us/en/products/E485265-000/00?colorDisplayCode=60,https://www.uniqlo.com/us/en/search?q=UNIQLO%20C,official_or_retail,https://image.uniqlo.com/UQ/ST3/us/imagesgoods/485265/item/usgoods_60_485265_3x4.jpg?width=250,UNIQLO,UNIQLO stores; UNIQLO online,global online; stores,verified_product,Missing-SKP official pass: product page returned 200 from official/retail domain; source candidate https://www.uniqlo.com/us/en/search?q=UNIQLO%20C. Preserved from verified official SKP cache after current fetch did not reproduce the row. Preserved from verified official SKP cache after current fetch did not reproduce the row. Preserved from verified official SKP cache after current fetch did not reproduce the row. Preserved from verified official SKP cache after current fetch did not reproduce the row. Preserved from verified official SKP cache after current fetch did not reproduce the row. Preserved from verified official SKP cache after current fetch did not reproduce the row.,2026-05-31
Q12026-021-SKP-026,Q12026-021,UNIQLO : C Spring/Summer 2026,UNIQLO,Clare Waight Keller,Linen Blend Open Collar Shirt,apparel,apparel,39.90,USD,https://www.uniqlo.com/us/en/products/E483883-000/00?colorDisplayCode=01,https://www.uniqlo.com/us/en/search?q=UNIQLO%20C,official_or_retail,https://image.uniqlo.com/UQ/ST3/us/imagesgoods/483883/item/usgoods_01_483883_3x4.jpg?width=250,UNIQLO,UNIQLO stores; UNIQLO online,global online; stores,verified_product,Missing-SKP official pass: product page returned 200 from official/retail domain; source candidate https://www.uniqlo.com/us/en/search?q=UNIQLO%20C. Preserved from verified official SKP cache after current fetch did not reproduce the row. Preserved from verified official SKP cache after current fetch did not reproduce the row. Preserved from verified official SKP cache after current fetch did not reproduce the row. Preserved from verified official SKP cache after current fetch did not reproduce the row. Preserved from verified official SKP cache after current fetch did not reproduce the row. Preserved from verified official SKP cache after current fetch did not reproduce the row.,2026-05-31
Q12026-021-SKP-027,Q12026-021,UNIQLO : C Spring/Summer 2026,UNIQLO,Clare Waight Keller,Barn Short Jacket,outerwear,outerwear,59.90,USD,https://www.uniqlo.com/us/en/products/E483807-000/00?colorDisplayCode=33,https://www.uniqlo.com/us/en/search?q=UNIQLO%20C,official_or_retail,https://image.uniqlo.com/UQ/ST3/us/imagesgoods/483807/item/usgoods_33_483807_3x4.jpg?width=250,UNIQLO,UNIQLO stores; UNIQLO online,global online; stores,verified_product,Missing-SKP official pass: product page returned 200 from official/retail domain; source candidate https://www.uniqlo.com/us/en/search?q=UNIQLO%20C. Preserved from verified official SKP cache after current fetch did not reproduce the row. Preserved from verified official SKP cache after current fetch did not reproduce the row. Preserved from verified official SKP cache after current fetch did not reproduce the row. Preserved from verified official SKP cache after current fetch did not reproduce the row. Preserved from verified official SKP cache after current fetch did not reproduce the row. Preserved from verified official SKP cache after current fetch did not reproduce the row.,2026-05-31
Q12026-021-SKP-028,Q12026-021,UNIQLO : C Spring/Summer 2026,UNIQLO,Clare Waight Keller,Sweat Full-Zip Hoodie,apparel,apparel,49.90,USD,https://www.uniqlo.com/us/en/products/E475380-000/00?colorDisplayCode=31,https://www.uniqlo.com/us/en/search?q=UNIQLO%20C,official_or_retail,https://image.uniqlo.com/UQ/ST3/us/imagesgoods/475380/item/usgoods_31_475380_3x4.jpg?width=250,UNIQLO,UNIQLO stores; UNIQLO online,global online; stores,verified_product,Missing-SKP official pass: product page returned 200 from official/retail domain; source candidate https://www.uniqlo.com/us/en/search?q=UNIQLO%20C. Preserved from verified official SKP cache after current fetch did not reproduce the row. Preserved from verified official SKP cache after current fetch did not reproduce the row. Preserved from verified official SKP cache after current fetch did not reproduce the row. Preserved from verified official SKP cache after current fetch did not reproduce the row. Preserved from verified official SKP cache after current fetch did not reproduce the row. Preserved from verified official SKP cache after current fetch did not reproduce the row.,2026-05-31
Q12026-021-SKP-029,Q12026-021,UNIQLO : C Spring/Summer 2026,UNIQLO,Clare Waight Keller,Denim Shirt,apparel,apparel,39.90,USD,https://www.uniqlo.com/us/en/products/E484245-000/00?colorDisplayCode=68,https://www.uniqlo.com/us/en/search?q=UNIQLO%20C,official_or_retail,https://image.uniqlo.com/UQ/ST3/us/imagesgoods/484245/item/usgoods_68_484245_3x4.jpg?width=250,UNIQLO,UNIQLO stores; UNIQLO online,global online; stores,verified_product,Missing-SKP official pass: product page returned 200 from official/retail domain; source candidate https://www.uniqlo.com/us/en/search?q=UNIQLO%20C. Preserved from verified official SKP cache after current fetch did not reproduce the row. Preserved from verified official SKP cache after current fetch did not reproduce the row. Preserved from verified official SKP cache after current fetch did not reproduce the row. Preserved from verified official SKP cache after current fetch did not reproduce the row. Preserved from verified official SKP cache after current fetch did not reproduce the row. Preserved from verified official SKP cache after current fetch did not reproduce the row.,2026-05-31
Q12026-021-SKP-030,Q12026-021,UNIQLO : C Spring/Summer 2026,UNIQLO,Clare Waight Keller,Pointelle Cardigan,apparel,apparel,39.90,USD,https://www.uniqlo.com/us/en/products/E484939-000/00?colorDisplayCode=17,https://www.uniqlo.com/us/en/search?q=UNIQLO%20C,official_or_retail,https://image.uniqlo.com/UQ/ST3/us/imagesgoods/484939/item/usgoods_17_484939_3x4.jpg?width=250,UNIQLO,UNIQLO stores; UNIQLO online,global online; stores,verified_product,Missing-SKP official pass: product page returned 200 from official/retail domain; source candidate https://www.uniqlo.com/us/en/search?q=UNIQLO%20C. Preserved from verified official SKP cache after current fetch did not reproduce the row. Preserved from verified official SKP cache after current fetch did not reproduce the row. Preserved from verified official SKP cache after current fetch did not reproduce the row. Preserved from verified official SKP cache after current fetch did not reproduce the row. Preserved from verified official SKP cache after current fetch did not reproduce the row. Preserved from verified official SKP cache after current fetch did not reproduce the row.,2026-05-31
Q12026-021-SKP-031,Q12026-021,UNIQLO : C Spring/Summer 2026,UNIQLO,Clare Waight Keller,UV Protection Cardigan,apparel,apparel,49.90,USD,https://www.uniqlo.com/us/en/products/E465484-000/00?colorDisplayCode=03,https://www.uniqlo.com/us/en/search?q=UNIQLO%20C,official_or_retail,https://image.uniqlo.com/UQ/ST3/us/imagesgoods/465484/item/usgoods_03_465484_3x4.jpg?width=250,UNIQLO,UNIQLO stores; UNIQLO online,global online; stores,verified_product,Missing-SKP official pass: product page returned 200 from official/retail domain; source candidate https://www.uniqlo.com/us/en/search?q=UNIQLO%20C. Preserved from verified official SKP cache after current fetch did not reproduce the row. Preserved from verified official SKP cache after current fetch did not reproduce the row. Preserved from verified official SKP cache after current fetch did not reproduce the row. Preserved from verified official SKP cache after current fetch did not reproduce the row. Preserved from verified official SKP cache after current fetch did not reproduce the row. Preserved from verified official SKP cache after current fetch did not reproduce the row.,2026-05-31
Q12026-021-SKP-032,Q12026-021,UNIQLO : C Spring/Summer 2026,UNIQLO,Clare Waight Keller,Seersucker Shirt,apparel,apparel,39.90,USD,https://www.uniqlo.com/us/en/products/E487680-000/00?colorDisplayCode=64,https://www.uniqlo.com/us/en/search?q=UNIQLO%20C,official_or_retail,https://image.uniqlo.com/UQ/ST3/us/imagesgoods/487680/item/usgoods_64_487680_3x4.jpg?width=250,UNIQLO,UNIQLO stores; UNIQLO online,global online; stores,verified_product,Missing-SKP official pass: product page returned 200 from official/retail domain; source candidate https://www.uniqlo.com/us/en/search?q=UNIQLO%20C. Preserved from verified official SKP cache after current fetch did not reproduce the row. Preserved from verified official SKP cache after current fetch did not reproduce the row. Preserved from verified official SKP cache after current fetch did not reproduce the row. Preserved from verified official SKP cache after current fetch did not reproduce the row. Preserved from verified official SKP cache after current fetch did not reproduce the row. Preserved from verified official SKP cache after current fetch did not reproduce the row.,2026-05-31
Q12026-021-SKP-033,Q12026-021,UNIQLO : C Spring/Summer 2026,UNIQLO,Clare Waight Keller,Premium Linen Skipper Collar 3/4 Sleeve Shirt,apparel,apparel,49.90,USD,https://www.uniqlo.com/us/en/products/E483872-000/00?colorDisplayCode=31,https://www.uniqlo.com/us/en/search?q=UNIQLO%20C,official_or_retail,https://image.uniqlo.com/UQ/ST3/us/imagesgoods/483872/item/usgoods_31_483872_3x4.jpg?width=250,UNIQLO,UNIQLO stores; UNIQLO online,global online; stores,verified_product,Missing-SKP official pass: product page returned 200 from official/retail domain; source candidate https://www.uniqlo.com/us/en/search?q=UNIQLO%20C. Preserved from verified official SKP cache after current fetch did not reproduce the row. Preserved from verified official SKP cache after current fetch did not reproduce the row. Preserved from verified official SKP cache after current fetch did not reproduce the row. Preserved from verified official SKP cache after current fetch did not reproduce the row. Preserved from verified official SKP cache after current fetch did not reproduce the row. Preserved from verified official SKP cache after current fetch did not reproduce the row.,2026-05-31
Q12026-021-SKP-034,Q12026-021,UNIQLO : C Spring/Summer 2026,UNIQLO,Clare Waight Keller,Premium Linen Shirt,apparel,apparel,49.90,USD,https://www.uniqlo.com/us/en/products/E483869-000/00?colorDisplayCode=63,https://www.uniqlo.com/us/en/search?q=UNIQLO%20C,official_or_retail,https://image.uniqlo.com/UQ/ST3/us/imagesgoods/483869/item/usgoods_63_483869_3x4.jpg?width=250,UNIQLO,UNIQLO stores; UNIQLO online,global online; stores,verified_product,Missing-SKP official pass: product page returned 200 from official/retail domain; source candidate https://www.uniqlo.com/us/en/search?q=UNIQLO%20C. Preserved from verified official SKP cache after current fetch did not reproduce the row. Preserved from verified official SKP cache after current fetch did not reproduce the row. Preserved from verified official SKP cache after current fetch did not reproduce the row. Preserved from verified official SKP cache after current fetch did not reproduce the row. Preserved from verified official SKP cache after current fetch did not reproduce the row. Preserved from verified official SKP cache after current fetch did not reproduce the row.,2026-05-31
Q12026-022-SKP-001,Q12026-022,UNIQLO and JW ANDERSON Spring/Summer 2026,UNIQLO,JW ANDERSON,Oxford Boxy Cropped Shirt,apparel,apparel,29.90,USD,https://www.uniqlo.com/us/en/products/E484928-000/00?colorDisplayCode=00,https://www.uniqlo.com/us/en/search?q=JW%20ANDERSON,official_or_retail,https://image.uniqlo.com/UQ/ST3/us/imagesgoods/484928/item/usgoods_00_484928_3x4.jpg?width=250,UNIQLO / JW ANDERSON,UNIQLO stores; UNIQLO online,global stores; online,verified_product,Missing-SKP official pass: product page returned 200 from official/retail domain; source candidate https://www.uniqlo.com/us/en/search?q=JW%20ANDERSON. Preserved from verified official SKP cache after current fetch did not reproduce the row. Preserved from verified official SKP cache after current fetch did not reproduce the row. Preserved from verified official SKP cache after current fetch did not reproduce the row. Preserved from verified official SKP cache after current fetch did not reproduce the row. Preserved from verified official SKP cache after current fetch did not reproduce the row. Preserved from verified official SKP cache after current fetch did not reproduce the row. Preserved from verified official SKP cache after current fetch did not reproduce the row. Preserved from verified official SKP cache after current fetch did not reproduce the row. Preserved from verified official SKP cache after current fetch did not reproduce the row. Preserved from verified official SKP cache after current fetch did not reproduce the row.,2026-05-31
Q12026-022-SKP-002,Q12026-022,UNIQLO and JW ANDERSON Spring/Summer 2026,UNIQLO,JW ANDERSON,Denim Shirt,apparel,apparel,39.90,USD,https://www.uniqlo.com/us/en/products/E484245-000/00?colorDisplayCode=68,https://www.uniqlo.com/us/en/search?q=JW%20ANDERSON,official_or_retail,https://image.uniqlo.com/UQ/ST3/us/imagesgoods/484245/item/usgoods_68_484245_3x4.jpg?width=250,UNIQLO / JW ANDERSON,UNIQLO stores; UNIQLO online,global stores; online,verified_product,Missing-SKP official pass: product page returned 200 from official/retail domain; source candidate https://www.uniqlo.com/us/en/search?q=JW%20ANDERSON. Preserved from verified official SKP cache after current fetch did not reproduce the row. Preserved from verified official SKP cache after current fetch did not reproduce the row. Preserved from verified official SKP cache after current fetch did not reproduce the row. Preserved from verified official SKP cache after current fetch did not reproduce the row. Preserved from verified official SKP cache after current fetch did not reproduce the row. Preserved from verified official SKP cache after current fetch did not reproduce the row. Preserved from verified official SKP cache after current fetch did not reproduce the row. Preserved from verified official SKP cache after current fetch did not reproduce the row. Preserved from verified official SKP cache after current fetch did not reproduce the row. Preserved from verified official SKP cache after current fetch did not reproduce the row.,2026-05-31
Q12026-022-SKP-003,Q12026-022,UNIQLO and JW ANDERSON Spring/Summer 2026,UNIQLO,JW ANDERSON,Oxford Boxy Shirt,apparel,apparel,39.90,USD,https://www.uniqlo.com/us/en/products/E484849-000/00?colorDisplayCode=00,https://www.uniqlo.com/us/en/search?q=JW%20ANDERSON,official_or_retail,https://image.uniqlo.com/UQ/ST3/us/imagesgoods/484849/item/usgoods_00_484849_3x4.jpg?width=250,UNIQLO / JW ANDERSON,UNIQLO stores; UNIQLO online,global stores; online,verified_product,Missing-SKP official pass: product page returned 200 from official/retail domain; source candidate https://www.uniqlo.com/us/en/search?q=JW%20ANDERSON. Preserved from verified official SKP cache after current fetch did not reproduce the row. Preserved from verified official SKP cache after current fetch did not reproduce the row. Preserved from verified official SKP cache after current fetch did not reproduce the row. Preserved from verified official SKP cache after current fetch did not reproduce the row. Preserved from verified official SKP cache after current fetch did not reproduce the row. Preserved from verified official SKP cache after current fetch did not reproduce the row. Preserved from verified official SKP cache after current fetch did not reproduce the row. Preserved from verified official SKP cache after current fetch did not reproduce the row. Preserved from verified official SKP cache after current fetch did not reproduce the row. Preserved from verified official SKP cache after current fetch did not reproduce the row.,2026-05-31
Q12026-022-SKP-004,Q12026-022,UNIQLO and JW ANDERSON Spring/Summer 2026,UNIQLO,JW ANDERSON,Oxford Boxy Short Sleeve Shirt,bottoms,bottoms,39.90,USD,https://www.uniqlo.com/us/en/products/E484850-002/00?colorDisplayCode=65,https://www.uniqlo.com/us/en/search?q=JW%20ANDERSON,official_or_retail,https://image.uniqlo.com/UQ/ST3/us/imagesgoods/484850002/item/usgoods_65_484850002_3x4.jpg?width=250,UNIQLO / JW ANDERSON,UNIQLO stores; UNIQLO online,global stores; online,verified_product,Missing-SKP official pass: product page returned 200 from official/retail domain; source candidate https://www.uniqlo.com/us/en/search?q=JW%20ANDERSON. Preserved from verified official SKP cache after current fetch did not reproduce the row. Preserved from verified official SKP cache after current fetch did not reproduce the row. Preserved from verified official SKP cache after current fetch did not reproduce the row. Preserved from verified official SKP cache after current fetch did not reproduce the row. Preserved from verified official SKP cache after current fetch did not reproduce the row. Preserved from verified official SKP cache after current fetch did not reproduce the row. Preserved from verified official SKP cache after current fetch did not reproduce the row. Preserved from verified official SKP cache after current fetch did not reproduce the row. Preserved from verified official SKP cache after current fetch did not reproduce the row. Preserved from verified official SKP cache after current fetch did not reproduce the row.,2026-05-31
Q12026-022-SKP-005,Q12026-022,UNIQLO and JW ANDERSON Spring/Summer 2026,UNIQLO,JW ANDERSON,Oxford Oversized Shirt,apparel,apparel,49.90,USD,https://www.uniqlo.com/us/en/products/E484244-000/00?colorDisplayCode=00,https://www.uniqlo.com/us/en/search?q=JW%20ANDERSON,official_or_retail,https://image.uniqlo.com/UQ/ST3/us/imagesgoods/484244/item/usgoods_00_484244_3x4.jpg?width=250,UNIQLO / JW ANDERSON,UNIQLO stores; UNIQLO online,global stores; online,verified_product,Missing-SKP official pass: product page returned 200 from official/retail domain; source candidate https://www.uniqlo.com/us/en/search?q=JW%20ANDERSON. Preserved from verified official SKP cache after current fetch did not reproduce the row. Preserved from verified official SKP cache after current fetch did not reproduce the row. Preserved from verified official SKP cache after current fetch did not reproduce the row. Preserved from verified official SKP cache after current fetch did not reproduce the row. Preserved from verified official SKP cache after current fetch did not reproduce the row. Preserved from verified official SKP cache after current fetch did not reproduce the row. Preserved from verified official SKP cache after current fetch did not reproduce the row. Preserved from verified official SKP cache after current fetch did not reproduce the row. Preserved from verified official SKP cache after current fetch did not reproduce the row. Preserved from verified official SKP cache after current fetch did not reproduce the row.,2026-05-31
Q12026-022-SKP-006,Q12026-022,UNIQLO and JW ANDERSON Spring/Summer 2026,UNIQLO,JW ANDERSON,DRY Pique Striped Polo Shirt,apparel,apparel,29.90,USD,https://www.uniqlo.com/us/en/products/E485568-000/00?colorDisplayCode=69,https://www.uniqlo.com/us/en/search?q=JW%20ANDERSON,official_or_retail,https://image.uniqlo.com/UQ/ST3/us/imagesgoods/485568/item/usgoods_69_485568_3x4.jpg?width=250,UNIQLO / JW ANDERSON,UNIQLO stores; UNIQLO online,global stores; online,verified_product,Missing-SKP official pass: product page returned 200 from official/retail domain; source candidate https://www.uniqlo.com/us/en/search?q=JW%20ANDERSON. Preserved from verified official SKP cache after current fetch did not reproduce the row. Preserved from verified official SKP cache after current fetch did not reproduce the row. Preserved from verified official SKP cache after current fetch did not reproduce the row. Preserved from verified official SKP cache after current fetch did not reproduce the row. Preserved from verified official SKP cache after current fetch did not reproduce the row. Preserved from verified official SKP cache after current fetch did not reproduce the row. Preserved from verified official SKP cache after current fetch did not reproduce the row. Preserved from verified official SKP cache after current fetch did not reproduce the row. Preserved from verified official SKP cache after current fetch did not reproduce the row. Preserved from verified official SKP cache after current fetch did not reproduce the row.,2026-05-31
Q12026-024-SKP-001,Q12026-024,J.Crew Rollneck Remix,J.Crew,Buci NYC; Collina Strada; Eckhaus Latta; Patrick Taylor; Tanner Fletcher,J.Crew Rollneck Sweater Remix,apparel,apparel,,USD,,https://www.insidehook.com/style/j-crew-rollneck-remix-2026,seeded_source_extract,,J.Crew,J.Crew.com; 75 Spring Street pop-up; select stores,United States; online,press_listed,InsideHook/Town & Country coverage identifies the rollneck sweater remix product concept.,2026-05-31
Q12026-024-SKP-002,Q12026-024,J.Crew Rollneck Remix,J.Crew,Buci NYC; Collina Strada; Eckhaus Latta; Patrick Taylor; Tanner Fletcher,J.Crew Just Remixed Its Most Iconic Sweater,apparel,apparel,,USD,,https://www.insidehook.com/style/j-crew-rollneck-remix-2026,fashion_media,,J.Crew,J.Crew.com; 75 Spring Street pop-up; select stores,United States; online,press_listed,Extracted from product-like heading near A/B context.,2026-05-31
Q12026-025-SKP-001,Q12026-025,Jimmy Choo x noir kei ninomiya Spring/Summer 2026,Jimmy Choo,noir kei ninomiya,Jimmy Choo noir kei ninomiya Maxi Loafer,footwear,footwear,,USD,,https://www.anothermag.com/fashion-beauty/16964/jimmy-choo-noir-kei-ninomiya,seeded_source_extract,,Jimmy Choo / noir kei ninomiya,Jimmy Choo boutiques; Dover Street Market; select retailers; online,global selected boutiques and retailers,press_listed,Another Magazine source describes shoes and a bag in the capsule.,2026-05-31
Q12026-025-SKP-002,Q12026-025,Jimmy Choo x noir kei ninomiya Spring/Summer 2026,Jimmy Choo,noir kei ninomiya,Jimmy Choo noir kei ninomiya Bag,bags,bags,,USD,,https://www.anothermag.com/fashion-beauty/16964/jimmy-choo-noir-kei-ninomiya,seeded_source_extract,,Jimmy Choo / noir kei ninomiya,Jimmy Choo boutiques; Dover Street Market; select retailers; online,global selected boutiques and retailers,press_listed,Another Magazine source describes shoes and a bag in the capsule.,2026-05-31
Q12026-025-SKP-003,Q12026-025,Jimmy Choo x noir kei ninomiya Spring/Summer 2026,Jimmy Choo,noir kei ninomiya,Jimmy Choo Noir Kei Ninomiya Maxi Loafer,footwear,footwear,1175,USD,https://us.jimmychoo.com/en/jimmy-choo-noir-kei-ninomiya-maxi-loafer%C2%A0/black-polished-calf-leather-loafers-JCNKNMAXILOAFERPQB010003.html,https://www.wmagazine.com/fashion/best-fashion-collaborations-launches-capsules-2026,fashion_media,https://imgix.bustle.com/uploads/image/2026/2/13/b938517f/jimmy-choo-noir-kei.jpg?w=420&h=420&fit=crop&crop=faces,Jimmy Choo / noir kei ninomiya,Jimmy Choo boutiques; Dover Street Market; select retailers; online,global selected boutiques and retailers,press_listed,Extracted from official/retail product card near A/B context.,2026-05-31
Q12026-025-SKP-004,Q12026-025,Jimmy Choo x noir kei ninomiya Spring/Summer 2026,Jimmy Choo,noir kei ninomiya,Jimmy Choo Noir Kei Ninomiya Star Shoe,footwear,footwear,1950,USD,https://us.jimmychoo.com/en/jimmy-choo-noir-kei-ninomiya-star-shoe/black-polished-calf-leather-lace-up-shoes-with-star-embellishment-JCNKNSTARSHOEFVV0C7631.html,https://www.wmagazine.com/fashion/best-fashion-collaborations-launches-capsules-2026,fashion_media,https://imgix.bustle.com/uploads/image/2026/2/13/bf87dafc/jimmy-choo-noir-kei.jpg?w=420&h=420&fit=crop&crop=faces,Jimmy Choo / noir kei ninomiya,Jimmy Choo boutiques; Dover Street Market; select retailers; online,global selected boutiques and retailers,press_listed,Extracted from official/retail product card near A/B context.,2026-05-31
Q12026-025-SKP-005,Q12026-025,Jimmy Choo x noir kei ninomiya Spring/Summer 2026,Jimmy Choo,noir kei ninomiya,Jimmy Choo Noir Kei Ninomiya Maxi Loafer,footwear,footwear,1950,USD,https://us.jimmychoo.com/en/jimmy-choo-noir-kei-ninomiya-star-shoe/black-polished-calf-leather-lace-up-shoes-with-star-embellishment-JCNKNSTARSHOEFVV0C7631.html,https://www.wmagazine.com/fashion/best-fashion-collaborations-launches-capsules-2026,fashion_media,https://imgix.bustle.com/uploads/image/2026/2/13/bf87dafc/jimmy-choo-noir-kei.jpg?w=420&h=420&fit=crop&crop=faces,Jimmy Choo / noir kei ninomiya,Jimmy Choo boutiques; Dover Street Market; select retailers; online,global selected boutiques and retailers,press_listed,Extracted from official/retail product card near A/B context.,2026-05-31
Q12026-025-SKP-006,Q12026-025,Jimmy Choo x noir kei ninomiya Spring/Summer 2026,Jimmy Choo,noir kei ninomiya,Jimmy Choo Noir Kei Ninomiya Star Shoe,footwear,footwear,,USD,,https://www.wmagazine.com/fashion/best-fashion-collaborations-launches-capsules-2026,fashion_media,,Jimmy Choo / noir kei ninomiya,Jimmy Choo boutiques; Dover Street Market; select retailers; online,global selected boutiques and retailers,press_listed,Extracted from product-like HTML attribute near A/B context.,2026-05-31
Q12026-026-SKP-001,Q12026-026,Harlem's Fashion Row x Gap,Gap,Harlem's Fashion Row,Gap X HFR Embroidered Baggy Jeans by Daveed Baptiste,apparel,apparel,118,USD,https://www.gap.com/browse/product.do?pid=894726002&vid=1&pcid=3043963&cid=3053279#pdp-page-content,https://www.wmagazine.com/fashion/best-fashion-collaborations-launches-capsules-2026,fashion_media,https://imgix.bustle.com/uploads/image/2026/2/13/3a534b93/screen-shot-2026-02.png?w=420&h=561&fit=crop&crop=faces,Gap / Harlem's Fashion Row,Gap.com; select Gap stores,United States; online,press_listed,Extracted from official/retail product card near A/B context.,2026-05-31
Q12026-026-SKP-002,Q12026-026,Harlem's Fashion Row x Gap,Gap,Harlem's Fashion Row,Gap X HFR Stitched Denim Bomber Jacket by LaTouché,outerwear,outerwear,148,USD,https://www.gap.com/browse/product.do?pid=894742002&vid=1&pcid=3043963&cid=3053283#pdp-page-content,https://www.wmagazine.com/fashion/best-fashion-collaborations-launches-capsules-2026,fashion_media,https://imgix.bustle.com/uploads/image/2026/2/13/fa3df01d/screen-shot-2026-02.png?w=420&h=556&fit=crop&crop=faces,Gap / Harlem's Fashion Row,Gap.com; select Gap stores,United States; online,press_listed,Extracted from official/retail product card near A/B context.,2026-05-31
Q12026-026-SKP-003,Q12026-026,Harlem's Fashion Row x Gap,Gap,Harlem's Fashion Row,Gap X HFR Denim Oversized Vest by Nicole Benefield Portfolio,outerwear,outerwear,128,USD,https://www.gap.com/browse/product.do?pid=894738002&vid=1&pcid=3043963&cid=3053280,https://www.wmagazine.com/fashion/best-fashion-collaborations-launches-capsules-2026,fashion_media,https://imgix.bustle.com/uploads/image/2026/2/13/2f9cde32/screen-shot-2026-02.png?w=420&h=561&fit=crop&crop=faces,Gap / Harlem's Fashion Row,Gap.com; select Gap stores,United States; online,press_listed,Extracted from official/retail product card near A/B context.,2026-05-31
Q12026-026-SKP-004,Q12026-026,Harlem's Fashion Row x Gap,Gap,Harlem's Fashion Row,Gap X HFR Embroidered Baggy Jeans by Daveed Baptiste,apparel,apparel,128,USD,https://www.gap.com/browse/product.do?pid=894738002&vid=1&pcid=3043963&cid=3053280,https://www.wmagazine.com/fashion/best-fashion-collaborations-launches-capsules-2026,fashion_media,https://imgix.bustle.com/uploads/image/2026/2/13/2f9cde32/screen-shot-2026-02.png?w=420&h=561&fit=crop&crop=faces,Gap / Harlem's Fashion Row,Gap.com; select Gap stores,United States; online,press_listed,Extracted from official/retail product card near A/B context.,2026-05-31
Q12026-026-SKP-005,Q12026-026,Harlem's Fashion Row x Gap,Gap,Harlem's Fashion Row,Gap X HFR Embroidered Baggy Jeans by Daveed Baptiste,apparel,apparel,,USD,,https://www.wmagazine.com/fashion/best-fashion-collaborations-launches-capsules-2026,fashion_media,,Gap / Harlem's Fashion Row,Gap.com; select Gap stores,United States; online,press_listed,Extracted from product-like HTML attribute near A/B context.,2026-05-31
Q12026-026-SKP-006,Q12026-026,Harlem's Fashion Row x Gap,Gap,Harlem's Fashion Row,Gap X HFR Stitched Denim Bomber Jacket by LaTouché,outerwear,outerwear,,USD,,https://www.wmagazine.com/fashion/best-fashion-collaborations-launches-capsules-2026,fashion_media,,Gap / Harlem's Fashion Row,Gap.com; select Gap stores,United States; online,press_listed,Extracted from product-like HTML attribute near A/B context.,2026-05-31
Q12026-026-SKP-007,Q12026-026,Harlem's Fashion Row x Gap,Gap,Harlem's Fashion Row,Gap X HFR Denim Oversized Vest by Nicole Benefield Portfolio,outerwear,outerwear,,USD,,https://www.wmagazine.com/fashion/best-fashion-collaborations-launches-capsules-2026,fashion_media,,Gap / Harlem's Fashion Row,Gap.com; select Gap stores,United States; online,press_listed,Extracted from product-like HTML attribute near A/B context.,2026-05-31
Q12026-027-SKP-001,Q12026-027,Paul Smith Loves Barbour Spring/Summer 2026,Barbour,Paul Smith,Shirt Guide,apparel,apparel,100,USD,https://www.barbour.com/us/shirt-guide.html,https://www.barbour.com/us/search?q=Paul%20Smith,official_or_retail,https://www.barbour.com/dw/image/v2/BLCL_PRD/on/demandware.static/-/Library-Sites-BarbourSharedLibrary/default/dw9cf212ea/Landing%20Pages/Shirt%20Department/SHIRTBANNERMOBSS26.png?q=70&sh=798&strip=false&sw=449,Barbour / Paul Smith,PaulSmith.com; Barbour.com; selected retailers,global selected retail,verified_product,Missing-SKP official pass: product page returned 200 from official/retail domain; source candidate https://www.barbour.com/us/search?q=Paul%20Smith. Preserved from verified official SKP cache after current fetch did not reproduce the row. Preserved from verified official SKP cache after current fetch did not reproduce the row. Preserved from verified official SKP cache after current fetch did not reproduce the row. Preserved from verified official SKP cache after current fetch did not reproduce the row. Preserved from verified official SKP cache after current fetch did not reproduce the row. Preserved from verified official SKP cache after current fetch did not reproduce the row.,2026-05-31
Q12026-027-SKP-002,Q12026-027,Paul Smith Loves Barbour Spring/Summer 2026,Barbour,Paul Smith,Waxed Jacket Guide,outerwear,outerwear,100,USD,https://www.barbour.com/us/waxed-jackets.html,https://www.barbour.com/us/search?q=Paul%20Smith,official_or_retail,https://www.barbour.com/dw/image/v2/BLCL_PRD/on/demandware.static/-/Library-Sites-BarbourSharedLibrary/default/dwb73bb318/Landing%20Pages/Waxed%20Jackets/BEADNELL%20WJ%20SUPERFLAT.png?q=70&sh=524&strip=false&sw=449,Barbour / Paul Smith,PaulSmith.com; Barbour.com; selected retailers,global selected retail,verified_product,Missing-SKP official pass: product page returned 200 from official/retail domain; source candidate https://www.barbour.com/us/search?q=Paul%20Smith. Preserved from verified official SKP cache after current fetch did not reproduce the row. Preserved from verified official SKP cache after current fetch did not reproduce the row. Preserved from verified official SKP cache after current fetch did not reproduce the row. Preserved from verified official SKP cache after current fetch did not reproduce the row. Preserved from verified official SKP cache after current fetch did not reproduce the row. Preserved from verified official SKP cache after current fetch did not reproduce the row.,2026-05-31
Q12026-027-SKP-003,Q12026-027,Paul Smith Loves Barbour Spring/Summer 2026,Barbour,Paul Smith,Paul Smith Loves Barbour Tote Bag,bags,bags,270.00,USD,https://www.barbour.com/us/paul-smith-loves-barbour-tote-bag-UBA0772SN71.html,https://www.barbour.com/us/search?q=Paul%20Smith,official_or_retail,https://www.barbour.com/dw/image/v2/BLCL_PRD/on/demandware.static/-/Sites-master-catalog/default/dw7e128d44/images/UBA0772SN71/UBA0772SN71_01front.jpg?sw=1500&q=70&strip=false,Barbour / Paul Smith,PaulSmith.com; Barbour.com; selected retailers,global selected retail,verified_product,Missing-SKP official pass: product page returned 200 from official/retail domain; source candidate https://www.barbour.com/us/search?q=Paul%20Smith. Preserved from verified official SKP cache after current fetch did not reproduce the row. Preserved from verified official SKP cache after current fetch did not reproduce the row. Preserved from verified official SKP cache after current fetch did not reproduce the row. Preserved from verified official SKP cache after current fetch did not reproduce the row. Preserved from verified official SKP cache after current fetch did not reproduce the row. Preserved from verified official SKP cache after current fetch did not reproduce the row.,2026-05-31
Q12026-027-SKP-004,Q12026-027,Paul Smith Loves Barbour Spring/Summer 2026,Barbour,Paul Smith,Paul Smith Loves Barbour Gingham Spey Casual Jacket,outerwear,outerwear,475.00,USD,https://www.barbour.com/us/paul-smith-loves-barbour-gingham-spey-casual-jacket-LCA0383NY71.html,https://www.barbour.com/us/search?q=Paul%20Smith,official_or_retail,https://www.barbour.com/dw/image/v2/BLCL_PRD/on/demandware.static/-/Sites-master-catalog/default/dw56083985/images/LCA0383NY71/LCA0383NY71_01front.jpg?sw=1500&q=70&strip=false,Barbour / Paul Smith,PaulSmith.com; Barbour.com; selected retailers,global selected retail,verified_product,Missing-SKP official pass: product page returned 200 from official/retail domain; source candidate https://www.barbour.com/us/search?q=Paul%20Smith. Preserved from verified official SKP cache after current fetch did not reproduce the row. Preserved from verified official SKP cache after current fetch did not reproduce the row. Preserved from verified official SKP cache after current fetch did not reproduce the row. Preserved from verified official SKP cache after current fetch did not reproduce the row. Preserved from verified official SKP cache after current fetch did not reproduce the row. Preserved from verified official SKP cache after current fetch did not reproduce the row.,2026-05-31
Q12026-027-SKP-005,Q12026-027,Paul Smith Loves Barbour Spring/Summer 2026,Barbour,Paul Smith,Paul Smith Loves Barbour Crossbody Bag,bags,bags,145.00,USD,https://www.barbour.com/us/paul-smith-loves-barbour-crossbody-bag-UBA0773SN71.html,https://www.barbour.com/us/search?q=Paul%20Smith,official_or_retail,https://www.barbour.com/dw/image/v2/BLCL_PRD/on/demandware.static/-/Sites-master-catalog/default/dw8c03ecba/images/UBA0773SN71/UBA0773SN71_01front.jpg?sw=1500&q=70&strip=false,Barbour / Paul Smith,PaulSmith.com; Barbour.com; selected retailers,global selected retail,verified_product,Missing-SKP official pass: product page returned 200 from official/retail domain; source candidate https://www.barbour.com/us/search?q=Paul%20Smith. Preserved from verified official SKP cache after current fetch did not reproduce the row. Preserved from verified official SKP cache after current fetch did not reproduce the row. Preserved from verified official SKP cache after current fetch did not reproduce the row. Preserved from verified official SKP cache after current fetch did not reproduce the row. Preserved from verified official SKP cache after current fetch did not reproduce the row. Preserved from verified official SKP cache after current fetch did not reproduce the row.,2026-05-31
Q12026-027-SKP-006,Q12026-027,Paul Smith Loves Barbour Spring/Summer 2026,Barbour,Paul Smith,Paul Smith Loves Barbour Broomhill Showerproof Jacket,outerwear,outerwear,520.00,USD,https://www.barbour.com/us/paul-smith-loves-barbour-broomhill-showerproof-jacket-LSP0329GN33.html,https://www.barbour.com/us/search?q=Paul%20Smith,official_or_retail,https://www.barbour.com/dw/image/v2/BLCL_PRD/on/demandware.static/-/Sites-master-catalog/default/dw63bfd6fb/images/LSP0329GN33/LSP0329GN33_01front.jpg?sw=1500&q=70&strip=false,Barbour / Paul Smith,PaulSmith.com; Barbour.com; selected retailers,global selected retail,verified_product,Missing-SKP official pass: product page returned 200 from official/retail domain; source candidate https://www.barbour.com/us/search?q=Paul%20Smith. Preserved from verified official SKP cache after current fetch did not reproduce the row. Preserved from verified official SKP cache after current fetch did not reproduce the row. Preserved from verified official SKP cache after current fetch did not reproduce the row. Preserved from verified official SKP cache after current fetch did not reproduce the row. Preserved from verified official SKP cache after current fetch did not reproduce the row. Preserved from verified official SKP cache after current fetch did not reproduce the row.,2026-05-31
Q12026-027-SKP-007,Q12026-027,Paul Smith Loves Barbour Spring/Summer 2026,Barbour,Paul Smith,Paul Smith Loves Barbour Whitby Knitted Zip Through Cardigan,apparel,apparel,310.00,USD,https://www.barbour.com/us/paul-smith-loves-barbour-whitby-knitted-zip-through-cardigan-LKN1769NY99.html,https://www.barbour.com/us/search?q=Paul%20Smith,official_or_retail,https://www.barbour.com/dw/image/v2/BLCL_PRD/on/demandware.static/-/Sites-master-catalog/default/dw0af5799d/images/LKN1769NY99/LKN1769NY99_01front.jpg?sw=1500&q=70&strip=false,Barbour / Paul Smith,PaulSmith.com; Barbour.com; selected retailers,global selected retail,verified_product,Missing-SKP official pass: product page returned 200 from official/retail domain; source candidate https://www.barbour.com/us/search?q=Paul%20Smith. Preserved from verified official SKP cache after current fetch did not reproduce the row. Preserved from verified official SKP cache after current fetch did not reproduce the row. Preserved from verified official SKP cache after current fetch did not reproduce the row. Preserved from verified official SKP cache after current fetch did not reproduce the row. Preserved from verified official SKP cache after current fetch did not reproduce the row. Preserved from verified official SKP cache after current fetch did not reproduce the row.,2026-05-31
Q12026-027-SKP-008,Q12026-027,Paul Smith Loves Barbour Spring/Summer 2026,Barbour,Paul Smith,Paul Smith Loves Barbour Sugarlump Bedale Casual Jacket,outerwear,outerwear,705.00,USD,https://www.barbour.com/us/paul-smith-loves-barbour-sugarlump-bedale-casual-jacket-MCA1126BL51.html,https://www.barbour.com/us/search?q=Paul%20Smith,official_or_retail,https://www.barbour.com/dw/image/v2/BLCL_PRD/on/demandware.static/-/Sites-master-catalog/default/dw7702f4e2/images/MCA1126BL51/MCA1126BL51_01front.jpg?sw=1500&q=70&strip=false,Barbour / Paul Smith,PaulSmith.com; Barbour.com; selected retailers,global selected retail,verified_product,Missing-SKP official pass: product page returned 200 from official/retail domain; source candidate https://www.barbour.com/us/search?q=Paul%20Smith. Preserved from verified official SKP cache after current fetch did not reproduce the row. Preserved from verified official SKP cache after current fetch did not reproduce the row. Preserved from verified official SKP cache after current fetch did not reproduce the row. Preserved from verified official SKP cache after current fetch did not reproduce the row. Preserved from verified official SKP cache after current fetch did not reproduce the row. Preserved from verified official SKP cache after current fetch did not reproduce the row.,2026-05-31
Q12026-027-SKP-009,Q12026-027,Paul Smith Loves Barbour Spring/Summer 2026,Barbour,Paul Smith,Paul Smith Loves Barbour Cap,accessories,accessories,85.00,USD,https://www.barbour.com/us/paul-smith-loves-barbour-cap-MHA0964BL71.html,https://www.barbour.com/us/search?q=Paul%20Smith,official_or_retail,https://www.barbour.com/dw/image/v2/BLCL_PRD/on/demandware.static/-/Sites-master-catalog/default/dwb4bc32a8/images/MHA0964BL71/MHA0964BL71_01front.jpg?sw=1500&q=70&strip=false,Barbour / Paul Smith,PaulSmith.com; Barbour.com; selected retailers,global selected retail,verified_product,Missing-SKP official pass: product page returned 200 from official/retail domain; source candidate https://www.barbour.com/us/search?q=Paul%20Smith. Preserved from verified official SKP cache after current fetch did not reproduce the row. Preserved from verified official SKP cache after current fetch did not reproduce the row. Preserved from verified official SKP cache after current fetch did not reproduce the row. Preserved from verified official SKP cache after current fetch did not reproduce the row. Preserved from verified official SKP cache after current fetch did not reproduce the row. Preserved from verified official SKP cache after current fetch did not reproduce the row.,2026-05-31
Q12026-027-SKP-010,Q12026-027,Paul Smith Loves Barbour Spring/Summer 2026,Barbour,Paul Smith,Paul Smith Loves Barbour Transport Casual Jacket,outerwear,outerwear,550.00,USD,https://www.barbour.com/us/paul-smith-loves-barbour-transport-casual-jacket-MCA1128GN52.html,https://www.barbour.com/us/search?q=Paul%20Smith,official_or_retail,https://www.barbour.com/dw/image/v2/BLCL_PRD/on/demandware.static/-/Sites-master-catalog/default/dw8976dfa4/images/MCA1128GN52/MCA1128GN52_01front.jpg?sw=1500&q=70&strip=false,Barbour / Paul Smith,PaulSmith.com; Barbour.com; selected retailers,global selected retail,verified_product,Missing-SKP official pass: product page returned 200 from official/retail domain; source candidate https://www.barbour.com/us/search?q=Paul%20Smith. Preserved from verified official SKP cache after current fetch did not reproduce the row. Preserved from verified official SKP cache after current fetch did not reproduce the row. Preserved from verified official SKP cache after current fetch did not reproduce the row. Preserved from verified official SKP cache after current fetch did not reproduce the row. Preserved from verified official SKP cache after current fetch did not reproduce the row. Preserved from verified official SKP cache after current fetch did not reproduce the row.,2026-05-31
Q12026-027-SKP-011,Q12026-027,Paul Smith Loves Barbour Spring/Summer 2026,Barbour,Paul Smith,Paul Smith Loves Barbour Spey Casual Jacket,outerwear,outerwear,520.00,USD,https://www.barbour.com/us/paul-smith-loves-barbour-spey-casual-jacket-LCA0390RE52.html,https://www.barbour.com/us/search?q=Paul%20Smith,official_or_retail,https://www.barbour.com/dw/image/v2/BLCL_PRD/on/demandware.static/-/Sites-master-catalog/default/dwc7431865/images/LCA0390RE52/LCA0390RE52_01front.jpg?sw=1500&q=70&strip=false,Barbour / Paul Smith,PaulSmith.com; Barbour.com; selected retailers,global selected retail,verified_product,Missing-SKP official pass: product page returned 200 from official/retail domain; source candidate https://www.barbour.com/us/search?q=Paul%20Smith. Preserved from verified official SKP cache after current fetch did not reproduce the row. Preserved from verified official SKP cache after current fetch did not reproduce the row. Preserved from verified official SKP cache after current fetch did not reproduce the row. Preserved from verified official SKP cache after current fetch did not reproduce the row. Preserved from verified official SKP cache after current fetch did not reproduce the row. Preserved from verified official SKP cache after current fetch did not reproduce the row.,2026-05-31
Q12026-027-SKP-012,Q12026-027,Paul Smith Loves Barbour Spring/Summer 2026,Barbour,Paul Smith,Paul Smith Loves Barbour Casual Parka,outerwear,outerwear,670.00,USD,https://www.barbour.com/us/paul-smith-loves-barbour-casual-parka-MCA1127OL52.html,https://www.barbour.com/us/search?q=Paul%20Smith,official_or_retail,https://www.barbour.com/dw/image/v2/BLCL_PRD/on/demandware.static/-/Sites-master-catalog/default/dwb452d750/images/MCA1127OL52/MCA1127OL52_01front.jpg?sw=1500&q=70&strip=false,Barbour / Paul Smith,PaulSmith.com; Barbour.com; selected retailers,global selected retail,verified_product,Missing-SKP official pass: product page returned 200 from official/retail domain; source candidate https://www.barbour.com/us/search?q=Paul%20Smith. Preserved from verified official SKP cache after current fetch did not reproduce the row. Preserved from verified official SKP cache after current fetch did not reproduce the row. Preserved from verified official SKP cache after current fetch did not reproduce the row. Preserved from verified official SKP cache after current fetch did not reproduce the row. Preserved from verified official SKP cache after current fetch did not reproduce the row. Preserved from verified official SKP cache after current fetch did not reproduce the row.,2026-05-31
Q12026-027-SKP-013,Q12026-027,Paul Smith Loves Barbour Spring/Summer 2026,Barbour,Paul Smith,Paul Smith Loves Barbour Felton Striped Knitted Polo,apparel,apparel,230.00,USD,https://www.barbour.com/us/paul-smith-loves-barbour-felton-striped-knitted-polo-LKN1770MI11.html,https://www.barbour.com/us/search?q=Paul%20Smith,official_or_retail,https://www.barbour.com/dw/image/v2/BLCL_PRD/on/demandware.static/-/Sites-master-catalog/default/dw3c9eae8b/images/LKN1770MI11/LKN1770MI11_01front.jpg?sw=1500&q=70&strip=false,Barbour / Paul Smith,PaulSmith.com; Barbour.com; selected retailers,global selected retail,verified_product,Missing-SKP official pass: product page returned 200 from official/retail domain; source candidate https://www.barbour.com/us/search?q=Paul%20Smith. Preserved from verified official SKP cache after current fetch did not reproduce the row. Preserved from verified official SKP cache after current fetch did not reproduce the row. Preserved from verified official SKP cache after current fetch did not reproduce the row. Preserved from verified official SKP cache after current fetch did not reproduce the row. Preserved from verified official SKP cache after current fetch did not reproduce the row. Preserved from verified official SKP cache after current fetch did not reproduce the row.,2026-05-31
Q12026-027-SKP-014,Q12026-027,Paul Smith Loves Barbour Spring/Summer 2026,Barbour,Paul Smith,Paul Smith Loves Barbour Scoop T-Shirt,apparel,apparel,110.00,USD,https://www.barbour.com/us/paul-smith-loves-barbour-scoop-t-shirt-MTS1613WH32.html,https://www.barbour.com/us/search?q=Paul%20Smith,official_or_retail,https://www.barbour.com/dw/image/v2/BLCL_PRD/on/demandware.static/-/Sites-master-catalog/default/dw4930547e/images/MTS1613WH32/MTS1613WH32_01front.jpg?sw=1500&q=70&strip=false,Barbour / Paul Smith,PaulSmith.com; Barbour.com; selected retailers,global selected retail,verified_product,Missing-SKP official pass: product page returned 200 from official/retail domain; source candidate https://www.barbour.com/us/search?q=Paul%20Smith. Preserved from verified official SKP cache after current fetch did not reproduce the row. Preserved from verified official SKP cache after current fetch did not reproduce the row. Preserved from verified official SKP cache after current fetch did not reproduce the row. Preserved from verified official SKP cache after current fetch did not reproduce the row. Preserved from verified official SKP cache after current fetch did not reproduce the row. Preserved from verified official SKP cache after current fetch did not reproduce the row.,2026-05-31
Q12026-027-SKP-015,Q12026-027,Paul Smith Loves Barbour Spring/Summer 2026,Barbour,Paul Smith,Paul Smith Loves Barbour Domed Bucket Hat,accessories,accessories,100.00,USD,https://www.barbour.com/us/paul-smith-loves-barbour-domed-bucket-hat-MHA0965GN32.html,https://www.barbour.com/us/search?q=Paul%20Smith,official_or_retail,https://www.barbour.com/dw/image/v2/BLCL_PRD/on/demandware.static/-/Sites-master-catalog/default/dw0b5122d2/images/MHA0965GN32/MHA0965GN32_01front.jpg?sw=1500&q=70&strip=false,Barbour / Paul Smith,PaulSmith.com; Barbour.com; selected retailers,global selected retail,verified_product,Missing-SKP official pass: product page returned 200 from official/retail domain; source candidate https://www.barbour.com/us/search?q=Paul%20Smith. Preserved from verified official SKP cache after current fetch did not reproduce the row. Preserved from verified official SKP cache after current fetch did not reproduce the row. Preserved from verified official SKP cache after current fetch did not reproduce the row. Preserved from verified official SKP cache after current fetch did not reproduce the row. Preserved from verified official SKP cache after current fetch did not reproduce the row. Preserved from verified official SKP cache after current fetch did not reproduce the row.,2026-05-31
Q12026-027-SKP-016,Q12026-027,Paul Smith Loves Barbour Spring/Summer 2026,Barbour,Paul Smith,Paul Smith Loves Barbour Fishing Jacket T-Shirt,outerwear,outerwear,90.00,USD,https://www.barbour.com/us/paul-smith-loves-barbour-fishing-jacket-t-shirt-MTS1612BL54.html,https://www.barbour.com/us/search?q=Paul%20Smith,official_or_retail,https://www.barbour.com/dw/image/v2/BLCL_PRD/on/demandware.static/-/Sites-master-catalog/default/dwe00b346c/images/MTS1612BL54/MTS1612BL54_01front.jpg?sw=1500&q=70&strip=false,Barbour / Paul Smith,PaulSmith.com; Barbour.com; selected retailers,global selected retail,verified_product,Missing-SKP official pass: product page returned 200 from official/retail domain; source candidate https://www.barbour.com/us/search?q=Paul%20Smith. Preserved from verified official SKP cache after current fetch did not reproduce the row. Preserved from verified official SKP cache after current fetch did not reproduce the row. Preserved from verified official SKP cache after current fetch did not reproduce the row. Preserved from verified official SKP cache after current fetch did not reproduce the row. Preserved from verified official SKP cache after current fetch did not reproduce the row. Preserved from verified official SKP cache after current fetch did not reproduce the row.,2026-05-31
Q12026-028-SKP-001,Q12026-028,Frame x Amelia Gray Collaboration Restock and Expansion,Frame,Amelia Gray,Bad Girl High-Rise Barrel-Leg Jeans,apparel,apparel,,USD,,https://www.elle.com/fashion/a70201790/best-fashion-launches-february-2026/,seeded_source_extract,,Frame / ELLE,Frame-store.com; Frame stores,online; stores,press_listed,ELLE launch coverage identifies the Frame x Amelia Gray jeans product.,2026-05-31
Q12026-029-SKP-001,Q12026-029,Ray-Ban by A$AP Rocky Metal Eyewear Collection,Ray-Ban,A$AP Rocky,RB3929 Sunglasses,accessories,accessories,,USD,,https://www.elle.com/fashion/a70201790/best-fashion-launches-february-2026/,fashion_media,https://vader-prod.s3.amazonaws.com/product-images/072a825c-0fc6-485a-912d-23dc6d207337/c68acf55-b7be-4d78-bd56-40c279349c42.jpg,Ray-Ban / ELLE,Ray-Ban.com,online,press_listed,Extracted from JSON-LD Product structured data; brand matched Ray-Ban.,2026-05-31
Q12026-029-SKP-002,Q12026-029,Ray-Ban by A$AP Rocky Metal Eyewear Collection,Ray-Ban,A$AP Rocky,RB3928 Sunglasses,accessories,accessories,,USD,,https://www.elle.com/fashion/a70201790/best-fashion-launches-february-2026/,fashion_media,https://vader-prod.s3.amazonaws.com/product-images/3fa0f4b0-50be-4c27-8d4d-e7712c11dfaa/cc8b8ac9-bcb0-49c5-b59f-cb21066e2a24.jpg,Ray-Ban / ELLE,Ray-Ban.com,online,press_listed,Extracted from JSON-LD Product structured data; brand matched Ray-Ban.,2026-05-31
Q12026-030-SKP-001,Q12026-030,La Ligne x Steve McQueen Estate Capsule,La Ligne,Steve McQueen Estate,La Ligne x Steve McQueen Polo,apparel,apparel,,USD,https://lalignenyc.com/products/la-ligne-x-steve-mcqueen-polo-chocolate,https://lalignenyc.com/search?q=Steve%20McQueen%20Estate,official_or_retail,,La Ligne / Steve McQueen Estate,LaLigneNYC.com; New York City stores,United States; online,verified_product,Extracted from official/retail product card near A/B context. Preserved from verified official SKP cache after current fetch did not reproduce the row. Preserved from verified official SKP cache after current fetch did not reproduce the row. Preserved from verified official SKP cache after current fetch did not reproduce the row. Preserved from verified official SKP cache after current fetch did not reproduce the row. Preserved from verified official SKP cache after current fetch did not reproduce the row. Preserved from verified official SKP cache after current fetch did not reproduce the row. Preserved from verified official SKP cache after current fetch did not reproduce the row. Preserved from verified official SKP cache after current fetch did not reproduce the row. Preserved from verified official SKP cache after current fetch did not reproduce the row. Preserved from verified official SKP cache after current fetch did not reproduce the row. Preserved from verified official SKP cache after current fetch did not reproduce the row. Preserved from verified official SKP cache after current fetch did not reproduce the row. Preserved from verified official SKP cache after current fetch did not reproduce the row. Preserved from verified official SKP cache after current fetch did not reproduce the row. Preserved from verified official SKP cache after current fetch did not reproduce the row. Preserved from verified official SKP cache after current fetch did not reproduce the row. Preserved from verified official SKP cache after current fetch did not reproduce the row. Preserved from verified official SKP cache after current fetch did not reproduce the row.,2026-05-31
Q12026-030-SKP-002,Q12026-030,La Ligne x Steve McQueen Estate Capsule,La Ligne,Steve McQueen Estate,La Ligne x Steve McQueen Ribbed Sweater,apparel,apparel,,USD,https://lalignenyc.com/products/la-ligne-x-steve-mcqueen-ribbed-sweater-navy,https://lalignenyc.com/search?q=Steve%20McQueen%20Estate,official_or_retail,,La Ligne / Steve McQueen Estate,LaLigneNYC.com; New York City stores,United States; online,verified_product,Extracted from official/retail product card near A/B context. Preserved from verified official SKP cache after current fetch did not reproduce the row. Preserved from verified official SKP cache after current fetch did not reproduce the row. Preserved from verified official SKP cache after current fetch did not reproduce the row. Preserved from verified official SKP cache after current fetch did not reproduce the row. Preserved from verified official SKP cache after current fetch did not reproduce the row. Preserved from verified official SKP cache after current fetch did not reproduce the row. Preserved from verified official SKP cache after current fetch did not reproduce the row. Preserved from verified official SKP cache after current fetch did not reproduce the row. Preserved from verified official SKP cache after current fetch did not reproduce the row. Preserved from verified official SKP cache after current fetch did not reproduce the row. Preserved from verified official SKP cache after current fetch did not reproduce the row. Preserved from verified official SKP cache after current fetch did not reproduce the row. Preserved from verified official SKP cache after current fetch did not reproduce the row. Preserved from verified official SKP cache after current fetch did not reproduce the row. Preserved from verified official SKP cache after current fetch did not reproduce the row. Preserved from verified official SKP cache after current fetch did not reproduce the row. Preserved from verified official SKP cache after current fetch did not reproduce the row. Preserved from verified official SKP cache after current fetch did not reproduce the row.,2026-05-31
Q12026-031-SKP-001,Q12026-031,On x Sky High Farm Goods SS26,On,Sky High Farm Goods,On x Sky High Farm Goods Wildflower Trainer,footwear,footwear,,,,https://www.t3.com/active/running/on-and-sky-high-farm-goods-are-back-with-a-wildflower-inspired-trainer-drop-for-ss26,seeded_source_extract,,On / Sky High Farm Goods,On channels; selected retailers,global selected retail,press_listed,T3 source describes the collaboration as a wildflower-inspired trainer drop.,2026-05-31
Q12026-031-SKP-002,Q12026-031,On x Sky High Farm Goods SS26,On,Sky High Farm Goods,On and Sky High Farm Goods are back with a wildflower-inspired trainer drop for SS26,footwear,footwear,,,,https://www.t3.com/active/running/on-and-sky-high-farm-goods-are-back-with-a-wildflower-inspired-trainer-drop-for-ss26,fashion_media,,On / Sky High Farm Goods,On channels; selected retailers,global selected retail,press_listed,Extracted from product-like heading near A/B context.,2026-05-31
Q12026-032-SKP-001,Q12026-032,Moschino x Snoop Dogg Winter Capsule,Moschino,Snoop Dogg,T-shirt Limited Edition Moschino x Snoop Dogg,apparel,apparel,250.00,EUR,https://www.moschino.com/products/t-shirt-limited-edition-moschino-x-snoop-dogg-bianco-aef261zza077902911001?_pos=2&_sid=c9a02a3c4&_ss=r,https://www.moschino.com/search?q=Snoop%20Dogg,official_or_retail,https://www.moschino.com/cdn/shop/files/Aeffe_2Farticle_imgs_2FAEF261ZZ07790291_2F468937.jpg?crop=center&v=1770282144&width=640,Moschino,Moschino channels; Milan event context,Italy; event-linked limited release,verified_product,Missing-SKP official pass: product page returned 200 from official/retail domain; source candidate https://www.moschino.com/search?q=Snoop%20Dogg. Preserved from verified official SKP cache after current fetch did not reproduce the row. Preserved from verified official SKP cache after current fetch did not reproduce the row. Preserved from verified official SKP cache after current fetch did not reproduce the row. Preserved from verified official SKP cache after current fetch did not reproduce the row.,2026-05-31
Q12026-040-SKP-001,Q12026-040,Converse x Oshi no Ko Collection,Converse,Oshi no Ko / ABC-Mart,Converse x Oshi no Ko Sneakers,footwear,footwear,,JPY,,https://respawn.outlookindia.com/pop-culture/pop-culture-news/converse-collabs-with-oshi-no-ko-for-an-anime-inspired-collection,seeded_source_extract,,Converse / Oshi no Ko,ABC-Mart stores in Japan,Japan,press_listed,Respawn/Outlook source describes the release as an anime-inspired Converse shoes collection.,2026-05-31
Q12026-040-SKP-002,Q12026-040,Converse x Oshi no Ko Collection,Converse,Oshi no Ko / ABC-Mart,"Aqua, Ruby, Arima Kana, and Mem-cho promoting the Oshi no Ko Converse Shoes",footwear,footwear,,JPY,,https://respawn.outlookindia.com/pop-culture/pop-culture-news/converse-collabs-with-oshi-no-ko-for-an-anime-inspired-collection,release_media,,Converse / Oshi no Ko,ABC-Mart stores in Japan,Japan,press_listed,Extracted from product-like HTML attribute near A/B context.,2026-05-31
Q12026-043-SKP-001,Q12026-043,Rakeem Miles x K-Swiss Drop 3,K-Swiss,Rakeem Miles,Rakeem Miles x K-Swiss Court Tie Break Sneaker,footwear,footwear,,USD,,https://sneakernews.com/2026/02/23/rakeem-miles-k-swiss-court-tie-break/,seeded_source_extract,,K-Swiss / Rakeem Miles,K-Swiss online,online,press_listed,Sneaker News URL/source identifies the Court Tie Break footwear product.,2026-05-31
Q12026-044-SKP-001,Q12026-044,The North Face x Cecilie Bahnsen Third Collaboration,The North Face,Cecilie Bahnsen,The North Face x Cecilie Bahnsen Jacket,outerwear,outerwear,,USD,,https://footwearmagazine.com/the-north-face-cecilie-bahnsen-third-collab/,seeded_source_extract,,The North Face / Cecilie Bahnsen,TheNorthFace.com; CecilieBahnsen.com; selected retailers worldwide,global selected retail,press_listed,"Source category and price evidence supports outerwear, footwear and bag products, but not every style name was recovered.",2026-05-31
Q12026-044-SKP-002,Q12026-044,The North Face x Cecilie Bahnsen Third Collaboration,The North Face,Cecilie Bahnsen,The North Face x Cecilie Bahnsen Bag,bags,bags,,USD,,https://footwearmagazine.com/the-north-face-cecilie-bahnsen-third-collab/,seeded_source_extract,,The North Face / Cecilie Bahnsen,TheNorthFace.com; CecilieBahnsen.com; selected retailers worldwide,global selected retail,press_listed,"Source category and price evidence supports outerwear, footwear and bag products, but not every style name was recovered.",2026-05-31
Q12026-044-SKP-003,Q12026-044,The North Face x Cecilie Bahnsen Third Collaboration,The North Face,Cecilie Bahnsen,Convertible Jacket,outerwear,outerwear,,USD,,https://www.elle.com/fashion/a70574295/best-fashion-launches-march-2026/,fashion_media,https://vader-prod.s3.amazonaws.com/product-images/73c22c9a-e60f-4eb1-b53e-9f8f2bb65eb4/e36ff170-68d4-4309-9d2c-a67ec78f50c8.jpg,The North Face / Cecilie Bahnsen,TheNorthFace.com; CecilieBahnsen.com; selected retailers worldwide,global selected retail,press_listed,Extracted from JSON-LD Product structured data; brand matched <p>The North Face x Cecilie Bahnsen</p>.,2026-05-31
Q12026-044-SKP-004,Q12026-044,The North Face x Cecilie Bahnsen Third Collaboration,The North Face,Cecilie Bahnsen,The North Face x Cecilie Bahnsen Convertible Jacket,outerwear,outerwear,,USD,,https://www.elle.com/fashion/a70574295/best-fashion-launches-march-2026/,fashion_media,,The North Face / Cecilie Bahnsen,TheNorthFace.com; CecilieBahnsen.com; selected retailers worldwide,global selected retail,press_listed,Extracted from product-like heading near A/B context.,2026-05-31
Q12026-046-SKP-001,Q12026-046,Thom Browne x ASICS GEL-KAYANO 14,Thom Browne,ASICS,Thom Browne x ASICS GEL-KAYANO 14,footwear,footwear,,USD,,https://footwearmagazine.com/asics-thom-browne-super-bowl-gel-kayano-14/,seeded_source_extract,,Thom Browne / ASICS,Thom Browne retail; ThomBrowne.com; select global retailers,global selected retail,press_listed,Footwear News source identifies the GEL-KAYANO 14 collaboration product.,2026-05-31
Q12026-046-SKP-002,Q12026-046,Thom Browne x ASICS GEL-KAYANO 14,Thom Browne,ASICS,Thom Browne’s First Sneaker Collaboration,footwear,footwear,,USD,,https://footwearmagazine.com/asics-thom-browne-super-bowl-gel-kayano-14/,release_media,,Thom Browne / ASICS,Thom Browne retail; ThomBrowne.com; select global retailers,global selected retail,press_listed,Extracted from product-like heading near A/B context.,2026-05-31
Q12026-046-SKP-003,Q12026-046,Thom Browne x ASICS GEL-KAYANO 14,Thom Browne,ASICS,Gel-Kayano 14,footwear,footwear,,USD,,https://www.elle.com/fashion/a70574295/best-fashion-launches-march-2026/,fashion_media,https://vader-prod.s3.amazonaws.com/product-images/8c336f21-8c7a-4f30-a759-6cb2db5c537b/d396aaec-c6c5-4294-b297-0d8687b296fa.jpeg,Thom Browne / ASICS,Thom Browne retail; ThomBrowne.com; select global retailers,global selected retail,press_listed,Extracted from JSON-LD Product structured data; brand matched Thom Browne for Asics.,2026-05-31
Q12026-046-SKP-004,Q12026-046,Thom Browne x ASICS GEL-KAYANO 14,Thom Browne,ASICS,Thom Browne for Asics Gel-Kayano 14,footwear,footwear,450,USD,https://www.ls/,https://www.elle.com/fashion/a70574295/best-fashion-launches-march-2026/,fashion_media,,Thom Browne / ASICS,Thom Browne retail; ThomBrowne.com; select global retailers,global selected retail,press_listed,Extracted from official/retail product card near A/B context.,2026-05-31
Q12026-046-SKP-005,Q12026-046,Thom Browne x ASICS GEL-KAYANO 14,Thom Browne,ASICS,Thom Browne Drops a New Sneaker With Asics,footwear,footwear,,USD,,https://www.elle.com/fashion/a70574295/best-fashion-launches-march-2026/,fashion_media,,Thom Browne / ASICS,Thom Browne retail; ThomBrowne.com; select global retailers,global selected retail,press_listed,Extracted from product-like heading near A/B context.,2026-05-31
Q12026-046-SKP-006,Q12026-046,Thom Browne x ASICS GEL-KAYANO 14,Thom Browne,ASICS,Thom Browne for Asics Gel-Kayano 14,footwear,footwear,,USD,,https://www.elle.com/fashion/a70574295/best-fashion-launches-march-2026/,fashion_media,,Thom Browne / ASICS,Thom Browne retail; ThomBrowne.com; select global retailers,global selected retail,press_listed,Extracted from product-like heading near A/B context.,2026-05-31
Q12026-047-SKP-001,Q12026-047,MOTHER x Merci Capsule,MOTHER,Merci,Merci x MOTHER The Dodger Ankle - Act Natural Jeans,apparel,APPAREL,278.00,USD,https://www.motherdenim.com/products/the-dodger-ankle-act-natural-merci?_pos=1&_psq=merci&_ss=e&_v=1.0,https://www.motherdenim.com/search/suggest.json?q=merci&resources[type]=product&resources[limit]=20,official_shopify_search,https://cdn.shopify.com/s/files/1/2094/5935/files/M1888-544-ANM_VW-A-FullBodyFront_41529.jpg?v=1771523657,MOTHER / Merci / ELLE,https://www.motherdenim.com,online; Paris pop-up,verified_product,"Extracted from Shopify product search for ""merci"".",2026-05-31
Q12026-047-SKP-002,Q12026-047,MOTHER x Merci Capsule,MOTHER,Merci,Merci x MOTHER The Dodger Ankle - Green Thumb Jeans,apparel,APPAREL,298.00,USD,https://www.motherdenim.com/products/the-dodger-ankle-green-thumb-merci?_pos=2&_psq=merci&_ss=e&_v=1.0,https://www.motherdenim.com/search/suggest.json?q=merci&resources[type]=product&resources[limit]=20,official_shopify_search,https://cdn.shopify.com/s/files/1/2094/5935/files/M1888-313-GBM_VW-A-FullBodyFront_41540.jpg?v=1771523989,MOTHER / Merci / ELLE,https://www.motherdenim.com,online; Paris pop-up,verified_product,"Extracted from Shopify product search for ""merci"".",2026-05-31
Q12026-047-SKP-003,Q12026-047,MOTHER x Merci Capsule,MOTHER,Merci,Merci x MOTHER The Bestie - Office Hours Shirt,apparel,APPAREL,258.00,USD,https://www.motherdenim.com/products/the-bestie-office-hours-merci?_pos=3&_psq=merci&_ss=e&_v=1.0,https://www.motherdenim.com/search/suggest.json?q=merci&resources[type]=product&resources[limit]=20,official_shopify_search,https://cdn.shopify.com/s/files/1/2094/5935/files/M2714-1973-OHM_VW-A-WaistUpFront_41561.jpg?v=1771524487,MOTHER / Merci / ELLE,https://www.motherdenim.com,online; Paris pop-up,verified_product,"Extracted from Shopify product search for ""merci"".",2026-05-31
Q12026-047-SKP-004,Q12026-047,MOTHER x Merci Capsule,MOTHER,Merci,Merci x MOTHER The Boxy Match - Going The Distance Shirt,apparel,APPAREL,258.00,USD,https://www.motherdenim.com/products/the-boxy-match-going-the-distance?_pos=4&_psq=merci&_ss=e&_v=1.0,https://www.motherdenim.com/search/suggest.json?q=merci&resources[type]=product&resources[limit]=20,official_shopify_search,https://cdn.shopify.com/s/files/1/2094/5935/files/M8475-2020-GTD_VW-A-WaistUpFront_41549.jpg?v=1771524278,MOTHER / Merci / ELLE,https://www.motherdenim.com,online; Paris pop-up,verified_product,"Extracted from Shopify product search for ""merci"".",2026-05-31
Q12026-047-SKP-005,Q12026-047,MOTHER x Merci Capsule,MOTHER,Merci,The Strappy Brrly - Mercury In Retrograde Jacket,outerwear,APPAREL,242.50,USD,https://www.motherdenim.com/products/the-strappy-brrly-mercury-in-retrograde?_pos=5&_psq=merci&_ss=e&_v=1.0,https://www.motherdenim.com/search/suggest.json?q=merci&resources[type]=product&resources[limit]=20,official_shopify_search,https://cdn.shopify.com/s/files/1/2094/5935/files/31546-1939-MDE_VW-A-WaistUpFront_32064.jpg?v=1757114463,MOTHER / Merci / ELLE,https://www.motherdenim.com,online; Paris pop-up,verified_product,"Extracted from Shopify product search for ""merci"".",2026-05-31
Q12026-047-SKP-006,Q12026-047,MOTHER x Merci Capsule,MOTHER,Merci,Merci x MOTHER Merci Tote - Yellow And Blue,apparel,APPAREL,60.00,USD,https://www.motherdenim.com/products/merci-tote-yellow-and-blue?_pos=6&_psq=merci&_ss=e&_v=1.0,https://www.motherdenim.com/search/suggest.json?q=merci&resources[type]=product&resources[limit]=20,official_shopify_search,https://cdn.shopify.com/s/files/1/2094/5935/files/M7044-2127-YWE_VW-A-Mannequin_41560.jpg?v=1771523566,MOTHER / Merci / ELLE,https://www.motherdenim.com,online; Paris pop-up,verified_product,"Extracted from Shopify product search for ""merci"".",2026-05-31
Q12026-047-SKP-007,Q12026-047,MOTHER x Merci Capsule,MOTHER,Merci,Merci x MOTHER The Lil' Goodie Ringer - Champions Sweatshirt,apparel,APPAREL,125.00,USD,https://www.motherdenim.com/products/the-lil-goodie-ringer-champions?_pos=7&_psq=merci&_ss=e&_v=1.0,https://www.motherdenim.com/search/suggest.json?q=merci&resources[type]=product&resources[limit]=20,official_shopify_search,https://cdn.shopify.com/s/files/1/2094/5935/files/M8881-315-RCP_VW-A-WaistUpFront_41543.jpg?v=1771524012,MOTHER / Merci / ELLE,https://www.motherdenim.com,online; Paris pop-up,verified_product,"Extracted from Shopify product search for ""merci"".",2026-05-31
Q12026-047-SKP-008,Q12026-047,MOTHER x Merci Capsule,MOTHER,Merci,Merci x MOTHER Merci Tote - Red And Ecru,apparel,APPAREL,60.00,USD,https://www.motherdenim.com/products/merci-tote-red-and-ecru?_pos=8&_psq=merci&_ss=e&_v=1.0,https://www.motherdenim.com/search/suggest.json?q=merci&resources[type]=product&resources[limit]=20,official_shopify_search,https://cdn.shopify.com/s/files/1/2094/5935/files/M7044-2127-REC_VW-A-Mannequin_41558.jpg?v=1771523497,MOTHER / Merci / ELLE,https://www.motherdenim.com,online; Paris pop-up,verified_product,"Extracted from Shopify product search for ""merci"".",2026-05-31
Q12026-047-SKP-009,Q12026-047,MOTHER x Merci Capsule,MOTHER,Merci,Merci x MOTHER Hats Off - The 86 Cap,apparel,ACCESSORIES,50.00,USD,https://www.motherdenim.com/products/hats-off-the-86-merci?_pos=9&_psq=merci&_ss=e&_v=1.0,https://www.motherdenim.com/search/suggest.json?q=merci&resources[type]=product&resources[limit]=20,official_shopify_search,https://cdn.shopify.com/s/files/1/2094/5935/files/M7692-2027-EIM_VW-A-Mannequin_41567.jpg?v=1771524585,MOTHER / Merci / ELLE,https://www.motherdenim.com,online; Paris pop-up,verified_product,"Extracted from Shopify product search for ""merci"".",2026-05-31
Q12026-047-SKP-010,Q12026-047,MOTHER x Merci Capsule,MOTHER,Merci,Merci x MOTHER The Lil' Goodie Ringer - Game Changer Sweatshirt,apparel,APPAREL,100.00,USD,https://www.motherdenim.com/products/the-lil-goodie-ringer-game-changer?_pos=10&_psq=merci&_ss=e&_v=1.0,https://www.motherdenim.com/search/suggest.json?q=merci&resources[type]=product&resources[limit]=20,official_shopify_search,https://cdn.shopify.com/s/files/1/2094/5935/files/M8881-315-GCM_VW-A-WaistUpFront_41533.jpg?v=1771523877,MOTHER / Merci / ELLE,https://www.motherdenim.com,online; Paris pop-up,verified_product,"Extracted from Shopify product search for ""merci"".",2026-05-31
Q12026-048-SKP-001,Q12026-048,Dôen x Garrett Leight Sunglasses,Dôen,Garrett Leight,DÔEN BY GARRETT LEIGHT DOYENNE SUNGLASSES -- TORTOISE,apparel,3RD PARTY,425.00,USD,https://shopdoen.com/products/doyenne-sunglasses-tortoise?_pos=1&_psq=garrett&_ss=e&_v=1.0,https://shopdoen.com/search/suggest.json?q=garrett&resources[type]=product&resources[limit]=20,official_shopify_search,https://cdn.shopify.com/s/files/1/0950/9820/files/DOYENNE-SUNGLASSES_TORTOISE_25.jpg?v=1774287428,Dôen / Garrett Leight / ELLE,https://shopdoen.com,online,verified_product,"Extracted from Shopify product search for ""garrett"".",2026-05-31
Q12026-048-SKP-002,Q12026-048,Dôen x Garrett Leight Sunglasses,Dôen,Garrett Leight,DÔEN BY GARRETT LEIGHT INGÉNUE SUNGLASSES -- EMBER TORTOISE,apparel,3RD PARTY,425.00,USD,https://shopdoen.com/products/ingenue-sunglasses-ember-tortoise?_pos=2&_psq=garrett&_ss=e&_v=1.0,https://shopdoen.com/search/suggest.json?q=garrett&resources[type]=product&resources[limit]=20,official_shopify_search,https://cdn.shopify.com/s/files/1/0950/9820/files/INGENUE-SUNGLASSES_EMBER-TORTOISE_28.jpg?v=1774286774,Dôen / Garrett Leight / ELLE,https://shopdoen.com,online,verified_product,"Extracted from Shopify product search for ""garrett"".",2026-05-31
Q12026-048-SKP-003,Q12026-048,Dôen x Garrett Leight Sunglasses,Dôen,Garrett Leight,DÔEN BY GARRETT LEIGHT INGÉNUE SUNGLASSES -- BLACK,apparel,3RD PARTY,425.00,USD,https://shopdoen.com/products/ingenue-sunglasses-black?_pos=3&_psq=garrett&_ss=e&_v=1.0,https://shopdoen.com/search/suggest.json?q=garrett&resources[type]=product&resources[limit]=20,official_shopify_search,https://cdn.shopify.com/s/files/1/0950/9820/files/INGENUE-SUNGLASSES_BLACK_30.jpg?v=1774286580,Dôen / Garrett Leight / ELLE,https://shopdoen.com,online,verified_product,"Extracted from Shopify product search for ""garrett"".",2026-05-31
Q12026-048-SKP-004,Q12026-048,Dôen x Garrett Leight Sunglasses,Dôen,Garrett Leight,DÔEN BY GARRETT LEIGHT DOYENNE SUNGLASSES -- BLACK,apparel,3RD PARTY,425.00,USD,https://shopdoen.com/products/doyenne-sunglasses-black?_pos=4&_psq=garrett&_ss=e&_v=1.0,https://shopdoen.com/search/suggest.json?q=garrett&resources[type]=product&resources[limit]=20,official_shopify_search,https://cdn.shopify.com/s/files/1/0950/9820/files/DOYENNE-SUNGLASSES_BLACK_19.jpg?v=1774287263,Dôen / Garrett Leight / ELLE,https://shopdoen.com,online,verified_product,"Extracted from Shopify product search for ""garrett"".",2026-05-31
Q12026-048-SKP-005,Q12026-048,Dôen x Garrett Leight Sunglasses,Dôen,Garrett Leight,DÔEN BY GARRETT LEIGHT DOYENNE SUNGLASSES -- MINK,apparel,3RD PARTY,425.00,USD,https://shopdoen.com/products/doyenne-sunglasses-mink?_pos=5&_psq=garrett&_ss=e&_v=1.0,https://shopdoen.com/search/suggest.json?q=garrett&resources[type]=product&resources[limit]=20,official_shopify_search,https://cdn.shopify.com/s/files/1/0950/9820/files/DOYENNE-SUNGLASSES_MINK_09.jpg?v=1774287538,Dôen / Garrett Leight / ELLE,https://shopdoen.com,online,verified_product,"Extracted from Shopify product search for ""garrett"".",2026-05-31
Q12026-048-SKP-006,Q12026-048,Dôen x Garrett Leight Sunglasses,Dôen,Garrett Leight,DÔEN BY GARRETT LEIGHT INGÉNUE SUNGLASSES -- LIPSTICK,apparel,3RD PARTY,425.00,USD,https://shopdoen.com/products/ingenue-sunglasses-lipstick?_pos=6&_psq=garrett&_ss=e&_v=1.0,https://shopdoen.com/search/suggest.json?q=garrett&resources[type]=product&resources[limit]=20,official_shopify_search,https://cdn.shopify.com/s/files/1/0950/9820/files/INGENUE-SUNGLASSES_LIPSTICK_08.jpg?v=1774286864,Dôen / Garrett Leight / ELLE,https://shopdoen.com,online,verified_product,"Extracted from Shopify product search for ""garrett"".",2026-05-31
Q12026-048-SKP-007,Q12026-048,Dôen x Garrett Leight Sunglasses,Dôen,Garrett Leight,DÔEN BY GARRETT LEIGHT INGÉNUE SUNGLASSES -- BLACK,apparel,3RD PARTY,425.00,USD,https://shopdoen.com/products/ingenue-sunglasses-black?_pos=2&_psq=garrett&_ss=e&_v=1.0,https://shopdoen.com/search/suggest.json?q=garrett&resources[type]=product&resources[limit]=20,official_shopify_search,https://cdn.shopify.com/s/files/1/0950/9820/files/INGENUE-SUNGLASSES_BLACK_30.jpg?v=1774286580,Dôen / Garrett Leight / ELLE,https://shopdoen.com,online,verified_product,"Extracted from Shopify product search for ""garrett"". Preserved from verified official SKP cache after current fetch did not reproduce the row. Preserved from verified official SKP cache after current fetch did not reproduce the row. Preserved from verified official SKP cache after current fetch did not reproduce the row. Preserved from verified official SKP cache after current fetch did not reproduce the row. Preserved from verified official SKP cache after current fetch did not reproduce the row. Preserved from verified official SKP cache after current fetch did not reproduce the row.",2026-05-31
Q12026-048-SKP-008,Q12026-048,Dôen x Garrett Leight Sunglasses,Dôen,Garrett Leight,DÔEN BY GARRETT LEIGHT INGÉNUE SUNGLASSES -- EMBER TORTOISE,apparel,3RD PARTY,425.00,USD,https://shopdoen.com/products/ingenue-sunglasses-ember-tortoise?_pos=3&_psq=garrett&_ss=e&_v=1.0,https://shopdoen.com/search/suggest.json?q=garrett&resources[type]=product&resources[limit]=20,official_shopify_search,https://cdn.shopify.com/s/files/1/0950/9820/files/INGENUE-SUNGLASSES_EMBER-TORTOISE_28.jpg?v=1774286774,Dôen / Garrett Leight / ELLE,https://shopdoen.com,online,verified_product,"Extracted from Shopify product search for ""garrett"". Preserved from verified official SKP cache after current fetch did not reproduce the row. Preserved from verified official SKP cache after current fetch did not reproduce the row. Preserved from verified official SKP cache after current fetch did not reproduce the row. Preserved from verified official SKP cache after current fetch did not reproduce the row. Preserved from verified official SKP cache after current fetch did not reproduce the row. Preserved from verified official SKP cache after current fetch did not reproduce the row.",2026-05-31
Q12026-049-SKP-001,Q12026-049,Sperry x Monse Spring/Summer 2026,Sperry,Monse,Sperry x MONSE Authentic Original™ 2-Eye Jelly Boat Shoe,footwear,FOOTWEAR,149.99,USD,https://www.sperry.com/products/sperry-x-monse-authentic-original-2-eye-jelly-boat-shoe-bright-orange?_pos=1&_psq=monse&_ss=e&_v=1.0,https://www.sperry.com/search/suggest.json?q=monse&resources[type]=product&resources[limit]=20,official_shopify_search,https://cdn.shopify.com/s/files/1/0672/7172/1131/files/product_14332762_monseaojelly_wm_orange_820-002-020_main_sq_wt.jpg?v=1775794846,Sperry / Monse,https://www.sperry.com,global online; select retailers,verified_product,"Extracted from Shopify product search for ""monse"".",2026-05-31
Q12026-049-SKP-002,Q12026-049,Sperry x Monse Spring/Summer 2026,Sperry,Monse,Sperry x MONSE Authentic Original™ 2-Eye Lug Boat Shoe,footwear,FOOTWEAR,299.99,USD,https://www.sperry.com/products/sperry-x-monse-authentic-original-2-eye-lug-boat-shoe-amaretto?_pos=3&_psq=monse&_ss=e&_v=1.0,https://www.sperry.com/search/suggest.json?q=monse&resources[type]=product&resources[limit]=20,official_shopify_search,https://cdn.shopify.com/s/files/1/0672/7172/1131/files/product_14328326_monse_20ao_20lug_wm_red_615-001-043_main_sq_wt.jpg?v=1775795001,Sperry / Monse,https://www.sperry.com,global online; select retailers,verified_product,"Extracted from Shopify product search for ""monse"".",2026-05-31
Q12026-050-SKP-001,Q12026-050,Repetto x Kaia Gerber In Bloom,Repetto,Kaia Gerber,Ballerines Kaia par Kaia Gerber,accessories,Ballerines,440.00,EUR,https://www.repetto.com/products/repetto-x-kaia-gerber-kaia-velours-rouge-flamme-v4273cv-550?_pos=1&_psq=kaia+gerber&_ss=e&_v=1.0,https://www.repetto.com/search/suggest.json?q=kaia%20gerber&resources[type]=product&resources[limit]=20,official_shopify_search,https://cdn.shopify.com/s/files/1/0761/6564/4616/files/Camilleveloursrouge-P1.jpg?v=1774006650,Repetto / Kaia Gerber,https://www.repetto.com,global,verified_product,"Extracted from Shopify product search for ""kaia gerber"".",2026-05-31
Q12026-050-SKP-002,Q12026-050,Repetto x Kaia Gerber In Bloom,Repetto,Kaia Gerber,Babies Pina par Kaia Gerber,footwear,Babies,530.00,EUR,https://www.repetto.com/products/repetto-x-kaia-gerber-babies-pina-noir-v4274ve-410?_pos=4&_psq=kaia+gerber&_ss=e&_v=1.0,https://www.repetto.com/search/suggest.json?q=kaia%20gerber&resources[type]=product&resources[limit]=20,official_shopify_search,https://cdn.shopify.com/s/files/1/0761/6564/4616/files/0001_084-Kaia-2000x2500.jpg?v=1774006687,Repetto / Kaia Gerber,https://www.repetto.com,global,verified_product,"Extracted from Shopify product search for ""kaia gerber"".",2026-05-31
Q12026-051-SKP-001,Q12026-051,AGOLDE x Maria McManus Capsule,AGOLDE,Maria McManus,AGOLDE x MARIA MCMANUS Skater Short in White Cotton,apparel,Shorts,368.00,USD,https://agolde.com/products/skater-short-white-cotton?_pos=1&_psq=maria+mcmanus&_ss=e&_v=1.0,https://agolde.com/search/suggest.json?q=maria%20mcmanus&resources[type]=product&resources[limit]=20,official_shopify_search,https://cdn.shopify.com/s/files/1/0269/4076/8349/files/A322-1934_SKATERSHORT_WHITECOTTON_110.jpg?v=1772732982,AGOLDE / Maria McManus,https://agolde.com,online; select retail,verified_product,"Extracted from Shopify product search for ""maria mcmanus"".",2026-05-31
Q12026-051-SKP-002,Q12026-051,AGOLDE x Maria McManus Capsule,AGOLDE,Maria McManus,AGOLDE x MARIA MCMANUS Corset Wide Leg Jean (Flyweight) in Stone Wash Powder Pink,apparel,Pants,448.00,USD,https://agolde.com/products/corset-wide-leg-jean-stone-wash-powder-pink?_pos=2&_psq=maria+mcmanus&_ss=e&_v=1.0,https://agolde.com/search/suggest.json?q=maria%20mcmanus&resources[type]=product&resources[limit]=20,official_shopify_search,https://cdn.shopify.com/s/files/1/0269/4076/8349/files/A320-1500_CORSETWIDELEGJEAN_STONEWASHPOWDERPINK_043.jpg?v=1772733310,AGOLDE / Maria McManus,https://agolde.com,online; select retail,verified_product,"Extracted from Shopify product search for ""maria mcmanus"".",2026-05-31
Q12026-051-SKP-003,Q12026-051,AGOLDE x Maria McManus Capsule,AGOLDE,Maria McManus,AGOLDE x MARIA MCMANUS Bandana (Weightless) in Crinkle Indigo,apparel,Bandanas,158.00,USD,https://agolde.com/products/bandana-crinkle-indigo?_pos=3&_psq=maria+mcmanus&_ss=e&_v=1.0,https://agolde.com/search/suggest.json?q=maria%20mcmanus&resources[type]=product&resources[limit]=20,official_shopify_search,https://cdn.shopify.com/s/files/1/0269/4076/8349/files/A7453-1254_BANDANA_CRINKLEINDIGO_250.jpg?v=1772739807,AGOLDE / Maria McManus,https://agolde.com,online; select retail,verified_product,"Extracted from Shopify product search for ""maria mcmanus"".",2026-05-31
Q12026-051-SKP-004,Q12026-051,AGOLDE x Maria McManus Capsule,AGOLDE,Maria McManus,AGOLDE x MARIA MCMANUS A-Line Shirt Poplin in Black,apparel,Tops,458.00,USD,https://agolde.com/products/a-line-shirt-poplin-black?_pos=4&_psq=maria+mcmanus&_ss=e&_v=1.0,https://agolde.com/search/suggest.json?q=maria%20mcmanus&resources[type]=product&resources[limit]=20,official_shopify_search,https://cdn.shopify.com/s/files/1/0269/4076/8349/files/TP043OCS_ALINESHIRTPOPLIN_BLACK_288.jpg?v=1772734042,AGOLDE / Maria McManus,https://agolde.com,online; select retail,verified_product,"Extracted from Shopify product search for ""maria mcmanus"".",2026-05-31
Q12026-051-SKP-005,Q12026-051,AGOLDE x Maria McManus Capsule,AGOLDE,Maria McManus,AGOLDE x MARIA MCMANUS Skater Short in Washed Black,apparel,Shorts,368.00,USD,https://agolde.com/products/skater-short-washed-black?_pos=5&_psq=maria+mcmanus&_ss=e&_v=1.0,https://agolde.com/search/suggest.json?q=maria%20mcmanus&resources[type]=product&resources[limit]=20,official_shopify_search,https://cdn.shopify.com/s/files/1/0269/4076/8349/files/A322-1683_SKATERSHORT_WASHEDBLACK_189.jpg?v=1772733073,AGOLDE / Maria McManus,https://agolde.com,online; select retail,verified_product,"Extracted from Shopify product search for ""maria mcmanus"".",2026-05-31
Q12026-051-SKP-006,Q12026-051,AGOLDE x Maria McManus Capsule,AGOLDE,Maria McManus,AGOLDE x MARIA MCMANUS A-Line Shirt Poplin in White Cotton,outerwear,Tops,458.00,USD,https://agolde.com/products/a-line-shirt-poplin-white-cotton?_pos=6&_psq=maria+mcmanus&_ss=e&_v=1.0,https://agolde.com/search/suggest.json?q=maria%20mcmanus&resources[type]=product&resources[limit]=20,official_shopify_search,https://cdn.shopify.com/s/files/1/0269/4076/8349/files/TP043OCS_ALINESHIRTPOPLIN_WHITECOTTON_189.jpg?v=1772734642,AGOLDE / Maria McManus,https://agolde.com,online; select retail,verified_product,"Extracted from Shopify product search for ""maria mcmanus"".",2026-05-31
Q12026-051-SKP-007,Q12026-051,AGOLDE x Maria McManus Capsule,AGOLDE,Maria McManus,AGOLDE x MARIA MCMANUS Oversized Field Jacket in Washed Pale Indigo,outerwear,Jackets,648.00,USD,https://agolde.com/products/oversized-field-jacket-washed-pale-indigo?_pos=7&_psq=maria+mcmanus&_ss=e&_v=1.0,https://agolde.com/search/suggest.json?q=maria%20mcmanus&resources[type]=product&resources[limit]=20,official_shopify_search,https://cdn.shopify.com/s/files/1/0269/4076/8349/files/A5133-1885_OVERSIZEDFIELDJACKET_WASHEDPALEINDIGO_247.jpg?v=1772733181,AGOLDE / Maria McManus,https://agolde.com,online; select retail,verified_product,"Extracted from Shopify product search for ""maria mcmanus"".",2026-05-31
Q12026-051-SKP-008,Q12026-051,AGOLDE x Maria McManus Capsule,AGOLDE,Maria McManus,AGOLDE x MARIA MCMANUS Trouser Wide Leg Jean in Washed Pale Indigo,apparel,Pants,448.00,USD,https://agolde.com/products/trouser-wide-leg-jean-washed-pale-indigo?_pos=8&_psq=maria+mcmanus&_ss=e&_v=1.0,https://agolde.com/search/suggest.json?q=maria%20mcmanus&resources[type]=product&resources[limit]=20,official_shopify_search,https://cdn.shopify.com/s/files/1/0269/4076/8349/files/A321-1885_TROUSERWIDELEGJEAN_WASHED_PALE_INDIGO_065.jpg?v=1772732910,AGOLDE / Maria McManus,https://agolde.com,online; select retail,verified_product,"Extracted from Shopify product search for ""maria mcmanus"".",2026-05-31
Q12026-051-SKP-009,Q12026-051,AGOLDE x Maria McManus Capsule,AGOLDE,Maria McManus,AGOLDE x MARIA MCMANUS Denim Bra in Washed Black,apparel,Tops,228.00,USD,https://agolde.com/products/denim-bra-washed-black?_pos=9&_psq=maria+mcmanus&_ss=e&_v=1.0,https://agolde.com/search/suggest.json?q=maria%20mcmanus&resources[type]=product&resources[limit]=20,official_shopify_search,https://cdn.shopify.com/s/files/1/0269/4076/8349/files/A7452-1683_DENIMBRA_WASHEDBLACK_124.jpg?v=1772733243,AGOLDE / Maria McManus,https://agolde.com,online; select retail,verified_product,"Extracted from Shopify product search for ""maria mcmanus"".",2026-05-31
Q12026-051-SKP-010,Q12026-051,AGOLDE x Maria McManus Capsule,AGOLDE,Maria McManus,AGOLDE x MARIA MCMANUS Circle Skirt (Weightless) in Crinkle Indigo,apparel,Skirts,398.00,USD,https://agolde.com/products/circle-skirt-crinkle-indigo?_pos=10&_psq=maria+mcmanus&_ss=e&_v=1.0,https://agolde.com/search/suggest.json?q=maria%20mcmanus&resources[type]=product&resources[limit]=20,official_shopify_search,https://cdn.shopify.com/s/files/1/0269/4076/8349/files/A3074-1254_CIRCLESKIRT_CRINKLEINDIGO_100.jpg?v=1772733537,AGOLDE / Maria McManus,https://agolde.com,online; select retail,verified_product,"Extracted from Shopify product search for ""maria mcmanus"".",2026-05-31
Q12026-052-SKP-001,Q12026-052,Tory Burch x The Explorers Club Women in Exploration,Tory Burch,The Explorers Club; Emily Damastra,Belt Bag,bags,bags,,USD,,https://www.elle.com/fashion/a70574295/best-fashion-launches-march-2026/,fashion_media,https://vader-prod.s3.amazonaws.com/product-images/0b68b421-d3f5-4c5d-b5cf-8ddc98ba295e/cc6321e0-b3a6-4f1f-8bbb-2206a81895f7.jpg,Tory Burch / The Explorers Club,ToryBurch.com,online,press_listed,Extracted from JSON-LD Product structured data; brand matched Tory Burch x The Explorers Club.,2026-05-31
Q12026-052-SKP-002,Q12026-052,Tory Burch x The Explorers Club Women in Exploration,Tory Burch,The Explorers Club; Emily Damastra,Tech Canvas Hooded Jacket,outerwear,outerwear,,USD,,https://www.elle.com/fashion/a70574295/best-fashion-launches-march-2026/,fashion_media,https://vader-prod.s3.amazonaws.com/product-images/06ada6d9-af3f-45ce-b810-084f3a64f3bd/3419da60-ec95-4719-8144-1e14f4ad9fd9.jpg,Tory Burch / The Explorers Club,ToryBurch.com,online,press_listed,Extracted from JSON-LD Product structured data; brand matched Tory Burch x The Explorers Club.,2026-05-31
Q12026-052-SKP-003,Q12026-052,Tory Burch x The Explorers Club Women in Exploration,Tory Burch,The Explorers Club; Emily Damastra,Baseball Cap,accessories,accessories,,USD,,https://www.elle.com/fashion/a70574295/best-fashion-launches-march-2026/,fashion_media,https://vader-prod.s3.amazonaws.com/product-images/5a3acb29-eef6-4199-9268-bdc107bc3aef/8b5d66eb-9190-4cbf-a805-4481037b4e14.jpg,Tory Burch / The Explorers Club,ToryBurch.com,online,press_listed,Extracted from JSON-LD Product structured data; brand matched Tory Burch x The Explorers Club.,2026-05-31
Q12026-052-SKP-004,Q12026-052,Tory Burch x The Explorers Club Women in Exploration,Tory Burch,The Explorers Club; Emily Damastra,Tory Burch x The Explorers Club Baseball Cap,accessories,accessories,,USD,,https://www.elle.com/fashion/a70574295/best-fashion-launches-march-2026/,fashion_media,,Tory Burch / The Explorers Club,ToryBurch.com,online,press_listed,Extracted from product-like heading near A/B context.,2026-05-31
Q12026-052-SKP-005,Q12026-052,Tory Burch x The Explorers Club Women in Exploration,Tory Burch,The Explorers Club; Emily Damastra,Tory Burch x The Explorers Club Tech Canvas Hooded Jacket,outerwear,outerwear,,USD,,https://www.elle.com/fashion/a70574295/best-fashion-launches-march-2026/,fashion_media,,Tory Burch / The Explorers Club,ToryBurch.com,online,press_listed,Extracted from product-like heading near A/B context.,2026-05-31
Q12026-052-SKP-006,Q12026-052,Tory Burch x The Explorers Club Women in Exploration,Tory Burch,The Explorers Club; Emily Damastra,Tory Burch x The Explorers Club Belt Bag,bags,bags,,USD,,https://www.elle.com/fashion/a70574295/best-fashion-launches-march-2026/,fashion_media,,Tory Burch / The Explorers Club,ToryBurch.com,online,press_listed,Extracted from product-like heading near A/B context.,2026-05-31
Q12026-053-SKP-001,Q12026-053,Loeffler Randall x Underwater Weaving Basket Tote,Loeffler Randall,Underwater Weaving,Loeffler Randall x Underwater Weaving Basket Tote,bags,bags,,USD,,https://www.elle.com/fashion/a70574295/best-fashion-launches-march-2026/,seeded_source_extract,,Loeffler Randall / Underwater Weaving,LoefflerRandall.com; Loeffler Randall stores,online; United States stores,press_listed,ELLE launch coverage identifies the basket tote collaboration product.,2026-05-31
Q12026-053-SKP-002,Q12026-053,Loeffler Randall x Underwater Weaving Basket Tote,Loeffler Randall,Underwater Weaving,Basket Tote,bags,bags,,USD,,https://www.elle.com/fashion/a70574295/best-fashion-launches-march-2026/,fashion_media,https://vader-prod.s3.amazonaws.com/product-images/9258a025-e444-42b3-ab26-8c641ee38370/0e949612-43e7-41d3-bd95-6cfaf60d017a.jpg,Loeffler Randall / Underwater Weaving,LoefflerRandall.com; Loeffler Randall stores,online; United States stores,press_listed,Extracted from JSON-LD Product structured data; brand matched Loeffler Randall x Underwater Weaving.,2026-05-31
Q12026-053-SKP-003,Q12026-053,Loeffler Randall x Underwater Weaving Basket Tote,Loeffler Randall,Underwater Weaving,Poppy Lace Trim Dress,apparel,apparel,,USD,,https://www.elle.com/fashion/a70574295/best-fashion-launches-march-2026/,fashion_media,https://vader-prod.s3.amazonaws.com/product-images/9cee5eeb-c14f-4010-a2ee-175bbc5442d1/5c020e66-3b18-49f0-ab69-5bea25bc9ac3.jpg,Loeffler Randall / Underwater Weaving,LoefflerRandall.com; Loeffler Randall stores,online; United States stores,press_listed,Extracted from JSON-LD Product structured data; brand matched Loeffler Randall.,2026-05-31
Q12026-053-SKP-004,Q12026-053,Loeffler Randall x Underwater Weaving Basket Tote,Loeffler Randall,Underwater Weaving,Loeffler Randall Poppy Lace Trim Dress,apparel,apparel,,USD,,https://www.elle.com/fashion/a70574295/best-fashion-launches-march-2026/,fashion_media,,Loeffler Randall / Underwater Weaving,LoefflerRandall.com; Loeffler Randall stores,online; United States stores,press_listed,Extracted from product-like heading near A/B context.,2026-05-31
Q12026-054-SKP-001,Q12026-054,Stetson & THE GREAT. Western Collection,THE GREAT.,Stetson,Stetson & The Great Gus 6X Cowboy Hat,footwear,footwear,525,USD,https://thisisthegreat.com/collections/stetson-the-great/products/the-gus-6x-hat-ranch-tan,https://www.wmagazine.com/fashion/best-fashion-collaborations-launches-capsules-2026,fashion_media,https://imgix.bustle.com/uploads/image/2026/3/5/db1a9104/use-sfthgr5040-d4_ranch-tan_1_final.webp?w=420&h=420&fit=crop&crop=faces,Stetson / THE GREAT.,Stetson.com; ThisIsTheGreat.com; THE GREAT. stores; Bloomingdale's; Nordstrom; Shopbop; Revolve,United States; online,press_listed,Extracted from official/retail product card near A/B context.,2026-05-31
Q12026-054-SKP-002,Q12026-054,Stetson & THE GREAT. Western Collection,THE GREAT.,Stetson,Stetson & The Great Gus 6X Cowboy Hat,footwear,footwear,,USD,,https://www.wmagazine.com/fashion/best-fashion-collaborations-launches-capsules-2026,fashion_media,,Stetson / THE GREAT.,Stetson.com; ThisIsTheGreat.com; THE GREAT. stores; Bloomingdale's; Nordstrom; Shopbop; Revolve,United States; online,press_listed,Extracted from product-like HTML attribute near A/B context.,2026-05-31
Q12026-055-SKP-001,Q12026-055,Burberry x Royal Collection Trust,Burberry,Royal Collection Trust,The Burberry trench coat,outerwear,outerwear,,,https://www.burberryplc.com/news/brand/2026/burberry-presents-a-new-capsule-collection-created-in-collaboration-with-royal-collection-trust,https://www.burberryplc.com/news/brand/2026/burberry-presents-a-new-capsule-collection-created-in-collaboration-with-royal-collection-trust,official_or_retail,,Burberry / Royal Collection Trust,Burberry.com; selected Burberry stores; RoyalCollectionShop.co.uk; RCT shops,global selected stores; United Kingdom royal shops; online,verified_product,Extracted from product-like HTML attribute near A/B context.,2026-05-31
Q12026-055-SKP-002,Q12026-055,Burberry x Royal Collection Trust,Burberry,Royal Collection Trust,The Cashmere Scarf,accessories,accessories,,,https://www.burberryplc.com/news/brand/2026/burberry-presents-a-new-capsule-collection-created-in-collaboration-with-royal-collection-trust,https://www.burberryplc.com/news/brand/2026/burberry-presents-a-new-capsule-collection-created-in-collaboration-with-royal-collection-trust,official_or_retail,,Burberry / Royal Collection Trust,Burberry.com; selected Burberry stores; RoyalCollectionShop.co.uk; RCT shops,global selected stores; United Kingdom royal shops; online,verified_product,Extracted from product-like HTML attribute near A/B context.,2026-05-31
Q12026-063-SKP-001,Q12026-063,Montce x Elsa Hosk Capsule Collection,Montce,Elsa Hosk,"Pack Like Elsa Hosk in 2026: Sunsolve MD, Oversize Sunnies, and a Vintage-Inspired Bikini",apparel,apparel,100,USD,https://www.whowhatwear.com/fashion/swimwear/montce-x-elsa-hosk-capsule-collection-2026#section-shop-the-montce-x-elsa-hosk-capsule-collection,https://www.whowhatwear.com/fashion/swimwear/montce-x-elsa-hosk-capsule-collection-2026,official_or_retail,https://cdn.mos.cms.futurecdn.net/iq4nrsCLHPyDaqS3qMLpHY-1200-80.jpg,Montce / Elsa Hosk / Who What Wear,Montce.com,online exclusive,verified_product,Missing-SKP official pass: product page returned 200 from official/retail domain; source candidate https://www.whowhatwear.com/fashion/swimwear/montce-x-elsa-hosk-capsule-collection-2026. Preserved from verified official SKP cache after current fetch did not reproduce the row. Preserved from verified official SKP cache after current fetch did not reproduce the row. Preserved from verified official SKP cache after current fetch did not reproduce the row. Preserved from verified official SKP cache after current fetch did not reproduce the row.,2026-05-31
Q12026-064-SKP-001,Q12026-064,66°North x Laufey Capsule Collection,66°North,Laufey,66°North x Laufey Cardigan,apparel,Tops,325.00,GBP,https://www.66north.com/products/66nxll-knit-cardigan-e11449-475?_pos=1&_psq=laufey&_ss=e&_v=1.0,https://www.66north.com/search/suggest.json?q=laufey&resources[type]=product&resources[limit]=20,official_shopify_search,https://cdn.shopify.com/s/files/1/0626/4645/2301/files/E11449-475-Ajpg.png?v=1777219073,66°North / Laufey,https://www.66north.com,global online; Iceland; London; Copenhagen,verified_product,"Extracted from Shopify product search for ""laufey"".",2026-05-31
Q12026-064-SKP-002,Q12026-064,66°North x Laufey Capsule Collection,66°North,Laufey,66°North x Laufey Cap,apparel,Accessories,125.00,GBP,https://www.66north.com/products/66nxll-knit-bonnet-l81730-475?_pos=2&_psq=laufey&_ss=e&_v=1.0,https://www.66north.com/search/suggest.json?q=laufey&resources[type]=product&resources[limit]=20,official_shopify_search,https://cdn.shopify.com/s/files/1/0626/4645/2301/files/L81730-475-Ajpg.png?v=1777218832,66°North / Laufey,https://www.66north.com,global online; Iceland; London; Copenhagen,verified_product,"Extracted from Shopify product search for ""laufey"".",2026-05-31
Q12026-064-SKP-003,Q12026-064,66°North x Laufey Capsule Collection,66°North,Laufey,66°North x Laufey T-shirt,apparel,Tops,110.00,GBP,https://www.66north.com/products/66nxll-graphic-t-shirt-v66218-103?_pos=3&_psq=laufey&_ss=e&_v=1.0,https://www.66north.com/search/suggest.json?q=laufey&resources[type]=product&resources[limit]=20,official_shopify_search,https://cdn.shopify.com/s/files/1/0626/4645/2301/files/V66218-103-Ajpg.png?v=1777218245,66°North / Laufey,https://www.66north.com,global online; Iceland; London; Copenhagen,verified_product,"Extracted from Shopify product search for ""laufey"".",2026-05-31
Q12026-064-SKP-004,Q12026-064,66°North x Laufey Capsule Collection,66°North,Laufey,66°North x Laufey Bag,outerwear,Accessories,155.00,GBP,https://www.66north.com/products/66nxll-bag-u99272-900?_pos=4&_psq=laufey&_ss=e&_v=1.0,https://www.66north.com/search/suggest.json?q=laufey&resources[type]=product&resources[limit]=20,official_shopify_search,https://cdn.shopify.com/s/files/1/0626/4645/2301/files/U99272-900-Ajpg.png?v=1777216297,66°North / Laufey,https://www.66north.com,global online; Iceland; London; Copenhagen,verified_product,"Extracted from Shopify product search for ""laufey"".",2026-05-31
Q12026-064-SKP-005,Q12026-064,66°North x Laufey Capsule Collection,66°North,Laufey,66°North x Laufey Coat,outerwear,Outerlayers,530.00,GBP,https://www.66north.com/products/66nxll-long-coat-w11449-b120?_pos=6&_psq=laufey&_ss=e&_v=1.0,https://www.66north.com/search/suggest.json?q=laufey&resources[type]=product&resources[limit]=20,official_shopify_search,https://cdn.shopify.com/s/files/1/0626/4645/2301/files/W11449-B120-Ajpg.png?v=1777218014,66°North / Laufey,https://www.66north.com,global online; Iceland; London; Copenhagen,verified_product,"Extracted from Shopify product search for ""laufey"".",2026-05-31
Q12026-064-SKP-006,Q12026-064,66°North x Laufey Capsule Collection,66°North,Laufey,66°North x Laufey Coat,outerwear,Outerlayers,530.00,GBP,https://www.66north.com/products/66nxll-long-coat-w11449-b120?_pos=5&_psq=laufey&_ss=e&_v=1.0,https://www.66north.com/search/suggest.json?q=laufey&resources[type]=product&resources[limit]=20,official_shopify_search,https://cdn.shopify.com/s/files/1/0626/4645/2301/files/W11449-B120-Ajpg.png?v=1777218014,66°North / Laufey,https://www.66north.com,global online; Iceland; London; Copenhagen,verified_product,"Extracted from Shopify product search for ""laufey"". Preserved from verified official SKP cache after current fetch did not reproduce the row. Preserved from verified official SKP cache after current fetch did not reproduce the row. Preserved from verified official SKP cache after current fetch did not reproduce the row. Preserved from verified official SKP cache after current fetch did not reproduce the row. Preserved from verified official SKP cache after current fetch did not reproduce the row. Preserved from verified official SKP cache after current fetch did not reproduce the row. Preserved from verified official SKP cache after current fetch did not reproduce the row. Preserved from verified official SKP cache after current fetch did not reproduce the row. Preserved from verified official SKP cache after current fetch did not reproduce the row. Preserved from verified official SKP cache after current fetch did not reproduce the row. Preserved from verified official SKP cache after current fetch did not reproduce the row.",2026-05-31
Q12026-065-SKP-001,Q12026-065,Studio Nicholson x Perfumer H Soap Collection,Studio Nicholson,Perfumer H,Perfumer H Soap perfume and Studio Nicholson shirt,apparel,apparel,,,,https://www.wallpaper.com/fashion-beauty/fragrance/perfumer-h-studio-nicholson-soap-fragrance-collaboration,fashion_media,,Studio Nicholson / Perfumer H,Studio Nicholson Paris store; Studio Nicholson shops worldwide,Paris first; worldwide,press_listed,Extracted from product-like HTML attribute near A/B context.,2026-05-31
Q12026-065-SKP-002,Q12026-065,Studio Nicholson x Perfumer H Soap Collection,Studio Nicholson,Perfumer H,Perfumer H and Studio Nicholson&rsquo;s scent is made to smell like slipping on a clean shirt,apparel,apparel,,,,https://www.wallpaper.com/fashion-beauty/fragrance/perfumer-h-studio-nicholson-soap-fragrance-collaboration,fashion_media,,Studio Nicholson / Perfumer H,Studio Nicholson Paris store; Studio Nicholson shops worldwide,Paris first; worldwide,press_listed,Extracted from product-like heading near A/B context.,2026-05-31
Q12026-066-SKP-001,Q12026-066,Kith x The Matrix Monday Program,Kith,The Matrix,Saucony Matrix - Light Blue Fade Shoes,footwear,Low Top Sneakers,170.00,USD,https://kith.com/products/sas70931-1?_pos=1&_psq=matrix&_ss=e&_v=1.0,https://kith.com/search/suggest.json?q=matrix&resources[type]=product&resources[limit]=20,official_shopify_search,https://cdn.shopify.com/s/files/1/0094/2252/files/SAS70931-1-Front.jpg?v=1763059073,Kith / The Matrix,https://kith.com,global Kith stores; online,verified_product,"Extracted from Shopify product search for ""matrix"".",2026-05-31
Q12026-066-SKP-002,Q12026-066,Kith x The Matrix Monday Program,Kith,The Matrix,Kith for The Matrix Code Vintage Nelson Hoodie - Black,apparel,Hoodies,195.00,USD,https://kith.com/products/khm035062-001?_pos=3&_psq=matrix&_ss=e&_v=1.0,https://kith.com/search/suggest.json?q=matrix&resources[type]=product&resources[limit]=20,official_shopify_search,https://cdn.shopify.com/s/files/1/0094/2252/files/KHM035062-001-Front_e550b7ea-e917-482e-96dc-cac2cf8b0f4b.jpg?v=1773954041,Kith / The Matrix,https://kith.com,global Kith stores; online,verified_product,"Extracted from Shopify product search for ""matrix"".",2026-05-31
Q12026-066-SKP-003,Q12026-066,Kith x The Matrix Monday Program,Kith,The Matrix,Kith for The Matrix Vance Satin Bomber Jacket - Black,outerwear,Bomber Jackets,325.00,USD,https://kith.com/products/khm011277-001?_pos=4&_psq=matrix&_ss=e&_v=1.0,https://kith.com/search/suggest.json?q=matrix&resources[type]=product&resources[limit]=20,official_shopify_search,https://cdn.shopify.com/s/files/1/0094/2252/files/KHM011277-001-Front.jpg?v=1773954061,Kith / The Matrix,https://kith.com,global Kith stores; online,verified_product,"Extracted from Shopify product search for ""matrix"".",2026-05-31
Q12026-066-SKP-004,Q12026-066,Kith x The Matrix Monday Program,Kith,The Matrix,Kith for The Matrix Red Pill Blue Pill Long Sleeve Tee - Black,apparel,Long Sleeve Tees,80.00,USD,https://kith.com/products/khm035058-001?_pos=6&_psq=matrix&_ss=e&_v=1.0,https://kith.com/search/suggest.json?q=matrix&resources[type]=product&resources[limit]=20,official_shopify_search,https://cdn.shopify.com/s/files/1/0094/2252/files/KHM035058-001-Front.jpg?v=1773954044,Kith / The Matrix,https://kith.com,global Kith stores; online,verified_product,"Extracted from Shopify product search for ""matrix"".",2026-05-31
Q12026-066-SKP-005,Q12026-066,Kith x The Matrix Monday Program,Kith,The Matrix,Kith for The Matrix Red Pill Blue Pill Long Sleeve Tee - White,apparel,Long Sleeve Tees,80.00,USD,https://kith.com/products/khm035058-101?_pos=7&_psq=matrix&_ss=e&_v=1.0,https://kith.com/search/suggest.json?q=matrix&resources[type]=product&resources[limit]=20,official_shopify_search,https://cdn.shopify.com/s/files/1/0094/2252/files/KHM035058-101-Front.jpg?v=1773954058,Kith / The Matrix,https://kith.com,global Kith stores; online,verified_product,"Extracted from Shopify product search for ""matrix"".",2026-05-31
Q12026-066-SKP-006,Q12026-066,Kith x The Matrix Monday Program,Kith,The Matrix,Kith for The Matrix The Matrix Has You Tee - Black,apparel,Short Sleeve Tees,65.00,USD,https://kith.com/products/khm035057-001?_pos=8&_psq=matrix&_ss=e&_v=1.0,https://kith.com/search/suggest.json?q=matrix&resources[type]=product&resources[limit]=20,official_shopify_search,https://cdn.shopify.com/s/files/1/0094/2252/files/KHM035057-001-Front.jpg?v=1773954061,Kith / The Matrix,https://kith.com,global Kith stores; online,verified_product,"Extracted from Shopify product search for ""matrix"".",2026-05-31
Q12026-066-SKP-007,Q12026-066,Kith x The Matrix Monday Program,Kith,The Matrix,Kith for The Matrix Trinity Tee - Sandrift,apparel,Short Sleeve Tees,70.00,USD,https://kith.com/products/khm035048-104?_pos=9&_psq=matrix&_ss=e&_v=1.0,https://kith.com/search/suggest.json?q=matrix&resources[type]=product&resources[limit]=20,official_shopify_search,https://cdn.shopify.com/s/files/1/0094/2252/files/KHM035048-104-Front.jpg?v=1773954061,Kith / The Matrix,https://kith.com,global Kith stores; online,verified_product,"Extracted from Shopify product search for ""matrix"".",2026-05-31
Q12026-066-SKP-008,Q12026-066,Kith x The Matrix Monday Program,Kith,The Matrix,Kith for The Matrix Neo Tee - Sandrift,apparel,Short Sleeve Tees,70.00,USD,https://kith.com/products/khm030099-104?_pos=10&_psq=matrix&_ss=e&_v=1.0,https://kith.com/search/suggest.json?q=matrix&resources[type]=product&resources[limit]=20,official_shopify_search,https://cdn.shopify.com/s/files/1/0094/2252/files/KHM030099-104-Front.jpg?v=1773954082,Kith / The Matrix,https://kith.com,global Kith stores; online,verified_product,"Extracted from Shopify product search for ""matrix"".",2026-05-31
Q12026-066-SKP-009,Q12026-066,Kith x The Matrix Monday Program,Kith,The Matrix,Kith for The Matrix Red Pill Blue Pill Long Sleeve Tee - White,apparel,Long Sleeve Tees,80.00,USD,https://kith.com/products/khm035058-101?_pos=6&_psq=matrix&_ss=e&_v=1.0,https://kith.com/search/suggest.json?q=matrix&resources[type]=product&resources[limit]=20,official_shopify_search,https://cdn.shopify.com/s/files/1/0094/2252/files/KHM035058-101-Front.jpg?v=1773954058,Kith / The Matrix,https://kith.com,global Kith stores; online,verified_product,"Extracted from Shopify product search for ""matrix"". Preserved from verified official SKP cache after current fetch did not reproduce the row. Preserved from verified official SKP cache after current fetch did not reproduce the row. Preserved from verified official SKP cache after current fetch did not reproduce the row. Preserved from verified official SKP cache after current fetch did not reproduce the row. Preserved from verified official SKP cache after current fetch did not reproduce the row. Preserved from verified official SKP cache after current fetch did not reproduce the row. Preserved from verified official SKP cache after current fetch did not reproduce the row. Preserved from verified official SKP cache after current fetch did not reproduce the row. Preserved from verified official SKP cache after current fetch did not reproduce the row. Preserved from verified official SKP cache after current fetch did not reproduce the row. Preserved from verified official SKP cache after current fetch did not reproduce the row. Preserved from verified official SKP cache after current fetch did not reproduce the row.",2026-05-31
Q12026-066-SKP-010,Q12026-066,Kith x The Matrix Monday Program,Kith,The Matrix,Kith for The Matrix Red Pill Blue Pill Long Sleeve Tee - Black,apparel,Long Sleeve Tees,80.00,USD,https://kith.com/products/khm035058-001?_pos=7&_psq=matrix&_ss=e&_v=1.0,https://kith.com/search/suggest.json?q=matrix&resources[type]=product&resources[limit]=20,official_shopify_search,https://cdn.shopify.com/s/files/1/0094/2252/files/KHM035058-001-Front.jpg?v=1773954044,Kith / The Matrix,https://kith.com,global Kith stores; online,verified_product,"Extracted from Shopify product search for ""matrix"". Preserved from verified official SKP cache after current fetch did not reproduce the row. Preserved from verified official SKP cache after current fetch did not reproduce the row. Preserved from verified official SKP cache after current fetch did not reproduce the row. Preserved from verified official SKP cache after current fetch did not reproduce the row. Preserved from verified official SKP cache after current fetch did not reproduce the row. Preserved from verified official SKP cache after current fetch did not reproduce the row. Preserved from verified official SKP cache after current fetch did not reproduce the row. Preserved from verified official SKP cache after current fetch did not reproduce the row. Preserved from verified official SKP cache after current fetch did not reproduce the row. Preserved from verified official SKP cache after current fetch did not reproduce the row. Preserved from verified official SKP cache after current fetch did not reproduce the row. Preserved from verified official SKP cache after current fetch did not reproduce the row.",2026-05-31
Q12026-067-SKP-001,Q12026-067,A.P.C. x Topologie Second Capsule,A.P.C.,Topologie,APC x Topologie: a second capsule collection blending iconic denim and technical design,apparel,apparel,,JPY,,https://selectabisso.com/en/APCX-Topology%3A-A-second-capsule-collection-blending-iconic-denim-and-technical-design/,release_media,,A.P.C. / Topologie,official online stores; select retailers in Japan,Japan exclusive,press_listed,Extracted from product-like heading near A/B context.,2026-05-31
Q12026-070-SKP-001,Q12026-070,Halara x Smiley Spring/Summer 2026,Halara,Smiley,Halara X Smiley® SoftlyZero™ Airy Backless Twisted Flare Dance Active Dress with Pockets-Longer Length-Easy Peezy Edition A-D Cups,apparel,apparel,49.95,USD,https://www.halara.com/products/halara-x-smiley-softlyzero-airy-backless-twisted-flare-dance-active-dress-with-pockets-longer-length-easy-peezy-edition-a-c-cups-10-995?pmui=10.1.collection.list.1.halara-x-smiley&pmuih=halara-x-smiley&currentSkc=2521445,https://www.halara.com/collections/halara-x-smiley,official_or_retail,https://mpi.halaracdn.com/upload/online/pu/2026/02/10/14/49/112975171546.jpg,Halara / Smiley,Halara online channels,global online,verified_product,Missing-SKP official pass: product page returned 200 from official/retail domain; source candidate https://www.halara.com/collections/halara-x-smiley. Preserved from verified official SKP cache after current fetch did not reproduce the row. Preserved from verified official SKP cache after current fetch did not reproduce the row. Preserved from verified official SKP cache after current fetch did not reproduce the row. Preserved from verified official SKP cache after current fetch did not reproduce the row. Preserved from verified official SKP cache after current fetch did not reproduce the row. Preserved from verified official SKP cache after current fetch did not reproduce the row. Preserved from verified official SKP cache after current fetch did not reproduce the row. Preserved from verified official SKP cache after current fetch did not reproduce the row. Preserved from verified official SKP cache after current fetch did not reproduce the row. Preserved from verified official SKP cache after current fetch did not reproduce the row.,2026-05-31
Q12026-070-SKP-002,Q12026-070,Halara x Smiley Spring/Summer 2026,Halara,Smiley,Halara X Smiley® Breezeful™ High Waisted Pleated 2-in-1 Asymmetric Hem Quick Dry Mini Dance Skirt with Pockets,apparel,apparel,39.95,USD,https://www.halara.com/products/halara-x-smiley-breezeful-high-waisted-pleated-2-in-1-asymmetric-hem-quick-dry-mini-dance-skirt-with-pockets-10-26?pmui=10.1.collection.list.2.halara-x-smiley&pmuih=halara-x-smiley&currentSkc=2521541,https://www.halara.com/collections/halara-x-smiley,official_or_retail,https://mpi.halaracdn.com/upload/online/pu/2026/02/10/14/47/303312747152.jpg,Halara / Smiley,Halara online channels,global online,verified_product,Missing-SKP official pass: product page returned 200 from official/retail domain; source candidate https://www.halara.com/collections/halara-x-smiley. Preserved from verified official SKP cache after current fetch did not reproduce the row. Preserved from verified official SKP cache after current fetch did not reproduce the row. Preserved from verified official SKP cache after current fetch did not reproduce the row. Preserved from verified official SKP cache after current fetch did not reproduce the row. Preserved from verified official SKP cache after current fetch did not reproduce the row. Preserved from verified official SKP cache after current fetch did not reproduce the row. Preserved from verified official SKP cache after current fetch did not reproduce the row. Preserved from verified official SKP cache after current fetch did not reproduce the row. Preserved from verified official SKP cache after current fetch did not reproduce the row. Preserved from verified official SKP cache after current fetch did not reproduce the row.,2026-05-31
Q12026-070-SKP-003,Q12026-070,Halara x Smiley Spring/Summer 2026,Halara,Smiley,Halara X Smiley® Halara UltraSculpt™ High Waisted Tummy Control Straight Leg Yoga Pants with Pockets,apparel,apparel,39.95,USD,https://www.halara.com/products/halara-x-smiley-halara-ultrasculpt-high-waisted-tummy-control-straight-leg-yoga-pants-with-pockets-10-12?pmui=10.1.collection.list.3.halara-x-smiley&pmuih=halara-x-smiley&currentSkc=2521709,https://www.halara.com/collections/halara-x-smiley,official_or_retail,https://mpi.halaracdn.com/upload/online/pu/2026/02/10/14/44/633333797570.jpg,Halara / Smiley,Halara online channels,global online,verified_product,Missing-SKP official pass: product page returned 200 from official/retail domain; source candidate https://www.halara.com/collections/halara-x-smiley. Preserved from verified official SKP cache after current fetch did not reproduce the row. Preserved from verified official SKP cache after current fetch did not reproduce the row. Preserved from verified official SKP cache after current fetch did not reproduce the row. Preserved from verified official SKP cache after current fetch did not reproduce the row. Preserved from verified official SKP cache after current fetch did not reproduce the row. Preserved from verified official SKP cache after current fetch did not reproduce the row. Preserved from verified official SKP cache after current fetch did not reproduce the row. Preserved from verified official SKP cache after current fetch did not reproduce the row. Preserved from verified official SKP cache after current fetch did not reproduce the row. Preserved from verified official SKP cache after current fetch did not reproduce the row.,2026-05-31
Q12026-070-SKP-004,Q12026-070,Halara x Smiley Spring/Summer 2026,Halara,Smiley,Halara X Smiley® SpeedWave™ Medium Support Quick Dry Training Sports Bra A-D Cups,apparel,apparel,27.95,USD,https://www.halara.com/products/halara-x-smiley-speedwave-medium-support-quick-dry-training-sports-bra-a-c-cups-10-988?pmui=10.1.collection.list.4.halara-x-smiley&pmuih=halara-x-smiley&currentSkc=2521181,https://www.halara.com/collections/halara-x-smiley,official_or_retail,https://mpi.halaracdn.com/upload/online/pu/2026/02/10/14/42/934894732797.jpg,Halara / Smiley,Halara online channels,global online,verified_product,Missing-SKP official pass: product page returned 200 from official/retail domain; source candidate https://www.halara.com/collections/halara-x-smiley. Preserved from verified official SKP cache after current fetch did not reproduce the row. Preserved from verified official SKP cache after current fetch did not reproduce the row. Preserved from verified official SKP cache after current fetch did not reproduce the row. Preserved from verified official SKP cache after current fetch did not reproduce the row. Preserved from verified official SKP cache after current fetch did not reproduce the row. Preserved from verified official SKP cache after current fetch did not reproduce the row. Preserved from verified official SKP cache after current fetch did not reproduce the row. Preserved from verified official SKP cache after current fetch did not reproduce the row. Preserved from verified official SKP cache after current fetch did not reproduce the row. Preserved from verified official SKP cache after current fetch did not reproduce the row.,2026-05-31
Q12026-070-SKP-005,Q12026-070,Halara x Smiley Spring/Summer 2026,Halara,Smiley,Halara X Smiley® High Waisted Drawstring Contrast Mesh 2-in-1 Flowy Mini Flare Dance Skirt with Pockets,apparel,apparel,34.95,USD,https://www.halara.com/products/halara-x-smiley-high-waisted-drawstring-contrast-mesh-2-in-1-flowy-mini-flare-dance-skirt-with-pockets-10-7?pmui=10.1.collection.list.8.halara-x-smiley&pmuih=halara-x-smiley&currentSkc=2521636,https://www.halara.com/collections/halara-x-smiley,official_or_retail,https://mpi.halaracdn.com/upload/online/pu/2026/02/10/14/21/489634461860.jpg,Halara / Smiley,Halara online channels,global online,verified_product,Missing-SKP official pass: product page returned 200 from official/retail domain; source candidate https://www.halara.com/collections/halara-x-smiley. Preserved from verified official SKP cache after current fetch did not reproduce the row. Preserved from verified official SKP cache after current fetch did not reproduce the row. Preserved from verified official SKP cache after current fetch did not reproduce the row. Preserved from verified official SKP cache after current fetch did not reproduce the row. Preserved from verified official SKP cache after current fetch did not reproduce the row. Preserved from verified official SKP cache after current fetch did not reproduce the row. Preserved from verified official SKP cache after current fetch did not reproduce the row. Preserved from verified official SKP cache after current fetch did not reproduce the row. Preserved from verified official SKP cache after current fetch did not reproduce the row. Preserved from verified official SKP cache after current fetch did not reproduce the row.,2026-05-31
Q12026-070-SKP-006,Q12026-070,Halara x Smiley Spring/Summer 2026,Halara,Smiley,Halara X Smiley® V Neck Short Sleeve Casual T-Shirt,bottoms,bottoms,27.95,USD,https://www.halara.com/products/halara-x-smiley-v-neck-short-sleeve-casual-t-shirt-10-48?pmui=10.1.collection.list.11.halara-x-smiley&pmuih=halara-x-smiley&currentSkc=2522330,https://www.halara.com/collections/halara-x-smiley,official_or_retail,https://mpi.halaracdn.com/upload/online/pu/2026/02/10/14/39/119697814237.jpg,Halara / Smiley,Halara online channels,global online,verified_product,Missing-SKP official pass: product page returned 200 from official/retail domain; source candidate https://www.halara.com/collections/halara-x-smiley. Preserved from verified official SKP cache after current fetch did not reproduce the row. Preserved from verified official SKP cache after current fetch did not reproduce the row. Preserved from verified official SKP cache after current fetch did not reproduce the row. Preserved from verified official SKP cache after current fetch did not reproduce the row. Preserved from verified official SKP cache after current fetch did not reproduce the row. Preserved from verified official SKP cache after current fetch did not reproduce the row. Preserved from verified official SKP cache after current fetch did not reproduce the row. Preserved from verified official SKP cache after current fetch did not reproduce the row. Preserved from verified official SKP cache after current fetch did not reproduce the row. Preserved from verified official SKP cache after current fetch did not reproduce the row.,2026-05-31
Q12026-070-SKP-007,Q12026-070,Halara x Smiley Spring/Summer 2026,Halara,Smiley,Halara X Smiley® Halara Flex™ DayStretch High Waisted Straight Leg Work Pants with Pockets,apparel,apparel,39.95,USD,https://www.halara.com/products/halara-x-smiley-halara-flex-daystretch-high-waisted-straight-leg-work-pants-with-pockets-10-974?pmui=10.1.collection.list.12.halara-x-smiley&pmuih=halara-x-smiley&currentSkc=2521757,https://www.halara.com/collections/halara-x-smiley,official_or_retail,https://mpi.halaracdn.com/upload/online/pu/2026/02/10/14/33/712288799349.jpg,Halara / Smiley,Halara online channels,global online,verified_product,Missing-SKP official pass: product page returned 200 from official/retail domain; source candidate https://www.halara.com/collections/halara-x-smiley. Preserved from verified official SKP cache after current fetch did not reproduce the row. Preserved from verified official SKP cache after current fetch did not reproduce the row. Preserved from verified official SKP cache after current fetch did not reproduce the row. Preserved from verified official SKP cache after current fetch did not reproduce the row. Preserved from verified official SKP cache after current fetch did not reproduce the row. Preserved from verified official SKP cache after current fetch did not reproduce the row. Preserved from verified official SKP cache after current fetch did not reproduce the row. Preserved from verified official SKP cache after current fetch did not reproduce the row. Preserved from verified official SKP cache after current fetch did not reproduce the row. Preserved from verified official SKP cache after current fetch did not reproduce the row.,2026-05-31
Q12026-073-SKP-001,Q12026-073,John Lewis x Labrum SS26 Drop Two,John Lewis,Labrum,John Lewis x LABRUM Lambswool Blend V-Neck Tank Top,apparel,apparel,250.00,GBP,https://www.johnlewis.com/john-lewis-x-labrum-lambswool-blend-v-neck-tank-top/navy-cobalt/p114280131,https://www.johnlewis.com/search?search-term=Labrum,official_or_retail,https://media.johnlewiscontent.com/i/JohnLewis/010094699?fmt=auto&$background-off-white$&wid=250&hei=333,John Lewis / Labrum,JohnLewis.com; five John Lewis stores,United Kingdom,verified_product,Missing-SKP official pass: product page returned 200 from official/retail domain; source candidate https://www.johnlewis.com/search?search-term=Labrum. Preserved from verified official SKP cache after current fetch did not reproduce the row. Preserved from verified official SKP cache after current fetch did not reproduce the row. Preserved from verified official SKP cache after current fetch did not reproduce the row. Preserved from verified official SKP cache after current fetch did not reproduce the row. Preserved from verified official SKP cache after current fetch did not reproduce the row. Preserved from verified official SKP cache after current fetch did not reproduce the row. Preserved from verified official SKP cache after current fetch did not reproduce the row. Preserved from verified official SKP cache after current fetch did not reproduce the row. Preserved from verified official SKP cache after current fetch did not reproduce the row. Preserved from verified official SKP cache after current fetch did not reproduce the row.,2026-05-31
Q12026-075-SKP-001,Q12026-075,SP5DER x adidas Superstar Collection,SP5DER,adidas,SP5DER x adidas Superstar,footwear,footwear,,USD,,https://www.soleretriever.com/news/articles/sp5der-adidas-superstars-collection-release-date-march-2026,release_media,,SP5DER / adidas,SP5DER site; adidas; select retailers,global selected retail,press_listed,Extracted from product-like HTML attribute near A/B context.,2026-05-31
Q12026-076-SKP-001,Q12026-076,Palace x World Industries Spring 2026,Palace Skateboards,World Industries,PALACE WORLD INDUSTRIES T-SHIRT BLUE,apparel,T-Shirts,46.00,USD,https://www.palaceskateboards.com/products/0wn3ylc74y0j?_pos=1&_psq=world+industries&_ss=e&_v=1.0,https://www.palaceskateboards.com/search/suggest.json?q=world%20industries&resources[type]=product&resources[limit]=20,official_shopify_search,https://cdn.shopify.com/s/files/1/0305/3289/files/1772533795-palace-world-industries-t-shirt-blue-1.png?v=1776680428,Palace / World Industries,https://www.palaceskateboards.com,global Palace release,verified_product,"Extracted from Shopify product search for ""world industries"".",2026-05-31
Q12026-076-SKP-002,Q12026-076,Palace x World Industries Spring 2026,Palace Skateboards,World Industries,PALACE WORLD INDUSTRIES T-SHIRT YELLOW,apparel,T-Shirts,46.00,USD,https://www.palaceskateboards.com/products/pl9vtp3epnnb?_pos=2&_psq=world+industries&_ss=e&_v=1.0,https://www.palaceskateboards.com/search/suggest.json?q=world%20industries&resources[type]=product&resources[limit]=20,official_shopify_search,https://cdn.shopify.com/s/files/1/0305/3289/files/1772533793-palace-world-industries-t-shirt-yellow-1.png?v=1776680420,Palace / World Industries,https://www.palaceskateboards.com,global Palace release,verified_product,"Extracted from Shopify product search for ""world industries"".",2026-05-31
Q12026-076-SKP-003,Q12026-076,Palace x World Industries Spring 2026,Palace Skateboards,World Industries,PALACE WORLD INDUSTRIES T-SHIRT BLACK,apparel,T-Shirts,46.00,USD,https://www.palaceskateboards.com/products/rnphvcj84xux?_pos=3&_psq=world+industries&_ss=e&_v=1.0,https://www.palaceskateboards.com/search/suggest.json?q=world%20industries&resources[type]=product&resources[limit]=20,official_shopify_search,https://cdn.shopify.com/s/files/1/0305/3289/files/1772533793-palace-world-industries-t-shirt-black-1.png?v=1776680338,Palace / World Industries,https://www.palaceskateboards.com,global Palace release,verified_product,"Extracted from Shopify product search for ""world industries"".",2026-05-31
Q12026-076-SKP-004,Q12026-076,Palace x World Industries Spring 2026,Palace Skateboards,World Industries,PALACE WORLD INDUSTRIES HOOD RED Sweatshirt,apparel,Sweatshirts,138.00,USD,https://www.palaceskateboards.com/products/ll9fer06j5h8?_pos=4&_psq=world+industries&_ss=e&_v=1.0,https://www.palaceskateboards.com/search/suggest.json?q=world%20industries&resources[type]=product&resources[limit]=20,official_shopify_search,https://cdn.shopify.com/s/files/1/0305/3289/files/1772533793-palace-world-industries-hood-red_9a5e4091-d210-4fab-86c6-50473469ad1a.png?v=1776680387,Palace / World Industries,https://www.palaceskateboards.com,global Palace release,verified_product,"Extracted from Shopify product search for ""world industries"".",2026-05-31
Q12026-076-SKP-005,Q12026-076,Palace x World Industries Spring 2026,Palace Skateboards,World Industries,PALACE WORLD INDUSTRIES T-SHIRT WHITE,apparel,T-Shirts,46.00,USD,https://www.palaceskateboards.com/products/w7enx2u1bz91?_pos=5&_psq=world+industries&_ss=e&_v=1.0,https://www.palaceskateboards.com/search/suggest.json?q=world%20industries&resources[type]=product&resources[limit]=20,official_shopify_search,https://cdn.shopify.com/s/files/1/0305/3289/files/1772533793-palace-world-industries-t-shirt-white-1.png?v=1776680365,Palace / World Industries,https://www.palaceskateboards.com,global Palace release,verified_product,"Extracted from Shopify product search for ""world industries"".",2026-05-31
Q12026-076-SKP-006,Q12026-076,Palace x World Industries Spring 2026,Palace Skateboards,World Industries,PALACE WORLD INDUSTRIES HOOD BLUE Sweatshirt,apparel,Sweatshirts,138.00,USD,https://www.palaceskateboards.com/products/dvnwvt0fa82w?_pos=6&_psq=world+industries&_ss=e&_v=1.0,https://www.palaceskateboards.com/search/suggest.json?q=world%20industries&resources[type]=product&resources[limit]=20,official_shopify_search,https://cdn.shopify.com/s/files/1/0305/3289/files/1772533796-palace-world-industries-hood-blue_2269987c-581b-4e9c-8da4-6fb8510869bb.png?v=1776680334,Palace / World Industries,https://www.palaceskateboards.com,global Palace release,verified_product,"Extracted from Shopify product search for ""world industries"".",2026-05-31
Q12026-076-SKP-007,Q12026-076,Palace x World Industries Spring 2026,Palace Skateboards,World Industries,PALACE WORLD INDUSTRIES HOOD BLACK Sweatshirt,apparel,Sweatshirts,138.00,USD,https://www.palaceskateboards.com/products/7xi0013o1usf?_pos=8&_psq=world+industries&_ss=e&_v=1.0,https://www.palaceskateboards.com/search/suggest.json?q=world%20industries&resources[type]=product&resources[limit]=20,official_shopify_search,https://cdn.shopify.com/s/files/1/0305/3289/files/1772533796-palace-world-industries-hood-black.png?v=1776680351,Palace / World Industries,https://www.palaceskateboards.com,global Palace release,verified_product,"Extracted from Shopify product search for ""world industries"".",2026-05-31
Q12026-076-SKP-008,Q12026-076,Palace x World Industries Spring 2026,Palace Skateboards,World Industries,PALACE WORLD INDUSTRIES HOOD GREY MARL Sweatshirt,apparel,Sweatshirts,138.00,USD,https://www.palaceskateboards.com/products/hoeyi1994qv1?_pos=9&_psq=world+industries&_ss=e&_v=1.0,https://www.palaceskateboards.com/search/suggest.json?q=world%20industries&resources[type]=product&resources[limit]=20,official_shopify_search,https://cdn.shopify.com/s/files/1/0305/3289/files/1772533795-palace-world-industries-hood-grey-marl_08aa30ac-e78f-4d41-81ee-65b1222357e0.png?v=1776680399,Palace / World Industries,https://www.palaceskateboards.com,global Palace release,verified_product,"Extracted from Shopify product search for ""world industries"".",2026-05-31
Q12026-076-SKP-009,Q12026-076,Palace x World Industries Spring 2026,Palace Skateboards,World Industries,PALACE WORLD INDUSTRIES COACH JACKET BLUE,outerwear,Jackets,148.00,USD,https://www.palaceskateboards.com/products/fxwb7ean8fi8?_pos=10&_psq=world+industries&_ss=e&_v=1.0,https://www.palaceskateboards.com/search/suggest.json?q=world%20industries&resources[type]=product&resources[limit]=20,official_shopify_search,https://cdn.shopify.com/s/files/1/0305/3289/files/1772533796-palace-world-industries-coach-jacket-blue-2_2364c055-9986-4912-83c5-d5a3839639b9.png?v=1776680361,Palace / World Industries,https://www.palaceskateboards.com,global Palace release,verified_product,"Extracted from Shopify product search for ""world industries"".",2026-05-31
Q12026-077-SKP-001,Q12026-077,Gap x Awake NY Streetwear Collection,Gap,Awake NY,AWAKE x GAP TEE,apparel,Tees,48.00,USD,https://www.awakenyclothing.com/products/awake-x-gap-tee?_pos=1&_psq=gap&_ss=e&_v=1.0,https://www.awakenyclothing.com/search/suggest.json?q=gap&resources[type]=product&resources[limit]=20,official_shopify_search,https://cdn.shopify.com/s/files/1/1600/6017/files/PB_gp_4635828_1_RAV5_61491443.jpg?v=1774621269,Gap / Awake NY,https://www.awakenyclothing.com,United States; online,verified_product,"Extracted from Shopify product search for ""gap"".",2026-05-31
Q12026-077-SKP-002,Q12026-077,Gap x Awake NY Streetwear Collection,Gap,Awake NY,AWAKE x GAP POLKA DOT SOCKS,apparel,Accessory,18.00,USD,https://www.awakenyclothing.com/products/awake-x-gap-polka-dot-socks?_pos=2&_psq=gap&_ss=e&_v=1.0,https://www.awakenyclothing.com/search/suggest.json?q=gap&resources[type]=product&resources[limit]=20,official_shopify_search,https://cdn.shopify.com/s/files/1/1600/6017/files/PB_gp_2102647_1_RP01_61491478.jpg?v=1774621370,Gap / Awake NY,https://www.awakenyclothing.com,United States; online,verified_product,"Extracted from Shopify product search for ""gap"".",2026-05-31
Q12026-077-SKP-003,Q12026-077,Gap x Awake NY Streetwear Collection,Gap,Awake NY,AWAKE x GAP x '47 BRAND METS CAP,apparel,Accessory,60.00,USD,https://www.awakenyclothing.com/products/awake-x-gap-47-brand-mets-cap?_pos=3&_psq=gap&_ss=e&_v=1.0,https://www.awakenyclothing.com/search/suggest.json?q=gap&resources[type]=product&resources[limit]=20,official_shopify_search,https://cdn.shopify.com/s/files/1/1600/6017/files/PB_gp_4644616_1_RP01_61491500.jpg?v=1774621424,Gap / Awake NY,https://www.awakenyclothing.com,United States; online,verified_product,"Extracted from Shopify product search for ""gap"".",2026-05-31
Q12026-077-SKP-004,Q12026-077,Gap x Awake NY Streetwear Collection,Gap,Awake NY,AWAKE x GAP ICON DENIM JACKET,outerwear,Outerwear,118.00,USD,https://www.awakenyclothing.com/products/awake-x-gap-icon-denim-jacket?_pos=4&_psq=gap&_ss=e&_v=1.0,https://www.awakenyclothing.com/search/suggest.json?q=gap&resources[type]=product&resources[limit]=20,official_shopify_search,https://cdn.shopify.com/s/files/1/1600/6017/files/PB_gp_4636611_1_RAV5_61491374.jpg?v=1774621178,Gap / Awake NY,https://www.awakenyclothing.com,United States; online,verified_product,"Extracted from Shopify product search for ""gap"".",2026-05-31
Q12026-077-SKP-005,Q12026-077,Gap x Awake NY Streetwear Collection,Gap,Awake NY,AWAKE x GAP POLKA DOT SHIRT,apparel,Shirt,98.00,USD,https://www.awakenyclothing.com/products/awake-x-gap-polka-dot-shirt?_pos=6&_psq=gap&_ss=e&_v=1.0,https://www.awakenyclothing.com/search/suggest.json?q=gap&resources[type]=product&resources[limit]=20,official_shopify_search,https://cdn.shopify.com/s/files/1/1600/6017/files/PB_gp_4644934_1_RAV5_61491389.jpg?v=1774621289,Gap / Awake NY,https://www.awakenyclothing.com,United States; online,verified_product,"Extracted from Shopify product search for ""gap"".",2026-05-31
Q12026-077-SKP-006,Q12026-077,Gap x Awake NY Streetwear Collection,Gap,Awake NY,AWAKE x GAP TIE DYE HOODIE,apparel,Sweatshirt,118.00,USD,https://www.awakenyclothing.com/products/awake-x-gap-hoodie?_pos=7&_psq=gap&_ss=e&_v=1.0,https://www.awakenyclothing.com/search/suggest.json?q=gap&resources[type]=product&resources[limit]=20,official_shopify_search,https://cdn.shopify.com/s/files/1/1600/6017/files/PB_gp_4636585_1_RAV5_61491413.jpg?v=1774621237,Gap / Awake NY,https://www.awakenyclothing.com,United States; online,verified_product,"Extracted from Shopify product search for ""gap"".",2026-05-31
Q12026-077-SKP-007,Q12026-077,Gap x Awake NY Streetwear Collection,Gap,Awake NY,AWAKE x GAP PLAID SHORTS,apparel,Bottoms,88.00,USD,https://www.awakenyclothing.com/products/awake-x-gap-icon-denim-shorts?_pos=8&_psq=gap&_ss=e&_v=1.0,https://www.awakenyclothing.com/search/suggest.json?q=gap&resources[type]=product&resources[limit]=20,official_shopify_search,https://cdn.shopify.com/s/files/1/1600/6017/files/PB_gp_4639671_1_RAV5_61491367.jpg?v=1774621309,Gap / Awake NY,https://www.awakenyclothing.com,United States; online,verified_product,"Extracted from Shopify product search for ""gap"".",2026-05-31
Q12026-077-SKP-008,Q12026-077,Gap x Awake NY Streetwear Collection,Gap,Awake NY,AWAKE x GAP KIDS TEE,apparel,Tees,28.00,USD,https://www.awakenyclothing.com/products/awake-x-gap-kids-tee?_pos=9&_psq=gap&_ss=e&_v=1.0,https://www.awakenyclothing.com/search/suggest.json?q=gap&resources[type]=product&resources[limit]=20,official_shopify_search,https://cdn.shopify.com/s/files/1/1600/6017/files/PB_gp_4641497_1_RAV5_61491492.jpg?v=1774621350,Gap / Awake NY,https://www.awakenyclothing.com,United States; online,verified_product,"Extracted from Shopify product search for ""gap"".",2026-05-31
Q12026-077-SKP-009,Q12026-077,Gap x Awake NY Streetwear Collection,Gap,Awake NY,AWAKE x GAP x '47 BRAND METS CAP,apparel,Accessory,60.00,USD,https://www.awakenyclothing.com/products/awake-x-gap-47-brand-mets-cap?_pos=4&_psq=gap&_ss=e&_v=1.0,https://www.awakenyclothing.com/search/suggest.json?q=gap&resources[type]=product&resources[limit]=20,official_shopify_search,https://cdn.shopify.com/s/files/1/1600/6017/files/PB_gp_4644616_1_RP01_61491500.jpg?v=1774621424,Gap / Awake NY,https://www.awakenyclothing.com,United States; online,verified_product,"Extracted from Shopify product search for ""gap"". Preserved from verified official SKP cache after current fetch did not reproduce the row. Preserved from verified official SKP cache after current fetch did not reproduce the row. Preserved from verified official SKP cache after current fetch did not reproduce the row. Preserved from verified official SKP cache after current fetch did not reproduce the row. Preserved from verified official SKP cache after current fetch did not reproduce the row. Preserved from verified official SKP cache after current fetch did not reproduce the row. Preserved from verified official SKP cache after current fetch did not reproduce the row. Preserved from verified official SKP cache after current fetch did not reproduce the row. Preserved from verified official SKP cache after current fetch did not reproduce the row. Preserved from verified official SKP cache after current fetch did not reproduce the row. Preserved from verified official SKP cache after current fetch did not reproduce the row.",2026-05-31
Q12026-077-SKP-010,Q12026-077,Gap x Awake NY Streetwear Collection,Gap,Awake NY,AWAKE x GAP ICON DENIM JACKET,outerwear,Outerwear,118.00,USD,https://www.awakenyclothing.com/products/awake-x-gap-icon-denim-jacket?_pos=3&_psq=gap&_ss=e&_v=1.0,https://www.awakenyclothing.com/search/suggest.json?q=gap&resources[type]=product&resources[limit]=20,official_shopify_search,https://cdn.shopify.com/s/files/1/1600/6017/files/PB_gp_4636611_1_RAV5_61491374.jpg?v=1774621178,Gap / Awake NY,https://www.awakenyclothing.com,United States; online,verified_product,"Extracted from Shopify product search for ""gap"". Preserved from verified official SKP cache after current fetch did not reproduce the row. Preserved from verified official SKP cache after current fetch did not reproduce the row. Preserved from verified official SKP cache after current fetch did not reproduce the row. Preserved from verified official SKP cache after current fetch did not reproduce the row. Preserved from verified official SKP cache after current fetch did not reproduce the row. Preserved from verified official SKP cache after current fetch did not reproduce the row. Preserved from verified official SKP cache after current fetch did not reproduce the row. Preserved from verified official SKP cache after current fetch did not reproduce the row. Preserved from verified official SKP cache after current fetch did not reproduce the row. Preserved from verified official SKP cache after current fetch did not reproduce the row. Preserved from verified official SKP cache after current fetch did not reproduce the row.",2026-05-31
Q12026-078-SKP-001,Q12026-078,HOODRICH x Eastman Group U.S. Footwear Debut,HOODRICH,Eastman Group; JD Sports,HOODRICH U.S. Footwear Debut Sneaker,footwear,footwear,,USD,,https://iconixbrand.com/hoodrich-enters-u-s-footwear-market-for-the-first-time-in-partnership-with-eastman-group/,seeded_source_extract,,HOODRICH / Eastman Group / JD Sports,JD Sports,United States,press_listed,Iconix source confirms the first U.S. footwear product launch.,2026-05-31
Q12026-081-SKP-001,Q12026-081,Pharrell x adidas adiZero EVO SL HUMANRACE Mars,adidas,Pharrell Williams / HUMANRACE,Pharrell x adidas adiZero EVO SL HUMANRACE Mars,footwear,footwear,,USD,,https://sneakernews.com/2025/11/03/pharrell-adidas-evo-sl-preloved-brown-kj8809/,seeded_source_extract,,adidas / Pharrell HUMANRACE,adidas; Sneaker Politics; select retailers,United States; selected retail,press_listed,Sneaker News source identifies the adiZero EVO SL HUMANRACE Mars product.,2026-05-31
Q12026-086-SKP-001,Q12026-086,BAPE x CLOT Collection,A Bathing Ape (BAPE),CLOT,BAPE X CLOT SUPERSTAR BY EDISON CHEN MENS,footwear,FOOTWEAR,220.00,USD,https://us.bape.com/products/1l73-191-942?_pos=1&_psq=clot&_ss=e&_v=1.0,https://us.bape.com/search/suggest.json?q=clot&resources[type]=product&resources[limit]=20,official_shopify_search,https://cdn.shopify.com/s/files/1/0214/3706/files/001FWL731942_WHT_B.jpg?v=1764769683,BAPE / CLOT / Sole Retriever,https://us.bape.com,BAPE; Juice Store; select retailers; online,verified_product,"Extracted from Shopify product search for ""clot"".",2026-05-31
Q12026-087-SKP-001,Q12026-087,"LIFE TIME x EVEREVE Sporty, Styled Up Capsule",EVEREVE,Life Time,Lifetime Quarter Sock 3 Pack,apparel,Hosiery Socks,14.99,USD,https://evereve.com/products/lifetime-quarter-sock-3-pack-white-navy?_pos=1&_psq=life+time&_ss=e&_v=1.0,https://evereve.com/search/suggest.json?q=life%20time&resources[type]=product&resources[limit]=20,official_shopify_search,https://cdn.shopify.com/s/files/1/0638/1561/4629/files/112425_JANJASI_EV2048LLT-MA_0216_1.jpg?v=1768320487,Life Time / EVEREVE,https://evereve.com,United States; EVEREVE stores; select Life Time destinations; online,verified_product,"Extracted from Shopify product search for ""life time"".",2026-05-31
Q12026-087-SKP-002,Q12026-087,"LIFE TIME x EVEREVE Sporty, Styled Up Capsule",EVEREVE,Life Time,Crew Neck Ringer Tank,apparel,Graphic,19.99,USD,https://evereve.com/products/crew-neck-ringer-tank-white?_pos=2&_psq=life+time&_ss=e&_v=1.0,https://evereve.com/search/suggest.json?q=life%20time&resources[type]=product&resources[limit]=20,official_shopify_search,https://cdn.shopify.com/s/files/1/0638/1561/4629/files/120225_Ecomm_JAN_EVH025KT01-GX_2354_1.jpg?v=1768491789,Life Time / EVEREVE,https://evereve.com,United States; EVEREVE stores; select Life Time destinations; online,verified_product,"Extracted from Shopify product search for ""life time"".",2026-05-31
Q12026-087-SKP-003,Q12026-087,"LIFE TIME x EVEREVE Sporty, Styled Up Capsule",EVEREVE,Life Time,Quarter Zip Sweatshirt,apparel,Sweatshirts,34.99,USD,https://evereve.com/products/quarter-zip-sweatshirt-navy?_pos=3&_psq=life+time&_ss=e&_v=1.0,https://evereve.com/search/suggest.json?q=life%20time&resources[type]=product&resources[limit]=20,official_shopify_search,https://cdn.shopify.com/s/files/1/0638/1561/4629/files/120225_Ecomm_JAN_EVH025KT06-GX_2619_1.jpg?v=1768491800,Life Time / EVEREVE,https://evereve.com,United States; EVEREVE stores; select Life Time destinations; online,verified_product,"Extracted from Shopify product search for ""life time"".",2026-05-31
Q12026-087-SKP-004,Q12026-087,"LIFE TIME x EVEREVE Sporty, Styled Up Capsule",EVEREVE,Life Time,Wide Leg Pant,apparel,Wide Leg,34.99,USD,https://evereve.com/products/wide-leg-pant-navy?_pos=4&_psq=life+time&_ss=e&_v=1.0,https://evereve.com/search/suggest.json?q=life%20time&resources[type]=product&resources[limit]=20,official_shopify_search,https://cdn.shopify.com/s/files/1/0638/1561/4629/files/120225_Ecomm_JAN_EVH025KT08-GX_2741_1.jpg?v=1768339087,Life Time / EVEREVE,https://evereve.com,United States; EVEREVE stores; select Life Time destinations; online,verified_product,"Extracted from Shopify product search for ""life time"".",2026-05-31
Q12026-087-SKP-005,Q12026-087,"LIFE TIME x EVEREVE Sporty, Styled Up Capsule",EVEREVE,Life Time,Crew Neck Graphic Tee,apparel,Graphic,19.99,USD,https://evereve.com/products/crew-neck-graphic-tee-navy?_pos=5&_psq=life+time&_ss=e&_v=1.0,https://evereve.com/search/suggest.json?q=life%20time&resources[type]=product&resources[limit]=20,official_shopify_search,https://cdn.shopify.com/s/files/1/0638/1561/4629/files/120225_Ecomm_JAN_EVH025KT02-GX_2174_1.jpg?v=1768491787,Life Time / EVEREVE,https://evereve.com,United States; EVEREVE stores; select Life Time destinations; online,verified_product,"Extracted from Shopify product search for ""life time"".",2026-05-31
Q12026-087-SKP-006,Q12026-087,"LIFE TIME x EVEREVE Sporty, Styled Up Capsule",EVEREVE,Life Time,Crew Neck Muscle Tank,apparel,Graphic,19.99,USD,https://evereve.com/products/crew-neck-muscle-tank-skyblue?_pos=6&_psq=life+time&_ss=e&_v=1.0,https://evereve.com/search/suggest.json?q=life%20time&resources[type]=product&resources[limit]=20,official_shopify_search,https://cdn.shopify.com/s/files/1/0638/1561/4629/files/120225_Ecomm_JAN_EVH025KT03-GX_3100_1.jpg?v=1768319889,Life Time / EVEREVE,https://evereve.com,United States; EVEREVE stores; select Life Time destinations; online,verified_product,"Extracted from Shopify product search for ""life time"".",2026-05-31
Q12026-087-SKP-007,Q12026-087,"LIFE TIME x EVEREVE Sporty, Styled Up Capsule",EVEREVE,Life Time,Athletic Club Canvas Tote,bags,Handbags,19.99,USD,https://evereve.com/products/athletic-club-canvas-tote-natural?_pos=7&_psq=life+time&_ss=e&_v=1.0,https://evereve.com/search/suggest.json?q=life%20time&resources[type]=product&resources[limit]=20,official_shopify_search,https://cdn.shopify.com/s/files/1/0638/1561/4629/files/112525_JANJASI_06371-BK_0029_1.jpg?v=1768320490,Life Time / EVEREVE,https://evereve.com,United States; EVEREVE stores; select Life Time destinations; online,verified_product,"Extracted from Shopify product search for ""life time"".",2026-05-31
Q12026-087-SKP-008,Q12026-087,"LIFE TIME x EVEREVE Sporty, Styled Up Capsule",EVEREVE,Life Time,Crew Neck Patch Sweatshirt,apparel,Sweatshirts,34.99,USD,https://evereve.com/products/crew-neck-patch-sweatshirt-white?_pos=8&_psq=life+time&_ss=e&_v=1.0,https://evereve.com/search/suggest.json?q=life%20time&resources[type]=product&resources[limit]=20,official_shopify_search,https://cdn.shopify.com/s/files/1/0638/1561/4629/files/120225_Ecomm_JAN_EVH025KT05-GX_3210_1.jpg?v=1768319590,Life Time / EVEREVE,https://evereve.com,United States; EVEREVE stores; select Life Time destinations; online,verified_product,"Extracted from Shopify product search for ""life time"".",2026-05-31
Q12026-087-SKP-009,Q12026-087,"LIFE TIME x EVEREVE Sporty, Styled Up Capsule",EVEREVE,Life Time,Raglan Crew Sweatshirt,apparel,Sweatshirts,34.99,USD,https://evereve.com/products/raglan-crew-sweatshirt-red?_pos=9&_psq=life+time&_ss=e&_v=1.0,https://evereve.com/search/suggest.json?q=life%20time&resources[type]=product&resources[limit]=20,official_shopify_search,https://cdn.shopify.com/s/files/1/0638/1561/4629/files/120225_Ecomm_JAN_EVH025KT07-GX_2051_1.jpg?v=1768491801,Life Time / EVEREVE,https://evereve.com,United States; EVEREVE stores; select Life Time destinations; online,verified_product,"Extracted from Shopify product search for ""life time"".",2026-05-31
Q12026-087-SKP-010,Q12026-087,"LIFE TIME x EVEREVE Sporty, Styled Up Capsule",EVEREVE,Life Time,Athletic Club Baseball Hat,accessories,Hats,14.99,USD,https://evereve.com/products/athletic-club-baseball-hat-white-red?_pos=10&_psq=life+time&_ss=e&_v=1.0,https://evereve.com/search/suggest.json?q=life%20time&resources[type]=product&resources[limit]=20,official_shopify_search,https://cdn.shopify.com/s/files/1/0638/1561/4629/files/112425_JANJASI_06367-BK_0203_1.jpg?v=1769114885,Life Time / EVEREVE,https://evereve.com,United States; EVEREVE stores; select Life Time destinations; online,verified_product,"Extracted from Shopify product search for ""life time"".",2026-05-31
Q12026-087-SKP-011,Q12026-087,"LIFE TIME x EVEREVE Sporty, Styled Up Capsule",EVEREVE,Life Time,Raglan Crew Sweatshirt,apparel,Sweatshirts,34.99,USD,https://evereve.com/products/raglan-crew-sweatshirt-red?_pos=8&_psq=life+time&_ss=e&_v=1.0,https://evereve.com/search/suggest.json?q=life%20time&resources[type]=product&resources[limit]=20,official_shopify_search,https://cdn.shopify.com/s/files/1/0638/1561/4629/files/120225_Ecomm_JAN_EVH025KT07-GX_2051_1.jpg?v=1768491801,Life Time / EVEREVE,https://evereve.com,United States; EVEREVE stores; select Life Time destinations; online,verified_product,"Extracted from Shopify product search for ""life time"". Preserved from verified official SKP cache after current fetch did not reproduce the row. Preserved from verified official SKP cache after current fetch did not reproduce the row. Preserved from verified official SKP cache after current fetch did not reproduce the row. Preserved from verified official SKP cache after current fetch did not reproduce the row. Preserved from verified official SKP cache after current fetch did not reproduce the row. Preserved from verified official SKP cache after current fetch did not reproduce the row.",2026-05-31
Q12026-087-SKP-012,Q12026-087,"LIFE TIME x EVEREVE Sporty, Styled Up Capsule",EVEREVE,Life Time,Crew Neck Patch Sweatshirt,apparel,Sweatshirts,34.99,USD,https://evereve.com/products/crew-neck-patch-sweatshirt-white?_pos=9&_psq=life+time&_ss=e&_v=1.0,https://evereve.com/search/suggest.json?q=life%20time&resources[type]=product&resources[limit]=20,official_shopify_search,https://cdn.shopify.com/s/files/1/0638/1561/4629/files/120225_Ecomm_JAN_EVH025KT05-GX_3210_1.jpg?v=1768319590,Life Time / EVEREVE,https://evereve.com,United States; EVEREVE stores; select Life Time destinations; online,verified_product,"Extracted from Shopify product search for ""life time"". Preserved from verified official SKP cache after current fetch did not reproduce the row. Preserved from verified official SKP cache after current fetch did not reproduce the row. Preserved from verified official SKP cache after current fetch did not reproduce the row. Preserved from verified official SKP cache after current fetch did not reproduce the row. Preserved from verified official SKP cache after current fetch did not reproduce the row. Preserved from verified official SKP cache after current fetch did not reproduce the row.",2026-05-31
Q12026-087-SKP-013,Q12026-087,"LIFE TIME x EVEREVE Sporty, Styled Up Capsule",EVEREVE,Life Time,Embroidered Crest Baseball Hat,apparel,Hats,14.99,USD,https://evereve.com/products/embroidered-crest-baseball-hat-white-blue?_pos=10&_psq=life+time&_ss=e&_v=1.0,https://evereve.com/search/suggest.json?q=life%20time&resources[type]=product&resources[limit]=20,official_shopify_search,https://cdn.shopify.com/s/files/1/0638/1561/4629/files/112425_JANJASI_06368-BK_0206_1.jpg?v=1768491791,Life Time / EVEREVE,https://evereve.com,United States; EVEREVE stores; select Life Time destinations; online,verified_product,"Extracted from Shopify product search for ""life time"". Preserved from verified official SKP cache after current fetch did not reproduce the row. Preserved from verified official SKP cache after current fetch did not reproduce the row. Preserved from verified official SKP cache after current fetch did not reproduce the row. Preserved from verified official SKP cache after current fetch did not reproduce the row. Preserved from verified official SKP cache after current fetch did not reproduce the row. Preserved from verified official SKP cache after current fetch did not reproduce the row.",2026-05-31
Q12026-087-SKP-014,Q12026-087,"LIFE TIME x EVEREVE Sporty, Styled Up Capsule",EVEREVE,Life Time,Quarter Zip Sweatshirt,apparel,Sweatshirts,34.99,USD,https://evereve.com/products/quarter-zip-sweatshirt-navy?_pos=4&_psq=life+time&_ss=e&_v=1.0,https://evereve.com/search/suggest.json?q=life%20time&resources[type]=product&resources[limit]=20,official_shopify_search,https://cdn.shopify.com/s/files/1/0638/1561/4629/files/120225_Ecomm_JAN_EVH025KT06-GX_2619_1.jpg?v=1768491800,Life Time / EVEREVE,https://evereve.com,United States; EVEREVE stores; select Life Time destinations; online,verified_product,"Extracted from Shopify product search for ""life time"". Preserved from verified official SKP cache after current fetch did not reproduce the row. Preserved from verified official SKP cache after current fetch did not reproduce the row. Preserved from verified official SKP cache after current fetch did not reproduce the row.",2026-05-31
Q12026-087-SKP-015,Q12026-087,"LIFE TIME x EVEREVE Sporty, Styled Up Capsule",EVEREVE,Life Time,Wide Leg Pant,apparel,Wide Leg,34.99,USD,https://evereve.com/products/wide-leg-pant-navy?_pos=3&_psq=life+time&_ss=e&_v=1.0,https://evereve.com/search/suggest.json?q=life%20time&resources[type]=product&resources[limit]=20,official_shopify_search,https://cdn.shopify.com/s/files/1/0638/1561/4629/files/120225_Ecomm_JAN_EVH025KT08-GX_2741_1.jpg?v=1768339087,Life Time / EVEREVE,https://evereve.com,United States; EVEREVE stores; select Life Time destinations; online,verified_product,"Extracted from Shopify product search for ""life time"". Preserved from verified official SKP cache after current fetch did not reproduce the row. Preserved from verified official SKP cache after current fetch did not reproduce the row. Preserved from verified official SKP cache after current fetch did not reproduce the row.",2026-05-31
Q12026-088-SKP-001,Q12026-088,Madhappy x PUMA Second Capsule Collection,PUMA,Madhappy,PUMA Speedcat Plus Shoes,footwear,Shoes,140.00,USD,https://www.madhappy.com/products/puma-speedcat-plus-black?_pos=1&_psq=puma&_ss=e&_v=1.0,https://www.madhappy.com/search/suggest.json?q=puma&resources[type]=product&resources[limit]=20,official_shopify_search,https://cdn.shopify.com/s/files/1/2554/3534/files/Madhappy-Puma-Satin-Speedcat-Flat-Black-01_32eba930-8918-44c6-b430-8e4c18965649.jpg?v=1773106597,Madhappy / PUMA / Hypebeast,https://www.madhappy.com,Madhappy first; wider PUMA release from 2026-03-12,verified_product,"Extracted from Shopify product search for ""puma"".",2026-05-31
Q12026-088-SKP-002,Q12026-088,Madhappy x PUMA Second Capsule Collection,PUMA,Madhappy,PUMA Fleece Hoodie,apparel,Hoodie,150.00,USD,https://www.madhappy.com/products/puma-fleece-hoodie-navy?_pos=6&_psq=puma&_ss=e&_v=1.0,https://www.madhappy.com/search/suggest.json?q=puma&resources[type]=product&resources[limit]=20,official_shopify_search,https://cdn.shopify.com/s/files/1/2554/3534/files/Madhappy-Puma-Fleece-Hoodie-Flat-Navy-01.jpg?v=1760986045,Madhappy / PUMA / Hypebeast,https://www.madhappy.com,Madhappy first; wider PUMA release from 2026-03-12,verified_product,"Extracted from Shopify product search for ""puma"".",2026-05-31
Q12026-088-SKP-003,Q12026-088,Madhappy x PUMA Second Capsule Collection,PUMA,Madhappy,PUMA Nylon Track Jacket,outerwear,Jacket,175.00,USD,https://www.madhappy.com/products/puma-nylon-track-jacket-navy?_pos=8&_psq=puma&_ss=e&_v=1.0,https://www.madhappy.com/search/suggest.json?q=puma&resources[type]=product&resources[limit]=20,official_shopify_search,https://cdn.shopify.com/s/files/1/2554/3534/files/Madhappy-Puma-Nylon-Track-Jacket-Flat-Navy-01.jpg?v=1760986094,Madhappy / PUMA / Hypebeast,https://www.madhappy.com,Madhappy first; wider PUMA release from 2026-03-12,verified_product,"Extracted from Shopify product search for ""puma"".",2026-05-31
Q12026-088-SKP-004,Q12026-088,Madhappy x PUMA Second Capsule Collection,PUMA,Madhappy,PUMA Lace Trim Fleece Hoodie,apparel,Hoodie,150.00,USD,https://www.madhappy.com/products/puma-lace-trim-fleece-hoodie-sol?_pos=9&_psq=puma&_ss=e&_v=1.0,https://www.madhappy.com/search/suggest.json?q=puma&resources[type]=product&resources[limit]=20,official_shopify_search,https://cdn.shopify.com/s/files/1/2554/3534/files/Madhappy-Puma-Lace-Logo-Fleece-Hoodie-Flat-Sol-01.jpg?v=1772665101,Madhappy / PUMA / Hypebeast,https://www.madhappy.com,Madhappy first; wider PUMA release from 2026-03-12,verified_product,"Extracted from Shopify product search for ""puma"".",2026-05-31
Q12026-088-SKP-005,Q12026-088,Madhappy x PUMA Second Capsule Collection,PUMA,Madhappy,PUMA Pointelle Knit Jersey,apparel,Shirt,175.00,USD,https://www.madhappy.com/products/puma-pointelle-knit-jersey-olive?_pos=10&_psq=puma&_ss=e&_v=1.0,https://www.madhappy.com/search/suggest.json?q=puma&resources[type]=product&resources[limit]=20,official_shopify_search,https://cdn.shopify.com/s/files/1/2554/3534/files/Madhappy-Puma-LS-Pointelle-Knit-Jersey-Flat-Olive-01.jpg?v=1772664437,Madhappy / PUMA / Hypebeast,https://www.madhappy.com,Madhappy first; wider PUMA release from 2026-03-12,verified_product,"Extracted from Shopify product search for ""puma"".",2026-05-31
Q12026-088-SKP-006,Q12026-088,Madhappy x PUMA Second Capsule Collection,PUMA,Madhappy,PUMA Speedcat Plus Shoes,footwear,Shoes,140.00,USD,https://www.madhappy.com/products/puma-speedcat-plus-sol?_pos=1&_psq=puma&_ss=e&_v=1.0,https://www.madhappy.com/search/suggest.json?q=puma&resources[type]=product&resources[limit]=20,official_shopify_search,https://cdn.shopify.com/s/files/1/2554/3534/files/Madhappy-Puma-Satin-Speedcat-Flat-Sol-01_2b4052ee-4e55-4b36-888f-caf5cea4a6af.jpg?v=1773106782,Madhappy / PUMA / Hypebeast,https://www.madhappy.com,Madhappy first; wider PUMA release from 2026-03-12,verified_product,"Extracted from Shopify product search for ""puma"". Preserved from verified official SKP cache after current fetch did not reproduce the row. Preserved from verified official SKP cache after current fetch did not reproduce the row. Preserved from verified official SKP cache after current fetch did not reproduce the row. Preserved from verified official SKP cache after current fetch did not reproduce the row. Preserved from verified official SKP cache after current fetch did not reproduce the row. Preserved from verified official SKP cache after current fetch did not reproduce the row.",2026-05-31
Q12026-088-SKP-007,Q12026-088,Madhappy x PUMA Second Capsule Collection,PUMA,Madhappy,PUMA Lace Trim Fleece Hoodie,apparel,Hoodie,150.00,USD,https://www.madhappy.com/products/puma-lace-trim-fleece-hoodie-sol?_pos=8&_psq=puma&_ss=e&_v=1.0,https://www.madhappy.com/search/suggest.json?q=puma&resources[type]=product&resources[limit]=20,official_shopify_search,https://cdn.shopify.com/s/files/1/2554/3534/files/Madhappy-Puma-Lace-Logo-Fleece-Hoodie-Flat-Sol-01.jpg?v=1772665101,Madhappy / PUMA / Hypebeast,https://www.madhappy.com,Madhappy first; wider PUMA release from 2026-03-12,verified_product,"Extracted from Shopify product search for ""puma"". Preserved from verified official SKP cache after current fetch did not reproduce the row. Preserved from verified official SKP cache after current fetch did not reproduce the row. Preserved from verified official SKP cache after current fetch did not reproduce the row. Preserved from verified official SKP cache after current fetch did not reproduce the row. Preserved from verified official SKP cache after current fetch did not reproduce the row. Preserved from verified official SKP cache after current fetch did not reproduce the row.",2026-05-31
Q12026-088-SKP-008,Q12026-088,Madhappy x PUMA Second Capsule Collection,PUMA,Madhappy,PUMA Nylon Track Jacket,outerwear,Jacket,175.00,USD,https://www.madhappy.com/products/puma-nylon-track-jacket-navy?_pos=9&_psq=puma&_ss=e&_v=1.0,https://www.madhappy.com/search/suggest.json?q=puma&resources[type]=product&resources[limit]=20,official_shopify_search,https://cdn.shopify.com/s/files/1/2554/3534/files/Madhappy-Puma-Nylon-Track-Jacket-Flat-Navy-01.jpg?v=1760986094,Madhappy / PUMA / Hypebeast,https://www.madhappy.com,Madhappy first; wider PUMA release from 2026-03-12,verified_product,"Extracted from Shopify product search for ""puma"". Preserved from verified official SKP cache after current fetch did not reproduce the row. Preserved from verified official SKP cache after current fetch did not reproduce the row. Preserved from verified official SKP cache after current fetch did not reproduce the row. Preserved from verified official SKP cache after current fetch did not reproduce the row. Preserved from verified official SKP cache after current fetch did not reproduce the row. Preserved from verified official SKP cache after current fetch did not reproduce the row.",2026-05-31
Q12026-089-SKP-001,Q12026-089,AGLXY x Comeback Kid Capsule,AGLXY / Ageless Galaxy,Comeback Kid,AGLXY x Comeback Kid Jacket - Black,outerwear,Apparel,125.00,USD,https://aglxy.com/products/aglxy-x-comeback-kid-jacket-black?_pos=1&_psq=comeback+kid&_ss=e&_v=1.0,https://aglxy.com/search/suggest.json?q=comeback%20kid&resources[type]=product&resources[limit]=20,official_shopify_search,https://cdn.shopify.com/s/files/1/0422/4951/9269/files/ParkaJacketBackCBKAGLXY_jpg.png?v=1769267725,AGLXY / Comeback Kid / Hypebeast,https://aglxy.com,Indonesia; online,verified_product,"Extracted from Shopify product search for ""comeback kid"".",2026-05-31
Q12026-089-SKP-002,Q12026-089,AGLXY x Comeback Kid Capsule,AGLXY / Ageless Galaxy,Comeback Kid,AGLXY x Comeback Kid Running Hat - Black,apparel,Apparel,45.00,USD,https://aglxy.com/products/aglxy-x-comeback-kid-running-hat-black?_pos=3&_psq=comeback+kid&_ss=e&_v=1.0,https://aglxy.com/search/suggest.json?q=comeback%20kid&resources[type]=product&resources[limit]=20,official_shopify_search,https://cdn.shopify.com/s/files/1/0422/4951/9269/files/Hat_1.png?v=1770009602,AGLXY / Comeback Kid / Hypebeast,https://aglxy.com,Indonesia; online,verified_product,"Extracted from Shopify product search for ""comeback kid"".",2026-05-31
Q12026-089-SKP-003,Q12026-089,AGLXY x Comeback Kid Capsule,AGLXY / Ageless Galaxy,Comeback Kid,AGLXY x Comeback Kid Hoodie - Black,apparel,Apparel,80.00,USD,https://aglxy.com/products/aglxy-x-comeback-kid-hoodie-black?_pos=4&_psq=comeback+kid&_ss=e&_v=1.0,https://aglxy.com/search/suggest.json?q=comeback%20kid&resources[type]=product&resources[limit]=20,official_shopify_search,https://cdn.shopify.com/s/files/1/0422/4951/9269/files/HoodieBackAGLXYxComebackKid.jpg?v=1769267816,AGLXY / Comeback Kid / Hypebeast,https://aglxy.com,Indonesia; online,verified_product,"Extracted from Shopify product search for ""comeback kid"".",2026-05-31
Q12026-089-SKP-004,Q12026-089,AGLXY x Comeback Kid Capsule,AGLXY / Ageless Galaxy,Comeback Kid,AGLXY x Comeback Kid T-shirt - Black,apparel,Apparel,40.00,USD,https://aglxy.com/products/aglxy-x-comeback-kid-t-shirt-black?_pos=5&_psq=comeback+kid&_ss=e&_v=1.0,https://aglxy.com/search/suggest.json?q=comeback%20kid&resources[type]=product&resources[limit]=20,official_shopify_search,https://cdn.shopify.com/s/files/1/0422/4951/9269/files/Front-Black-Tee-AGLXY-x-Comeback-Kid.jpg?v=1769269218,AGLXY / Comeback Kid / Hypebeast,https://aglxy.com,Indonesia; online,verified_product,"Extracted from Shopify product search for ""comeback kid"".",2026-05-31
Q12026-089-SKP-005,Q12026-089,AGLXY x Comeback Kid Capsule,AGLXY / Ageless Galaxy,Comeback Kid,AGLXY x Comeback Kid T-shirt - White,apparel,Apparel,40.00,USD,https://aglxy.com/products/aglxy-x-comeback-kid-t-shirt-white?_pos=6&_psq=comeback+kid&_ss=e&_v=1.0,https://aglxy.com/search/suggest.json?q=comeback%20kid&resources[type]=product&resources[limit]=20,official_shopify_search,https://cdn.shopify.com/s/files/1/0422/4951/9269/files/Front-White-Tee-AGLXY-x-Comeback-Kid.jpg?v=1769269196,AGLXY / Comeback Kid / Hypebeast,https://aglxy.com,Indonesia; online,verified_product,"Extracted from Shopify product search for ""comeback kid"".",2026-05-31
Q12026-089-SKP-006,Q12026-089,AGLXY x Comeback Kid Capsule,AGLXY / Ageless Galaxy,Comeback Kid,AGLXY x Comeback Kid Event Tee LS - Black,apparel,Apparel,45.00,USD,https://aglxy.com/products/aglxy-x-comeback-kid-event-tee-ls-black?_pos=7&_psq=comeback+kid&_ss=e&_v=1.0,https://aglxy.com/search/suggest.json?q=comeback%20kid&resources[type]=product&resources[limit]=20,official_shopify_search,https://cdn.shopify.com/s/files/1/0422/4951/9269/files/Long-Sleeve-Front-CBK-AGLXY_jpg.png?v=1769347137,AGLXY / Comeback Kid / Hypebeast,https://aglxy.com,Indonesia; online,verified_product,"Extracted from Shopify product search for ""comeback kid"".",2026-05-31
Q12026-089-SKP-007,Q12026-089,AGLXY x Comeback Kid Capsule,AGLXY / Ageless Galaxy,Comeback Kid,AGLXY x Comeback Kid Chino Pants - Olive Green,apparel,Apparel,90.00,USD,https://aglxy.com/products/aglxy-x-comeback-kid-pants-black?_pos=8&_psq=comeback+kid&_ss=e&_v=1.0,https://aglxy.com/search/suggest.json?q=comeback%20kid&resources[type]=product&resources[limit]=20,official_shopify_search,https://cdn.shopify.com/s/files/1/0422/4951/9269/files/FrontComebackKidAGLXYPants.jpg?v=1769267603,AGLXY / Comeback Kid / Hypebeast,https://aglxy.com,Indonesia; online,verified_product,"Extracted from Shopify product search for ""comeback kid"".",2026-05-31
Q12026-090-SKP-001,Q12026-090,Zales x Sweethearts Valentine's Day 2026 Charm Capsule,Zales,Sweethearts / Spangler Candy,Customize Your Vera Wang Love Engagement Ring,accessories,accessories,250,USD,https://www.zales.com/customize-your-vera-wang-love-engagement-ring/p/V-20298826?icid=MEGA:ENGAGEMENT_CUSTOM:VERA_WANG,https://www.zales.com/collections/zales-for-sweethearts,official_or_retail,https://ecomapi.jewels.com/productimages/processed/V-20298826_0_565.jpg,Zales / Sweethearts,Zales.com,United States; online,verified_product,Missing-SKP official pass: product page returned 200 from official/retail domain; source candidate https://www.zales.com/collections/zales-for-sweethearts. Preserved from verified official SKP cache after current fetch did not reproduce the row. Preserved from verified official SKP cache after current fetch did not reproduce the row. Preserved from verified official SKP cache after current fetch did not reproduce the row. Preserved from verified official SKP cache after current fetch did not reproduce the row.,2026-05-31
Q12026-091-SKP-001,Q12026-091,Weekend Max Mara x Sebago A Weekend with Sebago SS2026,Weekend Max Mara,Sebago,Leather loafers with micro studs - Weekend Max Mara,footwear,footwear,,EUR,,https://us.weekendmaxmara.com/search?q=Sebago,official_or_retail,,Weekend Max Mara / Sebago / FashionUnited,Weekend Max Mara boutiques; Weekend Max Mara e-shop,Weekend Max Mara boutiques; online,verified_product,Extracted from product-like HTML attribute near A/B context.,2026-05-31
Q12026-091-SKP-002,Q12026-091,Weekend Max Mara x Sebago A Weekend with Sebago SS2026,Weekend Max Mara,Sebago,Leather loafers with micro studs - Weekend Max Mara - 2,footwear,footwear,,EUR,,https://us.weekendmaxmara.com/search?q=Sebago,official_or_retail,,Weekend Max Mara / Sebago / FashionUnited,Weekend Max Mara boutiques; Weekend Max Mara e-shop,Weekend Max Mara boutiques; online,verified_product,Extracted from product-like HTML attribute near A/B context.,2026-05-31
Q12026-092-SKP-001,Q12026-092,Fred Perry x Kris Van Assche Uniform of Youth,Fred Perry,Kris Van Assche,Fred Perry x Kris Van Assche: Reinventing the Uniform of Youth,apparel,apparel,,,,https://fashionunited.uk/tags/fred-perry,industry_media,https://r.fashionunited.com/t_zNpdwYJSexvrlcUC0BJAlWgBax0mh3njeiG8rppfo/resize:fill-down:312:208:0/gravity:ce/quality:70/aHR0cHM6Ly9mYXNoaW9udW5pdGVkLmNvbS9pbWcvdXBsb2FkLzIwMjYvMDIvMjMvb3AyNTA1Ny1hbS1mcmVkLXBlcnJ5LWt2YS05Nzk3LTAxLXNyZ2IxNTAtdGphYjV0eHktMjAyNi0wMi0yMy5qcGVn,Fred Perry / Kris Van Assche / FashionUnited,Fred Perry global channels; selected retailers,global,press_listed,Extracted from official/retail product card near A/B context.,2026-05-31
Q12026-093-SKP-001,Q12026-093,Albaray x Anna Unwin Limited-Edition Collection,Albaray,Anna Unwin,Textured Woven Top,apparel,apparel,170.00,USD,https://www.albaray.co.uk/products/textured-woven-top-ss26?_pos=1&_sid=f0a8de2ab&_ss=r,https://www.albaray.co.uk/search?q=Anna+Unwin,official_or_retail,https://www.albaray.co.uk/cdn/shop/files/5056487399439_1.jpg?v=1770804706&width=2047,Albaray / Anna Unwin,Albaray.co.uk; selected retail partners,United Kingdom; online,verified_product,Missing-SKP official pass: product page returned 200 from official/retail domain; source candidate https://www.albaray.co.uk/search?q=Anna+Unwin. Preserved from verified official SKP cache after current fetch did not reproduce the row. Preserved from verified official SKP cache after current fetch did not reproduce the row. Preserved from verified official SKP cache after current fetch did not reproduce the row. Preserved from verified official SKP cache after current fetch did not reproduce the row. Preserved from verified official SKP cache after current fetch did not reproduce the row. Preserved from verified official SKP cache after current fetch did not reproduce the row.,2026-05-31
Q12026-093-SKP-002,Q12026-093,Albaray x Anna Unwin Limited-Edition Collection,Albaray,Anna Unwin,White Balloon Pants,apparel,apparel,185.00,USD,https://www.albaray.co.uk/products/white-balloon-pants-ss26?_pos=2&_sid=f0a8de2ab&_ss=r,https://www.albaray.co.uk/search?q=Anna+Unwin,official_or_retail,https://www.albaray.co.uk/cdn/shop/files/5056487399316_1.jpg?v=1770804494&width=2047,Albaray / Anna Unwin,Albaray.co.uk; selected retail partners,United Kingdom; online,verified_product,Missing-SKP official pass: product page returned 200 from official/retail domain; source candidate https://www.albaray.co.uk/search?q=Anna+Unwin. Preserved from verified official SKP cache after current fetch did not reproduce the row. Preserved from verified official SKP cache after current fetch did not reproduce the row. Preserved from verified official SKP cache after current fetch did not reproduce the row. Preserved from verified official SKP cache after current fetch did not reproduce the row. Preserved from verified official SKP cache after current fetch did not reproduce the row. Preserved from verified official SKP cache after current fetch did not reproduce the row.,2026-05-31
Q12026-093-SKP-003,Q12026-093,Albaray x Anna Unwin Limited-Edition Collection,Albaray,Anna Unwin,Cream Crinkle Cotton Kaftan Top,apparel,apparel,150.00,USD,https://www.albaray.co.uk/products/cream-crinkle-cotton-kaftan-top-ss26?_pos=3&_sid=f0a8de2ab&_ss=r,https://www.albaray.co.uk/search?q=Anna+Unwin,official_or_retail,https://www.albaray.co.uk/cdn/shop/files/5056487399804_1.jpg?v=1770801588&width=2048,Albaray / Anna Unwin,Albaray.co.uk; selected retail partners,United Kingdom; online,verified_product,Missing-SKP official pass: product page returned 200 from official/retail domain; source candidate https://www.albaray.co.uk/search?q=Anna+Unwin. Preserved from verified official SKP cache after current fetch did not reproduce the row. Preserved from verified official SKP cache after current fetch did not reproduce the row. Preserved from verified official SKP cache after current fetch did not reproduce the row. Preserved from verified official SKP cache after current fetch did not reproduce the row. Preserved from verified official SKP cache after current fetch did not reproduce the row. Preserved from verified official SKP cache after current fetch did not reproduce the row.,2026-05-31
Q12026-093-SKP-004,Q12026-093,Albaray x Anna Unwin Limited-Edition Collection,Albaray,Anna Unwin,White Cotton Poplin Top,apparel,apparel,130.00,USD,https://www.albaray.co.uk/products/cotton-poplin-top-ss26?_pos=5&_sid=f0a8de2ab&_ss=r,https://www.albaray.co.uk/search?q=Anna+Unwin,official_or_retail,https://www.albaray.co.uk/cdn/shop/files/5056487399682_1.jpg?v=1770802296&width=2047,Albaray / Anna Unwin,Albaray.co.uk; selected retail partners,United Kingdom; online,verified_product,Missing-SKP official pass: product page returned 200 from official/retail domain; source candidate https://www.albaray.co.uk/search?q=Anna+Unwin. Preserved from verified official SKP cache after current fetch did not reproduce the row. Preserved from verified official SKP cache after current fetch did not reproduce the row. Preserved from verified official SKP cache after current fetch did not reproduce the row. Preserved from verified official SKP cache after current fetch did not reproduce the row. Preserved from verified official SKP cache after current fetch did not reproduce the row. Preserved from verified official SKP cache after current fetch did not reproduce the row.,2026-05-31
Q12026-093-SKP-005,Q12026-093,Albaray x Anna Unwin Limited-Edition Collection,Albaray,Anna Unwin,Textured Wrap Jacket,outerwear,outerwear,225.00,USD,https://www.albaray.co.uk/products/textured-wrap-jacket-ss26?_pos=6&_sid=f0a8de2ab&_ss=r,https://www.albaray.co.uk/search?q=Anna+Unwin,official_or_retail,https://www.albaray.co.uk/cdn/shop/files/5056487399620_1.jpg?v=1770803157&width=2048,Albaray / Anna Unwin,Albaray.co.uk; selected retail partners,United Kingdom; online,verified_product,Missing-SKP official pass: product page returned 200 from official/retail domain; source candidate https://www.albaray.co.uk/search?q=Anna+Unwin. Preserved from verified official SKP cache after current fetch did not reproduce the row. Preserved from verified official SKP cache after current fetch did not reproduce the row. Preserved from verified official SKP cache after current fetch did not reproduce the row. Preserved from verified official SKP cache after current fetch did not reproduce the row. Preserved from verified official SKP cache after current fetch did not reproduce the row. Preserved from verified official SKP cache after current fetch did not reproduce the row.,2026-05-31
Q12026-093-SKP-006,Q12026-093,Albaray x Anna Unwin Limited-Edition Collection,Albaray,Anna Unwin,Textured Woven Scarf,accessories,accessories,73.00,USD,https://www.albaray.co.uk/products/textured-woven-scarf-ss26?_pos=7&_sid=f0a8de2ab&_ss=r,https://www.albaray.co.uk/search?q=Anna+Unwin,official_or_retail,https://www.albaray.co.uk/cdn/shop/files/5056487399484_1.jpg?v=1770804919&width=2048,Albaray / Anna Unwin,Albaray.co.uk; selected retail partners,United Kingdom; online,verified_product,Missing-SKP official pass: product page returned 200 from official/retail domain; source candidate https://www.albaray.co.uk/search?q=Anna+Unwin. Preserved from verified official SKP cache after current fetch did not reproduce the row. Preserved from verified official SKP cache after current fetch did not reproduce the row. Preserved from verified official SKP cache after current fetch did not reproduce the row. Preserved from verified official SKP cache after current fetch did not reproduce the row. Preserved from verified official SKP cache after current fetch did not reproduce the row. Preserved from verified official SKP cache after current fetch did not reproduce the row.,2026-05-31
Q12026-093-SKP-007,Q12026-093,Albaray x Anna Unwin Limited-Edition Collection,Albaray,Anna Unwin,White Relaxed Vest,outerwear,outerwear,110.00,USD,https://www.albaray.co.uk/products/white-relaxed-vest-ss26?_pos=9&_sid=f0a8de2ab&_ss=r,https://www.albaray.co.uk/search?q=Anna+Unwin,official_or_retail,https://www.albaray.co.uk/cdn/shop/files/5056487399378_1.jpg?v=1770803415&width=2048,Albaray / Anna Unwin,Albaray.co.uk; selected retail partners,United Kingdom; online,verified_product,Missing-SKP official pass: product page returned 200 from official/retail domain; source candidate https://www.albaray.co.uk/search?q=Anna+Unwin. Preserved from verified official SKP cache after current fetch did not reproduce the row. Preserved from verified official SKP cache after current fetch did not reproduce the row. Preserved from verified official SKP cache after current fetch did not reproduce the row. Preserved from verified official SKP cache after current fetch did not reproduce the row. Preserved from verified official SKP cache after current fetch did not reproduce the row. Preserved from verified official SKP cache after current fetch did not reproduce the row.,2026-05-31
Q12026-093-SKP-008,Q12026-093,Albaray x Anna Unwin Limited-Edition Collection,Albaray,Anna Unwin,Suede Barrel Trouser,bottoms,bottoms,560.00,USD,https://www.albaray.co.uk/products/suede-barrel-trouser-ss26?_pos=11&_sid=f0a8de2ab&_ss=r,https://www.albaray.co.uk/search?q=Anna+Unwin,official_or_retail,https://www.albaray.co.uk/cdn/shop/files/5056856100741_1_619a9b69-6547-415a-bac6-d18583b2fcac.jpg?v=1772813642&width=2048,Albaray / Anna Unwin,Albaray.co.uk; selected retail partners,United Kingdom; online,verified_product,Missing-SKP official pass: product page returned 200 from official/retail domain; source candidate https://www.albaray.co.uk/search?q=Anna+Unwin. Preserved from verified official SKP cache after current fetch did not reproduce the row. Preserved from verified official SKP cache after current fetch did not reproduce the row. Preserved from verified official SKP cache after current fetch did not reproduce the row. Preserved from verified official SKP cache after current fetch did not reproduce the row. Preserved from verified official SKP cache after current fetch did not reproduce the row. Preserved from verified official SKP cache after current fetch did not reproduce the row.,2026-05-31
Q12026-096-SKP-001,Q12026-096,Champion x UNDERCOVER Spring/Summer 2026,Champion,UNDERCOVER,"Spot Comfort Sports Bra Sport T-Shirt Sport Sweatpant 9"" Mesh Short 7"" Woven Short Workout Fit & Gym Layers",bottoms,bottoms,75.00,USD,https://www.champion.com/products/champion-spot-comfort-high-impact-sports-bra-c-logo-black,https://www.champion.com/search?q=UNDERCOVER,official_or_retail,http://www.champion.com/cdn/shop/files/CPW253BR15_SF58_FRONT_2048x2048_611bedaa-ff63-4293-8eb7-2119aec5b90f.jpg?v=1770402274&width=1024,Champion / UNDERCOVER / Hypebeast,UNDERCOVER; Champion; select retailers,Japan; online; select global retailers,verified_product,Missing-SKP official pass: product page returned 200 from official/retail domain; source candidate https://www.champion.com/search?q=UNDERCOVER. Preserved from verified official SKP cache after current fetch did not reproduce the row. Preserved from verified official SKP cache after current fetch did not reproduce the row. Preserved from verified official SKP cache after current fetch did not reproduce the row. Preserved from verified official SKP cache after current fetch did not reproduce the row. Preserved from verified official SKP cache after current fetch did not reproduce the row. Preserved from verified official SKP cache after current fetch did not reproduce the row.,2026-05-31
Q12026-096-SKP-002,Q12026-096,Champion x UNDERCOVER Spring/Summer 2026,Champion,UNDERCOVER,"Sport T-Shirt, Reflective C Logo",apparel,apparel,18.75,USD,https://www.champion.com/products/champion-sport-t-shirt-reflective-c-logo-black,https://www.champion.com/search?q=UNDERCOVER,official_or_retail,https://www.champion.com/cdn/shop/files/CPM253TS43_S143_FRONT_2048x2048_589e168c-71e4-4734-8c9e-4fa8f26ee86a.jpg?v=1764963005&width=2048,Champion / UNDERCOVER / Hypebeast,UNDERCOVER; Champion; select retailers,Japan; online; select global retailers,verified_product,Missing-SKP official pass: product page returned 200 from official/retail domain; source candidate https://www.champion.com/search?q=UNDERCOVER. Preserved from verified official SKP cache after current fetch did not reproduce the row. Preserved from verified official SKP cache after current fetch did not reproduce the row. Preserved from verified official SKP cache after current fetch did not reproduce the row. Preserved from verified official SKP cache after current fetch did not reproduce the row. Preserved from verified official SKP cache after current fetch did not reproduce the row. Preserved from verified official SKP cache after current fetch did not reproduce the row.,2026-05-31
Q12026-096-SKP-003,Q12026-096,Champion x UNDERCOVER Spring/Summer 2026,Champion,UNDERCOVER,"7"" Woven Short",bottoms,bottoms,75.00,USD,https://www.champion.com/products/champion-7-woven-sport-shorts-athletic-navy,https://www.champion.com/search?q=UNDERCOVER,official_or_retail,http://www.champion.com/cdn/shop/files/CPM251SH05_SG35-FRONT.jpg?v=1770402446&width=1024,Champion / UNDERCOVER / Hypebeast,UNDERCOVER; Champion; select retailers,Japan; online; select global retailers,verified_product,Missing-SKP official pass: product page returned 200 from official/retail domain; source candidate https://www.champion.com/search?q=UNDERCOVER. Preserved from verified official SKP cache after current fetch did not reproduce the row. Preserved from verified official SKP cache after current fetch did not reproduce the row. Preserved from verified official SKP cache after current fetch did not reproduce the row. Preserved from verified official SKP cache after current fetch did not reproduce the row. Preserved from verified official SKP cache after current fetch did not reproduce the row. Preserved from verified official SKP cache after current fetch did not reproduce the row.,2026-05-31
Q12026-096-SKP-004,Q12026-096,Champion x UNDERCOVER Spring/Summer 2026,Champion,UNDERCOVER,Arena Duffel Bag,bags,bags,40.00,USD,https://www.champion.com/products/champion-arena-duffel-bag-grey-black?_pos=2&_sid=2cd56fa7f&_ss=r,https://www.champion.com/search?q=Champion+x+UNDERCOVER,official_or_retail,https://www.champion.com/cdn/shop/files/CV2-2093-041_01.jpg?v=1765012780&width=2000,Champion / UNDERCOVER / Hypebeast,UNDERCOVER; Champion; select retailers,Japan; online; select global retailers,verified_product,Missing-SKP official pass: product page returned 200 from official/retail domain; source candidate https://www.champion.com/search?q=Champion+x+UNDERCOVER. Preserved from verified official SKP cache after current fetch did not reproduce the row. Preserved from verified official SKP cache after current fetch did not reproduce the row. Preserved from verified official SKP cache after current fetch did not reproduce the row. Preserved from verified official SKP cache after current fetch did not reproduce the row. Preserved from verified official SKP cache after current fetch did not reproduce the row. Preserved from verified official SKP cache after current fetch did not reproduce the row.,2026-05-31
Q12026-096-SKP-005,Q12026-096,Champion x UNDERCOVER Spring/Summer 2026,Champion,UNDERCOVER,Stadium Duffel Bag,bags,bags,45.00,USD,https://www.champion.com/products/champion-stadium-duffel-bag-green-black?_pos=4&_sid=2cd56fa7f&_ss=r,https://www.champion.com/search?q=Champion+x+UNDERCOVER,official_or_retail,https://www.champion.com/cdn/shop/files/CV2-2094-315_01.jpg?v=1764962068&width=3000,Champion / UNDERCOVER / Hypebeast,UNDERCOVER; Champion; select retailers,Japan; online; select global retailers,verified_product,Missing-SKP official pass: product page returned 200 from official/retail domain; source candidate https://www.champion.com/search?q=Champion+x+UNDERCOVER. Preserved from verified official SKP cache after current fetch did not reproduce the row. Preserved from verified official SKP cache after current fetch did not reproduce the row. Preserved from verified official SKP cache after current fetch did not reproduce the row. Preserved from verified official SKP cache after current fetch did not reproduce the row. Preserved from verified official SKP cache after current fetch did not reproduce the row. Preserved from verified official SKP cache after current fetch did not reproduce the row.,2026-05-31
Q12026-096-SKP-006,Q12026-096,Champion x UNDERCOVER Spring/Summer 2026,Champion,UNDERCOVER,Steady Backpack,bags,bags,35.00,USD,https://www.champion.com/products/champion-steady-backpack-black-ballerina-slipper?_pos=6&_sid=2cd56fa7f&_ss=r,https://www.champion.com/search?q=Champion+x+UNDERCOVER,official_or_retail,https://www.champion.com/cdn/shop/files/CV2-3085-016_01.jpg?v=1765616620&width=2000,Champion / UNDERCOVER / Hypebeast,UNDERCOVER; Champion; select retailers,Japan; online; select global retailers,verified_product,Missing-SKP official pass: product page returned 200 from official/retail domain; source candidate https://www.champion.com/search?q=Champion+x+UNDERCOVER. Preserved from verified official SKP cache after current fetch did not reproduce the row. Preserved from verified official SKP cache after current fetch did not reproduce the row. Preserved from verified official SKP cache after current fetch did not reproduce the row. Preserved from verified official SKP cache after current fetch did not reproduce the row. Preserved from verified official SKP cache after current fetch did not reproduce the row. Preserved from verified official SKP cache after current fetch did not reproduce the row.,2026-05-31
Q12026-096-SKP-007,Q12026-096,Champion x UNDERCOVER Spring/Summer 2026,Champion,UNDERCOVER,Champion X Aspinall Men's T-Shirt,apparel,apparel,37.50,USD,https://www.champion.com/products/champion-champion-x-aspinall-mens-t-shirt-stark-white?_pos=10&_sid=2cd56fa7f&_ss=r,https://www.champion.com/search?q=Champion+x+UNDERCOVER,official_or_retail,https://www.champion.com/cdn/shop/files/222819_WW001_PROD-RTW_WORN-CROP.png?v=1764970132&width=2048,Champion / UNDERCOVER / Hypebeast,UNDERCOVER; Champion; select retailers,Japan; online; select global retailers,verified_product,Missing-SKP official pass: product page returned 200 from official/retail domain; source candidate https://www.champion.com/search?q=Champion+x+UNDERCOVER. Preserved from verified official SKP cache after current fetch did not reproduce the row. Preserved from verified official SKP cache after current fetch did not reproduce the row. Preserved from verified official SKP cache after current fetch did not reproduce the row. Preserved from verified official SKP cache after current fetch did not reproduce the row. Preserved from verified official SKP cache after current fetch did not reproduce the row. Preserved from verified official SKP cache after current fetch did not reproduce the row.,2026-05-31
Q12026-096-SKP-008,Q12026-096,Champion x UNDERCOVER Spring/Summer 2026,Champion,UNDERCOVER,"Champion X Aspinall Men's 8"" Short",bottoms,bottoms,52.50,USD,https://www.champion.com/products/champion-champion-x-aspinall-mens-8-short-black?_pos=11&_sid=2cd56fa7f&_ss=r,https://www.champion.com/search?q=Champion+x+UNDERCOVER,official_or_retail,https://www.champion.com/cdn/shop/files/222818_KK001_PROD-RTW_WORN-FRONT.png?v=1770391248&width=2048,Champion / UNDERCOVER / Hypebeast,UNDERCOVER; Champion; select retailers,Japan; online; select global retailers,verified_product,Missing-SKP official pass: product page returned 200 from official/retail domain; source candidate https://www.champion.com/search?q=Champion+x+UNDERCOVER. Preserved from verified official SKP cache after current fetch did not reproduce the row. Preserved from verified official SKP cache after current fetch did not reproduce the row. Preserved from verified official SKP cache after current fetch did not reproduce the row. Preserved from verified official SKP cache after current fetch did not reproduce the row. Preserved from verified official SKP cache after current fetch did not reproduce the row. Preserved from verified official SKP cache after current fetch did not reproduce the row.,2026-05-31
Q12026-097-SKP-001,Q12026-097,BAPE x New Era Spring/Summer 2026,A Bathing Ape (BAPE),New Era,B LOGO NEW ERA 59FIFTY CAP MENS,accessories,GOODS,155.00,USD,https://us.bape.com/products/1l33-180-902?_pos=1&_psq=new+era&_ss=e&_v=1.0,https://us.bape.com/search/suggest.json?q=new%20era&resources[type]=product&resources[limit]=20,official_shopify_search,https://cdn.shopify.com/s/files/1/0214/3706/files/001CPL331902_NVY_A.jpg?v=1738269309,BAPE / New Era / Hypebeast,https://us.bape.com,global BAPE channels; selected New Era channels,verified_product,"Extracted from Shopify product search for ""new era"".",2026-05-31
Q12026-097-SKP-002,Q12026-097,BAPE x New Era Spring/Summer 2026,A Bathing Ape (BAPE),New Era,GLOW IN THE DARK COLLEGE NEW ERA 59FIFTY CAP MENS,accessories,GOODS,189.00,USD,https://us.bape.com/products/1m33-180-901?_pos=2&_psq=new+era&_ss=e&_v=1.0,https://us.bape.com/search/suggest.json?q=new%20era&resources[type]=product&resources[limit]=20,official_shopify_search,https://cdn.shopify.com/s/files/1/0214/3706/files/001CPM331901_GRN_A.jpg?v=1770389674,BAPE / New Era / Hypebeast,https://us.bape.com,global BAPE channels; selected New Era channels,verified_product,"Extracted from Shopify product search for ""new era"".",2026-05-31
Q12026-100-SKP-001,Q12026-100,Kazuki Kuraishi x BAPE Performance All Weather,A Bathing Ape (BAPE),Kazuki Kuraishi,BAPE BY KAZUKI KURAISHI BAPE STA #1 MENS,footwear,FOOTWEAR,355.00,USD,https://us.bape.com/products/1m33-191-903?_pos=1&_psq=kazuki+kuraishi&_ss=e&_v=1.0,https://us.bape.com/search/suggest.json?q=kazuki%20kuraishi&resources[type]=product&resources[limit]=20,official_shopify_search,https://cdn.shopify.com/s/files/1/0214/3706/files/001FWM331903_GRA_A.jpg?v=1774033637,BAPE / Kazuki Kuraishi / Hypebeast,https://us.bape.com,BAPE channels; online,verified_product,"Extracted from Shopify product search for ""kazuki kuraishi"".",2026-05-31
Q12026-100-SKP-002,Q12026-100,Kazuki Kuraishi x BAPE Performance All Weather,A Bathing Ape (BAPE),Kazuki Kuraishi,"BAPE BY KAZUKI KURAISHI ""A"" LOGO SOCKS MENS",accessories,GOODS,35.00,USD,https://us.bape.com/products/1l83-184-901?_pos=2&_psq=kazuki+kuraishi&_ss=e&_v=1.0,https://us.bape.com/search/suggest.json?q=kazuki%20kuraishi&resources[type]=product&resources[limit]=20,official_shopify_search,https://cdn.shopify.com/s/files/1/0214/3706/files/001SOL831901_YEL_A.jpg?v=1764781463,BAPE / Kazuki Kuraishi / Hypebeast,https://us.bape.com,BAPE channels; online,verified_product,"Extracted from Shopify product search for ""kazuki kuraishi"".",2026-05-31
Q12026-100-SKP-003,Q12026-100,Kazuki Kuraishi x BAPE Performance All Weather,A Bathing Ape (BAPE),Kazuki Kuraishi,BAPE BY KAZUKI KURAISHI BAPE STA #2 MENS,footwear,FOOTWEAR,355.00,USD,https://us.bape.com/products/1m33-191-904?_pos=3&_psq=kazuki+kuraishi&_ss=e&_v=1.0,https://us.bape.com/search/suggest.json?q=kazuki%20kuraishi&resources[type]=product&resources[limit]=20,official_shopify_search,https://cdn.shopify.com/s/files/1/0214/3706/files/001FWM331904_BEI_A.jpg?v=1774033288,BAPE / Kazuki Kuraishi / Hypebeast,https://us.bape.com,BAPE channels; online,verified_product,"Extracted from Shopify product search for ""kazuki kuraishi"".",2026-05-31
Q12026-100-SKP-004,Q12026-100,Kazuki Kuraishi x BAPE Performance All Weather,A Bathing Ape (BAPE),Kazuki Kuraishi,BAPE BY KAZUKI KURAISHI MULTI PATCH MILITARY TEE MENS,apparel,CUT AND SEWN,219.00,USD,https://us.bape.com/products/1l83-109-901?_pos=4&_psq=kazuki+kuraishi&_ss=e&_v=1.0,https://us.bape.com/search/suggest.json?q=kazuki%20kuraishi&resources[type]=product&resources[limit]=20,official_shopify_search,https://cdn.shopify.com/s/files/1/0214/3706/files/001CSL831901_BLK_A.jpg?v=1762461061,BAPE / Kazuki Kuraishi / Hypebeast,https://us.bape.com,BAPE channels; online,verified_product,"Extracted from Shopify product search for ""kazuki kuraishi"".",2026-05-31
Q12026-100-SKP-005,Q12026-100,Kazuki Kuraishi x BAPE Performance All Weather,A Bathing Ape (BAPE),Kazuki Kuraishi,BAPE BY KAZUKI KURAISHI SHOW CLOG STA MENS,footwear,FOOTWEAR,425.00,USD,https://us.bape.com/products/1l83-191-910?_pos=5&_psq=kazuki+kuraishi&_ss=e&_v=1.0,https://us.bape.com/search/suggest.json?q=kazuki%20kuraishi&resources[type]=product&resources[limit]=20,official_shopify_search,https://cdn.shopify.com/s/files/1/0214/3706/files/001FWL831910_BEI_B_c3e3b822-9c62-4167-8d65-c68faf5e29e8.jpg?v=1764691757,BAPE / Kazuki Kuraishi / Hypebeast,https://us.bape.com,BAPE channels; online,verified_product,"Extracted from Shopify product search for ""kazuki kuraishi"".",2026-05-31
Q12026-100-SKP-006,Q12026-100,Kazuki Kuraishi x BAPE Performance All Weather,A Bathing Ape (BAPE),Kazuki Kuraishi,BAPE BY KAZUKI KURAISHI DIGITAL 1ST CAMO DOT SS TEE MENS,apparel,CUT AND SEWN,219.00,USD,https://us.bape.com/products/1m33-109-901?_pos=6&_psq=kazuki+kuraishi&_ss=e&_v=1.0,https://us.bape.com/search/suggest.json?q=kazuki%20kuraishi&resources[type]=product&resources[limit]=20,official_shopify_search,https://cdn.shopify.com/s/files/1/0214/3706/files/001CSM331901_GRN_A.jpg?v=1773670640,BAPE / Kazuki Kuraishi / Hypebeast,https://us.bape.com,BAPE channels; online,verified_product,"Extracted from Shopify product search for ""kazuki kuraishi"".",2026-05-31
Q12026-100-SKP-007,Q12026-100,Kazuki Kuraishi x BAPE Performance All Weather,A Bathing Ape (BAPE),Kazuki Kuraishi,BAPE BY KAZUKI KURAISHI HALFTONE LOGO JET CAP MENS,accessories,GOODS,145.00,USD,https://us.bape.com/products/1m33-180-905?_pos=7&_psq=kazuki+kuraishi&_ss=e&_v=1.0,https://us.bape.com/search/suggest.json?q=kazuki%20kuraishi&resources[type]=product&resources[limit]=20,official_shopify_search,https://cdn.shopify.com/s/files/1/0214/3706/files/001CPM331905_CHA_A.jpg?v=1777056161,BAPE / Kazuki Kuraishi / Hypebeast,https://us.bape.com,BAPE channels; online,verified_product,"Extracted from Shopify product search for ""kazuki kuraishi"".",2026-05-31
Q12026-100-SKP-008,Q12026-100,Kazuki Kuraishi x BAPE Performance All Weather,A Bathing Ape (BAPE),Kazuki Kuraishi,BAPE BY KAZUKI KURAISHI SKATE RELAXED FIT TEE MENS,apparel,CUT AND SEWN,179.00,USD,https://us.bape.com/products/1l83-109-904?_pos=8&_psq=kazuki+kuraishi&_ss=e&_v=1.0,https://us.bape.com/search/suggest.json?q=kazuki%20kuraishi&resources[type]=product&resources[limit]=20,official_shopify_search,https://cdn.shopify.com/s/files/1/0214/3706/files/001CSL831904_WHT_A.jpg?v=1764776628,BAPE / Kazuki Kuraishi / Hypebeast,https://us.bape.com,BAPE channels; online,verified_product,"Extracted from Shopify product search for ""kazuki kuraishi"".",2026-05-31
Q12026-100-SKP-009,Q12026-100,Kazuki Kuraishi x BAPE Performance All Weather,A Bathing Ape (BAPE),Kazuki Kuraishi,BAPE BY KAZUKI KURAISHI POCKET RELAXED FIT TEE MENS,apparel,CUT AND SEWN,179.00,USD,https://us.bape.com/products/1m33-109-903?_pos=9&_psq=kazuki+kuraishi&_ss=e&_v=1.0,https://us.bape.com/search/suggest.json?q=kazuki%20kuraishi&resources[type]=product&resources[limit]=20,official_shopify_search,https://cdn.shopify.com/s/files/1/0214/3706/files/001CSM331903_CHA_A.jpg?v=1773670982,BAPE / Kazuki Kuraishi / Hypebeast,https://us.bape.com,BAPE channels; online,verified_product,"Extracted from Shopify product search for ""kazuki kuraishi"".",2026-05-31
Q12026-100-SKP-010,Q12026-100,Kazuki Kuraishi x BAPE Performance All Weather,A Bathing Ape (BAPE),Kazuki Kuraishi,BAPE BY KAZUKI KURAISHI PIXELATE CAMO SHARK RELAXED FIT HOODIE MENS,apparel,CUT AND SEWN,355.00,USD,https://us.bape.com/products/1l83-114-901?_pos=10&_psq=kazuki+kuraishi&_ss=e&_v=1.0,https://us.bape.com/search/suggest.json?q=kazuki%20kuraishi&resources[type]=product&resources[limit]=20,official_shopify_search,https://cdn.shopify.com/s/files/1/0214/3706/files/001PPL831901_CHA_A.jpg?v=1764691754,BAPE / Kazuki Kuraishi / Hypebeast,https://us.bape.com,BAPE channels; online,verified_product,"Extracted from Shopify product search for ""kazuki kuraishi"".",2026-05-31
Q12026-100-SKP-011,Q12026-100,Kazuki Kuraishi x BAPE Performance All Weather,A Bathing Ape (BAPE),Kazuki Kuraishi,BAPE BY KAZUKI KURAISHI BAPE STA #2 MENS,footwear,FOOTWEAR,355.00,USD,https://us.bape.com/products/1m33-191-904?_pos=2&_psq=kazuki+kuraishi&_ss=e&_v=1.0,https://us.bape.com/search/suggest.json?q=kazuki%20kuraishi&resources[type]=product&resources[limit]=20,official_shopify_search,https://cdn.shopify.com/s/files/1/0214/3706/files/001FWM331904_BEI_A.jpg?v=1774033288,BAPE / Kazuki Kuraishi / Hypebeast,https://us.bape.com,BAPE channels; online,verified_product,"Extracted from Shopify product search for ""kazuki kuraishi"". Preserved from verified official SKP cache after current fetch did not reproduce the row. Preserved from verified official SKP cache after current fetch did not reproduce the row. Preserved from verified official SKP cache after current fetch did not reproduce the row. Preserved from verified official SKP cache after current fetch did not reproduce the row. Preserved from verified official SKP cache after current fetch did not reproduce the row. Preserved from verified official SKP cache after current fetch did not reproduce the row.",2026-05-31
Q12026-100-SKP-012,Q12026-100,Kazuki Kuraishi x BAPE Performance All Weather,A Bathing Ape (BAPE),Kazuki Kuraishi,"BAPE BY KAZUKI KURAISHI ""A"" LOGO SOCKS MENS",accessories,GOODS,35.00,USD,https://us.bape.com/products/1l83-184-901?_pos=3&_psq=kazuki+kuraishi&_ss=e&_v=1.0,https://us.bape.com/search/suggest.json?q=kazuki%20kuraishi&resources[type]=product&resources[limit]=20,official_shopify_search,https://cdn.shopify.com/s/files/1/0214/3706/files/001SOL831901_YEL_A.jpg?v=1764781463,BAPE / Kazuki Kuraishi / Hypebeast,https://us.bape.com,BAPE channels; online,verified_product,"Extracted from Shopify product search for ""kazuki kuraishi"". Preserved from verified official SKP cache after current fetch did not reproduce the row. Preserved from verified official SKP cache after current fetch did not reproduce the row. Preserved from verified official SKP cache after current fetch did not reproduce the row. Preserved from verified official SKP cache after current fetch did not reproduce the row. Preserved from verified official SKP cache after current fetch did not reproduce the row. Preserved from verified official SKP cache after current fetch did not reproduce the row.",2026-05-31
Q12026-100-SKP-013,Q12026-100,Kazuki Kuraishi x BAPE Performance All Weather,A Bathing Ape (BAPE),Kazuki Kuraishi,BAPE BY KAZUKI KURAISHI UAP CAMO SHARK SNOWBOARD OVERALLS MENS Pants,apparel,PANTS,715.00,USD,https://us.bape.com/products/1l83-152-902?_pos=6&_psq=kazuki+kuraishi&_ss=e&_v=1.0,https://us.bape.com/search/suggest.json?q=kazuki%20kuraishi&resources[type]=product&resources[limit]=20,official_shopify_search,https://cdn.shopify.com/s/files/1/0214/3706/files/001PTL831902_BEI_A_9792da8d-346a-4bd0-9af1-21547face46c.jpg?v=1764693587,BAPE / Kazuki Kuraishi / Hypebeast,https://us.bape.com,BAPE channels; online,verified_product,"Extracted from Shopify product search for ""kazuki kuraishi"". Preserved from verified official SKP cache after current fetch did not reproduce the row. Preserved from verified official SKP cache after current fetch did not reproduce the row. Preserved from verified official SKP cache after current fetch did not reproduce the row. Preserved from verified official SKP cache after current fetch did not reproduce the row. Preserved from verified official SKP cache after current fetch did not reproduce the row. Preserved from verified official SKP cache after current fetch did not reproduce the row.",2026-05-31
Q12026-100-SKP-014,Q12026-100,Kazuki Kuraishi x BAPE Performance All Weather,A Bathing Ape (BAPE),Kazuki Kuraishi,BAPE BY KAZUKI KURAISHI MULTI LOGO RELAXED FIT TEE MENS,apparel,CUT AND SEWN,169.00,USD,https://us.bape.com/products/1m33-109-905?_pos=7&_psq=kazuki+kuraishi&_ss=e&_v=1.0,https://us.bape.com/search/suggest.json?q=kazuki%20kuraishi&resources[type]=product&resources[limit]=20,official_shopify_search,https://cdn.shopify.com/s/files/1/0214/3706/files/001CSM331905_WHT_A.jpg?v=1773670934,BAPE / Kazuki Kuraishi / Hypebeast,https://us.bape.com,BAPE channels; online,verified_product,"Extracted from Shopify product search for ""kazuki kuraishi"". Preserved from verified official SKP cache after current fetch did not reproduce the row. Preserved from verified official SKP cache after current fetch did not reproduce the row. Preserved from verified official SKP cache after current fetch did not reproduce the row. Preserved from verified official SKP cache after current fetch did not reproduce the row. Preserved from verified official SKP cache after current fetch did not reproduce the row. Preserved from verified official SKP cache after current fetch did not reproduce the row.",2026-05-31
Q12026-100-SKP-015,Q12026-100,Kazuki Kuraishi x BAPE Performance All Weather,A Bathing Ape (BAPE),Kazuki Kuraishi,BAPE BY KAZUKI KURAISHI DIGITAL 1ST CAMO DOT SS TEE MENS,apparel,CUT AND SEWN,219.00,USD,https://us.bape.com/products/1m33-109-901?_pos=8&_psq=kazuki+kuraishi&_ss=e&_v=1.0,https://us.bape.com/search/suggest.json?q=kazuki%20kuraishi&resources[type]=product&resources[limit]=20,official_shopify_search,https://cdn.shopify.com/s/files/1/0214/3706/files/001CSM331901_GRN_A.jpg?v=1773670640,BAPE / Kazuki Kuraishi / Hypebeast,https://us.bape.com,BAPE channels; online,verified_product,"Extracted from Shopify product search for ""kazuki kuraishi"". Preserved from verified official SKP cache after current fetch did not reproduce the row. Preserved from verified official SKP cache after current fetch did not reproduce the row. Preserved from verified official SKP cache after current fetch did not reproduce the row. Preserved from verified official SKP cache after current fetch did not reproduce the row. Preserved from verified official SKP cache after current fetch did not reproduce the row. Preserved from verified official SKP cache after current fetch did not reproduce the row.",2026-05-31
Q12026-100-SKP-016,Q12026-100,Kazuki Kuraishi x BAPE Performance All Weather,A Bathing Ape (BAPE),Kazuki Kuraishi,BAPE BY KAZUKI KURAISHI NYLON TRACK PANTS MENS,apparel,PANTS,299.00,USD,https://us.bape.com/products/1m33-152-902?_pos=9&_psq=kazuki+kuraishi&_ss=e&_v=1.0,https://us.bape.com/search/suggest.json?q=kazuki%20kuraishi&resources[type]=product&resources[limit]=20,official_shopify_search,https://cdn.shopify.com/s/files/1/0214/3706/files/001PTM331902_BLU_A.jpg?v=1773670807,BAPE / Kazuki Kuraishi / Hypebeast,https://us.bape.com,BAPE channels; online,verified_product,"Extracted from Shopify product search for ""kazuki kuraishi"". Preserved from verified official SKP cache after current fetch did not reproduce the row. Preserved from verified official SKP cache after current fetch did not reproduce the row. Preserved from verified official SKP cache after current fetch did not reproduce the row. Preserved from verified official SKP cache after current fetch did not reproduce the row. Preserved from verified official SKP cache after current fetch did not reproduce the row. Preserved from verified official SKP cache after current fetch did not reproduce the row.",2026-05-31
Q12026-102-SKP-001,Q12026-102,Palace x San Francisco Giants,Palace Skateboards,San Francisco Giants,PALACE SAN FRANCISCO GIANTS DENIM VARSITY JACKET STONE WASH,outerwear,Jackets,288.00,USD,https://www.palaceskateboards.com/products/hm5fy2yf5t1x?_pos=1&_psq=giants&_ss=e&_v=1.0,https://www.palaceskateboards.com/search/suggest.json?q=giants&resources[type]=product&resources[limit]=20,official_shopify_search,https://cdn.shopify.com/s/files/1/0305/3289/files/1772114069-palace-san-francisco-giants-denim-varsity-jacket-stone-wash-1.png?v=1776678103,Palace / San Francisco Giants / Hypebeast,https://www.palaceskateboards.com,Palace stores; online; selected regions,verified_product,"Extracted from Shopify product search for ""giants"".",2026-05-31
Q12026-102-SKP-002,Q12026-102,Palace x San Francisco Giants,Palace Skateboards,San Francisco Giants,PALACE SAN FRANCISCO GIANTS SOCK BLACK,accessories,Accessories,18.00,USD,https://www.palaceskateboards.com/products/fugjpi8zk0hc?_pos=2&_psq=giants&_ss=e&_v=1.0,https://www.palaceskateboards.com/search/suggest.json?q=giants&resources[type]=product&resources[limit]=20,official_shopify_search,https://cdn.shopify.com/s/files/1/0305/3289/files/1770971440-palace-san-francisco-giants-sock-black-2.jpg?v=1776756739,Palace / San Francisco Giants / Hypebeast,https://www.palaceskateboards.com,Palace stores; online; selected regions,verified_product,"Extracted from Shopify product search for ""giants"".",2026-05-31
Q12026-102-SKP-003,Q12026-102,Palace x San Francisco Giants,Palace Skateboards,San Francisco Giants,PALACE SAN FRANCISCO GIANTS HOOD ORANGE Sweatshirt,apparel,Sweatshirts,148.00,USD,https://www.palaceskateboards.com/products/msb51f6gva1f?_pos=3&_psq=giants&_ss=e&_v=1.0,https://www.palaceskateboards.com/search/suggest.json?q=giants&resources[type]=product&resources[limit]=20,official_shopify_search,https://cdn.shopify.com/s/files/1/0305/3289/files/1772114071-palace-san-francisco-giants-hood-orange-1.png?v=1776678105,Palace / San Francisco Giants / Hypebeast,https://www.palaceskateboards.com,Palace stores; online; selected regions,verified_product,"Extracted from Shopify product search for ""giants"".",2026-05-31
Q12026-102-SKP-004,Q12026-102,Palace x San Francisco Giants,Palace Skateboards,San Francisco Giants,PALACE SAN FRANCISCO GIANTS HOOD WHITE Sweatshirt,apparel,Sweatshirts,148.00,USD,https://www.palaceskateboards.com/products/8n8zcojn8hik?_pos=4&_psq=giants&_ss=e&_v=1.0,https://www.palaceskateboards.com/search/suggest.json?q=giants&resources[type]=product&resources[limit]=20,official_shopify_search,https://cdn.shopify.com/s/files/1/0305/3289/files/1769702650-palace-san-francisco-giants-hood-white-1_bf5d4880-ecd2-4ac0-b868-5d096843aec3.jpg?v=1776678055,Palace / San Francisco Giants / Hypebeast,https://www.palaceskateboards.com,Palace stores; online; selected regions,verified_product,"Extracted from Shopify product search for ""giants"".",2026-05-31
Q12026-102-SKP-005,Q12026-102,Palace x San Francisco Giants,Palace Skateboards,San Francisco Giants,PALACE SAN FRANCISCO GIANTS SHELL JOGGER BLACK,outerwear,Bottoms,138.00,USD,https://www.palaceskateboards.com/products/bxdpnnq69tyb?_pos=5&_psq=giants&_ss=e&_v=1.0,https://www.palaceskateboards.com/search/suggest.json?q=giants&resources[type]=product&resources[limit]=20,official_shopify_search,https://cdn.shopify.com/s/files/1/0305/3289/files/1772114069-palace-san-francisco-giants-shell-jogger-black-1_152dee15-0d59-409d-b1e0-cfab7578b153.png?v=1776677984,Palace / San Francisco Giants / Hypebeast,https://www.palaceskateboards.com,Palace stores; online; selected regions,verified_product,"Extracted from Shopify product search for ""giants"".",2026-05-31
Q12026-102-SKP-006,Q12026-102,Palace x San Francisco Giants,Palace Skateboards,San Francisco Giants,PALACE SAN FRANCISCO GIANTS HOOD BLACK Sweatshirt,footwear,Sweatshirts,148.00,USD,https://www.palaceskateboards.com/products/y6ykty0iqdca?_pos=6&_psq=giants&_ss=e&_v=1.0,https://www.palaceskateboards.com/search/suggest.json?q=giants&resources[type]=product&resources[limit]=20,official_shopify_search,https://cdn.shopify.com/s/files/1/0305/3289/files/1772114071-palace-san-francisco-giants-hood-black-1.png?v=1776677958,Palace / San Francisco Giants / Hypebeast,https://www.palaceskateboards.com,Palace stores; online; selected regions,verified_product,"Extracted from Shopify product search for ""giants"".",2026-05-31
Q12026-102-SKP-007,Q12026-102,Palace x San Francisco Giants,Palace Skateboards,San Francisco Giants,PALACE SAN FRANCISCO GIANTS HOOD GREY MARL Sweatshirt,apparel,Sweatshirts,148.00,USD,https://www.palaceskateboards.com/products/mox7jglwvn6a?_pos=7&_psq=giants&_ss=e&_v=1.0,https://www.palaceskateboards.com/search/suggest.json?q=giants&resources[type]=product&resources[limit]=20,official_shopify_search,https://cdn.shopify.com/s/files/1/0305/3289/files/1772114071-palace-san-francisco-giants-hood-grey-marl-1_b52ba026-d17d-4995-88ff-0236a1662d25.png?v=1776678078,Palace / San Francisco Giants / Hypebeast,https://www.palaceskateboards.com,Palace stores; online; selected regions,verified_product,"Extracted from Shopify product search for ""giants"".",2026-05-31
Q12026-102-SKP-008,Q12026-102,Palace x San Francisco Giants,Palace Skateboards,San Francisco Giants,PALACE SAN FRANCISCO GIANTS SHELL JOGGER GREY,outerwear,Bottoms,138.00,USD,https://www.palaceskateboards.com/products/bxonw341i658?_pos=8&_psq=giants&_ss=e&_v=1.0,https://www.palaceskateboards.com/search/suggest.json?q=giants&resources[type]=product&resources[limit]=20,official_shopify_search,https://cdn.shopify.com/s/files/1/0305/3289/files/1772114063-palace-san-francisco-giants-shell-jogger-grey-1.png?v=1776677995,Palace / San Francisco Giants / Hypebeast,https://www.palaceskateboards.com,Palace stores; online; selected regions,verified_product,"Extracted from Shopify product search for ""giants"".",2026-05-31
Q12026-106-SKP-001,Q12026-106,NEIGHBORHOOD x Team Ikuzawa Spring/Summer 2026,NEIGHBORHOOD,Team Ikuzawa,NH 251 SPOT . TEE SS-1,apparel,apparel,66,USD,https://www.neighborhood.jp/collections/neighborhood/products/251pcnh-st06s,https://www.neighborhood.jp/collections/neighborhood,official_or_retail,https://www.neighborhood.jp/cdn/shop/files/251PCNH-ST06S_02.jpg?v=1764382223&width=1920,NEIGHBORHOOD / Team Ikuzawa / Hypebeast,NEIGHBORHOOD; Team Ikuzawa; select retailers,online; Japan; selected retail,verified_product,Missing-SKP official pass: product page returned 200 from official/retail domain; source candidate https://www.neighborhood.jp/collections/neighborhood. Preserved from verified official SKP cache after current fetch did not reproduce the row. Preserved from verified official SKP cache after current fetch did not reproduce the row. Preserved from verified official SKP cache after current fetch did not reproduce the row. Preserved from verified official SKP cache after current fetch did not reproduce the row. Preserved from verified official SKP cache after current fetch did not reproduce the row. Preserved from verified official SKP cache after current fetch did not reproduce the row.,2026-05-31
Q12026-106-SKP-002,Q12026-106,NEIGHBORHOOD x Team Ikuzawa Spring/Summer 2026,NEIGHBORHOOD,Team Ikuzawa,SHEMAGH PATTERN SHIRT SS,apparel,apparel,262,USD,https://www.neighborhood.jp/collections/neighborhood/products/261tsnh-shm12,https://www.neighborhood.jp/collections/neighborhood,official_or_retail,https://www.neighborhood.jp/cdn/shop/files/058_261TSNH-SHM12_02.jpg?v=1776503016&width=1920,NEIGHBORHOOD / Team Ikuzawa / Hypebeast,NEIGHBORHOOD; Team Ikuzawa; select retailers,online; Japan; selected retail,verified_product,Missing-SKP official pass: product page returned 200 from official/retail domain; source candidate https://www.neighborhood.jp/collections/neighborhood. Preserved from verified official SKP cache after current fetch did not reproduce the row. Preserved from verified official SKP cache after current fetch did not reproduce the row. Preserved from verified official SKP cache after current fetch did not reproduce the row. Preserved from verified official SKP cache after current fetch did not reproduce the row. Preserved from verified official SKP cache after current fetch did not reproduce the row. Preserved from verified official SKP cache after current fetch did not reproduce the row.,2026-05-31
Q12026-106-SKP-003,Q12026-106,NEIGHBORHOOD x Team Ikuzawa Spring/Summer 2026,NEIGHBORHOOD,Team Ikuzawa,SHEMAGH PATTERN SHORT PANTS,bottoms,bottoms,270,USD,https://www.neighborhood.jp/collections/neighborhood/products/261zanh-ptm12,https://www.neighborhood.jp/collections/neighborhood,official_or_retail,https://www.neighborhood.jp/cdn/shop/files/177_261ZANH-PTM12_03.jpg?v=1766310074&width=1920,NEIGHBORHOOD / Team Ikuzawa / Hypebeast,NEIGHBORHOOD; Team Ikuzawa; select retailers,online; Japan; selected retail,verified_product,Missing-SKP official pass: product page returned 200 from official/retail domain; source candidate https://www.neighborhood.jp/collections/neighborhood. Preserved from verified official SKP cache after current fetch did not reproduce the row. Preserved from verified official SKP cache after current fetch did not reproduce the row. Preserved from verified official SKP cache after current fetch did not reproduce the row. Preserved from verified official SKP cache after current fetch did not reproduce the row. Preserved from verified official SKP cache after current fetch did not reproduce the row. Preserved from verified official SKP cache after current fetch did not reproduce the row.,2026-05-31
Q12026-106-SKP-004,Q12026-106,NEIGHBORHOOD x Team Ikuzawa Spring/Summer 2026,NEIGHBORHOOD,Team Ikuzawa,SHEMAGH NEWSPAPER BAG,bags,bags,214,USD,https://www.neighborhood.jp/collections/neighborhood/products/261tqnh-cg07,https://www.neighborhood.jp/collections/neighborhood,official_or_retail,https://www.neighborhood.jp/cdn/shop/files/203_261TQNH-CG07_02.jpg?v=1766388328&width=1920,NEIGHBORHOOD / Team Ikuzawa / Hypebeast,NEIGHBORHOOD; Team Ikuzawa; select retailers,online; Japan; selected retail,verified_product,Missing-SKP official pass: product page returned 200 from official/retail domain; source candidate https://www.neighborhood.jp/collections/neighborhood. Preserved from verified official SKP cache after current fetch did not reproduce the row. Preserved from verified official SKP cache after current fetch did not reproduce the row. Preserved from verified official SKP cache after current fetch did not reproduce the row. Preserved from verified official SKP cache after current fetch did not reproduce the row. Preserved from verified official SKP cache after current fetch did not reproduce the row. Preserved from verified official SKP cache after current fetch did not reproduce the row.,2026-05-31
Q12026-106-SKP-005,Q12026-106,NEIGHBORHOOD x Team Ikuzawa Spring/Summer 2026,NEIGHBORHOOD,Team Ikuzawa,BW . CHECK SHIRT SS,apparel,apparel,175,USD,https://www.neighborhood.jp/collections/neighborhood/products/261aqnh-shm07,https://www.neighborhood.jp/collections/neighborhood,official_or_retail,https://www.neighborhood.jp/cdn/shop/files/039_261AQNH-SHM07_01.jpg?v=1766287797&width=1920,NEIGHBORHOOD / Team Ikuzawa / Hypebeast,NEIGHBORHOOD; Team Ikuzawa; select retailers,online; Japan; selected retail,verified_product,Missing-SKP official pass: product page returned 200 from official/retail domain; source candidate https://www.neighborhood.jp/collections/neighborhood. Preserved from verified official SKP cache after current fetch did not reproduce the row. Preserved from verified official SKP cache after current fetch did not reproduce the row. Preserved from verified official SKP cache after current fetch did not reproduce the row. Preserved from verified official SKP cache after current fetch did not reproduce the row. Preserved from verified official SKP cache after current fetch did not reproduce the row. Preserved from verified official SKP cache after current fetch did not reproduce the row.,2026-05-31
Q12026-106-SKP-006,Q12026-106,NEIGHBORHOOD x Team Ikuzawa Spring/Summer 2026,NEIGHBORHOOD,Team Ikuzawa,BW . LAYERED TRIM CREWNECK SS,apparel,apparel,103,USD,https://www.neighborhood.jp/collections/neighborhood/products/261uwnh-csm06,https://www.neighborhood.jp/collections/neighborhood,official_or_retail,https://www.neighborhood.jp/cdn/shop/files/089_261UWNH-CSM06_02.jpg?v=1766291982&width=1920,NEIGHBORHOOD / Team Ikuzawa / Hypebeast,NEIGHBORHOOD; Team Ikuzawa; select retailers,online; Japan; selected retail,verified_product,Missing-SKP official pass: product page returned 200 from official/retail domain; source candidate https://www.neighborhood.jp/collections/neighborhood. Preserved from verified official SKP cache after current fetch did not reproduce the row. Preserved from verified official SKP cache after current fetch did not reproduce the row. Preserved from verified official SKP cache after current fetch did not reproduce the row. Preserved from verified official SKP cache after current fetch did not reproduce the row. Preserved from verified official SKP cache after current fetch did not reproduce the row. Preserved from verified official SKP cache after current fetch did not reproduce the row.,2026-05-31
Q12026-106-SKP-007,Q12026-106,NEIGHBORHOOD x Team Ikuzawa Spring/Summer 2026,NEIGHBORHOOD,Team Ikuzawa,BW . TUCK PANTS,apparel,apparel,206,USD,https://www.neighborhood.jp/collections/neighborhood/products/261aqnh-ptm11,https://www.neighborhood.jp/collections/neighborhood,official_or_retail,https://www.neighborhood.jp/cdn/shop/files/145_261AQNH-PTM11_02.jpg?v=1766308392&width=1920,NEIGHBORHOOD / Team Ikuzawa / Hypebeast,NEIGHBORHOOD; Team Ikuzawa; select retailers,online; Japan; selected retail,verified_product,Missing-SKP official pass: product page returned 200 from official/retail domain; source candidate https://www.neighborhood.jp/collections/neighborhood. Preserved from verified official SKP cache after current fetch did not reproduce the row. Preserved from verified official SKP cache after current fetch did not reproduce the row. Preserved from verified official SKP cache after current fetch did not reproduce the row. Preserved from verified official SKP cache after current fetch did not reproduce the row. Preserved from verified official SKP cache after current fetch did not reproduce the row. Preserved from verified official SKP cache after current fetch did not reproduce the row.,2026-05-31
Q12026-106-SKP-008,Q12026-106,NEIGHBORHOOD x Team Ikuzawa Spring/Summer 2026,NEIGHBORHOOD,Team Ikuzawa,BW . DAD CAP,accessories,accessories,72,USD,https://www.neighborhood.jp/collections/neighborhood/products/261ygnh-ht06,https://www.neighborhood.jp/collections/neighborhood,official_or_retail,https://www.neighborhood.jp/cdn/shop/files/191_261YGNH-HT06_01.jpg?v=1766384494&width=1920,NEIGHBORHOOD / Team Ikuzawa / Hypebeast,NEIGHBORHOOD; Team Ikuzawa; select retailers,online; Japan; selected retail,verified_product,Missing-SKP official pass: product page returned 200 from official/retail domain; source candidate https://www.neighborhood.jp/collections/neighborhood. Preserved from verified official SKP cache after current fetch did not reproduce the row. Preserved from verified official SKP cache after current fetch did not reproduce the row. Preserved from verified official SKP cache after current fetch did not reproduce the row. Preserved from verified official SKP cache after current fetch did not reproduce the row. Preserved from verified official SKP cache after current fetch did not reproduce the row. Preserved from verified official SKP cache after current fetch did not reproduce the row.,2026-05-31
Q12026-106-SKP-009,Q12026-106,NEIGHBORHOOD x Team Ikuzawa Spring/Summer 2026,NEIGHBORHOOD,Team Ikuzawa,BW . BEANIE,accessories,accessories,48,USD,https://www.neighborhood.jp/collections/neighborhood/products/261ygnh-ht05,https://www.neighborhood.jp/collections/neighborhood,official_or_retail,https://www.neighborhood.jp/cdn/shop/files/190_261YGNH-HT05_01.jpg?v=1775101712&width=1920,NEIGHBORHOOD / Team Ikuzawa / Hypebeast,NEIGHBORHOOD; Team Ikuzawa; select retailers,online; Japan; selected retail,verified_product,Missing-SKP official pass: product page returned 200 from official/retail domain; source candidate https://www.neighborhood.jp/collections/neighborhood. Preserved from verified official SKP cache after current fetch did not reproduce the row. Preserved from verified official SKP cache after current fetch did not reproduce the row. Preserved from verified official SKP cache after current fetch did not reproduce the row. Preserved from verified official SKP cache after current fetch did not reproduce the row. Preserved from verified official SKP cache after current fetch did not reproduce the row. Preserved from verified official SKP cache after current fetch did not reproduce the row.,2026-05-31
Q12026-107-SKP-001,Q12026-107,Anti Social Social Club x G-SHOCK Collaboration,Anti Social Social Club,G-SHOCK,ASSC x Casio G-Shock Cap,accessories,Hats,31.50,USD,https://www.antisocialsocialclub.com/products/assc-x-casio-g-shock-cap?_pos=2&_psq=g-shock&_ss=e&_v=1.0,https://www.antisocialsocialclub.com/search/suggest.json?q=g-shock&resources[type]=product&resources[limit]=20,official_shopify_search,https://cdn.shopify.com/s/files/1/1246/0173/files/ASSC_G-Shock_020.jpg?v=1770746579,Anti Social Social Club / G-SHOCK / Hypebeast,https://www.antisocialsocialclub.com,United States; online,verified_product,"Extracted from Shopify product search for ""g-shock"".",2026-05-31
Q12026-107-SKP-002,Q12026-107,Anti Social Social Club x G-SHOCK Collaboration,Anti Social Social Club,G-SHOCK,ASSC x Casio G-Shock Tote Bag,bags,Accessories,17.50,USD,https://www.antisocialsocialclub.com/products/assc-x-casio-g-shock-tote-bag?_pos=3&_psq=g-shock&_ss=e&_v=1.0,https://www.antisocialsocialclub.com/search/suggest.json?q=g-shock&resources[type]=product&resources[limit]=20,official_shopify_search,https://cdn.shopify.com/s/files/1/1246/0173/files/ASSC_G-Shock_010.jpg?v=1770746503,Anti Social Social Club / G-SHOCK / Hypebeast,https://www.antisocialsocialclub.com,United States; online,verified_product,"Extracted from Shopify product search for ""g-shock"".",2026-05-31
Q12026-108-SKP-001,Q12026-108,Dickies x thisisneverthat Spring/Summer 2026,Dickies,thisisneverthat,Selvedge Herringbone Barn Denim Jacket,outerwear,outerwear,155.00,USD,https://www.dickies.com/en-us/products/selvedge-herringbone-barn-denim-jacket-dk0a89ferin,https://www.dickies.com/en-us/search?q=thisisneverthat,official_or_retail,https://www.dickies.com/cdn/shop/files/DK0A89FERIN-FR.jpg?v=1772488085&width=480,Dickies / thisisneverthat / Hypebeast,Dickies; thisisneverthat; selected retailers,global selected retail; online,verified_product,Missing-SKP official pass: product page returned 200 from official/retail domain; source candidate https://www.dickies.com/en-us/search?q=thisisneverthat. Preserved from verified official SKP cache after current fetch did not reproduce the row. Preserved from verified official SKP cache after current fetch did not reproduce the row. Preserved from verified official SKP cache after current fetch did not reproduce the row. Preserved from verified official SKP cache after current fetch did not reproduce the row. Preserved from verified official SKP cache after current fetch did not reproduce the row. Preserved from verified official SKP cache after current fetch did not reproduce the row.,2026-05-31
Q12026-108-SKP-002,Q12026-108,Dickies x thisisneverthat Spring/Summer 2026,Dickies,thisisneverthat,Selvedge Herringbone Denim Work Pants,apparel,apparel,120.00,USD,https://www.dickies.com/en-us/products/selvedge-herringbone-denim-work-pants-dk0a8a13rin,https://www.dickies.com/en-us/search?q=thisisneverthat,official_or_retail,https://www.dickies.com/cdn/shop/files/DK0A8A13RIN-FR.jpg?v=1772488173&width=480,Dickies / thisisneverthat / Hypebeast,Dickies; thisisneverthat; selected retailers,global selected retail; online,verified_product,Missing-SKP official pass: product page returned 200 from official/retail domain; source candidate https://www.dickies.com/en-us/search?q=thisisneverthat. Preserved from verified official SKP cache after current fetch did not reproduce the row. Preserved from verified official SKP cache after current fetch did not reproduce the row. Preserved from verified official SKP cache after current fetch did not reproduce the row. Preserved from verified official SKP cache after current fetch did not reproduce the row. Preserved from verified official SKP cache after current fetch did not reproduce the row. Preserved from verified official SKP cache after current fetch did not reproduce the row.,2026-05-31
Q12026-108-SKP-003,Q12026-108,Dickies x thisisneverthat Spring/Summer 2026,Dickies,thisisneverthat,Short Sleeve Work Shirt,bottoms,bottoms,27.99,USD,https://www.dickies.com/en-us/products/short-sleeve-work-shirt-dk0015740db,https://www.dickies.com/en-us/search?q=thisisneverthat,official_or_retail,https://www.dickies.com/cdn/shop/files/DK0015740DB-FR.jpg?v=1772836231&width=480,Dickies / thisisneverthat / Hypebeast,Dickies; thisisneverthat; selected retailers,global selected retail; online,verified_product,Missing-SKP official pass: product page returned 200 from official/retail domain; source candidate https://www.dickies.com/en-us/search?q=thisisneverthat. Preserved from verified official SKP cache after current fetch did not reproduce the row. Preserved from verified official SKP cache after current fetch did not reproduce the row. Preserved from verified official SKP cache after current fetch did not reproduce the row. Preserved from verified official SKP cache after current fetch did not reproduce the row. Preserved from verified official SKP cache after current fetch did not reproduce the row. Preserved from verified official SKP cache after current fetch did not reproduce the row.,2026-05-31
Q12026-111-SKP-001,Q12026-111,Barbour x Feng Chen Wang Year of the Horse Capsule,Barbour,Feng Chen Wang,Barbour x Feng Chen Wang Fendale Quilted Jacket,outerwear,outerwear,600.00,USD,https://www.barbour.com/on/demandware.store/Sites-barbour-us-Site/en_US/Product-ShowQuickView?pid=MQU1900OL91,https://www.barbour.com/us/search?q=Feng%20Chen%20Wang,official_or_retail,https://www.barbour.com/dw/image/v2/BLCL_PRD/on/demandware.static/-/Sites-master-catalog/default/dw5b93e182/images/MQU1900OL91/MQU1900OL91_01front.jpg?q=70&strip=false&sw=449,Barbour / Feng Chen Wang / Hypebeast,Barbour webstore; selected retailers,Barbour webstore; selected retail,verified_product,Missing-SKP official pass: product page returned 200 from official/retail domain; source candidate https://www.barbour.com/us/search?q=Feng%20Chen%20Wang. Preserved from verified official SKP cache after current fetch did not reproduce the row. Preserved from verified official SKP cache after current fetch did not reproduce the row. Preserved from verified official SKP cache after current fetch did not reproduce the row. Preserved from verified official SKP cache after current fetch did not reproduce the row. Preserved from verified official SKP cache after current fetch did not reproduce the row. Preserved from verified official SKP cache after current fetch did not reproduce the row. Preserved from verified official SKP cache after current fetch did not reproduce the row. Preserved from verified official SKP cache after current fetch did not reproduce the row. Preserved from verified official SKP cache after current fetch did not reproduce the row. Preserved from verified official SKP cache after current fetch did not reproduce the row.,2026-05-31
Q12026-111-SKP-002,Q12026-111,Barbour x Feng Chen Wang Year of the Horse Capsule,Barbour,Feng Chen Wang,Barbour x Feng Chen Wang Graphic T-Shirt,apparel,apparel,120.00,USD,https://www.barbour.com/on/demandware.store/Sites-barbour-us-Site/en_US/Product-ShowQuickView?pid=MTS1659WH11,https://www.barbour.com/us/search?q=Feng%20Chen%20Wang,official_or_retail,https://www.barbour.com/dw/image/v2/BLCL_PRD/on/demandware.static/-/Sites-master-catalog/default/dwf491bd48/images/MTS1659WH11/MTS1659WH11_01front.jpg?q=70&strip=false&sw=449,Barbour / Feng Chen Wang / Hypebeast,Barbour webstore; selected retailers,Barbour webstore; selected retail,verified_product,Missing-SKP official pass: product page returned 200 from official/retail domain; source candidate https://www.barbour.com/us/search?q=Feng%20Chen%20Wang. Preserved from verified official SKP cache after current fetch did not reproduce the row. Preserved from verified official SKP cache after current fetch did not reproduce the row. Preserved from verified official SKP cache after current fetch did not reproduce the row. Preserved from verified official SKP cache after current fetch did not reproduce the row. Preserved from verified official SKP cache after current fetch did not reproduce the row. Preserved from verified official SKP cache after current fetch did not reproduce the row. Preserved from verified official SKP cache after current fetch did not reproduce the row. Preserved from verified official SKP cache after current fetch did not reproduce the row. Preserved from verified official SKP cache after current fetch did not reproduce the row. Preserved from verified official SKP cache after current fetch did not reproduce the row.,2026-05-31
Q12026-112-SKP-001,Q12026-112,Paper Planes x NFL Super Bowl 2026 Capsule,Paper Planes,Roc Nation; National Football League (NFL),Roc Nation x Planes NFL Super Bowl LX Tee,apparel,Tees,60.00,USD,https://www.paperplane.shop/products/the-game-needs-me-nfl-super-bowl-lx-tee?_pos=1&_psq=nfl&_ss=e&_v=1.0,https://www.paperplane.shop/search/suggest.json?q=nfl&resources[type]=product&resources[limit]=20,official_shopify_search,https://cdn.shopify.com/s/files/1/0015/8855/9984/files/Paperplanes697912ad345631697912ad3469a.16742316697912ad3469a.jpg?v=1770333265,Paper Planes / NFL / Roc Nation / Hypebeast,https://www.paperplane.shop,United States; online; Super Bowl retail,verified_product,"Extracted from Shopify product search for ""nfl"".",2026-05-31
Q12026-112-SKP-002,Q12026-112,Paper Planes x NFL Super Bowl 2026 Capsule,Paper Planes,Roc Nation; National Football League (NFL),Roc Nation x Mitchell & Ness x NFL Super Bowl LX Jersey,apparel,Tops,135.00,USD,https://www.paperplane.shop/products/nfl-super-bowl-lx-rocnation-x-mitchell-ness-jersey-1?_pos=2&_psq=nfl&_ss=e&_v=1.0,https://www.paperplane.shop/search/suggest.json?q=nfl&resources[type]=product&resources[limit]=20,official_shopify_search,https://cdn.shopify.com/s/files/1/0015/8855/9984/files/Paperplanes697910c9d8bcb2697910c9d8e2b.29931609697910c9d8e2b.jpg?v=1769809954,Paper Planes / NFL / Roc Nation / Hypebeast,https://www.paperplane.shop,United States; online; Super Bowl retail,verified_product,"Extracted from Shopify product search for ""nfl"".",2026-05-31
Q12026-112-SKP-003,Q12026-112,Paper Planes x NFL Super Bowl 2026 Capsule,Paper Planes,Roc Nation; National Football League (NFL),Roc Nation x Planes NFL Super Bowl LX Hoodie,apparel,Tops,140.00,USD,https://www.paperplane.shop/products/the-game-needs-me-nfl-super-bowl-lx-hoodie?_pos=3&_psq=nfl&_ss=e&_v=1.0,https://www.paperplane.shop/search/suggest.json?q=nfl&resources[type]=product&resources[limit]=20,official_shopify_search,https://cdn.shopify.com/s/files/1/0015/8855/9984/files/Paperplanes69790e86b31c4669790e86b334b.1862879369790e86b334b.jpg?v=1770243534,Paper Planes / NFL / Roc Nation / Hypebeast,https://www.paperplane.shop,United States; online; Super Bowl retail,verified_product,"Extracted from Shopify product search for ""nfl"".",2026-05-31
Q12026-114-SKP-001,Q12026-114,Alice + Olivia x PQ Swim Spring Break Capsule,Alice + Olivia,PQ Swim,A+O X PQ SWIM TRIANGLE BIKINI TOP,apparel,apparel,120,USD,https://www.aliceandolivia.com/a-o-x-pq-swim-triangle-bikini-top/PAL-130RR336.html,https://www.aliceandolivia.com/search?q=PQ%20Swim,official_or_retail,https://www.aliceandolivia.com/dw/image/v2/BFBS_PRD/on/demandware.static/-/Sites-masterCatalog_aando/default/dwe46a8b58/hi-res/PAL-130RR336_01.jpg?sw=550&sh=736&q=95,Alice + Olivia / PQ Swim / Daily Front Row,Alice + Olivia; PQ Swim; selected retailers,online; selected retail,verified_product,Missing-SKP official pass: product page returned 200 from official/retail domain; source candidate https://www.aliceandolivia.com/search?q=PQ%20Swim. Preserved from verified official SKP cache after current fetch did not reproduce the row. Preserved from verified official SKP cache after current fetch did not reproduce the row. Preserved from verified official SKP cache after current fetch did not reproduce the row. Preserved from verified official SKP cache after current fetch did not reproduce the row. Preserved from verified official SKP cache after current fetch did not reproduce the row. Preserved from verified official SKP cache after current fetch did not reproduce the row. Preserved from verified official SKP cache after current fetch did not reproduce the row. Preserved from verified official SKP cache after current fetch did not reproduce the row. Preserved from verified official SKP cache after current fetch did not reproduce the row. Preserved from verified official SKP cache after current fetch did not reproduce the row.,2026-05-31
Q12026-114-SKP-002,Q12026-114,Alice + Olivia x PQ Swim Spring Break Capsule,Alice + Olivia,PQ Swim,A+O X PQ SWIM EMBROIDERED TRIANGLE BIKINI TOP,apparel,apparel,120,USD,https://www.aliceandolivia.com/a-o-x-pq-swim-embroidered-triangle-bikini-top/ERE-130RO157.html,https://www.aliceandolivia.com/search?q=PQ%20Swim,official_or_retail,https://www.aliceandolivia.com/dw/image/v2/BFBS_PRD/on/demandware.static/-/Sites-masterCatalog_aando/default/dw4bd23a18/hi-res/ERE-130RO157_01.jpg?sw=550&sh=736&q=95,Alice + Olivia / PQ Swim / Daily Front Row,Alice + Olivia; PQ Swim; selected retailers,online; selected retail,verified_product,Missing-SKP official pass: product page returned 200 from official/retail domain; source candidate https://www.aliceandolivia.com/search?q=PQ%20Swim. Preserved from verified official SKP cache after current fetch did not reproduce the row. Preserved from verified official SKP cache after current fetch did not reproduce the row. Preserved from verified official SKP cache after current fetch did not reproduce the row. Preserved from verified official SKP cache after current fetch did not reproduce the row. Preserved from verified official SKP cache after current fetch did not reproduce the row. Preserved from verified official SKP cache after current fetch did not reproduce the row. Preserved from verified official SKP cache after current fetch did not reproduce the row. Preserved from verified official SKP cache after current fetch did not reproduce the row. Preserved from verified official SKP cache after current fetch did not reproduce the row. Preserved from verified official SKP cache after current fetch did not reproduce the row.,2026-05-31
Q12026-114-SKP-003,Q12026-114,Alice + Olivia x PQ Swim Spring Break Capsule,Alice + Olivia,PQ Swim,A+O X PQ SWIM SPORTY BIKINI TOP,apparel,apparel,124,USD,https://www.aliceandolivia.com/a-o-x-pq-swim-sporty-bikini-top/GDC-1579HR752.html,https://www.aliceandolivia.com/search?q=PQ%20Swim,official_or_retail,https://www.aliceandolivia.com/dw/image/v2/BFBS_PRD/on/demandware.static/-/Sites-masterCatalog_aando/default/dwcff444a8/hi-res/GDC-1579HR752_01.jpg?sw=550&sh=736&q=95,Alice + Olivia / PQ Swim / Daily Front Row,Alice + Olivia; PQ Swim; selected retailers,online; selected retail,verified_product,Missing-SKP official pass: product page returned 200 from official/retail domain; source candidate https://www.aliceandolivia.com/search?q=PQ%20Swim. Preserved from verified official SKP cache after current fetch did not reproduce the row. Preserved from verified official SKP cache after current fetch did not reproduce the row. Preserved from verified official SKP cache after current fetch did not reproduce the row. Preserved from verified official SKP cache after current fetch did not reproduce the row. Preserved from verified official SKP cache after current fetch did not reproduce the row. Preserved from verified official SKP cache after current fetch did not reproduce the row. Preserved from verified official SKP cache after current fetch did not reproduce the row. Preserved from verified official SKP cache after current fetch did not reproduce the row. Preserved from verified official SKP cache after current fetch did not reproduce the row. Preserved from verified official SKP cache after current fetch did not reproduce the row.,2026-05-31
Q12026-114-SKP-004,Q12026-114,Alice + Olivia x PQ Swim Spring Break Capsule,Alice + Olivia,PQ Swim,A+O X PQ SWIM MACRAME HALTER BIKINI TOP,apparel,apparel,126,USD,https://www.aliceandolivia.com/a-o-x-pq-swim-macrame-halter-bikini-top/VPK-1578HF681.html,https://www.aliceandolivia.com/search?q=PQ%20Swim,official_or_retail,https://www.aliceandolivia.com/dw/image/v2/BFBS_PRD/on/demandware.static/-/Sites-masterCatalog_aando/default/dw28f0a849/hi-res/VPK-1578HF681_01.jpg?sw=550&sh=736&q=95,Alice + Olivia / PQ Swim / Daily Front Row,Alice + Olivia; PQ Swim; selected retailers,online; selected retail,verified_product,Missing-SKP official pass: product page returned 200 from official/retail domain; source candidate https://www.aliceandolivia.com/search?q=PQ%20Swim. Preserved from verified official SKP cache after current fetch did not reproduce the row. Preserved from verified official SKP cache after current fetch did not reproduce the row. Preserved from verified official SKP cache after current fetch did not reproduce the row. Preserved from verified official SKP cache after current fetch did not reproduce the row. Preserved from verified official SKP cache after current fetch did not reproduce the row. Preserved from verified official SKP cache after current fetch did not reproduce the row. Preserved from verified official SKP cache after current fetch did not reproduce the row. Preserved from verified official SKP cache after current fetch did not reproduce the row. Preserved from verified official SKP cache after current fetch did not reproduce the row. Preserved from verified official SKP cache after current fetch did not reproduce the row.,2026-05-31
Q12026-114-SKP-005,Q12026-114,Alice + Olivia x PQ Swim Spring Break Capsule,Alice + Olivia,PQ Swim,A+O X PQ SWIM REVERSIBLE TRIANGLE BIKINI TOP,apparel,apparel,124,USD,https://www.aliceandolivia.com/a-o-x-pq-swim-reversible-triangle-bikini-top/ABY-1676RB187.html,https://www.aliceandolivia.com/search?q=PQ%20Swim,official_or_retail,https://www.aliceandolivia.com/dw/image/v2/BFBS_PRD/on/demandware.static/-/Sites-masterCatalog_aando/default/dw62a2e8b7/hi-res/ABY-1676RB187_01.jpg?sw=550&sh=736&q=95,Alice + Olivia / PQ Swim / Daily Front Row,Alice + Olivia; PQ Swim; selected retailers,online; selected retail,verified_product,Missing-SKP official pass: product page returned 200 from official/retail domain; source candidate https://www.aliceandolivia.com/search?q=PQ%20Swim. Preserved from verified official SKP cache after current fetch did not reproduce the row. Preserved from verified official SKP cache after current fetch did not reproduce the row. Preserved from verified official SKP cache after current fetch did not reproduce the row. Preserved from verified official SKP cache after current fetch did not reproduce the row. Preserved from verified official SKP cache after current fetch did not reproduce the row. Preserved from verified official SKP cache after current fetch did not reproduce the row. Preserved from verified official SKP cache after current fetch did not reproduce the row. Preserved from verified official SKP cache after current fetch did not reproduce the row. Preserved from verified official SKP cache after current fetch did not reproduce the row. Preserved from verified official SKP cache after current fetch did not reproduce the row.,2026-05-31
Q12026-114-SKP-006,Q12026-114,Alice + Olivia x PQ Swim Spring Break Capsule,Alice + Olivia,PQ Swim,A+O X PQ SWIM REVERSIBLE BANDEAU BIKINI TOP,apparel,apparel,124,USD,https://www.aliceandolivia.com/a-o-x-pq-swim-reversible-bandeau-bikini-top/TWD-1567BU455.html,https://www.aliceandolivia.com/search?q=PQ%20Swim,official_or_retail,https://www.aliceandolivia.com/dw/image/v2/BFBS_PRD/on/demandware.static/-/Sites-masterCatalog_aando/default/dw7b644597/hi-res/TWD-1567BU455_01.jpg?sw=550&sh=736&q=95,Alice + Olivia / PQ Swim / Daily Front Row,Alice + Olivia; PQ Swim; selected retailers,online; selected retail,verified_product,Missing-SKP official pass: product page returned 200 from official/retail domain; source candidate https://www.aliceandolivia.com/search?q=PQ%20Swim. Preserved from verified official SKP cache after current fetch did not reproduce the row. Preserved from verified official SKP cache after current fetch did not reproduce the row. Preserved from verified official SKP cache after current fetch did not reproduce the row. Preserved from verified official SKP cache after current fetch did not reproduce the row. Preserved from verified official SKP cache after current fetch did not reproduce the row. Preserved from verified official SKP cache after current fetch did not reproduce the row. Preserved from verified official SKP cache after current fetch did not reproduce the row. Preserved from verified official SKP cache after current fetch did not reproduce the row. Preserved from verified official SKP cache after current fetch did not reproduce the row. Preserved from verified official SKP cache after current fetch did not reproduce the row.,2026-05-31
