up主名字,主要知识领域,总权重,提及次数,回答提及数,评论提及数,正向/推荐,负向/避雷,中性/提及,代表点评,来源URL样例
李永乐老师,数学/物理,1868299,95,61,34,31,0,64,03：李永乐老师官方,https://www.zhihu.com/question/291506148/answer/864438586
3Blue1Brown,数学/物理,1272213,56,37,19,10,2,44,07：3Blue1Brown,https://www.zhihu.com/question/291506148/answer/864438586
Oeasy,计算机/编程,1232725,64,39,25,21,2,41,03：Oeasy,https://www.zhihu.com/question/291506148/answer/864438586
左手PLUS,艺术/审美,1006659,26,26,0,14,0,12,07：左手PLUS,https://www.zhihu.com/question/291506148/answer/864438586
回形针PaperClip,科普/自然科学,880748,53,25,28,11,3,39,07：回形针PaperClip,https://www.zhihu.com/question/291506148/answer/864438586
葉子先生酱,语言/英语,735264,20,19,1,5,0,15,04：葉（叶）子先生酱,https://www.zhihu.com/question/291506148/answer/864438586
混乱博物馆,科普/自然科学,678166,24,17,7,8,2,14,04：混乱博物馆,https://www.zhihu.com/question/291506148/answer/864438586
罗翔说刑法,法律,674453,82,56,26,22,4,56,1. 罗翔说刑法 —— 2020年B站最火的知识达人？,https://www.zhihu.com/question/292372507/answer/802318758
妈咪说MommyTalk,生物/医学健康,665520,50,24,26,20,3,27,08：妈咪说MommyTalk,https://www.zhihu.com/question/291506148/answer/864438586
硬核的半佛仙人,综合知识/泛科普,635013,55,25,30,29,4,22,2. 硬核的半佛仙人 —— 火遍全网的硬核男人,https://www.zhihu.com/question/292372507/answer/802318758
宋浩老师官方,数学/物理,610752,66,24,42,27,0,39,380630 《微积分II》（《高等数学II》）全程高清教学视频-宋浩老师【新浪微博：ice_mouse】,https://www.zhihu.com/question/35569842/answer/1012175647
何同学,科普/自然科学,518227,45,22,23,20,1,24,3）老师好我叫何同学,https://www.zhihu.com/question/291506148/answer/864438586
美丽科学-BOS,科普/自然科学,502240,8,8,0,2,0,6,08：美丽科学-BOS,https://www.zhihu.com/question/291506148/answer/864438586
毕导THU,数学/物理,420882,28,14,14,7,1,20,3. 毕导THU —— 我差点吧它当成搞笑UP主……,https://www.zhihu.com/question/292372507/answer/802318758
巫师财经,财经/商业,368214,127,32,95,43,12,72,9.巫师财经,https://www.zhihu.com/question/265883810/answer/976227155
蜡笔和小勋,综合知识/泛科普,361261,12,12,0,3,0,9,01：蜡笔和小勋 这是一对羡煞旁人的浙大学霸情侣Up主！在B站坐拥150W+粉丝！你可以在他们的视频中学到各种实用的学习方法。比如如何自律？如何提升记忆力？如何背单词？…… 代表作： 《在家自律性都能暴涨200%的小技巧分享》,https://www.zhihu.com/question/291506148/answer/864438586
纪录片之家字幕组,综合知识/泛科普,353533,9,8,1,6,0,3,04：纪录片之家字幕组 这位B站Up主上传的资源简直太感人了！不仅数量多，而且视频质量极高，字幕做得超级棒，双语对照，看着就是爽！ 演讲精选 01：一席精选,https://www.zhihu.com/question/291506148/answer/864438586
央视纪录,综合知识/泛科普,273716,6,6,0,1,0,5,03：央视纪录 CCTV 9 纪录频道官方账号，品质必须有保证。比较经典的纪录片有《如果国宝会说话》（豆瓣评分：9.4）、《航拍中国》（豆瓣评分：9.2）。 尤其是《航拍中国》，官方当初在拍摄的时候可是下了血本！拍摄时动用了16架载人直升机、57架无人机，总行程近15万多公里，以另一种视角看祖国壮丽的山河。平常再普通不过的景物，一旦到了高空，完全变成了另一番景象！,https://www.zhihu.com/question/291506148/answer/864438586
猛犸君侯,综合知识/泛科普,267296,5,5,0,0,0,5,"02：猛犸君侯 一位提供国外最新纪录片资源的Up主。目前的投稿数量高达5,200+，而且画质感人，几乎全部为高清视频，大多数视频都配有中文或英文字幕。 03：央视纪录",https://www.zhihu.com/question/291506148/answer/864438586
A路人,综合知识/泛科普,264613,6,6,0,4,0,2,01：A路人 一位超级逗比的英语Up主，粉丝亲切地称呼他为老大。在B站坐拥210W+粉丝，出品的《洋屁教室》系列视频别提有多火了，用鬼畜的方式帮大家解决了很多典型烦人的英语语法问题。 代表作： 《洋屁教室----让英语做你的舔狗》,https://www.zhihu.com/question/291506148/answer/864438586
人生一串,综合知识/泛科普,258862,9,8,1,1,0,8,2、人生一串 中国第一部烧烤纪录片。展示全国各地独具特色的烧烤文化，第二季也已经完结了。 “美食为主，故事调味”是美食纪录片一贯的手法，但《人生一串》保留了市井气和烟火味，不刻意追求画面的精致，用调侃式的旁白，让《人生一串》增添了一丝幽默感。B站评分9.8也是名副其实！,https://www.zhihu.com/question/35569842/answer/782949366
老秦PPT,综合知识/泛科普,253743,4,4,0,0,0,4,01： 老秦PPT 说到软件教学，那就不得不提一下老秦本人啦~ 秦老师刚入驻B站，发布的第一条PPT的教学视频就瞬间斩获6万+，足以看到其火热程度。 与很多的PPT UP主不同，秦老师的PPT教学视频，总是脑洞大开，不是单纯教技巧，而是大开你的思维方式。从评论区的评价就能看出来：,https://www.zhihu.com/question/291506148/answer/864438586
口语老炮儿马思瑞,语言/英语,248609,6,6,0,1,0,5,02：口语老炮儿马思瑞 不愧自称老炮儿，这位来自美国的Up主说的中文实在是太棒了！他的英语口语教学视频也是另辟蹊径，出品了一系列明星口语分析视频，从发音、用词、语法角度切入。目前被拆解的国内明星和企业家有：刘亦菲、成龙、吴亦凡、马云等。相比于枯燥的教学，这种寓教于乐的教学方式更容易被人接受。,https://www.zhihu.com/question/291506148/answer/864438586
旁门左道PPT,综合知识/泛科普,240188,10,10,0,8,0,2,2、旁门左道PPT 一个PPT学习的宝藏UP主！视频完全免费，只能用良心称赞！ 实名安利三分钟系列的PPT视频，很实用！一页丑的PPT，用轻松有趣的方式，3分钟内，一步步拆解，实现修改蜕变！ 关键还配备了对应的PPT文件，照着练习，提升很快！,https://www.zhihu.com/question/35569842/answer/782949366
一条正弦,学习/考试,232418,5,5,0,1,0,4,02：一条正弦 一位非常自律的学习Up主，在B站分享了很多学习方面的心得。 代表作： #如何记笔记#系列，内容涉及到地理、物理、历史、语文等，Up主都毫无保留、超级细致地进行了讲解。,https://www.zhihu.com/question/291506148/answer/864438586
猴博士爱讲课,数学/物理,231602,5,5,0,1,0,4,06：猴博士爱讲课 一位既会微积分、大学物理、力学、电工，又会C语言的学霸Up主。要想考试不挂科，你需要猴博士这样短平快的课程。短短几小时，手把手带你过一遍课程。考试的时候至少点东西可以写（编）了……,https://www.zhihu.com/question/291506148/answer/864438586
坤哥物理,学习/考试,226897,4,4,0,4,0,0,04：坤哥物理 高中物理渣到爆，该如何自救？来，B站坤哥助你一臂之力。这是一位专讲高考物理知识的Up主，因为讲解通俗易懂，深受小粉丝们的爱戴~ 05：大宽物理,https://www.zhihu.com/question/291506148/answer/864438586
拉小登Excel,综合知识/泛科普,224544,4,4,0,3,0,1,02： 拉小登Excel 一位戏精附体的Excel老师，最近刚入驻B站，授课风格幽默有趣，你眼中枯燥的Excel却是他手里有趣的「玩具」！ 总之，学Excel，跟着这位戏精老师就对了！ 之前他们还用Excel做了一个「点菜机」，解决了每天吃什么的人生难题！,https://www.zhihu.com/question/291506148/answer/864438586
飞碟说,人文社科/国际政治,220524,4,4,0,0,4,0,05：飞碟说 「飞碟说」是B站人气非常高的Up主，出品的视频紧跟社会热点和一些有趣的冷知识，而且是以动画的形式进行呈现，制作水准很高，文案水平也很高。科普类的东西最怕的就是沦于说教，「飞碟说」却巧妙地做到了科普性和趣味性的完美结合。,https://www.zhihu.com/question/291506148/answer/864438586
不是闷,综合知识/泛科普,213344,3,3,0,3,0,0,02：不是闷 「不是闷」，手账圈的大佬，B站粉丝近35W，看她的视频据说很容易被种草，堪称手账届的李佳琦？所以看她的视频请注意看好自己的钱包…… 03：废宅少女日常,https://www.zhihu.com/question/291506148/answer/864438586
折纸的白叔,综合知识/泛科普,213344,3,3,0,3,0,0,01：折纸的白叔 小时候大家一定玩过折纸吧？纸船、飞机、千纸鹤，肯定都玩过。只是长大了玩得也少了，但这位白叔将这项爱好一直坚持到了现在，曾经还担任了折纸吧的吧主，所以在这个领域是大神一样的存在。如果你想重新拾起这项爱好，又或是培养自己小孩的动手能力，那这个Up主可千万别错过~,https://www.zhihu.com/question/291506148/answer/864438586
沫沫沫沫秦,综合知识/泛科普,213344,3,3,0,3,0,0,01：沫沫沫沫秦 很多女孩子习惯在本子上写写画画，有的是为了减压，更对的人是因为兴趣。那如果你刚入门手账，那么B站的「沫沫沫沫秦」就非常值得关注了。她做出的手账超级美腻，在视频里她会跟你分享自己喜欢的文具、手账、手帐排版、手帐素材以及各种生活小美好。,https://www.zhihu.com/question/291506148/answer/864438586
芳斯塔芙,科普/自然科学,204673,13,4,9,5,1,7,02：芳斯塔芙,https://www.zhihu.com/question/291506148/answer/864438586
阿滴英文,综合知识/泛科普,195813,4,4,0,1,0,3,03：阿滴英文 一对来自宝岛台湾的英语UP主。讲课风格幽默，内容选题也贴近我们的日常生活，偶尔也会分享一些学英语的方法。 04：葉（叶）子先生酱,https://www.zhihu.com/question/291506148/answer/864438586
文曰小强,综合知识/泛科普,172302,5,5,0,2,0,3,1）文曰小强 一位解读热门书籍的知名影视Up主，B站粉丝多达99.6W。 由他讲解的《三体》在B站的播放量竟然达到了450W+！！据说为了完成这部作品，剪辑的时候足足综合了500多部影视作品！弹幕里很多人甚至称之为B站镇馆之宝，可见其受欢迎之程度。我之前看完《三体》的时候也刷了这部讲解作品，不多，也就看了3遍吧，谁让故事本身足够吸人，剪辑又足够精彩呢~,https://www.zhihu.com/question/292372507/answer/802318758
老撕来撕思维研究室,综合知识/泛科普,170592,2,2,0,2,0,0,06：老撕来撕思维研究室 自称是一个不正经的历史老师，经常给大家普及一些中小学课本里的冷知识，同时也会就校园、社会话题表达自己的观点。总之，是个非常有趣有料的Up主啦~ 07：回形针PaperClip,https://www.zhihu.com/question/291506148/answer/864438586
黄金眼,综合知识/泛科普,166384,4,4,0,0,0,4,05 / 《bilibili@黄金眼》,https://www.zhihu.com/question/292372507/answer/802318758
Real麦克老师,语言/英语,163607,5,5,0,0,1,4,2）Real麦克老师 除了A路人，B站上逗比的老师很多，比如这位来自美国的Real麦克老师。不仅会给大家普及中美文化差异，还会教大家一些常用的英语表达、以及如何应对英语面试。 3）口语老炮儿马思瑞,https://www.zhihu.com/question/292372507/answer/802318758
张召忠,综合知识/泛科普,163494,6,6,0,1,0,5,5）张召忠 哈哈，越活越年轻的局座也有入驻B站，粉丝还不少，都快300W了！除了严肃正经的国际政治分析视频，局座偶尔也会跟大家分享一些自己的生活日常，现在可是稳坐B站中老年网红的第一把交椅~ 6）飞碟说,https://www.zhihu.com/question/292372507/answer/802318758
星月兮,综合知识/泛科普,163238,3,3,0,3,0,0,04：星月兮 一位来自北京电影学院的Up主，声音非常好听，他讲解的Pr、AE等视频教程浅显易懂，我司不少小伙伴刚入门剪辑的时候就是看了它的视频。总之是一位非常有才华的小伙子。目前在B站已经有200多投稿视频了，够你学一阵子的了~,https://www.zhihu.com/question/291506148/answer/864438586
doyoudo,综合知识/泛科普,161562,5,5,0,2,0,3,05：doyoudo doyoudo在B站投稿了很多软件教学视频，以设计软件为主，包括Pr、C4D、AE、AU、Ai、PS等。 难能可贵的是，它的视频并没有做成“说明书”的形式，为你机械式地操作软件功能，而是结合具体的应用场景进行教学。,https://www.zhihu.com/question/291506148/answer/864438586
秦阳,综合知识/泛科普,154211,4,4,0,0,0,4,本文 首发自公众号【老秦 】，如需转载请跟我联系。想第一时间获取各种优质资源和干货，记得关注 @秦阳 哦~,https://www.zhihu.com/question/291506148/answer/864438586
其他回答分享,综合知识/泛科普,150943,5,5,0,5,0,0,其他回答分享： 你手机最消遣时间的软件是什么？ B站有哪些高质量的UP主值得推荐？ 哪些网站让你感觉发现了新大陆？ 整理不易，喜欢的话，别忘了给我点赞哦！ 欢迎大家关注我的知乎号 @HAI000 ，浏览主页，还可以获取更多高效神器哦~,https://www.zhihu.com/question/35569842/answer/782949366
卡敏与阿超,综合知识/泛科普,149077,3,3,0,2,0,1,06：卡敏与阿超 这位B站Up主主要分享视频剪辑类的教程，涉及Pr、AE等。教学内容都是一些非常好玩或炫酷的效果，时长控制在3~5分钟之间，学完之后会很有成就感~ 另外，Up主也会偶尔大家聊聊视频剪辑从业的现状和心得。,https://www.zhihu.com/question/291506148/answer/864438586
刘老师说电影,综合知识/泛科普,141151,4,4,0,3,1,0,6）刘老师说电影 如果你喜欢看吐槽类的电影解说，那么这位刘老师不容错过，尤其是他的代表作之一：逆天吐槽《纯洁心灵：逐梦演艺圈》，一口自带笑点的东北话，全程无尿点，让你从头笑到尾。 学习达人 01：蜡笔和小勋,https://www.zhihu.com/question/291506148/answer/864438586
王朝,文学/读书,134315,5,5,0,0,0,5,王朝：第一集 黑猩猩：统治的强者 王朝：第二集 帝企鹅 顽强生存 王朝：第三集 狮子 守卫家园 王朝：第四集 杂色狼 争夺领地 王朝： 第五集 老虎 保护族群,https://www.zhihu.com/question/292372507/answer/797795820
徐大sao,综合知识/泛科普,130621,4,4,0,4,0,0,5）徐大sao 徐大sao的视频画风跟之前介绍的UP主完全不一样，虽然都是美食UP主，但前面的几位重点在教大家怎么做菜，而徐大sao是专门拍摄吃货视频。说实话，有时候看着他吃饭，你的胃口真的会好很多。,https://www.zhihu.com/question/291506148/answer/864438586
木鱼水心,综合知识/泛科普,126633,6,4,2,0,6,0,1）木鱼水心 木鱼水心是bilibili 2018百大UP主之一，在B站坐拥310W+粉丝，在知乎写相关回答的时候，很多人都在评论区强烈推荐这位UP主。他的视频以影评为主，涵盖领域范围较广，热播剧、经典电影、电视剧他都可以信手捏来，而且他的嗓音听着很舒服，声音控们有福啦~,https://www.zhihu.com/question/291506148/answer/864438586
美食作家王刚R,综合知识/泛科普,124289,3,3,0,3,0,0,3）美食作家王刚R 在王刚老师的视频里，你可以看到专业厨师做菜的全过程，并且能收获一些做菜的Tips。如果看的过程中没有及时记录下来，也不用担心，每段视频的结尾，王刚老师都会做小结。不过他的很多菜给人的感觉是：看着就会，一做就废……,https://www.zhihu.com/question/291506148/answer/864438586
手工耿,综合知识/泛科普,123161,3,3,0,2,0,1,5）手工耿 「手工耿」是一位脑洞超大的手工UP主。像平常说到手工，我们第一时间想到的可能就是皮具或者一些木制品。但耿哥的画风非常奇特，经常出奇奇怪怪的作品，比如：自制倒立洗头机、自制胸口碎大石套装，很多网友戏称：耿哥出品，必属废品。他独特的视频风格在B站也收割了一大波粉丝，目前关注人数已经220W+。,https://www.zhihu.com/question/291506148/answer/864438586
大象放映室,历史/军事,118340,8,2,6,5,2,1,另外，既然说到大象工会，创始人曾经在演讲平台「一席」上有过一段演讲视频，可以更好地帮助你了解这个有点另类的新媒体组织。,https://www.zhihu.com/question/292372507/answer/802318758
黄章晋,历史/军事,118219,2,2,0,2,0,0,黄章晋： 《怎样制造一种像鸦片一样的产品让人欲罢不能》 3）老撕来撕思维研究室 自称是一个不正经的历史老师，经常给大家普及一些中小学课本里的冷知识，同时也会就校园、社会话题表达自己的观点。总之，是个非常有趣有料的Up主啦~ 4）左手PLUS,https://www.zhihu.com/question/292372507/answer/802318758
WhatOnEarth一探究竟,综合知识/泛科普,113210,6,6,0,2,0,4,4、 WhatOnEarth一探究竟 一个普及人文知识的up主。 虽然粉丝不是特别多，视频不多，但制作的视频都比较精致： 里面的动画、转场、字幕等都非常考究，给大家录了一个小动图： 感觉这个up主如果坚持更文，一定会很厉害！,https://www.zhihu.com/question/35569842/answer/782949366
电影最TOP,综合知识/泛科普,113115,2,2,0,0,1,1,2）电影最TOP 相比于「木鱼水心」，「电影最TOP」这位UP主的内容更加聚焦，主要集中在两个板块：❶ 细读经典系列：主要解读一些经典电影；❷ 电影最TOP：主要做一些盘点类的内容。比如星爷电影全盘点、十大最经典超级英雄电影盘点等。,https://www.zhihu.com/question/291506148/answer/864438586
韩语养乐多老师,综合知识/泛科普,112204,3,3,0,1,0,2,05：韩语养乐多老师 代表作： 《韩语发音教学2017新版【合集】》 手账制作 01：沫沫沫沫秦,https://www.zhihu.com/question/291506148/answer/864438586
兔叭咯,生物/医学健康,109150,7,6,1,4,1,2,3）兔叭咯 和本身就是学霸人设的「蜡笔和小勋」不同，兔叭咯原先是一名职高生，但是后来凭借超乎常人的学习毅力，一路“逆袭”，最后成为了一名医学博士。 励志的学习经历加上逗比的个人风格，在B站非常受粉丝们的欢迎~,https://www.zhihu.com/question/292372507/answer/802318758
稚晖君,计算机/编程,106764,4,4,0,0,0,4,12.这个这个！！！稚晖君，极客（？）大佬，在何同学视频下面捉到的！,https://www.zhihu.com/question/291506148/answer/884690034
事件,财经/商业,105012,12,12,0,0,2,10,事件：上央视直播美国疫情，被黑是夸大美国疫情 目前暂无回应 花花与三猫 事件：被小警察锤养后院，后澄清是被坑所致 某幻君,https://www.zhihu.com/question/384542217/answer/1161267026
tb,计算机/编程,104952,8,8,0,1,1,6,tb： 西安火元素 / 西安水元素（合作关系） 2⃣️ B站：二斤啦啦啦啦 tb：二斤和她的主机 3⃣️,https://www.zhihu.com/question/344527263/answer/877240131
小高姐的魔法调料,综合知识/泛科普,102305,2,2,0,0,0,2,4）小高姐的魔法调料 小高姐的美食制作视频非常实用，因为老家是陕西人，所以她的教程里涉及到很多面食类的教程。另外，还涉及很多小吃、小糕点！ 5）徐大sao,https://www.zhihu.com/question/291506148/answer/864438586
动画学术趴,综合知识/泛科普,101545,2,2,0,2,0,0,2）动画学术趴 专注分享精品短动画的UP主，更新非常勤快，目前在B站的投稿量已经999+。跟其他动漫UP主不同的是，这里面的大多数作品来自各大高校的毕设作品。如果你喜欢看这类动画小短片，不妨关注一下。,https://www.zhihu.com/question/291506148/answer/864438586
科技美学,综合知识/泛科普,101457,2,2,0,2,0,0,4）科技美学 「科技美学」是一个数码UP主，目前在B站有近200万的粉丝量，主要对一些最新的数码产品进行测评，内容主涉及手机、平板、电脑等，比如现在刚发布的华为Mate30 Pro、小米9 Pro 5G等。如果你在入手前有疑惑，不妨来看看专业人士的测评咯~,https://www.zhihu.com/question/291506148/answer/864438586
小圆脸Paprika,综合知识/泛科普,99616,4,4,0,3,0,1,7.小圆脸Paprika 一个读书类的UP主。 读万卷书，行万里路。如果你也是一个喜欢读书的人，不妨来看看这个小姐姐分享给你的书单。 她每个月都会做读书报告、书单安利，看完她的视频，除了想马上拿一本书抱着啃，其他啥也不会想。,https://www.zhihu.com/question/265883810/answer/976227155
李大颖,科普/自然科学,98685,6,6,0,0,0,6,欢迎大家关注我的知乎号 @李大颖 ，浏览主页。还可以获得更有优质内容哦~,https://www.zhihu.com/question/265883810/answer/976227155
TED精选演讲,综合知识/泛科普,98371,2,2,0,1,0,1,02：TED精选演讲 精选了TED上的部分演讲视频，内容都是中英对照。 代表作： 《只要20小时，你就能学会任何事情》,https://www.zhihu.com/question/291506148/answer/864438586
黑马程序员,计算机/编程,97666,24,20,4,4,1,19,逗比的雀巢：年度黑马之一，配音系列可以说是我的快乐源泉了。实至名归,https://www.zhihu.com/question/438840235/answer/1672129735
优设基础训练营,综合知识/泛科普,96704,3,3,0,2,0,1,5） 优设基础训练营 优设目前在B站发布的视频多达600+，内容涉及PS、AE、Pr、C4D、手绘等。 相比于doyoudo和Oeasy，优设既会对软件基本操作进行讲解，也会列举大量实际操作场景。想学软件的话，这里是个不错的选择哟~,https://www.zhihu.com/question/283049200/answer/813486705
机智的党妹,综合知识/泛科普,95793,6,6,0,4,0,2,11.机智的党妹 一个被美妆耽误了的相声界UP主。 宝藏女孩，我实在找不到词来夸赞！也是一个非常努力的UP主，为了给大家带来优质内容，报班上课，化妆技术突飞猛进。 刚关注的时候，她的头发还很茂密。现在，她秃了，也强了。,https://www.zhihu.com/question/265883810/answer/976227155
大宽物理,综合知识/泛科普,95125,2,1,1,1,0,1,05：大宽物理 一位专攻高中物理的UP主。 06：猴博士爱讲课,https://www.zhihu.com/question/291506148/answer/864438586
一席精选,综合知识/泛科普,95125,1,1,0,0,0,1,01：一席精选 一席是一个专注演讲分享的UP主。 听君一席话，胜读十年书。如果从方便理解的角度讲，你可以把一席理解为中国人自己的TED。它经常会邀请各界名人来做分享，且每期分享都配有完整的文字稿，这是非常难得的地方。,https://www.zhihu.com/question/291506148/answer/864438586
人人短视频精选,综合知识/泛科普,95125,1,1,0,1,0,0,1）人人短视频精选 一个专注短视频搬运的B站UP主，内容以动画类为主，时长一般控制在10分钟之内。在这里你能看到很多国内外优秀的动画短片，以及部分创意十足的广告等。 2）动画学术趴,https://www.zhihu.com/question/291506148/answer/864438586
何止电影,综合知识/泛科普,95125,1,1,0,1,0,0,4）何止电影 何止电影在选片的时候，并不会追逐热点电影来吸引眼球，反而经常会挑一些冷门内容进行解读。如果你剧荒，在这也许能淘到不少好片子。 5）虫哥说电影,https://www.zhihu.com/question/291506148/answer/864438586
动画少数派,综合知识/泛科普,95125,1,1,0,0,0,1,3）动画少数派 动画少数派上传的内容中有不少讽刺、恶搞类的动画短片，尤其是「HISHE系列」的搬运视频，充满黑色幽默和脑洞。 纪录片资源 01：哔哩哔哩纪录片,https://www.zhihu.com/question/291506148/answer/864438586
华农兄弟,综合知识/泛科普,95125,1,1,0,1,0,0,1）华农兄弟 “华农一笑，生死难料”、“山上有火，所里有我”，看华农兄弟的视频，你一定要打开弹幕，类似这样的金句会频繁刷到，只能说网友们实在是太有才了！另外，在视频里你能看到华农兄弟吃动物的一千种理由：“这只竹鼠长得太丑”、“这只鸡淋了雨，可能会生病”、“这只香猪老喜欢打架”……最后的统一结局就是：只好把它烤（炖）了。,https://www.zhihu.com/question/291506148/answer/864438586
大漠叔叔,综合知识/泛科普,95125,1,1,0,1,0,0,2）大漠叔叔 大漠叔叔真实的身份是一位海南警察，所以在他的视频里你经常能看到一些跟警务相关的科普内容，但风格一点儿也不严肃刻板，反而充满了诙谐与幽默，所以看起来自然也不会觉得是在说教。 3）老师好我叫何同学,https://www.zhihu.com/question/291506148/answer/864438586
就是气气,综合知识/泛科普,95125,1,1,0,0,0,1,6）就是气气 类似徐大sao，这也是一位大食量的吃播UP主。说到吃播，其实很容易联想到“催吐”，但「就是气气」的视频看着就会真实很多，内容不会特别夸张，相信这也是很多人关注她的理由之一吧。 精选短视频,https://www.zhihu.com/question/291506148/answer/864438586
废宅少女日常,综合知识/泛科普,95125,1,1,0,0,0,1,03：废宅少女日常 其他类别 1）非正式会谈,https://www.zhihu.com/question/291506148/answer/864438586
真·凤舞九天,综合知识/泛科普,95125,1,1,0,0,0,1,09：真·凤舞九天 一位化学科普UP主，带你认识神奇的化学世界。 代表作： 《疯狂化学2：元素奇迹》 美食达人,https://www.zhihu.com/question/291506148/answer/864438586
美食台,综合知识/泛科普,95125,1,1,0,1,0,0,2）美食台 相信很多人关注过「一条」的公众号吧，其特色就是原创短视频制作，美食台也是他们旗下的一个账号。 视频制作精良，非常专业，看他们做饭你会觉得是一种享受，有想亲自动手的欲望，不过有的时候会因为太过精致，让人感觉缺少一些烟火气。,https://www.zhihu.com/question/291506148/answer/864438586
胥渡吧,综合知识/泛科普,95125,1,1,0,1,0,0,3）胥渡吧 胥渡吧就不用过多介绍了，他们的模仿视频相信很多人在微博或者其他地方都看过，其实他们在B站也有入驻。如果你喜欢看他们的视频，那不妨来B站一次性看个够！ 4）何止电影,https://www.zhihu.com/question/291506148/answer/864438586
虫哥说电影,综合知识/泛科普,95125,1,1,0,1,0,0,5）虫哥说电影 虽然UP主的名字是虫哥说电影，但是视频内容也会包括一些电视剧。虫哥讲解风格比较幽默搞怪，视频也是以娱乐、搞笑为主，看着乐呵乐呵，解解压还是蛮好的。 6）刘老师说电影,https://www.zhihu.com/question/291506148/answer/864438586
表象的本质,综合知识/泛科普,95125,1,1,0,0,0,1,03：表象的本质 经常科普一些物理、化学方面的知识。 04：混乱博物馆,https://www.zhihu.com/question/291506148/answer/864438586
非正式会谈,综合知识/泛科普,95125,1,1,0,1,0,0,1）非正式会谈 《非正式会谈》是一档「国际范儿」的文化访谈节目，每一期有11位来自各个国家的青年和四位补刀专业户：大左、杨迪、陈铭、陈超，在各种欢声笑语中对一些热门话题或者当下青年所关心的话题展开讨论。,https://www.zhihu.com/question/291506148/answer/864438586
是你们的康康,综合知识/泛科普,94396,3,3,0,2,0,1,4. 是你们的康康 —— 学习方法推荐UP主 5. 宋浩老师官方 —— 想要数学不挂科？找宋浩老师！ —— 2020.5.19 —— 发现喜欢在B站学习的人好多啊！今天就给大家送一份私家珍藏吧，我有搜集 200+的B站UP主名 单。,https://www.zhihu.com/question/292372507/answer/802318758
Kurzgesagt,科普/自然科学,94109,3,2,1,0,0,3,12、Kurzgesagt,https://www.zhihu.com/question/20396961/answer/683102014
暮秋君,生物/医学健康,90077,1,1,0,0,0,1,我是 @暮秋君,https://www.zhihu.com/question/35569842/answer/1012175647
食用指南,语言/英语,83824,26,26,0,17,3,6,食用指南： 英语、学习法、声控。 还有，杰俊小哥哥的BGM也很符合我的口味...... 一句话来说，这是个声音好听、干货有用、剪辑超棒的美男up主 ，笔芯~ 2.Maggie不是麦鸡（阳光笑容的温暖女孩） 一个充满正能量的阳光up主。,https://www.zhihu.com/question/292372507/answer/874294702
Crash Course,学习/考试,81276,7,7,0,1,0,6,昨晚看到同问题下那个答Crash Course的回答上4k赞了，又不服气又有点小委屈，,https://www.zhihu.com/question/265883810/answer/990584633
地球脉动,科普/自然科学,80589,3,3,0,0,3,0,地球脉动：第1集 南极北极 地球脉动：第2集 山脉 地球脉动：第3集 淡水 迷恋自己的身体 世界上最繁忙的的城市 第1集 香港,https://www.zhihu.com/question/292372507/answer/797795820
还有这个双氧水的催化反应实验,语言/英语,75467,1,1,0,0,1,0,还有这个双氧水的催化反应实验： 类型2：语言学习类 语言学习类 1）A路人,https://www.zhihu.com/question/292372507/answer/802318758
伊丽莎白鼠,历史/军事,74897,9,9,0,1,0,8,15、伊丽莎白鼠,https://www.zhihu.com/question/291506148/answer/865870707
稚嫩的魔法师,历史/军事,73835,16,11,5,4,2,10,估计我个人游戏区比较喜欢的“稚嫩的魔法师”“Gamker”“谜之秃”或者更小众一些的“疯猫Madcatclan”“就地十八滚”等等，因为硬指标粉丝数量不够，有生之年他们应该是成不了百大了哈哈。,https://www.zhihu.com/question/365100571/answer/966921907
小约翰可汗,历史/军事,73517,41,12,29,6,3,32,好了，看完目录你基本上对这个话题已经有了非常清晰的大纲和框架了，如果只是自己想了解，剩下的就交给维基百科和百度百科解决就好了；如果是要做科普，只需要在抄网上科普的时候注意一下是否有靠谱来源就好了。王骁和小约翰可汗都曾经犯过一些低级错误，也从侧面说明他们的资料肯定不全是看著作得来的，大概率就是查百度翻车了的（并不是说这样不好，相反，这才是正常人获取非学术性知识科普的途径，没有人是碰到一个感兴趣的话题就去啃几个月大部头外语著作的，快速获取…,https://www.zhihu.com/question/521163320/answer/2919330433
秋叶PPT,综合知识/泛科普,66022,2,2,0,1,0,1,啊，先推荐这一波~ 喜欢我的小伙伴记得 关注 @秋叶PPT ，不定期送上优质的职场技能干货,https://www.zhihu.com/question/265883810/answer/976098338
小Lin说,财经/商业,65746,33,10,23,10,7,16,一个是小lin的剪辑团队在“降本增效”，可能是他们认为现在的程度已经够了不需要提升预算到更高水平了。,https://www.zhihu.com/question/537496812/answer/1907966309989356230
毛茸茸的星球,综合知识/泛科普,65464,3,3,0,2,0,1,10.毛茸茸的星球 毛茸茸的星球 感谢知友 @柒子白qwq 的安利~ 这是一位动物科普类up，画风独特又可爱！ 内容也很棒，有趣还能涨姿势，真的是墙裂推荐！ 快去看呀看呀看呀，错过要后悔哦~~,https://www.zhihu.com/question/291506148/answer/884690034
键客行,综合知识/泛科普,64657,2,2,0,1,0,1,8.键客行 键客行 这位up也是干货科普类的~也是评论区的小伙伴推荐的，而且还不止一位推荐哈哈~ 视频内容也很涨姿势哦~ 就是up很久没更新了，嗯，一年没更新。也许忘记账号密码了……但原有的也够看一阵子啦嘻嘻~~,https://www.zhihu.com/question/291506148/answer/884690034
五金少女,科普/自然科学,61688,2,2,0,0,2,0,4.五金少女 一个非常有实力的UP主。 她会教你怎么用最少的钱打造出最好看，舒适的家！非常适合在校学生和租房子的小伙伴们！ 看完她的视频，我觉得我精心搞的小卧室就是个小垃圾。 二、读书学习,https://www.zhihu.com/question/265883810/answer/976227155
一数,数学/物理,60670,27,10,17,7,1,19,高中数学-高一-高二-高三【高考数学专题复习】-【高考数学一轮复习】-【基础篇+提高篇】-【高中数学必修专题复习】-【高中数学选修专题复习】-高一数学-高二数学_哔哩哔哩 (゜-゜)つロ 干杯~-bilibili,https://www.zhihu.com/question/376032562/answer/1055161846
HAI000,综合知识/泛科普,60091,1,1,0,0,0,1,欢迎大家关注我的知乎号 @HAI000 ，浏览主页，还可以获取更多高效神器哦~,https://www.zhihu.com/question/35569842/answer/782949366
PPT狂想曲,综合知识/泛科普,60091,1,1,0,1,0,0,7、PPT狂想曲 没错，自己捧自己！ 本人这个账号专注分享软件和PPT知识干货。 磁盘分区、解压神器、高效工具、超好用的视频播放器……每个视频都很用心。 这样夸自己好像还有些害羞~,https://www.zhihu.com/question/35569842/answer/782949366
万能,综合知识/泛科普,60091,1,1,0,1,0,0,二、万能UP主 安利一些我自己常看的up主，打开B站先看看他们更新没！ 1、李永乐老师 一个非常有趣的物理up主。 他讲的课程，都会用一个有趣的问题作为引子，然后讲解一下原理规律，比如：,https://www.zhihu.com/question/35569842/answer/782949366
交通事故video,综合知识/泛科普,60091,1,1,0,0,0,1,5、交通事故video 一个用真实案例让你学习道路安全知识的up主。 每天上传最新的车祸实例，帮你提高安全意识。up主收集全国各地交通事故素材，剪辑成短视频合集。弹幕上会显示事故发生原因，责任又是因为谁。,https://www.zhihu.com/question/35569842/answer/782949366
官方排行榜,综合知识/泛科普,60091,1,1,0,1,0,0,3、官方排行榜 每日热榜，最新动态都在这里了！ 与知乎热榜、微博热榜类似，B站也有自己的「每日热榜」： 里面有很多分类，与首页保持一致。 而我比较喜欢科技类的视频，就可以打开科技榜单：,https://www.zhihu.com/question/35569842/answer/782949366
我在故宫给修文物,综合知识/泛科普,60091,1,1,0,0,0,1,3、我在故宫给修文物 一部拍摄故宫稀世文物修复故事的大型纪录片。 这部纪录片，用年轻的视角，到我们走进古老的世界。文物医生们，展现了他们顶级的文物“复活”技术！ 文中所有的B站UP主的链接，我都为你整合到一个 导航栏 里啦：,https://www.zhihu.com/question/35569842/answer/782949366
智能路障,综合知识/泛科普,57526,3,2,1,3,0,0,4.智能路障 智能路障 这个up蛮有趣的，讲的有点杂，有关游戏代抽啦、行为经济学啥的都有讲。 内容也有干货，但不是齁干齁干那种，配上他的口音，挺有趣的。（我这个人感兴趣的东西比较多比较杂，在我看来能让我长长见识的也算干货哈 ^_^）,https://www.zhihu.com/question/291506148/answer/884690034
才疏学浅的才浅,综合知识/泛科普,57436,2,2,0,2,0,0,7.才疏学浅的才浅 才疏学浅的才浅 感谢知友 @YuikuLa 的推荐~ 天呐真是位大佬！！这位up是手工制作类的~ 我看了up制作魔刀千刃那一期，好强的！最终效果真的是出乎意料！ 完成效果,https://www.zhihu.com/question/291506148/answer/884690034
英语,综合知识/泛科普,54400,5,5,0,4,1,0,英语UP主： 07. FanfaniShare 一个偏重教大家英语口语的UP主。 她在美国高校教英文， TESOL 硕士全 A 毕业，超级优秀。 在国内教过雅思口语和新概念课程，水平与母语相当。看她的视频可以练习纯正的英式口语、雅思写作、单词记忆等。,https://www.zhihu.com/question/65864525/answer/1253409860
周六野Zoey,综合知识/泛科普,54237,3,3,0,2,0,1,12.周六野Zoey 一个健身UP主，身材超好。 瘦小腿，小蛮腰，马甲线……每期必看！讲解的非常详细，每个动作都很到位！ 10个学习视频推荐： 一、日语学习,https://www.zhihu.com/question/265883810/answer/976227155
学发音规则,综合知识/泛科普,52469,1,1,0,1,0,0,学发音规则 —— 《（美式英语的连读及音调）跟着瑞秋(Rachel) 学口语》 学音标 —— 《【Rachel 美式英语之国际音标/因素】共10集全》 史上最全韩语教程（韩语） 想学韩语的小伙伴值得关注的UP主，在B站上发布了很多免费的初级韩语课程、发音课程。,https://www.zhihu.com/question/265883810/answer/976098338
学音标,综合知识/泛科普,52469,1,1,0,1,0,0,学音标 —— 《【Rachel 美式英语之国际音标/因素】共10集全》 史上最全韩语教程（韩语） 想学韩语的小伙伴值得关注的UP主，在B站上发布了很多免费的初级韩语课程、发音课程。 适合没有任何韩语基础的小伙伴入门学习使用。,https://www.zhihu.com/question/265883810/answer/976098338
对付考试,数学/物理,52469,1,1,0,0,0,1,对付考试： 宋浩老师官方 B站视频播放量达500万的高数老师。 不管是线代、概率论，还是微积分，都能深入浅出地讲解，很多同学只在考前听了宋老师讲课，期末也能90+,https://www.zhihu.com/question/265883810/answer/976098338
开拓眼界,科普/自然科学,52469,1,1,0,0,0,1,开拓眼界： 表象的本质 视频题材非常全面的科普up主：火星系列、走近天文学、哈珀望远镜、黑洞、物理化学科普、太空探索……非常适合热爱科学知识的小伙伴。 妈咪说MommyTalk,https://www.zhihu.com/question/265883810/answer/976098338
视频题材非常全面的科普,科普/自然科学,52469,1,1,0,0,1,0,视频题材非常全面的科普up主：火星系列、走近天文学、哈珀望远镜、黑洞、物理化学科普、太空探索……非常适合热爱科学知识的小伙伴。 妈咪说MommyTalk 一开始，我以为这是一个母婴UP主，看到评论区有知友推荐后，去B站搜了一下，人家明明是一本正经地在做科普视频好么！！发布视频以科普物理知识为主，比如： 热水和冷水哪个先结冰？,https://www.zhihu.com/question/265883810/answer/976098338
Akiyama,综合知识/泛科普,51104,1,1,0,1,0,0,感谢知友 @Akiyama 的推荐~,https://www.zhihu.com/question/291506148/answer/884690034
YuikuLa,综合知识/泛科普,51104,1,1,0,1,0,0,感谢知友 @YuikuLa 的推荐~,https://www.zhihu.com/question/291506148/answer/884690034
夏知非Song,综合知识/泛科普,51104,1,1,0,0,1,0,5.夏知非Song 夏知非Song 这是一位教围棋的up~ 最近对围棋感兴趣，在B站找了好多教学都不太如意，这个up就超合我心意！ 声音巨好听~巨~~好听！ 教学内容循序渐进，每节课都会有实战演示环节，会分别按正确方式和错误方式演示一遍。,https://www.zhihu.com/question/291506148/answer/884690034
柒子白qwq,综合知识/泛科普,51104,1,1,0,1,0,0,感谢知友 @柒子白qwq 的安利~,https://www.zhihu.com/question/291506148/answer/884690034
楚格山里人滑雪,综合知识/泛科普,51104,1,1,0,0,0,1,6.楚格山里人滑雪 楚格山里人滑雪 这是一位教滑雪的up~单双板教学都有哦~~ 教程都是一步一步慢慢来的，up特别有耐心，复杂点的地方会仔仔细细、掰碎了揉开了讲几遍。 不过up有些点讲的没有特别到位。 之前我也在知乎找过滑雪教程，找到一个文字版的教程。那份就特别详细，做动作时的要点讲解的很清楚，比如后刃推坡的时候如果有速度就要注意前刃不要放下去，很容易摔倒，但是没配视频就没那么直观。,https://www.zhihu.com/question/291506148/answer/884690034
看之前我还以为是,综合知识/泛科普,51104,1,1,0,0,0,1,看之前我还以为是：给门禁卡换上滴胶外壳的美化改造向视频呢，对不起，是我格局小了…… 大家感兴趣的话也可以看看我在其它问题下的回答哟~~ 哪些网站帮你打开了新世界的大门？ 有哪些「童言无忌」让你啼笑皆非？ 有哪些小技能是可以通过闲暇时间学到的？ 有哪些 APP 的小细节会让你觉得很有意思？,https://www.zhihu.com/question/291506148/answer/884690034
秋山黛西,综合知识/泛科普,51104,1,1,0,1,0,0,9.秋山黛西 秋山黛西 感谢知友 @Akiyama 的推荐~ 这位up应该是一位户外生存爱好者，视频内容是BC科普（大概就是户外生存技能……吧）的，还有相关的工具介绍。 讲工具的时候，up会按斧、刀、锯等分类介绍；还有教做木勺、斧脖套的教程。画质也很棒，感兴趣的小伙伴可以去看看~,https://www.zhihu.com/question/291506148/answer/884690034
FanfaniShare,数学/物理,49735,4,4,0,2,1,1,07. FanfaniShare 一个偏重教大家英语口语的UP主。 她在美国高校教英文， TESOL 硕士全 A 毕业，超级优秀。 在国内教过雅思口语和新概念课程，水平与母语相当。看她的视频可以练习纯正的英式口语、雅思写作、单词记忆等。,https://www.zhihu.com/question/65864525/answer/1253409860
老番茄,综合知识/泛科普,48304,4,4,0,3,0,1,8、老番茄 复旦之花，B站686万粉丝的大up主，故事王的冠军，人帅身材好，还有女朋友，多才多艺。。。。。。唯一就是作为游戏区up主，打游戏有点菜。 9、刘老师说电影 大家好，我就是知识嗷嗷丰富，嗓音贼拉炫酷，光一个背影往那一矗，就能吸引粉丝无数的刘老师。,https://www.zhihu.com/question/291506148/answer/865870707
万兴喵影2022,计算机/编程,47340,1,1,0,0,1,0,万兴喵影2022-电脑视频剪辑软件/pc端(支持Windows&Mac) 三，神仙阿婆主 初学者可以参考学习这些大大们，其实最快入门的就是模仿+自我重塑。 （注意：我不是叫大家去抄袭啊！！！） （1）青厌君,https://www.zhihu.com/question/22457234/answer/776523609
Thomas Frank Thomas,科普/自然科学,47049,1,1,0,0,0,1,11、Thomas Frank Thomas Frank是效率达人，日常分享关于时间管理、学习方法方面的经验。遗憾的是，B站没有完整的搬运。 YouTube链接： https://www. youtube.com/channel/UCG -KntY7aVnIGXYEBQvmBAQ,https://www.zhihu.com/question/20396961/answer/683102014
相信大家也有这样的体会,语言/英语,47049,1,1,0,1,0,0,相信大家也有这样的体会： B站好东西不少，就是比较乱，不好找 。 今天想给大家分享一些高质量英语学习资源。 我将从 听力、词汇、音标、语法、口语、有趣的英语频道 六个方面分别推荐。 01 听力 1、美国外教Shane口语听力课,https://www.zhihu.com/question/20396961/answer/683102014
小码王在线少儿编程,综合知识/泛科普,46964,1,1,0,0,0,1,2. 关注我@小码王在线少儿编程 ，让我们成为长期关系,https://www.zhihu.com/question/292372507/answer/779852972
点赞,综合知识/泛科普,46964,1,1,0,0,0,1,1. 点赞 ，让更多的人也能看到这篇内容（ 收藏不点赞，都是耍流氓 -_- ） 2. 关注我@小码王在线少儿编程 ，让我们成为长期关系 我是小码王在线，专注分享孩子成长干货，构建孩子面向未来的思维方式。,https://www.zhihu.com/question/292372507/answer/779852972
Kevin英语情报局,综合知识/泛科普,46962,5,5,0,4,0,1,2、Kevin英语情报局 Up主有很多外国朋友，拍的视频很有意思，主要分享一些中西文化生活差异的搞笑视频，也会分享英语学习、旅游生活的Vlog，有些视频字幕都是中英双语，非常用心。可以了解国外文化，学习英文常用口语。,https://www.zhihu.com/question/292372507/answer/798456280
冷知识科普,科普/自然科学,43531,1,1,0,1,0,0,三、冷知识科普 9.巫师财经 一个经济学科普UP主。 虽然视频不多，但是每一个都很精彩。资本战争和资本明星是我最喜欢的栏目。而且，这个UP主声音太好听了吧！（看不到脸，只能听声音） 其实，还有超多优秀的UP主，不一一罗列！,https://www.zhihu.com/question/265883810/answer/976227155
美妆健身,综合知识/泛科普,43531,1,1,0,1,0,0,四、美妆健身 11.机智的党妹 一个被美妆耽误了的相声界UP主。 宝藏女孩，我实在找不到词来夸赞！也是一个非常努力的UP主，为了给大家带来优质内容，报班上课，化妆技术突飞猛进。 刚关注的时候，她的头发还很茂密。现在，她秃了，也强了。,https://www.zhihu.com/question/265883810/answer/976227155
读书学习,科普/自然科学,43531,1,1,0,1,0,0,二、读书学习 5.李永乐老师官方 一个非常有趣的物理up主。 （网友补充：全能up主） 他讲的课程，都会用一个有趣的问题作为引子，然后讲解一下原理规律，比如：,https://www.zhihu.com/question/265883810/answer/976227155
这大概是最好的日语入门教学了吧----五十音学习,科普/自然科学,43531,1,1,0,1,0,0,2. 这大概是最好的日语入门教学了吧----五十音学习 播放量：283.0w 3. 这大概是b站最全的日语初级教学了吧【付资料】 播放量：29.4w 4. 【万门】日语初级基础,https://www.zhihu.com/question/265883810/answer/976227155
野生技术协会,科普/自然科学,43531,1,1,0,1,0,0,2. 野生技术协会 这个栏目，主要介绍一些学习方法和技能，比如各种软件操作教程、软件推荐、搜索方式等： 最后 写这篇回答太不容易了，一不小心就看了几个B站视频，外面天都黑了！ 如果你有哪个喜欢的UP主，也可以给我安利哦！,https://www.zhihu.com/question/265883810/answer/976227155
一般我会去下面两个渠道找资源,综合知识/泛科普,42752,1,1,0,0,0,1,一般我会去下面两个渠道找资源： ❶ B站 - 纪录片栏目 依次点开「放映厅」-「纪录片」，我们就能看到大量的纪录片资源。网页右端也提供了筛选标签，我们可以根据纪录片的风格、出品方（如BBC、央视）、年代进行筛选。另外，我们也可以根据点击「播放数量」筛选出高播放量的片子，既然受欢迎，那质量也不会差到哪里去~,https://www.zhihu.com/question/283049200/answer/813486705
今日更新,综合知识/泛科普,42752,1,1,0,0,0,1,今日更新UP主： 1. 李永乐老师 —— 物理和数学男神 2. 3Blue1Brown —— 为你展示高等数学之美 3. 阿滴英文 —— 来自宝岛台湾的搞笑英语UP主 —— 2019.09.11 更新内容 ——,https://www.zhihu.com/question/283049200/answer/813486705
小灰机哟西,综合知识/泛科普,42752,1,1,0,1,0,0,感谢 @小灰机哟西 的推荐,https://www.zhihu.com/question/283049200/answer/813486705
我靠历史,人文社科/国际政治,42752,1,1,0,1,0,0,3）我靠历史 自称是一个不正经的历史老师，经常给大家普及一些中小学课本里的冷知识，同时也会就校园、社会话题表达自己的观点。总之，是个非常有趣有料的Up主啦~ 4）左手PLUS,https://www.zhihu.com/question/283049200/answer/813486705
李涛老师的PS课,学习/考试,42752,1,1,0,0,0,1,8）李涛老师的PS课 李涛老师曾有两门PS的课程，启发了无数设计师。B站上也有相应的资源。 ① 李涛Photoshop高手之路基础篇 ② [李涛] Photoshop高手之路提高篇 类型2：学习达人,https://www.zhihu.com/question/283049200/answer/813486705
比如下面这3个,综合知识/泛科普,42752,1,1,0,1,0,0,比如下面这3个： 1）哔哩哔哩纪录片 很多人不知道的是，B站目前已经是中国最大的纪录片出品方之一。如果你喜欢看纪录片，那认准官方账号准没错。 比如在「瑰宝艺术」频道，就有当年大热的《我在故宫修文物》 。,https://www.zhihu.com/question/283049200/answer/813486705
温馨提示,综合知识/泛科普,42752,1,1,0,1,0,0,温馨提示： 目前回答里介绍的资源比较多，如果你是在PC端看到的回答，可以直接按快捷键 Ctrl + F ，直接搜索关键词，就能快速定位到你想找的内容。 —— 2020.5.19 —— 这次更新主要是给大家送私家珍藏的，经常有知友在后台问我有没有游戏、动漫、电影方面的B站UP主推荐？,https://www.zhihu.com/question/283049200/answer/813486705
人文历史,历史/军事,40399,1,1,0,1,0,0,三、人文历史 B站里有很多历史、考古、人文相关的视频，作为一名历史爱好者，看着超级过瘾。 【国宝档案】特别节目《考古大发现》共12集（1080P） 共计12集，每一集时长30min。 讲述：悬泉置遗址、南海一号沉船、海昏侯刘贺、洛阳永宁寺塔、大云山汉墓、南京大报恩寺、雷峰塔、三星堆等,https://www.zhihu.com/question/35569842/answer/780301412
比如下面这4个,生物/医学健康,40399,1,1,0,1,0,0,比如下面这4个： 1）哔哩哔哩纪录片 很多人不知道的是，B站目前已经是中国最大的纪录片出品方之一。如果你喜欢看纪录片，那认准官方账号准没错。 比如在「瑰宝艺术」频道，就有当年大热的《我在故宫修文物》 。,https://www.zhihu.com/question/35569842/answer/780301412
语言类学习,综合知识/泛科普,40399,1,1,0,1,0,0,二、语言类学习 赖世雄老师 Coach Shane A路人 B站学习UP主推荐（＞30位）,https://www.zhihu.com/question/35569842/answer/780301412
软件学习,生物/医学健康,40399,1,1,0,1,0,0,一、软件学习 B站是一个学软件操作的圣地，无论是PS、Pr、Ai、AE、C4D，你想学的在这里都能找到合适的教程。 这里推荐几个很棒的Up主。 1） 老秦PPT 说到软件教学，那就不得不提一下老秦本人啦~,https://www.zhihu.com/question/35569842/answer/780301412
物理,数学/物理,37716,2,2,0,1,0,1,物理UP主： 06. 物理系的允文君 复旦大学本科毕业的一个小哥哥。 与一些经验丰富的老师不同，他可以站在学生的角度教你学习物理，知道我们哪里不会，哪里是痛点。 其实我大学不学物理，我问了很多大学修物理的高中同学，他们都知道这个UP主，说是挺牛的.....,https://www.zhihu.com/question/65864525/answer/1253409860
统计学,语言/英语,37572,3,3,0,0,0,3,统计学： https://www. bilibili.com/video/av20 624185/ 学习技能： https://www. bilibili.com/video/av16 785517/ 知识产权： https://www. bilibili.com/video/av54 90679,https://www.zhihu.com/question/265883810/answer/990584633
柴知道,科普/自然科学,35513,12,6,6,5,0,7,3） 「柴知道」,https://www.zhihu.com/question/59989404/answer/1215626047
暂时没想好名字233,人文社科/国际政治,34808,2,2,0,2,0,0,5、暂时没想好名字233 这个Up主的视频不是原创的，但个个优质！ 他的视频都是从Youtube上搬运过来的，主攻学习类视频，包括各个行业的职场生活，内容相当丰富，大部分有中字，可放心食用。 二、技能学习系列,https://www.zhihu.com/question/292372507/answer/794822278
史图馆,历史/军事,34657,5,5,0,4,0,1,听说关注阿绿的小可爱历史成绩会提高233 教育工作者，史图馆创始人,https://www.zhihu.com/question/291506148/answer/921874626
Junn杰俊,综合知识/泛科普,33450,3,3,0,2,0,1,6、Junn杰俊 Up是英语老师，声音很好听，主要分享英语学习经验、学习方法分享，是个正正经经的学习Up。 非英语大佬谈我的大学英语学习丨不要被口音阻挡练习的步伐 干货满满丨如何学习英语语法丨教材推荐,https://www.zhihu.com/question/292372507/answer/798456280
游戏,综合知识/泛科普,33174,2,2,0,1,0,1,五、游戏 11、 老番茄 一个主打自制游戏视频的UP主，B站的NO.1。 复旦金融专业的高材生，8块腹肌的男神，头脑清晰、高度自律..... 他的视频都非常有意思，看一眼就会入坑，入坑再也出不了坑.....魔性搞笑的配音+剧情式的创作，骚话配合电影剪辑手法，让他的游戏视频独树一帜。,https://www.zhihu.com/question/312054931/answer/939728186
物理系的允文君,数学/物理,33084,3,3,0,3,0,0,06. 物理系的允文君 复旦大学本科毕业的一个小哥哥。 与一些经验丰富的老师不同，他可以站在学生的角度教你学习物理，知道我们哪里不会，哪里是痛点。 其实我大学不学物理，我问了很多大学修物理的高中同学，他们都知道这个UP主，说是挺牛的.....,https://www.zhihu.com/question/65864525/answer/1253409860
适用人群,人文社科/国际政治,32668,4,4,0,4,0,0,适用人群：高三复习党 这是一位非常优秀的up主，985硕士学历，十余年一线教龄，还在国际极具影响力的期刊中发表多篇生命科学论文。他 讲课非常新颖，而且抓住了重点 ，有同学表示上课没听懂的部分，看视频学习感觉思路清晰了很多。,https://www.zhihu.com/question/40413111/answer/1300547370
天文学,科普/自然科学,30368,2,2,0,0,0,2,天文学： https://www. bilibili.com/video/av46 85060 生态学： https://www. bilibili.com/video/av52 54400 计算机科学： https://www. bilibili.com/video/av21 376839,https://www.zhihu.com/question/265883810/answer/990584633
生物学,生物/医学健康,30368,2,2,0,0,0,2,生物学： https://www. bilibili.com/video/av21 69964 心理学： https://www. bilibili.com/video/av17 86361 经济学： https://www. bilibili.com/video/av55 25125,https://www.zhihu.com/question/265883810/answer/990584633
nya酱的一生,综合知识/泛科普,29164,2,2,0,2,0,0,11、nya酱的一生 一个认真、搞笑、三观非常正、但不知道应该放在哪个领域的UP主，看她的视频是非常轻松、愉快滴！ 12、美食作家王刚R 没有精致的滤镜、餐具、摆拍，只分享真实的做菜过程、技巧。通俗易懂好学，虽然宽油劝退、刀工劝退，但还是有很多可以上手做一做的菜。,https://www.zhihu.com/question/291506148/answer/865870707
第二个,文学/读书,29116,2,2,0,1,0,1,第二个：学而思网校高中部。这个应该很多人有听说，诗歌、文言、阅读、写作都有！下面推荐的是你们老公（误 【王淏然】寒假语文课合集_哔哩哔哩 (゜-゜)つロ 干杯~-bilibili 数学方面： 作为一个成绩平平的学生，数学对我来说真是让人秃头的科目，不论是高中还是大学，在学校课堂上我经常会有比较多听不懂的，所以经常跑来B站继续学，后面还是懂了挺多，废话少说，开始安利。,https://www.zhihu.com/question/376032562/answer/1055161846
沙盘上的战争,历史/军事,28375,6,6,0,4,0,2,沙盘上的战争 ：用三维地图来推演近现代各经典战例，适于军事及历史爱好者。,https://www.zhihu.com/question/291506148/answer/2810334107
C4D相关,学习/考试,27714,1,1,0,0,0,1,8、C4D相关： 视频设计师老鹰 这位老师也活跃在知乎上 北京TVart 郭术生老师的公司账号 IHDT映速 学过C4D的人或多或少应该会知道的 87timeC4D教室,https://www.zhihu.com/question/28311690/answer/741872101
CG教程资源菌,学习/考试,27714,1,1,0,0,0,1,7、 CG教程资源菌 这个账号分享的视频也比较杂，有PS、AE、C4D、PR等等 8、C4D相关： 视频设计师老鹰 这位老师也活跃在知乎上 北京TVart 郭术生老师的公司账号 IHDT映速 学过C4D的人或多或少应该会知道的,https://www.zhihu.com/question/28311690/answer/741872101
LHG菌不是老黄瓜,学习/考试,27714,1,1,0,1,0,0,3、 LHG菌不是老黄瓜 一个专门分享PS教程的胡建人，口音很好听 4、 教程君 专门分享各种软件的教程，比如C4D的，分享的教程比较杂 5、 星月兮 一个专门做AE教程的男人，不过教程语速有点快 6、 Zixiaoooo 这个UP主分享的AE教程短小精悍，声音也很好听,https://www.zhihu.com/question/28311690/answer/741872101
Zixiaoooo,学习/考试,27714,1,1,0,1,0,0,6、 Zixiaoooo 这个UP主分享的AE教程短小精悍，声音也很好听 7、 CG教程资源菌 这个账号分享的视频也比较杂，有PS、AE、C4D、PR等等 8、C4D相关： 视频设计师老鹰 这位老师也活跃在知乎上 北京TVart 郭术生老师的公司账号,https://www.zhihu.com/question/28311690/answer/741872101
凯玟桑,综合知识/泛科普,27714,1,1,0,1,0,0,1、 凯玟桑 我在B站上关注的第一个UP主，当初是因为看了他的 视频制作教程 《教练我想学》而入坑了B站 2、 doyoudo doyoudo是一个非常棒的网站，而且他们的公司名字也很有爱，叫北京我也爱你们科技有限公司，是不是超可爱？他们在B站上也有自己的账号，分享的大部分视频教程都是免费的，而且老师简直是声优…不信你去试听一下就好。说正经的，他们分享了各种软件的教程，比如PS的、AE的、C4D的等等，简直良心。,https://www.zhihu.com/question/28311690/answer/741872101
彭宏豪,学习/考试,27714,1,1,0,0,0,1,关注我 @彭宏豪 ，获取更多学习干货和软件使用技巧。,https://www.zhihu.com/question/28311690/answer/741872101
教程君,学习/考试,27714,1,1,0,1,0,0,4、 教程君 专门分享各种软件的教程，比如C4D的，分享的教程比较杂 5、 星月兮 一个专门做AE教程的男人，不过教程语速有点快 6、 Zixiaoooo 这个UP主分享的AE教程短小精悍，声音也很好听 7、 CG教程资源菌 这个账号分享的视频也比较杂，有PS、AE、C4D、PR等等,https://www.zhihu.com/question/28311690/answer/741872101
传送门,语言/英语,27605,5,5,0,4,1,0,传送门： 哔哩哔哩 ( ゜- ゜)つロ 乾杯~ Bilibili 推荐理由： 直击国人学习英语的痛点。 如果你们尝试了 死记硬背记单词 、 看美剧 学英语、 用APP 学英语、 找外教学口语 之后， 英语水平还是没有提高？,https://www.zhihu.com/question/292372507/answer/853915682
推荐理由,语言/英语,27605,5,5,0,4,1,0,推荐理由： 直击国人学习英语的痛点。 如果你们尝试了 死记硬背记单词 、 看美剧 学英语、 用APP 学英语、 找外教学口语 之后， 英语水平还是没有提高？ 或者 考试分数高却仍听不懂外国人说啥？,https://www.zhihu.com/question/292372507/answer/853915682
更新,综合知识/泛科普,27588,4,4,0,0,2,2,更新：评论区复读机好多啊，甚至还有解释“这是厂长的胸襟”。 不是，咋还夸上胸襟了？？？ 你们再这样，我真要跟你们开始细掰扯那个优酷时期创意抄袭，diss假喷神给自己涨热度、还在贴吧口出狂言把自己封神的敖厂长了… 真就守护世界上最好的厂长？ 好多人问我老E。,https://www.zhihu.com/question/365100571/answer/966921907
观视频工作室,人文社科/国际政治,27397,9,2,7,3,1,5,4.通过相关推荐，关注观察者网和观视频工作室,https://www.zhihu.com/question/546163254/answer/2859376030
安州牧,历史/军事,26956,15,5,10,6,2,7,安州牧 ：讲解南北朝史给我留下深刻印象，意犹未尽。,https://www.zhihu.com/question/291506148/answer/2810334107
Antarctica,文学/读书,26863,1,1,0,0,0,1,Antarctica: a year on ice 尼泊尔采蜜人 黛安娜震惊世界的七天 最古老的家族企业第一集 世界：日本退休大潮,https://www.zhihu.com/question/292372507/answer/797795820
三人行,地理/地缘,26863,1,1,0,0,0,1,三人行：影响人类行为的神秘力量（韩国） 情欲与谎言：德国人与性（德国） 人体内的旅行 国家地理：猫夫人和700只猫 人生一串-无肉不欢,https://www.zhihu.com/question/292372507/answer/797795820
世界,科普/自然科学,26863,1,1,0,0,0,1,世界：日本退休大潮 全世界最奇异的住宅 地球公民（P1~ P5） 真正的成本 Big cats uncut 01,https://www.zhihu.com/question/292372507/answer/797795820
人生七年,文学/读书,26863,1,1,0,0,0,1,人生七年 ：7岁采访录 茶，一片树叶的故事（cctv）（共六集） 澳大利亚 跨越时空之旅 冰冷恐惧：俄罗斯的同性恋生活 最后，祝大家学习愉快！早日逆袭！以上。,https://www.zhihu.com/question/292372507/answer/797795820
你这个坏怂,文学/读书,26863,1,1,0,0,0,1,你这个坏怂：第一集 交配竞赛 Russia on Four Wheels 01 Russia on Four Wheels 02 俄罗斯艺术 第一集 走出森林 俄罗斯艺术 第二集 革命,https://www.zhihu.com/question/292372507/answer/797795820
冰冷恐惧,文学/读书,26863,1,1,0,0,0,1,冰冷恐惧：俄罗斯的同性恋生活 最后，祝大家学习愉快！早日逆袭！以上。,https://www.zhihu.com/question/292372507/answer/797795820
国家地理,地理/地缘,26863,1,1,0,0,0,1,国家地理：猫夫人和700只猫 人生一串-无肉不欢 人生一串：比夜更黑 人生一串：来点解药 人生一串：牙的抗议,https://www.zhihu.com/question/292372507/answer/797795820
如果是用手机看,语言/英语,26863,1,1,0,1,0,0,2）如果是用手机看： 洗脸刷牙的时候，把视频的声音放出来，当作背景音，让耳朵习惯英文环境。 4，耳冬青TATA 虽然说这个帐号目前已经被禁封了，但是它里面依然有非常非常多很好的视频～ 比如说怦然心动的纯英语字幕版电影，而且它已经帮你切割成了好几个不同的片段，这样你可以每天看一个片段来磨耳朵，锻炼自己英语的听力能力。,https://www.zhihu.com/question/292372507/answer/797795820
如果是用电脑看,文学/读书,26863,1,1,0,1,0,0,1）如果是用电脑看： 假设是中英文字幕均有的视频，那我就拿一张细细的小纸条把中文字幕的部分挡起来，只留下英文字幕。这是一个帮助你建立英文声音信号和文字信号的一个方式，也是一个有趣的练习方法； 2）如果是用手机看：,https://www.zhihu.com/question/292372507/answer/797795820
情欲与谎言,地理/地缘,26863,1,1,0,0,0,1,情欲与谎言：德国人与性（德国） 人体内的旅行 国家地理：猫夫人和700只猫 人生一串-无肉不欢 人生一串：比夜更黑,https://www.zhihu.com/question/292372507/answer/797795820
我个人比较喜欢的方式是,文学/读书,26863,1,1,0,1,0,0,我个人比较喜欢的方式是： 1）如果是用电脑看： 假设是中英文字幕均有的视频，那我就拿一张细细的小纸条把中文字幕的部分挡起来，只留下英文字幕。这是一个帮助你建立英文声音信号和文字信号的一个方式，也是一个有趣的练习方法；,https://www.zhihu.com/question/292372507/answer/797795820
我推荐这个号的原因主要是,文学/读书,26863,1,1,0,1,0,0,我推荐这个号的原因主要是：这里面搬运的很多视频都是有英文字幕的！这一点超级重要！而且这里面的很多视频都还是蛮有意思的，即使不是正儿八经、正襟危坐地坐在那里看， 也是能够有收获的！ 我个人比较喜欢的方式是： 1）如果是用电脑看： 假设是中英文字幕均有的视频，那我就拿一张细细的小纸条把中文字幕的部分挡起来，只留下英文字幕。这是一个帮助你建立英文声音信号和文字信号的一个方式，也是一个有趣的练习方法；,https://www.zhihu.com/question/292372507/answer/797795820
纪录片类,文学/读书,26863,1,1,0,1,0,0,纪录片类： 由于我自己是个纪录片狂热爱好者，所以会没事就找点高清纪录片看看，对的！一定要是高清！不然看的过程简直折磨 …… 以下这些纪录片都是我看过的，很多在B站上面都可以找到～ 我把列表贴出来，大家可以挑自己觉得感兴趣的去B站上面搜一搜哈：,https://www.zhihu.com/question/292372507/answer/797795820
英语类,文学/读书,26863,1,1,0,0,1,0,英语类： 1，Ella教美语 我之所以非常喜欢这个up主，是因为我觉得她特别真诚～然后从她身上真的是可以学到一些实实在在的英语干货的，而不只是看一个穷开心而已～ 她总是一个棋出险招、出奇制胜的人，因为她提出的很多学英语的角度和方法真的和很多主流、但是错误的英语方法完全不一样，而且她自己作为一个英语学得很成功的人，一个英语讲得比中文要好的中国人，我觉得她的经历和提出的方法论都是特别值得借鉴的～,https://www.zhihu.com/question/292372507/answer/797795820
风味人间,文学/读书,26863,1,1,0,0,0,1,风味人间：第一集-山海之间 独龙族最后的纹面女 阿曼达诺克斯的世纪谋杀案 宝莱坞婚礼 第一夫人秘史01,https://www.zhihu.com/question/292372507/answer/797795820
高逼格类,学习/考试,26863,1,1,0,1,0,0,高逼格类： 1，欧丽娟台大公开课 首先要说一下这并不是一个up主的名字，而是一套台湾大学公开课的名字，这套公开课可以说是台湾大学所有公开课当中最出名，也是做得最成功质量最高的了吧～（如果有小伙伴看过其他台湾大学的公开课，觉得有质量特别高的也可以推荐给我！）,https://www.zhihu.com/question/292372507/answer/797795820
宝剑嫂,综合知识/泛科普,25844,3,3,0,1,0,2,20.宝剑嫂 宝剑嫂基本情况： 红血丝 | 肿眼泡 | 黑眼圈 好可爱一女的，湖南妹子，讲着一口塑料普通话，家里养了很多猫，经常放和男友雨哥的狗粮。 微博（205万）：宝剑嫂,https://www.zhihu.com/question/41931111/answer/901497054
英语兔,语言/英语,25685,8,6,2,5,0,3,英语兔 ：英语基础音标方面讲的非常好，对于英语发音帮助很大。,https://www.zhihu.com/question/291506148/answer/2810334107
万物滋养,科普/自然科学,25259,1,1,0,0,0,1,2、《万物滋养 第二季》 （总播放354.7万）共5集； 链接： 番剧_bilibili_哔哩哔哩弹幕视频网 3、《地球脉动》 （总播放258.3万）共11集；,https://www.zhihu.com/question/315958918/answer/757741290
巡逻现场实录2018,综合知识/泛科普,25259,1,1,0,0,0,1,2、《巡逻现场实录2018》 （总播放1202.6万）共12集； 链接： 巡逻现场实录2018 3、《bilibili@黄金眼》 （总播放1054.2万）共23集；,https://www.zhihu.com/question/315958918/answer/757741290
在下小苏,数学/物理,24810,2,2,0,2,0,0,12. 在下小苏 一个教你如何过好大学生活的UP主。 在大学里，学习重要，但是生活更重要。 UP主是一个三观很正，人也很正的温柔小姐姐，感觉她对自己的未来规划的很清晰，拥有着很多大学生没有的理智与清醒。,https://www.zhihu.com/question/65864525/answer/1253409860
Ella教美语,综合知识/泛科普,24415,3,3,0,2,1,0,8、 Ella教美语 一个正经教英语知识的宝藏UP主。 Ella分享的英语知识都非常硬核，比如： 不死记硬背如何掌握12000英文词汇量； 5个英语初学者和学霸都必备的App/工具；,https://www.zhihu.com/question/59989404/answer/1155204053
鱼C-小甲鱼,计算机/编程,24385,3,3,0,3,0,0,6、 鱼C-小甲鱼 一个分享编程知识的UP主。 吸引我的不是炫酷的操作，而是UP主的粤普，感觉特别像《刺客伍六七》里“伍六七”的声音，太有趣了！ 小甲鱼分享的操作也都很容易上手，可以边听边操作，喜欢编程的小伙伴可以试一下呀！,https://www.zhihu.com/question/59989404/answer/1155204053
小片片说大片,综合知识/泛科普,24322,2,2,0,1,1,0,5、 小片片说大片 一个电影解说UP主。 这个UP主解说套路是：开头特定BGM+电影剧情解说+自己的讲解+细节分析。 他的解说都是说出自己想法，可能跟别人不同，但是解说很细致，逻辑很清晰！ 我的入坑视频：《恐怖游轮》。,https://www.zhihu.com/question/312054931/answer/939728186
御史房,历史/军事,24105,3,3,0,2,0,1,1、御史房 中国历史为主，x分钟看懂历史事件、人物遭遇等、 2、键客行,https://www.zhihu.com/question/291506148/answer/921874626
学习与生活经验分享类,数学/物理,22532,1,1,0,1,0,0,学习与生活经验分享类UP主： 10. 小圆脸Paprika 一个推书狂魔，与众不同的小姐姐。 如果你想在大学期间多看书，但又不知该看什么？ 那就跟着圆脸儿小姐姐看就行了，你一定会变得跟她一样有趣~,https://www.zhihu.com/question/65864525/answer/1253409860
小李同学,数学/物理,22532,1,1,0,1,0,0,当然，也欢迎关注我的知乎账号 @小李同学 ，收获更多有趣的知识！,https://www.zhihu.com/question/65864525/answer/1253409860
摄影类,数学/物理,22532,1,1,0,1,0,0,摄影类UP主： 09. 左手plus 不管你是想学拍景，还是拍人，关注这个UP主，都会让你感到惊喜。 如果你给女朋友拍照，却经常遭到嫌弃，不妨跟他学习一下，相信你给女朋友拍出好看照片的时候，她应该会很高兴！,https://www.zhihu.com/question/65864525/answer/1253409860
设计软件类,数学/物理,22532,1,1,0,1,0,0,设计软件类UP主： 04. 旁门左道PPT 一个专注于教PPT设计思维与方法的UP主！ 授人与鱼不如授人与渔，这个UP主不同于那些只教操作的人，他更多的会教我们，制作一张好的幻灯片，整个思路与过程是什么？,https://www.zhihu.com/question/65864525/answer/1253409860
软件学习类UP,数学/物理,22532,1,1,0,0,0,1,软件学习类UP: 1. 旁门左道PPT （ 侧重PPT设计思维与方法 ） 2. oeasy ( 全能软件UP主 ） 英语类UP: 1. FanfaniShare （偏重英语口语）,https://www.zhihu.com/question/65864525/answer/1253409860
高数叔,数学/物理,22532,1,1,0,0,0,1,3. 高数叔 （ 偏重基础 ） 软件学习类UP: 1. 旁门左道PPT （ 侧重PPT设计思维与方法 ） 2. oeasy ( 全能软件UP主 ） 英语类UP:,https://www.zhihu.com/question/65864525/answer/1253409860
高数学科,数学/物理,22532,1,1,0,0,0,1,高数学科UP主： 01. 3Blue1Brown UP主是斯坦福的学霸，他的数学视频，完全是用动画演示呈现给大家的。 本来复杂繁冗的数学公式，经过他巧妙地动画演示，让你立刻打通任督二脉，在数学的路上一去不复返。,https://www.zhihu.com/question/65864525/answer/1253409860
世界神话,语言/英语,22388,2,2,0,0,0,2,世界神话： https://www. bilibili.com/video/av86 94513/ 电影史： https://www. bilibili.com/video/av14 488202/ 世界史第一季： https://www. bilibili.com/video/av38 72453/,https://www.zhihu.com/question/265883810/answer/990584633
心理学,语言/英语,22388,2,2,0,0,0,2,心理学： https://www. bilibili.com/video/av17 86361 经济学： https://www. bilibili.com/video/av55 25125 解剖与生理： https://www. bilibili.com/video/av47 22660,https://www.zhihu.com/question/265883810/answer/990584633
电影史,语言/英语,22388,2,2,0,0,0,2,电影史： https://www. bilibili.com/video/av14 488202/ 世界史第一季： https://www. bilibili.com/video/av38 72453/ 世界史第二季： https://www. bilibili.com/video/av78 06554,https://www.zhihu.com/question/265883810/answer/990584633
经济学,语言/英语,22388,2,2,0,0,0,2,经济学： https://www. bilibili.com/video/av55 25125 解剖与生理： https://www. bilibili.com/video/av47 22660 物理： https://www. bilibili.com/video/av49 721651,https://www.zhihu.com/question/265883810/answer/990584633
英语语法,语言/英语,22388,2,2,0,0,0,2,英语语法： https://www. bilibili.com/video/av45 888202 人体解剖学和生理学 [血液系统]： https://www. bilibili.com/video/av19 577885 人体解剖学和生理学 [循环系统]： https://www. bilibili.com/video/av19 188651,https://www.zhihu.com/question/265883810/answer/990584633
解剖与生理,语言/英语,22388,2,2,0,0,0,2,解剖与生理： https://www. bilibili.com/video/av47 22660 物理： https://www. bilibili.com/video/av49 721651 哲学： https://www. bilibili.com/video/av13 762839/,https://www.zhihu.com/question/265883810/answer/990584633
计算机科学,计算机/编程,22388,2,2,0,0,0,2,计算机科学： https://www. bilibili.com/video/av21 376839 Google机器学习： https://www. bilibili.com/video/av20 229263 创业： https://www. bilibili.com/video/av85 233281,https://www.zhihu.com/question/265883810/answer/990584633
河西走廊,综合知识/泛科普,21705,2,1,1,1,0,1,1、河西走廊 河西走廊 _ 纪录片 _ bilibili _ 哔哩哗哩弹幕视频网 这是一个讲述丝绸之路的黄金段“河西走廊”古今发展史的10集纪录片，可谓是史诗级的大片。 厚重历史感与现时代发展的紧密结合，让一个个河西走廊的精彩故事呈现在我们面前。与其他枯燥的纪录片不同，这部纪录片绝对不会让你觉得无聊。,https://www.zhihu.com/question/291506148/answer/865870707
努力的Lorre,综合知识/泛科普,21704,1,1,0,0,0,1,10、努力的Lorre 漫威、DC入门指南，还解说过权游。如果没看捞姐的解说，我还真认不清权游里的人物。 11、nya酱的一生 一个认真、搞笑、三观非常正、但不知道应该放在哪个领域的UP主，看她的视频是非常轻松、愉快滴！,https://www.zhihu.com/question/291506148/answer/865870707
幼童,综合知识/泛科普,21704,1,1,0,0,0,1,4、《幼童》 一部讲述大清时期留美学生的纪录片。 他们是中国历史上最早的官派留学生，平均年龄只有十二岁。面对未知的大洋彼岸，幼童们以惊人的速度克服了语言障碍，却在回国后被猜忌…… 小故事，大背景。那时候人们在晚清中国生存的故事，充满变数，一切都是未知！,https://www.zhihu.com/question/291506148/answer/865870707
擅长,综合知识/泛科普,21704,1,1,0,1,0,0,擅长：无中生友！借用网友的话：小朋友无所不问，李老师无所不会！ 他讲的课程，都会用一个有趣的问题作为引子，然后讲解一下原理规律，比如： 5、妈咪说MommyTalk 一个超赞的自然科学up主。 正如他所说，科学有时是违反常识的，就像我第一次听网友安利时，以为他是做母婴的。,https://www.zhihu.com/question/291506148/answer/865870707
最后的棒棒,综合知识/泛科普,21704,1,1,0,0,1,0,5、最后的棒棒 我国首部自拍体励志纪实片，导演何苦为了了解重庆的棒棒军，亲身经历了一年。 当你觉得不想工作，觉得很累的时候，就看看这个纪录片吧！ 一部用几百块钱拍的纪录片，豆瓣评分却高达 9.7 ，并且居高不下！影片太真实了，真实到让人窒息。它不给你那些镜花水月的幻象，它给你一场皮开肉绽的、残酷的、荒芜的生活真相。,https://www.zhihu.com/question/291506148/answer/865870707
美国工厂,综合知识/泛科普,21704,1,1,0,0,0,1,3、《美国工厂》 美国前总统奥巴马和他的妻子投资拍摄的一部纪录片，讲述了一位中国企业家在美国投资开厂，为当地贡献了至少6000个工作岗位。 在这部片子里，你可以看到各种文化冲突，有些场景让人啼笑皆非，又引人深思！,https://www.zhihu.com/question/291506148/answer/865870707
唠点历史,历史/军事,21672,6,4,2,5,0,1,唠点历史 ：都是干货，讲的很好。,https://www.zhihu.com/question/291506148/answer/2810334107
日语,语言/英语,21316,2,2,0,1,1,0,二、日语 【50音】 史上最强日语五十音图入门：苏曼老师真的很可爱！各种联想帮你一起记住五十音图，不过要小心老师的口水音哦。传送门： https://www. bilibili.com/video/av24 76362,https://www.zhihu.com/question/265883810/answer/990584633
草说木言,历史/军事,21283,9,4,5,6,2,1,草说木言 ：很专业，唯物史观，内容做的非常好。,https://www.zhihu.com/question/291506148/answer/2810334107
Chubbyemu,生物/医学健康,21104,4,4,0,4,0,0,Chubbyemu ：英语结合有趣的医学案例。 八哥smile ：风格非常有趣。 昂克英文君 ：英语、职场很多技巧和干货。 2. 数学 Frank-FuckPPT ：打破死板教学，数学也可以很简单易懂。,https://www.zhihu.com/question/291506148/answer/2810334107
Free高考英语,生物/医学健康,21104,4,4,0,4,0,0,Free高考英语 ： 新东方 名师的内容，高考英语非常值得看一下。 英语的平行世界 ：学习 基础语法 的同学一定不要错过！ 哈佛雪梨 ：哈佛大学语言教育硕士，原流利说教研负责人。 麻婆地 ：发音很标准，内容很专业。 FanfaniShare ：在美国教英语的中国人，质量不言而喻。,https://www.zhihu.com/question/291506148/answer/2810334107
安森垚,生物/医学健康,21104,4,4,0,2,2,0,安森垚 ：语速非常快，谣言粉碎者，自诩知识贩子，会很多门语言。 钱丢丢- ：笑谈天下惊鬼神，指点江山奇古今。 专心种花兔 ：纸上谈兵区up主，致力于将历史上破碎的帝国在当今重新整合。 草说木言 ：很专业，唯物史观，内容做的非常好。 唠点历史 ：都是干货，讲的很好。,https://www.zhihu.com/question/291506148/answer/2810334107
林林Eileen,生物/医学健康,21104,4,4,0,4,0,0,林林Eileen ：心理/生物/性教育。 杨一呦 ：教育学、社会、心理。 善解童贞2001 ：爱与科学解读孩子的性。 12. 心理 看懂村 ：更加魔性的动画和陪音 让一知半解的知识变得有趣。,https://www.zhihu.com/question/291506148/answer/2810334107
敖厂长,综合知识/泛科普,19885,2,2,0,1,0,1,1、敖厂长 如果你缺乏灵感甚至没有灵感，那好，敖厂长可以借你，学习别人的优秀思维脑洞，耳濡目染总归会有收获，赶紧看看去~嘿赤黑赤 2、幻想浅绿,https://www.zhihu.com/question/291506148/answer/921874626
大佬甜er,综合知识/泛科普,19512,2,2,0,0,0,2,9.大佬甜er 甜er的基本情况： 痘痘肌 |瑕疵皮 | 泪沟 | 黑眼圈 化完妆仿佛磨了一层皮，出了很多干货美妆技巧，尤其是遮瑕系列一定要看。如果你是化妆新手，那么大佬甜er的视频，千万不要错过。,https://www.zhihu.com/question/41931111/answer/901497054
小猪姐姐zzreal,综合知识/泛科普,19512,2,2,0,1,0,1,5.小猪姐姐zzreal 小猪姐姐基本情况： 痘肌 | 白皮 | 闭口 | 瑕疵皮恢复 经常看美妆视频的话，一定认识小猪姐姐！妥妥的技术流！ 有很日常的妆容也有仙到炸的精灵妆，也有令人叹服的仿妆。话说，千玺弟弟的仿妆，四面八方响起了我的野猪叫。,https://www.zhihu.com/question/41931111/answer/901497054
帅你一脸毛蛋,综合知识/泛科普,19512,2,2,0,1,0,1,13.帅你一脸毛蛋 毛蛋基本情况： 黑黄皮 首先恭喜毛蛋喜当妈，小宝宝还不到一个月。 最近几期，我看到她有发布孕妈妈好物推荐、月子中心攻略等视频，如果你已经是一个准妈妈了，可以关注参考她的视频。,https://www.zhihu.com/question/41931111/answer/901497054
多说几句,综合知识/泛科普,19221,1,1,0,0,0,1,多说几句： 1、以色列和巴勒斯坦都不讲英语，这样来看英语和汉语资料都是二手资料，为什么英语资料要更“高级”？ 一来英文资料里，有太多其他民族和国家的人用英语写的一手资料，从作者名字就能分辨出七七八八，比如找有关中国的英文资料，从作者名字你很容易分辨出是外国人还是华人，甚至华人作者你也能分出是不是港台或者建国前移民国外的华人。二来对于大部分非英语文化领域的政治历史知识，你以为英语汉语都是二手资料，实际上即使英语资料是二手资料，那么汉语资…,https://www.zhihu.com/question/521163320/answer/2919330433
第一部分,综合知识/泛科普,19221,1,1,0,0,0,1,第一部分：冲突前的犹太人和阿拉伯人：现代犹太复国主义和阿拉伯民族主义的一致起源 1 犹太历史与现代政治犹太复国主义的出现 2 阿拉伯历史与阿拉伯世界民族主义的起源 第二部分：1948年冲突的出现和历史 3 冲突初现,https://www.zhihu.com/question/521163320/answer/2919330433
第三部分,综合知识/泛科普,19221,1,1,0,0,0,1,第三部分：冲突的常规化，1948 年至 1967 年 5 1948年后的巴勒斯坦灾难与基本问题 6 1967年 6 月之前的以色列和阿拉伯国家 第四部分：巴勒斯坦维度重现：从六月战争到戴维营 7 战后外交与巴勒斯坦抵抗运动的兴起,https://www.zhihu.com/question/521163320/answer/2919330433
第二部分,综合知识/泛科普,19221,1,1,0,0,0,1,第二部分：1948年冲突的出现和历史 3 冲突初现 4 托管巴勒斯坦的双重社会 第三部分：冲突的常规化，1948 年至 1967 年 5 1948年后的巴勒斯坦灾难与基本问题,https://www.zhihu.com/question/521163320/answer/2919330433
第五部分,综合知识/泛科普,19221,1,1,0,0,0,1,第五部分：僵局的高昂代价：80 年代的对抗和徒劳的外交 9 80 年代初期的暴力对抗 10 20 世纪 80 年代中期的徒劳外交 第六部分：打破僵局的努力：从起义到奥斯陆和平进程 11 起义及以后,https://www.zhihu.com/question/521163320/answer/2919330433
第六部分,综合知识/泛科普,19221,1,1,0,0,1,0,第六部分：打破僵局的努力：从起义到奥斯陆和平进程 11 起义及以后 12 奥斯陆和平进程 结语：后奥斯陆时期 好了，看完目录你基本上对这个话题已经有了非常清晰的大纲和框架了，如果只是自己想了解，剩下的就交给维基百科和百度百科解决就好了；如果是要做科普，只需要在抄网上科普的时候注意一下是否有靠谱来源就好了。王骁和小约翰可汗都曾经犯过一些低级错误，也从侧面说明他们的资料肯定不全是看著作得来的，大概率就是查百度翻车了的（并不是说这样不好，相…,https://www.zhihu.com/question/521163320/answer/2919330433
第四部分,综合知识/泛科普,19221,1,1,0,0,0,1,第四部分：巴勒斯坦维度重现：从六月战争到戴维营 7 战后外交与巴勒斯坦抵抗运动的兴起 8 1970年代的以色列、巴勒斯坦人和被占领土 第五部分：僵局的高昂代价：80 年代的对抗和徒劳的外交 9 80 年代初期的暴力对抗,https://www.zhihu.com/question/521163320/answer/2919330433
结语,综合知识/泛科普,19221,1,1,0,0,1,0,结语：后奥斯陆时期 好了，看完目录你基本上对这个话题已经有了非常清晰的大纲和框架了，如果只是自己想了解，剩下的就交给维基百科和百度百科解决就好了；如果是要做科普，只需要在抄网上科普的时候注意一下是否有靠谱来源就好了。王骁和小约翰可汗都曾经犯过一些低级错误，也从侧面说明他们的资料肯定不全是看著作得来的，大概率就是查百度翻车了的（并不是说这样不好，相反，这才是正常人获取非学术性知识科普的途径，没有人是碰到一个感兴趣的话题就去啃几个月大部头…,https://www.zhihu.com/question/521163320/answer/2919330433
顺子Chloe,语言/英语,18929,2,2,0,0,0,2,9、顺子Chloe 17岁学霸Up，15岁雅思8.0，马上要出国读大学了，视频主要分享学习的经验方法~ 我是如何做到15岁国内雅思首考总分8.0的？（内含绝密笔记和分享） 10、是你们的康康 Up是香港中文大学的在读研究生，关于英语学习、学生生活方面会有很多分享，和学生生活息息相关非常实用~,https://www.zhihu.com/question/292372507/answer/798456280
感慨部分,财经/商业,18920,2,2,0,1,0,1,感慨部分： 【对中国的未来抱有前所未有的乐观情绪】、【每个人都觉得自己能在这个巨大人口基数中挖到金子】、【投行就如同躺在铁轨边上，听见中国经济呼啸而过】、【投行生涯就是一个被高度浓缩的中国现代经济发展史，我仿佛坐在第一排的位置上看了一场前所未有的大戏】、【用了很短时间走了别人很长的路，但也要保持谦卑以求寸进】,https://www.zhihu.com/question/374040704/answer/1044706638
经历部分,财经/商业,18920,2,2,0,0,1,1,经历部分： 【入职第三天瑞信就来挖人】、【上市的企业半年内就被人收购】、【写过MEMO的收信人后来进了监狱】、【有项目失败后CEO出家信佛的】、【因为三分钱的定价和老板吵起来】、【企业不甘心但最后上了新三板】、【曾被老板骂的体无完肤】、【其他国家基金经理没有来过中国，但掐指一算就把身家性命押在中国上】、【工作48小时睡5个小时再工作48小时】,https://www.zhihu.com/question/374040704/answer/1044706638
强推,语言/英语,18884,2,1,1,2,0,0,强推：跟着老友记学口语，TED精讲，经济学人精讲，韩刚笔译。 收藏不等于会了。 收藏不等于会了。 收藏不等于会了。 收藏是点赞的四倍，同学们，,https://www.zhihu.com/question/292372507/answer/810075567
老蒋巨靠谱,人文社科/国际政治,18853,10,1,9,8,0,2,关于他自己对恰饭的观点，可以参考他和B站另一位up主老蒋的对线。,https://www.zhihu.com/question/374641978/answer/1205390181
TenGuSan,艺术/审美,18766,3,3,0,1,0,2,11. TenGuSan 自称「b站最不像摄影博主的博主」 本科学的好像是艺术，还有一些vlog和时尚类的视频。他的摄影理念我比较认可，视频风格也做得好独特噢！ 12. 林海音Haiyin,https://www.zhihu.com/question/312241261/answer/1066491001
价值观,综合知识/泛科普,18682,1,1,0,1,0,0,价值观：都是劝解普通人就应该好好努力赚钱，别想着投机取巧，基本上动歪脑筋的都很惨。 方法论：分析各类事件，都从相关方的根本利益出发，把每一方的动机和诉求拆解开，让原本复杂的社会游戏规则变成了简单的大白话。 有时候他不是不能硬核，只是不想，或者说没必要。 所以diss他也没啥用，很多东西他就是刻意为之的。不然观众一口一个老婆是怎么叫出来的。,https://www.zhihu.com/question/374641978/answer/1205390181
具体点说,财经/商业,18682,1,1,0,1,0,0,具体点说： 想要学会 投资股票、基金 等金融产品其实门槛很高，要真的做到入门都不是一件容易的事情， 时间成本、资本基础、学习能力、心理素质、信息渠道 等等方面都不能有短板。想要把这么多方面都做好其实真的是个大工程，而就算做好了，后面是否成功也得看机遇。,https://www.zhihu.com/question/374641978/answer/1205390181
方法论,综合知识/泛科普,18682,1,1,0,1,0,0,方法论：分析各类事件，都从相关方的根本利益出发，把每一方的动机和诉求拆解开，让原本复杂的社会游戏规则变成了简单的大白话。 有时候他不是不能硬核，只是不想，或者说没必要。 所以diss他也没啥用，很多东西他就是刻意为之的。不然观众一口一个老婆是怎么叫出来的。 巫师财经“硬核”吧，个把月憋出个视频还在网上被人扒的很惨，而且新视频热度已经下来了。不了解巫师的可以参考一下我的这篇回答,https://www.zhihu.com/question/374641978/answer/1205390181
复旦沈逸,人文社科/国际政治,18473,7,3,4,2,0,5,同理罗翔和沈逸，即便都有过一些争议，但他们给b站带来的新东西总体是正面的。,https://www.zhihu.com/question/438840235/answer/1672260299
日常学习,学习/考试,18157,1,1,0,1,0,0,一、日常学习UP主 1、李永乐老师官方 一个逗比有趣的物理up主。 （网友补充：全能up主） 他讲的课程，都会用一个有趣的问题作为引子，然后讲解一下原理规律，比如：,https://www.zhihu.com/question/292372507/answer/794822278
补充一个独特,综合知识/泛科普,18157,1,1,0,0,0,1,补充一个独特的UP主： 交通事故video 一个用真实案例让你学习道路安全知识的up主。 每天上传最新的车祸实例，让你学习交通安全法则。up主收集全国各地交通事故素材，剪辑成短视频合集。弹幕上会显示事故发生原因，责任又是因为谁。,https://www.zhihu.com/question/292372507/answer/794822278
噬元兽影视,综合知识/泛科普,17990,1,1,0,0,0,1,3、 噬元兽影视 电视解说UP主。 说实话，我就是馋两位小姐姐的身子哈哈哈！ 老王和老崔“科科科科科”般的笑声一直萦绕在我的耳旁。 两位小姐姐的电视吐槽，简直就是说出了我的心声~关键是还特别押韵,https://www.zhihu.com/question/312054931/answer/939728186
我来更新啦,综合知识/泛科普,17990,1,1,0,1,0,0,我来更新啦----------------------------------------------------- 在结尾处新更了5个宝藏UP主，分别是科普UP妈咪说mommytalk和巫师财经、鬼畜UP非桥段、电影解说噬元兽影视和小片片说大片。在结尾可以看到哦~ 这11个UP主必须拥有姓名！越看越来劲，越看越上头！,https://www.zhihu.com/question/312054931/answer/939728186
电视剧名场面,综合知识/泛科普,17990,1,1,0,1,0,0,电视剧名场面：你那叫喜欢吗，你就是馋她的身子...... 4、 非桥段 这位鬼畜UP主，真的是最让我震惊的一个，赞一句先生大才，他也是当得了的。 有康熙说唱王朝，大秦合集，大宋合集，甚至和共青团中央进行合作创作了止战之殇。 不同于其他鬼畜的反复重复，他的视频质量非常高。,https://www.zhihu.com/question/312054931/answer/939728186
美妆,综合知识/泛科普,17990,1,1,0,1,0,0,四、美妆 10、 机智的党妹 一个美妆UP主。 是一个很有趣的UP主，冲着她的换头术去的，没想到被她的单口相声迷住了~~ 而且她还很全能，形体、主持、声乐、舞蹈....无所不能！,https://www.zhihu.com/question/312054931/answer/939728186
非桥段,综合知识/泛科普,17990,1,1,0,0,0,1,4、 非桥段 这位鬼畜UP主，真的是最让我震惊的一个，赞一句先生大才，他也是当得了的。 有康熙说唱王朝，大秦合集，大宋合集，甚至和共青团中央进行合作创作了止战之殇。 不同于其他鬼畜的反复重复，他的视频质量非常高。,https://www.zhihu.com/question/312054931/answer/939728186
薛定饿了么,数学/物理,17807,4,3,1,3,0,1,4） 「薛定饿了么」 这两个up主用大量的脑洞视频和奇趣创意，涉及了众多学科领域的方方面面。视频都很简短，一般控制在5分钟以内，地铁上，吃饭时，随时随地都可以看。 再枯燥臃肿的知识，也在这两个up主的视频里，灵活地跳起舞来了。,https://www.zhihu.com/question/59989404/answer/1215626047
回到2049,综合知识/泛科普,17756,3,3,0,1,0,2,5） 「回到2049」 视频涵盖了生命、宇宙、病毒、化学、人类等多个科技和社科主题，内容优质良心，大家不要错过。 6） 「狼爸爸的工作室」 任何关于钱的问题就找他！不管是大到火车票该不该涨价、疫情后的全球经济，还是小到炒鞋的经济学、如何看懂B站的股票走势，都可以来这里找找答案。 还有那个自称“业界知名的恰饭天王、品牌老鸨、甲方克星、市场噩梦、预算黑洞、金币镰刀、品宣马桶搋、PR收割机”的硬核男人： 「半佛仙人」 。,https://www.zhihu.com/question/59989404/answer/1215626047
思维实验室,历史/军事,17732,4,3,1,0,0,4,10.思维实验室 讲各种知识，比如安史之乱，人类进化等等我觉得特别细致且有道理 11.九点画画 教手残党画画，比如我哈哈哈 12.StarkZ,https://www.zhihu.com/question/292372507/answer/491646875
oooooohmygosh,历史/军事,17732,3,3,0,3,0,0,35.oooooohmygosh 好奇心解决家！ 36.芳斯塔芙 即 鬼谷说 讲各种史前生物进化史，超有趣！一点也不枯燥 ………………………恶魔妈妈买面膜,https://www.zhihu.com/question/292372507/answer/491646875
Sus十四十四,综合知识/泛科普,17234,1,1,0,1,0,0,19. Sus十四十四 十四基本情况： 干皮 | 硬核干货 视频教程很良心，通俗易懂。测评图做的也很精致，就像在看杂志。 微博（107万）：Sus十四十四,https://www.zhihu.com/question/41931111/answer/901497054
Vivekatt,综合知识/泛科普,17234,1,1,0,1,0,0,4.Vivekatt vv基本情况： 肿眼泡 单眼皮、敏感肌 日抛脸的典型代表，单眼皮小眼睛整容级博主。非常适合肿眼泡、单眼皮的妹纸去看，眼睛瞬间增大10008倍，额……太夸张了，那就8倍好了！ 微博（111万）：Vivekatt,https://www.zhihu.com/question/41931111/answer/901497054
Ya咸咸,综合知识/泛科普,17234,1,1,0,0,0,1,18.Ya咸咸 咸咸基本情况： 欧美妆 | 大骨架 欧美妆博主，很有辨识度的长相，高产技术流博主。 微博（18.9万）：Ya咸咸,https://www.zhihu.com/question/41931111/answer/901497054
vv基本情况,综合知识/泛科普,17234,1,1,0,1,0,0,vv基本情况： 肿眼泡 单眼皮、敏感肌 日抛脸的典型代表，单眼皮小眼睛整容级博主。非常适合肿眼泡、单眼皮的妹纸去看，眼睛瞬间增大10008倍，额……太夸张了，那就8倍好了！ 微博（111万）：Vivekatt,https://www.zhihu.com/question/41931111/answer/901497054
一同基本情况,综合知识/泛科普,17234,1,1,0,1,0,0,一同基本情况： 闭口 | 瑕疵皮 “我觉得化妆是让你自己出门的时候，觉得是自己最舒服的状态。” “她的好看不是来源于肤色，她的好看是她本来就是好看的人类。” 路一同不是高产美妆博主，但一定是让我感到最舒适，对我来讲很有魅力的博主。,https://www.zhihu.com/question/41931111/answer/901497054
丽人基本情况,综合知识/泛科普,17234,1,1,0,1,0,0,丽人基本情况： 内双 | 肿眼泡 时尚都市丽人小酒栗，超可爱的重庆妹子，会教很多技巧干货，技能也越来越优秀，新手推荐关注。美妆博主不少，但是有趣的灵魂可不多~ 微博（26.1万）：小酒栗Joly,https://www.zhihu.com/question/41931111/answer/901497054
仇仇qiuqiu,综合知识/泛科普,17234,1,1,0,0,0,1,6.仇仇qiuqiu 仇仇基本情况： 干皮 | 人中长 仇仇素颜也很漂亮，有日常妆，也出了很多仿妆，同样技术流。声音很有磁性，化比较仙儿的妆容，一开口我会出戏（扑哧笑）。 微博（551万）：仇仇-qiuqiu,https://www.zhihu.com/question/41931111/answer/901497054
仇仇基本情况,综合知识/泛科普,17234,1,1,0,0,0,1,仇仇基本情况： 干皮 | 人中长 仇仇素颜也很漂亮，有日常妆，也出了很多仿妆，同样技术流。声音很有磁性，化比较仙儿的妆容，一开口我会出戏（扑哧笑）。 微博（551万）：仇仇-qiuqiu,https://www.zhihu.com/question/41931111/answer/901497054
党妹基本情况,综合知识/泛科普,17234,1,1,0,0,0,1,党妹基本情况： 基本无瑕疵 | 宅男宅女偶像 有哪位还不知道党妹的嘛？她用实力证明：努力的人真的会发光。 早起美妆视频因为技术而被吐槽，花了天价学费去学习化妆。后面也有去学主持、学声乐、学舞蹈，个人很欣赏她这种持续不断学习精进的态度。,https://www.zhihu.com/question/41931111/answer/901497054
前进的Hania,综合知识/泛科普,17234,1,1,0,0,0,1,1.前进的Hania 呵呵 2.栗子没有小蛮腰啦 栗子基本情况： 瑕疵皮 |肌肤泛红| 大饼脸,https://www.zhihu.com/question/41931111/answer/901497054
十四基本情况,综合知识/泛科普,17234,1,1,0,1,0,0,十四基本情况： 干皮 | 硬核干货 视频教程很良心，通俗易懂。测评图做的也很精致，就像在看杂志。 微博（107万）：Sus十四十四,https://www.zhihu.com/question/41931111/answer/901497054
咸咸基本情况,综合知识/泛科普,17234,1,1,0,0,0,1,咸咸基本情况： 欧美妆 | 大骨架 欧美妆博主，很有辨识度的长相，高产技术流博主。 微博（18.9万）：Ya咸咸,https://www.zhihu.com/question/41931111/answer/901497054
大脸怪哪里跑,综合知识/泛科普,17234,1,1,0,1,0,0,16.大脸怪哪里跑 脸脸基本情况： 内双 | 下巴短 | 中庭长 | 长脸 妥妥的技术流，良心教技巧的博主。经常会发分析明星妆容的图片教程，对于不同需求的小盆友都很有借鉴意义。 微博（43万）：大脸怪哪里跑,https://www.zhihu.com/question/41931111/answer/901497054
大雨基本情况,综合知识/泛科普,17234,1,1,0,1,0,0,大雨基本情况： 脸颊泛红 | 毛孔粗大 | 微胖 大雨走乡村名媛路线，经常被她逗逼到。 同是河南人，从她刚开始第一条视频火起来就开始关注，见证了她从216斤减到136斤。 她的妆容都比较日常，推荐的产品也都偏平价，很适合新手或者学生党看。,https://www.zhihu.com/question/41931111/answer/901497054
孤鹜猕桃,综合知识/泛科普,17234,1,1,0,1,0,0,12.孤鹜猕桃 视频基本情况： 简单 | 高级 | 质感 我这个月月初发现的宝藏up主。 模特出镜，妆容干净且高级，剪辑配色都很有自己的风格。,https://www.zhihu.com/question/41931111/answer/901497054
宝剑嫂基本情况,综合知识/泛科普,17234,1,1,0,1,0,0,宝剑嫂基本情况： 红血丝 | 肿眼泡 | 黑眼圈 好可爱一女的，湖南妹子，讲着一口塑料普通话，家里养了很多猫，经常放和男友雨哥的狗粮。 微博（205万）：宝剑嫂,https://www.zhihu.com/question/41931111/answer/901497054
小猪姐姐基本情况,综合知识/泛科普,17234,1,1,0,0,0,1,小猪姐姐基本情况： 痘肌 | 白皮 | 闭口 | 瑕疵皮恢复 经常看美妆视频的话，一定认识小猪姐姐！妥妥的技术流！ 有很日常的妆容也有仙到炸的精灵妆，也有令人叹服的仿妆。话说，千玺弟弟的仿妆，四面八方响起了我的野猪叫。,https://www.zhihu.com/question/41931111/answer/901497054
小王基本情况,综合知识/泛科普,17234,1,1,0,1,0,0,小王基本情况： 痘痘肌（现在皮肤状态不错） 博主的妆面都比较清透，睫毛夹得很不错，素颜也很美，很气质温油的一个小姐姐。 微博（14.4万）：永困王,https://www.zhihu.com/question/41931111/answer/901497054
小酒栗Joly,综合知识/泛科普,17234,1,1,0,1,0,0,10.小酒栗Joly 丽人基本情况： 内双 | 肿眼泡 时尚都市丽人小酒栗，超可爱的重庆妹子，会教很多技巧干货，技能也越来越优秀，新手推荐关注。美妆博主不少，但是有趣的灵魂可不多~ 微博（26.1万）：小酒栗Joly,https://www.zhihu.com/question/41931111/answer/901497054
想养狗的狗老师,综合知识/泛科普,17234,1,1,0,0,0,1,14.想养狗的狗老师 狗老师基本情况： 无瑕疵 |五官小巧 用一句话形容狗老师，古灵精怪的美人儿。 五官小巧精致，也是我很爱的颜，很合大家眼缘的长相。,https://www.zhihu.com/question/41931111/answer/901497054
月亮基本情况,综合知识/泛科普,17234,1,1,0,0,0,1,月亮基本情况： 黄2.5白 | 冬季混干夏季混油 眼妆配色与创意都很棒的博主，适合玩妆。 微博（2万）：月亮小姐ww,https://www.zhihu.com/question/41931111/answer/901497054
月亮小姐ww,综合知识/泛科普,17234,1,1,0,0,0,1,17.月亮小姐ww 月亮基本情况： 黄2.5白 | 冬季混干夏季混油 眼妆配色与创意都很棒的博主，适合玩妆。 微博（2万）：月亮小姐ww,https://www.zhihu.com/question/41931111/answer/901497054
栗子基本情况,综合知识/泛科普,17234,1,1,0,1,0,0,栗子基本情况： 瑕疵皮 |肌肤泛红| 大饼脸 栗子性格很好，语言风格很有其特色。 第一次看她的视频，是十元的仿妆，惊呼也太像了吧！ 博主生病用了激素药，所以胖了不少，一直在减肥，所以她也会分享瘦身经验以及微胖女孩穿搭，很适合肉肉的女孩子学习。,https://www.zhihu.com/question/41931111/answer/901497054
栗子没有小蛮腰啦,综合知识/泛科普,17234,1,1,0,1,0,0,2.栗子没有小蛮腰啦 栗子基本情况： 瑕疵皮 |肌肤泛红| 大饼脸 栗子性格很好，语言风格很有其特色。 第一次看她的视频，是十元的仿妆，惊呼也太像了吧！,https://www.zhihu.com/question/41931111/answer/901497054
歪嘴的罐儿,综合知识/泛科普,17234,1,1,0,1,0,0,8.歪嘴的罐儿 罐子基本情况： 混油皮 | 痘痘肌 罐子的风格偏欧美风，眼妆很出色，喜欢创意欧美妆的一定要关注，配色和修容创意都让人很惊艳，偶尔也会分享辣妹穿搭。 微博（16万）：罐罐子_,https://www.zhihu.com/question/41931111/answer/901497054
毛蛋基本情况,综合知识/泛科普,17234,1,1,0,1,0,0,毛蛋基本情况： 黑黄皮 首先恭喜毛蛋喜当妈，小宝宝还不到一个月。 最近几期，我看到她有发布孕妈妈好物推荐、月子中心攻略等视频，如果你已经是一个准妈妈了，可以关注参考她的视频。 微博（357万）：帅你一脸毛蛋,https://www.zhihu.com/question/41931111/answer/901497054
永困王,综合知识/泛科普,17234,1,1,0,1,0,0,15.永困王 小王基本情况： 痘痘肌（现在皮肤状态不错） 博主的妆面都比较清透，睫毛夹得很不错，素颜也很美，很气质温油的一个小姐姐。 微博（14.4万）：永困王,https://www.zhihu.com/question/41931111/answer/901497054
狗老师基本情况,综合知识/泛科普,17234,1,1,0,0,0,1,狗老师基本情况： 无瑕疵 |五官小巧 用一句话形容狗老师，古灵精怪的美人儿。 五官小巧精致，也是我很爱的颜，很合大家眼缘的长相。 虽然现在粉丝不多，但是我有预感，一定会火起来的？！,https://www.zhihu.com/question/41931111/answer/901497054
甜er的基本情况,综合知识/泛科普,17234,1,1,0,1,0,0,甜er的基本情况： 痘痘肌 |瑕疵皮 | 泪沟 | 黑眼圈 化完妆仿佛磨了一层皮，出了很多干货美妆技巧，尤其是遮瑕系列一定要看。如果你是化妆新手，那么大佬甜er的视频，千万不要错过。 太喜欢最近新出的这个灵动小雀斑妆，舔颜。,https://www.zhihu.com/question/41931111/answer/901497054
罐子基本情况,综合知识/泛科普,17234,1,1,0,1,0,0,罐子基本情况： 混油皮 | 痘痘肌 罐子的风格偏欧美风，眼妆很出色，喜欢创意欧美妆的一定要关注，配色和修容创意都让人很惊艳，偶尔也会分享辣妹穿搭。 微博（16万）：罐罐子_,https://www.zhihu.com/question/41931111/answer/901497054
脸脸基本情况,综合知识/泛科普,17234,1,1,0,1,0,0,脸脸基本情况： 内双 | 下巴短 | 中庭长 | 长脸 妥妥的技术流，良心教技巧的博主。经常会发分析明星妆容的图片教程，对于不同需求的小盆友都很有借鉴意义。 微博（43万）：大脸怪哪里跑,https://www.zhihu.com/question/41931111/answer/901497054
萌大雨YUYU,综合知识/泛科普,17234,1,1,0,0,0,1,7.萌大雨YUYU 大雨基本情况： 脸颊泛红 | 毛孔粗大 | 微胖 大雨走乡村名媛路线，经常被她逗逼到。 同是河南人，从她刚开始第一条视频火起来就开始关注，见证了她从216斤减到136斤。,https://www.zhihu.com/question/41931111/answer/901497054
视频基本情况,综合知识/泛科普,17234,1,1,0,1,0,0,视频基本情况： 简单 | 高级 | 质感 我这个月月初发现的宝藏up主。 模特出镜，妆容干净且高级，剪辑配色都很有自己的风格。 博主的号很年轻，b站从今年九月中旬开始更新，现在已经八千粉了。,https://www.zhihu.com/question/41931111/answer/901497054
路一同,综合知识/泛科普,17234,1,1,0,1,0,0,11.路一同 一同基本情况： 闭口 | 瑕疵皮 “我觉得化妆是让你自己出门的时候，觉得是自己最舒服的状态。” “她的好看不是来源于肤色，她的好看是她本来就是好看的人类。”,https://www.zhihu.com/question/41931111/answer/901497054
所长林超,综合知识/泛科普,16884,3,3,0,3,0,0,所长林超 ：up主结合时事分析当前世界发展态势，逻辑清晰，思路明确。 方猫boom ：很多东西都是我们身边经常接触到的。 杜滑滑 ：有很多好看的纪录片，IMAX、Netflix、探索频道、CCTV等。 纪录片之家字幕组 ：很多纪录片资源哦，且个人感觉这些纪录片还蛮小众的，精致的美。,https://www.zhihu.com/question/291506148/answer/2810334107
尚硅谷,计算机/编程,16770,6,4,2,2,0,4,尚硅谷,https://www.zhihu.com/question/352485583/answer/1237689063
睡前消息,人文社科/国际政治,16758,6,2,4,0,0,6,9.迫切寻求解决办法，发现看睡前消息可以缓解焦虑，开始关注马督工账号,https://www.zhihu.com/question/546163254/answer/2859376030
音乐,综合知识/泛科普,16684,3,3,0,3,0,0,6. 音乐 硬核麻将 ：讲解很厉害的操作，深入混音，告别野鸡教程 音樂家的無聊人生 ：分享很多动听音乐。 蝙蝠音乐 ：midi音乐制作与效果器方面的使用，还有很多编曲软件的教学，同时还有很多国外熟肉视频。,https://www.zhihu.com/question/291506148/answer/2810334107
0826更新,语言/英语,16651,1,1,0,0,0,1,0826更新：点赞破k了~~谢谢大家的支持！部分Up主的ID有误已经更改，感谢指正！ @守望 @没长大的男人 不过收藏是点赞的4倍，你们真的有去学习嘛？？从现在开始行动，比放在收藏夹吃灰要更有意义！,https://www.zhihu.com/question/292372507/answer/798456280
English Tube,语言/英语,16651,1,1,0,0,0,1,2、English Tube 有非常多练习英语听力、发音的课程合集，以及 239集TED演讲高清合集 ，非常齐全。 如果你是英语零基础或者家里有小孩也不用担心， 趣味少儿英语高清合集 、 144集英文动画童话故事高清合集 不要错过！,https://www.zhihu.com/question/292372507/answer/798456280
Erin是松果妈妈,语言/英语,16651,1,1,0,0,0,1,8、Erin是松果妈妈 刚来B站没多久的Up，关于英语的口语练习、听力练习、托福备考都有分享，视频几乎全英文也可以帮助练习听力~ 托福114分小姐姐手把手教你练听力口语 9、顺子Chloe 17岁学霸Up，15岁雅思8.0，马上要出国读大学了，视频主要分享学习的经验方法~,https://www.zhihu.com/question/292372507/answer/798456280
Jachoy,语言/英语,16651,1,1,0,0,0,1,9、Jachoy 搬运外网上的一些学习方法、学习Vlog、学习习惯等，会有中文字幕。还有 【陪你学习】 系列，就是播放静心学习的背景音乐，如果在学习的时候打开，会有一种不是一个人在学习的感觉。 主页链接： Jachoy,https://www.zhihu.com/question/292372507/answer/798456280
LJ读书笔记,语言/英语,16651,1,1,0,0,0,1,8、LJ读书笔记 Up上传了很多英语学习的合集，包括口语、词汇、 经济学人精讲 、TED精选合集等，还有 笔译二三级真题及冲刺 。 主页链接： LJ读书笔记 9、Jachoy 搬运外网上的一些学习方法、学习Vlog、学习习惯等，会有中文字幕。还有 【陪你学习】 系列，就是播放静心学习的背景音乐，如果在学习的时候打开，会有一种不是一个人在学习的感觉。,https://www.zhihu.com/question/292372507/answer/798456280
一起暴击口语,语言/英语,16651,1,1,0,0,0,1,1、一起暴击口语 这里有超级全的发音教程合集： BBC经典发音教程 、 赖世雄美语音标 、 Paul大爷美语发音教程 ……害怕发音不标准？这么多视频跟着读就对了！ 2、English Tube 有非常多练习英语听力、发音的课程合集，以及 239集TED演讲高清合集 ，非常齐全。,https://www.zhihu.com/question/292372507/answer/798456280
守望,语言/英语,16651,1,1,0,0,0,1,0826更新：点赞破k了~~谢谢大家的支持！部分Up主的ID有误已经更改，感谢指正！ @守望 @没长大的男人 不过收藏是点赞的4倍，你们真的有去学习嘛？？从现在开始行动，比放在收藏夹吃灰要更有意义！,https://www.zhihu.com/question/292372507/answer/798456280
小谷健身,语言/英语,16651,1,1,0,0,0,1,10、小谷健身 Up主搬运了很多国外健身教练的视频，如果你想要健（jian）身(fei），可以一边运动一边练听力，不过没有中文字幕。 主页链接： 小谷健身 最后，大家也可以关注我的外刊专栏，每天看篇外刊学点英文~,https://www.zhihu.com/question/292372507/answer/798456280
庄七,语言/英语,16651,1,1,0,1,0,0,5、庄七 Up上传了非常多的公开课合集，不仅限于英语学习。包括 教你读英文原著 、 看电影学英语 、 英语怎么增加词汇量 、 高效笔记术 、 时间管理法则 …… 6、暂时没想好名字233 Up主要从YouTube上搬运学习Vlog、手账、文具、子弹笔记、房间改造等等视频，有很多Mariana小姐姐的视频，有的英文视频Up自己还加了中文字幕，方便食用。,https://www.zhihu.com/question/292372507/answer/798456280
没长大的男人,语言/英语,16651,1,1,0,0,0,1,0826更新：点赞破k了~~谢谢大家的支持！部分Up主的ID有误已经更改，感谢指正！ @守望 @没长大的男人 不过收藏是点赞的4倍，你们真的有去学习嘛？？从现在开始行动，比放在收藏夹吃灰要更有意义！,https://www.zhihu.com/question/292372507/answer/798456280
红茶不要柠檬,语言/英语,16651,1,1,0,0,0,1,4、红茶不要柠檬 分享的资料可以练习听力，包括 听力合集 、 托福听力模考 以及 英文故事 。 主页链接： 红茶不要柠檬 5、庄七 Up上传了非常多的公开课合集，不仅限于英语学习。包括 教你读英文原著 、 看电影学英语 、 英语怎么增加词汇量 、 高效笔记术 、 时间管理法则 ……,https://www.zhihu.com/question/292372507/answer/798456280
英国小克里,语言/英语,16651,1,1,0,1,0,0,3、英国小克里 Up是英国人，剑桥大学中文系毕业，中文说的超级好，如果对英国腔感兴趣可以关注。除了发音，Up还会对我们在英文学习中常用的，但是用错的单词或表达进行讲解，非常实用。 关于either和neither如何区分 ？,https://www.zhihu.com/question/292372507/answer/798456280
英国普罗派乐卫视,语言/英语,16651,1,1,0,0,0,1,3、英国普罗派乐卫视 英文的演讲、明星的访谈、节目的片段、学习的方法……闲的无聊或者想要放松一下，就来看看。 主页链接： 英国普罗派乐卫视 4、红茶不要柠檬 分享的资料可以练习听力，包括 听力合集 、 托福听力模考 以及 英文故事 。,https://www.zhihu.com/question/292372507/answer/798456280
英语小救星,语言/英语,16651,1,1,0,0,0,1,5、英语小救星 Up会从美剧中选择一句台词，先慢速领读一遍再正常语速读一遍，分析句子的语言现象重读弱读连读等，更新频率很高，如果跟着学口语会提升很快。 如何提高英语口语的语速？ 6、Junn杰俊,https://www.zhihu.com/question/292372507/answer/798456280
雅思屠鸭哥,语言/英语,16651,1,1,0,0,0,1,7、雅思屠鸭哥 主要分享的是雅思备考干货，雅思口语、阅读、写作，如果你要考雅思会很有帮助~ 主页链接： 雅思屠鸭哥 8、LJ读书笔记 Up上传了很多英语学习的合集，包括口语、词汇、 经济学人精讲 、TED精选合集等，还有 笔译二三级真题及冲刺 。,https://www.zhihu.com/question/292372507/answer/798456280
Thomas看看世界,艺术/审美,16428,2,2,0,1,0,1,托马斯最早应该是在知乎上火的吧 @Thomas看看世界 2019国家地理摄影大赛全球冠军,https://www.zhihu.com/question/312241261/answer/1066491001
上文已经提到过老番茄的两个特征,综合知识/泛科普,15851,1,1,0,1,0,0,上文已经提到过老番茄的两个特征： 有趣、优秀。 然后我们再来审视下B站的定位： 以ACG文化为主，面向广大年轻群体的青年文化平台。 而老番茄的视频类型，即游戏视频，精准踩中ACG中的“ G （game） 点 ”，并且以高质量的口碑俘获了多数游戏区用户的胃口。,https://www.zhihu.com/question/30866080/answer/814011801
1995年,综合知识/泛科普,15418,1,1,0,0,0,1,1995年 - 11月14日 他降临在了这个冷漠的世界 2014年 - 11月30日 - 中午12:00前 他在绝望中发了25条微博后 “被迫”选择了自杀,https://www.zhihu.com/question/60609552/answer/1005455600
2014年,综合知识/泛科普,15418,1,1,0,0,0,1,2014年 - 11月30日 - 中午12:00前 他在绝望中发了25条微博后 “被迫”选择了自杀 B站up主: Neuuuuu 死于「在人间的恶魔」,https://www.zhihu.com/question/60609552/answer/1005455600
144集英文动画童话故事,语言/英语,15184,1,1,0,1,0,0,144集英文动画童话故事： https://www. bilibili.com/video/av46 525094 【单词】 英语词根词缀讲解全集：每集时长几分钟，实用易懂，上手快还好坚持。传送门： https://www. bilibili.com/video/av51 475076 【语法】,https://www.zhihu.com/question/265883810/answer/990584633
Astronomy,语言/英语,15184,1,1,0,0,0,1,Astronomy： https://www. bilibili.com/video/av54 715092 World Mythology： https://www. bilibili.com/video/av86 94513 Engineering： https://www. bilibili.com/video/av54 722755,https://www.zhihu.com/question/265883810/answer/990584633
Engineering,语言/英语,15184,1,1,0,1,0,0,Engineering： https://www. bilibili.com/video/av54 722755 Crash Course Government and Politics ： https://www. bilibili.com/video/av62 06346 搬运翻译up主推荐：,https://www.zhihu.com/question/265883810/answer/990584633
Google机器学习,计算机/编程,15184,1,1,0,0,0,1,Google机器学习： https://www. bilibili.com/video/av20 229263 创业： https://www. bilibili.com/video/av85 233281,https://www.zhihu.com/question/265883810/answer/990584633
Proko光影和明暗的基础教程,语言/英语,15184,1,1,0,1,0,0,Proko光影和明暗的基础教程： https://www. bilibili.com/video/av96 49812 其他绘画类高质量教程： 【素描课】徐磊 | 25p ： https://www. bilibili.com/video/av36 244606/ 【素描绘画教程】3D-Maker | 31p： https://www. bilibili.com/video/av25 066654/,https://www.zhihu.com/question/265883810/answer/990584633
Proko更全,语言/英语,15184,1,1,0,1,0,0,推荐给想要系统学习绘画的朋友，讲解非常细致有趣。视频节奏很好，笑点很及时，制作很精美。唯一的缺点是B站视频不太全，微博@Proko更全，能科学养鹅当然最全hhh。,https://www.zhihu.com/question/265883810/answer/990584633
Proko给新手的基础解剖课,语言/英语,15184,1,1,0,0,0,1,Proko给新手的基础解剖课： https://www. bilibili.com/video/av31 111830 Proko免费系列- 头像五官画法： https://www. bilibili.com/video/av45 940470 Proko光影和明暗的基础教程： https://www. bilibili.com/video/av96 49812,https://www.zhihu.com/question/265883810/answer/990584633
Series级数,语言/英语,15184,1,1,0,0,0,1,Series级数： https://www. bilibili.com/video/av52 731458 傅里叶级数： https://www. bilibili.com/video/av21 781353 欧洲史： https://www. bilibili.com/video/av62 231124,https://www.zhihu.com/question/265883810/answer/990584633
World Mythology,语言/英语,15184,1,1,0,0,0,1,World Mythology： https://www. bilibili.com/video/av86 94513 Engineering： https://www. bilibili.com/video/av54 722755 Crash Course Government and Politics ： https://www. bilibili.com/video/av62 06346,https://www.zhihu.com/question/265883810/answer/990584633
proko如何画手,语言/英语,15184,1,1,0,0,0,1,proko如何画手： https://www. bilibili.com/video/av28 986641 Proko给新手的基础解剖课： https://www. bilibili.com/video/av31 111830 Proko免费系列- 头像五官画法： https://www. bilibili.com/video/av45 940470,https://www.zhihu.com/question/265883810/answer/990584633
rio老师,语言/英语,15184,1,1,0,0,0,1,@rio老师 ：长难句讲解~,https://www.zhihu.com/question/265883810/answer/990584633
不可能的存在之真,文学/读书,15184,1,1,0,0,0,1,【不可能的存在之真：拉康哲学映像】张一兵： https://www. bilibili.com/video/av69 71448/ 【中国古典哲学名著选读 】秦平： https://www. bilibili.com/video/av11 580308/ 【中国古典哲学名著选读】杜小安： https://www. bilibili.com/video/av11 579994/,https://www.zhihu.com/question/265883810/answer/990584633
世界史第一季,语言/英语,15184,1,1,0,0,0,1,世界史第一季： https://www. bilibili.com/video/av38 72453/ 世界史第二季： https://www. bilibili.com/video/av78 06554 数字信息指南： https://www. bilibili.com/video/av60 558759,https://www.zhihu.com/question/265883810/answer/990584633
世界史第二季,历史/军事,15184,1,1,0,0,0,1,世界史第二季： https://www. bilibili.com/video/av78 06554 数字信息指南： https://www. bilibili.com/video/av60 558759 大历史（两季）： https://www. bilibili.com/video/av62 623825/,https://www.zhihu.com/question/265883810/answer/990584633
丝绸之路,文学/读书,15184,1,1,0,0,0,1,【丝绸之路：旧史今时】葛剑雄 | 复旦大学 | 6p： https://www. bilibili.com/video/av78 69440 【宗教改革史】朱孝远 | 北京大学 | 52p： https://www. bilibili.com/video/av11 065130/ 【欧洲文艺复兴】朱孝远 | 北京大学 | 106p： https://www. bilibili.com/video/av68 084565,https://www.zhihu.com/question/265883810/answer/990584633
传播学,语言/英语,15184,1,1,0,0,0,1,传播学： https://www. bilibili.com/video/av32 177692/ 统计学： https://www. bilibili.com/video/av20 624185/ 学习技能： https://www. bilibili.com/video/av16 785517/,https://www.zhihu.com/question/265883810/answer/990584633
傅里叶级数,艺术/审美,15184,1,1,0,0,0,1,傅里叶级数： https://www. bilibili.com/video/av21 781353 欧洲史： https://www. bilibili.com/video/av62 231124 艺术史： https://www. bilibili.com/video/av46 632023,https://www.zhihu.com/question/265883810/answer/990584633
其他绘画类高质量教程,语言/英语,15184,1,1,0,1,0,0,其他绘画类高质量教程： 【素描课】徐磊 | 25p ： https://www. bilibili.com/video/av36 244606/ 【素描绘画教程】3D-Maker | 31p： https://www. bilibili.com/video/av25 066654/,https://www.zhihu.com/question/265883810/answer/990584633
几何学,语言/英语,15184,1,1,0,0,0,1,几何学： https://www. bilibili.com/video/av14 188001 宏观经济学： https://www. bilibili.com/video/av16 248918 微观经济学： https://www. bilibili.com/video/av44 381662,https://www.zhihu.com/question/265883810/answer/990584633
创业,语言/英语,15184,1,1,0,0,0,1,创业： https://www. bilibili.com/video/av85 233281,https://www.zhihu.com/question/265883810/answer/990584633
史上最容易听懂的PS入门基础教程,语言/英语,15184,1,1,0,0,0,1,史上最容易听懂的PS入门基础教程： https://www. bilibili.com/video/av45 48006/ CINEMA 4D快速入门教程（全20集）： https://www. bilibili.com/video/av49 80447/ 旁门左道 | PPT YJango | 学习技巧,https://www.zhihu.com/question/265883810/answer/990584633
史上最强日语五十音图入门,语言/英语,15184,1,1,0,0,1,0,史上最强日语五十音图入门：苏曼老师真的很可爱！各种联想帮你一起记住五十音图，不过要小心老师的口水音哦。传送门： https://www. bilibili.com/video/av24 76362 【语法】 0到N1+ 安宁老师 日语语法新思维 全本朗读，传送门： https://www. bilibili.com/video/av52 354062 【综合】 新编中日交流标准日本语初级(50集）： https://www. bili…,https://www.zhihu.com/question/265883810/answer/990584633
叶子老师新标日,语言/英语,15184,1,1,0,1,0,0,叶子老师新标日： https://www. bilibili.com/video/av30 60477 up主推荐： @菇哒日语频 ：自学日语可以关注一下，还会教你唱歌呢hhh 技能类 proko | 绘画,https://www.zhihu.com/question/265883810/answer/990584633
周传基讲电影,语言/英语,15184,1,1,0,0,0,1,【周传基讲电影】： https://www. bilibili.com/video/av28 871321 【影片赏析】戴锦华： https://www. bilibili.com/video/av46 20005 【电影史话】马·卡曾斯： https://www. bilibili.com/bangumi/me dia/md25452,https://www.zhihu.com/question/265883810/answer/990584633
哲学,语言/英语,15184,1,1,0,0,0,1,哲学： https://www. bilibili.com/video/av13 762839/ 游戏： https://www. bilibili.com/video/av20 656596 传播学： https://www. bilibili.com/video/av32 177692/,https://www.zhihu.com/question/265883810/answer/990584633
四六级词汇,语言/英语,15184,1,1,0,1,0,0,四六级词汇： https://www. bilibili.com/video/av73 034589 四六级语法和长难句： https://www. bilibili.com/video/av73 245975 up主推荐： @Real麦克老师 ：跟着外国小哥学英语！看他的视频会知道外国人是怎么学英语哒~,https://www.zhihu.com/question/265883810/answer/990584633
四六级语法和长难句,语言/英语,15184,1,1,0,1,0,0,四六级语法和长难句： https://www. bilibili.com/video/av73 245975 up主推荐： @Real麦克老师 ：跟着外国小哥学英语！看他的视频会知道外国人是怎么学英语哒~ @A路人 ：非常鬼畜的英语up主，推荐他的「洋屁教室 | 让英语做你的舔狗」来学习语法！老大赛高！,https://www.zhihu.com/question/265883810/answer/990584633
基础代数,语言/英语,15184,1,1,0,0,0,1,基础代数： https://www. bilibili.com/video/av68 500141/ AP微积分AB/BC： https://www. bilibili.com/video/av54 443746 Series级数： https://www. bilibili.com/video/av52 731458,https://www.zhihu.com/question/265883810/answer/990584633
基础化学,生物/医学健康,15184,1,1,0,0,0,1,基础化学： https://www. bilibili.com/video/av62 150339 生物学： https://www. bilibili.com/video/av62 143939 物理学-上： https://www. bilibili.com/video/av61 843201,https://www.zhihu.com/question/265883810/answer/990584633
学习技能,语言/英语,15184,1,1,0,0,0,1,学习技能： https://www. bilibili.com/video/av16 785517/ 知识产权： https://www. bilibili.com/video/av54 90679 世界神话： https://www. bilibili.com/video/av86 94513/,https://www.zhihu.com/question/265883810/answer/990584633
宏观经济学,语言/英语,15184,1,1,0,0,0,1,宏观经济学： https://www. bilibili.com/video/av16 248918 微观经济学： https://www. bilibili.com/video/av44 381662 统计学： https://www. bilibili.com/video/av16 250706,https://www.zhihu.com/question/265883810/answer/990584633
密码学,语言/英语,15184,1,1,0,0,0,1,密码学： https://www. bilibili.com/video/av86 5564 英语语法： https://www. bilibili.com/video/av45 888202 人体解剖学和生理学 [血液系统]： https://www. bilibili.com/video/av19 577885,https://www.zhihu.com/question/265883810/answer/990584633
带字幕传送门,数学/物理,15184,1,1,0,0,0,1,带字幕传送门： 线性代数： https://www. bilibili.com/video/av39 837804 微积分预备： https://www. bilibili.com/video/av14 223492,https://www.zhihu.com/question/265883810/answer/990584633
带字幕合集传送门,生物/医学健康,15184,1,1,0,0,0,1,带字幕合集传送门： 生物学： https://www. bilibili.com/video/av21 69964 心理学： https://www. bilibili.com/video/av17 86361,https://www.zhihu.com/question/265883810/answer/990584633
微积分,语言/英语,15184,1,1,0,0,0,1,微积分： https://www. bilibili.com/video/av12 887175 基础代数： https://www. bilibili.com/video/av68 500141/ AP微积分AB/BC： https://www. bilibili.com/video/av54 443746,https://www.zhihu.com/question/265883810/answer/990584633
微积分预备,语言/英语,15184,1,1,0,0,0,1,微积分预备： https://www. bilibili.com/video/av14 223492 微积分： https://www. bilibili.com/video/av12 887175 基础代数： https://www. bilibili.com/video/av68 500141/,https://www.zhihu.com/question/265883810/answer/990584633
微观经济学,财经/商业,15184,1,1,0,0,0,1,微观经济学： https://www. bilibili.com/video/av44 381662 统计学： https://www. bilibili.com/video/av16 250706 金融学-1： https://www. bilibili.com/video/av22 282748,https://www.zhihu.com/question/265883810/answer/990584633
悖论,哲学,15184,1,1,0,0,0,1,【悖论：思维的魔方】陈波 | 北京大学 | 82p ： https://www. bilibili.com/video/av94 19912/ 【维特根斯坦的哲学观】韩临合 北京大学 | 3p： https://www. bilibili.com/video/av43 218252 【新伦理学】王海明 | 北京大学 | 87p： https://www. bilibili.com/video/av11 086154/,https://www.zhihu.com/question/265883810/answer/990584633
技能类,语言/英语,15184,1,1,0,1,0,0,技能类：绘画/后期/ppt/学习技巧等up主推荐。 综合类 一、十分钟速成课 出自Crash Course，首发YouTube，包含心理学、解剖与生理、历史、知识产权、经济学、物理、哲学、影视鉴赏等系列。 单个视频时长均在10分钟左右，系列视频总数在20~40不等。视频节奏非常好，语速偏快，适合下饭时间 入门了解 。,https://www.zhihu.com/question/265883810/answer/990584633
数字信息指南,语言/英语,15184,1,1,0,0,0,1,数字信息指南： https://www. bilibili.com/video/av60 558759 大历史（两季）： https://www. bilibili.com/video/av62 623825/ 科学史： https://www. bilibili.com/video/av62 623825/,https://www.zhihu.com/question/265883810/answer/990584633
无字幕练听力合集传送门,语言/英语,15184,1,1,0,0,0,1,无字幕练听力合集传送门： Theater and Drama ： https://www. bilibili.com/video/av85 108235 Astronomy： https://www. bilibili.com/video/av54 715092,https://www.zhihu.com/question/265883810/answer/990584633
有机化学,生物/医学健康,15184,1,1,0,0,0,1,有机化学： https://www. bilibili.com/video/av62 155477 基础化学： https://www. bilibili.com/video/av62 150339 生物学： https://www. bilibili.com/video/av62 143939,https://www.zhihu.com/question/265883810/answer/990584633
欧洲史,艺术/审美,15184,1,1,0,0,0,1,欧洲史： https://www. bilibili.com/video/av62 231124 艺术史： https://www. bilibili.com/video/av46 632023 美国史： https://www. bilibili.com/video/av62 237939,https://www.zhihu.com/question/265883810/answer/990584633
物理学-上,语言/英语,15184,1,1,0,0,0,1,物理学-上： https://www. bilibili.com/video/av61 843201 物理学-下： https://www. bilibili.com/video/av61 842299/ 音乐课： https://www. bilibili.com/video/av50 334704,https://www.zhihu.com/question/265883810/answer/990584633
物理学-下,语言/英语,15184,1,1,0,0,0,1,物理学-下： https://www. bilibili.com/video/av61 842299/ 音乐课： https://www. bilibili.com/video/av50 334704 天文学： https://www. bilibili.com/video/av47 665877,https://www.zhihu.com/question/265883810/answer/990584633
生态学,计算机/编程,15184,1,1,0,0,0,1,生态学： https://www. bilibili.com/video/av52 54400 计算机科学： https://www. bilibili.com/video/av21 376839 Google机器学习： https://www. bilibili.com/video/av20 229263,https://www.zhihu.com/question/265883810/answer/990584633
白花恋诗·彩,语言/英语,15184,1,1,0,0,0,1,@白花恋诗·彩 ：长期搬运翻译更新十分钟速成课系列视频。,https://www.zhihu.com/question/265883810/answer/990584633
盛世下的忧患,语言/英语,15184,1,1,0,0,0,1,【盛世下的忧患——中西关系视角下的康雍乾盛世】欧阳哲生 | 北京大学 | 3p： https://www. bilibili.com/video/av85 00170/ 【丝绸之路：旧史今时】葛剑雄 | 复旦大学 | 6p： https://www. bilibili.com/video/av78 69440 【宗教改革史】朱孝远 | 北京大学 | 52p： https://www. bilibili.com/video/av11 0…,https://www.zhihu.com/question/265883810/answer/990584633
知识产权,语言/英语,15184,1,1,0,0,0,1,知识产权： https://www. bilibili.com/video/av54 90679 世界神话： https://www. bilibili.com/video/av86 94513/ 电影史： https://www. bilibili.com/video/av14 488202/,https://www.zhihu.com/question/265883810/answer/990584633
科学史,科普/自然科学,15184,1,1,0,0,0,1,科学史： https://www. bilibili.com/video/av62 623825/ 天文学： https://www. bilibili.com/video/av46 85060 生态学： https://www. bilibili.com/video/av52 54400,https://www.zhihu.com/question/265883810/answer/990584633
线性代数,数学/物理,15184,1,1,0,0,0,1,线性代数： https://www. bilibili.com/video/av39 837804 微积分预备： https://www. bilibili.com/video/av14 223492 微积分： https://www. bilibili.com/video/av12 887175,https://www.zhihu.com/question/265883810/answer/990584633
综合类,语言/英语,15184,1,1,0,1,0,0,综合类：各个学科的课程合集以及许多公开课视频。 语言类：英语和日语学习合集，系统课程与技巧均包括。 技能类：绘画/后期/ppt/学习技巧等up主推荐。 综合类 一、十分钟速成课,https://www.zhihu.com/question/265883810/answer/990584633
美国史,语言/英语,15184,1,1,0,0,0,1,美国史： https://www. bilibili.com/video/av62 237939 有机化学： https://www. bilibili.com/video/av62 155477 基础化学： https://www. bilibili.com/video/av62 150339,https://www.zhihu.com/question/265883810/answer/990584633
艺术史,艺术/审美,15184,1,1,0,0,0,1,艺术史： https://www. bilibili.com/video/av46 632023 美国史： https://www. bilibili.com/video/av62 237939 有机化学： https://www. bilibili.com/video/av62 155477,https://www.zhihu.com/question/265883810/answer/990584633
英语词根词缀讲解全集,语言/英语,15184,1,1,0,1,0,0,英语词根词缀讲解全集：每集时长几分钟，实用易懂，上手快还好坚持。传送门： https://www. bilibili.com/video/av51 475076 【语法】 崔荣容主讲POCKET英语语法-50课：B站语法类视频播放量最高，评论区课代表帮你总结笔记，还不快学？传送门： https://www. bilibili.com/video/av26 39206,https://www.zhihu.com/question/265883810/answer/990584633
菇哒日语频,语言/英语,15184,1,1,0,0,0,1,@菇哒日语频 ：自学日语可以关注一下，还会教你唱歌呢hhh,https://www.zhihu.com/question/265883810/answer/990584633
语言类,语言/英语,15184,1,1,0,1,0,0,语言类：英语和日语学习合集，系统课程与技巧均包括。 技能类：绘画/后期/ppt/学习技巧等up主推荐。 综合类 一、十分钟速成课 出自Crash Course，首发YouTube，包含心理学、解剖与生理、历史、知识产权、经济学、物理、哲学、影视鉴赏等系列。,https://www.zhihu.com/question/265883810/answer/990584633
部分合集带中字传送门,语言/英语,15184,1,1,0,0,0,1,部分合集带中字传送门： proko 的人体解剖课程： https://www. bilibili.com/video/av28 986641 proko如何画手： https://www. bilibili.com/video/av28 986641,https://www.zhihu.com/question/265883810/answer/990584633
金融学-1,语言/英语,15184,1,1,0,0,0,1,金融学-1： https://www. bilibili.com/video/av22 282748 金融学-2： https://www. bilibili.com/video/av22 283052 密码学： https://www. bilibili.com/video/av86 5564,https://www.zhihu.com/question/265883810/answer/990584633
金融学-2,语言/英语,15184,1,1,0,0,0,1,金融学-2： https://www. bilibili.com/video/av22 283052 密码学： https://www. bilibili.com/video/av86 5564 英语语法： https://www. bilibili.com/video/av45 888202,https://www.zhihu.com/question/265883810/answer/990584633
雨沫2333,语言/英语,15184,1,1,0,0,0,1,人体解剖学和生理学 [免疫系统]： https://www. bilibili.com/video/av19 796277 （这一系列可搜up主@雨沫2333）,https://www.zhihu.com/question/265883810/answer/990584633
音乐课,语言/英语,15184,1,1,0,0,0,1,音乐课： https://www. bilibili.com/video/av50 334704 天文学： https://www. bilibili.com/video/av47 665877 几何学： https://www. bilibili.com/video/av14 188001,https://www.zhihu.com/question/265883810/answer/990584633
发一个我的公众号,综合知识/泛科普,14760,1,1,0,0,0,1,发一个我的公众号:草堂网文资讯,https://www.zhihu.com/question/327151685/answer/721870787
TED-Ed,学习/考试,14558,1,1,0,1,0,0,【YouTube最好的英语训练课程】1个月提升口语听力n个level (63集完整版)_哔哩哔哩 (゜-゜)つロ 干杯~-bilibili 【TED-ED 700集】B站最全合集，完整刷一遍绝对能让你英语口语起飞！_哔哩哔哩 (゜-゜)つロ 干杯~-bilibili,https://www.zhihu.com/question/376032562/answer/1055161846
化学生物方面,数学/物理,14558,1,1,0,1,0,0,化学生物方面： 对于生物个人比较喜欢 up：生物岳老师 。 视频偏高三复习向，高一新生看的话可能会有听不懂的地方，但总体上思路很清晰。 【高考生物】高中生物一轮二轮大复习（十大思维导图）_哔哩哔哩 (゜-゜)つロ 干杯~-bilibili 【高中生物】必修二（一图知遗传）_哔哩哔哩 (゜-゜)つロ 干杯~-bilibili,https://www.zhihu.com/question/376032562/answer/1055161846
数学方面,数学/物理,14558,1,1,0,1,0,0,数学方面： 作为一个成绩平平的学生，数学对我来说真是让人秃头的科目，不论是高中还是大学，在学校课堂上我经常会有比较多听不懂的，所以经常跑来B站继续学，后面还是懂了挺多，废话少说，开始安利。 第一个：高中数学佟硕。,https://www.zhihu.com/question/376032562/answer/1055161846
文综方面,数学/物理,14558,1,1,0,0,0,1,文综方面： 本人高中是理科生所以对文综不太了解，真是对不住文科的小伙伴们啦。就简单搜集一些我的文科同学们觉得比较赞的B站资源放上来吧。 【高考历史】2018高考历史答题模版·考前救命课_哔哩哔哩 (゜-゜)つロ 干杯~-bilibili 政治选择题轻松满分？比刷1000题都有效！10分钟变身政治学霸，高考分数upupp！_哔哩哔哩 (゜-゜)つロ 干杯~-bilibili 高中生必看！【政治高考90+的背书方法】全市第一的秘籍•政治/…,https://www.zhihu.com/question/376032562/answer/1055161846
物理方面,数学/物理,14558,1,1,0,1,0,0,物理方面： 安利一个 up：陈老师敲黑板 。 投稿的视频很多，基本涵盖高中物理所有知识点了，以前看过他的力学篇，很赞！ 【高考物理】高中物理力学篇（看到你就挖到宝了）_哔哩哔哩 (゜-゜)つロ 干杯~-bilibili,https://www.zhihu.com/question/376032562/answer/1055161846
生物,数学/物理,14558,1,1,0,1,0,0,生物： 评论区有些推荐这位 生物老师肖振龙 的，我给你们搬上来了。但是这位老师在B站上似乎没有账号，视频都是别人搬运上B站的，所以大家要是感兴趣看更多这位老师的课，去B站搜索关键词“肖振龙”会比较好。暂且放上一些别人搬运的视频，要是感兴趣的话大家再去搜索更多的吧。,https://www.zhihu.com/question/376032562/answer/1055161846
第三个,数学/物理,14558,1,1,0,1,0,0,第三个：李永乐老师。 众所周知，这是一位学科全能的老师。 《高三数学复习100讲》系列 我超喜欢！强烈安利！（下边是这系列中的三角函数复习课） 李永乐老师教学视频：《高三数学复习100讲》三角函数_哔哩哔哩 (゜-゜)つロ 干杯~-bilibili,https://www.zhihu.com/question/376032562/answer/1055161846
英语方面,数学/物理,14558,1,1,0,0,0,1,英语方面： 高中我没怎么在B站上学英语，基本都是靠课下积累单词量，每天坚持做阅读来提高成绩，上了大学之后才开始在B站学英语，但是呢， 我觉得英语学习是一个长期的过程，不是仅仅为了高考、为了英语四级。,https://www.zhihu.com/question/376032562/answer/1055161846
语文方面,数学/物理,14558,1,1,0,1,0,0,语文方面： 高中时期还是比较爱这门课的，但学习方式的话主要还是日常课下阅读、偶尔做做题来学习，在B站上学得比较少，就简单推荐我喜欢的两个up吧！ 第一个：董腾语文。涵盖的方面都比较广，我比较喜欢听他讲解诗歌，最关键的是，这位老师上课上着上着就会开车（嘿嘿？），对于知识点的讲解还是给人印象比较深刻的。,https://www.zhihu.com/question/376032562/answer/1055161846
高中数学-高一-高二,数学/物理,14558,1,1,0,1,0,0,高中数学-高一-高二-高三【高考数学专题复习】-【高考数学一轮复习】-【基础篇+提高篇】-【高中数学必修专题复习】-【高中数学选修专题复习】-高一数学-高二数学_哔哩哔哩 (゜-゜)つロ 干杯~-bilibili 第三个：李永乐老师。 众所周知，这是一位学科全能的老师。 《高三数学复习100讲》系列 我超喜欢！强烈安利！（下边是这系列中的三角函数复习课） 李永乐老师教学视频：《高三数学复习100讲》三角函数_哔哩哔哩 (゜-゜)つロ…,https://www.zhihu.com/question/376032562/answer/1055161846
WORD教程,综合知识/泛科普,13833,1,1,0,1,0,0,【WORD教程】--谁说WORD如此简单（11集） Word骚操作，共有11节课，1.1万播放量： 想学习PPT的可以看上面第三个UP主，全是硬核知识，提升你的PPT技能！ 2、语言学习课程： 【英语学习】重头开始学英语，零基础语法入门,https://www.zhihu.com/question/59989404/answer/1155204053
元子弹吉他,综合知识/泛科普,13798,3,3,0,2,1,0,元子弹吉他 ：学习吉他可以去了解元子老师，真的挺好的。 老姚吉他 ：对吉他初学者十分友好，不仅有歌曲教学还有乐理~ 冰零-Mahiru忠诚眷属 ：一百秒乐理系列，用音乐加上注解，让你懂得如果使用更多的和声进行，拓宽音乐想象。 鹦鹉咖 ：编曲与乐理方面的教程，很专业。,https://www.zhihu.com/question/291506148/answer/2810334107
食贫道,综合知识/泛科普,13793,3,2,1,2,1,0,3.食贫道 UP主是央视战地记者，知识渊博。看他的视频，简直是大开眼界！ 北极、叙利亚、俄罗斯……UP主的每一个视频都非常高质，可以说是百万后期，剪辑和镜头都非常赞。 看到叔，我才明白了那句话：好看的皮囊千篇一律，有趣的灵魂万里挑一。最近，叔和央视新闻合作了几期武汉前线的视频，很接地气！,https://www.zhihu.com/question/286163357/answer/1078680364
开始看未明子,人文社科/国际政治,13669,1,1,0,0,1,0,13.开始看未明子 14.试图了解基本的经济学理论，学不会，放弃，加入主义主义 15.意识到主义主义并不能帮助自己解决任何问题 16.开始接触B站魔改版抽象梗 17.现实已成定局，躺平摆烂，和大家一起以鼠鼠自称。,https://www.zhihu.com/question/546163254/answer/2859376030
普通地看动画片和漫画,人文社科/国际政治,13669,1,1,0,1,0,0,1.普通地看动画片和漫画 2.为了方便看动画片，开始使用B站 3.通过高分推荐，看到那年那兔那些事 4.通过相关推荐，关注观察者网和观视频工作室 5.看这就是中国，感觉浑身充满了力量,https://www.zhihu.com/question/546163254/answer/2859376030
幻想浅绿,综合知识/泛科普,13598,2,1,1,2,0,0,2、幻想浅绿 听说关注阿绿的小可爱历史成绩会提高233 教育工作者，史图馆创始人 看到一些小伙伴从初中开始看浅绿，现在都上大学了，依旧很喜欢看，浅绿的图片做的很棒哦，如果你喜欢历史，不妨去鉴定一下。,https://www.zhihu.com/question/291506148/answer/921874626
史上最全韩语教程,综合知识/泛科普,13553,1,1,0,0,0,1,7、史上最全韩语教程 韩语教程，含发音、音标等各种初级入门视频。 人文历史类 1、御史房,https://www.zhihu.com/question/291506148/answer/921874626
奥地利的小胡,综合知识/泛科普,13553,1,1,0,1,0,0,3、奥地利的小胡 一位用散装中文分享美食的专业奥地利西餐厨师，米其林顶尖厨师之徒，每周分享一道西菜谱，视频短小精悍，个人魅力也很足，就算不学做菜当朋友聊天看了也绝对不亏 后面三个是我个人也极力想推荐的，建议一定要去看看，看完觉得对你有帮助的话，记得回来点赞收藏就是对我莫大的鼓励啦。,https://www.zhihu.com/question/291506148/answer/921874626
学习大神YJango,生物/医学健康,13553,1,1,0,0,0,1,2、学习大神YJango 如果你对学习方法感兴趣，如果你不知道如何高效学习，那么建议你去研究他的视频，之所以用“研究”二字，是因为他的内容讲的是最底层的方法论，一次学习会觉得脑瓜疼，但没关系，疼疼更健康，痛苦之后你会笑着过来感谢我，我猜的哈哈。,https://www.zhihu.com/question/291506148/answer/921874626
学习观0,综合知识/泛科普,13553,1,1,0,1,0,0,【学习观0-5集合】为什么有人可以快速掌握一项知识，你却题海战术，为什么有人可以迅速找到解决方案，你却大脑空白_哔哩哔哩 (゜-゜)つロ 干杯~-bilibili 上面这条视频建议感兴趣的可以先看，收藏收藏，不好的不会这么理直气壮的。 3、巫师财经 最后这个墙裂建议去看看，很多地方看不到的内容，巫师帮你开眼，让你了解不一样的财经面。,https://www.zhihu.com/question/291506148/answer/921874626
意外艺术,综合知识/泛科普,13553,1,1,0,1,0,0,3、意外艺术 包含艺术很难吗？意外之魅等频道，带你轻松有趣了解艺术。 4、混乱博物馆,https://www.zhihu.com/question/291506148/answer/921874626
软件操作类,综合知识/泛科普,13553,1,1,0,0,0,1,软件操作类： 1、oeasy 全能办公软件up主，office三件套，ps、pr、ae等软件都有，可以当之无愧的说是在这个江湖混了数十载了吧哈哈，可能当时你还在念小学。 2、优设基础训练营,https://www.zhihu.com/question/291506148/answer/921874626
某幻君,综合知识/泛科普,13512,3,2,1,1,1,1,25.某幻君 没错！就是某幻君！我跟着某幻学了很多英语哈哈哈 26.一笔落尘 写字巨好看 27.看剧学口语,https://www.zhihu.com/question/292372507/answer/491646875
人工智能,人文社科/国际政治,13336,2,2,0,1,0,1,人工智能 ： 【速成课：人工智能】Ai - [21集全/中英双语] 社会学： [合集]10分钟速成课：社会学[Crash Course Sociology] 同类型的还有 「 可汗学院 」 。 它与十分钟速成课不同，这里更适合系统学习。 里面的分类更加细致，涵盖了从科学到人文的大小类目，是让学习者心跳加速的天堂。开启新世界大门的方式： b站搜「可汗学院+课程名」。,https://www.zhihu.com/question/59989404/answer/1215626047
当然还有个小前提是,计算机/编程,13119,1,1,0,0,0,1,-------------------------------------------- 当然还有个小前提是 没有碰上智商税套餐 比如：二斤店里有个2299的整机套餐 自己配1700就差不多了 不过也不用太担心 这种情况在这些up主的套餐里也不多见,https://www.zhihu.com/question/344527263/answer/877240131
入门,计算机/编程,13026,3,3,0,2,0,1,入门：黑马 2019年匠心之作python入门教程系列从0到1学会编程_哔哩哔哩 (゜-゜)つロ 干杯~-bilibili 入门：Master_lisa 这姐姐声音挺好听的 《零基础入门学习Python》(第2版)【快速解读版】_哔哩哔哩 (゜-゜)つロ 干杯~-bilibili,https://www.zhihu.com/question/352485583/answer/1237689063
乌鸦校尉CaptainWuya,综合知识/泛科普,12830,3,3,0,2,0,1,乌鸦校尉CaptainWuya ：基于事实和档案重新解读中国历史。 一马当先陈玉成 ：硬核历史科普。 史图馆 ：多位历史同好联合创作，视频内容优质。 御史房 ：解读过程中有很多自己的思想和见解。 历史系の沙丁鱼_llz ：历史专业讲座课程。,https://www.zhihu.com/question/291506148/answer/2810334107
佟大大还是ETT,生物/医学健康,12830,3,3,0,2,0,1,佟大大还是ETT ：知名B站UP主，关于基础内容有很多不错的讲解。 宋浩老师官方 ：数学课很有趣，比较容易接受。 3. 编程 正月点灯笼 ：讲东西和解释都非常清楚。 SchelleyYuki ：很多对于计算机编程方面的知识与心得。,https://www.zhihu.com/question/291506148/answer/2810334107
冷静医夏,生物/医学健康,12830,3,3,0,2,0,1,冷静医夏 ：科普中医知识，风格有趣可爱，讲的通俗易懂。 灰细胞 ：有些（很多）视频看会脸红。 吟游诗人基德 ：涉及知识面非常广。 画渣花小烙 ：通过绘画的方式科普知识。 小宇Boi ：各种黑科技知识。,https://www.zhihu.com/question/291506148/answer/2810334107
历史调研室,历史/军事,12706,8,2,6,3,1,4,历史调研室：超硬核的历史up主，能把很复杂的历史问题说的通俗易懂，再配上顶级的文案和视频剪辑，百大实至名归。,https://www.zhihu.com/question/438840235/answer/1672129735
韩志权高考化学,学习/考试,12265,2,2,0,1,0,1,4） 「韩志权高考化学」 这个老师的视频，可以帮助你高考化学拿到高分，是你们的提分利器。 这一点也不奇怪，up主当年可是高考化学满分，理综总分281分的存在。跟有结果的人学习，准没错！ 除了重难点讲解，老师的思维方式也是很值得学习和借鉴的。,https://www.zhihu.com/question/59989404/answer/1215626047
数据从未说谎,人文社科/国际政治,12203,1,1,0,0,0,1,数据从未说谎——致斩杀线下的美国梦,https://www.zhihu.com/question/15602646369/answer/1974223325103417247
无穷小亮的科普日常,生物/医学健康,12191,9,5,4,1,1,7,考研备考：王强精读课，刘忠保，小亮，昭昭，天天这几个我感觉都可以，公众号题库网有完整百度云合集，可以自己去看看。,https://www.zhihu.com/question/451707926/answer/1838178285
Scienceclic,科普/自然科学,11454,3,3,0,1,1,1,有知友私信跟我说，UP 主视频素材 大量 取自 YouTube 博主 @Scienceclic，我自己去对比了一下，确实发现了不少证据。这就是 UP 主自己洗稿 @Scienceclic 视频 + 文案制造出来的答辩，我也收回我昨天回答里的最后一句话，和这种人没必要再进行友好沟通了。,https://www.zhihu.com/question/662001657/answer/3569279386
26更新,综合知识/泛科普,11036,1,1,0,0,0,1,7.26更新 我底下的回复一直被删，有人问那两个“繁”有啥区别，这里我放个图： 注意上面的“敏”字，一个是“每”＋“攵”，一个是“每”＋“殳”。,https://www.zhihu.com/question/339335222/answer/3109168664
上策,综合知识/泛科普,11036,1,1,0,0,1,0,上策：发布道歉动态/道歉视频，虚心接受评论区的批评。 中策：装死不更新，失踪一段时间之后回归，参考敖厂长。 下策：继续更新视频，关闭评论区。 摆烂：彻底停更。 而田野上的繁荣选择了一连串迷之操作的超级下下策：,https://www.zhihu.com/question/339335222/answer/3109168664
下策,综合知识/泛科普,11036,1,1,0,0,1,0,下策：继续更新视频，关闭评论区。 摆烂：彻底停更。 而田野上的繁荣选择了一连串迷之操作的超级下下策： 2023年1月，继汇通面之后他又更新了一个吃小火锅的视频，然后在视频里只是边吃火锅边说了一句道歉的话。 我为什么把评论区截图了呢？这就是田野上的繁荣做的第一件恶心人的事：控评。,https://www.zhihu.com/question/339335222/answer/3109168664
中策,综合知识/泛科普,11036,1,1,0,0,1,0,中策：装死不更新，失踪一段时间之后回归，参考敖厂长。 下策：继续更新视频，关闭评论区。 摆烂：彻底停更。 而田野上的繁荣选择了一连串迷之操作的超级下下策： 2023年1月，继汇通面之后他又更新了一个吃小火锅的视频，然后在视频里只是边吃火锅边说了一句道歉的话。,https://www.zhihu.com/question/339335222/answer/3109168664
对了还有这句最有名的话,综合知识/泛科普,11036,1,1,0,1,0,0,对了还有这句最有名的话： 都被骂成这样了还不忘拉着媳妇和初中语文老师去教育一波网友，可真有意思啊。 也许后来田野上的繁荣也意识到自己在B站已经是个跳梁小丑了，于是删光了B站的动态，只留下了一个好久之前和别的up合作的视频。,https://www.zhihu.com/question/339335222/answer/3109168664
摆烂,综合知识/泛科普,11036,1,1,0,0,1,0,摆烂：彻底停更。 而田野上的繁荣选择了一连串迷之操作的超级下下策： 2023年1月，继汇通面之后他又更新了一个吃小火锅的视频，然后在视频里只是边吃火锅边说了一句道歉的话。 我为什么把评论区截图了呢？这就是田野上的繁荣做的第一件恶心人的事：控评。,https://www.zhihu.com/question/339335222/answer/3109168664
评论区补充,综合知识/泛科普,11029,2,2,0,0,0,2,评论区补充：机智的党妹 （双击屏幕有大大滴惊喜） 9.5号更新：本回答仅整理发生的事情，以及相应的回复。至于是否归为“暗杀”不予评价。大家请保留独立思考，再次感谢点赞的帅哥美女 罗汉解说 揭露264万粉丝百大UP主罗汉解说不为人知的一面_哔哩哔哩 (゜-゜)つロ 干杯~-bilibili,https://www.zhihu.com/question/384542217/answer/1161267026
方猫boom,生物/医学健康,10553,3,2,1,3,0,0,方猫boom ：很多东西都是我们身边经常接触到的。 杜滑滑 ：有很多好看的纪录片，IMAX、Netflix、探索频道、CCTV等。 纪录片之家字幕组 ：很多纪录片资源哦，且个人感觉这些纪录片还蛮小众的，精致的美。 猎手吧 ：有很多好看的有意思的纪录片，涉及的领域也很广。,https://www.zhihu.com/question/291506148/answer/2810334107
眼见为识,综合知识/泛科普,10553,3,2,1,3,0,0,眼见为识 ：视频长而质量极高，硬核科普，强烈推荐。 不务正业的李雷 ：中科院生物学博士，生物医学方向科普。 白花恋诗彩 ：十分钟速成课系列相当不错 科普中国 ：让科技知识在生活中流行 军武志 ：军事类科普。,https://www.zhihu.com/question/291506148/answer/2810334107
历史,综合知识/泛科普,10552,3,2,1,2,0,1,4. 历史 安州牧 ：讲解南北朝史给我留下深刻印象，意犹未尽。 乌鸦校尉CaptainWuya ：基于事实和档案重新解读中国历史。 一马当先陈玉成 ：硬核历史科普。 史图馆 ：多位历史同好联合创作，视频内容优质。,https://www.zhihu.com/question/291506148/answer/2810334107
AnProphet,生物/医学健康,10552,2,2,0,2,0,0,AnProphet ：编管弦乐教学。 鹿哥来了- ：浅显易懂，生动有趣，古典音乐科普。 周末音乐 ：音乐制作等。 臧无尤 ：有内容有反思，浅显易懂的解构。 作曲奥校-陈文戈 ：”作曲理论日新月异，奥校助你一臂之力~“,https://www.zhihu.com/question/291506148/answer/2810334107
Breanna设计分享,综合知识/泛科普,10552,2,2,0,2,0,0,Breanna设计分享 ：多家世界500强资深用户体验专业人士。 王受之 ：设计与艺术理论家。 新像素 ：国内少数几个免费公开高质量的Figma教学视频，且会经常更新。 社会设计在中国 ：央美子书老师组织的关于社会设计的系列讲座。 设计拆想 ：产品拆解过程中，理解设计的想法。,https://www.zhihu.com/question/291506148/answer/2810334107
Calm心理,综合知识/泛科普,10552,2,2,0,2,0,0,Calm心理 ：南京师范大学心理硕士，省级三甲医院全职心理治疗师。 安慰记心理 ：宝藏up主，遇到困惑可以看一下。 13. 摄影艺术 TenGuSan ：来看看真正的“摄影”是什么样子。 夜行抹茶 ：旅游UP主。,https://www.zhihu.com/question/291506148/answer/2810334107
Coach-Shane,生物/医学健康,10552,2,2,0,2,0,0,Coach-Shane ：授课方式非常 生动有趣 ，很容接受 小榮君 ：内容制作很用心，通过 美剧 轻松学习英语。 Free高考英语 ： 新东方 名师的内容，高考英语非常值得看一下。 英语的平行世界 ：学习 基础语法 的同学一定不要错过！ 哈佛雪梨 ：哈佛大学语言教育硕士，原流利说教研负责人。,https://www.zhihu.com/question/291506148/answer/2810334107
DD第二代,生物/医学健康,10552,2,2,0,0,0,2,DD第二代 ：“我的梦想是，至少(首先)得让全中国几千万性少数群体，每个人都看过我的视频！” 林林Eileen ：心理/生物/性教育。 杨一呦 ：教育学、社会、心理。 善解童贞2001 ：爱与科学解读孩子的性。 12. 心理,https://www.zhihu.com/question/291506148/answer/2810334107
Frank-FuckPPT,数学/物理,10552,2,2,0,2,0,0,Frank-FuckPPT ：打破死板教学，数学也可以很简单易懂。 薛定饿了么 ：通过生动有趣的科普视频来介绍数学以及物理学中的各种深奥而又有趣的内容。 一数 ：非常基础、非常扎实的数学课，即便是小白也可以理解。 物理系的允文君 ：大学老师没有讲明白的内容，在这里全理解了。,https://www.zhihu.com/question/291506148/answer/2810334107
GC伊格尼斯,综合知识/泛科普,10552,2,2,0,2,0,0,GC伊格尼斯 ：良心up主。 AnProphet ：编管弦乐教学。 鹿哥来了- ：浅显易懂，生动有趣，古典音乐科普。 周末音乐 ：音乐制作等。 臧无尤 ：有内容有反思，浅显易懂的解构。,https://www.zhihu.com/question/291506148/answer/2810334107
HangFuRen,生物/医学健康,10552,2,2,0,2,0,0,HangFuRen ：主要为高中物理 讲的很细 可以当作课后的温习。 学过石油的语文老师 ：在这里你可以学到最快乐的语文课。 郭爷物理 ：物理讲得十分生动清晰的一位老师，无论是学高考物理还是物理竞赛、甚至大学物理，都可以听他的课。 10. 职场 鹅姐职场 ：干活满满的职场up主，应届生可以通过这个提前了解和学习，职场老油条可以反思自己的职业生涯。,https://www.zhihu.com/question/291506148/answer/2810334107
IDJ小九九,综合知识/泛科普,10552,2,2,0,2,0,0,IDJ小九九 ：工业设计方向。 oooooohmygosh ：通过自己的理解讲述设计，清晰明了。 Breanna设计分享 ：多家世界500强资深用户体验专业人士。 王受之 ：设计与艺术理论家。 新像素 ：国内少数几个免费公开高质量的Figma教学视频，且会经常更新。,https://www.zhihu.com/question/291506148/answer/2810334107
KurTips,生物/医学健康,10552,2,2,0,2,0,0,KurTips ：很多不错的平面设计教程。 IDJ小九九 ：工业设计方向。 oooooohmygosh ：通过自己的理解讲述设计，清晰明了。 Breanna设计分享 ：多家世界500强资深用户体验专业人士。 王受之 ：设计与艺术理论家。,https://www.zhihu.com/question/291506148/answer/2810334107
Nickcen英语课堂,生物/医学健康,10552,2,2,0,2,0,0,Nickcen英语课堂 ：内容通俗易懂，很容易理解。 Chubbyemu ：英语结合有趣的医学案例。 八哥smile ：风格非常有趣。 昂克英文君 ：英语、职场很多技巧和干货。 2. 数学,https://www.zhihu.com/question/291506148/answer/2810334107
Psych2go中文站,人文社科/国际政治,10552,2,2,0,2,0,0,Psych2go中文站 ：都是生活中常见的心理问题。 林林Eileen ：心理、生理、性教育。 大又元 ：知识分享，书籍推荐，社会讨论，背景音乐易进心流。 心理学于悦 ：中国政法大学社会学院心理系，硕士生导师 Calm心理 ：南京师范大学心理硕士，省级三甲医院全职心理治疗师。,https://www.zhihu.com/question/291506148/answer/2810334107
SchelleyYuki,计算机/编程,10552,2,2,0,2,0,0,SchelleyYuki ：很多对于计算机编程方面的知识与心得。 阿阳热爱前端 ：专攻前端内容，讲解的非常不错。 韩顺平 ：无论是编程小白还是初级开发都非常适用。 鱼C-小甲鱼 ：关于Python、C语言的课程讲的很好。 遇见狂神说 ：理论与实战相结合，Java后端值得看一下。,https://www.zhihu.com/question/291506148/answer/2810334107
Solara570,生物/医学健康,10552,2,2,0,2,0,0,Solara570 ：3Blue1Brown翻译团队成员，频道现主攻原创。 佟大大还是ETT ：知名B站UP主，关于基础内容有很多不错的讲解。 宋浩老师官方 ：数学课很有趣，比较容易接受。 3. 编程 正月点灯笼 ：讲东西和解释都非常清楚。,https://www.zhihu.com/question/291506148/answer/2810334107
Yoloidea,生物/医学健康,10552,2,2,0,0,2,0,"Yoloidea ：不出名的人文Up，精神荒原在下沉,我们依旧在狂欢。 安森垚 ：语速非常快，谣言粉碎者，自诩知识贩子。 酋知鱼 ：一条在知识的海洋中溺水的鱼，从多元视角来探索世界，很有启发性。 艾栗夏 ：一个非常有潜力的up主，每一个视频都能让人感受到倾注其中的细腻情感与奇思。",https://www.zhihu.com/question/291506148/answer/2810334107
YouTube设计精选,生物/医学健康,10552,2,2,0,2,0,0,YouTube设计精选 ：精选YouTube最优秀的设计视频。 设计师的睡前毒物 ：每天分享一个设计小技巧。 KurTips ：很多不错的平面设计教程。 IDJ小九九 ：工业设计方向。 oooooohmygosh ：通过自己的理解讲述设计，清晰明了。,https://www.zhihu.com/question/291506148/answer/2810334107
xgkyokou,生物/医学健康,10552,2,2,0,2,0,0,xgkyokou ：医学临床科研数据分析。 Chubbyemu ：有一些医学生活，常识，也能通俗的表达出来。 有Li ：医学影像组学入门教程。 15. 设计 王M争 ：我们身边耳熟能详的产品设计。,https://www.zhihu.com/question/291506148/answer/2810334107
一马当先陈玉成,综合知识/泛科普,10552,2,2,0,2,0,0,一马当先陈玉成 ：硬核历史科普。 史图馆 ：多位历史同好联合创作，视频内容优质。 御史房 ：解读过程中有很多自己的思想和见解。 历史系の沙丁鱼_llz ：历史专业讲座课程。 文采飘逸 ：同样为历史专业讲座课程。,https://www.zhihu.com/question/291506148/answer/2810334107
不务正业的李雷,生物/医学健康,10552,2,2,0,2,0,0,不务正业的李雷 ：中科院生物学博士，生物医学方向科普。 白花恋诗彩 ：十分钟速成课系列相当不错 科普中国 ：让科技知识在生活中流行 军武志 ：军事类科普。 WhatOnEarth一探究竟 ：有趣知识，文化故事，科技解释。,https://www.zhihu.com/question/291506148/answer/2810334107
专心种花兔,生物/医学健康,10552,2,2,0,2,0,0,专心种花兔 ：纸上谈兵区up主，致力于将历史上破碎的帝国在当今重新整合。 草说木言 ：很专业，唯物史观，内容做的非常好。 唠点历史 ：都是干货，讲的很好。 于赓哲老师 ：百家讲坛老师，给我留下了深刻印象。 没脸鉴人 ：历史辟谣。,https://www.zhihu.com/question/291506148/answer/2810334107
两颗熟李子,综合知识/泛科普,10552,2,2,0,2,0,0,两颗熟李子 ：硬核科普，通过多渲染引擎梦幻联动讲述一些复杂或难以理解的理论。 李永乐老师官方 ：通俗易懂，严谨有趣。 理工男验光师商思林 ：给大家提供了一些程序的相关心得以及经验。 技术研究院 ：ABplc讲的不错，直播内容解答详细。 所长林超 ：up主结合时事分析当前世界发展态势，逻辑清晰，思路明确。,https://www.zhihu.com/question/291506148/answer/2810334107
于赓哲老师,生物/医学健康,10552,2,2,0,0,0,2,于赓哲老师 ：百家讲坛老师，给我留下了深刻印象。 没脸鉴人 ：历史辟谣。 安因思谈 ：描述一些方法论，历史等，尝试解决生活中一些问题 回到2049 ：为真理而斗争！ 稚嫩的魔法师 ：以游戏沙盘形式读西晋至东晋历史,https://www.zhihu.com/question/291506148/answer/2810334107
人文地理,生物/医学健康,10552,2,2,0,0,2,0,"7. 人文地理 Yoloidea ：不出名的人文Up，精神荒原在下沉,我们依旧在狂欢。 安森垚 ：语速非常快，谣言粉碎者，自诩知识贩子。 酋知鱼 ：一条在知识的海洋中溺水的鱼，从多元视角来探索世界，很有启发性。",https://www.zhihu.com/question/291506148/answer/2810334107
会放羊的教书匠,生物/医学健康,10552,2,2,0,2,0,0,会放羊的教书匠 ：华罗庚杯优秀教练员，很多优秀的中学数学内容。 3Blue1Brown ：深入浅出、直观明了地分享数学之美。 Solara570 ：3Blue1Brown翻译团队成员，频道现主攻原创。 佟大大还是ETT ：知名B站UP主，关于基础内容有很多不错的讲解。,https://www.zhihu.com/question/291506148/answer/2810334107
作曲奥校-陈文戈,生物/医学健康,10552,2,2,0,2,0,0,作曲奥校-陈文戈 ：”作曲理论日新月异，奥校助你一臂之力~“ 元子弹吉他 ：学习吉他可以去了解元子老师，真的挺好的。 老姚吉他 ：对吉他初学者十分友好，不仅有歌曲教学还有乐理~ 冰零-Mahiru忠诚眷属 ：一百秒乐理系列，用音乐加上注解，让你懂得如果使用更多的和声进行，拓宽音乐想象。,https://www.zhihu.com/question/291506148/answer/2810334107
八哥smile,数学/物理,10552,2,2,0,2,0,0,八哥smile ：风格非常有趣。 昂克英文君 ：英语、职场很多技巧和干货。 2. 数学 Frank-FuckPPT ：打破死板教学，数学也可以很简单易懂。 薛定饿了么 ：通过生动有趣的科普视频来介绍数学以及物理学中的各种深奥而又有趣的内容。,https://www.zhihu.com/question/291506148/answer/2810334107
军武志,生物/医学健康,10552,2,2,0,2,0,0,军武志 ：军事类科普。 WhatOnEarth一探究竟 ：有趣知识，文化故事，科技解释。 柴知道 ：各种生活中常见问题的科普。 果壳 ：果壳网官方账号。 夹性芝士 ：性知识科普,https://www.zhihu.com/question/291506148/answer/2810334107
冰零-Mahiru忠诚眷属,生物/医学健康,10552,2,2,0,2,0,0,"冰零-Mahiru忠诚眷属 ：一百秒乐理系列，用音乐加上注解，让你懂得如果使用更多的和声进行，拓宽音乐想象。 鹦鹉咖 ：编曲与乐理方面的教程，很专业。 7. 人文地理 Yoloidea ：不出名的人文Up，精神荒原在下沉,我们依旧在狂欢。 安森垚 ：语速非常快，谣言粉碎者，自诩知识贩子。",https://www.zhihu.com/question/291506148/answer/2810334107
冲浪普拉斯,生物/医学健康,10552,2,2,0,0,0,2,冲浪普拉斯 ：商业历史，听一下商业大佬的故事。 小约翰可汗 ：另类角度解读历史事件和人物，保证让你捧腹。 我们这颗星球OurPlanet ：从环太平洋开始的环球之旅，见证最早的航海家将海洋文明的种子散布到整个太平洋的故事。 安森垚 ：语速非常快，谣言粉碎者，自诩知识贩子，会很多门语言。,https://www.zhihu.com/question/291506148/answer/2810334107
动画讲编程,生物/医学健康,10552,2,2,0,2,0,0,动画讲编程 ：用动画讲编程，非常有意思且易理解。 古城算法 ：数据结构和算法，讲得很好。 4. 历史 安州牧 ：讲解南北朝史给我留下深刻印象，意犹未尽。 乌鸦校尉CaptainWuya ：基于事实和档案重新解读中国历史。,https://www.zhihu.com/question/291506148/answer/2810334107
北师大刘文利,生物/医学健康,10552,2,2,0,0,0,2,北师大刘文利 ：北京师范大学教授、儿童性教育专家。 DD第二代 ：“我的梦想是，至少(首先)得让全中国几千万性少数群体，每个人都看过我的视频！” 林林Eileen ：心理/生物/性教育。 杨一呦 ：教育学、社会、心理。 善解童贞2001 ：爱与科学解读孩子的性。,https://www.zhihu.com/question/291506148/answer/2810334107
医学,生物/医学健康,10552,2,2,0,2,0,0,14. 医学 兔叭咯 ：医学方向健康up主。 爱看报的Kris ：在美生物医学博士留学生，癌症、衰老领域大佬。 xgkyokou ：医学临床科研数据分析。 Chubbyemu ：有一些医学生活，常识，也能通俗的表达出来。,https://www.zhihu.com/question/291506148/answer/2810334107
历史启示录,生物/医学健康,10552,2,2,0,0,0,2,历史启示录 ：以纪录片形式介绍了很多个国家的历史。 诸葛呈像1895 ：中视频，很多关于近代历史的解读。 5. 科普 思维实验室 ：历史、生物等方向科普。 毕导THU ：总之非常轻松有意思。,https://www.zhihu.com/question/291506148/answer/2810334107
取景框看世界,生物/医学健康,10552,2,2,0,2,0,0,取景框看世界 ：复旦大学博士生，立志成为b站大学辅导员。 HangFuRen ：主要为高中物理 讲的很细 可以当作课后的温习。 学过石油的语文老师 ：在这里你可以学到最快乐的语文课。 郭爷物理 ：物理讲得十分生动清晰的一位老师，无论是学高考物理还是物理竞赛、甚至大学物理，都可以听他的课。,https://www.zhihu.com/question/291506148/answer/2810334107
古城算法,综合知识/泛科普,10552,2,2,0,2,0,0,古城算法 ：数据结构和算法，讲得很好。 4. 历史 安州牧 ：讲解南北朝史给我留下深刻印象，意犹未尽。 乌鸦校尉CaptainWuya ：基于事实和档案重新解读中国历史。 一马当先陈玉成 ：硬核历史科普。,https://www.zhihu.com/question/291506148/answer/2810334107
同传Carrie,生物/医学健康,10552,2,2,0,2,0,0,同传Carrie ：分享非常多实用的英语学习方法。 Coach-Shane ：授课方式非常 生动有趣 ，很容接受 小榮君 ：内容制作很用心，通过 美剧 轻松学习英语。 Free高考英语 ： 新东方 名师的内容，高考英语非常值得看一下。,https://www.zhihu.com/question/291506148/answer/2810334107
吟游诗人基德,生物/医学健康,10552,2,2,0,0,0,2,"吟游诗人基德 ：涉及知识面非常广。 画渣花小烙 ：通过绘画的方式科普知识。 小宇Boi ：各种黑科技知识。 老龙山下的狐狸 ：懂得越多，未解之谜越少。 老K的无聊杂谈 ：主要讲中国自建国以来的几场工业,科技,经济领域的崛起,能让人看的热血沸腾。",https://www.zhihu.com/question/291506148/answer/2810334107
听君一席课,综合知识/泛科普,10552,2,2,0,2,0,0,听君一席课 ：国内外大学课程分享 两颗熟李子 ：硬核科普，通过多渲染引擎梦幻联动讲述一些复杂或难以理解的理论。 李永乐老师官方 ：通俗易懂，严谨有趣。 理工男验光师商思林 ：给大家提供了一些程序的相关心得以及经验。,https://www.zhihu.com/question/291506148/answer/2810334107
周末音乐,生物/医学健康,10552,2,2,0,2,0,0,周末音乐 ：音乐制作等。 臧无尤 ：有内容有反思，浅显易懂的解构。 作曲奥校-陈文戈 ：”作曲理论日新月异，奥校助你一臂之力~“ 元子弹吉他 ：学习吉他可以去了解元子老师，真的挺好的。 老姚吉他 ：对吉他初学者十分友好，不仅有歌曲教学还有乐理~,https://www.zhihu.com/question/291506148/answer/2810334107
哈佛雪梨,生物/医学健康,10552,2,2,0,2,0,0,哈佛雪梨 ：哈佛大学语言教育硕士，原流利说教研负责人。 麻婆地 ：发音很标准，内容很专业。 FanfaniShare ：在美国教英语的中国人，质量不言而喻。 Nickcen英语课堂 ：内容通俗易懂，很容易理解。 Chubbyemu ：英语结合有趣的医学案例。,https://www.zhihu.com/question/291506148/answer/2810334107
善解童贞2001,生物/医学健康,10552,2,2,0,2,0,0,善解童贞2001 ：爱与科学解读孩子的性。 12. 心理 看懂村 ：更加魔性的动画和陪音 让一知半解的知识变得有趣。 心理满 ：很实用的心理知识。 心理学陈祉妍 ：中国科学院心理研究所国民心理健康评估发展中心负责人、中科院心理所教授、硕士生导师。,https://www.zhihu.com/question/291506148/answer/2810334107
国家玮-开明致学,生物/医学健康,10552,2,2,0,0,0,2,国家玮-开明致学 ：北大中文系的博士——国家玮，十分生动形象。 取景框看世界 ：复旦大学博士生，立志成为b站大学辅导员。 HangFuRen ：主要为高中物理 讲的很细 可以当作课后的温习。 学过石油的语文老师 ：在这里你可以学到最快乐的语文课。,https://www.zhihu.com/question/291506148/answer/2810334107
夜行抹茶,艺术/审美,10552,2,2,0,0,0,2,夜行抹茶 ：旅游UP主。 谢拉克洛瓦 ：艺术建筑，文案超级棒！ 小明同学不懂艺术 ：带你追本溯源一些画作的历史故事，揭开他们的真正面目。 玩艺术的吴雅琳 ：广州美术学院教授、美院中国传统雕塑研究所、数码雕塑中心创始人。,https://www.zhihu.com/question/291506148/answer/2810334107
大又元,综合知识/泛科普,10552,2,2,0,2,0,0,大又元 ：知识分享，书籍推荐，社会讨论，背景音乐易进心流。 心理学于悦 ：中国政法大学社会学院心理系，硕士生导师 Calm心理 ：南京师范大学心理硕士，省级三甲医院全职心理治疗师。 安慰记心理 ：宝藏up主，遇到困惑可以看一下。 13. 摄影艺术,https://www.zhihu.com/question/291506148/answer/2810334107
天冬Asp,生物/医学健康,10552,2,2,0,2,0,0,天冬Asp ：植物科普，风趣幽默。 眼见为识 ：视频长而质量极高，硬核科普，强烈推荐。 不务正业的李雷 ：中科院生物学博士，生物医学方向科普。 白花恋诗彩 ：十分钟速成课系列相当不错 科普中国 ：让科技知识在生活中流行,https://www.zhihu.com/question/291506148/answer/2810334107
夹性芝士,生物/医学健康,10552,2,2,0,2,0,0,夹性芝士 ：性知识科普 视知 ：理解复杂世界 碳十二 ：优质课程资源库 冷静医夏 ：科普中医知识，风格有趣可爱，讲的通俗易懂。 灰细胞 ：有些（很多）视频看会脸红。,https://www.zhihu.com/question/291506148/answer/2810334107
学过石油的语文老师,生物/医学健康,10552,2,2,0,2,0,0,学过石油的语文老师 ：在这里你可以学到最快乐的语文课。 郭爷物理 ：物理讲得十分生动清晰的一位老师，无论是学高考物理还是物理竞赛、甚至大学物理，都可以听他的课。 10. 职场 鹅姐职场 ：干活满满的职场up主，应届生可以通过这个提前了解和学习，职场老油条可以反思自己的职业生涯。,https://www.zhihu.com/question/291506148/answer/2810334107
学院派Academia,人文社科/国际政治,10552,2,2,0,2,0,0,学院派Academia ：社会学科普方向。 文曰小强 ：科普类小说导读。 幻海航行 ：带你感受工业文学之美。 科学声音 ：科学领域科普知识。 天冬Asp ：植物科普，风趣幽默。,https://www.zhihu.com/question/291506148/answer/2810334107
安因思谈,生物/医学健康,10552,2,2,0,0,0,2,安因思谈 ：描述一些方法论，历史等，尝试解决生活中一些问题 回到2049 ：为真理而斗争！ 稚嫩的魔法师 ：以游戏沙盘形式读西晋至东晋历史 讲历史的赵冬梅 ：北大历史系教授。 青蛙刀圣_1993 ：相信我，绝对能在趣味中学到很多知识。,https://www.zhihu.com/question/291506148/answer/2810334107
安慰记心理,综合知识/泛科普,10552,2,2,0,2,0,0,安慰记心理 ：宝藏up主，遇到困惑可以看一下。 13. 摄影艺术 TenGuSan ：来看看真正的“摄影”是什么样子。 夜行抹茶 ：旅游UP主。 谢拉克洛瓦 ：艺术建筑，文案超级棒！,https://www.zhihu.com/question/291506148/answer/2810334107
小宇Boi,生物/医学健康,10552,2,2,0,0,0,2,"小宇Boi ：各种黑科技知识。 老龙山下的狐狸 ：懂得越多，未解之谜越少。 老K的无聊杂谈 ：主要讲中国自建国以来的几场工业,科技,经济领域的崛起,能让人看的热血沸腾。 蔻享学术 ：全科学术分享。 听君一席课 ：国内外大学课程分享",https://www.zhihu.com/question/291506148/answer/2810334107
小明同学不懂艺术,生物/医学健康,10552,2,2,0,0,0,2,小明同学不懂艺术 ：带你追本溯源一些画作的历史故事，揭开他们的真正面目。 玩艺术的吴雅琳 ：广州美术学院教授、美院中国传统雕塑研究所、数码雕塑中心创始人。 14. 医学 兔叭咯 ：医学方向健康up主。 爱看报的Kris ：在美生物医学博士留学生，癌症、衰老领域大佬。,https://www.zhihu.com/question/291506148/answer/2810334107
小榮君,生物/医学健康,10552,2,2,0,2,0,0,小榮君 ：内容制作很用心，通过 美剧 轻松学习英语。 Free高考英语 ： 新东方 名师的内容，高考英语非常值得看一下。 英语的平行世界 ：学习 基础语法 的同学一定不要错过！ 哈佛雪梨 ：哈佛大学语言教育硕士，原流利说教研负责人。 麻婆地 ：发音很标准，内容很专业。,https://www.zhihu.com/question/291506148/answer/2810334107
幻海航行,生物/医学健康,10552,2,2,0,2,0,0,幻海航行 ：带你感受工业文学之美。 科学声音 ：科学领域科普知识。 天冬Asp ：植物科普，风趣幽默。 眼见为识 ：视频长而质量极高，硬核科普，强烈推荐。 不务正业的李雷 ：中科院生物学博士，生物医学方向科普。,https://www.zhihu.com/question/291506148/answer/2810334107
心理,生物/医学健康,10552,2,2,0,2,0,0,12. 心理 看懂村 ：更加魔性的动画和陪音 让一知半解的知识变得有趣。 心理满 ：很实用的心理知识。 心理学陈祉妍 ：中国科学院心理研究所国民心理健康评估发展中心负责人、中科院心理所教授、硕士生导师。,https://www.zhihu.com/question/291506148/answer/2810334107
心理学于悦,综合知识/泛科普,10552,2,2,0,2,0,0,心理学于悦 ：中国政法大学社会学院心理系，硕士生导师 Calm心理 ：南京师范大学心理硕士，省级三甲医院全职心理治疗师。 安慰记心理 ：宝藏up主，遇到困惑可以看一下。 13. 摄影艺术 TenGuSan ：来看看真正的“摄影”是什么样子。,https://www.zhihu.com/question/291506148/answer/2810334107
心理学家Tracey,生物/医学健康,10552,2,2,0,2,0,0,心理学家Tracey ：精神科医生，从事心理健康教育。 Psych2go中文站 ：都是生活中常见的心理问题。 林林Eileen ：心理、生理、性教育。 大又元 ：知识分享，书籍推荐，社会讨论，背景音乐易进心流。 心理学于悦 ：中国政法大学社会学院心理系，硕士生导师,https://www.zhihu.com/question/291506148/answer/2810334107
心理学陈祉妍,生物/医学健康,10552,2,2,0,0,0,2,心理学陈祉妍 ：中国科学院心理研究所国民心理健康评估发展中心负责人、中科院心理所教授、硕士生导师。 阪神电车 ：自体心理学解读。 心理学家Tracey ：精神科医生，从事心理健康教育。 Psych2go中文站 ：都是生活中常见的心理问题。 林林Eileen ：心理、生理、性教育。,https://www.zhihu.com/question/291506148/answer/2810334107
心理满,生物/医学健康,10552,2,2,0,0,0,2,心理满 ：很实用的心理知识。 心理学陈祉妍 ：中国科学院心理研究所国民心理健康评估发展中心负责人、中科院心理所教授、硕士生导师。 阪神电车 ：自体心理学解读。 心理学家Tracey ：精神科医生，从事心理健康教育。,https://www.zhihu.com/question/291506148/answer/2810334107
情感,人文社科/国际政治,10552,2,2,0,2,0,0,8. 情感 男闺蜜kz ：情感区搞笑up主。 李银河 ：中国社会学家。 源姨 ：喜欢探究人心和人性。 沈奕斐 ：从社会学的角度向我们分析两性关系，可以让你在女性，在两性关系，在从爱情到婚姻的整个话题上都有很多的启发。,https://www.zhihu.com/question/291506148/answer/2810334107
我们这颗星球OurPlanet,生物/医学健康,10552,2,2,0,0,0,2,我们这颗星球OurPlanet ：从环太平洋开始的环球之旅，见证最早的航海家将海洋文明的种子散布到整个太平洋的故事。 安森垚 ：语速非常快，谣言粉碎者，自诩知识贩子，会很多门语言。 钱丢丢- ：笑谈天下惊鬼神，指点江山奇古今。 专心种花兔 ：纸上谈兵区up主，致力于将历史上破碎的帝国在当今重新整合。,https://www.zhihu.com/question/291506148/answer/2810334107
技术研究院,生物/医学健康,10552,2,2,0,2,0,0,技术研究院 ：ABplc讲的不错，直播内容解答详细。 所长林超 ：up主结合时事分析当前世界发展态势，逻辑清晰，思路明确。 方猫boom ：很多东西都是我们身边经常接触到的。 杜滑滑 ：有很多好看的纪录片，IMAX、Netflix、探索频道、CCTV等。,https://www.zhihu.com/question/291506148/answer/2810334107
摄影艺术,生物/医学健康,10552,2,2,0,0,0,2,13. 摄影艺术 TenGuSan ：来看看真正的“摄影”是什么样子。 夜行抹茶 ：旅游UP主。 谢拉克洛瓦 ：艺术建筑，文案超级棒！ 小明同学不懂艺术 ：带你追本溯源一些画作的历史故事，揭开他们的真正面目。,https://www.zhihu.com/question/291506148/answer/2810334107
教育,生物/医学健康,10552,2,2,0,0,0,2,11. 教育 北师大刘文利 ：北京师范大学教授、儿童性教育专家。 DD第二代 ：“我的梦想是，至少(首先)得让全中国几千万性少数群体，每个人都看过我的视频！” 林林Eileen ：心理/生物/性教育。,https://www.zhihu.com/question/291506148/answer/2810334107
数学,数学/物理,10552,2,2,0,2,0,0,2. 数学 Frank-FuckPPT ：打破死板教学，数学也可以很简单易懂。 薛定饿了么 ：通过生动有趣的科普视频来介绍数学以及物理学中的各种深奥而又有趣的内容。 一数 ：非常基础、非常扎实的数学课，即便是小白也可以理解。,https://www.zhihu.com/question/291506148/answer/2810334107
文采飘逸,历史/军事,10552,2,2,0,2,0,0,文采飘逸 ：同样为历史专业讲座课程。 沙盘上的战争 ：用三维地图来推演近现代各经典战例，适于军事及历史爱好者。 冲浪普拉斯 ：商业历史，听一下商业大佬的故事。 小约翰可汗 ：另类角度解读历史事件和人物，保证让你捧腹。 我们这颗星球OurPlanet ：从环太平洋开始的环球之旅，见证最早的航海家将海洋文明的种子散布到整个太平洋的故事。,https://www.zhihu.com/question/291506148/answer/2810334107
新像素,综合知识/泛科普,10552,2,2,0,2,0,0,新像素 ：国内少数几个免费公开高质量的Figma教学视频，且会经常更新。 社会设计在中国 ：央美子书老师组织的关于社会设计的系列讲座。 设计拆想 ：产品拆解过程中，理解设计的想法。 推荐阅读 你们是喜欢用网易云还是酷狗？,https://www.zhihu.com/question/291506148/answer/2810334107
昂克英文君,数学/物理,10552,2,2,0,2,0,0,昂克英文君 ：英语、职场很多技巧和干货。 2. 数学 Frank-FuckPPT ：打破死板教学，数学也可以很简单易懂。 薛定饿了么 ：通过生动有趣的科普视频来介绍数学以及物理学中的各种深奥而又有趣的内容。 一数 ：非常基础、非常扎实的数学课，即便是小白也可以理解。,https://www.zhihu.com/question/291506148/answer/2810334107
有Li,生物/医学健康,10552,2,2,0,2,0,0,有Li ：医学影像组学入门教程。 15. 设计 王M争 ：我们身边耳熟能详的产品设计。 YouTube设计精选 ：精选YouTube最优秀的设计视频。 设计师的睡前毒物 ：每天分享一个设计小技巧。,https://www.zhihu.com/question/291506148/answer/2810334107
李银河,人文社科/国际政治,10552,2,2,0,2,0,0,李银河 ：中国社会学家。 源姨 ：喜欢探究人心和人性。 沈奕斐 ：从社会学的角度向我们分析两性关系，可以让你在女性，在两性关系，在从爱情到婚姻的整个话题上都有很多的启发。 9. 高中 Free高考英语 ：高中英语跟他就完了，新东方名师，18年高考英语教龄。,https://www.zhihu.com/question/291506148/answer/2810334107
杜滑滑,综合知识/泛科普,10552,2,2,0,2,0,0,杜滑滑 ：有很多好看的纪录片，IMAX、Netflix、探索频道、CCTV等。 纪录片之家字幕组 ：很多纪录片资源哦，且个人感觉这些纪录片还蛮小众的，精致的美。 猎手吧 ：有很多好看的有意思的纪录片，涉及的领域也很广。 6. 音乐 硬核麻将 ：讲解很厉害的操作，深入混音，告别野鸡教程,https://www.zhihu.com/question/291506148/answer/2810334107
杨一呦,生物/医学健康,10552,2,2,0,2,0,0,杨一呦 ：教育学、社会、心理。 善解童贞2001 ：爱与科学解读孩子的性。 12. 心理 看懂村 ：更加魔性的动画和陪音 让一知半解的知识变得有趣。 心理满 ：很实用的心理知识。,https://www.zhihu.com/question/291506148/answer/2810334107
果壳,生物/医学健康,10552,2,2,0,2,0,0,果壳 ：果壳网官方账号。 夹性芝士 ：性知识科普 视知 ：理解复杂世界 碳十二 ：优质课程资源库 冷静医夏 ：科普中医知识，风格有趣可爱，讲的通俗易懂。,https://www.zhihu.com/question/291506148/answer/2810334107
正月点灯笼,计算机/编程,10552,2,2,0,2,0,0,正月点灯笼 ：讲东西和解释都非常清楚。 SchelleyYuki ：很多对于计算机编程方面的知识与心得。 阿阳热爱前端 ：专攻前端内容，讲解的非常不错。 韩顺平 ：无论是编程小白还是初级开发都非常适用。 鱼C-小甲鱼 ：关于Python、C语言的课程讲的很好。,https://www.zhihu.com/question/291506148/answer/2810334107
求职救星瑞秋姐姐,生物/医学健康,10552,2,2,0,0,0,2,求职救星瑞秋姐姐 ：很厉害的一个500强HR分享求职技巧。 11. 教育 北师大刘文利 ：北京师范大学教授、儿童性教育专家。 DD第二代 ：“我的梦想是，至少(首先)得让全中国几千万性少数群体，每个人都看过我的视频！” 林林Eileen ：心理/生物/性教育。,https://www.zhihu.com/question/291506148/answer/2810334107
沈奕斐,人文社科/国际政治,10552,2,2,0,2,0,0,沈奕斐 ：从社会学的角度向我们分析两性关系，可以让你在女性，在两性关系，在从爱情到婚姻的整个话题上都有很多的启发。 9. 高中 Free高考英语 ：高中英语跟他就完了，新东方名师，18年高考英语教龄。 树林同学- 推荐高考生看看高考百天冲刺450到684的那个视频，大学生可以看看其它心理学的视频，真的会有很大收获的。,https://www.zhihu.com/question/291506148/answer/2810334107
没脸鉴人,生物/医学健康,10552,2,2,0,0,0,2,没脸鉴人 ：历史辟谣。 安因思谈 ：描述一些方法论，历史等，尝试解决生活中一些问题 回到2049 ：为真理而斗争！ 稚嫩的魔法师 ：以游戏沙盘形式读西晋至东晋历史 讲历史的赵冬梅 ：北大历史系教授。,https://www.zhihu.com/question/291506148/answer/2810334107
源姨,人文社科/国际政治,10552,2,2,0,2,0,0,源姨 ：喜欢探究人心和人性。 沈奕斐 ：从社会学的角度向我们分析两性关系，可以让你在女性，在两性关系，在从爱情到婚姻的整个话题上都有很多的启发。 9. 高中 Free高考英语 ：高中英语跟他就完了，新东方名师，18年高考英语教龄。,https://www.zhihu.com/question/291506148/answer/2810334107
灰细胞,生物/医学健康,10552,2,2,0,0,0,2,灰细胞 ：有些（很多）视频看会脸红。 吟游诗人基德 ：涉及知识面非常广。 画渣花小烙 ：通过绘画的方式科普知识。 小宇Boi ：各种黑科技知识。 老龙山下的狐狸 ：懂得越多，未解之谜越少。,https://www.zhihu.com/question/291506148/answer/2810334107
爱看报的Kris,生物/医学健康,10552,2,2,0,2,0,0,爱看报的Kris ：在美生物医学博士留学生，癌症、衰老领域大佬。 xgkyokou ：医学临床科研数据分析。 Chubbyemu ：有一些医学生活，常识，也能通俗的表达出来。 有Li ：医学影像组学入门教程。 15. 设计,https://www.zhihu.com/question/291506148/answer/2810334107
猎手吧,综合知识/泛科普,10552,2,2,0,2,0,0,猎手吧 ：有很多好看的有意思的纪录片，涉及的领域也很广。 6. 音乐 硬核麻将 ：讲解很厉害的操作，深入混音，告别野鸡教程 音樂家的無聊人生 ：分享很多动听音乐。 蝙蝠音乐 ：midi音乐制作与效果器方面的使用，还有很多编曲软件的教学，同时还有很多国外熟肉视频。,https://www.zhihu.com/question/291506148/answer/2810334107
王M争,生物/医学健康,10552,2,2,0,2,0,0,王M争 ：我们身边耳熟能详的产品设计。 YouTube设计精选 ：精选YouTube最优秀的设计视频。 设计师的睡前毒物 ：每天分享一个设计小技巧。 KurTips ：很多不错的平面设计教程。 IDJ小九九 ：工业设计方向。,https://www.zhihu.com/question/291506148/answer/2810334107
王一快,生物/医学健康,10552,2,2,0,2,0,0,王一快 ：有趣搞笑又干货满满，教你职业选择，传授职场技巧！ 求职救星瑞秋姐姐 ：很厉害的一个500强HR分享求职技巧。 11. 教育 北师大刘文利 ：北京师范大学教授、儿童性教育专家。 DD第二代 ：“我的梦想是，至少(首先)得让全中国几千万性少数群体，每个人都看过我的视频！”,https://www.zhihu.com/question/291506148/answer/2810334107
王受之,综合知识/泛科普,10552,2,2,0,2,0,0,王受之 ：设计与艺术理论家。 新像素 ：国内少数几个免费公开高质量的Figma教学视频，且会经常更新。 社会设计在中国 ：央美子书老师组织的关于社会设计的系列讲座。 设计拆想 ：产品拆解过程中，理解设计的想法。,https://www.zhihu.com/question/291506148/answer/2810334107
玩艺术的吴雅琳,生物/医学健康,10552,2,2,0,0,0,2,玩艺术的吴雅琳 ：广州美术学院教授、美院中国传统雕塑研究所、数码雕塑中心创始人。 14. 医学 兔叭咯 ：医学方向健康up主。 爱看报的Kris ：在美生物医学博士留学生，癌症、衰老领域大佬。 xgkyokou ：医学临床科研数据分析。,https://www.zhihu.com/question/291506148/answer/2810334107
理工男验光师商思林,生物/医学健康,10552,2,2,0,2,0,0,理工男验光师商思林 ：给大家提供了一些程序的相关心得以及经验。 技术研究院 ：ABplc讲的不错，直播内容解答详细。 所长林超 ：up主结合时事分析当前世界发展态势，逻辑清晰，思路明确。 方猫boom ：很多东西都是我们身边经常接触到的。 杜滑滑 ：有很多好看的纪录片，IMAX、Netflix、探索频道、CCTV等。,https://www.zhihu.com/question/291506148/answer/2810334107
男闺蜜kz,人文社科/国际政治,10552,2,2,0,2,0,0,男闺蜜kz ：情感区搞笑up主。 李银河 ：中国社会学家。 源姨 ：喜欢探究人心和人性。 沈奕斐 ：从社会学的角度向我们分析两性关系，可以让你在女性，在两性关系，在从爱情到婚姻的整个话题上都有很多的启发。 9. 高中,https://www.zhihu.com/question/291506148/answer/2810334107
画渣花小烙,科普/自然科学,10552,2,2,0,0,0,2,"画渣花小烙 ：通过绘画的方式科普知识。 小宇Boi ：各种黑科技知识。 老龙山下的狐狸 ：懂得越多，未解之谜越少。 老K的无聊杂谈 ：主要讲中国自建国以来的几场工业,科技,经济领域的崛起,能让人看的热血沸腾。 蔻享学术 ：全科学术分享。",https://www.zhihu.com/question/291506148/answer/2810334107
白花恋诗彩,生物/医学健康,10552,2,2,0,2,0,0,白花恋诗彩 ：十分钟速成课系列相当不错 科普中国 ：让科技知识在生活中流行 军武志 ：军事类科普。 WhatOnEarth一探究竟 ：有趣知识，文化故事，科技解释。 柴知道 ：各种生活中常见问题的科普。,https://www.zhihu.com/question/291506148/answer/2810334107
看懂村,生物/医学健康,10552,2,2,0,2,0,0,看懂村 ：更加魔性的动画和陪音 让一知半解的知识变得有趣。 心理满 ：很实用的心理知识。 心理学陈祉妍 ：中国科学院心理研究所国民心理健康评估发展中心负责人、中科院心理所教授、硕士生导师。 阪神电车 ：自体心理学解读。 心理学家Tracey ：精神科医生，从事心理健康教育。,https://www.zhihu.com/question/291506148/answer/2810334107
硬核麻将,综合知识/泛科普,10552,2,2,0,2,0,0,硬核麻将 ：讲解很厉害的操作，深入混音，告别野鸡教程 音樂家的無聊人生 ：分享很多动听音乐。 蝙蝠音乐 ：midi音乐制作与效果器方面的使用，还有很多编曲软件的教学，同时还有很多国外熟肉视频。 GC伊格尼斯 ：良心up主。 AnProphet ：编管弦乐教学。,https://www.zhihu.com/question/291506148/answer/2810334107
碳十二,生物/医学健康,10552,2,2,0,2,0,0,碳十二 ：优质课程资源库 冷静医夏 ：科普中医知识，风格有趣可爱，讲的通俗易懂。 灰细胞 ：有些（很多）视频看会脸红。 吟游诗人基德 ：涉及知识面非常广。 画渣花小烙 ：通过绘画的方式科普知识。,https://www.zhihu.com/question/291506148/answer/2810334107
社会设计在中国,生物/医学健康,10552,2,2,0,2,0,0,社会设计在中国 ：央美子书老师组织的关于社会设计的系列讲座。 设计拆想 ：产品拆解过程中，理解设计的想法。 推荐阅读 你们是喜欢用网易云还是酷狗？ Zlibrary被封了，到底该去哪下载电子书啊？,https://www.zhihu.com/question/291506148/answer/2810334107
科学声音,生物/医学健康,10552,2,2,0,2,0,0,科学声音 ：科学领域科普知识。 天冬Asp ：植物科普，风趣幽默。 眼见为识 ：视频长而质量极高，硬核科普，强烈推荐。 不务正业的李雷 ：中科院生物学博士，生物医学方向科普。 白花恋诗彩 ：十分钟速成课系列相当不错,https://www.zhihu.com/question/291506148/answer/2810334107
科普中国,生物/医学健康,10552,2,2,0,2,0,0,科普中国 ：让科技知识在生活中流行 军武志 ：军事类科普。 WhatOnEarth一探究竟 ：有趣知识，文化故事，科技解释。 柴知道 ：各种生活中常见问题的科普。 果壳 ：果壳网官方账号。,https://www.zhihu.com/question/291506148/answer/2810334107
编程,生物/医学健康,10552,2,2,0,2,0,0,3. 编程 正月点灯笼 ：讲东西和解释都非常清楚。 SchelleyYuki ：很多对于计算机编程方面的知识与心得。 阿阳热爱前端 ：专攻前端内容，讲解的非常不错。 韩顺平 ：无论是编程小白还是初级开发都非常适用。,https://www.zhihu.com/question/291506148/answer/2810334107
老K的无聊杂谈,综合知识/泛科普,10552,2,2,0,2,0,0,"老K的无聊杂谈 ：主要讲中国自建国以来的几场工业,科技,经济领域的崛起,能让人看的热血沸腾。 蔻享学术 ：全科学术分享。 听君一席课 ：国内外大学课程分享 两颗熟李子 ：硬核科普，通过多渲染引擎梦幻联动讲述一些复杂或难以理解的理论。 李永乐老师官方 ：通俗易懂，严谨有趣。",https://www.zhihu.com/question/291506148/answer/2810334107
老姚吉他,生物/医学健康,10552,2,2,0,2,0,0,"老姚吉他 ：对吉他初学者十分友好，不仅有歌曲教学还有乐理~ 冰零-Mahiru忠诚眷属 ：一百秒乐理系列，用音乐加上注解，让你懂得如果使用更多的和声进行，拓宽音乐想象。 鹦鹉咖 ：编曲与乐理方面的教程，很专业。 7. 人文地理 Yoloidea ：不出名的人文Up，精神荒原在下沉,我们依旧在狂欢。",https://www.zhihu.com/question/291506148/answer/2810334107
老龙山下的狐狸,综合知识/泛科普,10552,2,2,0,2,0,0,"老龙山下的狐狸 ：懂得越多，未解之谜越少。 老K的无聊杂谈 ：主要讲中国自建国以来的几场工业,科技,经济领域的崛起,能让人看的热血沸腾。 蔻享学术 ：全科学术分享。 听君一席课 ：国内外大学课程分享 两颗熟李子 ：硬核科普，通过多渲染引擎梦幻联动讲述一些复杂或难以理解的理论。",https://www.zhihu.com/question/291506148/answer/2810334107
职场,生物/医学健康,10552,2,2,0,2,0,0,10. 职场 鹅姐职场 ：干活满满的职场up主，应届生可以通过这个提前了解和学习，职场老油条可以反思自己的职业生涯。 王一快 ：有趣搞笑又干货满满，教你职业选择，传授职场技巧！ 求职救星瑞秋姐姐 ：很厉害的一个500强HR分享求职技巧。,https://www.zhihu.com/question/291506148/answer/2810334107
臧无尤,生物/医学健康,10552,2,2,0,2,0,0,臧无尤 ：有内容有反思，浅显易懂的解构。 作曲奥校-陈文戈 ：”作曲理论日新月异，奥校助你一臂之力~“ 元子弹吉他 ：学习吉他可以去了解元子老师，真的挺好的。 老姚吉他 ：对吉他初学者十分友好，不仅有歌曲教学还有乐理~ 冰零-Mahiru忠诚眷属 ：一百秒乐理系列，用音乐加上注解，让你懂得如果使用更多的和声进行，拓宽音乐想象。,https://www.zhihu.com/question/291506148/answer/2810334107
艾栗夏,人文社科/国际政治,10552,2,2,0,0,0,2,艾栗夏 ：一个非常有潜力的up主，每一个视频都能让人感受到倾注其中的细腻情感与奇思。 马督工 ：对于时政要闻的点评与分析，不能说一定正确，但是观点通常很新颖。 8. 情感 男闺蜜kz ：情感区搞笑up主。 李银河 ：中国社会学家。,https://www.zhihu.com/question/291506148/answer/2810334107
英语的平行世界,生物/医学健康,10552,2,2,0,2,0,0,英语的平行世界 ：学习 基础语法 的同学一定不要错过！ 哈佛雪梨 ：哈佛大学语言教育硕士，原流利说教研负责人。 麻婆地 ：发音很标准，内容很专业。 FanfaniShare ：在美国教英语的中国人，质量不言而喻。 Nickcen英语课堂 ：内容通俗易懂，很容易理解。,https://www.zhihu.com/question/291506148/answer/2810334107
蔻享学术,综合知识/泛科普,10552,2,2,0,2,0,0,蔻享学术 ：全科学术分享。 听君一席课 ：国内外大学课程分享 两颗熟李子 ：硬核科普，通过多渲染引擎梦幻联动讲述一些复杂或难以理解的理论。 李永乐老师官方 ：通俗易懂，严谨有趣。 理工男验光师商思林 ：给大家提供了一些程序的相关心得以及经验。,https://www.zhihu.com/question/291506148/answer/2810334107
蝙蝠音乐,综合知识/泛科普,10552,2,2,0,2,0,0,蝙蝠音乐 ：midi音乐制作与效果器方面的使用，还有很多编曲软件的教学，同时还有很多国外熟肉视频。 GC伊格尼斯 ：良心up主。 AnProphet ：编管弦乐教学。 鹿哥来了- ：浅显易懂，生动有趣，古典音乐科普。 周末音乐 ：音乐制作等。,https://www.zhihu.com/question/291506148/answer/2810334107
视知,生物/医学健康,10552,2,2,0,2,0,0,视知 ：理解复杂世界 碳十二 ：优质课程资源库 冷静医夏 ：科普中医知识，风格有趣可爱，讲的通俗易懂。 灰细胞 ：有些（很多）视频看会脸红。 吟游诗人基德 ：涉及知识面非常广。,https://www.zhihu.com/question/291506148/answer/2810334107
讲历史的赵冬梅,生物/医学健康,10552,2,2,0,0,0,2,讲历史的赵冬梅 ：北大历史系教授。 青蛙刀圣_1993 ：相信我，绝对能在趣味中学到很多知识。 历史启示录 ：以纪录片形式介绍了很多个国家的历史。 诸葛呈像1895 ：中视频，很多关于近代历史的解读。 5. 科普,https://www.zhihu.com/question/291506148/answer/2810334107
设计,生物/医学健康,10552,2,2,0,2,0,0,15. 设计 王M争 ：我们身边耳熟能详的产品设计。 YouTube设计精选 ：精选YouTube最优秀的设计视频。 设计师的睡前毒物 ：每天分享一个设计小技巧。 KurTips ：很多不错的平面设计教程。,https://www.zhihu.com/question/291506148/answer/2810334107
设计师的睡前毒物,生物/医学健康,10552,2,2,0,2,0,0,设计师的睡前毒物 ：每天分享一个设计小技巧。 KurTips ：很多不错的平面设计教程。 IDJ小九九 ：工业设计方向。 oooooohmygosh ：通过自己的理解讲述设计，清晰明了。 Breanna设计分享 ：多家世界500强资深用户体验专业人士。,https://www.zhihu.com/question/291506148/answer/2810334107
设计拆想,学习/考试,10552,2,2,0,2,0,0,设计拆想 ：产品拆解过程中，理解设计的想法。 推荐阅读 你们是喜欢用网易云还是酷狗？ Zlibrary被封了，到底该去哪下载电子书啊？ hello，大家好，我是Jackpop，重点大学本科毕业后保送到哈工大计算数学专业读研，有多年国内头部互联网、IT公司工作经验，先后从事过计算机视觉、推荐系统、后端、数据等相关工作。如果同学们在 升学考研、职业规划、高考志愿、简历优化、技术学习 等方面有困惑，欢迎大家前来咨询！,https://www.zhihu.com/question/291506148/answer/2810334107
诸葛呈像1895,生物/医学健康,10552,2,2,0,0,0,2,诸葛呈像1895 ：中视频，很多关于近代历史的解读。 5. 科普 思维实验室 ：历史、生物等方向科普。 毕导THU ：总之非常轻松有意思。 学院派Academia ：社会学科普方向。,https://www.zhihu.com/question/291506148/answer/2810334107
谢拉克洛瓦,生物/医学健康,10552,2,2,0,0,0,2,谢拉克洛瓦 ：艺术建筑，文案超级棒！ 小明同学不懂艺术 ：带你追本溯源一些画作的历史故事，揭开他们的真正面目。 玩艺术的吴雅琳 ：广州美术学院教授、美院中国传统雕塑研究所、数码雕塑中心创始人。 14. 医学 兔叭咯 ：医学方向健康up主。,https://www.zhihu.com/question/291506148/answer/2810334107
遇见狂神说,计算机/编程,10552,2,2,0,2,0,0,遇见狂神说 ：理论与实战相结合，Java后端值得看一下。 动画讲编程 ：用动画讲编程，非常有意思且易理解。 古城算法 ：数据结构和算法，讲得很好。 4. 历史 安州牧 ：讲解南北朝史给我留下深刻印象，意犹未尽。,https://www.zhihu.com/question/291506148/answer/2810334107
郭爷物理,生物/医学健康,10552,2,2,0,2,0,0,郭爷物理 ：物理讲得十分生动清晰的一位老师，无论是学高考物理还是物理竞赛、甚至大学物理，都可以听他的课。 10. 职场 鹅姐职场 ：干活满满的职场up主，应届生可以通过这个提前了解和学习，职场老油条可以反思自己的职业生涯。 王一快 ：有趣搞笑又干货满满，教你职业选择，传授职场技巧！ 求职救星瑞秋姐姐 ：很厉害的一个500强HR分享求职技巧。,https://www.zhihu.com/question/291506148/answer/2810334107
酋知鱼,生物/医学健康,10552,2,2,0,0,2,0,酋知鱼 ：一条在知识的海洋中溺水的鱼，从多元视角来探索世界，很有启发性。 艾栗夏 ：一个非常有潜力的up主，每一个视频都能让人感受到倾注其中的细腻情感与奇思。 马督工 ：对于时政要闻的点评与分析，不能说一定正确，但是观点通常很新颖。 8. 情感 男闺蜜kz ：情感区搞笑up主。,https://www.zhihu.com/question/291506148/answer/2810334107
钱丢丢,生物/医学健康,10552,2,2,0,2,0,0,钱丢丢- ：笑谈天下惊鬼神，指点江山奇古今。 专心种花兔 ：纸上谈兵区up主，致力于将历史上破碎的帝国在当今重新整合。 草说木言 ：很专业，唯物史观，内容做的非常好。 唠点历史 ：都是干货，讲的很好。 于赓哲老师 ：百家讲坛老师，给我留下了深刻印象。,https://www.zhihu.com/question/291506148/answer/2810334107
阪神电车,生物/医学健康,10552,2,2,0,2,0,0,阪神电车 ：自体心理学解读。 心理学家Tracey ：精神科医生，从事心理健康教育。 Psych2go中文站 ：都是生活中常见的心理问题。 林林Eileen ：心理、生理、性教育。 大又元 ：知识分享，书籍推荐，社会讨论，背景音乐易进心流。,https://www.zhihu.com/question/291506148/answer/2810334107
阿阳热爱前端,计算机/编程,10552,2,2,0,2,0,0,阿阳热爱前端 ：专攻前端内容，讲解的非常不错。 韩顺平 ：无论是编程小白还是初级开发都非常适用。 鱼C-小甲鱼 ：关于Python、C语言的课程讲的很好。 遇见狂神说 ：理论与实战相结合，Java后端值得看一下。 动画讲编程 ：用动画讲编程，非常有意思且易理解。,https://www.zhihu.com/question/291506148/answer/2810334107
青蛙刀圣_1993,生物/医学健康,10552,2,2,0,0,0,2,青蛙刀圣_1993 ：相信我，绝对能在趣味中学到很多知识。 历史启示录 ：以纪录片形式介绍了很多个国家的历史。 诸葛呈像1895 ：中视频，很多关于近代历史的解读。 5. 科普 思维实验室 ：历史、生物等方向科普。,https://www.zhihu.com/question/291506148/answer/2810334107
韩顺平,计算机/编程,10552,2,2,0,2,0,0,韩顺平 ：无论是编程小白还是初级开发都非常适用。 鱼C-小甲鱼 ：关于Python、C语言的课程讲的很好。 遇见狂神说 ：理论与实战相结合，Java后端值得看一下。 动画讲编程 ：用动画讲编程，非常有意思且易理解。 古城算法 ：数据结构和算法，讲得很好。,https://www.zhihu.com/question/291506148/answer/2810334107
音樂家的無聊人生,综合知识/泛科普,10552,2,2,0,2,0,0,音樂家的無聊人生 ：分享很多动听音乐。 蝙蝠音乐 ：midi音乐制作与效果器方面的使用，还有很多编曲软件的教学，同时还有很多国外熟肉视频。 GC伊格尼斯 ：良心up主。 AnProphet ：编管弦乐教学。 鹿哥来了- ：浅显易懂，生动有趣，古典音乐科普。,https://www.zhihu.com/question/291506148/answer/2810334107
马督工,人文社科/国际政治,10552,2,2,0,2,0,0,马督工 ：对于时政要闻的点评与分析，不能说一定正确，但是观点通常很新颖。 8. 情感 男闺蜜kz ：情感区搞笑up主。 李银河 ：中国社会学家。 源姨 ：喜欢探究人心和人性。,https://www.zhihu.com/question/291506148/answer/2810334107
高中,生物/医学健康,10552,2,2,0,2,0,0,9. 高中 Free高考英语 ：高中英语跟他就完了，新东方名师，18年高考英语教龄。 树林同学- 推荐高考生看看高考百天冲刺450到684的那个视频，大学生可以看看其它心理学的视频，真的会有很大收获的。,https://www.zhihu.com/question/291506148/answer/2810334107
鹅姐职场,生物/医学健康,10552,2,2,0,2,0,0,鹅姐职场 ：干活满满的职场up主，应届生可以通过这个提前了解和学习，职场老油条可以反思自己的职业生涯。 王一快 ：有趣搞笑又干货满满，教你职业选择，传授职场技巧！ 求职救星瑞秋姐姐 ：很厉害的一个500强HR分享求职技巧。 11. 教育 北师大刘文利 ：北京师范大学教授、儿童性教育专家。,https://www.zhihu.com/question/291506148/answer/2810334107
鹦鹉咖,生物/医学健康,10552,2,2,0,0,2,0,"鹦鹉咖 ：编曲与乐理方面的教程，很专业。 7. 人文地理 Yoloidea ：不出名的人文Up，精神荒原在下沉,我们依旧在狂欢。 安森垚 ：语速非常快，谣言粉碎者，自诩知识贩子。 酋知鱼 ：一条在知识的海洋中溺水的鱼，从多元视角来探索世界，很有启发性。",https://www.zhihu.com/question/291506148/answer/2810334107
鹿哥来了,生物/医学健康,10552,2,2,0,2,0,0,鹿哥来了- ：浅显易懂，生动有趣，古典音乐科普。 周末音乐 ：音乐制作等。 臧无尤 ：有内容有反思，浅显易懂的解构。 作曲奥校-陈文戈 ：”作曲理论日新月异，奥校助你一臂之力~“ 元子弹吉他 ：学习吉他可以去了解元子老师，真的挺好的。,https://www.zhihu.com/question/291506148/answer/2810334107
麻婆地,生物/医学健康,10552,2,2,0,2,0,0,麻婆地 ：发音很标准，内容很专业。 FanfaniShare ：在美国教英语的中国人，质量不言而喻。 Nickcen英语课堂 ：内容通俗易懂，很容易理解。 Chubbyemu ：英语结合有趣的医学案例。 八哥smile ：风格非常有趣。,https://www.zhihu.com/question/291506148/answer/2810334107
渤海小吏,历史/军事,10524,17,2,15,3,3,11,你听他草草两句话讲完战国史，还真不如看渤海小吏的长平之战的解读视频，差距都是对比出来的。,https://www.zhihu.com/question/399244026/answer/3619361391
摄影师泰罗,艺术/审美,10492,2,2,0,1,0,1,2. 摄影师泰罗 原创的后期教程。蛮喜欢的一个up主，本科华南理工建筑系的，保研到同济建筑。 视频逻辑非常强，教程很简单易懂，而且人很真诚。 他做的LR系列课程我十分推荐！！！！之前看的是秋凉，秋凉没怎么讲过曲线和色彩，就去网上自己查了很多曲线相关的知识。但泰罗讲的完全重塑了我之前认知……（好吧一定是我太菜了,https://www.zhihu.com/question/312241261/answer/1066491001
冷水煮乐器,历史/军事,10426,2,2,0,0,2,0,16.冷水煮乐器 莫名想写他 17.粤知一二，疯粤crazycanton 喜欢粤语文化的，可以看看 18.环球时报，观察者网,https://www.zhihu.com/question/292372507/answer/491646875
三千院凪,综合知识/泛科普,10273,1,1,0,0,0,1,要不是 @三千院凪 跟我说，我压根不知道ttkp背后的故事。非常令人敬佩的一位up。,https://www.zhihu.com/question/365100571/answer/966921907
小脑筋是这样的,综合知识/泛科普,10273,1,1,0,0,0,1,小脑筋是这样的： 百大页面点开是这个页面。 点开了下方的按钮“完整百大名单”。 然后跳出了这个页面。 页面下半部分是颜色渐渐变淡的淡出。,https://www.zhihu.com/question/365100571/answer/966921907
果酱字幕组,科普/自然科学,9873,1,1,0,0,0,1,纪录片《重生》逼真再现建国岁月 河西走廊团队新作@果酱字幕组,https://www.zhihu.com/question/19956869/answer/113068691
柚子木字幕组,科普/自然科学,9873,1,1,0,0,0,1,【科普】宇宙毁灭的3种方式 @柚子木字幕组,https://www.zhihu.com/question/19956869/answer/113068691
历史领域,综合知识/泛科普,9796,2,2,0,2,0,0,历史领域：弯道超车的佐尔格，老喵猫喵，稚嫩的魔法师，卢格杜努姆的奥古斯丁，凯旋战史，章鱼益达，训练有素的将军，瑶光指东，卧烟同人社，胡风南渡，机智炯炯诺西罗 科技领域：Linvo说宇宙，科学认识论，茂的模，眼见为实，机坪夜话 1. 历史领域： 弯道超车的佐尔格。代表系列：苏俄革命史，内战史，苏俄二十年代经济政治。个人最喜欢的历史区up，主讲苏俄历史及国际共运。内容充实严谨，视频音画无可挑剔，质量极高。,https://www.zhihu.com/question/291506148/answer/3015453485
科技领域,综合知识/泛科普,9796,2,2,0,2,0,0,科技领域：Linvo说宇宙，科学认识论，茂的模，眼见为实，机坪夜话 1. 历史领域： 弯道超车的佐尔格。代表系列：苏俄革命史，内战史，苏俄二十年代经济政治。个人最喜欢的历史区up，主讲苏俄历史及国际共运。内容充实严谨，视频音画无可挑剔，质量极高。 老喵猫喵。代表系列：十字军东征史，英法百年战争史。按时间顺序讲述，内容详实丰富，就是更新有点慢。,https://www.zhihu.com/question/291506148/answer/3015453485
鲲哥带你学数学,科普/自然科学,9766,2,2,0,2,0,0,2、 鲲哥带你学数学 一个解析数学知识的UP主。 鲲哥的数学视频，分为基础篇，和决胜985/211篇。 其中基础篇有基础2000题解析，这个对于普通学生来讲，非常有用！ 决胜985/211篇，有800道习题解析，不过这个用于高考前的冲刺比较好！,https://www.zhihu.com/question/376032562/answer/1120368698
纳豆奶奶,综合知识/泛科普,9579,3,2,1,1,2,0,纳豆奶奶：第三个震惊到我的。B站你是等着被冲烂吗？纳豆奶奶这样一个虚伪小人，她的评论区都被爆了，你还给了她百大？如果说回形针是收了钱，罗汉是膨胀贪财，纳豆奶奶这就是纯粹的坏了。说真的，如果不是她忘了切小号，很难想象那个素人博主会被网暴成什么样子。B站你好自为之吧。纳豆奶奶的瓜详见B站BV1bf4y1Q7g2 奶糕成精档案社：萌宠区的新起之秀，视频总量不多，我看的也不多，不过他的视频质量很高，百大没问题。 努力的lorre：因为疫情原因…,https://www.zhihu.com/question/438840235/answer/1672129735
上文中我经历相似的包括,财经/商业,9460,1,1,0,0,0,1,上文中我经历相似的包括： 【入职一个月后就开始接到挖人的电话，中资和外资都有（含瑞信），猎头还让我帮忙介绍candidate】 【项目上接触的国企领导后来因经济问题被立案调查，但不知道最后判没判】 【忙季经常连轴转，连续两天没有时间睡觉】,https://www.zhihu.com/question/374040704/answer/1044706638
不规范引用,财经/商业,9460,1,1,0,0,0,1,二、不规范引用 《保时捷恶意并购》视频： 经自查，本期问题在于经我二次修改后作为素材的图片未在发出视频时标注引用，去年十一月经网友指正补充，感谢指出问题的网友，具体整改请见本公告结尾 《香港金融保卫战》视频：,https://www.zhihu.com/question/374040704/answer/1044706638
与自身经历对比,科普/自然科学,9460,1,1,0,0,0,1,2.与自身经历对比： 上文中我没经历过的包括（套用别人的） ： 【上市的企业半年内就被人收购】、【项目失败后CEO出家信佛】、【辅导的企业不甘心最后上了新三板】，这些不是自己的真实经历 上文中我经历相似的包括：,https://www.zhihu.com/question/374040704/answer/1044706638
开始全面自查,科普/自然科学,9460,1,1,0,0,0,1,5、开始全面自查：重新检查全部视频是否还存在相关问题，如有问题及时公告并透明处理 6、未来会特别重视以上所有问题，从内，自己高标准严要求，从外，视频发布前我会专门雇佣第三方对每期作品进行审查，也希望大家持续监督我 最后再一次道歉 对不起,https://www.zhihu.com/question/374040704/answer/1044706638
我会做出以下调整,财经/商业,9460,1,1,0,0,1,0,五、我会做出以下调整： 1、下架并重做《金融行业》视频结尾，新重制的视频标明原版下架的问题原因，并道歉 2、在《杨超越与资本》第二版视频简介中说明已下架的第一版发生的洗稿事件，以及当时事件的来龙去脉，并再次向原作者道歉，一是向不知情的观众强调自身问题，也是长期鞭策我的版权意识,https://www.zhihu.com/question/374040704/answer/1044706638
洗稿,科普/自然科学,9460,1,1,0,0,1,0,三、洗稿 《杨超越与资本》视频： 杨超越第一版视频的部分文案，套用了数娱梦工厂（作者杨雪）文章的原文、推导逻辑、对赌实例和结论，构成洗稿，在去年十月被网友检举后删除视频并重制（现行版本是第二版），后发出公告道歉。这里再次向数娱梦工厂及原作者杨雪表达歉意。,https://www.zhihu.com/question/374040704/answer/1044706638
经历套用,财经/商业,9460,1,1,0,0,1,0,四、经历套用 《金融行业》视频， 结尾部分我将ECM前辈的心路历程与自身ECM经历与感悟融合，以第一视角表述，造成误导，构成套用他人经历行为，在此道歉， 以下逐条说明经历归属： 1 .引用内容包括：,https://www.zhihu.com/question/374040704/answer/1044706638
经历澄清,财经/商业,9460,1,1,0,0,0,1,一、经历澄清 由于《金融行业》视频结尾的经历套用问题（第四点会逐字说明），大家质疑我的老东家经历，并要求我公布更多个人和项目信息来证实自己。其实很多前同事通过声音就辨别出来了，也有很多人通过各种方式打听到了我，很多人要求我提供包括名片、各类照片，协议、参与过的项目文件甚至年会主持视频等证明，这些我仅对能承诺保密义务的各大平台官方工作人员、审核人员提供，我会通过私人微信一一提供证明（其实朋友圈就有很多了），但不再公开更多私人信息,https://www.zhihu.com/question/374040704/answer/1044706638
结尾提到的其他个人经历和感慨,财经/商业,9460,1,1,0,0,1,0,3.结尾提到的其他个人经历和感慨： 经历部分： 【主导某TMT项目（指发行路演），该项目被对手举报并舆论攻击，投资者流失、发行规模缩水】为我个人经历 【在合适的市场窗口下，躺着用微信介绍并撮合了某单大宗交易】为我个人经历,https://www.zhihu.com/question/374040704/answer/1044706638
他说,财经/商业,9396,4,4,0,3,0,1,他说 ：“ 我真的很感谢大家的支持，但是……但是就……给我很大压力，我很怕会形成一种商品的关系，我其实很想回馈给大家些什么，但是我怕有人会因为这些回馈氪金（笑），就……我很担心，有冲动消费的” 他说 “ 我没办法坦然接受啊，我优柔寡断的，老毛病了 ” 他说：“就朋友们，你们懂……确实……就是有些事儿吧……公司还是希望你冲一冲的，但是我个人吧……你们懂得，确实，而且我也拿了一个第一了，就……就……可以了可以了，我其实不习惯去大舞台上发表…,https://www.zhihu.com/question/264525046/answer/441814510
吴织亚切大忽悠,综合知识/泛科普,9154,2,2,0,0,0,2,@吴织亚切大忽悠 被爆性骚扰，还包括未满14周岁女性，帐号被永久禁封，目前转战虎牙；,https://www.zhihu.com/question/343851396/answer/815349532
先看了一眼比较关注的游戏区,艺术/审美,9124,1,1,0,0,0,1,先看了一眼比较关注的游戏区：王老菊和天天卡牌落选，敖厂长回归百大up，C菌继续稳如老狗。 当年b站还把王老菊作为b站上市招股书里5个杰出Content Creators里排第一个的代表。 而2020年王老菊自己做游戏的同时更新频率和质量也挺稳定，新视频稳定上热榜，也没出什么负面，单纯因为没有签约所以就人老菊黄了？还是说不会整活就不配当百大？？？,https://www.zhihu.com/question/438840235/answer/1672260299
入选了的,艺术/审美,9124,1,1,0,0,0,1,入选了的：冯提莫、纳豆奶奶、回形针、卡特亚…… 掉出去的：手工耿、极客湾、ilem、朱一旦、逗川、怪异君…………… 拿媒体机再开箱评价盒子阻尼和数据线长度的数码自媒体没掉出去，极客湾居然掉了出去？（无阴阳怪气，只是有的up越发敷衍，质量越发下滑）,https://www.zhihu.com/question/438840235/answer/1672260299
再多瞥了一眼其他区,艺术/审美,9124,1,1,0,0,0,1,再多瞥了一眼其他区： 入选了的：冯提莫、纳豆奶奶、回形针、卡特亚…… 掉出去的：手工耿、极客湾、ilem、朱一旦、逗川、怪异君…………… 拿媒体机再开箱评价盒子阻尼和数据线长度的数码自媒体没掉出去，极客湾居然掉了出去？（无阴阳怪气，只是有的up越发敷衍，质量越发下滑）,https://www.zhihu.com/question/438840235/answer/1672260299
掉出去的,艺术/审美,9124,1,1,0,0,0,1,掉出去的：手工耿、极客湾、ilem、朱一旦、逗川、怪异君…………… 拿媒体机再开箱评价盒子阻尼和数据线长度的数码自媒体没掉出去，极客湾居然掉了出去？（无阴阳怪气，只是有的up越发敷衍，质量越发下滑） ilem《达拉崩吧》今年被周深在《歌手》翻唱后点击率也是破一千万的，《达拉崩吧》都是社交平台高位热搜，说是镇站之宝不过分吧。,https://www.zhihu.com/question/438840235/answer/1672260299
逍遥散人,综合知识/泛科普,8837,3,2,1,2,0,1,逍遥散人：台柱子之一，不解释。 小艾大叔：我经常在首页刷到他的视频，但始终没关注他。感觉他给我们看的豪宅再多，对我们而言也没什么用。当然他进百大实至名归。 小潮院长：我不是很喜欢他，可能是我太严肃了，感觉他们的视频过于神经了。。。不过他进百大毫无争议，我也赞同。,https://www.zhihu.com/question/438840235/answer/1672129735
5号更新,综合知识/泛科普,8751,1,1,0,0,0,1,9.5号更新：本回答仅整理发生的事情，以及相应的回复。至于是否归为“暗杀”不予评价。大家请保留独立思考，再次感谢点赞的帅哥美女 罗汉解说 揭露264万粉丝百大UP主罗汉解说不为人知的一面_哔哩哔哩 (゜-゜)つロ 干杯~-bilibili 感谢知友提供的事件简述 目前暂无回应,https://www.zhihu.com/question/384542217/answer/1161267026
回应,财经/商业,8751,1,1,0,0,0,1,回应： 我不会逃避过去，过去也没有你们想的也没有那么糟糕_哔哩哔哩 (゜-゜)つロ 干杯~-bilibili 温柔JUNZ 事件：被质疑蹭疫情热度 目前的回应,https://www.zhihu.com/question/384542217/answer/1161267026
LKs,综合知识/泛科普,8698,2,2,0,1,0,1,10、-LKs 一个科技领域的up主。 虽然更新不快，但是每次的视频都是精心制作的。因为之前是拳头游戏的员工，所以对LOL非常了解。LOL编年史也是非常良心、有趣的一个视频，感兴趣的可以去看看！ 雷克塞的女朋友十音也是一个非常赞的up主。,https://www.zhihu.com/question/57848134/answer/831171915
ilem,综合知识/泛科普,8610,2,2,0,1,0,1,ilem：教主今年一共更了那么点视频，再进不太好了。但他没进百大，也就代表着B站放弃了自己起家的音乐文化，有点唏嘘。 oeloop：小道消息称oe拒绝了百大，所以没有入选。 黑椒墨鱼：同逗川。 波桑吃遍世界：又是一个视频风格走到头的up主。转型也很不成功，上了好几次掉粉榜，落选正常。 尕天堂：动画区人才越来越少了，天堂又没什么流量。不过今年瓶子能替代他进百大也还可以。,https://www.zhihu.com/question/438840235/answer/1672129735
假美食po主,综合知识/泛科普,8610,2,2,0,0,0,2,假美食po主：去年就该进百大的浪浪今年终于如愿了。看她的视频真的很让人快乐。浪浪实至名归。 敬汉卿：敬汉卿年底都成掉粉榜常客了，靠着粉丝数量继续连任百大，我估计明年就没他了。 卡特亚：在B站力捧原神等游戏的今天，卡特亚作为二次元手游的代表人物，理应占得百大一席之地。虽然我觉得大部分玩家都挺讨厌他，很不满他入选百大。但他毕竟是影响力最大的。B站要恰饭的嘛,https://www.zhihu.com/question/438840235/answer/1672129735
啊吗粽,综合知识/泛科普,8610,2,2,0,0,0,2,啊吗粽：没悬念，瑞哥一直很稳，无论是视频质量还是私德都没什么可调挑剔的，百大实至名归。 阿幕降临：虽然今年阿幕表现欠佳，但还是进了百大。他的实力配得上，没争议。 敖厂长：论实力的话，敖厂长是配得上的。但敖厂长去年明确说了拒绝百大，今年还是领了，这莫不是自己打自己的脸。而且不看19年大圣归来那件事，厂长在20年也有过不少争议事件。,https://www.zhihu.com/question/438840235/answer/1672129735
我是郭杰瑞,综合知识/泛科普,8610,2,2,0,1,0,1,我是郭杰瑞：怎么说呢，郭杰瑞真的很厉害，他懂得中国网友的心理，知道中国网友最想看最需要看什么。这样敏锐的嗅觉，可以让他做任何视频都立于不败之地。百大当之无愧。 逍遥散人：台柱子之一，不解释。 小艾大叔：我经常在首页刷到他的视频，但始终没关注他。感觉他给我们看的豪宅再多，对我们而言也没什么用。当然他进百大实至名归。 小潮院长：我不是很喜欢他，可能是我太严肃了，感觉他们的视频过于神经了。。。不过他进百大毫无争议，我也赞同。,https://www.zhihu.com/question/438840235/answer/1672129735
欣小萌,综合知识/泛科普,8610,2,2,0,0,1,1,欣小萌：第四个震惊到我的。B站护犊子护过头了吧，不等到风头过了再给吗？欣小萌的瓜详见 https://www. zhihu.com/question/4298 08348 徐大虾咯：不想说什么了，视频质量不好更得还慢，但就是有人爱看，没办法。但我认为徐大虾至少在人品方面还可以，百大给了就给了吧。 一只小仙若：可以说是跳舞跳的最烂的舞蹈区up主，但她现在慢慢转型去其他区了，做生活区视频做的还不错。,https://www.zhihu.com/question/438840235/answer/1672129735
盗月社食遇记,综合知识/泛科普,8610,2,2,0,0,1,1,盗月社食遇记：我超级喜欢的一对美食区up主，视频很有趣味，今年的一年里涨粉够多，百大实至名归。 电影最top：我姑且称老张和木鱼为影视区的硬核担当，看他们的解说，要比你看原片学到的东西更多（当然还是看原片的好），百大当之无愧。 东尼ookki：看到他有今天我很高兴，从他还是一个几千粉丝的小up的时候关注的。然而我已经取关他了，视频质量下滑严重。祝他前程似锦吧。,https://www.zhihu.com/question/438840235/answer/1672129735
苏星河牛通,综合知识/泛科普,8610,2,2,0,2,0,0,苏星河牛通：认识但没关注，不予置评。 所长林超：一开始挺喜欢的一个up主，但后来发现他的视频质量越来越低，没啥干货，基本上就是鸡汤。还有总是不眨眼看的怪怪的。 百蝎奇天：不认识，不予置评。 粉笔战争，品诺美食：这俩没啥可说的，实至名归。,https://www.zhihu.com/question/438840235/answer/1672129735
雨哥到处跑,综合知识/泛科普,8610,2,2,0,1,0,1,雨哥到处跑：恭喜雨哥终于圆梦百大。靠着拼乐高和整蛊女友，雨哥今年积累了大量的人气。虽然算是借了宝剑嫂的热度，但雨哥自己本身的视频质量也还不错，比女胖胖之流强多了，配得上百大。 装机猿：硬核与幽默并存的数码区up主，几乎是B站装机担当了，大up们谁家电脑出了问题都找他装机。 zettaranc：z哥作为球鞋区粉丝最多的up主，百大没问题。 哲别：跟变形兄弟其他几个一个道理，B站捧，必进百大。不过他的视频质量也算是变形兄弟里的前三了。,https://www.zhihu.com/question/438840235/answer/1672129735
计算机组成原理,学习/考试,8284,2,2,0,1,0,1,四、计算机组成原理 1. 计算机组成原理（哈工大刘宏伟） https://www. bilibili.com/video/BV1t 4411e7LH?p=1 刘宏伟老师主讲，他的课不仅适合考研人，也非常适合初学者，初学者也听得懂。建议 1.5 倍速食用。之前有一个一百多万播放量的视频，不知道为啥没了...,https://www.zhihu.com/question/19628851/answer/1132665931
伯伦,科普/自然科学,8220,1,1,0,0,0,1,2015-02-04 知友 @伯伦 提醒叙述啰嗦且版式糟糕，故答主打算整体更新回答全文。,https://www.zhihu.com/question/22238159/answer/20783349
王竣毅,科普/自然科学,8220,1,1,0,0,0,1,2015-03-19 知友 @王竣毅 指出从物理知识直接引出解题知识，顺承关系牵强。故答主加入了《菠萝油王子： 科学 》信息图。,https://www.zhihu.com/question/22238159/answer/20783349
甚谁,科普/自然科学,8220,1,1,0,0,0,1,2014-10-31 知友 @甚谁 提醒这则回答太长。因此未来的知识分享将更新于答主的个人站点 思圆笔记知识分享站 。,https://www.zhihu.com/question/22238159/answer/20783349
莫祥熙,科普/自然科学,8220,1,1,0,0,0,1,若希望看中文介绍，可参考一则知乎专栏文章学习：（感谢 @莫祥熙 贡献链接）,https://www.zhihu.com/question/22238159/answer/20783349
衡飞,科普/自然科学,8220,1,1,0,0,0,1,2014-07-25 知友 @衡飞 提醒这则答案分类和版式显得散乱，引起答主的反省。,https://www.zhihu.com/question/22238159/answer/20783349
19组阿满,科普/自然科学,8214,1,1,0,0,1,0,3. 19组阿满 算是私房男摄吧？ 但和b站上靠福利封面博眼球的糖水摄影师不同，阿满的照片都很自然好看。 他会拍一些摄影时的记录，能够让你更全面地了解一个摄影师的工作状态，以及一张好照片都是怎么拍出来的。,https://www.zhihu.com/question/312241261/answer/1066491001
8K8K,艺术/审美,8214,1,1,0,0,0,1,10. 8K8K 也是搬运YouTube上的优质视频 100秒学习10个创意摄影方法「Hayden Pedersen」_哔哩哔哩 (゜-゜)つロ 干杯~-bilibili 11. TenGuSan 自称「b站最不像摄影博主的博主」,https://www.zhihu.com/question/312241261/answer/1066491001
Terry-F,艺术/审美,8214,1,1,0,1,0,0,3. Terry-F 很喜欢他的【看电影学摄影】和【审美养成】系列！很多人一说到摄影就问器材求后期，但技术决定的是下限，审美决定的是上限。b站很多教程都是教技巧，但理念和审美才是最重要的。 3. 19组阿满,https://www.zhihu.com/question/312241261/answer/1066491001
多多rock,艺术/审美,8214,1,1,0,1,0,0,8. 多多rock 8KRAW签约摄影师。现在做视频比较多~ 9. Thomas看看世界 托马斯最早应该是在知乎上火的吧 @Thomas看看世界 2019国家地理摄影大赛全球冠军 超好看的Ins蓝色调是如何调出来的？（Thomas的摄影后期实战教程）_哔哩哔哩 (゜-゜)つロ 干杯~-bilibili,https://www.zhihu.com/question/312241261/answer/1066491001
就是XIE老板呐,艺术/审美,8214,1,1,0,1,0,0,6. 就是XIE老板呐 同胶片，我喜欢他这个视频 「胶片人像」叛逆美少女的下午茶——柯达ProImage100&portra160 with 佳能eos55+50 1.8STM三代_哔哩哔哩 (゜-゜)つロ 干杯~-bilibili,https://www.zhihu.com/question/312241261/answer/1066491001
我就是夜晚,艺术/审美,8214,1,1,0,0,0,1,感谢评论区 @我就是夜晚 补充,https://www.zhihu.com/question/312241261/answer/1066491001
摄影师-张立,艺术/审美,8214,1,1,0,1,0,0,4. 摄影师-张立 之前拍过一个很火的视频，叫 一个摄影人的独白 。后面又做了这个视频的背后拍摄讲解，挺有意思（不过不是很高产） 5. 菲林行记 胶片摄影的博主。 【菲林行记】推荐你6款超经典的胶片相机_哔哩哔哩 (゜-゜)つロ 干杯~-bilibili,https://www.zhihu.com/question/312241261/answer/1066491001
摄影师忻力,艺术/审美,8214,1,1,0,1,0,0,14. 摄影师忻力 评论区@ sky0lee 补充，这个人讲的有好多东西都是干货，很多都是培养摄影思路和方法的视频。 看了下，还是毕业于纽约国际摄影中心的..... 陈漫真的这么厉害吗？谁是我眼中最牛逼的商业摄影师？【感恩视频2/3】_哔哩哔哩 (゜-゜)つロ 干杯~-bilibili,https://www.zhihu.com/question/312241261/answer/1066491001
摄影师顾俊,艺术/审美,8214,1,1,0,1,0,0,13. 摄影师顾俊 索尼顾大家应该都认识的。我在YouTube关注的他，那个账号还叫“悉尼顾俊”，后来发现b站也有。 我刚入坑什么光圈快门看的都是他的科普视频，还算初级。但后面感觉越来越不喜欢他的风格，太商业化了。而且器材党，拍的照片嘛就那样。,https://www.zhihu.com/question/312241261/answer/1066491001
摄玄师,艺术/审美,8214,1,1,0,0,0,1,1. 摄玄师 主要是搬运YouTube上的摄影视频为主。还是那句话，油管上摄影垂类的质量和数量甩了b站几百条街。我建议大家能翻墙就翻墙，怕麻烦就关注一些b站上的搬运博主。 【有意思！第一人称街拍】油管摄影频道 7th Era 第一人称街头摄影 街拍扫街_哔哩哔哩 (゜-゜)つロ 干杯~-bilibili,https://www.zhihu.com/question/312241261/answer/1066491001
林海音Haiyin,艺术/审美,8214,1,1,0,1,0,0,12. 林海音Haiyin 虽然是很商业化的古早摄影博主了，不过我还挺喜欢她的，算是保留了个人特色（但不喜欢她总是凹知性高学历美女人设……） 我最喜欢的是这个视频，来来回回看了五六遍。用光太！绝！了！ 林海音 | 不同的摄影师拍同一个模特，到底会有怎样的区别？_哔哩哔哩 (゜-゜)つロ 干杯~-bilibili,https://www.zhihu.com/question/312241261/answer/1066491001
比如你逛摄影区经常会看到这样的,艺术/审美,8214,1,1,0,0,1,0,比如你逛摄影区经常会看到这样的： 只要封面选的好，评论绅士少不了 这样的： 一看封面就知道播放量都是馋小姐姐身体的糖水巨作 我不是说这些视频不好哈，冲着糖水和福利的看看也没什么问题，毕竟你站看片指日可待。但对于真的想学一些摄影知识的观众来说，还是需要一些比较硬核的摄影up主。我拉了一下自己的关注列表，推荐一些比较干货型的博主。,https://www.zhihu.com/question/312241261/answer/1066491001
菲林行记,艺术/审美,8214,1,1,0,1,0,0,5. 菲林行记 胶片摄影的博主。 【菲林行记】推荐你6款超经典的胶片相机_哔哩哔哩 (゜-゜)つロ 干杯~-bilibili 6. 就是XIE老板呐 同胶片，我喜欢他这个视频,https://www.zhihu.com/question/312241261/answer/1066491001
这样的,艺术/审美,8214,1,1,0,0,1,0,这样的： 一看封面就知道播放量都是馋小姐姐身体的糖水巨作 我不是说这些视频不好哈，冲着糖水和福利的看看也没什么问题，毕竟你站看片指日可待。但对于真的想学一些摄影知识的观众来说，还是需要一些比较硬核的摄影up主。我拉了一下自己的关注列表，推荐一些比较干货型的博主。,https://www.zhihu.com/question/312241261/answer/1066491001
Teacher-Peng,人文社科/国际政治,8167,2,1,1,2,0,0,Teacher-Peng-化学课 适合人群：想要详细了解教材的高中生、初中生 up主发布的视频多为 同步课程精讲 ，包括初中、高中化学知识点，内容非常详细，讲解思路清晰，上课没听懂的同学可以来这里补充知识，大家还可以在评论区留言自己接下来想学的内容。,https://www.zhihu.com/question/40413111/answer/1300547370
Koi老师也有公众号,人文社科/国际政治,8167,1,1,0,0,0,1,Koi老师也有公众号——「Koi高中政治」，在里面你可以找到 高中政治必修1-4思维框架图汇总 ， 主观题解题思路汇总等 ，内容非常干。 配合视频使用更佳 ，可以帮助大家梳理知识点，搭建框架，帮助学生理解整本书的知识结构，适合同步课堂学习，也适用于高三学生的复习阶段。 ▋历史 历史老师定哥 适用人群：记不住零碎知识点的同学 up主是一位有 20年教龄的历史高级教师 ，视频内容包括历史时间记忆技巧、选择题满分技巧、必考易错历史专题等，教…,https://www.zhihu.com/question/40413111/answer/1300547370
基础软件技能,人文社科/国际政治,8167,1,1,0,0,0,1,三、基础软件技能 老秦PPT 说到软件技能，那就不得不提一下老秦本人啦~ 秦老师入驻B站发布的第一条PPT的教学视频，已经斩获12万+播放，萌新一枚，足以看到其火热程度。 与很多的PPT UP主不同，秦老师的PPT教学视频，总是脑洞大开，不是单纯教技巧，而是大开你的思维方式。从评论区的评价就能看出来：,https://www.zhihu.com/question/40413111/answer/1300547370
高效学习方法,人文社科/国际政治,8167,1,1,0,0,0,1,二、高效学习方法 一条正弦 适合人群：不会记笔记的学生党 一位非常自律的学习Up主，在B站分享了很多学习方面的心得。 代表作：,https://www.zhihu.com/question/40413111/answer/1300547370
但是我深入探究发现,综合知识/泛科普,8068,1,1,0,0,1,0,"但是我深入探究发现: 不是他们水平不行，而且因为目标观众普遍只能理解到这里 。如果讲深入，观众就看不懂，播放量就低了。 这就导致博主这个领域， 看上去大差不差，但背后大有玄机：比如我讲的内容浅，是因为我只能写到这里。小lin讲的浅,那是她观众只能理解这些，所以是她在向下兼容。 向下兼容的天赋型选手对我这种洗稿类的是纯纯降维打击： 因为小lin的人脉和知识库太强了，只要内容需要，她能从口袋里掏出各种“水滴”。比如请人，她能请世界第一网红…",https://www.zhihu.com/question/537496812/answer/1907966309989356230
但是更大的问题来了,综合知识/泛科普,8068,1,1,0,0,0,1,但是更大的问题来了:剪辑。 如果你学过剪辑，认真拆解一下她的话，你就会发现 他的剪辑团队绝对是b站第一档的存在 。我怀疑她用来养剪辑的钱，加起来够一部电视剧的剪辑费用了。 为了观众注意力，你会发现她差不多几十秒就会插入特效[1]，每个特效都有不小的制作难度。累计下来的特效工作，如果交给我去做，技术根本就不够，就算我技术够了，也能累死我。。。至少我一期要剪辑两个礼拜。,https://www.zhihu.com/question/537496812/answer/1907966309989356230
原回答之后补充一些个人私货,综合知识/泛科普,8068,1,1,0,1,0,0,"原回答之后补充一些个人私货： 1, 不要议论某些人，已经删掉了 。 2. 我的模仿历程告诉我：不要自作聪明，模仿顶级博主时，要把缺点也一并模仿。你以为的缺点，可能仅仅是她测试之后发现效果更好，所以才留下的。 比如这篇回答火了之后，评论区有很多人反馈发音/特效冗杂等问题，但是如果我是小lin ,我绝对不会改。",https://www.zhihu.com/question/537496812/answer/1907966309989356230
我的模仿历程告诉我,综合知识/泛科普,8068,1,1,0,1,0,0,"2. 我的模仿历程告诉我：不要自作聪明，模仿顶级博主时，要把缺点也一并模仿。你以为的缺点，可能仅仅是她测试之后发现效果更好，所以才留下的。 比如这篇回答火了之后，评论区有很多人反馈发音/特效冗杂等问题，但是如果我是小lin ,我绝对不会改。 3.我对她剪辑团队的拆解由我2022年的观察总结而来，过去三年产生了很大变化。请留意",https://www.zhihu.com/question/537496812/answer/1907966309989356230
答案就藏在两个字,综合知识/泛科普,8068,1,1,0,1,0,0,答案就藏在两个字:口播。 对于长视频来讲，露面口播是一个噩梦级别的事情。很多领域的头部up主都不敢去搞这个事情，因为一旦碰口播，还要做好，需要的经费就要增长几十倍！ 为了让up主最好的露面，并且能连贯的讲完一大段话，需要的不仅是剪辑。还需要:打光/当背景的工作室/提词器/专业摄像师。,https://www.zhihu.com/question/537496812/answer/1907966309989356230
说到这里肯定有人问,科普/自然科学,8068,1,1,0,0,1,0,"说到这里肯定有人问：我感觉她的内容也不复杂啊？科普内容不是知乎遍地走？或者说,我接受不了他的风格，所以做的不好. 我刚开始也是这样想的，我看了一圈市面上的视频博主，讲的都不深入，基本上也就是知乎千赞的水平。 但是我深入探究发现: 不是他们水平不行，而且因为目标观众普遍只能理解到这里 。如果讲深入，观众就看不懂，播放量就低了。",https://www.zhihu.com/question/537496812/answer/1907966309989356230
举个例子,学习/考试,7778,1,1,0,1,0,0,举个例子： 比如，我随便一搜汤家凤，就跳出来了汤老师的很多面试视频，很齐全。 直达链接： 哔哩哔哩 (゜-゜)つロ 干杯~-bilibili 4、中国大学MOOC（中国慕课） 直达链接 ： 中国大学MOOC(慕课)_国家精品课程在线学习平台 详情介绍： 里面有各类大学免费学习资源，包括公共课资源、专业课资源、考研攻略、名师讲座等等，十分丰富。很多名校的名师会定期开课，如果有你报考的专业课，可以报名学习，也可以搜一搜，很多的还有回放资源。,https://www.zhihu.com/question/356732842/answer/2832325125
详情介绍,学习/考试,7778,1,1,0,0,0,1,详情介绍： B站是一个学习神器了，不仅可以看到很多UP主分享的考研经验，而且很多UP主还分享了各科免费视频资料，虽然有的年份更新不是很及时，但是完全够用了，特别是数学和英语。比如，22年看21年的视频，这是没有问题的。政治不用捉急，等到78月份暑假的时候，会有最新的视频，到时候跟着学就可以了。 举个例子： 比如，我随便一搜汤家凤，就跳出来了汤老师的很多面试视频，很齐全。 直达链接： 哔哩哔哩 (゜-゜)つロ 干杯~-bilibili…,https://www.zhihu.com/question/356732842/answer/2832325125
NathanRich火锅大王,综合知识/泛科普,7460,1,1,0,1,0,0,5.NathanRich火锅大王 为什么外媒喜欢抹黑中国？近些年中国受到了哪些不公正待遇？ 不过，也有部分网友说，他是抓住了中国人的心理。毕竟，某个白人视频博主说，在bilibili上说几句中国人好话，就能成为网红。,https://www.zhihu.com/question/286163357/answer/1078680364
浅葱喵asagiinyo,综合知识/泛科普,7460,1,1,0,1,0,0,6.浅葱喵asagiinyo 日本最会唱歌的美妆博主。 前段时间，看她的短片，真的太震撼了！UP主也是个非常有趣的人，之后还会继续留意她的作品！ 小姐姐的声音很治愈，网易云和QQ音乐都能找到小姐姐的歌。 7.美食作家王刚R,https://www.zhihu.com/question/286163357/answer/1078680364
陈老师敲黑板,数学/物理,7207,3,1,2,1,0,2,3） 「陈老师敲黑板」 想上清华吗？这里有清华附中的老师来教你学习物理！ 目前视频投稿总数已经有几百期，在这里我又忍不住感叹B站的学习传统由来已久！ 陈老师的视频内容，主要从一道道典型试题出发，帮我们分析解答思路，找出难点易错点。,https://www.zhihu.com/question/59989404/answer/1215626047
佟大大是ETT,人文社科/国际政治,7204,1,1,0,0,0,1,1） 「佟大大是ETT」 up主是一个从小就想当数学老师，现在密码学在读的小博士。 看到没，永远不要低估梦想的力量！ 用理科脑袋文科嘴，帮你把复杂难懂的圆锥曲线、不等式、立体几何等支配我们许久的内容，说到你懂为止。,https://www.zhihu.com/question/59989404/answer/1215626047
学而思网校高中部,文学/读书,7204,1,1,0,1,0,0,2) 「学而思网校高中部」 。 疫情期间，这个账号进行“抗击疫情免费直播”，已经累计播放了500多个小时。 用实际行动证明了“学习永不停止”，可以说是网上的通宵自习室了。 王淏然老师这套课分成了四个部分： 诗歌、文章、阅读、写作 ，从手法、意象、甚至音律上去学习语文，听起来非常立体有趣。,https://www.zhihu.com/question/59989404/answer/1215626047
狼爸爸的工作室,财经/商业,7204,1,1,0,1,0,0,6） 「狼爸爸的工作室」 任何关于钱的问题就找他！不管是大到火车票该不该涨价、疫情后的全球经济，还是小到炒鞋的经济学、如何看懂B站的股票走势，都可以来这里找找答案。 还有那个自称“业界知名的恰饭天王、品牌老鸨、甲方克星、市场噩梦、预算黑洞、金币镰刀、品宣马桶搋、PR收割机”的硬核男人： 「半佛仙人」 。,https://www.zhihu.com/question/59989404/answer/1215626047
社会学,人文社科/国际政治,7204,1,1,0,0,0,1,社会学： [合集]10分钟速成课：社会学[Crash Course Sociology] 同类型的还有 「 可汗学院 」 。 它与十分钟速成课不同，这里更适合系统学习。 里面的分类更加细致，涵盖了从科学到人文的大小类目，是让学习者心跳加速的天堂。开启新世界大门的方式： b站搜「可汗学院+课程名」。,https://www.zhihu.com/question/59989404/answer/1215626047
看剧学口语,语言/英语,7184,3,1,2,0,0,3,27.看剧学口语 英语冲鸭！！！ 先酱～不定时更新（看命） 更新………………………………………… 28.美食作家王刚,https://www.zhihu.com/question/292372507/answer/491646875
HeyDrones,历史/军事,7180,1,1,0,1,0,0,43.HeyDrones 这个同上，必关注，不过土豆是个人账号这个是团队账号，他们的微博经常发外网大神的旅拍视频，可以常看看 45.李永乐老师官方 让我找到了上高中的感觉，哈哈哈哈，讲的真的特别好，就很正经的感觉,https://www.zhihu.com/question/292372507/answer/491646875
LSG漫鱼社,综合知识/泛科普,7180,1,1,0,1,0,0,51.LSG漫鱼社 说得多不如看一看哈哈哈 52.毛茸茸的星球 墙裂推荐，讲一些比较少见的动物鲜为人知的生活习性，讲的好玩又沙雕，特别宝藏，强烈推荐！ 【最后 学习是个长期的过程如果感兴趣科普类就可以利用零碎的时间观看增加自己额外的知识，如果感兴趣吉他或是后期这种就需要长期的坚持了加油8各位！！】,https://www.zhihu.com/question/292372507/answer/491646875
MakerBeta超能实验室,历史/军事,7180,1,1,0,0,0,1,7.MakerBeta超能实验室 做各种创新实验的，对理科类感兴趣的可以看看 8.oeasy emmmm这个咋说呢，虽说教的后期，但是天文地理，史政文理都能学到就很2333333 9.Kevin英语情报局,https://www.zhihu.com/question/292372507/answer/491646875
OtatoB土豆,历史/军事,7180,1,1,0,1,0,0,43.OtatoB土豆 这个up如果你喜欢影视制作一定要关注，讲的都是使用且炫酷的，剪辑常用 43.HeyDrones 这个同上，必关注，不过土豆是个人账号这个是团队账号，他们的微博经常发外网大神的旅拍视频，可以常看看,https://www.zhihu.com/question/292372507/answer/491646875
StarkZ,历史/军事,7180,1,1,0,0,0,1,12.StarkZ 吉他相关的视频教程 13.早安英文 一个外国up的各种解疑and so on 14.TED君学演讲,https://www.zhihu.com/question/292372507/answer/491646875
TED君学演讲,历史/军事,7180,1,1,0,0,1,0,14.TED君学演讲 15.哔哩哔哩纪录片 高清纪录片 16.冷水煮乐器 莫名想写他,https://www.zhihu.com/question/292372507/answer/491646875
free从容,历史/军事,7180,1,1,0,1,0,0,2.free从容 一个教吉他的up，讲的灰常好，而且晚上会开直播（在b站） 3.南音吉他小屋 也是教吉他的，不过是歌曲的具体教学（讲的超级详细），而且现在开了一个陪你练琴系列，每天跟着练真的有收益，喜欢的可以关注小姐姐的公众号,https://www.zhihu.com/question/292372507/answer/491646875
mr_rex_wang,历史/军事,7180,1,1,0,1,0,0,42.mr_rex_wang 后期特效教程up主，讲的很好偶尔发自摄vlog我觉得拍的很棒 43.OtatoB土豆 这个up如果你喜欢影视制作一定要关注，讲的都是使用且炫酷的，剪辑常用 43.HeyDrones,https://www.zhihu.com/question/292372507/answer/491646875
realchubbyemu,历史/军事,7180,1,1,0,0,0,1,"30.realchubbyemu 一位女孩怎么怎么样，这是她身体发生的变化 根据真实案例医学科普类,医学生走过路过不要错过 31.九九高效练字，桥半舫 收藏点赞投币退出一气呵成系列up主",https://www.zhihu.com/question/292372507/answer/491646875
vivekatt,历史/军事,7180,1,1,0,1,0,0,34.vivekatt 化妆教学up超厉害的嗦 35.oooooohmygosh 好奇心解决家！ 36.芳斯塔芙,https://www.zhihu.com/question/292372507/answer/491646875
一只老刘头,历史/军事,7180,1,1,0,0,0,1,22.一只老刘头 护肤up，b站著名手语rap艺术家 skr～ 23.紫嘉儿 宅舞教学大佬,https://www.zhihu.com/question/292372507/answer/491646875
一笔落尘,语言/英语,7180,1,1,0,1,0,0,26.一笔落尘 写字巨好看 27.看剧学口语 英语冲鸭！！！ 先酱～不定时更新（看命）,https://www.zhihu.com/question/292372507/answer/491646875
中国传媒大学动画作品,历史/军事,7180,1,1,0,0,1,0,47.中国传媒大学动画作品 视频质量都很高 48.手……手工耿 哈哈哈哈哈哈哈哈有用取关 49.十分绘画，不会画画的阿南老师,https://www.zhihu.com/question/292372507/answer/491646875
九点画画,历史/军事,7180,1,1,0,0,0,1,11.九点画画 教手残党画画，比如我哈哈哈 12.StarkZ 吉他相关的视频教程 13.早安英文,https://www.zhihu.com/question/292372507/answer/491646875
动历史,历史/军事,7180,1,1,0,1,0,0,1.动历史 一个用动画介绍历史相关信息的up我很喜欢看，讲的很有趣 2.free从容 一个教吉他的up，讲的灰常好，而且晚上会开直播（在b站） 3.南音吉他小屋,https://www.zhihu.com/question/292372507/answer/491646875
南音吉他小屋,历史/军事,7180,1,1,0,1,0,0,3.南音吉他小屋 也是教吉他的，不过是歌曲的具体教学（讲的超级详细），而且现在开了一个陪你练琴系列，每天跟着练真的有收益，喜欢的可以关注小姐姐的公众号 4.硬糖视频 一个介绍性知识的账号，感觉做的很不错（只可惜老王走了，，哎……）,https://www.zhihu.com/question/292372507/answer/491646875
围观主义,历史/军事,7180,1,1,0,0,0,1,37.围观主义 分享对一些事件的想法和观点，直指社会热点，我觉得蛮客观的 38.悦耳声乐 想练一练唱歌滴盆友看过来 39.奥德修斯号Odyssey,https://www.zhihu.com/question/292372507/answer/491646875
奥德修斯号Odyssey,科普/自然科学,7180,1,1,0,1,0,0,39.奥德修斯号Odyssey 科普类，解决你的好奇心 40.杰森帮 ae教程，播放不高，但是一旦用到，是超级有用的 41.地球频道，妈咪说,https://www.zhihu.com/question/292372507/answer/491646875
悦耳声乐,历史/军事,7180,1,1,0,1,0,0,38.悦耳声乐 想练一练唱歌滴盆友看过来 39.奥德修斯号Odyssey 科普类，解决你的好奇心 40.杰森帮,https://www.zhihu.com/question/292372507/answer/491646875
早安英文,历史/军事,7180,1,1,0,0,0,1,13.早安英文 一个外国up的各种解疑and so on 14.TED君学演讲 15.哔哩哔哩纪录片 高清纪录片,https://www.zhihu.com/question/292372507/answer/491646875
杰森帮,科普/自然科学,7180,1,1,0,1,0,0,40.杰森帮 ae教程，播放不高，但是一旦用到，是超级有用的 41.地球频道，妈咪说 喜欢看太空的朋友们，不要错过，拍摄质量很高，妈咪说也是讲一些科学原理（靴靴评论区） 42.mr_rex_wang,https://www.zhihu.com/question/292372507/answer/491646875
果木音乐教育,学习/考试,7180,1,1,0,1,0,0,19.果木音乐教育 果木浪子老师教的特别好讲的特别详细，如果想自学吉他 建议看从容前先看果木浪子老师的教程然后跟着南音天天练，我保证你一定能学会 20.混乱博物馆 科普类，视频质量很高，话题也很有趣 21.doyoudo,https://www.zhihu.com/question/292372507/answer/491646875
爱做饭的芋头SAMA,历史/军事,7180,1,1,0,0,0,1,24.爱做饭的芋头SAMA 糊糊星人的福音 25.某幻君 没错！就是某幻君！我跟着某幻学了很多英语哈哈哈 26.一笔落尘,https://www.zhihu.com/question/292372507/answer/491646875
电影最Top,历史/军事,7180,1,1,0,1,0,0,46.电影最Top 找个好电影的话这是个不错的地方 47.中国传媒大学动画作品 视频质量都很高 48.手……手工耿,https://www.zhihu.com/question/292372507/answer/491646875
紫嘉儿,历史/军事,7180,1,1,0,0,0,1,23.紫嘉儿 宅舞教学大佬 24.爱做饭的芋头SAMA 糊糊星人的福音 25.某幻君,https://www.zhihu.com/question/292372507/answer/491646875
美食作家王刚,历史/军事,7180,1,1,0,0,0,1,28.美食作家王刚 一看就会，一做就废 29.小高姐的魔法调料 没错，还是美食类 30.realchubbyemu,https://www.zhihu.com/question/292372507/answer/491646875
清华数学系坑老师,学习/考试,6983,2,2,0,1,0,1,6、 清华数学系坑老师 “我有一个梦想，每天10分钟帮你提高数学成绩！” 清华数学系的坑老师，分享的大多都是每日一题的打卡视频，都是很经典的高考题，值得一看！ 7、 猴博士爱讲课 一个专门讲解大学数学的UP主。,https://www.zhihu.com/question/19559151/answer/1330625981
Part 1,语言/英语,6882,1,1,0,1,0,0,Part 1：首先是语言类的学习 重点推荐两位老师。 一个来自国内的英语大牛：赖世雄老师。一个是地道的国外英语老师，经验丰富，授课风格超级有意思的：Coach Shane ① 赖世雄老师 英语男神。出过系列英语学习丛书《赖世雄美语从头学》，非常经典的一套教材， 这些书里都有配套视频，很多UP主早就同步更新到了B站。,https://www.zhihu.com/question/27178076/answer/770040282
花少北,综合知识/泛科普,6514,2,1,1,1,0,1,花少北：阴阳怪气我就不解释了吧，他们进不了才是大新闻。 回形针paperclip：两面针是这份名单第一个震惊到我的人。虽说后面也跟新华社合作了，认错态度也挺好，但这样就能抹去他年初的骚操作吗？我猜B站是怕他凉的不快，故意搞这一出。回形针事件详见 https:// zhuanlan.zhihu.com/p/11 5842490,https://www.zhihu.com/question/438840235/answer/1672129735
丁香医生,生物/医学健康,6492,2,2,0,1,0,1,2. 丁香医生,https://www.zhihu.com/question/286163357/answer/1125195550
全能学习类,语言/英语,6448,2,2,0,1,0,1,一、全能学习类up主 二、语言学习类up主 三、摄影视频类up主 四、手工学习类up主 五、计算机技能类up主,https://www.zhihu.com/question/292372507/answer/874294702
美妆学习类,语言/英语,6448,2,2,0,1,0,1,六、美妆学习类up主 七、读书学习类up主 （收藏的同学记得先大方点个赞！） 专门做了思维导图方便搜索，黛西是不是很贴心！ 一、 全能学习类up主,https://www.zhihu.com/question/292372507/answer/874294702
读书学习类,语言/英语,6448,2,2,0,0,0,2,七、读书学习类up主 （收藏的同学记得先大方点个赞！） 专门做了思维导图方便搜索，黛西是不是很贴心！ 一、 全能学习类up主 以下可以说是“无所不能”型up主了，从一个up主身上你就能学到不同的东西，下面一定有你不知道的up主，千万不要跳读。,https://www.zhihu.com/question/292372507/answer/874294702
bilibili纪录片,综合知识/泛科普,6420,1,1,0,1,0,0,12、bilibili纪录片 一个分享优质纪录片的UP主。 如果你喜欢看纪录片的话，可以关注一下这个up主。什么类型的纪录片都有： 13、央视纪录 一个很硬核的纪录片推荐up主。,https://www.zhihu.com/question/57848134/answer/831171915
我的其他回答分享,综合知识/泛科普,6420,1,1,0,0,0,1,我的其他回答分享：,https://www.zhihu.com/question/57848134/answer/831171915
滇西小哥,综合知识/泛科普,6420,1,1,0,0,0,1,3、滇西小哥 也是一个美食UP。 和李子柒风格相似，都是一样的田园风格。但是会让你觉得自己也可以做出来，哈哈哈（不知道哪里来的勇气） 如果你想了解云南的风土人情，看看云南美食，可以去搜一下UP主。,https://www.zhihu.com/question/57848134/answer/831171915
韶灵素心,综合知识/泛科普,6420,1,1,0,1,0,0,2.韶灵素心 每一个视频都美到心碎的UP主。 发布的视频基本都是围绕中国传统文化：古代名剑、古代地名与现代地名、农历月份别称…… 最火的就是之前一直挂在B站热榜上的《中国传统颜色一览》，我在【 哔哩哔哩上有哪些值得反复观看的视频？ 】的回答里有提到过！,https://www.zhihu.com/question/57848134/answer/831171915
DevWeekly,生物/医学健康,6409,1,1,0,1,0,0,DevWeekly ：这是我个人的B站主页，会分享一些效率工具、开源项目、知识技巧，需要的同学可以看一下： 1. 英语 英语兔 ：英语基础音标方面讲的非常好，对于英语发音帮助很大。 同传Carrie ：分享非常多实用的英语学习方法。,https://www.zhihu.com/question/291506148/answer/2810334107
孤独的美食基,综合知识/泛科普,6353,2,1,1,0,1,1,孤独的美食基：说真的，今年因为他疫情恰饭那波操作，我直接取关了他。后面也没怎么看他，能再进百大我也是没想到的，这个位置给个争议小点的不好吗？ hanser：小天使值得这个百大！我最喜欢的音乐区up主。不过她之前签了斗鱼，我还以为B站不会给她百大了，看来我是多虑了。 韩小四April：唯一一个我不认识的...希望大家有了解的帮我科普下。,https://www.zhihu.com/question/438840235/answer/1672129735
影视飓风,综合知识/泛科普,6332,2,1,1,2,0,0,影视飓风：看他的视频，是视觉上的享受。百大实至名归 硬核的半佛仙人：说实话，半佛现在视频质量越来越不好了，恰饭多，而且有时候视频说了一通都不知所云，我觉得以后他可能会出事。单看这一年，半佛实至名归。 与山：去年与山涨了那么多粉丝，风格也稳定了下来。综合来看，百大实至名归。但明年可能就不一定了。,https://www.zhihu.com/question/438840235/answer/1672129735
绵羊料理,综合知识/泛科普,6332,2,1,1,0,1,1,绵羊料理：只要你吹大姨，我们就是异父异母的兄弟姐妹！大姨的视频质量可以说是美食区up主里数一数二得了，而且人也没架子，经常回复粉丝的评论和私信。百大当之无愧！ 某幻君：阴阳怪气不解释。 木鱼水心：影视区一哥，自然要给百大。今年的木鱼改变了风格，微剧场几乎不更了，取而代之的是更容易吸粉的新系列《一千零一部》，希望木鱼越办越好。 纳豆奶奶：第三个震惊到我的。B站你是等着被冲烂吗？纳豆奶奶这样一个虚伪小人，她的评论区都被爆了，你还给了她百大…,https://www.zhihu.com/question/438840235/answer/1672129735
4更新,综合知识/泛科普,6332,1,1,0,0,0,1,2.4更新 各大奖项出来了，最后更新一下吧。 1、最高人气奖：罗翔说刑法 罗老师实至名归，不到一年粉丝破一千万，前无古人后难有来者。毫无疑问，2020的B站是属于罗老师和知识区的B站。如果要有争议的话，就是罗老师的视频数据一般，比不上老番茄。但罗老师的二创和鬼畜可是占了B站的半壁江山，最高人气当之无愧。,https://www.zhihu.com/question/438840235/answer/1672129735
hanser,综合知识/泛科普,6332,1,1,0,1,0,0,hanser：小天使值得这个百大！我最喜欢的音乐区up主。不过她之前签了斗鱼，我还以为B站不会给她百大了，看来我是多虑了。 韩小四April：唯一一个我不认识的...希望大家有了解的帮我科普下。 盒子酸奶：酸奶也是今年横空出世的宝藏up主，能把恐怖游戏玩的如此喜感。百大实至名归。 鹤吱菌：同样也是今年崛起的黑马up，疫情期间靠着网课系列横扫B站。下半年虽然没有上半年惊艳，但他百大没有疑问。,https://www.zhihu.com/question/438840235/answer/1672129735
ic实验室,综合知识/泛科普,6332,1,1,0,1,0,0,ic实验室：本来以为他今年能进百大的，可惜知识区厉害的人太多，ic拿个新人奖也不错。 不是的的是nono（原谅我手机打不出日语）：邢将军实至名归，一个能把王者视频玩出花的up主，声音还好听，还会整活。就是游戏技术不咋地。 耿清清啊：不认识，咱不评价。 进击的金厂长：厂长没拿百大有点可惜，虽然视频质量不如阿幕降临，但这么能肝，没拿到百大不该。不过新人奖实至名归。（厂长竟然是女的！）,https://www.zhihu.com/question/438840235/answer/1672129735
kbshinya,综合知识/泛科普,6332,1,1,0,1,0,0,kbshinya：同三无，音乐区衰落了。 stn工作室：同其他几位游戏区up主，流量不够，话题不够。 潮汕好男人：潮男落选真不应该，明明那么勤奋，视频质量还不低。就因为今年没做出个镇站之宝来就丢了百大吗？太可惜了。 Kevin英语情报局：跟他的好基友杰里德一个情况 ，个人感觉他视频质量还比杰里德高点。,https://www.zhihu.com/question/438840235/answer/1672129735
kei和marin,综合知识/泛科普,6332,1,1,0,1,0,0,kei和marin：他们与很多位生活区up主一样，没有入选不是你不好，而是你给B站吸的流量不够。 ilem：教主今年一共更了那么点视频，再进不太好了。但他没进百大，也就代表着B站放弃了自己起家的音乐文化，有点唏嘘。 oeloop：小道消息称oe拒绝了百大，所以没有入选。 黑椒墨鱼：同逗川。,https://www.zhihu.com/question/438840235/answer/1672129735
lexburner,综合知识/泛科普,6332,1,1,0,1,0,0,lexburner：阴阳怪气就不解释了。 蜡笔和小勋：感谢蜡笔小勋，让我从一个落榜生成功考进大学。他们的视频提供了很多有效的学习方法，能帮到大家很多。百大实至名归 老番茄：一哥不解释。 老师好我叫何同学：平时不更新，一更新就称霸热门的强势up主，百大毫无悬念。,https://www.zhihu.com/question/438840235/answer/1672129735
oeloop,综合知识/泛科普,6332,1,1,0,1,0,0,oeloop：小道消息称oe拒绝了百大，所以没有入选。 黑椒墨鱼：同逗川。 波桑吃遍世界：又是一个视频风格走到头的up主。转型也很不成功，上了好几次掉粉榜，落选正常。 尕天堂：动画区人才越来越少了，天堂又没什么流量。不过今年瓶子能替代他进百大也还可以。,https://www.zhihu.com/question/438840235/answer/1672129735
stn工作室,综合知识/泛科普,6332,1,1,0,1,0,0,stn工作室：同其他几位游戏区up主，流量不够，话题不够。 潮汕好男人：潮男落选真不应该，明明那么勤奋，视频质量还不低。就因为今年没做出个镇站之宝来就丢了百大吗？太可惜了。 Kevin英语情报局：跟他的好基友杰里德一个情况 ，个人感觉他视频质量还比杰里德高点。,https://www.zhihu.com/question/438840235/answer/1672129735
zettaranc,综合知识/泛科普,6332,1,1,0,1,0,0,zettaranc：z哥作为球鞋区粉丝最多的up主，百大没问题。 哲别：跟变形兄弟其他几个一个道理，B站捧，必进百大。不过他的视频质量也算是变形兄弟里的前三了。 智能路障：知识区的代表，我超喜欢他的鲁迅系列，能让人更全面系统的看待鲁迅。百大实至名归。,https://www.zhihu.com/question/438840235/answer/1672129735
一只小仙若,综合知识/泛科普,6332,1,1,0,0,1,0,一只小仙若：可以说是跳舞跳的最烂的舞蹈区up主，但她现在慢慢转型去其他区了，做生活区视频做的还不错。 伊丽莎白鼠：我记得白鼠自己说过拒绝了百大啊，B站为什么还是给了。。。 音乐制作人kurt：和帕梅拉一个情况，人家主站不是B站啊，B站给自家孩子不比给他们香吗？难道给几个油管大佬百大，就能标志着自己走向国际化了吗？当然kurt实力完全配得上百大。,https://www.zhihu.com/question/438840235/answer/1672129735
三无marblue,综合知识/泛科普,6332,1,1,0,1,0,0,三无marblue：音乐区衰落的大前提下，三无哥哥被挤出百大很正常，今年她也没怎么涨粉，还是把名额给新人最好。 我是怪异君：这怎么说呢，中规中矩。但今年B站新人群魔乱舞，怪异君没有碾压过他们大多数人的表现，只能落选。 吃货请闭眼：老白今年数据不佳，而且视频质量比起去年有所下滑。 马壮实：跟老白一个情况，不同的是马壮实视频质量一直挺高，但风格太过单一，看的人太少。B站还是要流量的啊！,https://www.zhihu.com/question/438840235/answer/1672129735
上海滩许van强,综合知识/泛科普,6332,1,1,0,1,0,0,上海滩许van强：鬼畜up转型的代表性人物，说真的，她的鬼套路比罗某人现在的好看多了。百大实至名归。 沈逸老师：怎么说呢，我觉得沈逸老师是和观察者网挂钩的，虽说实力上当得起百大，但把他评上百大感觉有点欺负人了。 渗透之c君：看来天国事件的重提对c君并没有产生太大影响。她的视频风格有点被时代抛弃的意思了，如果不寻求转变，今年将是她最后一次百大。,https://www.zhihu.com/question/438840235/answer/1672129735
不正经老丝,综合知识/泛科普,6332,1,1,0,1,0,0,不正经老丝：今年的B站新区------知识区的代表up主之一，辟谣系列质量很高，20年的涨粉数量也足够百大了。 才疏学浅的才浅：可以说是B站最具匠心的up主了，百大实至名归。 纯黑：虽然纯黑今年表现不如前几年，但总体上还是值得今年一个百大。 大祥哥来了：怎么说呢，我觉得他这个风格也差不多到瓶颈期了，但粉丝量在这里，又是B站自家人，百大没问题。,https://www.zhihu.com/question/438840235/answer/1672129735
与山,综合知识/泛科普,6332,1,1,0,1,0,0,与山：去年与山涨了那么多粉丝，风格也稳定了下来。综合来看，百大实至名归。但明年可能就不一定了。 雨哥到处跑：恭喜雨哥终于圆梦百大。靠着拼乐高和整蛊女友，雨哥今年积累了大量的人气。虽然算是借了宝剑嫂的热度，但雨哥自己本身的视频质量也还不错，比女胖胖之流强多了，配得上百大。 装机猿：硬核与幽默并存的数码区up主，几乎是B站装机担当了，大up们谁家电脑出了问题都找他装机。,https://www.zhihu.com/question/438840235/answer/1672129735
东尼ookki,综合知识/泛科普,6332,1,1,0,0,1,0,东尼ookki：看到他有今天我很高兴，从他还是一个几千粉丝的小up的时候关注的。然而我已经取关他了，视频质量下滑严重。祝他前程似锦吧。 逗比的雀巢：年度黑马之一，配音系列可以说是我的快乐源泉了。实至名归 老e：泪目了，老e终于百大了，不容易啊！ 阿斗归来了：阿斗能进我有点没想到，因为他今年涨粉不多。但像这样认真解说，认真做视频，不蹭热度，还不拔高或贬低某部作品，专注电影本身的良心up主，真的是不多了。他值得这个百大。,https://www.zhihu.com/question/438840235/answer/1672129735
中国boy,综合知识/泛科普,6332,1,1,0,1,0,0,中国boy：阴阳怪气不解释。 周六野：怎么说的，我觉得她的涨粉很不正常，粉丝多但是互动量出奇的低，希望不是买粉吧。百大还是值得的 主厨农国栋：在几位入选的美食up主中，农国栋是唯一一个专业教学类的。虽然我没想到他能入选百大，但他获得百大实至名归。,https://www.zhihu.com/question/438840235/answer/1672129735
丰兄来了,综合知识/泛科普,6332,1,1,0,1,0,0,丰兄来了：初看很惊艳，看长了也就那么回事，而且风格上不求突破，落选在意料之内。 守护茶茶：断更了那么久，百大肯定没他的事了。 kei和marin：他们与很多位生活区up主一样，没有入选不是你不好，而是你给B站吸的流量不够。 ilem：教主今年一共更了那么点视频，再进不太好了。但他没进百大，也就代表着B站放弃了自己起家的音乐文化，有点唏嘘。,https://www.zhihu.com/question/438840235/answer/1672129735
丸子叨叨叨,综合知识/泛科普,6332,1,1,0,1,0,0,丸子叨叨叨：劳模型up主，一个能把恐怖作品说得让人捧腹大笑的宝藏。值得一个百大。 文不叮：美妆区新起之秀，视频却不止包括美妆。总结起来，就是一个能让你变得更美的up主。 文西与阿漆：又是一个快乐源泉，不过我看的不多，说不出什么评价来。 我是郭杰瑞：怎么说呢，郭杰瑞真的很厉害，他懂得中国网友的心理，知道中国网友最想看最需要看什么。这样敏锐的嗅觉，可以让他做任何视频都立于不败之地。百大当之无愧。,https://www.zhihu.com/question/438840235/answer/1672129735
主厨农国栋,综合知识/泛科普,6332,1,1,0,1,0,0,主厨农国栋：在几位入选的美食up主中，农国栋是唯一一个专业教学类的。虽然我没想到他能入选百大，但他获得百大实至名归。 祖娅纳惜：蛀牙意外进入了百大。这位我关注了两年多的宝藏老唱见终于熬出头了，希望借此机会能让她被更多人看到吧。 综上：虽然百大中有很多人配得上这个奖，但不得不说，这个奖的权威性正在逐渐降低。从18年到现在，一年不如一年。今年有许多优秀的up主痛失百大，也有许多德不配位者继续占着百大的位置。总之，这个奖项以后就跟跨年晚会一…,https://www.zhihu.com/question/438840235/answer/1672129735
之前我写过一个预测的名单,综合知识/泛科普,6332,1,1,0,0,0,1,之前我写过一个预测的名单： https://www. zhihu.com/answer/163811 0670 最后结果发现很多都对不上。看来我还是不够了解B站啊。 废话不多说，开干。 注：以下内容纯粹是我的个人观点，完全主观！赞同的您点个赞，不赞同的图一乐呵就行。我并不是每个up都了解的透彻，说的不对的地方还望大家指正。（ps： 粗体字为有争议者，即在过去一年里黑料比较多的UP主，欢迎大家补充 ）,https://www.zhihu.com/question/438840235/answer/1672129735
二喵的饭,综合知识/泛科普,6332,1,1,0,1,0,0,二喵的饭：二喵可能不是美食区最会做菜的up主，但她绝对是她这种up里最勤奋的。声音可爱，态度认真，百大实至名归。 泛式：动画区为数不多的担当了，必须给。 芳丝塔芙：知识区元老级人物，知识区今年大火，他们自然不能缺席。 冯提莫：又一个大争议点，虽然看粉丝数和人气，入选毫无疑问，但冯提莫根本没把重心放在视频上好吧，视频播放量也不行。你阿b想捧她我理解，但你这样让认真做视频的人怎么想呢？,https://www.zhihu.com/question/438840235/answer/1672129735
倒悬的橘子,综合知识/泛科普,6332,1,1,0,0,1,0,倒悬的橘子：橘子今年更了那么多视频，播放量数据都够了吧，就是不怎么涨粉，但他进百大不比把推背兔强按进百大强吗？不懂啊。 水一大魔王：跟许多游戏区up一样，流量不行。但王者区今年没一个百大我是没想到的。 浅橙月：跟放假君一个情况，落选正常。 槐安遗梦：这个瓜就不用我介绍了吧。 猫店：同放假君和浅橙月，但猫店今年的表现比他们还差。,https://www.zhihu.com/question/438840235/answer/1672129735
克里米亚野生动物园,综合知识/泛科普,6332,1,1,0,1,0,0,克里米亚野生动物园：名单看到这里画风突然一转，不过我看到是他就放心了。虽然我没想到他能入选，但他还是配得上百大的。也祝愿动物园可以越办越好。 lexburner：阴阳怪气就不解释了。 蜡笔和小勋：感谢蜡笔小勋，让我从一个落榜生成功考进大学。他们的视频提供了很多有效的学习方法，能帮到大家很多。百大实至名归 老番茄：一哥不解释。,https://www.zhihu.com/question/438840235/answer/1672129735
六道轮回,综合知识/泛科普,6332,1,1,0,0,1,0,六道轮回：今年跟狮子视角姬合作的世纪大盗系列是真的有趣，六道作为代表领这个百大实至名归。（我估计是B站怕他拿不到百大继续放飞自我。。。） 猛男舞团：如果说黄龄是明星入驻B站的典范，那么猛男舞团就是网红入驻B站的典范。意外走红之后，他们不但没有玩烂梗，吃老本，反而结合自己的特点和B站的文化，创造出了更多优质的内容，百大实至名归。,https://www.zhihu.com/question/438840235/answer/1672129735
冯提莫,综合知识/泛科普,6332,1,1,0,0,1,0,冯提莫：又一个大争议点，虽然看粉丝数和人气，入选毫无疑问，但冯提莫根本没把重心放在视频上好吧，视频播放量也不行。你阿b想捧她我理解，但你这样让认真做视频的人怎么想呢？ 孤独的美食基：说真的，今年因为他疫情恰饭那波操作，我直接取关了他。后面也没怎么看他，能再进百大我也是没想到的，这个位置给个争议小点的不好吗？ hanser：小天使值得这个百大！我最喜欢的音乐区up主。不过她之前签了斗鱼，我还以为B站不会给她百大了，看来我是多虑了。,https://www.zhihu.com/question/438840235/answer/1672129735
凉风kaze,综合知识/泛科普,6332,1,1,0,0,1,0,凉风kaze：台柱子之一，不解释。 泠鸢yousa：B站起家的主播里目前混的最好的一个了，这个百大不给不行的。 刘老师说电影：刘老师的吐槽十分犀利，也让我在今年避免了许多烂片，感谢。作为影视区顶流，刘老师百大当之无愧。,https://www.zhihu.com/question/438840235/answer/1672129735
初号时光机,综合知识/泛科普,6332,1,1,0,0,0,1,首先给大家看一张图，这张图是B站up主@初号时光机 总结的，总结的相当全面和详细。,https://www.zhihu.com/question/438840235/answer/1672129735
力元君,综合知识/泛科普,6332,1,1,0,1,0,0,力元君：今年力元君视频质量下滑严重，被许多后起之秀超过。个人感觉加入变形兄弟后，力元君越来越差。B站再给他百大，看来是铁了心想捧变形兄弟啊。希望他以后能调整好吧。 历史调研室：超硬核的历史up主，能把很复杂的历史问题说的通俗易懂，再配上顶级的文案和视频剪辑，百大实至名归。 凉风kaze：台柱子之一，不解释。 泠鸢yousa：B站起家的主播里目前混的最好的一个了，这个百大不给不行的。,https://www.zhihu.com/question/438840235/answer/1672129735
努力的lorre,综合知识/泛科普,6332,1,1,0,1,0,0,努力的lorre：因为疫情原因，今年超级英雄电影遭到了巨大的打击，lorre也伤的不轻。但好在他调整了过来，通过解说超英漫画积攒了许多人气，百大当之无愧。 女胖胖：毫无个人特色，没有敬汉卿您能进百大吗？当然我觉得她现在的视频质量比敬汉卿还能高点。 哦呼w：非常有才华的鬼畜up主，今年一部《敢杀我的马》风靡B站。百大实至名归 帕梅拉：健身区最有干货的姐了，比周六野是强多了。不过她主站貌似是在油管吧，虽然她值得百大，但B站给她真的好吗？,https://www.zhihu.com/question/438840235/answer/1672129735
十音,综合知识/泛科普,6332,1,1,0,1,0,0,十音：因为汉服事件？反正十音今年数据也一般。反倒是她男朋友lks表现很好，但不知怎么还是落选了百大，唉。 吃货明：跟波桑一个情况。 小可儿：挂人、网暴、拉黑粉丝。他去年就不该进百大，没想到还是给了。 倒悬的橘子：橘子今年更了那么多视频，播放量数据都够了吧，就是不怎么涨粉，但他进百大不比把推背兔强按进百大强吗？不懂啊。,https://www.zhihu.com/question/438840235/answer/1672129735
卡特亚,综合知识/泛科普,6332,1,1,0,1,0,0,卡特亚：在B站力捧原神等游戏的今天，卡特亚作为二次元手游的代表人物，理应占得百大一席之地。虽然我觉得大部分玩家都挺讨厌他，很不满他入选百大。但他毕竟是影响力最大的。B站要恰饭的嘛 靠脸吃饭的徐大王：B站lol区第一人，非常适合想了解lol背景和玩lol的人关注。虽然去年没怎么涨粉，但厄加特还是名副其实的百大。 靠谱电竞：从不看lpl的我为了追一个看lpl的妹子关注了她，虽然妹子没追成，但我却喜欢上了看lpl。柴嘻嘻百大没毛病。,https://www.zhihu.com/question/438840235/answer/1672129735
卢正义的雕刻时光,综合知识/泛科普,6332,1,1,0,1,0,0,卢正义的雕刻时光：又是一个我觉得他人设要崩的up。我相信老爷子本身是有技术的，但视频被揪出了好几处错。如果后面不站出来回应的话，有些危险。不管怎么样，视频做的很好看，值得一个新人奖。 苏星河牛通：认识但没关注，不予置评。 所长林超：一开始挺喜欢的一个up主，但后来发现他的视频质量越来越低，没啥干货，基本上就是鸡汤。还有总是不眨眼看的怪怪的。 百蝎奇天：不认识，不予置评。,https://www.zhihu.com/question/438840235/answer/1672129735
吃货明,综合知识/泛科普,6332,1,1,0,0,0,1,吃货明：跟波桑一个情况。 小可儿：挂人、网暴、拉黑粉丝。他去年就不该进百大，没想到还是给了。 倒悬的橘子：橘子今年更了那么多视频，播放量数据都够了吧，就是不怎么涨粉，但他进百大不比把推背兔强按进百大强吗？不懂啊。,https://www.zhihu.com/question/438840235/answer/1672129735
吃货请闭眼,综合知识/泛科普,6332,1,1,0,0,1,0,吃货请闭眼：老白今年数据不佳，而且视频质量比起去年有所下滑。 马壮实：跟老白一个情况，不同的是马壮实视频质量一直挺高，但风格太过单一，看的人太少。B站还是要流量的啊！ 放假君：曾经的鬼畜之王去年划水了一年，视频有三分之一都是恰饭的。这种表现确实难进百大。,https://www.zhihu.com/question/438840235/answer/1672129735
周六野,综合知识/泛科普,6332,1,1,0,1,0,0,周六野：怎么说的，我觉得她的涨粉很不正常，粉丝多但是互动量出奇的低，希望不是买粉吧。百大还是值得的 主厨农国栋：在几位入选的美食up主中，农国栋是唯一一个专业教学类的。虽然我没想到他能入选百大，但他获得百大实至名归。 祖娅纳惜：蛀牙意外进入了百大。这位我关注了两年多的宝藏老唱见终于熬出头了，希望借此机会能让她被更多人看到吧。,https://www.zhihu.com/question/438840235/answer/1672129735
哦呼w,综合知识/泛科普,6332,1,1,0,1,0,0,哦呼w：非常有才华的鬼畜up主，今年一部《敢杀我的马》风靡B站。百大实至名归 帕梅拉：健身区最有干货的姐了，比周六野是强多了。不过她主站貌似是在油管吧，虽然她值得百大，但B站给她真的好吗？ 瓶子君：就凭今年瓶子开的那两波团，他就值得一个百大。动画区真的没几个人了，唉。,https://www.zhihu.com/question/438840235/answer/1672129735
哲别,综合知识/泛科普,6332,1,1,0,1,0,0,哲别：跟变形兄弟其他几个一个道理，B站捧，必进百大。不过他的视频质量也算是变形兄弟里的前三了。 智能路障：知识区的代表，我超喜欢他的鲁迅系列，能让人更全面系统的看待鲁迅。百大实至名归。 中国boy：阴阳怪气不解释。 周六野：怎么说的，我觉得她的涨粉很不正常，粉丝多但是互动量出奇的低，希望不是买粉吧。百大还是值得的,https://www.zhihu.com/question/438840235/answer/1672129735
嘟督不噶油,综合知识/泛科普,6332,1,1,0,1,0,0,嘟督不噶油：今年数据欠佳，但纯黑少爷数据也不太好，粉丝也不比嘟督多多少，还是进了百大。嘟督也有点可惜 山下智博：鸡脖去年就不该进了，B站看在他是元老的份上给了他百大。他如果在视频风格上再不寻求改变的话，早晚被更多后浪拍死在沙滩上。 痒局长：局长今年不温不火，落选不意外了。只是没想到四欠只有白鼠留了下来，唉。,https://www.zhihu.com/question/438840235/answer/1672129735
墨韵,综合知识/泛科普,6332,1,1,0,1,0,0,墨韵：作为B站文化代表人物之一的墨韵教主，最终还是被商业化的B站抛弃了，唉。 拉宏桑：今年视频没什么进步，掉粉榜上了好几次，也没整出什么新活，百大没进也不意外。 杰里德：江郎才尽了，视频来来回回都是那几个套路，不进不意外。 三无marblue：音乐区衰落的大前提下，三无哥哥被挤出百大很正常，今年她也没怎么涨粉，还是把名额给新人最好。,https://www.zhihu.com/question/438840235/answer/1672129735
大祥哥来了,综合知识/泛科普,6332,1,1,0,1,0,0,大祥哥来了：怎么说呢，我觉得他这个风格也差不多到瓶颈期了，但粉丝量在这里，又是B站自家人，百大没问题。 盗月社食遇记：我超级喜欢的一对美食区up主，视频很有趣味，今年的一年里涨粉够多，百大实至名归。 电影最top：我姑且称老张和木鱼为影视区的硬核担当，看他们的解说，要比你看原片学到的东西更多（当然还是看原片的好），百大当之无愧。,https://www.zhihu.com/question/438840235/answer/1672129735
天天卡牌,综合知识/泛科普,6332,1,1,0,1,0,0,天天卡牌：炉石区彻底被B站抛弃了，唉。 神奇的老皮：老皮应该是跟特效小哥重了才没进百大的吧。多鼓励鼓励新人也算是好人，虽然老皮值得一个百大。 长歌与小见见：他们跟是大腿一个情况，就不多赘述了。 神秘店长a：店长今年鸽了好几个月，没入选意料之内。,https://www.zhihu.com/question/438840235/answer/1672129735
奇闻观察室,综合知识/泛科普,6332,1,1,0,1,0,0,奇闻观察室：长风对案件的讲解不限于案件本身，每次都恰到好处的升华是他视频的精髓，再配上那超级肝的更新频率。百大不给说不过去啊 枪弹轨迹：鬼畜区现役第一人，必须给 上海滩许van强：鬼畜up转型的代表性人物，说真的，她的鬼套路比罗某人现在的好看多了。百大实至名归。 沈逸老师：怎么说呢，我觉得沈逸老师是和观察者网挂钩的，虽说实力上当得起百大，但把他评上百大感觉有点欺负人了。,https://www.zhihu.com/question/438840235/answer/1672129735
女胖胖,综合知识/泛科普,6332,1,1,0,1,0,0,女胖胖：毫无个人特色，没有敬汉卿您能进百大吗？当然我觉得她现在的视频质量比敬汉卿还能高点。 哦呼w：非常有才华的鬼畜up主，今年一部《敢杀我的马》风靡B站。百大实至名归 帕梅拉：健身区最有干货的姐了，比周六野是强多了。不过她主站貌似是在油管吧，虽然她值得百大，但B站给她真的好吗？,https://www.zhihu.com/question/438840235/answer/1672129735
奶糕成精档案社,综合知识/泛科普,6332,1,1,0,1,0,0,奶糕成精档案社：萌宠区的新起之秀，视频总量不多，我看的也不多，不过他的视频质量很高，百大没问题。 努力的lorre：因为疫情原因，今年超级英雄电影遭到了巨大的打击，lorre也伤的不轻。但好在他调整了过来，通过解说超英漫画积攒了许多人气，百大当之无愧。 女胖胖：毫无个人特色，没有敬汉卿您能进百大吗？当然我觉得她现在的视频质量比敬汉卿还能高点。,https://www.zhihu.com/question/438840235/answer/1672129735
守护茶茶,综合知识/泛科普,6332,1,1,0,1,0,0,守护茶茶：断更了那么久，百大肯定没他的事了。 kei和marin：他们与很多位生活区up主一样，没有入选不是你不好，而是你给B站吸的流量不够。 ilem：教主今年一共更了那么点视频，再进不太好了。但他没进百大，也就代表着B站放弃了自己起家的音乐文化，有点唏嘘。,https://www.zhihu.com/question/438840235/answer/1672129735
小可儿,综合知识/泛科普,6332,1,1,0,0,1,0,小可儿：挂人、网暴、拉黑粉丝。他去年就不该进百大，没想到还是给了。 倒悬的橘子：橘子今年更了那么多视频，播放量数据都够了吧，就是不怎么涨粉，但他进百大不比把推背兔强按进百大强吗？不懂啊。 水一大魔王：跟许多游戏区up一样，流量不行。但王者区今年没一个百大我是没想到的。,https://www.zhihu.com/question/438840235/answer/1672129735
小潮院长,综合知识/泛科普,6332,1,1,0,0,1,0,小潮院长：我不是很喜欢他，可能是我太严肃了，感觉他们的视频过于神经了。。。不过他进百大毫无争议，我也赞同。 小片片说大片：影视区最能肝的男人，虽然我觉得他水平不如那几位（经常解说错内容），但就这一份敬业，便值得一个百大。 欣小萌：第四个震惊到我的。B站护犊子护过头了吧，不等到风头过了再给吗？欣小萌的瓜详见 https://www. zhihu.com/question/4298 08348,https://www.zhihu.com/question/438840235/answer/1672129735
小艾大叔,综合知识/泛科普,6332,1,1,0,0,1,0,小艾大叔：我经常在首页刷到他的视频，但始终没关注他。感觉他给我们看的豪宅再多，对我们而言也没什么用。当然他进百大实至名归。 小潮院长：我不是很喜欢他，可能是我太严肃了，感觉他们的视频过于神经了。。。不过他进百大毫无争议，我也赞同。 小片片说大片：影视区最能肝的男人，虽然我觉得他水平不如那几位（经常解说错内容），但就这一份敬业，便值得一个百大。,https://www.zhihu.com/question/438840235/answer/1672129735
尕天堂,综合知识/泛科普,6332,1,1,0,1,0,0,尕天堂：动画区人才越来越少了，天堂又没什么流量。不过今年瓶子能替代他进百大也还可以。 十音：因为汉服事件？反正十音今年数据也一般。反倒是她男朋友lks表现很好，但不知怎么还是落选了百大，唉。 吃货明：跟波桑一个情况。 小可儿：挂人、网暴、拉黑粉丝。他去年就不该进百大，没想到还是给了。,https://www.zhihu.com/question/438840235/answer/1672129735
山下智博,综合知识/泛科普,6332,1,1,0,0,0,1,山下智博：鸡脖去年就不该进了，B站看在他是元老的份上给了他百大。他如果在视频风格上再不寻求改变的话，早晚被更多后浪拍死在沙滩上。 痒局长：局长今年不温不火，落选不意外了。只是没想到四欠只有白鼠留了下来，唉。 温柔junz：温圣人啊，不能光靠某书院吃一辈子饭呐！ 王老菊：董事长今年挺佛系的，不拿百大不意外。但还是蛮遗憾的。,https://www.zhihu.com/question/438840235/answer/1672129735
帕梅拉,综合知识/泛科普,6332,1,1,0,1,0,0,帕梅拉：健身区最有干货的姐了，比周六野是强多了。不过她主站貌似是在油管吧，虽然她值得百大，但B站给她真的好吗？ 瓶子君：就凭今年瓶子开的那两波团，他就值得一个百大。动画区真的没几个人了，唉。 齐天大肾余潇洒：坚守国漫的up主里，就属他粉丝多了。虽然今年表现不是很好，但他是B站国创区最后的遮羞布了。,https://www.zhihu.com/question/438840235/answer/1672129735
年度创新,综合知识/泛科普,6332,1,1,0,1,0,0,8、年度创新up主：黄龄 看来B站打算吸引更多优秀明星入站了。黄龄的成功也表明了，B站用户不是讨厌明星，而是讨厌那种来了发个入住视频就走的混子。 9、年度海外up主：kurt 这个奖不给郭杰瑞我是没想到的。但kurt拿了也没毛病。kurt是少有的比较重视B站的油管主。,https://www.zhihu.com/question/438840235/answer/1672129735
年度弹幕人气,综合知识/泛科普,6332,1,1,0,1,0,0,7、年度弹幕人气：凉风kaze 怎么说呢，感觉这个奖很多人都配得上。凉风拿当然没问题。 8、年度创新up主：黄龄 看来B站打算吸引更多优秀明星入站了。黄龄的成功也表明了，B站用户不是讨厌明星，而是讨厌那种来了发个入住视频就走的混子。,https://www.zhihu.com/question/438840235/answer/1672129735
年度最佳音乐,综合知识/泛科普,6332,1,1,0,1,0,0,11、年度最佳音乐：《囍》 没听过就不评价了。 12、最佳新人： ic实验室：本来以为他今年能进百大的，可惜知识区厉害的人太多，ic拿个新人奖也不错。 不是的的是nono（原谅我手机打不出日语）：邢将军实至名归，一个能把王者视频玩出花的up主，声音还好听，还会整活。就是游戏技术不咋地。,https://www.zhihu.com/question/438840235/answer/1672129735
年度海外,综合知识/泛科普,6332,1,1,0,0,0,1,9、年度海外up主：kurt 这个奖不给郭杰瑞我是没想到的。但kurt拿了也没毛病。kurt是少有的比较重视B站的油管主。 10、年度虚拟up主：绯赤艾莉欧 怎么说呢，本来觉得hanser和泠鸢二选一，结果半路杀出个团长。作为B站舰长数量最多的主播，团长在这一年的影响力，配得上这个奖。,https://www.zhihu.com/question/438840235/answer/1672129735
年度虚拟,综合知识/泛科普,6332,1,1,0,0,0,1,10、年度虚拟up主：绯赤艾莉欧 怎么说呢，本来觉得hanser和泠鸢二选一，结果半路杀出个团长。作为B站舰长数量最多的主播，团长在这一年的影响力，配得上这个奖。 11、年度最佳音乐：《囍》 没听过就不评价了。 12、最佳新人：,https://www.zhihu.com/question/438840235/answer/1672129735
徐大虾咯,综合知识/泛科普,6332,1,1,0,0,1,0,徐大虾咯：不想说什么了，视频质量不好更得还慢，但就是有人爱看，没办法。但我认为徐大虾至少在人品方面还可以，百大给了就给了吧。 一只小仙若：可以说是跳舞跳的最烂的舞蹈区up主，但她现在慢慢转型去其他区了，做生活区视频做的还不错。 伊丽莎白鼠：我记得白鼠自己说过拒绝了百大啊，B站为什么还是给了。。。 音乐制作人kurt：和帕梅拉一个情况，人家主站不是B站啊，B站给自家孩子不比给他们香吗？难道给几个油管大佬百大，就能标志着自己走向国际化了吗…,https://www.zhihu.com/question/438840235/answer/1672129735
我是怪异君,综合知识/泛科普,6332,1,1,0,0,1,0,我是怪异君：这怎么说呢，中规中矩。但今年B站新人群魔乱舞，怪异君没有碾压过他们大多数人的表现，只能落选。 吃货请闭眼：老白今年数据不佳，而且视频质量比起去年有所下滑。 马壮实：跟老白一个情况，不同的是马壮实视频质量一直挺高，但风格太过单一，看的人太少。B站还是要流量的啊！ 放假君：曾经的鬼畜之王去年划水了一年，视频有三分之一都是恰饭的。这种表现确实难进百大。,https://www.zhihu.com/question/438840235/answer/1672129735
拉宏桑,综合知识/泛科普,6332,1,1,0,1,0,0,拉宏桑：今年视频没什么进步，掉粉榜上了好几次，也没整出什么新活，百大没进也不意外。 杰里德：江郎才尽了，视频来来回回都是那几个套路，不进不意外。 三无marblue：音乐区衰落的大前提下，三无哥哥被挤出百大很正常，今年她也没怎么涨粉，还是把名额给新人最好。 我是怪异君：这怎么说呢，中规中矩。但今年B站新人群魔乱舞，怪异君没有碾压过他们大多数人的表现，只能落选。,https://www.zhihu.com/question/438840235/answer/1672129735
拜托了小翔哥,综合知识/泛科普,6332,1,1,0,0,0,1,拜托了小翔哥：争议up主之一，19年消费抑郁症事件历历在目。不过抑郁症事件的热度差不多过了，小翔哥换号后视频质量明显提升，百大拿下来没问题。 宝剑嫂：美妆区目前的一姐了，就是恰饭有点多，主要是整活，流量大。百大还是可以的。 毕导thu：毕导今年迎来了大爆发的一年，作为知识区的颜值担当和智力担当，毕导百大当之无愧。 不正经老丝：今年的B站新区------知识区的代表up主之一，辟谣系列质量很高，20年的涨粉数量也足够百大了。,https://www.zhihu.com/question/438840235/answer/1672129735
推背兔,综合知识/泛科普,6332,1,1,0,1,0,0,推背兔：实力上，推背兔当得起百大，特别是今年做出了《最强法海》这种引领潮流的作品。可这粉丝数...B站您是开玩笑的吗？这粉丝数放去年都进不了百大啊！ 丸子叨叨叨：劳模型up主，一个能把恐怖作品说得让人捧腹大笑的宝藏。值得一个百大。 文不叮：美妆区新起之秀，视频却不止包括美妆。总结起来，就是一个能让你变得更美的up主。 文西与阿漆：又是一个快乐源泉，不过我看的不多，说不出什么评价来。,https://www.zhihu.com/question/438840235/answer/1672129735
放假君,综合知识/泛科普,6332,1,1,0,0,1,0,放假君：曾经的鬼畜之王去年划水了一年，视频有三分之一都是恰饭的。这种表现确实难进百大。 逗川：跟嘟督情况差不多，而且逗川粉丝更少，视频播放量更低，落选不意外。 极客湾：怎么说呢，个人感觉他是数码区up主里专业性最强的。可惜粉丝量和播放量跟不上，流量不符合要求，只能落选。,https://www.zhihu.com/question/438840235/answer/1672129735
敬汉卿,综合知识/泛科普,6332,1,1,0,0,0,1,敬汉卿：敬汉卿年底都成掉粉榜常客了，靠着粉丝数量继续连任百大，我估计明年就没他了。 卡特亚：在B站力捧原神等游戏的今天，卡特亚作为二次元手游的代表人物，理应占得百大一席之地。虽然我觉得大部分玩家都挺讨厌他，很不满他入选百大。但他毕竟是影响力最大的。B站要恰饭的嘛 靠脸吃饭的徐大王：B站lol区第一人，非常适合想了解lol背景和玩lol的人关注。虽然去年没怎么涨粉，但厄加特还是名副其实的百大。,https://www.zhihu.com/question/438840235/answer/1672129735
文不叮,综合知识/泛科普,6332,1,1,0,0,0,1,文不叮：美妆区新起之秀，视频却不止包括美妆。总结起来，就是一个能让你变得更美的up主。 文西与阿漆：又是一个快乐源泉，不过我看的不多，说不出什么评价来。 我是郭杰瑞：怎么说呢，郭杰瑞真的很厉害，他懂得中国网友的心理，知道中国网友最想看最需要看什么。这样敏锐的嗅觉，可以让他做任何视频都立于不败之地。百大当之无愧。,https://www.zhihu.com/question/438840235/answer/1672129735
文西与阿漆,综合知识/泛科普,6332,1,1,0,0,0,1,文西与阿漆：又是一个快乐源泉，不过我看的不多，说不出什么评价来。 我是郭杰瑞：怎么说呢，郭杰瑞真的很厉害，他懂得中国网友的心理，知道中国网友最想看最需要看什么。这样敏锐的嗅觉，可以让他做任何视频都立于不败之地。百大当之无愧。 逍遥散人：台柱子之一，不解释。,https://www.zhihu.com/question/438840235/answer/1672129735
是大腿,综合知识/泛科普,6332,1,1,0,0,1,0,是大腿：虽然粉丝多，但是今年沒掀起什么水花来。游戏区后起之秀太多，他们被挤下去也很正常。 花花与三猫：大概是因为那一阵风波，他们停更了很长时间的缘故。挺可惜的。 嘟督不噶油：今年数据欠佳，但纯黑少爷数据也不太好，粉丝也不比嘟督多多少，还是进了百大。嘟督也有点可惜 山下智博：鸡脖去年就不该进了，B站看在他是元老的份上给了他百大。他如果在视频风格上再不寻求改变的话，早晚被更多后浪拍死在沙滩上。,https://www.zhihu.com/question/438840235/answer/1672129735
最佳作品奖,综合知识/泛科普,6332,1,1,0,1,0,0,3、最佳作品奖：何同学 这个我没想到，因为这个视频在数据上并不是最好，不过拿了也是实至名归。何同学真的是每个作品都会给人带来惊喜。其实我个人更倾向于把这个奖给《敢杀我的马》。 4、最佳联合投稿奖：影视飓风、特效小哥,https://www.zhihu.com/question/438840235/answer/1672129735
最佳原创栏目,综合知识/泛科普,6332,1,1,0,1,0,0,6、最佳原创栏目：绵羊料理 大姨实至名归，就凭借对视频、美食和观众的这份认真的态度，她就值得一切奖励。 7、年度弹幕人气：凉风kaze 怎么说呢，感觉这个奖很多人都配得上。凉风拿当然没问题。 8、年度创新up主：黄龄,https://www.zhihu.com/question/438840235/answer/1672129735
最佳新人,综合知识/泛科普,6332,1,1,0,1,0,0,12、最佳新人： ic实验室：本来以为他今年能进百大的，可惜知识区厉害的人太多，ic拿个新人奖也不错。 不是的的是nono（原谅我手机打不出日语）：邢将军实至名归，一个能把王者视频玩出花的up主，声音还好听，还会整活。就是游戏技术不咋地。,https://www.zhihu.com/question/438840235/answer/1672129735
最佳联合投稿奖,综合知识/泛科普,6332,1,1,0,0,0,1,4、最佳联合投稿奖：影视飓风、特效小哥 本来以为自夸小队稳了的，没想到落选了。但论视频质量，自夸小队比像素大战差远了。像素大战实至名归。 5、正能量up主奖：食贫道 饼叔就凭今年疫情深入武汉这个举动，于情于理都是这个奖最合适的人选。,https://www.zhihu.com/question/438840235/answer/1672129735
最高人气奖,综合知识/泛科普,6332,1,1,0,0,0,1,1、最高人气奖：罗翔说刑法 罗老师实至名归，不到一年粉丝破一千万，前无古人后难有来者。毫无疑问，2020的B站是属于罗老师和知识区的B站。如果要有争议的话，就是罗老师的视频数据一般，比不上老番茄。但罗老师的二创和鬼畜可是占了B站的半壁江山，最高人气当之无愧。,https://www.zhihu.com/question/438840235/answer/1672129735
朱一旦的枯燥生活,综合知识/泛科普,6332,1,1,0,1,0,0,朱一旦的枯燥生活：小策如果不离职的话，旦总百大就稳了。其实就算小策离职了，这也不是什么大事，朱一旦团队上半年创作了那么多神作，这不比纳豆奶奶之流强吗？ 翔翔大作战：换号，不解释。 徐大sao：去年百大里人设崩的最厉害的人，没有之一。B站不给他是正确的，至于瓜什么的，大家知乎搜就好了。 贤宝宝baby：跟蛋黄派一个情况，搞不懂。 歪研会：歪研会大概是今年播放量不行的缘故吧，蛮可惜的。B站既然一定要给外国人那么多名额，为什么不给歪研会呢？,https://www.zhihu.com/question/438840235/answer/1672129735
杰里德,综合知识/泛科普,6332,1,1,0,1,0,0,杰里德：江郎才尽了，视频来来回回都是那几个套路，不进不意外。 三无marblue：音乐区衰落的大前提下，三无哥哥被挤出百大很正常，今年她也没怎么涨粉，还是把名额给新人最好。 我是怪异君：这怎么说呢，中规中矩。但今年B站新人群魔乱舞，怪异君没有碾压过他们大多数人的表现，只能落选。,https://www.zhihu.com/question/438840235/answer/1672129735
极客湾,综合知识/泛科普,6332,1,1,0,1,0,0,极客湾：怎么说呢，个人感觉他是数码区up主里专业性最强的。可惜粉丝量和播放量跟不上，流量不符合要求，只能落选。 kbshinya：同三无，音乐区衰落了。 stn工作室：同其他几位游戏区up主，流量不够，话题不够。 潮汕好男人：潮男落选真不应该，明明那么勤奋，视频质量还不低。就因为今年没做出个镇站之宝来就丢了百大吗？太可惜了。,https://www.zhihu.com/question/438840235/answer/1672129735
极速拍档,综合知识/泛科普,6332,1,1,0,0,0,1,极速拍档：我是真没想到他们可以进百大，毕竟粉丝还不是很多。但进了也是实至名归。 假美食po主：去年就该进百大的浪浪今年终于如愿了。看她的视频真的很让人快乐。浪浪实至名归。 敬汉卿：敬汉卿年底都成掉粉榜常客了，靠着粉丝数量继续连任百大，我估计明年就没他了。 卡特亚：在B站力捧原神等游戏的今天，卡特亚作为二次元手游的代表人物，理应占得百大一席之地。虽然我觉得大部分玩家都挺讨厌他，很不满他入选百大。但他毕竟是影响力最大的。B站要恰饭的嘛,https://www.zhihu.com/question/438840235/answer/1672129735
枪弹轨迹,综合知识/泛科普,6332,1,1,0,1,0,0,枪弹轨迹：鬼畜区现役第一人，必须给 上海滩许van强：鬼畜up转型的代表性人物，说真的，她的鬼套路比罗某人现在的好看多了。百大实至名归。 沈逸老师：怎么说呢，我觉得沈逸老师是和观察者网挂钩的，虽说实力上当得起百大，但把他评上百大感觉有点欺负人了。,https://www.zhihu.com/question/438840235/answer/1672129735
槐安遗梦,综合知识/泛科普,6332,1,1,0,0,0,1,槐安遗梦：这个瓜就不用我介绍了吧。 猫店：同放假君和浅橙月，但猫店今年的表现比他们还差。 2.4更新 各大奖项出来了，最后更新一下吧。 1、最高人气奖：罗翔说刑法,https://www.zhihu.com/question/438840235/answer/1672129735
歪研会,综合知识/泛科普,6332,1,1,0,0,1,0,歪研会：歪研会大概是今年播放量不行的缘故吧，蛮可惜的。B站既然一定要给外国人那么多名额，为什么不给歪研会呢？ 芋头sama：不予赘述，一年就那么几个视频，还放鸽子，不给就对了。 是大腿：虽然粉丝多，但是今年沒掀起什么水花来。游戏区后起之秀太多，他们被挤下去也很正常。 花花与三猫：大概是因为那一阵风波，他们停更了很长时间的缘故。挺可惜的。,https://www.zhihu.com/question/438840235/answer/1672129735
水一大魔王,综合知识/泛科普,6332,1,1,0,0,1,0,水一大魔王：跟许多游戏区up一样，流量不行。但王者区今年没一个百大我是没想到的。 浅橙月：跟放假君一个情况，落选正常。 槐安遗梦：这个瓜就不用我介绍了吧。 猫店：同放假君和浅橙月，但猫店今年的表现比他们还差。 2.4更新,https://www.zhihu.com/question/438840235/answer/1672129735
水无月菌,综合知识/泛科普,6332,1,1,0,0,1,0,水无月菌：也是今年崛起的黑马之一，视频节奏把握的超级好，梗多节目效果好。百大实至名归。 特效小哥studio：技术型up，除了老皮应该就是他了，这视频质量，不给百大说不过去。 兔叭咯：说真的，我觉得他人设有一天会崩。身为一个二本中医学校的在读博士，却整天标榜自己是医学博士，视频吹水严重，恰饭一堆，干货还越来越少。最典型的是疫情那一次，他竟然说新冠的传播速度不如非典，被现实打脸之后还不删视频。但粉丝足够，进一次百大没问题。,https://www.zhihu.com/question/438840235/answer/1672129735
沈逸老师,综合知识/泛科普,6332,1,1,0,0,0,1,沈逸老师：怎么说呢，我觉得沈逸老师是和观察者网挂钩的，虽说实力上当得起百大，但把他评上百大感觉有点欺负人了。 渗透之c君：看来天国事件的重提对c君并没有产生太大影响。她的视频风格有点被时代抛弃的意思了，如果不寻求转变，今年将是她最后一次百大。 食贫道：饼叔不容易啊，用心拍视频终于得到了回报，百大实至名归！,https://www.zhihu.com/question/438840235/answer/1672129735
泛式,综合知识/泛科普,6332,1,1,0,1,0,0,泛式：动画区为数不多的担当了，必须给。 芳丝塔芙：知识区元老级人物，知识区今年大火，他们自然不能缺席。 冯提莫：又一个大争议点，虽然看粉丝数和人气，入选毫无疑问，但冯提莫根本没把重心放在视频上好吧，视频播放量也不行。你阿b想捧她我理解，但你这样让认真做视频的人怎么想呢？,https://www.zhihu.com/question/438840235/answer/1672129735
泠鸢yousa,综合知识/泛科普,6332,1,1,0,0,1,0,泠鸢yousa：B站起家的主播里目前混的最好的一个了，这个百大不给不行的。 刘老师说电影：刘老师的吐槽十分犀利，也让我在今年避免了许多烂片，感谢。作为影视区顶流，刘老师百大当之无愧。 罗汉解说：第二个震惊到我的人。真的，罗汉德不配位，今年罗汉在一阵风波和半年没更鬼套路的前提下，依旧入选了百大。我真不知道说什么好了。罗汉评论区要有腥风血雨了。,https://www.zhihu.com/question/438840235/answer/1672129735
波桑吃遍世界,综合知识/泛科普,6332,1,1,0,1,0,0,波桑吃遍世界：又是一个视频风格走到头的up主。转型也很不成功，上了好几次掉粉榜，落选正常。 尕天堂：动画区人才越来越少了，天堂又没什么流量。不过今年瓶子能替代他进百大也还可以。 十音：因为汉服事件？反正十音今年数据也一般。反倒是她男朋友lks表现很好，但不知怎么还是落选了百大，唉。,https://www.zhihu.com/question/438840235/answer/1672129735
浅橙月,综合知识/泛科普,6332,1,1,0,0,0,1,浅橙月：跟放假君一个情况，落选正常。 槐安遗梦：这个瓜就不用我介绍了吧。 猫店：同放假君和浅橙月，但猫店今年的表现比他们还差。 2.4更新 各大奖项出来了，最后更新一下吧。,https://www.zhihu.com/question/438840235/answer/1672129735
渗透之c君,综合知识/泛科普,6332,1,1,0,0,1,0,渗透之c君：看来天国事件的重提对c君并没有产生太大影响。她的视频风格有点被时代抛弃的意思了，如果不寻求转变，今年将是她最后一次百大。 食贫道：饼叔不容易啊，用心拍视频终于得到了回报，百大实至名归！ 水无月菌：也是今年崛起的黑马之一，视频节奏把握的超级好，梗多节目效果好。百大实至名归。 特效小哥studio：技术型up，除了老皮应该就是他了，这视频质量，不给百大说不过去。,https://www.zhihu.com/question/438840235/answer/1672129735
温柔junz,综合知识/泛科普,6332,1,1,0,1,0,0,温柔junz：温圣人啊，不能光靠某书院吃一辈子饭呐！ 王老菊：董事长今年挺佛系的，不拿百大不意外。但还是蛮遗憾的。 黑桐谷歌：谷歌的落选标志着B站游戏区的“娱乐性”终究还是盖过了“专业性”。作为B站攻略最硬核的游戏区up主，谷歌落选是真不该的。当然了，谷歌的落选可能跟赛博朋克配音那件事有点关系，不过被冲的更狠的c君都入选了，谷歌竟然没入选。,https://www.zhihu.com/question/438840235/answer/1672129735
潮汕好男人,综合知识/泛科普,6332,1,1,0,1,0,0,潮汕好男人：潮男落选真不应该，明明那么勤奋，视频质量还不低。就因为今年没做出个镇站之宝来就丢了百大吗？太可惜了。 Kevin英语情报局：跟他的好基友杰里德一个情况 ，个人感觉他视频质量还比杰里德高点。 狂风桑：可以说他是沙雕配音领域的代表人物，无奈这个领域今年大佬太多。 丰兄来了：初看很惊艳，看长了也就那么回事，而且风格上不求突破，落选在意料之内。,https://www.zhihu.com/question/438840235/answer/1672129735
特效小哥studio,综合知识/泛科普,6332,1,1,0,0,1,0,特效小哥studio：技术型up，除了老皮应该就是他了，这视频质量，不给百大说不过去。 兔叭咯：说真的，我觉得他人设有一天会崩。身为一个二本中医学校的在读博士，却整天标榜自己是医学博士，视频吹水严重，恰饭一堆，干货还越来越少。最典型的是疫情那一次，他竟然说新冠的传播速度不如非典，被现实打脸之后还不删视频。但粉丝足够，进一次百大没问题。,https://www.zhihu.com/question/438840235/answer/1672129735
狂风桑,综合知识/泛科普,6332,1,1,0,1,0,0,狂风桑：可以说他是沙雕配音领域的代表人物，无奈这个领域今年大佬太多。 丰兄来了：初看很惊艳，看长了也就那么回事，而且风格上不求突破，落选在意料之内。 守护茶茶：断更了那么久，百大肯定没他的事了。 kei和marin：他们与很多位生活区up主一样，没有入选不是你不好，而是你给B站吸的流量不够。,https://www.zhihu.com/question/438840235/answer/1672129735
猛男舞团,综合知识/泛科普,6332,1,1,0,0,1,0,猛男舞团：如果说黄龄是明星入驻B站的典范，那么猛男舞团就是网红入驻B站的典范。意外走红之后，他们不但没有玩烂梗，吃老本，反而结合自己的特点和B站的文化，创造出了更多优质的内容，百大实至名归。 绵羊料理：只要你吹大姨，我们就是异父异母的兄弟姐妹！大姨的视频质量可以说是美食区up主里数一数二得了，而且人也没架子，经常回复粉丝的评论和私信。百大当之无愧！ 某幻君：阴阳怪气不解释。,https://www.zhihu.com/question/438840235/answer/1672129735
猫店,综合知识/泛科普,6332,1,1,0,0,0,1,猫店：同放假君和浅橙月，但猫店今年的表现比他们还差。 2.4更新 各大奖项出来了，最后更新一下吧。 1、最高人气奖：罗翔说刑法 罗老师实至名归，不到一年粉丝破一千万，前无古人后难有来者。毫无疑问，2020的B站是属于罗老师和知识区的B站。如果要有争议的话，就是罗老师的视频数据一般，比不上老番茄。但罗老师的二创和鬼畜可是占了B站的半壁江山，最高人气当之无愧。,https://www.zhihu.com/question/438840235/answer/1672129735
王老菊,综合知识/泛科普,6332,1,1,0,1,0,0,王老菊：董事长今年挺佛系的，不拿百大不意外。但还是蛮遗憾的。 黑桐谷歌：谷歌的落选标志着B站游戏区的“娱乐性”终究还是盖过了“专业性”。作为B站攻略最硬核的游戏区up主，谷歌落选是真不该的。当然了，谷歌的落选可能跟赛博朋克配音那件事有点关系，不过被冲的更狠的c君都入选了，谷歌竟然没入选。,https://www.zhihu.com/question/438840235/answer/1672129735
瓶子君,综合知识/泛科普,6332,1,1,0,1,0,0,瓶子君：就凭今年瓶子开的那两波团，他就值得一个百大。动画区真的没几个人了，唉。 齐天大肾余潇洒：坚守国漫的up主里，就属他粉丝多了。虽然今年表现不是很好，但他是B站国创区最后的遮羞布了。 奇闻观察室：长风对案件的讲解不限于案件本身，每次都恰到好处的升华是他视频的精髓，再配上那超级肝的更新频率。百大不给说不过去啊,https://www.zhihu.com/question/438840235/answer/1672129735
电影最top,综合知识/泛科普,6332,1,1,0,0,1,0,电影最top：我姑且称老张和木鱼为影视区的硬核担当，看他们的解说，要比你看原片学到的东西更多（当然还是看原片的好），百大当之无愧。 东尼ookki：看到他有今天我很高兴，从他还是一个几千粉丝的小up的时候关注的。然而我已经取关他了，视频质量下滑严重。祝他前程似锦吧。 逗比的雀巢：年度黑马之一，配音系列可以说是我的快乐源泉了。实至名归,https://www.zhihu.com/question/438840235/answer/1672129735
痒局长,综合知识/泛科普,6332,1,1,0,1,0,0,痒局长：局长今年不温不火，落选不意外了。只是没想到四欠只有白鼠留了下来，唉。 温柔junz：温圣人啊，不能光靠某书院吃一辈子饭呐！ 王老菊：董事长今年挺佛系的，不拿百大不意外。但还是蛮遗憾的。 黑桐谷歌：谷歌的落选标志着B站游戏区的“娱乐性”终究还是盖过了“专业性”。作为B站攻略最硬核的游戏区up主，谷歌落选是真不该的。当然了，谷歌的落选可能跟赛博朋克配音那件事有点关系，不过被冲的更狠的c君都入选了，谷歌竟然没入选。,https://www.zhihu.com/question/438840235/answer/1672129735
百蝎奇天,综合知识/泛科普,6332,1,1,0,0,0,1,百蝎奇天：不认识，不予置评。 粉笔战争，品诺美食：这俩没啥可说的，实至名归。,https://www.zhihu.com/question/438840235/answer/1672129735
盒子酸奶,综合知识/泛科普,6332,1,1,0,1,0,0,盒子酸奶：酸奶也是今年横空出世的宝藏up主，能把恐怖游戏玩的如此喜感。百大实至名归。 鹤吱菌：同样也是今年崛起的黑马up，疫情期间靠着网课系列横扫B站。下半年虽然没有上半年惊艳，但他百大没有疑问。 黄龄：00子拿百大我没意见，明星入驻B站的典范人物，B站要吸引更多的明星入驻，就必须给黄龄这个百大。,https://www.zhihu.com/question/438840235/answer/1672129735
祖娅纳惜,综合知识/泛科普,6332,1,1,0,1,0,0,祖娅纳惜：蛀牙意外进入了百大。这位我关注了两年多的宝藏老唱见终于熬出头了，希望借此机会能让她被更多人看到吧。 综上：虽然百大中有很多人配得上这个奖，但不得不说，这个奖的权威性正在逐渐降低。从18年到现在，一年不如一年。今年有许多优秀的up主痛失百大，也有许多德不配位者继续占着百大的位置。总之，这个奖项以后就跟跨年晚会一样，看着图个乐就好，B站是要赚钱的。,https://www.zhihu.com/question/438840235/answer/1672129735
神奇的老皮,综合知识/泛科普,6332,1,1,0,1,0,0,神奇的老皮：老皮应该是跟特效小哥重了才没进百大的吧。多鼓励鼓励新人也算是好人，虽然老皮值得一个百大。 长歌与小见见：他们跟是大腿一个情况，就不多赘述了。 神秘店长a：店长今年鸽了好几个月，没入选意料之内。 墨韵：作为B站文化代表人物之一的墨韵教主，最终还是被商业化的B站抛弃了，唉。,https://www.zhihu.com/question/438840235/answer/1672129735
神秘店长a,综合知识/泛科普,6332,1,1,0,1,0,0,神秘店长a：店长今年鸽了好几个月，没入选意料之内。 墨韵：作为B站文化代表人物之一的墨韵教主，最终还是被商业化的B站抛弃了，唉。 拉宏桑：今年视频没什么进步，掉粉榜上了好几次，也没整出什么新活，百大没进也不意外。 杰里德：江郎才尽了，视频来来回回都是那几个套路，不进不意外。,https://www.zhihu.com/question/438840235/answer/1672129735
红色激情,综合知识/泛科普,6332,1,1,0,1,0,0,红色激情：本来以为这个位置会是红豆稀饭中的，红激进了我也高兴，两个人我都喜欢。红激作为华农御用鬼畜师，为我们奉献了无数经典作品。就是下半年表现不佳，粉丝还没破百万。但以他的实力，值得这个百大。 花少北：阴阳怪气我就不解释了吧，他们进不了才是大新闻。 回形针paperclip：两面针是这份名单第一个震惊到我的人。虽说后面也跟新华社合作了，认错态度也挺好，但这样就能抹去他年初的骚操作吗？我猜B站是怕他凉的不快，故意搞这一出。回形针事件详见…,https://www.zhihu.com/question/438840235/answer/1672129735
纯黑,综合知识/泛科普,6332,1,1,0,1,0,0,纯黑：虽然纯黑今年表现不如前几年，但总体上还是值得今年一个百大。 大祥哥来了：怎么说呢，我觉得他这个风格也差不多到瓶颈期了，但粉丝量在这里，又是B站自家人，百大没问题。 盗月社食遇记：我超级喜欢的一对美食区up主，视频很有趣味，今年的一年里涨粉够多，百大实至名归。,https://www.zhihu.com/question/438840235/answer/1672129735
综上,综合知识/泛科普,6332,1,1,0,1,0,0,综上：虽然百大中有很多人配得上这个奖，但不得不说，这个奖的权威性正在逐渐降低。从18年到现在，一年不如一年。今年有许多优秀的up主痛失百大，也有许多德不配位者继续占着百大的位置。总之，这个奖项以后就跟跨年晚会一样，看着图个乐就好，B站是要赚钱的。 接下来，我就盯着回形针、纳豆奶奶、罗汉解说和欣小萌的评论区看年度吃瓜大戏了。 B站，这次你让我失望了。 评论区有小伙伴让我分析一下落榜up主的原因，那我就试着分析一下吧。 首先给大家看一张图…,https://www.zhihu.com/question/438840235/answer/1672129735
罗汉解说,综合知识/泛科普,6332,1,1,0,0,1,0,罗汉解说：第二个震惊到我的人。真的，罗汉德不配位，今年罗汉在一阵风波和半年没更鬼套路的前提下，依旧入选了百大。我真不知道说什么好了。罗汉评论区要有腥风血雨了。 罗翔说刑法：罗老师，永远滴神！ 六道轮回：今年跟狮子视角姬合作的世纪大盗系列是真的有趣，六道作为代表领这个百大实至名归。（我估计是B站怕他拿不到百大继续放飞自我。。。） 猛男舞团：如果说黄龄是明星入驻B站的典范，那么猛男舞团就是网红入驻B站的典范。意外走红之后，他们不但没有玩烂…,https://www.zhihu.com/question/438840235/answer/1672129735
翔翔大作战,综合知识/泛科普,6332,1,1,0,1,0,0,翔翔大作战：换号，不解释。 徐大sao：去年百大里人设崩的最厉害的人，没有之一。B站不给他是正确的，至于瓜什么的，大家知乎搜就好了。 贤宝宝baby：跟蛋黄派一个情况，搞不懂。 歪研会：歪研会大概是今年播放量不行的缘故吧，蛮可惜的。B站既然一定要给外国人那么多名额，为什么不给歪研会呢？,https://www.zhihu.com/question/438840235/answer/1672129735
老e,综合知识/泛科普,6332,1,1,0,1,0,0,老e：泪目了，老e终于百大了，不容易啊！ 阿斗归来了：阿斗能进我有点没想到，因为他今年涨粉不多。但像这样认真解说，认真做视频，不蹭热度，还不拔高或贬低某部作品，专注电影本身的良心up主，真的是不多了。他值得这个百大。 二喵的饭：二喵可能不是美食区最会做菜的up主，但她绝对是她这种up里最勤奋的。声音可爱，态度认真，百大实至名归。,https://www.zhihu.com/question/438840235/answer/1672129735
老坛胡说,综合知识/泛科普,6332,1,1,0,1,0,0,老坛胡说：变形兄弟里最能整活的一个，虽然标题党也是最严重的，但至少不至于让人看不下去。个人觉得他是他们六个人里视频质量第二高的。 力元君：今年力元君视频质量下滑严重，被许多后起之秀超过。个人感觉加入变形兄弟后，力元君越来越差。B站再给他百大，看来是铁了心想捧变形兄弟啊。希望他以后能调整好吧。 历史调研室：超硬核的历史up主，能把很复杂的历史问题说的通俗易懂，再配上顶级的文案和视频剪辑，百大实至名归。,https://www.zhihu.com/question/438840235/answer/1672129735
耿清清啊,综合知识/泛科普,6332,1,1,0,1,0,0,耿清清啊：不认识，咱不评价。 进击的金厂长：厂长没拿百大有点可惜，虽然视频质量不如阿幕降临，但这么能肝，没拿到百大不该。不过新人奖实至名归。（厂长竟然是女的！） 卢正义的雕刻时光：又是一个我觉得他人设要崩的up。我相信老爷子本身是有技术的，但视频被揪出了好几处错。如果后面不站出来回应的话，有些危险。不管怎么样，视频做的很好看，值得一个新人奖。,https://www.zhihu.com/question/438840235/answer/1672129735
芋头sama,综合知识/泛科普,6332,1,1,0,0,1,0,芋头sama：不予赘述，一年就那么几个视频，还放鸽子，不给就对了。 是大腿：虽然粉丝多，但是今年沒掀起什么水花来。游戏区后起之秀太多，他们被挤下去也很正常。 花花与三猫：大概是因为那一阵风波，他们停更了很长时间的缘故。挺可惜的。 嘟督不噶油：今年数据欠佳，但纯黑少爷数据也不太好，粉丝也不比嘟督多多少，还是进了百大。嘟督也有点可惜,https://www.zhihu.com/question/438840235/answer/1672129735
花花与三猫,综合知识/泛科普,6332,1,1,0,1,0,0,花花与三猫：大概是因为那一阵风波，他们停更了很长时间的缘故。挺可惜的。 嘟督不噶油：今年数据欠佳，但纯黑少爷数据也不太好，粉丝也不比嘟督多多少，还是进了百大。嘟督也有点可惜 山下智博：鸡脖去年就不该进了，B站看在他是元老的份上给了他百大。他如果在视频风格上再不寻求改变的话，早晚被更多后浪拍死在沙滩上。,https://www.zhihu.com/question/438840235/answer/1672129735
芳丝塔芙,综合知识/泛科普,6332,1,1,0,0,1,0,芳丝塔芙：知识区元老级人物，知识区今年大火，他们自然不能缺席。 冯提莫：又一个大争议点，虽然看粉丝数和人气，入选毫无疑问，但冯提莫根本没把重心放在视频上好吧，视频播放量也不行。你阿b想捧她我理解，但你这样让认真做视频的人怎么想呢？ 孤独的美食基：说真的，今年因为他疫情恰饭那波操作，我直接取关了他。后面也没怎么看他，能再进百大我也是没想到的，这个位置给个争议小点的不好吗？,https://www.zhihu.com/question/438840235/answer/1672129735
装机猿,综合知识/泛科普,6332,1,1,0,1,0,0,装机猿：硬核与幽默并存的数码区up主，几乎是B站装机担当了，大up们谁家电脑出了问题都找他装机。 zettaranc：z哥作为球鞋区粉丝最多的up主，百大没问题。 哲别：跟变形兄弟其他几个一个道理，B站捧，必进百大。不过他的视频质量也算是变形兄弟里的前三了。 智能路障：知识区的代表，我超喜欢他的鲁迅系列，能让人更全面系统的看待鲁迅。百大实至名归。,https://www.zhihu.com/question/438840235/answer/1672129735
记录生活的蛋黄派,综合知识/泛科普,6332,1,1,0,0,0,1,记录生活的蛋黄派：这个我弄不明白为什么落选啊，难道是签了别的平台？想不明白。 手工耿：一是重心不在B站，二是B站需要新鲜血液。耿哥落选不意外，但我觉得耿哥应该拿这个百大。 朱一旦的枯燥生活：小策如果不离职的话，旦总百大就稳了。其实就算小策离职了，这也不是什么大事，朱一旦团队上半年创作了那么多神作，这不比纳豆奶奶之流强吗？,https://www.zhihu.com/question/438840235/answer/1672129735
贤宝宝baby,综合知识/泛科普,6332,1,1,0,0,1,0,贤宝宝baby：跟蛋黄派一个情况，搞不懂。 歪研会：歪研会大概是今年播放量不行的缘故吧，蛮可惜的。B站既然一定要给外国人那么多名额，为什么不给歪研会呢？ 芋头sama：不予赘述，一年就那么几个视频，还放鸽子，不给就对了。 是大腿：虽然粉丝多，但是今年沒掀起什么水花来。游戏区后起之秀太多，他们被挤下去也很正常。,https://www.zhihu.com/question/438840235/answer/1672129735
进击的金厂长,综合知识/泛科普,6332,1,1,0,1,0,0,进击的金厂长：厂长没拿百大有点可惜，虽然视频质量不如阿幕降临，但这么能肝，没拿到百大不该。不过新人奖实至名归。（厂长竟然是女的！） 卢正义的雕刻时光：又是一个我觉得他人设要崩的up。我相信老爷子本身是有技术的，但视频被揪出了好几处错。如果后面不站出来回应的话，有些危险。不管怎么样，视频做的很好看，值得一个新人奖。,https://www.zhihu.com/question/438840235/answer/1672129735
逗川,综合知识/泛科普,6332,1,1,0,1,0,0,逗川：跟嘟督情况差不多，而且逗川粉丝更少，视频播放量更低，落选不意外。 极客湾：怎么说呢，个人感觉他是数码区up主里专业性最强的。可惜粉丝量和播放量跟不上，流量不符合要求，只能落选。 kbshinya：同三无，音乐区衰落了。 stn工作室：同其他几位游戏区up主，流量不够，话题不够。,https://www.zhihu.com/question/438840235/answer/1672129735
逗比的雀巢,综合知识/泛科普,6332,1,1,0,1,0,0,逗比的雀巢：年度黑马之一，配音系列可以说是我的快乐源泉了。实至名归 老e：泪目了，老e终于百大了，不容易啊！ 阿斗归来了：阿斗能进我有点没想到，因为他今年涨粉不多。但像这样认真解说，认真做视频，不蹭热度，还不拔高或贬低某部作品，专注电影本身的良心up主，真的是不多了。他值得这个百大。,https://www.zhihu.com/question/438840235/answer/1672129735
长歌与小见见,综合知识/泛科普,6332,1,1,0,1,0,0,长歌与小见见：他们跟是大腿一个情况，就不多赘述了。 神秘店长a：店长今年鸽了好几个月，没入选意料之内。 墨韵：作为B站文化代表人物之一的墨韵教主，最终还是被商业化的B站抛弃了，唉。 拉宏桑：今年视频没什么进步，掉粉榜上了好几次，也没整出什么新活，百大没进也不意外。,https://www.zhihu.com/question/438840235/answer/1672129735
阿幕降临,综合知识/泛科普,6332,1,1,0,0,0,1,阿幕降临：虽然今年阿幕表现欠佳，但还是进了百大。他的实力配得上，没争议。 敖厂长：论实力的话，敖厂长是配得上的。但敖厂长去年明确说了拒绝百大，今年还是领了，这莫不是自己打自己的脸。而且不看19年大圣归来那件事，厂长在20年也有过不少争议事件。 拜托了小翔哥：争议up主之一，19年消费抑郁症事件历历在目。不过抑郁症事件的热度差不多过了，小翔哥换号后视频质量明显提升，百大拿下来没问题。,https://www.zhihu.com/question/438840235/answer/1672129735
阿斗归来了,综合知识/泛科普,6332,1,1,0,1,0,0,阿斗归来了：阿斗能进我有点没想到，因为他今年涨粉不多。但像这样认真解说，认真做视频，不蹭热度，还不拔高或贬低某部作品，专注电影本身的良心up主，真的是不多了。他值得这个百大。 二喵的饭：二喵可能不是美食区最会做菜的up主，但她绝对是她这种up里最勤奋的。声音可爱，态度认真，百大实至名归。 泛式：动画区为数不多的担当了，必须给。 芳丝塔芙：知识区元老级人物，知识区今年大火，他们自然不能缺席。,https://www.zhihu.com/question/438840235/answer/1672129735
靠脸吃饭的徐大王,综合知识/泛科普,6332,1,1,0,1,0,0,靠脸吃饭的徐大王：B站lol区第一人，非常适合想了解lol背景和玩lol的人关注。虽然去年没怎么涨粉，但厄加特还是名副其实的百大。 靠谱电竞：从不看lpl的我为了追一个看lpl的妹子关注了她，虽然妹子没追成，但我却喜欢上了看lpl。柴嘻嘻百大没毛病。 科技美学：（评论区里对他争议蛮大的，我平时看他也不多，不是很了解他。写的时候写上头了，如果后面有什么不对的地方还望指正啊。）,https://www.zhihu.com/question/438840235/answer/1672129735
靠谱电竞,综合知识/泛科普,6332,1,1,0,1,0,0,靠谱电竞：从不看lpl的我为了追一个看lpl的妹子关注了她，虽然妹子没追成，但我却喜欢上了看lpl。柴嘻嘻百大没毛病。 科技美学：（评论区里对他争议蛮大的，我平时看他也不多，不是很了解他。写的时候写上头了，如果后面有什么不对的地方还望指正啊。） 克里米亚野生动物园：名单看到这里画风突然一转，不过我看到是他就放心了。虽然我没想到他能入选，但他还是配得上百大的。也祝愿动物园可以越办越好。,https://www.zhihu.com/question/438840235/answer/1672129735
韩小四April,综合知识/泛科普,6332,1,1,0,1,0,0,韩小四April：唯一一个我不认识的...希望大家有了解的帮我科普下。 盒子酸奶：酸奶也是今年横空出世的宝藏up主，能把恐怖游戏玩的如此喜感。百大实至名归。 鹤吱菌：同样也是今年崛起的黑马up，疫情期间靠着网课系列横扫B站。下半年虽然没有上半年惊艳，但他百大没有疑问。,https://www.zhihu.com/question/438840235/answer/1672129735
音乐制作人kurt,综合知识/泛科普,6332,1,1,0,1,0,0,音乐制作人kurt：和帕梅拉一个情况，人家主站不是B站啊，B站给自家孩子不比给他们香吗？难道给几个油管大佬百大，就能标志着自己走向国际化了吗？当然kurt实力完全配得上百大。 影视飓风：看他的视频，是视觉上的享受。百大实至名归 硬核的半佛仙人：说实话，半佛现在视频质量越来越不好了，恰饭多，而且有时候视频说了一通都不知所云，我觉得以后他可能会出事。单看这一年，半佛实至名归。,https://www.zhihu.com/question/438840235/answer/1672129735
马壮实,综合知识/泛科普,6332,1,1,0,0,1,0,马壮实：跟老白一个情况，不同的是马壮实视频质量一直挺高，但风格太过单一，看的人太少。B站还是要流量的啊！ 放假君：曾经的鬼畜之王去年划水了一年，视频有三分之一都是恰饭的。这种表现确实难进百大。 逗川：跟嘟督情况差不多，而且逗川粉丝更少，视频播放量更低，落选不意外。 极客湾：怎么说呢，个人感觉他是数码区up主里专业性最强的。可惜粉丝量和播放量跟不上，流量不符合要求，只能落选。,https://www.zhihu.com/question/438840235/answer/1672129735
鹤吱菌,综合知识/泛科普,6332,1,1,0,1,0,0,鹤吱菌：同样也是今年崛起的黑马up，疫情期间靠着网课系列横扫B站。下半年虽然没有上半年惊艳，但他百大没有疑问。 黄龄：00子拿百大我没意见，明星入驻B站的典范人物，B站要吸引更多的明星入驻，就必须给黄龄这个百大。 黑猫厨房：一个很优秀的美食up，声音也很有特点，就是ghs有点多。她和二喵绵羊可以组成三姐妹出道了。百大当之无愧。,https://www.zhihu.com/question/438840235/answer/1672129735
黄龄,综合知识/泛科普,6332,1,1,0,1,0,0,黄龄：00子拿百大我没意见，明星入驻B站的典范人物，B站要吸引更多的明星入驻，就必须给黄龄这个百大。 黑猫厨房：一个很优秀的美食up，声音也很有特点，就是ghs有点多。她和二喵绵羊可以组成三姐妹出道了。百大当之无愧。 红色激情：本来以为这个位置会是红豆稀饭中的，红激进了我也高兴，两个人我都喜欢。红激作为华农御用鬼畜师，为我们奉献了无数经典作品。就是下半年表现不佳，粉丝还没破百万。但以他的实力，值得这个百大。,https://www.zhihu.com/question/438840235/answer/1672129735
黑桐谷歌,综合知识/泛科普,6332,1,1,0,1,0,0,黑桐谷歌：谷歌的落选标志着B站游戏区的“娱乐性”终究还是盖过了“专业性”。作为B站攻略最硬核的游戏区up主，谷歌落选是真不该的。当然了，谷歌的落选可能跟赛博朋克配音那件事有点关系，不过被冲的更狠的c君都入选了，谷歌竟然没入选。 天天卡牌：炉石区彻底被B站抛弃了，唉。 神奇的老皮：老皮应该是跟特效小哥重了才没进百大的吧。多鼓励鼓励新人也算是好人，虽然老皮值得一个百大。 长歌与小见见：他们跟是大腿一个情况，就不多赘述了。,https://www.zhihu.com/question/438840235/answer/1672129735
黑椒墨鱼,综合知识/泛科普,6332,1,1,0,1,0,0,黑椒墨鱼：同逗川。 波桑吃遍世界：又是一个视频风格走到头的up主。转型也很不成功，上了好几次掉粉榜，落选正常。 尕天堂：动画区人才越来越少了，天堂又没什么流量。不过今年瓶子能替代他进百大也还可以。 十音：因为汉服事件？反正十音今年数据也一般。反倒是她男朋友lks表现很好，但不知怎么还是落选了百大，唉。,https://www.zhihu.com/question/438840235/answer/1672129735
黑猫厨房,综合知识/泛科普,6332,1,1,0,1,0,0,黑猫厨房：一个很优秀的美食up，声音也很有特点，就是ghs有点多。她和二喵绵羊可以组成三姐妹出道了。百大当之无愧。 红色激情：本来以为这个位置会是红豆稀饭中的，红激进了我也高兴，两个人我都喜欢。红激作为华农御用鬼畜师，为我们奉献了无数经典作品。就是下半年表现不佳，粉丝还没破百万。但以他的实力，值得这个百大。,https://www.zhihu.com/question/438840235/answer/1672129735
黑马奖,综合知识/泛科普,6332,1,1,0,1,0,0,2、黑马奖：硬核的半佛仙人。 其实2020年黑马真挺多的，半佛前半年厉害，后半年有点力不从心。不过总体上而言，没人比他适合拿这个奖了。 3、最佳作品奖：何同学 这个我没想到，因为这个视频在数据上并不是最好，不过拿了也是实至名归。何同学真的是每个作品都会给人带来惊喜。其实我个人更倾向于把这个奖给《敢杀我的马》。,https://www.zhihu.com/question/438840235/answer/1672129735
齐天大肾余潇洒,综合知识/泛科普,6332,1,1,0,1,0,0,齐天大肾余潇洒：坚守国漫的up主里，就属他粉丝多了。虽然今年表现不是很好，但他是B站国创区最后的遮羞布了。 奇闻观察室：长风对案件的讲解不限于案件本身，每次都恰到好处的升华是他视频的精髓，再配上那超级肝的更新频率。百大不给说不过去啊 枪弹轨迹：鬼畜区现役第一人，必须给 上海滩许van强：鬼畜up转型的代表性人物，说真的，她的鬼套路比罗某人现在的好看多了。百大实至名归。,https://www.zhihu.com/question/438840235/answer/1672129735
Taylor Swift,语言/英语,6132,1,1,0,1,0,0,Taylor Swift ：我是如何变得坚不可摧的 2、日语 UP主推荐： 葉子先生酱 一个分享日语知识的UP主。,https://www.zhihu.com/question/59989404/answer/1276677344
中国学生在美国大学的演讲,财经/商业,6132,1,1,0,1,0,0,中国学生在美国大学的演讲：哲学的意义 陈果的幸福哲学课 四、金融 UP主推荐： DannyData小丹尼,https://www.zhihu.com/question/59989404/answer/1276677344
伯克利音乐学院,艺术/审美,6132,1,1,0,1,0,0,伯克利音乐学院：阮咸组曲 2、美术 UP主推荐： wlop- 这是我最喜欢的绘画UP主啦！今天我就把他推荐给大家，可能一些小伙伴已经关注了吧。,https://www.zhihu.com/question/59989404/answer/1276677344
写道最后,学习/考试,6132,1,1,0,1,0,0,写道最后： 收集整理了这么多精品课程后，我发现B站真的是一个学习网站，包含了各个专业的学习课程，有些课程虽然年代久远了些，但是作为名校公开课还是有学习的价值。 另外，课程真的太多了，很多UP主全网收集，然后上传到B站，本回答也不可能全部列举出来，更多的是筛选了些具有代表性的课程，这里小声告诉你一个点击量超高的课程叫做「 变态心理学 」,https://www.zhihu.com/question/59989404/answer/1276677344
北大光华,财经/商业,6132,1,1,0,1,0,0,北大光华：当我在学金融的时候是在学什么 五、艺术类 1、音乐 UP主推荐： 墨韵Moyun,https://www.zhihu.com/question/59989404/answer/1276677344
工学,综合知识/泛科普,6132,1,1,0,1,0,0,一、工学 1、计算机类 UP主推荐： 鱼C-小甲鱼 正好想学编程，就遇到了这个宝藏UP主，真的太幸运了。,https://www.zhihu.com/question/59989404/answer/1276677344
文学,综合知识/泛科普,6132,1,1,0,1,0,0,二、文学 1、英语 UP主推荐： Ella教美语 一个分享英语知识的宝藏UP主。,https://www.zhihu.com/question/59989404/answer/1276677344
比尔.盖茨亲自授课,计算机/编程,6132,1,1,0,1,0,0,比尔.盖茨亲自授课：计算机原理 2、人工智能 UP主推荐： 莫烦Python 这个UP主目前在腾讯工作，是一个从事人工智能方面的工程博士。,https://www.zhihu.com/question/59989404/answer/1276677344
洛白,科普/自然科学,6132,1,1,0,1,0,0,如果你觉得有收获，别忘了花 3 秒钟，点赞、喜欢、收藏，一键三连哟， @洛白 获取更多干货分享：）,https://www.zhihu.com/question/59989404/answer/1276677344
理学,数学/物理,6132,1,1,0,1,0,0,六、理学 UP主推荐： 3Blue1Brown 3Blue1Brown是一个学习数学的YouTube频道，现在也在B站发布数学学习视频了。 其制作的视频很有趣、很特别，他将高等数学、线性代数的相关定理，以动画的形式进行讲解，这种将数学以可视化表达出来的方式，能够帮助你更好的构建有关数学概念定义定理。,https://www.zhihu.com/question/59989404/answer/1276677344
美术,艺术/审美,6132,1,1,0,1,0,0,2、美术 UP主推荐： wlop- 这是我最喜欢的绘画UP主啦！今天我就把他推荐给大家，可能一些小伙伴已经关注了吧。 wlop大神本来是一个程序员，因为爱好，所以自学的CG绘画，他的每一幅画都制作得很精美，可以收藏起来当做壁纸天天欣赏，反正我是收藏了不少，哈哈。,https://www.zhihu.com/question/59989404/answer/1276677344
艺术类,艺术/审美,6132,1,1,0,1,0,0,五、艺术类 1、音乐 UP主推荐： 墨韵Moyun 墨韵是B站上最有人气的古筝演奏者，她擅长将古筝与二次元音乐结合在一起，其中观看次数最高的视频已经达到了3千多万了，可谓是镇站之宝。,https://www.zhihu.com/question/59989404/answer/1276677344
计算机类,计算机/编程,6132,1,1,0,1,0,0,1、计算机类 UP主推荐： 鱼C-小甲鱼 正好想学编程，就遇到了这个宝藏UP主，真的太幸运了。 小甲鱼分享的课程有Python、C语言、Web前端开发等，课程免费，零基础入门，对小白很友好。,https://www.zhihu.com/question/59989404/answer/1276677344
金融,综合知识/泛科普,6132,1,1,0,1,0,0,四、金融 UP主推荐： DannyData小丹尼 我平时对财经方面关注比较少吧，不过为了给大家推荐财经类的UP主，也刷了不少视频，筛选了一下，向大家推荐DannyData这个UP主。 他的视频特点主要以知名企业为中心，比如：华为、苹果、B站等，有详细的数据支撑，内容硬核有深度，还是值得一看的。,https://www.zhihu.com/question/59989404/answer/1276677344
深度学习,计算机/编程,5589,1,1,0,1,0,0,深度学习：深度学习入门的阶段可以分为3个板块：深度学习理论，pytorch框架使用，以及用pytorch搭建经典模型。 深度学习理论推荐以下内容： 斎藤康毅的《深度学习入门：基于Python的理论与实现》和《深度学习进阶：自然语言处理》 b站up主耿直哥 李宏毅老师的公开课,https://www.zhihu.com/question/492545174/answer/3309259113
恶魔奶爸,语言/英语,5521,1,1,0,1,0,0,4.-恶魔奶爸- 传送门： 哔哩哔哩 ( ゜- ゜)つロ 乾杯~ Bilibili 推荐理由： 自媒体运营方法实操性强 恶魔奶爸做过猎头，见多识广，现在转战自媒体做大V，分享的案例丰富、接地气儿，具有极强的可实操性。,https://www.zhihu.com/question/292372507/answer/853915682
我是于干,语言/英语,5521,1,1,0,1,0,0,3.我是于干 传送门： 哔哩哔哩 ( ゜- ゜)つロ 乾杯~ Bilibili 推荐理由： 教程短小精悍，对剪辑小白十分友好。 于干的视频以 PR剪辑教程 为主，此外还有PS、AE、AU的教程视频。,https://www.zhihu.com/question/292372507/answer/853915682
极地手记,语言/英语,5521,1,1,0,1,0,0,2.极地手记 传送门： 哔哩哔哩 ( ゜- ゜)つロ 乾杯~ Bilibili 推荐理由： Vlog有创意+乐于教人拍Vlog 极地喜欢拍Vlog，在他的Vlog里，我总是能发现新奇的拍摄视角和有趣的手工，还经常被他的视频感动得热泪盈眶。,https://www.zhihu.com/question/292372507/answer/853915682
FREE高考英语零基础入门训练,法律,5199,1,1,0,1,0,0,FREE高考英语零基础入门训练 ：对零基础的学习者非常友好。 2. 法律 《刑法学 罗翔》 ：想必不用多介绍了，大多数同学应该都刷到过罗翔老师的视频。 《刑法学 柏浪涛》 ：法考名师 《行政法 黄韦博》 ：B站up主柏社法考官方，各种法考课程,https://www.zhihu.com/question/265883810/answer/2811781296
新概念英语,综合知识/泛科普,5199,1,1,0,1,0,0,《新概念英语》 ：通过动画学英语 《英语听力》 ：良心UP主，持续更新中 考研英语 ：英语的方法和总结，受益匪浅 英语语法 ：非常详细的英语语法讲解 英语学习方法论 ：感觉被打通任督二脉，非常明了,https://www.zhihu.com/question/265883810/answer/2811781296
最适合中国人的音标课,语言/英语,5199,1,1,0,0,0,1,"最适合中国人的音标课 ：英语语音发音分析得很详尽，还从英美发音习惯的对比上分析英语语音。 每日英语听写 Daily English Dictation 1-400 ：英语听力、口语、日常表达 B站最棒英语听力(合集 ：学完提升N个层次 英语语法速成 ：英语零基础语法入门班,系列自学课程之初高中英语语法",https://www.zhihu.com/question/265883810/answer/2811781296
法律,法律,5199,1,1,0,1,0,0,2. 法律 《刑法学 罗翔》 ：想必不用多介绍了，大多数同学应该都刷到过罗翔老师的视频。 《刑法学 柏浪涛》 ：法考名师 《行政法 黄韦博》 ：B站up主柏社法考官方，各种法考课程 《民法 戴寰宇》 ：法硕相关课程，值得推荐。,https://www.zhihu.com/question/265883810/answer/2811781296
英语听力,语言/英语,5199,1,1,0,1,0,0,《英语听力》 ：良心UP主，持续更新中 考研英语 ：英语的方法和总结，受益匪浅 英语语法 ：非常详细的英语语法讲解 英语学习方法论 ：感觉被打通任督二脉，非常明了 英语单词倍速学习 ：各阶段英语单词倍速学习，还有日语,https://www.zhihu.com/question/265883810/answer/2811781296
英语语法速成,学习/考试,5199,1,1,0,1,0,0,"英语语法速成 ：英语零基础语法入门班,系列自学课程之初高中英语语法 【易筋经】底层、科学、垂直、颠覆 ：不出意外应该是B站最好的英语 《新概念英语》 ：通过动画学英语 《英语听力》 ：良心UP主，持续更新中 考研英语 ：英语的方法和总结，受益匪浅",https://www.zhihu.com/question/265883810/answer/2811781296
可以取关的百大,历史/军事,5133,1,1,0,0,1,0,一、可以取关的百大 up 主 首先建议拉黑何同学，咱三观四感五蕴六根都与之合不来。这 b 站还总给我推送，纯纯恶心人。 其次，罗翔我关注了多年，如今感觉差不多没什么看头了。 他现在爱惜羽毛，很多社会热门刑事案件他都闭口不提。然后避重就轻找些轻关注的话题在那里聊。,https://www.zhihu.com/question/399244026/answer/3619361391
2024年更新,科普/自然科学,5115,1,1,0,0,0,1,2024年更新： 现在大学了，主要从事科研啦，目前在省科学技术协会，主要从事文化遗产数字化保护、开发与传播，也希望后续能继续通过游戏化的方式传播中华与世界文化遗产，并继续制作相关的视频，欢迎交流~,https://www.zhihu.com/question/308179641/answer/571269943
A.悬赏广告计划,综合知识/泛科普,5115,1,1,0,0,0,1,A.悬赏广告计划： 视频下方添加平台提供的广告卡片，此项不和创作激励冲突！先前参与内测时创作激励计划+悬赏广告计划可以将单价叠到 1000播放≈3元（创作激励金）+5-20元（广告卡激励金，广告商设置15元/千次曝光则是15，区间一般为5-20元） 非常夸张，但是公测一段时间后“僧多粥少”，Up主太多，广告太少，区间越来越低，广告也变少了~ B.悬赏带货计划： 类似抖音视频带货， 视频下面添加一个商品卡，卖出后获得店家设置的佣金！ 可…,https://www.zhihu.com/question/308179641/answer/571269943
A.直播底薪,综合知识/泛科普,5115,1,1,0,1,0,0,A.直播底薪： 我个人因学业且非主播/直播Up，不太了解~ B.直播礼物： 曾在B站随便播过几天，有粉丝开了舰长，就是200元/月~平台抽成后到手一半左右，再走下个税，当然我是没签约直播合约的情况，签约或许抽成不会这么高~ 7.记录 学生住校呜呜呜！每月就那么几天假期，能出一两期视频就不错了，难得上榜！,https://www.zhihu.com/question/308179641/answer/571269943
A.花火商单计划,综合知识/泛科普,5115,1,1,0,0,0,1,A.花火商单计划： 官方为Up主提供一个恰饭的平台，Up主设置每条视频的报价，广告主、厂商或品牌方等来此平台寻找合适的Up主去发送合作意向，相对应的下面的B为非官方恰饭。 B.视频恰饭（主要收入来源）： 中间商或厂商通过Up主主页留下的联系方式私下联系Up主洽谈合作， 制做其他产品、游戏的宣传、试用视频。早期按照频道粉丝量报价，现在一些甲方考虑的维度更多，除粉丝量外也会考虑近期平均播放量，完整度，甚至观众年龄、地区等。,https://www.zhihu.com/question/308179641/answer/571269943
A1,综合知识/泛科普,5115,1,1,0,0,1,0,A1：这个我也是啊啊啊，能不能火和粉丝量没啥关系！标题，封面很重要，我每次也很头疼，甚至会做好几套找朋友投票233 Q2.没有电脑、没有设备、没启资金？ A2.我认识的两个Up主朋友，六花酱（小姐姐），2020年做视频时初中，靠着一个很便宜的安卓机，一个暑假做到3万粉丝，虽然后面因为学业没在继续做了。另一个朋友，西扒烂（Uid：155038281），一直是录制手机游戏并用手机剪辑，今日头条（西瓜视频，抖音系平台）30万粉丝啦.我自己也…,https://www.zhihu.com/question/308179641/answer/571269943
B.悬赏带货计划,综合知识/泛科普,5115,1,1,0,0,0,1,B.悬赏带货计划： 类似抖音视频带货， 视频下面添加一个商品卡，卖出后获得店家设置的佣金！ 可以设置自家店铺~ 5.花火商单计划/视频恰饭/视频动态/代发视频 A.花火商单计划： 官方为Up主提供一个恰饭的平台，Up主设置每条视频的报价，广告主、厂商或品牌方等来此平台寻找合适的Up主去发送合作意向，相对应的下面的B为非官方恰饭。,https://www.zhihu.com/question/308179641/answer/571269943
B.直播礼物,综合知识/泛科普,5115,1,1,0,1,0,0,B.直播礼物： 曾在B站随便播过几天，有粉丝开了舰长，就是200元/月~平台抽成后到手一半左右，再走下个税，当然我是没签约直播合约的情况，签约或许抽成不会这么高~ 7.记录 学生住校呜呜呜！每月就那么几天假期，能出一两期视频就不错了，难得上榜！ 评论区一些问答： Q1：我视频做的很用心却不火没人看！,https://www.zhihu.com/question/308179641/answer/571269943
Q1,综合知识/泛科普,5115,1,1,0,0,1,0,Q1：我视频做的很用心却不火没人看！ A1：这个我也是啊啊啊，能不能火和粉丝量没啥关系！标题，封面很重要，我每次也很头疼，甚至会做好几套找朋友投票233 Q2.没有电脑、没有设备、没启资金？ A2.我认识的两个Up主朋友，六花酱（小姐姐），2020年做视频时初中，靠着一个很便宜的安卓机，一个暑假做到3万粉丝，虽然后面因为学业没在继续做了。另一个朋友，西扒烂（Uid：155038281），一直是录制手机游戏并用手机剪辑，今日头条（西瓜视…,https://www.zhihu.com/question/308179641/answer/571269943
Tips,综合知识/泛科普,5115,1,1,0,1,0,0,Tips：部分MCN公司（经纪公司）签署后不允许Up主私下接单，或允许但要抽成，需要注意。 C.代发视频： 同上类似，不过是 甲方提供视频，UP在个人频道发布 ，粉丝量决定价格，一般比动态恰饭高，比视频恰饭低~（我个人比较反对，因为非常让粉丝反感，除非是符合频道主题且内容真的很高质量的产品，但这种可能也轮不上咱们了哈哈哈）,https://www.zhihu.com/question/308179641/answer/571269943
充电计划,综合知识/泛科普,5115,1,1,0,1,0,0,2.充电计划 打赏： 粉丝可以直接给喜欢的Up打钱，不过其中存在较高的手续费和税费，而且实际充电的用户和金额都很少，只能作为很小的一部分不稳定收入。 3.动态互推计划 动态“商业胡吹”： UP主可以互相帮对方转发视频，并且获得对方设置的转发费，费用和粉丝量挂钩，相对于在动态直接发布和平时视频内容完全不相干的广告，只要挑选和频道领域相符的动态帮忙转发，粉丝也更不容易反感，但是收入很低，几十元到几百元每次，且被转发者效果也一般。[2024…,https://www.zhihu.com/question/308179641/answer/571269943
动态互推计划,综合知识/泛科普,5115,1,1,0,0,0,1,3.动态互推计划 动态“商业胡吹”： UP主可以互相帮对方转发视频，并且获得对方设置的转发费，费用和粉丝量挂钩，相对于在动态直接发布和平时视频内容完全不相干的广告，只要挑选和频道领域相符的动态帮忙转发，粉丝也更不容易反感，但是收入很低，几十元到几百元每次，且被转发者效果也一般。[2024年更新：这个计划可能已经成为历史了233],https://www.zhihu.com/question/308179641/answer/571269943
广告分成,财经/商业,5115,1,1,0,1,0,0,广告分成： （抖音以外每个平台都有这个计划 [2024年更新：抖音、快手等小视频平台也有推出，但不多，图一乐]）大陆地区B站的分成最高，全球的话YouTube分成最高，尤其是欧美观众观看你的视频，片头播放的则是高单价的英文广告，另外财经类等也远比游戏类广告分成更多。 B站1000播放量≈3元人民币 [2024年更新：B站股价不行了，好奇的可以查下近五年就明白了，现在单价低多了，真的成创作“激励”了哈哈哈，好像是1000播放量/1~1.…,https://www.zhihu.com/question/308179641/answer/571269943
打赏,综合知识/泛科普,5115,1,1,0,1,0,0,打赏： 粉丝可以直接给喜欢的Up打钱，不过其中存在较高的手续费和税费，而且实际充电的用户和金额都很少，只能作为很小的一部分不稳定收入。 3.动态互推计划 动态“商业胡吹”： UP主可以互相帮对方转发视频，并且获得对方设置的转发费，费用和粉丝量挂钩，相对于在动态直接发布和平时视频内容完全不相干的广告，只要挑选和频道领域相符的动态帮忙转发，粉丝也更不容易反感，但是收入很低，几十元到几百元每次，且被转发者效果也一般。[2024年更新：这个计…,https://www.zhihu.com/question/308179641/answer/571269943
记录,综合知识/泛科普,5115,1,1,0,1,0,0,7.记录 学生住校呜呜呜！每月就那么几天假期，能出一两期视频就不错了，难得上榜！ 评论区一些问答： Q1：我视频做的很用心却不火没人看！ A1：这个我也是啊啊啊，能不能火和粉丝量没啥关系！标题，封面很重要，我每次也很头疼，甚至会做好几套找朋友投票233,https://www.zhihu.com/question/308179641/answer/571269943
评论区一些问答,综合知识/泛科普,5115,1,1,0,1,0,0,评论区一些问答： Q1：我视频做的很用心却不火没人看！ A1：这个我也是啊啊啊，能不能火和粉丝量没啥关系！标题，封面很重要，我每次也很头疼，甚至会做好几套找朋友投票233 Q2.没有电脑、没有设备、没启资金？,https://www.zhihu.com/question/308179641/answer/571269943
KristenLL,科普/自然科学,5061,1,1,0,0,0,1,8、 KristenLL 这个UP主，是今年的考生，分享的都是一些名师课程！ 比如语文马昕老师的“步步为营”，和“如影随形”系列，可以帮助高中生系统的了解考卷。据说马昕老师一对一课程，一节课收费2K，含金量杠杠滴！,https://www.zhihu.com/question/376032562/answer/1120368698
以及语文基础知识,科普/自然科学,5061,1,1,0,0,0,1,以及语文基础知识： 1.考点“步步为营”1-语文基础知识（马昕)_哔哩哔哩 (゜-゜)つロ 干杯~-bilibili 2.考点“步步为营”2-文言文阅读_哔哩哔哩 (゜-゜)つロ 干杯~-bilibili,https://www.zhihu.com/question/376032562/answer/1120368698
张艳平地理,科普/自然科学,5061,1,1,0,1,0,0,4、 张艳平地理 一个分享高考地理知识的UP主。 很多网友都说熬夜听完“平哥”的地理，瞬间感觉顿悟了！ 平哥不仅会分享地理视频，还有一些关于高考的专栏，对于广大考生，是一个很不错的选择！ 6、 蜜蜂优课刘勖雯文综,https://www.zhihu.com/question/376032562/answer/1120368698
科学永无止境,学习/考试,5061,1,1,0,0,0,1,7、 科学永无止境 一个分享高中理科知识的UP主。 UP主分享的视频课程有：语数外、理化生。不仅如此，UP主还分享有高考考生心理视频，帮助高中生调节心理。 还有一些名师分享的学习方法，很全面的种类！ 不过唯一的遗憾是，UP主很久没更新了，有些视频都失效了！,https://www.zhihu.com/question/376032562/answer/1120368698
信息素的信息,历史/军事,4904,4,1,3,3,0,1,2. 战争沙盘推演类up主：信息素的信息、沙盘上的战争,https://www.zhihu.com/question/291506148/answer/3015453485
军事装备题材,综合知识/泛科普,4898,1,1,0,1,0,0,3. 军事装备题材up主：银霜音、银线鳕、皇太子鲁道夫、YS舰船社 这四位up视频的取材范围包括且不限于战舰，装甲车，战机。军事装备的题材相较于纯粹的历史题材显得更为小众硬核。但b站有一点好，就是不管怎么样的硬核小众的题材都有着up不懈创作。我关注的军事装备up不多，仅就关注的up而言，这几位的视频质量是过硬的，取材各不相同，但考据和严谨性都在线。适合各路军迷各取所需。,https://www.zhihu.com/question/291506148/answer/3015453485
小众历史领域up,综合知识/泛科普,4898,1,1,0,1,0,0,1. 小众历史领域up：哈布斯堡Habsburg球、导演AD蓝莓、瑞克Zero、河畔的伯爵、瑞士卫队、强风Suzuya、新雨_Paul、晚星Herodotus、向前奔跑的动力、猫泥、吾妻纪伊 （1）哈布斯堡Habsburg球：由名字可知，这位up主哈布斯堡的粉丝。其视频大都以哈布斯堡与文艺复兴大航海时期的欧洲为主题，几十期哈堡视频，内容非常详尽脉络清晰，对于哈布斯堡相关历史的爱好者属于是宝藏的存在。,https://www.zhihu.com/question/291506148/answer/3015453485
战争沙盘推演类,综合知识/泛科普,4898,1,1,0,0,0,1,2. 战争沙盘推演类up主：信息素的信息、沙盘上的战争 我个人认为，做战争沙盘推演比做纯历史视频要难些。因为涉及到复杂的绘图，动画和战争地理的考证。这二位up选择的战争题材各不相同，视频也各有所长，但毫无疑问都是b站沙盘推演领域第一流的up主，非常适合对战争策略感兴趣的小伙伴观看。,https://www.zhihu.com/question/291506148/answer/3015453485
Instagram,艺术/审美,4781,1,1,0,1,0,0,1: Instagram： 几乎所有的专业美术馆、大型博物馆、私人画廊、艺术博览会、艺术媒体，都有官方账号，一个个加起来，没事看看。 我之前写过一个回答，分享了一些值得看的用户： Instagram 上面有哪些值得关注的用户？,https://www.zhihu.com/question/23066519/answer/1157050428
gmail.com,艺术/审美,4781,1,1,0,0,0,1,《布林客》投稿请联系：blink.art.magazine@gmail.com；微信公众号，请搜索「blinkzine」,https://www.zhihu.com/question/23066519/answer/1157050428
第五大类,艺术/审美,4781,1,1,0,1,0,0,第五大类：在社交媒体上的艺术快速资讯 1: Instagram： 几乎所有的专业美术馆、大型博物馆、私人画廊、艺术博览会、艺术媒体，都有官方账号，一个个加起来，没事看看。 我之前写过一个回答，分享了一些值得看的用户： Instagram 上面有哪些值得关注的用户？,https://www.zhihu.com/question/23066519/answer/1157050428
MK数学杀手,综合知识/泛科普,4705,1,1,0,1,0,0,8、 MK数学杀手 一个专注于高中数学教学的UP主。 这个UP主，总结了很多高考题型，全面且高质量，并且每一道题的讲解对都非常细致。 很多网友说，跟着MK老师，分数真的提升了一大截！ 9、 数学超人math,https://www.zhihu.com/question/19559151/answer/1330625981
夏老师的数学课,综合知识/泛科普,4705,1,1,0,1,0,0,10、 夏老师的数学课 一个讲课特别细致的UP主。 夏老师是认认真真的在讲课，不会随便给你一个秒杀大招。并且夏老师的讲解，思路流畅、逻辑清晰，小白也能听得懂！ 11、 洋葱数学 这个是洋葱数学的官方账号。,https://www.zhihu.com/question/19559151/answer/1330625981
数学微课帮,学习/考试,4705,1,1,0,0,0,1,12、 数学微课帮 一个专门分享初中数学和高中数学的UP主。 UP主分享的视频内容，都很优质。有基础课程，也有专题课程，非常适合初高中刚入学的童鞋！ 13、 蜂考_高斯课堂 一个分享大学数学知识的UP主。,https://www.zhihu.com/question/19559151/answer/1330625981
数学超人math,学习/考试,4705,1,1,0,1,0,0,9、 数学超人math 一个分享经典数学习题解析的UP主。 超人老师讲解的很好，还押中了2019年的高考题，但是老师的语速太快了，全程不带停歇得到那种，建议调慢倍速观看！ 10、 夏老师的数学课 一个讲课特别细致的UP主。,https://www.zhihu.com/question/19559151/answer/1330625981
洋葱数学,数学/物理,4705,1,1,0,1,0,0,11、 洋葱数学 这个是洋葱数学的官方账号。 洋葱数学分享的视频内容有：一分钟数学总结、三分钟数学套路、生活中的数学、洋葱最专业等8个频道！ 并且洋葱分享的视频，大多都是动画形式，教学形式很有趣！ 12、 数学微课帮,https://www.zhihu.com/question/19559151/answer/1330625981
洋葱数学分享的视频内容有,学习/考试,4705,1,1,0,1,0,0,洋葱数学分享的视频内容有：一分钟数学总结、三分钟数学套路、生活中的数学、洋葱最专业等8个频道！ 并且洋葱分享的视频，大多都是动画形式，教学形式很有趣！ 12、 数学微课帮 一个专门分享初中数学和高中数学的UP主。 UP主分享的视频内容，都很优质。有基础课程，也有专题课程，非常适合初高中刚入学的童鞋！,https://www.zhihu.com/question/19559151/answer/1330625981
蜂考_高斯课堂,学习/考试,4705,1,1,0,0,0,1,13、 蜂考_高斯课堂 一个分享大学数学知识的UP主。 UP主分享的课程有很多都是系列课程，可以帮助我们很系统的进行学习。UP主的系列课程，几乎都是百万以上的播放量，很优质。 除了网站还有这些优质的学习APP：,https://www.zhihu.com/question/19559151/answer/1330625981
除了网站还有这些优质的学习APP,综合知识/泛科普,4705,1,1,0,0,1,0,除了网站还有这些优质的学习APP： 学习大学数学用什么软件？ 有没有什么大学生搜题比较好用的app？ 有哪些适合高中狗学习的APP？ 最后 在推荐一个我关注多年的宝藏UP主-- 旁门左道PPT 。 一个帮助你系统性的提升PPT水平的UP主。,https://www.zhihu.com/question/19559151/answer/1330625981
法山叔,法律,4578,2,2,0,0,0,2,法山叔 主任律师 经验丰富 主打热点案例分析,https://www.zhihu.com/question/601340939/answer/3032117728
ADC芒果,综合知识/泛科普,4577,1,1,0,0,1,0,@ADC芒果 营销玩的溜，视频质量跟不上。,https://www.zhihu.com/question/343851396/answer/815349532
AIChannel官方,综合知识/泛科普,4577,1,1,0,0,0,1,@AIChannel官方 虚拟偶像运营出了问题，粉丝不买账。,https://www.zhihu.com/question/343851396/answer/815349532
十万级up,综合知识/泛科普,4577,1,1,0,0,1,0,二、十万级up 1024 人，不含上述 点滴菌 。就是这么神奇的数字。掉粉量排序为： @AIChannel官方 虚拟偶像运营出了问题，粉丝不买账。 @ADC芒果 营销玩的溜，视频质量跟不上。 @大忽悠录屏组 同@吴织亚切大忽悠 @哎哟阿尤 吃播UP，绿粉？,https://www.zhihu.com/question/343851396/answer/815349532
哎哟阿尤,综合知识/泛科普,4577,1,1,0,0,0,1,@哎哟阿尤 吃播UP，绿粉？,https://www.zhihu.com/question/343851396/answer/815349532
大忽悠录屏组,综合知识/泛科普,4577,1,1,0,0,0,1,@大忽悠录屏组 同@吴织亚切大忽悠,https://www.zhihu.com/question/343851396/answer/815349532
拂菻坊,综合知识/泛科普,4577,1,1,0,0,0,1,@拂菻坊 其他回答资料有些乱，我也不清楚导火索是什么；,https://www.zhihu.com/question/343851396/answer/815349532
活蹦乱跳的肥曈,综合知识/泛科普,4577,1,1,0,0,0,1,@活蹦乱跳的肥曈 其它回答中来看，应该是人设崩塌。,https://www.zhihu.com/question/343851396/answer/815349532
点滴菌,综合知识/泛科普,4577,1,1,0,0,0,1,@点滴菌 是唯一一个从百味鸡调到十万级的up，原因是up被软禁+霸王合同，up另起炉灶；,https://www.zhihu.com/question/343851396/answer/815349532
郭乐乐很努力,综合知识/泛科普,4577,1,1,0,0,0,1,@郭乐乐很努力 外挂被封号？,https://www.zhihu.com/question/343851396/answer/815349532
CodeSheep,计算机/编程,4556,2,2,0,2,0,0,109.CodeSheep 华中科技大学信息与通信工程专业硕士,https://www.zhihu.com/question/272389513/answer/828234838
图-第7章,数学/物理,4342,1,1,0,1,0,0,图-第7章-《数据结构题集》习题解析-严蔚敏吴伟民版 - 康建伟 - 博客园 计算机组成&&计算机网络&&数据结构&&操作系统）——王道赛高！！ 数据结构好难呀。 2020 王道考研 数据结构_哔哩哔哩 (゜-゜)つロ 干杯~-bilibili 下面这个是2021版的，比较新！,https://www.zhihu.com/question/352485583/answer/1237689063
小甲鱼,数学/物理,4342,1,1,0,1,0,0,小甲鱼—— 我没看过 播放量：54.9（2018版） 小甲鱼怎么说呢，我不太喜欢，经常开车，有点讨厌，可能只是不适合我，你们可以试试。 【C语言】《带你学C带你飞》（小甲鱼）_哔哩哔哩 (゜-゜)つロ 干杯~-bilibili,https://www.zhihu.com/question/352485583/answer/1237689063
播放,计算机/编程,4342,1,1,0,1,0,0,播放：386.2万 【C语言】C语言程序设计.浙江大学.翁恺_哔哩哔哩 (゜-゜)つロ 干杯~-bilibili 开发工具推荐Dev C++（相对简单，无代码自动补全，适合新手） 大学还没入学的那个暑假，我们学校老师就推荐了翁恺老师。我相信学计算机的一定不绕不开翁恺。想比与培训班的的简单粗暴，翁恺老师作为行业大牛，还会讲很多深刻的深刻的地方，比如关于编译器的比较之类的。,https://www.zhihu.com/question/352485583/answer/1237689063
明日科技,计算机/编程,4342,1,1,0,0,0,1,明日科技——我们老师指定的，声音福利! 适合有一点点点编程基础的，比黑马高效，一个视频4分钟 讲解使用Eclipse Java从入门到精通（明日科技第5版）搬_哔哩哔哩 (゜-゜)つロ 干杯~-bilibili Java项目开发全程实录（第4版）_哔哩哔哩 (゜-゜)つロ 干杯~-bilibili,https://www.zhihu.com/question/352485583/answer/1237689063
浙江大学翁凯老师,计算机/编程,4342,1,1,0,1,0,0,浙江大学翁凯老师——梦开始的地方 播放：386.2万 【C语言】C语言程序设计.浙江大学.翁恺_哔哩哔哩 (゜-゜)つロ 干杯~-bilibili 开发工具推荐Dev C++（相对简单，无代码自动补全，适合新手） 大学还没入学的那个暑假，我们学校老师就推荐了翁恺老师。我相信学计算机的一定不绕不开翁恺。想比与培训班的的简单粗暴，翁恺老师作为行业大牛，还会讲很多深刻的深刻的地方，比如关于编译器的比较之类的。,https://www.zhihu.com/question/352485583/answer/1237689063
马原,学习/考试,4342,1,1,0,0,0,1,马原——可爱的徐涛老师 【考研政治】徐涛马克思主义基本原理串讲（更新中）_哔哩哔哩 (゜-゜)つロ 干杯~-bilibili 标准日本语初级 建议先看梦子老师的五十音图，再看海到学院的课程讲解 1。梦子老师——包含50音图,https://www.zhihu.com/question/352485583/answer/1237689063
底层原理,综合知识/泛科普,4162,1,1,0,1,0,0,我最喜欢的毒品区up主，国内毒品科普天花板，@底层原理,https://www.zhihu.com/question/375046394/answer/1889066820322968366
操作系统,学习/考试,4142,1,1,0,1,0,0,三、操作系统 伙计们，终于到了你们心心念念的操作系统 4 不 4~ 看了很多网络上的推荐加上我自己曾学习的，总共为大家推荐以下这些。 1. [完结] 2020 南京大学 操作系统：设计与实现 (蒋炎岩) https://www. bilibili.com/video/BV1N 741177F5?p=1,https://www.zhihu.com/question/19628851/answer/1132665931
数据结构-浙江大学,学习/考试,4142,1,1,0,1,0,0,2. 数据结构-浙江大学 https://www. bilibili.com/video/BV1J W411i731?p=1 B站很多小伙伴都管陈越老师叫做陈越姥姥，陈姥姥的课简单易懂，二叉树和链表说的多，但是对于图太少，后面概念解释多程序少，对于新手不友好，并且这门课程到中后半段是另一位老师讲的，何老师。何老师讲解的也是非常的通俗易懂，并且拥有着强者的发型。,https://www.zhihu.com/question/19628851/answer/1132665931
数据结构与算法,计算机/编程,4142,1,1,0,0,0,1,二、数据结构与算法 相信很多小伙伴，学习数据结构、算法的时候，非常的头大，emmm.... 俺也一样。 1. 【郝斌】-数据结构入门 https://www. bilibili.com/video/BV11 s41167h6?p=1,https://www.zhihu.com/question/19628851/answer/1132665931
编译原理,学习/考试,4142,1,1,0,1,0,0,五、编译原理 （点击收藏随即退出，编译原理已了然于胸） 1. 编译原理（哈工大） https://www. bilibili.com/video/BV1z W411t7YE?p=1 陈鄞老师的 PPT 做的非常认真，讲得也很通俗易懂，思路清晰。这个是我目前为止，觉得讲的最直观简洁的了，全程没有一句废话，认真听会有很大的收获，每一句话都要仔细琢磨，并且老师那种温文尔雅的气质，你不认真听课？啊？小伙子。 认真学完真的会收获很多。,https://www.zhihu.com/question/19628851/answer/1132665931
计算机网络,学习/考试,4142,1,1,0,1,0,0,一、计算机网络 1. 计算机网络微课堂 https://www. bilibili.com/video/BV1c 4411d7jb?p=1 学习计算机网络，我首先推荐的 UP 主湖科大教书匠，他讲的计算机网络十分通俗易懂，重点的地方讲的十分细致，并且还有一些实验，更好的是有考研 408 的难题的讲解，也是非常适合考研党，除了课程内容外还有很多习题讲解视频，特别赞的一点是每天动态里都会更新一道考研题，播放量也非常的多。,https://www.zhihu.com/question/19628851/answer/1132665931
计算机网络微课堂,学习/考试,4142,1,1,0,1,0,0,1. 计算机网络微课堂 https://www. bilibili.com/video/BV1c 4411d7jb?p=1 学习计算机网络，我首先推荐的 UP 主湖科大教书匠，他讲的计算机网络十分通俗易懂，重点的地方讲的十分细致，并且还有一些实验，更好的是有考研 408 的难题的讲解，也是非常适合考研党，除了课程内容外还有很多习题讲解视频，特别赞的一点是每天动态里都会更新一道考研题，播放量也非常的多。,https://www.zhihu.com/question/19628851/answer/1132665931
郝斌,计算机/编程,4142,1,1,0,1,0,0,1. 【郝斌】-数据结构入门 https://www. bilibili.com/video/BV11 s41167h6?p=1 我个人觉得他讲得非常好，郝斌老师的思路是以初学者的思路来思考的，非常适合小白，你不理解的问题，基本上他都会详细说一下，有的地方他讲的不是非常的全，但是讲的比较深刻，课程的使用的书是严蔚敏的《数据结构》可能比较晦涩难懂，可以去看看《大话数据结构》或者《啊哈！算法》这两本书。,https://www.zhihu.com/question/19628851/answer/1132665931
韩立刚老师,学习/考试,4142,1,1,0,1,0,0,3. 韩立刚老师 计算机网络 https://www. bilibili.com/video/BV1g V411h7r7?p=1 韩立刚老师所讲的计算机网络视频，内容比较多，但是讲解的通俗易懂，并且老师讲课的经验也十分的丰富。配套的教材是谢希仁老师的计算机网络教材，韩老师的最近的一个视频视频比较新，播放量还比较少，但是他讲的是真的不错，相比于王道考研所讲的计算机网络，韩老师更加细致一些。,https://www.zhihu.com/question/19628851/answer/1132665931
vmz今天破防了吗,哲学,3561,1,1,0,1,0,0,经知友 @vmz今天破防了吗 推荐北大哲学系的助理教授李麒麟老师，也是加拿大留学回来的博士，他也在B站上上传了自己在北大开设的语言哲学、知识论等课程：,https://www.zhihu.com/question/481338308/answer/2087672044
王睿杰要好好努力,哲学,3561,1,1,0,1,0,0,经知友 @王睿杰要好好努力 推荐B站上还有台湾大学哲学系苑举正教授的付费哲学导论课程，第一次听说B站还有收费课程，蛮有趣的！苑教授毕业于欧洲哲学研究重镇的比利时鲁汶大学，上文提及的北京大学前任哲学系主任赵敦华教授也是鲁汶大学的博士。,https://www.zhihu.com/question/481338308/answer/2087672044
稷下野兔,哲学,3561,1,1,0,1,0,0,此外，知友 @稷下野兔 推荐，还有华东师范大学哲学系外国哲学教研室主任姜宇辉教授的个人账号“姜宇辉读书会”，他发布了导读德勒兹的专栏及其课程，还有导读梅洛庞蒂、梅亚苏的课程以及个人的部分哲学史讲座，内容相当丰富。,https://www.zhihu.com/question/481338308/answer/2087672044
行星轨迹,哲学,3561,1,1,0,1,0,0,经网友 @行星轨迹 告知北大哲学系外国哲学专业的账号叫“北大外国哲学研究所”，专门发布赵敦华教授的尼采哲学课程，以及其他北大外哲专业讲座的录像，,https://www.zhihu.com/question/481338308/answer/2087672044
所以放的都是10w,综合知识/泛科普,3549,1,1,0,1,0,0,所以放的都是10w-100w的鬼畜区up，短裙、潮汕好男人、小可儿都是100w以上，所以就不在这发了。 排名不分前后，超过100w粉的不发了。 b站有哪些实力与粉丝不匹配的up？ 5.31更，发现了个老up！樗儿 六位数的UID，真的老二次元了，还是个小姐姐2333，质量是真的高，前两个月还更新过。,https://www.zhihu.com/question/391500788/answer/1189694076
IT楠老师,计算机/编程,3506,1,1,0,1,0,0,二、IT楠老师 最近好像在创业，之前想了解并发编程的时候看过一点 三、麦兜搞IT 配置wsl2的时候关注的，后来发现视频内容和风格都挺好，可做入门选择 四、公子龙龙龙,https://www.zhihu.com/question/392126627/answer/2015671555
girafree,计算机/编程,3506,1,1,0,1,0,0,六、girafree 这老哥应该是疫情期间被裁了还是主动离职了，所以那时候发了点视频，里面有个推荐系统的项目可以做做玩，挺简单的 七、yolo守望者 去年打比赛的时候看的这个老哥，yolo手把手带你入门,https://www.zhihu.com/question/392126627/answer/2015671555
yolo守望者,计算机/编程,3506,1,1,0,0,1,0,七、yolo守望者 去年打比赛的时候看的这个老哥，yolo手把手带你入门 八、真诚友善硬核的流浪AI 里面有项目可以自己做（虽然我是搜水神才找到这个宝藏的 九、大野喵渣,https://www.zhihu.com/question/392126627/answer/2015671555
代码随想录,计算机/编程,3506,1,1,0,1,0,0,五、代码随想录 算法+面试技巧，找实习的时候用过，思路清晰明了 六、程序羊 挺好一老哥，具体讲写发展路线这种比较全局观的东西，建议选择努力方向的时候，先看看 以上几个up的视频，我感兴趣的方向基本上都看完了,https://www.zhihu.com/question/392126627/answer/2015671555
公子龙龙龙,计算机/编程,3506,1,1,0,1,0,0,四、公子龙龙龙 算法面试入的坑，后来做了一些访谈，Fackbook去CMU的那个老哥就是其中之一 五、代码随想录 算法+面试技巧，找实习的时候用过，思路清晰明了 六、程序羊,https://www.zhihu.com/question/392126627/answer/2015671555
同济子豪兄,计算机/编程,3506,1,1,0,0,0,1,四、同济子豪兄 目标检测经典文章，再加上一点部署知识 五、霹雳巴拉Wz 手把手带你写代码，什么待遇啊 六、girafree,https://www.zhihu.com/question/392126627/answer/2015671555
大野喵渣,计算机/编程,3506,1,1,0,1,0,0,九、大野喵渣 numpy写神经网络，神经网络原理可以尝试一下 十、蒙特卡洛家的树 CUDA编程，caffe源码解读（机器学习屠龙术，学了没啥大用，但能装b 宝藏老师系列,https://www.zhihu.com/question/392126627/answer/2015671555
懒猫老师,科普/自然科学,3506,1,1,0,1,0,0,四、懒猫老师 全b站最好的数据结构学习材料，非常值得第一遍和第二遍学习 其他零零散散 一、狂神 狂神，dddd,https://www.zhihu.com/question/392126627/answer/2015671555
日常半躺,计算机/编程,3506,1,1,0,1,0,0,二、日常半躺 这老哥最近在找研究实习，会有一些比较新的但是经典的模型解析 三、迪哥有点愁 方向挺多的，pytorch入门，逻辑不错，简单项目都可以跟着做，就是声音听起来有点累 四、同济子豪兄,https://www.zhihu.com/question/392126627/answer/2015671555
沐神放开头,计算机/编程,3506,1,1,0,0,0,1,一、沐神放开头 yyds 能给你提供一个人工智能入门的必要的全面的知识 二、日常半躺 这老哥最近在找研究实习，会有一些比较新的但是经典的模型解析 三、迪哥有点愁,https://www.zhihu.com/question/392126627/answer/2015671555
狂神,计算机/编程,3506,1,1,0,1,0,0,一、狂神 狂神，dddd 二、IT楠老师 最近好像在创业，之前想了解并发编程的时候看过一点 三、麦兜搞IT,https://www.zhihu.com/question/392126627/answer/2015671555
真诚友善硬核的流浪AI,计算机/编程,3506,1,1,0,0,1,0,八、真诚友善硬核的流浪AI 里面有项目可以自己做（虽然我是搜水神才找到这个宝藏的 九、大野喵渣 numpy写神经网络，神经网络原理可以尝试一下 十、蒙特卡洛家的树,https://www.zhihu.com/question/392126627/answer/2015671555
程序羊,计算机/编程,3506,1,1,0,1,0,0,六、程序羊 挺好一老哥，具体讲写发展路线这种比较全局观的东西，建议选择努力方向的时候，先看看 以上几个up的视频，我感兴趣的方向基本上都看完了 还有些高质量的搬运视频， 比如C++写框架，分布式机器学习，国外大学公开课，高性能计算等等,https://www.zhihu.com/question/392126627/answer/2015671555
绿导师原谅你了,综合知识/泛科普,3506,1,1,0,1,0,0,二、绿导师原谅你了 今年跟着直播听的操作系统的课，可以蹭蹭南大高质量课程 三、龙王山小青椒 学了点论文写作的技巧，然后一天把毕业论文肝出来了 四、懒猫老师,https://www.zhihu.com/question/392126627/answer/2015671555
蒙特卡洛家的树,计算机/编程,3506,1,1,0,1,0,0,十、蒙特卡洛家的树 CUDA编程，caffe源码解读（机器学习屠龙术，学了没啥大用，但能装b 宝藏老师系列 一、许志钦 可解释性入的坑，疫情也看了挺多机器学习的课，蛮数学的，听起来很舒服,https://www.zhihu.com/question/392126627/answer/2015671555
许志钦,计算机/编程,3506,1,1,0,1,0,0,一、许志钦 可解释性入的坑，疫情也看了挺多机器学习的课，蛮数学的，听起来很舒服 二、绿导师原谅你了 今年跟着直播听的操作系统的课，可以蹭蹭南大高质量课程 三、龙王山小青椒,https://www.zhihu.com/question/392126627/answer/2015671555
迪哥有点愁,计算机/编程,3506,1,1,0,1,0,0,三、迪哥有点愁 方向挺多的，pytorch入门，逻辑不错，简单项目都可以跟着做，就是声音听起来有点累 四、同济子豪兄 目标检测经典文章，再加上一点部署知识 五、霹雳巴拉Wz,https://www.zhihu.com/question/392126627/answer/2015671555
霹雳巴拉Wz,计算机/编程,3506,1,1,0,1,0,0,五、霹雳巴拉Wz 手把手带你写代码，什么待遇啊 六、girafree 这老哥应该是疫情期间被裁了还是主动离职了，所以那时候发了点视频，里面有个推荐系统的项目可以做做玩，挺简单的 七、yolo守望者,https://www.zhihu.com/question/392126627/answer/2015671555
麦兜搞IT,计算机/编程,3506,1,1,0,1,0,0,三、麦兜搞IT 配置wsl2的时候关注的，后来发现视频内容和风格都挺好，可做入门选择 四、公子龙龙龙 算法面试入的坑，后来做了一些访谈，Fackbook去CMU的那个老哥就是其中之一 五、代码随想录,https://www.zhihu.com/question/392126627/answer/2015671555
龙王山小青椒,科普/自然科学,3506,1,1,0,1,0,0,三、龙王山小青椒 学了点论文写作的技巧，然后一天把毕业论文肝出来了 四、懒猫老师 全b站最好的数据结构学习材料，非常值得第一遍和第二遍学习 其他零零散散,https://www.zhihu.com/question/392126627/answer/2015671555
从来没有一次刷过山下智博,综合知识/泛科普,3451,1,0,1,1,0,0,我也觉得是限流。。。我天天刷推荐 从来没有一次刷过山下智博 前两天好奇他在干嘛 点进去看了发现他更新频繁 然而就是刷不到他视频。。,https://www.zhihu.com/question/343851396/answer/842508587#comment-757722127
昨天的会讨论主题是,人文社科/国际政治,3349,1,1,0,0,0,1,昨天的会讨论主题是：如何联动企业和招聘机构，助力应届毕业生找到工作，助力留学生归国创业就业，提升就业率的会议。 我欢迎收藏，欢迎互动，但朋友你这个收藏夹名称……,https://www.zhihu.com/question/1997487716393317560/answer/2000503841897071666
YJango,综合知识/泛科普,3250,3,1,2,3,0,0,4. YJango 当时吸引我关注他的就是《遗忘是为了更好的学习》这个视频，感觉自己涨知识了，原来还有这些对我们大脑科普的知识，真的很刷新认知，正经科普的UP主。 5. 老师好我叫何同学 这是个好像跟我同年的UP主，是因为他的《每天只看半小时手机，坚持一周后我有哪些变化？》关注到的，后来他也出了很多关于电子产品类的科普视频，还是可以关注一波的，现在他的粉丝都有400W+了，嘶~,https://www.zhihu.com/question/286163357/answer/1125195550
1MILLION_OFFICIAL,综合知识/泛科普,3246,1,1,0,1,0,0,3. 1MILLION_OFFICIAL 这个也是个街舞界很有名的账号，他们编的舞蹈被很多舞蹈室和老师们学习，真的很强，每次看了视频都有想继续学习跳舞的冲动！学习街舞的伙伴们一定得关注这个账号！ 4. lana酱好纠结 这是个超级可爱的小姐姐，跳舞的时候简直不要太帅！！！真的超爱，超带感，已经不知道该怎么形容了，反正就是一个字，帅！,https://www.zhihu.com/question/286163357/answer/1125195550
BettySays,综合知识/泛科普,3246,1,1,0,0,0,1,5. BettySays 这是一个时尚的穿搭博主，从看到她的第一个视频我就爱上了这个up主，真的是拯救了我这个不懂时尚的土鳖女孩，看她的视频，总能让自己茅塞顿开。 哇！原来还可以这样搭配！对于不知道自己适合什么样的衣服和想要找到自己穿衣风格女孩们可以关注一下这个UP主，真的超爱这种~,https://www.zhihu.com/question/286163357/answer/1125195550
ONE字幕组,综合知识/泛科普,3246,1,1,0,0,0,1,1. ONE字幕组 这个应该大多数人都比较熟悉了，有很多那种英文短视频都是这个字幕组翻译的，在微博上也经常看见，就不过多介绍了。 2. TED精选演讲 TED也是大家所熟知的英语演讲，学习英语的小伙伴们一定不要错过这个账号，长时间听不仅可以锻炼我们的听力，还可以学习到很多我们平时不知道的小知识。,https://www.zhihu.com/question/286163357/answer/1125195550
Pony_朴惠敏,综合知识/泛科普,3246,1,1,0,1,0,0,1. Pony_朴惠敏 这个是美妆界的大佬，如果你喜欢美妆，那么这个韩国小姐姐你一定得关注！不管是什么样的产品，被她一用，真的不要太好看！美妆技术不到一定境界是达不到她那样的手法的。强推！ 2. 笑cry小仙爷,https://www.zhihu.com/question/286163357/answer/1125195550
RachelR星星,综合知识/泛科普,3246,1,1,0,1,0,0,4. RachelR星星 这是个美国的小姐姐，但他的普通话真的超级像中国人，你不看脸，真的以为他就是中国人，但其实他是个纯种美国美人。 我被她真实的人设所吸引，就喜欢这种接地气的就像是朋友一样的UP主，她推荐的东西大多都是比较好用的平价好物，对于学生党来说真的很友好！,https://www.zhihu.com/question/286163357/answer/1125195550
YouTube听力精选,综合知识/泛科普,3246,1,1,0,1,0,0,6.YouTube听力精选 这里面搜集了很多YouTube上面的短视频，然后每个视频都有中英双语版、英语版和无字幕版本，对于练习英语听力真的是非常好的素材站，而且也可以了解到很多中外文化差异，强推！ 日语 1. 明王道,https://www.zhihu.com/question/286163357/answer/1125195550
lana酱好纠结,综合知识/泛科普,3246,1,1,0,1,0,0,4. lana酱好纠结 这是个超级可爱的小姐姐，跳舞的时候简直不要太帅！！！真的超爱，超带感，已经不知道该怎么形容了，反正就是一个字，帅！ 能够看到这里的小伙伴们给你们点个赞，太不容易了！下面的内容更精彩,https://www.zhihu.com/question/286163357/answer/1125195550
一之濑asuka,综合知识/泛科普,3246,1,1,0,0,0,1,1. 一之濑asuka 这个作为《非正式会谈》常驻嘉宾的日本小哥哥真的太可爱了，感觉他无时无刻不在笑，自称时尚一哥哈哈哈，简直不要脸，但还是很可爱！分享了很多关于日本和美妆方面的视频，有兴趣可以了解一下~,https://www.zhihu.com/question/286163357/answer/1125195550
一周进步,综合知识/泛科普,3246,1,1,0,1,0,0,2. 一周进步 这个账号更新了很多关于手机、电脑、ipad等电子产品的小技巧，还是挺有用的。 3. oeasy 这好像是个中国传媒大学的老师，他的这个账号的软件教学视频很全面，PS、PR、AU、AE、AU、AI、Office等等几乎都涉及到了，真的很强，想学软件的小伙伴们都不需要报班学习了，直接跟着老师想学什么软件都有。,https://www.zhihu.com/question/286163357/answer/1125195550
仙姆SamChak,综合知识/泛科普,3246,1,1,0,1,0,0,3. 仙姆SamChak 这个小哥说实话我是从抖音开始看到他的，后来才看到B站上也有账号，虽然是个男的，但化妆却比很多女的美妆博主要好太多，简直就是女生们的男闺蜜。 4. RachelR星星 这是个美国的小姐姐，但他的普通话真的超级像中国人，你不看脸，真的以为他就是中国人，但其实他是个纯种美国美人。,https://www.zhihu.com/question/286163357/answer/1125195550
励志学习类,综合知识/泛科普,3246,1,1,0,0,0,1,1. 励志学习类——学习方法，校园经历，英语，日语，韩语 2. 职场类——职场软件，设计软件 3. 科普类——学习科普，生活科普，纪录片 4. 运动类——健身，跳舞 5. 爱美类——美妆，护肤，穿搭，汉服,https://www.zhihu.com/question/286163357/answer/1125195550
博妞_Bonny,综合知识/泛科普,3246,1,1,0,1,0,0,6. 博妞_Bonny 这个小姐姐是个职业彩妆师，出了很多关于抗痘护肤以及美妆的视频，跟我一样脸上总是长痘的姐妹们可以看过来，这小姐姐的化妆技术一是一流！ 7. 机智的党妹 这个可以说是B站的深度UP主了，她的视频内容包括汉服，洛丽塔，cosplay等等，简直不要太美，各种风格都能驾驭（不过……好像应该是很多男生会喜欢才对，谁叫我就爱看漂亮小姐姐呢）,https://www.zhihu.com/question/286163357/answer/1125195550
反而君,综合知识/泛科普,3246,1,1,0,1,0,0,3. 反而君 这是一个集生活、手账、vlog的一个up主，整体的视频风格比较小清新，经常推荐一些比较好用的好物，不定时更新，但视频都挺高质量了。不过最近好像好久没有更新了，不知道咋回事(╯︵╰),https://www.zhihu.com/question/286163357/answer/1125195550
向天歌的课,综合知识/泛科普,3246,1,1,0,1,0,0,6. 向天歌的课 这个账号我很早就关注了，专门讲的Office软件教学以及技巧，之前好像也有付费课程，不过现在光看B站的视频就够你用了，视频内容挺有趣的，讲的东西也很实用，强推！ 三， 科普类 科普类的视频我觉得在日常生活中是必不可少的，因为有太多生活中的小知识其实我们都不知道，甚至是都没有想过这些问题。,https://www.zhihu.com/question/286163357/answer/1125195550
哇哇哇妹,综合知识/泛科普,3246,1,1,0,1,0,0,6. 哇哇哇妹 这个账号就是会吐槽一些剧，也会安利一些好剧，看她的视频总有一种很爽的感觉，果断关注！ 音乐乐器 最后的最后，就是关于音乐方面的账号，因为本人学习吉他的缘故，我也关注了关于吉他和声乐的账号，对于想学吉他的小伙伴们可以看看。,https://www.zhihu.com/question/286163357/answer/1125195550
好奇社长杨坨坨,综合知识/泛科普,3246,1,1,0,1,0,0,6. 好奇社长杨坨坨 这个账号科普的内容就很广，大到自然现象的科普，小到纠结剃头和舅有啥关系，视频内容也挺有趣的，反正我贼喜欢看这种科普类的视频，总觉得自己在看视频的时候又涨知识了，然后默默地记下来，在适应的时候装装13哈哈哈（不知道有没有和我一样的知友）,https://www.zhihu.com/question/286163357/answer/1125195550
妈咪说MomyTalk,综合知识/泛科普,3246,1,1,0,1,0,0,7.妈咪说MomyTalk 这个up主的视频都是一个风格——讲故事，就很容易让人带入那个场景，在听故事的时候顺便给我们科普了知识，很喜欢这种讲故事的风格，真的挺不错的。 8.混乱博物馆 这个up主真的是一本正经的在给大家科普，整个账号的风格很一致，个性鲜明，但是时不时又会冒出很多很搞笑或者开车的片段哈哈，还是挺不错的，可以关注一波，可以学到很多科普知识。,https://www.zhihu.com/question/286163357/answer/1125195550
娱乐类,综合知识/泛科普,3246,1,1,0,1,0,0,6. 娱乐类——搞笑，娱乐，Vlog，音乐，学习乐器 回答最后有太长不看版，如果不想听我多BB的同学，可以滑到最后直接保存思维导图，拿走的时候不要忘了 点赞收藏 哦~整理不易 （以下排名不分先后） 一， 励志学习类 因为本人是个实打实的学渣，所以我就很喜欢搜集一些学习的账号，然后就可以激励自己学习了哈哈哈我是不是很聪明~,https://www.zhihu.com/question/286163357/answer/1125195550
孤独自学,综合知识/泛科普,3246,1,1,0,0,0,1,1. 孤独自学 各种软件教学视频都有，还有编程、手绘、乐理啥的，很全面。 2. 一周进步 这个账号更新了很多关于手机、电脑、ipad等电子产品的小技巧，还是挺有用的。 3. oeasy,https://www.zhihu.com/question/286163357/answer/1125195550
弦上翻花,综合知识/泛科普,3246,1,1,0,0,1,0,3. 弦上翻花 我从看他的第一个视频就爱了，看他指弹的时候简直是不要太帅，感觉这辈子都达不到他那样的水平，他的视频对于我等吉他渣渣，仅供欣赏就可以了哈哈哈 4. 悦耳声乐Jayson 这个 UP主是我在音乐领域中挑选的唯一一个账号，真的发布了有很多关于唱歌方法的视频，对于想要变得会唱歌，唱好听的小伙伴的可以关注一波，可以好好练练~真的有用！,https://www.zhihu.com/question/286163357/answer/1125195550
悦耳声乐Jayson,综合知识/泛科普,3246,1,1,0,1,0,0,4. 悦耳声乐Jayson 这个 UP主是我在音乐领域中挑选的唯一一个账号，真的发布了有很多关于唱歌方法的视频，对于想要变得会唱歌，唱好听的小伙伴的可以关注一波，可以好好练练~真的有用！ 下面是 太长不看版 的思维导图，不管是看没看完的小伙伴们都可以存一下，希望存的时候顺便 点个赞收藏留着以后慢慢看 ，如果可以的话， 能点个喜欢就再好不过啦 ~,https://www.zhihu.com/question/286163357/answer/1125195550
明王道,综合知识/泛科普,3246,1,1,0,1,0,0,1. 明王道 这个账号是真的良心，我之前关注她是因为她的一个看动漫背单词系列视频吸引的，很喜欢那个系列，后面又出了很多关于日语学习考级相关的内容，学习日语的同学一定要关注！ 2. 葉子先生酱 这个老师之前是沪江的，后来自己做直播，然后也有付费课程，但是我觉得光B站上的免费课程就足以日语入门，对于刚开始学日语的小伙伴们还是很值得关注的。,https://www.zhihu.com/question/286163357/answer/1125195550
星月爱学习,综合知识/泛科普,3246,1,1,0,0,0,1,4. 星月爱学习 这是个做视频的UP主，教PS、PR、C4D、AE等软件技巧，可以关注一波。 5. 爱生活的乐先生 关于视频后期制作的up主，讲了很多关于视频剪辑中的技巧，在我学习PR的时候帮助我解决了不少问题。,https://www.zhihu.com/question/286163357/answer/1125195550
木子的日语教室,综合知识/泛科普,3246,1,1,0,1,0,0,3. 木子的日语教室 这个账号的视频教学有很多人评论的是非常不正经、非常变态的、非常带颜色的。 但是！我就是因为这个账号的这些特点才关注的呀哈哈哈！那么枯燥正经的教学视频，我才懒得看呢哼~ 这个账号就是用这种幽默风趣引用表情包的方式，来教大家学习日语，这个老师费尽心思给我们找各种学习（搞笑/颜色）素材，就为让我们好好学习（博我们一笑），最主要人家小姐姐声音还好听，你说是不是该关注！,https://www.zhihu.com/question/286163357/answer/1125195550
朵酱sama,综合知识/泛科普,3246,1,1,0,1,0,0,5. 朵酱sama 这是个最近才开始运营的新up主，在她刚开始发视频的时候我就关注她了，现在已经2W粉丝了，她的视频也都挺有趣的，现在居住在韩国经常分享一些在韩国的Vlog，也教一些简单的韩语发音，还不错。,https://www.zhihu.com/question/286163357/answer/1125195550
爱生活的乐先生,综合知识/泛科普,3246,1,1,0,1,0,0,5. 爱生活的乐先生 关于视频后期制作的up主，讲了很多关于视频剪辑中的技巧，在我学习PR的时候帮助我解决了不少问题。 6. 向天歌的课 这个账号我很早就关注了，专门讲的Office软件教学以及技巧，之前好像也有付费课程，不过现在光看B站的视频就够你用了，视频内容挺有趣的，讲的东西也很实用，强推！,https://www.zhihu.com/question/286163357/answer/1125195550
爱美类,综合知识/泛科普,3246,1,1,0,0,0,1,5. 爱美类——美妆，护肤，穿搭，汉服 6. 娱乐类——搞笑，娱乐，Vlog，音乐，学习乐器 回答最后有太长不看版，如果不想听我多BB的同学，可以滑到最后直接保存思维导图，拿走的时候不要忘了 点赞收藏 哦~整理不易 （以下排名不分先后）,https://www.zhihu.com/question/286163357/answer/1125195550
科普类,综合知识/泛科普,3246,1,1,0,0,0,1,3. 科普类——学习科普，生活科普，纪录片 4. 运动类——健身，跳舞 5. 爱美类——美妆，护肤，穿搭，汉服 6. 娱乐类——搞笑，娱乐，Vlog，音乐，学习乐器 回答最后有太长不看版，如果不想听我多BB的同学，可以滑到最后直接保存思维导图，拿走的时候不要忘了 点赞收藏 哦~整理不易,https://www.zhihu.com/question/286163357/answer/1125195550
童门舞蹈站,综合知识/泛科普,3246,1,1,0,1,0,0,2. 童门舞蹈站 一般学街舞的小伙伴应该多多少少对童门都有了解，明明是个男的，跳舞的时候却比女人还风骚，真的爱了爱了~ 他里面大多都是比较性感的舞蹈，喜欢这种风格的小伙伴们可以赶紧关注一波，反正我是超爱！,https://www.zhihu.com/question/286163357/answer/1125195550
笑cry小仙爷,综合知识/泛科普,3246,1,1,0,1,0,0,2. 笑cry小仙爷 这个小姐姐也很可爱，每次做视频都是打心底的为粉丝着想，告诉了我们很多化妆界的小技巧，推荐的好物也是真的好用，爱了爱了 3. 仙姆SamChak 这个小哥说实话我是从抖音开始看到他的，后来才看到B站上也有账号，虽然是个男的，但化妆却比很多女的美妆博主要好太多，简直就是女生们的男闺蜜。,https://www.zhihu.com/question/286163357/answer/1125195550
纪录片我去看世界,综合知识/泛科普,3246,1,1,0,1,0,0,3. 纪录片我去看世界 这个账号我当时是因为看了一期朝鲜的实地记录而关注的，整个视频过程就是团队一起去实地经验，要接当地的特点，可以很好地让我们通过他的视频了解到别的国家是怎样的，满足我们对外界的好奇心。,https://www.zhihu.com/question/286163357/answer/1125195550
老爸评测,综合知识/泛科普,3246,1,1,0,1,0,0,1. 老爸评测 这个我相信只要玩了B站的小伙伴应该都知道吧，简直是女孩子们的救星，老爸测评了很多生活中需要用到的好物，例如化妆品、护肤品、防晒衣等等，每个测评都花了大价钱，对于护肤美妆的小白们来说就可以避免很多坑，是个一定要关注的账号！,https://www.zhihu.com/question/286163357/answer/1125195550
职场类,综合知识/泛科普,3246,1,1,0,0,0,1,2. 职场类——职场软件，设计软件 3. 科普类——学习科普，生活科普，纪录片 4. 运动类——健身，跳舞 5. 爱美类——美妆，护肤，穿搭，汉服 6. 娱乐类——搞笑，娱乐，Vlog，音乐，学习乐器,https://www.zhihu.com/question/286163357/answer/1125195550
趣弹音乐,综合知识/泛科普,3246,1,1,0,1,0,0,1. 趣弹音乐 这个账号主要是教我们学习吉他和尤克里里，从零开始的教学都有，对于零基础的小白来说，真的很良心，所有教学视频都是免费的，还可以领取免费的吉他谱。 2. 元子弹吉他 这个UP主主要是发布吉他的指弹和弹唱视频，教你一步步拆解吉他谱，并跟着他一起弹，建议有一定基础的小伙伴们可以跟着他学习指弹和弹唱。,https://www.zhihu.com/question/286163357/answer/1125195550
蹬腿就会飞,综合知识/泛科普,3246,1,1,0,1,0,0,4. 蹬腿就会飞 这个账号搬运了很多关于英语学习的视频，包括单词学习，口语学习还有真题等等，对于我这个贫穷的学生党来说，真的很友好，想学习英语的小伙伴这个账号的材料够你学一辈子。 5. Kevin英语情报局,https://www.zhihu.com/question/286163357/answer/1125195550
运动类,综合知识/泛科普,3246,1,1,0,0,0,1,4. 运动类——健身，跳舞 5. 爱美类——美妆，护肤，穿搭，汉服 6. 娱乐类——搞笑，娱乐，Vlog，音乐，学习乐器 回答最后有太长不看版，如果不想听我多BB的同学，可以滑到最后直接保存思维导图，拿走的时候不要忘了 点赞收藏 哦~整理不易,https://www.zhihu.com/question/286163357/answer/1125195550
韩国东东,综合知识/泛科普,3246,1,1,0,1,0,0,4. 韩国东东 这个韩国小姐姐也是我很喜欢的UP主，分享很多关于韩国或者韩国人对中国的东西的看法，很有趣，从她的视频中也可以了解到韩国人眼中的中国是怎样的。 5. 朵酱sama 这是个最近才开始运营的新up主，在她刚开始发视频的时候我就关注她了，现在已经2W粉丝了，她的视频也都挺有趣的，现在居住在韩国经常分享一些在韩国的Vlog，也教一些简单的韩语发音，还不错。,https://www.zhihu.com/question/286163357/answer/1125195550
韩语外教-马黎娜,综合知识/泛科普,3246,1,1,0,1,0,0,2. 韩语外教-马黎娜 这是一个正宗韩国小姐姐，中文也说的贼溜，之前有出各种词汇语法课程，现在也正在出延世韩国语的系统免费课程，对于学习韩语的小白简直不要太好！ 3. 韩语饼干老师 这是个线上教韩语的老师，她的账号不定时更新一些韩语学习的视频，真的挺干货的，学习韩语但没有头绪的小伙伴们可以关注。,https://www.zhihu.com/question/286163357/answer/1125195550
韩语饼干老师,综合知识/泛科普,3246,1,1,0,0,0,1,3. 韩语饼干老师 这是个线上教韩语的老师，她的账号不定时更新一些韩语学习的视频，真的挺干货的，学习韩语但没有头绪的小伙伴们可以关注。 二， 职场类 当步入大学的那一刻，我们也相当于踏入了半个社会，也得开始学习各种职场软件技巧，在职场上的相处之道我倒是没怎么看到，但职场中应该用到的软件学习内容我倒是搜集了不少（谁叫我是个苦逼的设计狗(╥╯^╰╥)）,https://www.zhihu.com/question/286163357/answer/1125195550
手工学习类,语言/英语,3224,1,1,0,0,0,1,四、手工学习类up主 五、计算机技能类up主 六、美妆学习类up主 七、读书学习类up主 （收藏的同学记得先大方点个赞！）,https://www.zhihu.com/question/292372507/answer/874294702
手工界学习,语言/英语,3224,1,1,0,1,0,0,四、手工界学习up主 艺术大佬的专场，如果你想学习手工、折纸，那你来对了： 下面两个都是非常专业的up主，有很多新奇的小物件，也许能激发你的灵感， 助于你打造艺术品。 17.折纸的白叔（折纸界颜值担当）,https://www.zhihu.com/question/292372507/answer/874294702
摄影视频学习,语言/英语,3224,1,1,0,1,0,0,三、 摄影视频学习up主 B站除了可以学习方法、理论，还可以学习很多实用的技巧。现在，摄影视频无处不在，拍照、看电影已是生活的一部分， 如果能学好一门有关摄影视频的技能，就能多一个吃饭的本事啦。 （PS：学会记得请黛西吃饭）,https://www.zhihu.com/question/292372507/answer/874294702
摄影视频类,语言/英语,3224,1,1,0,0,0,1,三、摄影视频类up主 四、手工学习类up主 五、计算机技能类up主 六、美妆学习类up主 七、读书学习类up主,https://www.zhihu.com/question/292372507/answer/874294702
比如以下三个,语言/英语,3224,1,1,0,0,0,1,"比如以下三个： （1）看题干,画出关键词。 （2）在文中找出关键词。 （3）关键词对应句子对应选项。 小纯学姐基本讲解的很详细，只是最近几个月没更新了，大家可以看看以前的。",https://www.zhihu.com/question/292372507/answer/874294702
深夜君,语言/英语,3224,1,1,0,0,0,1,16.深夜君——深夜摄影教室（up主如其名） 食用指南： 后期调色、摄影技巧、照片修图。 大片级教学，看封面都是一种享受，进去后，以软件方式手把手教学， 不过远没有你想象中的复杂，跟着做，都是一些小白也能学会的简单操作。 对于想学摄影基础的小伙伴来说，深夜君能帮助你快速入门，了解一些技巧和基础的操作。,https://www.zhihu.com/question/292372507/answer/874294702
计算机学习类,语言/英语,3224,1,1,0,1,0,0,五、计算机学习类up主 终于到男生们喜欢的硬核技能类了，女生也可以学喔，我在下面还准备了专属女生的up主推荐， 千万别离开，继续往下看：3个超燃的技能up主。 19.Topbook（技能无敌手） 食用指南： 系统操作、实用技巧、思考,https://www.zhihu.com/question/292372507/answer/874294702
计算机技能类,语言/英语,3224,1,1,0,0,0,1,五、计算机技能类up主 六、美妆学习类up主 七、读书学习类up主 （收藏的同学记得先大方点个赞！） 专门做了思维导图方便搜索，黛西是不是很贴心！,https://www.zhihu.com/question/292372507/answer/874294702
语言学习类,语言/英语,3224,1,1,0,0,0,1,二、语言学习类up主 三、摄影视频类up主 四、手工学习类up主 五、计算机技能类up主 六、美妆学习类up主,https://www.zhihu.com/question/292372507/answer/874294702
正面评价,人文社科/国际政治,2984,2,1,1,0,0,2,正面评价：MHYYYY做了一件很少有人做的事情，那就是科普国内不同键政人的立场 科普经典政治学范畴的不同意识形态的人很多，但互联网键政作为一个后现代程度较高的行为，印度作为一个后社国家，并不能简单地按照经典意识形态给人归类。在各种真·境外势力（西方保守主义正道叙事、白左叙事、苏左叙事、修正主义叙事）以及各种本土因素（比如地域）的影响下，键政人彼此之间的误解也很深。就不说左自保三分法对不对这个问题，这三者中任意一方都经常把其他两方看作一…,https://www.zhihu.com/question/657698863/answer/3582234613
flyingpanzer,人文社科/国际政治,2970,1,1,0,1,0,0,以往的自媒体，是没法同时兼顾①②③的。做到①②的，如沈逸、孤烟暮蝉等，懂得都懂；做到①③的，我关注列表里一大堆，比如 @flyingpanzer ，做的内容相当专业，但是有一定的阅读门槛，大家似乎不太愿看；做到②③的，各平台上也一大堆，什么内容都做一点，但不是以国际政治内容为主。,https://www.zhihu.com/question/630491518/answer/47696245551
正直讲史李正Str,历史/军事,2898,6,1,5,1,0,5,像是正直讲史的李正老师、大澜……,https://www.zhihu.com/question/425443834/answer/3107696722
EU的判决书,科普/自然科学,2889,1,1,0,1,0,0,EU的判决书：THE VOLKSWAGEN LAW RESTRICTS THE FREE MOVEMENT OF CAPITAL 再一些利好： 很多大学教授在课上放了巫师的视频也算是巫师内容质量的肯定（巫师在香港那期提到）。 知名up -LKs-做了相关的视频。,https://www.zhihu.com/question/349862752/answer/872076230
Nachemson,科普/自然科学,2889,1,1,0,0,0,1,"Nachemson-Ekwall, Sophie. (2015). The cross-border hostile bid fight between Scania in Sweden and the two German companies MAN and Volkswagen: institutional change and the mandatory bid rule. Journal of Management & Gov…",https://www.zhihu.com/question/349862752/answer/872076230
Solange I,科普/自然科学,2889,1,1,0,1,0,0,"""Solange I""： 这一点巫师是对的。 另外，不只是这篇文章，非常多文章都讲过这个收购案，我放了一些媒体资料、学术资料和法律文件，Google一搜”大众 保时捷 收购“，各路媒体都有报道和分析，或者说都不用这么复杂，维基百科上全能查到。这不过因为事件发生在10多年前，这些报道的信息传播效率在当下已经很差了，如果巫师不说，也很少有非专业人士会去关注",https://www.zhihu.com/question/349862752/answer/872076230
research,科普/自然科学,2889,1,1,0,0,0,1,"3. research paper的截图 Nachemson-Ekwall, Sophie. (2015). The cross-border hostile bid fight between Scania in Sweden and the two German companies MAN and Volkswagen: institutional change and the mandatory bid rule. Journa…",https://www.zhihu.com/question/349862752/answer/872076230
事实,科普/自然科学,2889,1,1,0,0,1,0,事实：公众号有错： 我标黄的地方公众号出现了事实性错误，甚至下面评论有人指正也没有改，很不专业。《大众法》即使真的违反了《公平交易法》也不会被欧洲法庭判无效，而是意味着德国将必须对《大众法》有关股东表决权限制的内容进行修改或彻底废除，并处以罚款。而最终德国的举措也是将其修改，而非废除。,https://www.zhihu.com/question/349862752/answer/872076230
今融道小秘书,历史/军事,2889,1,1,0,0,1,0,今融道小秘书：大众保时捷世纪逼空案，孙子和外孙巅峰对决！ 我对比了一下： 逻辑：略有不同： 家族八卦：这篇文章讲了一些大众、保时捷家族的八卦，巫师有提及但没有讲的很详细，侧重点在后面的资本战争。 收购过程：在讲述收购手法的过程和时间顺序大致一样，但涉及到这篇文章有一个事实错误,https://www.zhihu.com/question/349862752/answer/872076230
再一些利好,综合知识/泛科普,2889,1,1,0,1,0,0,再一些利好： 很多大学教授在课上放了巫师的视频也算是巫师内容质量的肯定（巫师在香港那期提到）。 知名up -LKs-做了相关的视频。 【逆向分析】UP主做期视频的成本高到你无法想象_哔哩哔哩 (゜-゜)つロ 干杯~-bilibili,https://www.zhihu.com/question/349862752/answer/872076230
原始资料,科普/自然科学,2889,1,1,0,0,0,1,原始资料： 《大众法》：Gesetz über die Überführung der Anteilsrechte an der Volkswagenwerk Gesellschaft mit beschränkter Haftung in private Hand,https://www.zhihu.com/question/349862752/answer/872076230
大众法,科普/自然科学,2889,1,1,0,0,0,1,《大众法》：Gesetz über die Überführung der Anteilsrechte an der Volkswagenwerk Gesellschaft mit beschränkter Haftung in private Hand § 4 VWGmbHÜG - Einzelnorm EU的判决书：THE VOLKSWAGEN LAW RESTRICTS THE FREE MOVEMENT OF CAPITAL,https://www.zhihu.com/question/349862752/answer/872076230
官方的比如,财经/商业,2889,1,1,0,0,0,1,官方的比如： 华尔街见闻出品的 见闻研究所 “野路子”比如： 香港保险顾问陈先生 （这个名字起的有点内个，但内容还可以） Prophet金融茶馆 （国际部高中生漫画财经，每个视频都会发双语两版）,https://www.zhihu.com/question/349862752/answer/872076230
家族八卦,历史/军事,2889,1,1,0,0,1,0,家族八卦：这篇文章讲了一些大众、保时捷家族的八卦，巫师有提及但没有讲的很详细，侧重点在后面的资本战争。 收购过程：在讲述收购手法的过程和时间顺序大致一样，但涉及到这篇文章有一个事实错误 事实：公众号有错： 我标黄的地方公众号出现了事实性错误，甚至下面评论有人指正也没有改，很不专业。《大众法》即使真的违反了《公平交易法》也不会被欧洲法庭判无效，而是意味着德国将必须对《大众法》有关股东表决权限制的内容进行修改或彻底废除，并处以罚款。而最终…,https://www.zhihu.com/question/349862752/answer/872076230
我对比了一下,历史/军事,2889,1,1,0,0,1,0,我对比了一下： 逻辑：略有不同： 家族八卦：这篇文章讲了一些大众、保时捷家族的八卦，巫师有提及但没有讲的很详细，侧重点在后面的资本战争。 收购过程：在讲述收购手法的过程和时间顺序大致一样，但涉及到这篇文章有一个事实错误,https://www.zhihu.com/question/349862752/answer/872076230
收购过程,科普/自然科学,2889,1,1,0,0,1,0,收购过程：在讲述收购手法的过程和时间顺序大致一样，但涉及到这篇文章有一个事实错误 事实：公众号有错： 我标黄的地方公众号出现了事实性错误，甚至下面评论有人指正也没有改，很不专业。《大众法》即使真的违反了《公平交易法》也不会被欧洲法庭判无效，而是意味着德国将必须对《大众法》有关股东表决权限制的内容进行修改或彻底废除，并处以罚款。而最终德国的举措也是将其修改，而非废除。,https://www.zhihu.com/question/349862752/answer/872076230
知名up,综合知识/泛科普,2889,1,1,0,0,1,0,知名up -LKs-做了相关的视频。 【逆向分析】UP主做期视频的成本高到你无法想象_哔哩哔哩 (゜-゜)つロ 干杯~-bilibili 有公众号也开始援引巫师的内容，10w+的文章，内容差不多一致，但来回来去的喷抄袭真的没劲。 在你睡觉的时候，国家又一次保住了香港,https://www.zhihu.com/question/349862752/answer/872076230
逻辑,历史/军事,2889,1,1,0,0,1,0,逻辑：略有不同： 家族八卦：这篇文章讲了一些大众、保时捷家族的八卦，巫师有提及但没有讲的很详细，侧重点在后面的资本战争。 收购过程：在讲述收购手法的过程和时间顺序大致一样，但涉及到这篇文章有一个事实错误,https://www.zhihu.com/question/349862752/answer/872076230
4更,综合知识/泛科普,2842,1,1,0,0,0,1,11.4更 又看到直播切片 在直播间里说穷 几百万这么快就花完了？还不时提一下B站收益砍了的事 和在wb上面发的完全是背道而驰,https://www.zhihu.com/question/425443834/answer/3107696722
丁香园有个快速读懂心电图,生物/医学健康,2779,1,1,0,1,0,0,丁香园有个快速读懂心电图-丑小菲的课，这个课微信搜索丁香园3000元课程，就在里面，自己找一下，官方APP那边现在好像找不到了。 b站有少量视频，想要全的其他课程自行找官方/淘宝 12.诊断学,https://www.zhihu.com/question/451707926/answer/1838178285
刘不言,生物/医学健康,2779,1,1,0,1,0,0,刘不言：老经典了，研大APP有一个公益项目，免费公开刘老师的课一直到考研结束，需要可以去看看。觉得麻烦直接b站or公众号题库网。 吴在望：如果你没太多时间，看他！属于新生代的优秀老师！他的生理学也很好的！有兴趣的可以找一个21版本的看看。（题库网题库网我已经说腻了，免费还不用转发积赞的神仙公众号我已经说腻了）,https://www.zhihu.com/question/451707926/answer/1838178285
医学英语,生物/医学健康,2779,1,1,0,1,0,0,9.医学英语 ↑这个是一个外国医生做的英文病例分析，按时更新，也会在病例里给你解释疾病词根，非常值得一看。 [33篇全] 医学英语词汇入门篇｜Medical Terminology｜医学专业英语｜医学英语专业术语｜词汇入门基础篇｜词根词缀构词成分精讲｜如何学习医学英语_哔哩哔哩 (゜-゜)つロ 干杯~-bilibili,https://www.zhihu.com/question/451707926/answer/1838178285
寄生虫,生物/医学健康,2779,1,1,0,1,0,0,3.寄生虫 清华大学医学寄生虫 其实寄生虫真不难，这个版本讲的挺好的。 【清华大学】医学寄生虫学_哔哩哔哩 (゜-゜)つロ 干杯~-bilibili 4.病理学,https://www.zhihu.com/question/451707926/answer/1838178285
提取码,生物/医学健康,2779,1,1,0,1,0,0,提取码:spdi 药理学_哔哩哔哩 (゜-゜)つロ 干杯~-bilibili 药理学笔记 第二军医大学的药理学也很多人推荐，这个版本我没怎么看（看不下去），这里也发上来。 药理学-第二军医大学-缪朝玉【56讲全】_哔哩哔哩 (゜-゜)つロ 干杯~-bilibili,https://www.zhihu.com/question/451707926/answer/1838178285
景晴,生物/医学健康,2779,1,1,0,1,0,0,景晴---生理学(一)_哔哩哔哩 (゜-゜)つロ 干杯~-bilibili 景晴的也很好，不过是备考执医的，大纲会有些不一样，但是也值得一看。（找课方式：医学教育网-执业医师备考-景晴） 6.药理学 景晴 不说了，药理学永远滴神！不过视频是备考药师的，大纲不太一样，但是！讲的很好，简洁易懂深入浅出，可以搭配公众号医学喵的医学知识的药理学笔记食用。,https://www.zhihu.com/question/451707926/answer/1838178285
本科,生物/医学健康,2779,1,1,0,0,0,1,本科：北京大学 病理生理学 北京大学 吴立玲_哔哩哔哩 (゜-゜)つロ 干杯~-bilibili 其他：景晴 病理生理学_哔哩哔哩 (゜-゜)つロ 干杯~-bilibili 11.心电图/心脏电生理,https://www.zhihu.com/question/451707926/answer/1838178285
本科教学,生物/医学健康,2779,1,1,0,0,0,1,本科教学：北京大学，刘忠保 考研备考：王强精读课，刘忠保，小亮，昭昭，天天这几个我感觉都可以，公众号题库网有完整百度云合集，可以自己去看看。 王强精读 （考研相关课程bilibili不多，要自己去百度云看） 景晴---生理学(一)_哔哩哔哩 (゜-゜)つロ 干杯~-bilibili,https://www.zhihu.com/question/451707926/answer/1838178285
生化,生物/医学健康,2779,1,1,0,1,0,0,14.生化 刘不言：老经典了，研大APP有一个公益项目，免费公开刘老师的课一直到考研结束，需要可以去看看。觉得麻烦直接b站or公众号题库网。 吴在望：如果你没太多时间，看他！属于新生代的优秀老师！他的生理学也很好的！有兴趣的可以找一个21版本的看看。（题库网题库网我已经说腻了，免费还不用转发积赞的神仙公众号我已经说腻了）,https://www.zhihu.com/question/451707926/answer/1838178285
生理学,生物/医学健康,2779,1,1,0,0,0,1,5.生理学 【北京大学】生理学_哔哩哔哩 (゜-゜)つロ 干杯~-bilibili 刘忠保生理学本科教学 本科教学：北京大学，刘忠保 考研备考：王强精读课，刘忠保，小亮，昭昭，天天这几个我感觉都可以，公众号题库网有完整百度云合集，可以自己去看看。,https://www.zhihu.com/question/451707926/answer/1838178285
病理学,学习/考试,2779,1,1,0,0,0,1,4.病理学 ①吉林大学 作为一个考研课程，如果是非考研目的，是作为平时上课/自学的补充，建议这个版本的。 病理学-吉林大学-李玉林【82讲全】_哔哩哔哩 (゜-゜)つロ 干杯~-bilibili,https://www.zhihu.com/question/451707926/answer/1838178285
病理学-吉林大学,生物/医学健康,2779,1,1,0,0,0,1,病理学-吉林大学-李玉林【82讲全】_哔哩哔哩 (゜-゜)つロ 干杯~-bilibili ②徐琦 为了考研做准备的或者考前冲刺的，用这个。内容要比上面版本的少，毕竟是以考研大纲为主。 b站上也有，但是版本很多比较老而且缺章节，建议大家在公众号“题库网”获取最新的百度云。懒得找就评论区留言。,https://www.zhihu.com/question/451707926/answer/1838178285
病理生理学,生物/医学健康,2779,1,1,0,0,0,1,10.病理生理学 本科：北京大学 病理生理学 北京大学 吴立玲_哔哩哔哩 (゜-゜)つロ 干杯~-bilibili 其他：景晴 病理生理学_哔哩哔哩 (゜-゜)つロ 干杯~-bilibili,https://www.zhihu.com/question/451707926/answer/1838178285
考研备考,生物/医学健康,2779,1,1,0,1,0,0,考研备考：王强精读课，刘忠保，小亮，昭昭，天天这几个我感觉都可以，公众号题库网有完整百度云合集，可以自己去看看。 王强精读 （考研相关课程bilibili不多，要自己去百度云看） 景晴---生理学(一)_哔哩哔哩 (゜-゜)つロ 干杯~-bilibili 景晴的也很好，不过是备考执医的，大纲会有些不一样，但是也值得一看。（找课方式：医学教育网-执业医师备考-景晴）,https://www.zhihu.com/question/451707926/answer/1838178285
药理学-第二军医大学,生物/医学健康,2779,1,1,0,1,0,0,药理学-第二军医大学-缪朝玉【56讲全】_哔哩哔哩 (゜-゜)つロ 干杯~-bilibili 7.内外科其实大部分考研老师都讲的很好， 外科：徐琦是yyds 内科：老师太多，大家按自己喜好选择。这里推荐几个合我口味的： ①昭昭考研西综基础课,https://www.zhihu.com/question/451707926/answer/1838178285
补充一个事,生物/医学健康,2779,1,1,0,0,0,1,补充一个事：如果你心脏听诊搞不明白，去看昭昭考研西综内科的心脏瓣膜病吧！大约2小时，不用全看，药物治疗部分可以不看，主要看画图部分。 15隋准 15隋准诊断学 最经典版成名作_哔哩哔哩 (゜-゜)つロ 干杯~-bilibili 刘忠保（这个大家自己去刘忠保老师的b站动态翻，他经常有直播，直播过心电图什么的。刘老师的课程都是免费的，今年考研的朋友别找22刘忠保百度云啦，都在b站）,https://www.zhihu.com/question/451707926/answer/1838178285
评论区增加,综合知识/泛科普,2722,1,1,0,1,0,0,评论区增加:王刚老师，逍遥散人，小约翰可汗 8.14更新。删掉一位关注多年的游戏区up。现在是生活区up了吧哈哈。从你玩那个找被妈妈藏起来的游戏机开始关注的然后一直到现在失望以及对你人品失望不只是一点半点。祝好吧。,https://www.zhihu.com/question/327151685/answer/722303269
莫大的赏赐了,综合知识/泛科普,2641,1,0,1,0,0,1,三高一低很真实了，我是经常看b站的人，但从不评论和发弹幕，账户莫名其妙一千来个币，有看到优质内容就给了，但我心里觉得这还是白嫖哈哈哈，因为毕竟没花过钱。但是经常看到满屏的弹幕“你币有/无了”也感慨：b站这个机制，免费的币都能让一些用户当成对up主莫大的赏赐了。,https://www.zhihu.com/question/626962666/answer/3576670359#comment-10946588174
前排回答说的非常好,历史/军事,2384,1,1,0,1,0,0,前排回答说的非常好： B站的←不是一种政治倾向，而是一种情绪刺激下的复读表演而已。 我管这叫：瑞德考斯普雷（red cosplay） 你去看看网易云音乐《牢不可破的联盟》的评论区，绝对让你头皮发麻。 这些小孩对苏联几乎没有任何的认知，估计大概就是教科书都没看全，然后视频也就看了几个片段这种程度吧。就这程度，他们便会对苏联发出各种充满信仰的感慨，诸如：那真是一个美好纯真的年代！,https://www.zhihu.com/question/546163254/answer/3479343454
内容主要有,历史/军事,2373,1,1,0,0,0,1,内容主要有：各国五代机气动航电和隐身性能分析（歼20航电篇还没有，F22篇老哥已经在写了），高超音速导弹相关分析，核武器相关分析，以及少量的航天和航展以及军事新闻分析 2、幻影长弓 也是一个由多人供稿的团队，主要以各国现代海空军装备为主，有时也会涉猎导弹和陆军装备，视频内容质量很高，偏资料向，部分视频对于刚入坑的小白可能看着有些枯燥。 经常和其他B站军事UP联动合作,https://www.zhihu.com/question/437401489/answer/2665504814
军事杂谈类型UP,历史/军事,2373,1,1,0,0,0,1,四、军事杂谈类型UP： 1、没有脖子的平远 老星海区UP（以前账号是“平远说”，被封号了） 视频内容很杂，但是质量都很高。有关于军事词汇术语的科普，军服军粮的科普分析，各国部队情况和编制分析，军事历史视频，还有一些军事装备类型的合作视频,https://www.zhihu.com/question/437401489/answer/2665504814
幻影长弓,历史/军事,2373,1,1,0,0,0,1,2、幻影长弓 也是一个由多人供稿的团队，主要以各国现代海空军装备为主，有时也会涉猎导弹和陆军装备，视频内容质量很高，偏资料向，部分视频对于刚入坑的小白可能看着有些枯燥。 经常和其他B站军事UP联动合作,https://www.zhihu.com/question/437401489/answer/2665504814
晓枪老王,历史/军事,2373,1,1,0,1,0,0,4、晓枪老王 枪械相关院校的专业大佬，不过其枪械科普内容主战场在微信公众号“晓枪”，B站通常发一些杂谈辟谣类和搬运一些国外枪械资料视频 五、军事CG和短片类UP： 1、西葛西 以一些现役海空装备CG解析和我军未来装备设想CG为主,https://www.zhihu.com/question/437401489/answer/2665504814
没有脖子的平远,历史/军事,2373,1,1,0,0,0,1,1、没有脖子的平远 老星海区UP（以前账号是“平远说”，被封号了） 视频内容很杂，但是质量都很高。有关于军事词汇术语的科普，军服军粮的科普分析，各国部队情况和编制分析，军事历史视频，还有一些军事装备类型的合作视频,https://www.zhihu.com/question/437401489/answer/2665504814
花岗岩工作室,历史/军事,2373,1,1,0,0,1,0,3、花岗岩工作室 视频以类似小亮风格的“鉴定网络热门军事”系列视频为主，在辟谣一些军事营销号谣言同时科普一些军事常识 4、晓枪老王 枪械相关院校的专业大佬，不过其枪械科普内容主战场在微信公众号“晓枪”，B站通常发一些杂谈辟谣类和搬运一些国外枪械资料视频,https://www.zhihu.com/question/437401489/answer/2665504814
2025年4月6日00,综合知识/泛科普,2349,1,1,0,1,0,0,2025年4月6日00:00 生日快乐，幻 注意到你戒断粉丝的这一年，好像做回了真实的自己，去了好多地方，出了国，去看演唱会，受邀去试玩新游戏…… 保持着一定的更新频率，有出新歌，也有了演唱会的动向，粉丝在慢慢涨回来，评论区里好多人在感慨你视频制作的不可替代性，播放量很高。,https://www.zhihu.com/question/264525046/answer/441814510
xgt,综合知识/泛科普,2349,1,1,0,0,0,1,xgt：【你是我世界的太阳】 “太阳太过沉重，我可以是一把火炬” “不要伤心，不止你一个人，这么多人陪着你271744永远是你快乐的港湾” “271744就是家，大家都要年少有为” －－－某幻,https://www.zhihu.com/question/264525046/answer/441814510
某幻,综合知识/泛科普,2349,1,1,0,1,0,0,------某幻 2018年7月14日 我大概在去年12月他爆红之后就知道他了，也关注了他，直播偶尔看，但是不常看，不是因为我没时间，是因为当时的我觉得他直播无聊，真的，当时从路人角度看，他玩的又菜，也没那么多有趣的梗（求别打我），他是可以说是一个比较被动的人，如果队友有趣，那他就也会很有趣，但是如果队友不怎么聊天，他也几乎不会去主动，就经常不怎么和队友交流，而是和自己的弹幕聊天，这在当时还是路人的我看来是无聊的。,https://www.zhihu.com/question/264525046/answer/441814510
究级细致分析版,综合知识/泛科普,2349,1,1,0,1,0,0,究级细致分析版： 如何评价某幻女朋友？ 对了，我没脱粉过，过去没有，现在也没有，未来不知道 我也在等某幻回来 事儿不是大事儿，B站照样涨粉，都挺好的 就，回来就行了,https://www.zhihu.com/question/264525046/answer/441814510
简短版,综合知识/泛科普,2349,1,1,0,1,0,0,简短版： 如何评价某幻最近被曝出来的各种事件？ 究级细致分析版： 如何评价某幻女朋友？ 对了，我没脱粉过，过去没有，现在也没有，未来不知道 我也在等某幻回来 事儿不是大事儿，B站照样涨粉，都挺好的,https://www.zhihu.com/question/264525046/answer/441814510
Veritasium,科普/自然科学,2289,1,1,0,0,0,1,Veritasium真理元素 Veritasium中国官方（非Derek本人）,https://www.zhihu.com/question/601340939/answer/3032117728
我是EyeOpener的个人空间,综合知识/泛科普,2289,1,1,0,0,0,1,我是EyeOpener的个人空间-我是EyeOpener个人主页-哔哩哔哩视频 法山叔 主任律师 经验丰富 主打热点案例分析 当然看法律的案例分析或者类似热点问题一定要带上独立思考的脑子 法山叔的个人空间-法山叔个人主页-哔哩哔哩视频 Rofix CG动画设计师，前TX主美,https://www.zhihu.com/question/601340939/answer/3032117728
无穷小亮的科普日常的个人空间,综合知识/泛科普,2289,1,1,0,0,0,1,无穷小亮的科普日常的个人空间-无穷小亮的科普日常个人主页-哔哩哔哩视频,https://www.zhihu.com/question/601340939/answer/3032117728
纪录片之家文史迷的个人空间,综合知识/泛科普,2289,1,1,0,0,0,1,纪录片之家文史迷的个人空间-纪录片之家文史迷个人主页-哔哩哔哩视频 无穷小亮的科普日常 无穷小亮的科普日常的个人空间-无穷小亮的科普日常个人主页-哔哩哔哩视频,https://www.zhihu.com/question/601340939/answer/3032117728
纪录片之家科技控的个人空间,综合知识/泛科普,2289,1,1,0,0,0,1,纪录片之家科技控的个人空间-纪录片之家科技控个人主页-哔哩哔哩视频 纪录片之家文史迷 纪录片之家文史迷的个人空间-纪录片之家文史迷个人主页-哔哩哔哩视频 无穷小亮的科普日常 无穷小亮的科普日常的个人空间-无穷小亮的科普日常个人主页-哔哩哔哩视频,https://www.zhihu.com/question/601340939/answer/3032117728
AHA,艺术/审美,2278,1,1,0,1,0,0,AHA：同济大学珠宝设计 伦敦中央圣马丁学院珠宝设计硕士 LOLO：埃塞克斯大学 电影制作专业 34.岱川博士 剑桥大学天体物理学博士 35.我是李雪琴啊 北京大学 36.Alex绝对是个妞儿 复旦大学广播电视新闻系,https://www.zhihu.com/question/272389513/answer/828234838
AHALOLO AHA,艺术/审美,2278,1,1,0,1,0,0,33.AHALOLO AHA：同济大学珠宝设计 伦敦中央圣马丁学院珠宝设计硕士 LOLO：埃塞克斯大学 电影制作专业 34.岱川博士 剑桥大学天体物理学博士 35.我是李雪琴啊 北京大学,https://www.zhihu.com/question/272389513/answer/828234838
Alex绝对是个妞儿,人文社科/国际政治,2278,1,1,0,0,0,1,36.Alex绝对是个妞儿 复旦大学广播电视新闻系 37.刘骁骞 中国传媒大学葡萄牙语 评论区补充： 1.狸子LePtC 清华大学博士后 2.ilem 哈尔滨工业大学本硕,https://www.zhihu.com/question/272389513/answer/828234838
Chimera君,法律,2278,1,1,0,0,0,1,25.Chimera君 早稻田大学 26.茶理理理子 南加利福利亚大学 27.这个阿柳有点冷 云南大学研究生 28.罗翔说刑法 北京大学法学院刑法学 法学博士 29.高中数学霍渊博老师 北京大学,https://www.zhihu.com/question/272389513/answer/828234838
KBShinya,科普/自然科学,2278,1,1,0,0,0,1,84.KBShinya 南京大学 85.可盐可甜雪糕在此 人民大学 86.柳青瑶本尊 南京大学 87.吃花椒的喵酱 吉林大学 88.杨光_建厨师 清华大学建筑系本科 耶鲁大学建筑系硕士,https://www.zhihu.com/question/272389513/answer/828234838
LOLO,人文社科/国际政治,2278,1,1,0,1,0,0,LOLO：埃塞克斯大学 电影制作专业 34.岱川博士 剑桥大学天体物理学博士 35.我是李雪琴啊 北京大学 36.Alex绝对是个妞儿 复旦大学广播电视新闻系 37.刘骁骞 中国传媒大学葡萄牙语,https://www.zhihu.com/question/272389513/answer/828234838
LORIII阿姨,艺术/审美,2278,1,1,0,1,0,0,32.LORIII阿姨 纽约大学英语教育对外汉语教育双学位硕士 33.AHALOLO AHA：同济大学珠宝设计 伦敦中央圣马丁学院珠宝设计硕士 LOLO：埃塞克斯大学 电影制作专业 34.岱川博士 剑桥大学天体物理学博士,https://www.zhihu.com/question/272389513/answer/828234838
OSKARPIANIST,科普/自然科学,2278,1,1,0,0,0,1,81.OSKARPIANIST 茱莉亚音乐学院 82.大橘很重- 暨南大学 83.柠檬遇上泥 暨南大学 84.KBShinya 南京大学 85.可盐可甜雪糕在此 人民大学,https://www.zhihu.com/question/272389513/answer/828234838
PattyChats,人文社科/国际政治,2278,1,1,0,0,0,1,50.PattyChats 伦敦商学院 伦敦大学亚非学院房地产管理和国际政治 51.金灿荣频道 中国人民大学国际关系学院副院长 52.享福享福 湘潭大学本科 伦敦大学硕士 中国人民大学博士 53.方斯塔芙 神经学博士 54.兔八鸽 医学博士,https://www.zhihu.com/question/272389513/answer/828234838
Warma,财经/商业,2278,1,1,0,0,0,1,38.Warma 中南大学医学院 39.帅你一脸毛蛋 上海外国语大学研究生 40.真是奇怪le 对外经济与贸易大学 41.张召忠 国防大学博士生导师 42.吃吧大小贰 清华大学,https://www.zhihu.com/question/272389513/answer/828234838
WhynotTV,科普/自然科学,2278,1,1,0,0,0,1,91.WhynotTV 上海交通大学 92.喃猫小厨房 中国传媒大学电视编导 巴黎蓝带厨师学院 93.佟大大还是ETT 厦门大学密码学博士 94.sky盖盖_ 纽约曼哈顿音乐学院 95.王师傅和小毛毛 滑铁卢大学计算机系,https://www.zhihu.com/question/272389513/answer/828234838
dearnessie,科普/自然科学,2278,1,1,0,1,0,0,17.dearnessie 悉尼大学 首尔大学 北京大学 18.陈墨是今晚的康桥 白俄罗斯国立音乐学院 19.大王脚翔 北京大学 20.街森 北京大学MBA 21.老师好我叫何同学 北京邮电大学,https://www.zhihu.com/question/272389513/answer/828234838
heiz朵,财经/商业,2278,1,1,0,0,0,1,36.heiz朵 剑桥大学 37.小蝶今天吃饱了 北京大学 保研上海交通大学 38.Warma 中南大学医学院 39.帅你一脸毛蛋 上海外国语大学研究生 40.真是奇怪le 对外经济与贸易大学,https://www.zhihu.com/question/272389513/answer/828234838
nagi真的很文静,生物/医学健康,2278,1,1,0,0,0,1,80.nagi真的很文静 上海交通大学医学院临床医学八年制 81.OSKARPIANIST 茱莉亚音乐学院 82.大橘很重- 暨南大学 83.柠檬遇上泥 暨南大学 84.KBShinya 南京大学,https://www.zhihu.com/question/272389513/answer/828234838
papi酱,生物/医学健康,2278,1,1,0,0,0,1,1.papi酱 中央戏剧学院导演系硕士 2.信誓蛋蛋 厦门大学MBA 3.大佬甜er 北京交通大学 4.曼食慢语 北京大学药学学士 英国约克大学神经认知学硕士 5.日食记（姜老刀） 上海财经大学,https://www.zhihu.com/question/272389513/answer/828234838
polyhedron古韻,科普/自然科学,2278,1,1,0,1,0,0,73.polyhedron古韻 清华大学 非同马普所硕博 74.苏星河牛通 华东师范大学 75.塑料叉FOKU 同济大学建筑系 76.理发师肖邦 上海交通大学医学院 77.鲸鱼一腹 吉林大学法学院本硕,https://www.zhihu.com/question/272389513/answer/828234838
real摩托叔叔,人文社科/国际政治,2278,1,1,0,0,0,1,15.real摩托叔叔 韩国高丽大学新闻系 韩国延世大学媒体学硕士 16.我是郭杰瑞 查尔斯顿大学 国立台湾大学 17.dearnessie 悉尼大学 首尔大学 北京大学 18.陈墨是今晚的康桥 白俄罗斯国立音乐学院 19.大王脚翔 北京大学,https://www.zhihu.com/question/272389513/answer/828234838
sky盖盖,科普/自然科学,2278,1,1,0,0,0,1,94.sky盖盖_ 纽约曼哈顿音乐学院 95.王师傅和小毛毛 滑铁卢大学计算机系 96.多罗西123 耶鲁大学 97.随义のfreely 电子科技大学 98.上单老祖 北京理工大学,https://www.zhihu.com/question/272389513/answer/828234838
一花啦啦啦,科普/自然科学,2278,1,1,0,1,0,0,8.一花啦啦啦 四川大学 华威大学 9.浴巾诶 一花好友 华南理工大学 华威大学 10.栗子生 浴巾男友 华南理工大学硕士 11.宝剑嫂 江南大学 12.雨哥到处跑 宝剑嫂男友 同济大学建筑系 米兰理工大学,https://www.zhihu.com/question/272389513/answer/828234838
上单老祖,科普/自然科学,2278,1,1,0,1,0,0,98.上单老祖 北京理工大学 99.小y王者解说 同济大学 100.胖雪人Ozu 华东师范大学播音专业本硕连读 101.假美食po主 伦敦艺术大学 102.无聊的Do君 苏州大学本科 东京大学硕士 慕尼黑大学博士,https://www.zhihu.com/question/272389513/answer/828234838
专注秃头九百年,科普/自然科学,2278,1,1,0,1,0,0,6.专注秃头九百年 剑桥大学哲学学士 7.易烫YCC 剑桥大学化学 8.一花啦啦啦 四川大学 华威大学 9.浴巾诶 一花好友 华南理工大学 华威大学 10.栗子生 浴巾男友 华南理工大学硕士,https://www.zhihu.com/question/272389513/answer/828234838
享福享福,科普/自然科学,2278,1,1,0,0,0,1,52.享福享福 湘潭大学本科 伦敦大学硕士 中国人民大学博士 53.方斯塔芙 神经学博士 54.兔八鸽 医学博士 55.极客队长 工程学博士 56.预言家Alice 中国传媒大学新闻学,https://www.zhihu.com/question/272389513/answer/828234838
仓大王,科普/自然科学,2278,1,1,0,0,0,1,57.仓大王 北京师范大学硕士 58.薰衣草说 剑桥大学 59.盗月社食遇记 沐上:中国传媒大学 朱狒狒:北京大学,https://www.zhihu.com/question/272389513/answer/828234838
伍团子,人文社科/国际政治,2278,1,1,0,0,0,1,29.伍团子 浙江大学学士 复旦大学新闻硕士 30.晁然然然然 中国传媒大学计算机 31.番茄姐姐的小世界 中国人民大学博士 32.LORIII阿姨 纽约大学英语教育对外汉语教育双学位硕士 33.AHALOLO,https://www.zhihu.com/question/272389513/answer/828234838
伢伢gagako,科普/自然科学,2278,1,1,0,0,0,1,13.伢伢gagako 复旦大学 14.同学请坐吧 杨慧琴 北京大学 15.深夜徐老师 暨南大学 16.是你们的康康 南京航空航天大学 香港中文大学 17.糖果果的未来要发光 中国人民大学硕士 北京大学博士,https://www.zhihu.com/question/272389513/answer/828234838
信誓蛋蛋,生物/医学健康,2278,1,1,0,0,0,1,2.信誓蛋蛋 厦门大学MBA 3.大佬甜er 北京交通大学 4.曼食慢语 北京大学药学学士 英国约克大学神经认知学硕士 5.日食记（姜老刀） 上海财经大学 6.专注秃头九百年 剑桥大学哲学学士,https://www.zhihu.com/question/272389513/answer/828234838
兔八鸽,科普/自然科学,2278,1,1,0,0,0,1,54.兔八鸽 医学博士 55.极客队长 工程学博士 56.预言家Alice 中国传媒大学新闻学 57.仓大王 北京师范大学硕士 58.薰衣草说 剑桥大学,https://www.zhihu.com/question/272389513/answer/828234838
冰汝看美国,科普/自然科学,2278,1,1,0,1,0,0,22.冰汝看美国 北京航空航天大学英语专业 波士顿大学 23.贝乐泰是冠军 莫纳什大学 复旦大学 24.小萨666 哈尔滨工程大学 中国人民大学 25.钟逸伦要继续努力 牛津大学政治经济与哲学 清华大学 26.老番茄 复旦大学金融本硕,https://www.zhihu.com/question/272389513/answer/828234838
刘文超VIN,科普/自然科学,2278,1,1,0,0,0,1,89.刘文超VIN 吉林大学 90.锦堂生活空间 清华大学 91.WhynotTV 上海交通大学 92.喃猫小厨房 中国传媒大学电视编导 巴黎蓝带厨师学院 93.佟大大还是ETT 厦门大学密码学博士,https://www.zhihu.com/question/272389513/answer/828234838
刘骁骞,财经/商业,2278,1,1,0,0,0,1,37.刘骁骞 中国传媒大学葡萄牙语 评论区补充： 1.狸子LePtC 清华大学博士后 2.ilem 哈尔滨工业大学本硕 3.十音Shiyin 伦敦政治经济学院国际关系与历史双学位,https://www.zhihu.com/question/272389513/answer/828234838
化学老师李政,科普/自然科学,2278,1,1,0,0,0,1,32.化学老师李政 北京航空航天大学硕士 33.高中数学蔡德锦老师 中山大学 34.历史老师定哥 华中师范大学 35.爱吃年糕的阿泽 北京大学 36.heiz朵 剑桥大学,https://www.zhihu.com/question/272389513/answer/828234838
北京小风子,人文社科/国际政治,2278,1,1,0,0,0,1,14.北京小风子 哥伦比亚大学 15.real摩托叔叔 韩国高丽大学新闻系 韩国延世大学媒体学硕士 16.我是郭杰瑞 查尔斯顿大学 国立台湾大学 17.dearnessie 悉尼大学 首尔大学 北京大学 18.陈墨是今晚的康桥 白俄罗斯国立音乐学院,https://www.zhihu.com/question/272389513/answer/828234838
十音Shiyin,财经/商业,2278,1,1,0,0,0,1,3.十音Shiyin 伦敦政治经济学院国际关系与历史双学位 4.-LKs- 十音男友 香港科技大学国际关系学院 5.-欣小萌— 南开大学 6.逍遥散人 南开大学 7.怕上火暴王老菊 华东理工大学,https://www.zhihu.com/question/272389513/answer/828234838
历史老师定哥,历史/军事,2278,1,1,0,0,0,1,34.历史老师定哥 华中师范大学 35.爱吃年糕的阿泽 北京大学 36.heiz朵 剑桥大学 37.小蝶今天吃饱了 北京大学 保研上海交通大学 38.Warma 中南大学医学院,https://www.zhihu.com/question/272389513/answer/828234838
参数化凯同学,科普/自然科学,2278,1,1,0,1,0,0,70.参数化凯同学 浙江大学 米兰理工大学在读 71.泰哥是只小暖猫 哈尔滨工业大学 72.宋浩老师官方 山东大学 73.polyhedron古韻 清华大学 非同马普所硕博 74.苏星河牛通 华东师范大学,https://www.zhihu.com/question/272389513/answer/828234838
可妈可吗,财经/商业,2278,1,1,0,1,0,0,22.可妈可吗 清华大学博士 23.司徒建国Stu 牛津大学 24.顺子Chloe 伦敦政治经济学院 25.Chimera君 早稻田大学 26.茶理理理子 南加利福利亚大学,https://www.zhihu.com/question/272389513/answer/828234838
可盐可甜雪糕在此,科普/自然科学,2278,1,1,0,0,0,1,85.可盐可甜雪糕在此 人民大学 86.柳青瑶本尊 南京大学 87.吃花椒的喵酱 吉林大学 88.杨光_建厨师 清华大学建筑系本科 耶鲁大学建筑系硕士 89.刘文超VIN 吉林大学,https://www.zhihu.com/question/272389513/answer/828234838
司徒建国Stu,财经/商业,2278,1,1,0,1,0,0,23.司徒建国Stu 牛津大学 24.顺子Chloe 伦敦政治经济学院 25.Chimera君 早稻田大学 26.茶理理理子 南加利福利亚大学 27.这个阿柳有点冷 云南大学研究生,https://www.zhihu.com/question/272389513/answer/828234838
吃吧大小贰,生物/医学健康,2278,1,1,0,0,0,1,42.吃吧大小贰 清华大学 43.皮科医生魏小博 北京大学医学部 44.盐西不早 北京大学 45.绿茶饼的RO君 东京大学工学部 47.大婷AKA美少女_ 英国皇家音乐学院管风琴系,https://www.zhihu.com/question/272389513/answer/828234838
吃花椒的喵酱,科普/自然科学,2278,1,1,0,0,0,1,87.吃花椒的喵酱 吉林大学 88.杨光_建厨师 清华大学建筑系本科 耶鲁大学建筑系硕士 89.刘文超VIN 吉林大学 90.锦堂生活空间 清华大学 91.WhynotTV 上海交通大学,https://www.zhihu.com/question/272389513/answer/828234838
同学请坐吧,科普/自然科学,2278,1,1,0,0,0,1,14.同学请坐吧 杨慧琴 北京大学 15.深夜徐老师 暨南大学 16.是你们的康康 南京航空航天大学 香港中文大学 17.糖果果的未来要发光 中国人民大学硕士 北京大学博士 18.高冷小姜 中国传媒大学,https://www.zhihu.com/question/272389513/answer/828234838
向前的赵,科普/自然科学,2278,1,1,0,0,0,1,113.向前的赵 北京理工大学,https://www.zhihu.com/question/272389513/answer/828234838
喃猫小厨房,科普/自然科学,2278,1,1,0,0,0,1,92.喃猫小厨房 中国传媒大学电视编导 巴黎蓝带厨师学院 93.佟大大还是ETT 厦门大学密码学博士 94.sky盖盖_ 纽约曼哈顿音乐学院 95.王师傅和小毛毛 滑铁卢大学计算机系 96.多罗西123 耶鲁大学,https://www.zhihu.com/question/272389513/answer/828234838
塑料叉FOKU,科普/自然科学,2278,1,1,0,0,0,1,75.塑料叉FOKU 同济大学建筑系 76.理发师肖邦 上海交通大学医学院 77.鲸鱼一腹 吉林大学法学院本硕 78.开心嘴炮 武汉大学 79.郭甜茶 中国传媒大学,https://www.zhihu.com/question/272389513/answer/828234838
墨韵Moyun,科普/自然科学,2278,1,1,0,0,0,1,64.墨韵Moyun 四川大学 65.鬼谷藏龙 中科院神经科学研究所博士生 67.渗透之C君 加州大学洛杉矶分校 波士顿东北大学游戏科学与设计硕士 剑桥大学继续教育学院 68. 大物是也 清华大学 69. 乌鸦校尉CaptainWuya 北京航空航天大学 博士休学创业,https://www.zhihu.com/question/272389513/answer/828234838
多罗西123,科普/自然科学,2278,1,1,0,1,0,0,96.多罗西123 耶鲁大学 97.随义のfreely 电子科技大学 98.上单老祖 北京理工大学 99.小y王者解说 同济大学 100.胖雪人Ozu 华东师范大学播音专业本硕连读,https://www.zhihu.com/question/272389513/answer/828234838
大婷AKA美少女,人文社科/国际政治,2278,1,1,0,0,0,1,47.大婷AKA美少女_ 英国皇家音乐学院管风琴系 48.糯叽叽的小企鹅 中央音乐学院 49.威廉斯塔克L 茱莉亚音乐学院 50.PattyChats 伦敦商学院 伦敦大学亚非学院房地产管理和国际政治 51.金灿荣频道 中国人民大学国际关系学院副院长,https://www.zhihu.com/question/272389513/answer/828234838
大橘很重,科普/自然科学,2278,1,1,0,0,0,1,82.大橘很重- 暨南大学 83.柠檬遇上泥 暨南大学 84.KBShinya 南京大学 85.可盐可甜雪糕在此 人民大学 86.柳青瑶本尊 南京大学,https://www.zhihu.com/question/272389513/answer/828234838
大物是也,科普/自然科学,2278,1,1,0,0,0,1,68. 大物是也 清华大学 69. 乌鸦校尉CaptainWuya 北京航空航天大学 博士休学创业 70.参数化凯同学 浙江大学 米兰理工大学在读 71.泰哥是只小暖猫 哈尔滨工业大学 72.宋浩老师官方 山东大学,https://www.zhihu.com/question/272389513/answer/828234838
大王脚翔,科普/自然科学,2278,1,1,0,1,0,0,19.大王脚翔 北京大学 20.街森 北京大学MBA 21.老师好我叫何同学 北京邮电大学 22.冰汝看美国 北京航空航天大学英语专业 波士顿大学 23.贝乐泰是冠军 莫纳什大学 复旦大学,https://www.zhihu.com/question/272389513/answer/828234838
威廉斯塔克L,人文社科/国际政治,2278,1,1,0,0,0,1,49.威廉斯塔克L 茱莉亚音乐学院 50.PattyChats 伦敦商学院 伦敦大学亚非学院房地产管理和国际政治 51.金灿荣频道 中国人民大学国际关系学院副院长 52.享福享福 湘潭大学本科 伦敦大学硕士 中国人民大学博士,https://www.zhihu.com/question/272389513/answer/828234838
小y王者解说,科普/自然科学,2278,1,1,0,1,0,0,99.小y王者解说 同济大学 100.胖雪人Ozu 华东师范大学播音专业本硕连读 101.假美食po主 伦敦艺术大学 102.无聊的Do君 苏州大学本科 东京大学硕士 慕尼黑大学博士 103.稚晖君 电子科技大学,https://www.zhihu.com/question/272389513/answer/828234838
小巧小马,生物/医学健康,2278,1,1,0,0,0,1,60.小巧小马 哈佛大学硕士 剑桥大学博士在读 61.柿子菌meow 大连理工大学 62.贾斯博Jasper 同济大学生物学学士 复旦大学计算神经科学硕士 63.命运の乐章 上海交通大学硕士 64.墨韵Moyun 四川大学,https://www.zhihu.com/question/272389513/answer/828234838
小萨666,财经/商业,2278,1,1,0,1,0,0,24.小萨666 哈尔滨工程大学 中国人民大学 25.钟逸伦要继续努力 牛津大学政治经济与哲学 清华大学 26.老番茄 复旦大学金融本硕 27.彭酱酱LINYA 剑桥大学经济系 28.伊丽莎白鼠 中南大学湘雅医学院本硕博连读,https://www.zhihu.com/question/272389513/answer/828234838
小蝶今天吃饱了,财经/商业,2278,1,1,0,0,0,1,37.小蝶今天吃饱了 北京大学 保研上海交通大学 38.Warma 中南大学医学院 39.帅你一脸毛蛋 上海外国语大学研究生 40.真是奇怪le 对外经济与贸易大学 41.张召忠 国防大学博士生导师,https://www.zhihu.com/question/272389513/answer/828234838
岱川博士,人文社科/国际政治,2278,1,1,0,0,0,1,34.岱川博士 剑桥大学天体物理学博士 35.我是李雪琴啊 北京大学 36.Alex绝对是个妞儿 复旦大学广播电视新闻系 37.刘骁骞 中国传媒大学葡萄牙语 评论区补充：,https://www.zhihu.com/question/272389513/answer/828234838
开心嘴炮,生物/医学健康,2278,1,1,0,0,0,1,78.开心嘴炮 武汉大学 79.郭甜茶 中国传媒大学 80.nagi真的很文静 上海交通大学医学院临床医学八年制 81.OSKARPIANIST 茱莉亚音乐学院 82.大橘很重- 暨南大学,https://www.zhihu.com/question/272389513/answer/828234838
彭酱酱LINYA,财经/商业,2278,1,1,0,0,0,1,27.彭酱酱LINYA 剑桥大学经济系 28.伊丽莎白鼠 中南大学湘雅医学院本硕博连读 29.伍团子 浙江大学学士 复旦大学新闻硕士 30.晁然然然然 中国传媒大学计算机 31.番茄姐姐的小世界 中国人民大学博士,https://www.zhihu.com/question/272389513/answer/828234838
怕上火暴王老菊,科普/自然科学,2278,1,1,0,0,0,1,7.怕上火暴王老菊 华东理工大学 8.毕导THU 清华化工博士 9.李永乐老师官方 北京大学学士 清华大学硕士 10.啊吗粽 新南威尔士大学 11.银临 南京大学,https://www.zhihu.com/question/272389513/answer/828234838
我是李雪琴啊,人文社科/国际政治,2278,1,1,0,0,0,1,35.我是李雪琴啊 北京大学 36.Alex绝对是个妞儿 复旦大学广播电视新闻系 37.刘骁骞 中国传媒大学葡萄牙语 评论区补充： 1.狸子LePtC 清华大学博士后,https://www.zhihu.com/question/272389513/answer/828234838
文韬Stefan,科普/自然科学,2278,1,1,0,1,0,0,105.文韬Stefan 北京大学光华管理学院金融数学双学位 106.蒲熠星 南京大学商学院保险学 107.空卡空卡空空卡 华中科技大学硕士 108.达恩达恩 复旦大学哲学硕士 109.CodeSheep 华中科技大学信息与通信工程专业硕士,https://www.zhihu.com/question/272389513/answer/828234838
方斯塔芙,科普/自然科学,2278,1,1,0,0,0,1,53.方斯塔芙 神经学博士 54.兔八鸽 医学博士 55.极客队长 工程学博士 56.预言家Alice 中国传媒大学新闻学 57.仓大王 北京师范大学硕士,https://www.zhihu.com/question/272389513/answer/828234838
无聊的Do君,财经/商业,2278,1,1,0,0,0,1,102.无聊的Do君 苏州大学本科 东京大学硕士 慕尼黑大学博士 103.稚晖君 电子科技大学 104.火树三国杀 清华大学 105.文韬Stefan 北京大学光华管理学院金融数学双学位 106.蒲熠星 南京大学商学院保险学,https://www.zhihu.com/question/272389513/answer/828234838
易烫YCC,科普/自然科学,2278,1,1,0,1,0,0,7.易烫YCC 剑桥大学化学 8.一花啦啦啦 四川大学 华威大学 9.浴巾诶 一花好友 华南理工大学 华威大学 10.栗子生 浴巾男友 华南理工大学硕士 11.宝剑嫂 江南大学,https://www.zhihu.com/question/272389513/answer/828234838
晁然然然然,科普/自然科学,2278,1,1,0,0,0,1,30.晁然然然然 中国传媒大学计算机 31.番茄姐姐的小世界 中国人民大学博士 32.LORIII阿姨 纽约大学英语教育对外汉语教育双学位硕士 33.AHALOLO AHA：同济大学珠宝设计 伦敦中央圣马丁学院珠宝设计硕士,https://www.zhihu.com/question/272389513/answer/828234838
曼食慢语,生物/医学健康,2278,1,1,0,0,0,1,4.曼食慢语 北京大学药学学士 英国约克大学神经认知学硕士 5.日食记（姜老刀） 上海财经大学 6.专注秃头九百年 剑桥大学哲学学士 7.易烫YCC 剑桥大学化学 8.一花啦啦啦 四川大学 华威大学,https://www.zhihu.com/question/272389513/answer/828234838
朱狒狒,生物/医学健康,2278,1,1,0,0,0,1,朱狒狒:北京大学 高饱饱:南开大学 60.小巧小马 哈佛大学硕士 剑桥大学博士在读 61.柿子菌meow 大连理工大学 62.贾斯博Jasper 同济大学生物学学士 复旦大学计算神经科学硕士,https://www.zhihu.com/question/272389513/answer/828234838
杨光_建厨师,科普/自然科学,2278,1,1,0,0,0,1,88.杨光_建厨师 清华大学建筑系本科 耶鲁大学建筑系硕士 89.刘文超VIN 吉林大学 90.锦堂生活空间 清华大学 91.WhynotTV 上海交通大学 92.喃猫小厨房 中国传媒大学电视编导 巴黎蓝带厨师学院,https://www.zhihu.com/question/272389513/answer/828234838
极客队长,科普/自然科学,2278,1,1,0,0,0,1,55.极客队长 工程学博士 56.预言家Alice 中国传媒大学新闻学 57.仓大王 北京师范大学硕士 58.薰衣草说 剑桥大学 59.盗月社食遇记,https://www.zhihu.com/question/272389513/answer/828234838
柠檬遇上泥,科普/自然科学,2278,1,1,0,0,0,1,83.柠檬遇上泥 暨南大学 84.KBShinya 南京大学 85.可盐可甜雪糕在此 人民大学 86.柳青瑶本尊 南京大学 87.吃花椒的喵酱 吉林大学,https://www.zhihu.com/question/272389513/answer/828234838
柳青瑶本尊,科普/自然科学,2278,1,1,0,0,0,1,86.柳青瑶本尊 南京大学 87.吃花椒的喵酱 吉林大学 88.杨光_建厨师 清华大学建筑系本科 耶鲁大学建筑系硕士 89.刘文超VIN 吉林大学 90.锦堂生活空间 清华大学,https://www.zhihu.com/question/272389513/answer/828234838
柿子菌meow,生物/医学健康,2278,1,1,0,0,0,1,61.柿子菌meow 大连理工大学 62.贾斯博Jasper 同济大学生物学学士 复旦大学计算神经科学硕士 63.命运の乐章 上海交通大学硕士 64.墨韵Moyun 四川大学 65.鬼谷藏龙 中科院神经科学研究所博士生,https://www.zhihu.com/question/272389513/answer/828234838
栗子生,科普/自然科学,2278,1,1,0,0,0,1,10.栗子生 浴巾男友 华南理工大学硕士 11.宝剑嫂 江南大学 12.雨哥到处跑 宝剑嫂男友 同济大学建筑系 米兰理工大学 13.jyhachi（井越） 华中科技大学哲学学士 圣安德鲁斯大学哲学硕士 14.北京小风子 哥伦比亚大学,https://www.zhihu.com/question/272389513/answer/828234838
沐上,科普/自然科学,2278,1,1,0,0,0,1,沐上:中国传媒大学 朱狒狒:北京大学 高饱饱:南开大学 60.小巧小马 哈佛大学硕士 剑桥大学博士在读 61.柿子菌meow 大连理工大学,https://www.zhihu.com/question/272389513/answer/828234838
泰哥是只小暖猫,科普/自然科学,2278,1,1,0,1,0,0,71.泰哥是只小暖猫 哈尔滨工业大学 72.宋浩老师官方 山东大学 73.polyhedron古韻 清华大学 非同马普所硕博 74.苏星河牛通 华东师范大学 75.塑料叉FOKU 同济大学建筑系,https://www.zhihu.com/question/272389513/answer/828234838
浴巾诶,科普/自然科学,2278,1,1,0,1,0,0,9.浴巾诶 一花好友 华南理工大学 华威大学 10.栗子生 浴巾男友 华南理工大学硕士 11.宝剑嫂 江南大学 12.雨哥到处跑 宝剑嫂男友 同济大学建筑系 米兰理工大学 13.jyhachi（井越） 华中科技大学哲学学士 圣安德鲁斯大学哲学硕士,https://www.zhihu.com/question/272389513/answer/828234838
深夜徐老师,科普/自然科学,2278,1,1,0,1,0,0,15.深夜徐老师 暨南大学 16.是你们的康康 南京航空航天大学 香港中文大学 17.糖果果的未来要发光 中国人民大学硕士 北京大学博士 18.高冷小姜 中国传媒大学 19.小猪姐姐zzreal 中国美术学院油画专业研究生,https://www.zhihu.com/question/272389513/answer/828234838
渗透之C君,科普/自然科学,2278,1,1,0,0,0,1,67.渗透之C君 加州大学洛杉矶分校 波士顿东北大学游戏科学与设计硕士 剑桥大学继续教育学院 68. 大物是也 清华大学 69. 乌鸦校尉CaptainWuya 北京航空航天大学 博士休学创业 70.参数化凯同学 浙江大学 米兰理工大学在读 71.泰哥是只小暖猫 哈尔滨工业大学,https://www.zhihu.com/question/272389513/answer/828234838
火树三国杀,财经/商业,2278,1,1,0,0,0,1,104.火树三国杀 清华大学 105.文韬Stefan 北京大学光华管理学院金融数学双学位 106.蒲熠星 南京大学商学院保险学 107.空卡空卡空空卡 华中科技大学硕士 108.达恩达恩 复旦大学哲学硕士,https://www.zhihu.com/question/272389513/answer/828234838
爱吃年糕的阿泽,科普/自然科学,2278,1,1,0,0,0,1,35.爱吃年糕的阿泽 北京大学 36.heiz朵 剑桥大学 37.小蝶今天吃饱了 北京大学 保研上海交通大学 38.Warma 中南大学医学院 39.帅你一脸毛蛋 上海外国语大学研究生,https://www.zhihu.com/question/272389513/answer/828234838
狸子LePtC,财经/商业,2278,1,1,0,0,0,1,1.狸子LePtC 清华大学博士后 2.ilem 哈尔滨工业大学本硕 3.十音Shiyin 伦敦政治经济学院国际关系与历史双学位 4.-LKs- 十音男友 香港科技大学国际关系学院 5.-欣小萌— 南开大学,https://www.zhihu.com/question/272389513/answer/828234838
王师傅和小毛毛,科普/自然科学,2278,1,1,0,0,0,1,95.王师傅和小毛毛 滑铁卢大学计算机系 96.多罗西123 耶鲁大学 97.随义のfreely 电子科技大学 98.上单老祖 北京理工大学 99.小y王者解说 同济大学,https://www.zhihu.com/question/272389513/answer/828234838
理发师肖邦,生物/医学健康,2278,1,1,0,0,0,1,76.理发师肖邦 上海交通大学医学院 77.鲸鱼一腹 吉林大学法学院本硕 78.开心嘴炮 武汉大学 79.郭甜茶 中国传媒大学 80.nagi真的很文静 上海交通大学医学院临床医学八年制,https://www.zhihu.com/question/272389513/answer/828234838
番茄姐姐的小世界,艺术/审美,2278,1,1,0,1,0,0,31.番茄姐姐的小世界 中国人民大学博士 32.LORIII阿姨 纽约大学英语教育对外汉语教育双学位硕士 33.AHALOLO AHA：同济大学珠宝设计 伦敦中央圣马丁学院珠宝设计硕士 LOLO：埃塞克斯大学 电影制作专业,https://www.zhihu.com/question/272389513/answer/828234838
皮科医生魏小博,生物/医学健康,2278,1,1,0,0,0,1,43.皮科医生魏小博 北京大学医学部 44.盐西不早 北京大学 45.绿茶饼的RO君 东京大学工学部 47.大婷AKA美少女_ 英国皇家音乐学院管风琴系 48.糯叽叽的小企鹅 中央音乐学院,https://www.zhihu.com/question/272389513/answer/828234838
盐西不早,科普/自然科学,2278,1,1,0,0,0,1,44.盐西不早 北京大学 45.绿茶饼的RO君 东京大学工学部 47.大婷AKA美少女_ 英国皇家音乐学院管风琴系 48.糯叽叽的小企鹅 中央音乐学院 49.威廉斯塔克L 茱莉亚音乐学院,https://www.zhihu.com/question/272389513/answer/828234838
真是奇怪le,财经/商业,2278,1,1,0,0,0,1,40.真是奇怪le 对外经济与贸易大学 41.张召忠 国防大学博士生导师 42.吃吧大小贰 清华大学 43.皮科医生魏小博 北京大学医学部 44.盐西不早 北京大学,https://www.zhihu.com/question/272389513/answer/828234838
空卡空卡空空卡,科普/自然科学,2278,1,1,0,1,0,0,107.空卡空卡空空卡 华中科技大学硕士 108.达恩达恩 复旦大学哲学硕士 109.CodeSheep 华中科技大学信息与通信工程专业硕士 110.摄影师泰罗 华南理工大学城乡规划本科 同济大学城乡规划学硕士 111.蔡子星老师 北京大学量子力学博士,https://www.zhihu.com/question/272389513/answer/828234838
糖果果的未来要发光,科普/自然科学,2278,1,1,0,1,0,0,17.糖果果的未来要发光 中国人民大学硕士 北京大学博士 18.高冷小姜 中国传媒大学 19.小猪姐姐zzreal 中国美术学院油画专业研究生 20.高佑思不是皮克 北京大学 21.在下小苏 清华大学 保研本校,https://www.zhihu.com/question/272389513/answer/828234838
糯叽叽的小企鹅,人文社科/国际政治,2278,1,1,0,0,0,1,48.糯叽叽的小企鹅 中央音乐学院 49.威廉斯塔克L 茱莉亚音乐学院 50.PattyChats 伦敦商学院 伦敦大学亚非学院房地产管理和国际政治 51.金灿荣频道 中国人民大学国际关系学院副院长 52.享福享福 湘潭大学本科 伦敦大学硕士 中国人民大学博士,https://www.zhihu.com/question/272389513/answer/828234838
绿茶饼的RO君,人文社科/国际政治,2278,1,1,0,0,0,1,45.绿茶饼的RO君 东京大学工学部 47.大婷AKA美少女_ 英国皇家音乐学院管风琴系 48.糯叽叽的小企鹅 中央音乐学院 49.威廉斯塔克L 茱莉亚音乐学院 50.PattyChats 伦敦商学院 伦敦大学亚非学院房地产管理和国际政治,https://www.zhihu.com/question/272389513/answer/828234838
胖雪人Ozu,历史/军事,2278,1,1,0,1,0,0,100.胖雪人Ozu 华东师范大学播音专业本硕连读 101.假美食po主 伦敦艺术大学 102.无聊的Do君 苏州大学本科 东京大学硕士 慕尼黑大学博士 103.稚晖君 电子科技大学 104.火树三国杀 清华大学,https://www.zhihu.com/question/272389513/answer/828234838
英语老师Lee,科普/自然科学,2278,1,1,0,0,0,1,31.英语老师Lee 圣玛丽大学 英语教育硕士 32.化学老师李政 北京航空航天大学硕士 33.高中数学蔡德锦老师 中山大学 34.历史老师定哥 华中师范大学 35.爱吃年糕的阿泽 北京大学,https://www.zhihu.com/question/272389513/answer/828234838
茶理理理子,法律,2278,1,1,0,0,0,1,26.茶理理理子 南加利福利亚大学 27.这个阿柳有点冷 云南大学研究生 28.罗翔说刑法 北京大学法学院刑法学 法学博士 29.高中数学霍渊博老师 北京大学 30.清华数学系坑老师 清华大学数理基科,https://www.zhihu.com/question/272389513/answer/828234838
蒲熠星,科普/自然科学,2278,1,1,0,1,0,0,106.蒲熠星 南京大学商学院保险学 107.空卡空卡空空卡 华中科技大学硕士 108.达恩达恩 复旦大学哲学硕士 109.CodeSheep 华中科技大学信息与通信工程专业硕士 110.摄影师泰罗 华南理工大学城乡规划本科 同济大学城乡规划学硕士,https://www.zhihu.com/question/272389513/answer/828234838
蔡子星老师,数学/物理,2278,1,1,0,0,0,1,111.蔡子星老师 北京大学量子力学博士 112.冷静医夏 北京中医药大学 113.向前的赵 北京理工大学,https://www.zhihu.com/question/272389513/answer/828234838
薰衣草说,科普/自然科学,2278,1,1,0,0,0,1,58.薰衣草说 剑桥大学 59.盗月社食遇记 沐上:中国传媒大学 朱狒狒:北京大学 高饱饱:南开大学,https://www.zhihu.com/question/272389513/answer/828234838
蜡笔与小勋,科普/自然科学,2278,1,1,0,0,0,1,12.蜡笔与小勋 浙江大学 13.伢伢gagako 复旦大学 14.同学请坐吧 杨慧琴 北京大学 15.深夜徐老师 暨南大学 16.是你们的康康 南京航空航天大学 香港中文大学,https://www.zhihu.com/question/272389513/answer/828234838
街森,科普/自然科学,2278,1,1,0,1,0,0,20.街森 北京大学MBA 21.老师好我叫何同学 北京邮电大学 22.冰汝看美国 北京航空航天大学英语专业 波士顿大学 23.贝乐泰是冠军 莫纳什大学 复旦大学 24.小萨666 哈尔滨工程大学 中国人民大学,https://www.zhihu.com/question/272389513/answer/828234838
贝乐泰是冠军,财经/商业,2278,1,1,0,1,0,0,23.贝乐泰是冠军 莫纳什大学 复旦大学 24.小萨666 哈尔滨工程大学 中国人民大学 25.钟逸伦要继续努力 牛津大学政治经济与哲学 清华大学 26.老番茄 复旦大学金融本硕 27.彭酱酱LINYA 剑桥大学经济系,https://www.zhihu.com/question/272389513/answer/828234838
贾斯博Jasper,生物/医学健康,2278,1,1,0,0,0,1,62.贾斯博Jasper 同济大学生物学学士 复旦大学计算神经科学硕士 63.命运の乐章 上海交通大学硕士 64.墨韵Moyun 四川大学 65.鬼谷藏龙 中科院神经科学研究所博士生 67.渗透之C君 加州大学洛杉矶分校 波士顿东北大学游戏科学与设计硕士 剑桥大学继续教育学院,https://www.zhihu.com/question/272389513/answer/828234838
达恩达恩,科普/自然科学,2278,1,1,0,1,0,0,108.达恩达恩 复旦大学哲学硕士 109.CodeSheep 华中科技大学信息与通信工程专业硕士 110.摄影师泰罗 华南理工大学城乡规划本科 同济大学城乡规划学硕士 111.蔡子星老师 北京大学量子力学博士 112.冷静医夏 北京中医药大学,https://www.zhihu.com/question/272389513/answer/828234838
郭甜茶,生物/医学健康,2278,1,1,0,0,0,1,79.郭甜茶 中国传媒大学 80.nagi真的很文静 上海交通大学医学院临床医学八年制 81.OSKARPIANIST 茱莉亚音乐学院 82.大橘很重- 暨南大学 83.柠檬遇上泥 暨南大学,https://www.zhihu.com/question/272389513/answer/828234838
钟逸伦要继续努力,财经/商业,2278,1,1,0,1,0,0,25.钟逸伦要继续努力 牛津大学政治经济与哲学 清华大学 26.老番茄 复旦大学金融本硕 27.彭酱酱LINYA 剑桥大学经济系 28.伊丽莎白鼠 中南大学湘雅医学院本硕博连读 29.伍团子 浙江大学学士 复旦大学新闻硕士,https://www.zhihu.com/question/272389513/answer/828234838
银临,科普/自然科学,2278,1,1,0,0,0,1,11.银临 南京大学 12.蜡笔与小勋 浙江大学 13.伢伢gagako 复旦大学 14.同学请坐吧 杨慧琴 北京大学 15.深夜徐老师 暨南大学,https://www.zhihu.com/question/272389513/answer/828234838
锦堂生活空间,科普/自然科学,2278,1,1,0,0,0,1,90.锦堂生活空间 清华大学 91.WhynotTV 上海交通大学 92.喃猫小厨房 中国传媒大学电视编导 巴黎蓝带厨师学院 93.佟大大还是ETT 厦门大学密码学博士 94.sky盖盖_ 纽约曼哈顿音乐学院,https://www.zhihu.com/question/272389513/answer/828234838
陈墨是今晚的康桥,科普/自然科学,2278,1,1,0,1,0,0,18.陈墨是今晚的康桥 白俄罗斯国立音乐学院 19.大王脚翔 北京大学 20.街森 北京大学MBA 21.老师好我叫何同学 北京邮电大学 22.冰汝看美国 北京航空航天大学英语专业 波士顿大学,https://www.zhihu.com/question/272389513/answer/828234838
预言家Alice,人文社科/国际政治,2278,1,1,0,0,0,1,56.预言家Alice 中国传媒大学新闻学 57.仓大王 北京师范大学硕士 58.薰衣草说 剑桥大学 59.盗月社食遇记 沐上:中国传媒大学,https://www.zhihu.com/question/272389513/answer/828234838
高中数学蔡德锦老师,历史/军事,2278,1,1,0,0,0,1,33.高中数学蔡德锦老师 中山大学 34.历史老师定哥 华中师范大学 35.爱吃年糕的阿泽 北京大学 36.heiz朵 剑桥大学 37.小蝶今天吃饱了 北京大学 保研上海交通大学,https://www.zhihu.com/question/272389513/answer/828234838
高中数学霍渊博老师,科普/自然科学,2278,1,1,0,0,0,1,29.高中数学霍渊博老师 北京大学 30.清华数学系坑老师 清华大学数理基科 31.英语老师Lee 圣玛丽大学 英语教育硕士 32.化学老师李政 北京航空航天大学硕士 33.高中数学蔡德锦老师 中山大学,https://www.zhihu.com/question/272389513/answer/828234838
高佑思不是皮克,财经/商业,2278,1,1,0,1,0,0,20.高佑思不是皮克 北京大学 21.在下小苏 清华大学 保研本校 22.可妈可吗 清华大学博士 23.司徒建国Stu 牛津大学 24.顺子Chloe 伦敦政治经济学院,https://www.zhihu.com/question/272389513/answer/828234838
高冷小姜,科普/自然科学,2278,1,1,0,1,0,0,18.高冷小姜 中国传媒大学 19.小猪姐姐zzreal 中国美术学院油画专业研究生 20.高佑思不是皮克 北京大学 21.在下小苏 清华大学 保研本校 22.可妈可吗 清华大学博士,https://www.zhihu.com/question/272389513/answer/828234838
高饱饱,生物/医学健康,2278,1,1,0,0,0,1,高饱饱:南开大学 60.小巧小马 哈佛大学硕士 剑桥大学博士在读 61.柿子菌meow 大连理工大学 62.贾斯博Jasper 同济大学生物学学士 复旦大学计算神经科学硕士 63.命运の乐章 上海交通大学硕士,https://www.zhihu.com/question/272389513/answer/828234838
鬼谷藏龙,科普/自然科学,2278,1,1,0,0,0,1,65.鬼谷藏龙 中科院神经科学研究所博士生 67.渗透之C君 加州大学洛杉矶分校 波士顿东北大学游戏科学与设计硕士 剑桥大学继续教育学院 68. 大物是也 清华大学 69. 乌鸦校尉CaptainWuya 北京航空航天大学 博士休学创业,https://www.zhihu.com/question/272389513/answer/828234838
鲸鱼一腹,生物/医学健康,2278,1,1,0,0,0,1,77.鲸鱼一腹 吉林大学法学院本硕 78.开心嘴炮 武汉大学 79.郭甜茶 中国传媒大学 80.nagi真的很文静 上海交通大学医学院临床医学八年制 81.OSKARPIANIST 茱莉亚音乐学院,https://www.zhihu.com/question/272389513/answer/828234838
接了广告恰饭果断取关,综合知识/泛科普,1925,1,0,1,0,1,0,看到up主接了广告恰饭果断取关， 然后转头到骗子求助视频 「看好硬币之力是这样用的！」[惊喜],https://www.zhihu.com/question/626962666/answer/3576670359#comment-10947360831
沐猴而冠,文学/读书,1671,1,0,1,0,0,1,海报完美诠释了什么叫沐猴而冠,https://www.zhihu.com/question/399244026/answer/3591059416#comment-10961111005
和主播,综合知识/泛科普,1505,1,0,1,0,0,1,我一直在吐槽B站的就是这点，饭喂嘴里都吃不明白。真的心疼B站这么多UP主和主播，甚至心疼想通过B站UP做广告的厂商。,https://www.zhihu.com/question/13328057987/answer/1984463699650572310#comment-11370103688
智能路障和敬汉卿,历史/军事,1339,1,0,1,1,0,0,推荐智能路障和敬汉卿[好奇],https://www.zhihu.com/question/399244026/answer/3619361391#comment-10986923738
快去死,综合知识/泛科普,1121,1,0,1,1,0,0,我是第一次听说这个事，因为之前我并没有经常接触b站。但是我听说直播过程有很多人嘲讽up主快去死？可以想象那些人的嘴脸在屏幕面前有多恶心。up主自杀之前得有多绝望啊。那些人这和站在楼下像楼上跳楼的人喊“快点跳下来啊不敢死吧”有什么区别。我一直告诉自己，如果遇到自杀的人，一定会尽全力劝下他。其实他们真的会渴望会有人去救他，安慰他。之前我被朋友嘲讽抑郁症，我内心都非常痛苦绝望。更别说自杀的人那时候脑袋已经无法自控了，就好像坠入深渊，需要别人…,https://www.zhihu.com/question/60609552/answer/1005455600#comment-836851047
自杀之前得有多绝望啊,综合知识/泛科普,1121,1,0,1,1,0,0,我是第一次听说这个事，因为之前我并没有经常接触b站。但是我听说直播过程有很多人嘲讽up主快去死？可以想象那些人的嘴脸在屏幕面前有多恶心。up主自杀之前得有多绝望啊。那些人这和站在楼下像楼上跳楼的人喊“快点跳下来啊不敢死吧”有什么区别。我一直告诉自己，如果遇到自杀的人，一定会尽全力劝下他。其实他们真的会渴望会有人去救他，安慰他。之前我被朋友嘲讽抑郁症，我内心都非常痛苦绝望。更别说自杀的人那时候脑袋已经无法自控了，就好像坠入深渊，需要别人…,https://www.zhihu.com/question/60609552/answer/1005455600#comment-836851047
里面少有的,综合知识/泛科普,1113,1,0,1,0,0,1,郭杰瑞的视频看似难度不大，想要做出彩还是挺不容易的，我觉得他的思维是up主里面少有的,https://www.zhihu.com/question/343851396/answer/842508587#comment-761621383
盗月社,综合知识/泛科普,1104,2,0,2,2,0,0,其他的看的不多不评价，但是美食这一栏的推荐没什么亮点，强推心中的第一美食up主盗月社，早期只是简单的美食评测，然后开始北京的探店，这时期视频质量提升很快，接下来就是转型的两大神作老板已疯系列和深夜加餐饭系列，这两个系列不仅是给大家推荐了众多美食，同时也展现了与之匹配的人文风情，在策划，文案上做到了美食短视频的一个新高度，看他们的视频不存在每期复读机一般的刷梗，图一乐的同时也能感受许多温暖，在B站众多美食u,https://www.zhihu.com/question/291506148/answer/864438586#comment-767422458
其他up几个月粉丝就能涨百万,综合知识/泛科普,1024,1,0,1,0,0,1,其实也是时代造就现在这样的现象，视角姬，狮子，六道以前都是专心做他们的领域的，游戏，鬼畜，影视杂谈，他们干了很多年播放量反而越来越少粉丝也不见长，你可以看看其他up几个月粉丝就能涨百万，他们做了几年粉丝才涨了一点，反而现在一做这个播放量上来了，所以到底是他们的问题还是我们的问题呢？,https://www.zhihu.com/question/391500788/answer/1189694076#comment-934272329
们闲得慌吗,计算机/编程,1016,1,0,1,1,0,0,质疑回答不准确或者其他问题都可以 不要无故质疑回答动机 都这样就没人愿意分享经验了 辛辛苦苦写的回答 有老哥上来就是一句“你是在推销自己的店” ？？？ 我是有个店 还开了3.4年 但我是卖衣服的...[好奇] 再说了 这些b站up主动不动几十几百w粉 口碑也随便能查 跑这么冷门的问题里来费劲打广告？ 然后打广告还捎上竞争对手们？ 是觉得up主们闲得慌吗,https://www.zhihu.com/question/344527263/answer/877240131#comment-779445797
动不动几十几百w粉,计算机/编程,1016,1,0,1,1,0,0,质疑回答不准确或者其他问题都可以 不要无故质疑回答动机 都这样就没人愿意分享经验了 辛辛苦苦写的回答 有老哥上来就是一句“你是在推销自己的店” ？？？ 我是有个店 还开了3.4年 但我是卖衣服的...[好奇] 再说了 这些b站up主动不动几十几百w粉 口碑也随便能查 跑这么冷门的问题里来费劲打广告？ 然后打广告还捎上竞争对手们？ 是觉得up主们闲得慌吗,https://www.zhihu.com/question/344527263/answer/877240131#comment-779445797
护肤品,综合知识/泛科普,1016,1,0,1,1,0,0,你别说，知乎也是，甚至很离谱的是化工硕士以专业身份推荐护肤品[惊喜][惊喜][惊喜],https://www.zhihu.com/question/399244026/answer/3316268877#comment-10756093253
财富自由时的玩法,财经/商业,905,1,0,1,1,0,0,这说明巫妖的打法和一般人不一样。别人是在做视频，巫妖是在表演人设——演戏。 换句话说，巫妖已经充分意识到B站大部分看戏的都不是求知识，只是想zhuangbi。 巫妖从上到下的俯视和倦倦的口气，正好提供了b站受众们久违的优越感。虽然这种优越感是巫妖向受众传递的。 但是这并不妨碍受众们向别人传播时的心情。 类似于成功学后来叫财富自由时的玩法，大部分玩财富自由，都有一种自带神秘的气质，那就是我的玩法一般人不知道不明白我不愿意你。 从这个层面…,https://www.zhihu.com/question/349862752/answer/1041078221#comment-854466824
也要像饭圈一样限制恋爱,财经/商业,824,1,0,1,0,0,1,某幻的女友那个我着实迷惑……咋up主也要像饭圈一样限制恋爱？？？,https://www.zhihu.com/question/384542217/answer/1161267026#comment-911510423
你让我想到三体里说的,人文社科/国际政治,702,1,0,1,0,0,1,你让我想到三体里说的：意义之塔的顶层是生存，或许顶层什么也没有。,https://www.zhihu.com/question/15602646369/answer/1974223325103417247#comment-11345436737
之中唯有土豆是因为露脸,综合知识/泛科普,651,1,0,1,0,0,1,众多up主之中唯有土豆是因为露脸，真的实惨[捂脸][捂脸],https://www.zhihu.com/question/343851396/answer/815349532#comment-740196470
你用点儿生活用词,综合知识/泛科普,648,1,0,1,1,0,0,我知道这是你们行业术语，但是你和行外人交流，还是推荐你用点儿生活用词。,https://www.zhihu.com/question/626962666/answer/3576670359#comment-10950169268
的书都超级棒,综合知识/泛科普,570,1,0,1,1,0,0,提名蜡笔小勋，推荐的书都超级棒。,https://www.zhihu.com/question/292372507/answer/779852972#comment-718762990
蜡笔小勋,综合知识/泛科普,570,1,0,1,1,0,0,提名蜡笔小勋，推荐的书都超级棒。,https://www.zhihu.com/question/292372507/answer/779852972#comment-718762990
能做出来的,数学/物理,552,1,0,1,0,0,1,答主拆解的太细了，我第一眼看到她就不感兴趣，原因是她的布景和片花，不是野生up主能做出来的，这种类型的人是要挣钱，而不是为爱发电，内容大概率客观不了。于是我就不停地点不感兴趣，但又不停地给我推她，我就明白她不是普通的up主了,https://www.zhihu.com/question/537496812/answer/1907966309989356230#comment-11182067130
jjhlmdlk,综合知识/泛科普,540,1,0,1,0,0,1,说吧，你不会被asswwes@jjhlmdlk#的,https://www.zhihu.com/question/327151685/answer/721870787#comment-680197258
什么那东西,综合知识/泛科普,519,1,0,1,0,0,1,会员赏还是叫什么那东西，跟开赌场区别都不大了，硬是能干亏了，真不知道咋运营的,https://www.zhihu.com/question/13328057987/answer/1984463699650572310#comment-11370048265
反派过来谈判,人文社科/国际政治,483,1,0,1,0,0,1,游戏也是。ff14的4.5版本里有一个剧情，就是主角方的几国联盟叫反派过来谈判，反派那边说的就是，你们想要和谈，可以，那么双方需要达成什么条件，而主角方这几国代表只知道满口love & peace，而我作为主角居然还是个哑巴不能发表意见，最后反派气得来了一句，叫我来和谈还不给诚意，只知道整这些虚头巴脑的，那还是继续打吧。那一刻我都想跟着反派走了，起码反派还是个脑子正常的人啊啊啊！！！！,https://www.zhihu.com/question/495149510/answer/6309385368#comment-11018711204
我来和谈还不给诚意,人文社科/国际政治,483,1,0,1,0,0,1,游戏也是。ff14的4.5版本里有一个剧情，就是主角方的几国联盟叫反派过来谈判，反派那边说的就是，你们想要和谈，可以，那么双方需要达成什么条件，而主角方这几国代表只知道满口love & peace，而我作为主角居然还是个哑巴不能发表意见，最后反派气得来了一句，叫我来和谈还不给诚意，只知道整这些虚头巴脑的，那还是继续打吧。那一刻我都想跟着反派走了，起码反派还是个脑子正常的人啊啊啊！！！！,https://www.zhihu.com/question/495149510/answer/6309385368#comment-11018711204
hhhhh,财经/商业,477,1,0,1,0,0,1,关注了相同的up主hhhhh 浪浪超可爱！,https://www.zhihu.com/question/340571800/answer/797742660#comment-721251136
CSGO,综合知识/泛科普,455,1,0,1,0,1,0,想起去年光速翻车的百大up主CSGO王喜顺了[开心],https://www.zhihu.com/question/8423988240/answer/69743965127#comment-11080459419
虽然说海绵宝宝这个作品给他增益很大但看他后续作品,综合知识/泛科普,440,1,0,1,0,1,0,洛温是这几天刚发现的鬼畜up主 虽然说海绵宝宝这个作品给他增益很大但看他后续作品发现水平真的OK 就是太佛,https://www.zhihu.com/question/391500788/answer/1189694076#comment-923672215
做的是拆解大博主的剪辑手法,综合知识/泛科普,437,1,0,1,0,0,1,抖音有个博主做的是拆解大博主的剪辑手法，拆小lin前10秒的视频，他差不多就花半小时，包括找素材，这还是他是熟手，一眼看出需要哪些素材、哪些特效,https://www.zhihu.com/question/537496812/answer/1907966309989356230#comment-11182852659
另一个叫,综合知识/泛科普,394,1,0,1,1,0,0,看来得给你推荐另一个叫 走进病理 的up主了[害羞]我觉得这些不是普通人想发就能发的，大概率和审核方面联络好了，这大概是b站打造自己学习平台人设的一步,https://www.zhihu.com/question/608500223/answer/3507326712#comment-10951673166
大多是交易常识,综合知识/泛科普,394,1,0,1,1,0,0,小lin和你讲的这些的受众定位都不一样，这些博主大多是交易常识，专业性相对来说更强一点点，小lin走的是大众财经常识路线，很多东西讲的肯定是更general,https://www.zhihu.com/question/537496812/answer/2011828839286855086#comment-11428570471
走进病理,综合知识/泛科普,394,1,0,1,1,0,0,看来得给你推荐另一个叫 走进病理 的up主了[害羞]我觉得这些不是普通人想发就能发的，大概率和审核方面联络好了，这大概是b站打造自己学习平台人设的一步,https://www.zhihu.com/question/608500223/answer/3507326712#comment-10951673166
来说那是生产资料,财经/商业,390,1,0,1,0,0,1,普通人买那是消费，对UP主来说那是生产资料,https://www.zhihu.com/question/340571800/answer/895920861#comment-805473029
说出去好听才在一起的,财经/商业,389,1,0,1,1,0,0,其实是他女朋友ex人，我第一次这么希望一对情侣分手，我觉得他女朋友压根就不爱他，就是因为某幻是个up主说出去好听才在一起的…,https://www.zhihu.com/question/384542217/answer/1161267026#comment-911780619
老高,历史/军事,355,1,0,1,1,0,0,前面还好，直到看到推荐老高、总裁那俩…,https://www.zhihu.com/question/399244026/answer/3619361391#comment-10986551590
之前看到过一个对直播自杀的评论,综合知识/泛科普,331,1,0,1,0,0,1,之前看到过一个对直播自杀的评论：“如果是真的，我希望它是假的。如果是假的，我希望它是真的。”,https://www.zhihu.com/question/60609552/answer/1005455600#comment-838272213
典型的逻辑谬误,科普/自然科学,328,1,0,1,0,0,1,典型的逻辑谬误：你行你上系列 [吃瓜],https://www.zhihu.com/question/374040704/answer/1044706638#comment-855887077
删评拉黑一事,科普/自然科学,322,1,0,1,0,0,1,PS：我收回昨天回答里的最后一句话。这种暗藏私货的科普视频就像裹着蜜糖的毒药，有害无益，具体请见文末更新。 另外关于原 UP 主删评拉黑一事，仁者见仁智者见智，我不做评价。,https://www.zhihu.com/question/662001657/answer/3569279386#comment-10940828739
卖情怀上价值观就很失分了,综合知识/泛科普,310,1,0,1,0,0,1,美食博主卖情怀上价值观就很失分了，不过b站学生多吃这一套,https://www.zhihu.com/question/339335222/answer/1957351155999961457#comment-11306062924
本人没有偏见,综合知识/泛科普,310,1,0,1,0,0,1,都是早年间油管博主玩剩下的东西，翻个墙就那么难吗？（p.s.对这位大火的up主本人没有偏见，就是想不明白这种屁孩一样的idea，没创意的舶来品为啥能在中国被他这一类up给盘活了，第一个吃螃蟹的人的道理吗？）,https://www.zhihu.com/question/343851396/answer/842508587#comment-758495142
玩剩下的东西,综合知识/泛科普,310,1,0,1,0,0,1,都是早年间油管博主玩剩下的东西，翻个墙就那么难吗？（p.s.对这位大火的up主本人没有偏见，就是想不明白这种屁孩一样的idea，没创意的舶来品为啥能在中国被他这一类up给盘活了，第一个吃螃蟹的人的道理吗？）,https://www.zhihu.com/question/343851396/answer/842508587#comment-758495142
的声线我也接受不了,综合知识/泛科普,303,1,0,1,1,0,0,老天爷给了，但没给全吧。会筛掉一些粉，但无大碍。有些up主的声线我也接受不了，但人家粉丝还挺多，黏性也挺好的，举例波士顿圆脸,https://www.zhihu.com/question/537496812/answer/1907966309989356230#comment-11182020700
年轻人的潮流社区,综合知识/泛科普,292,1,0,1,0,0,1,以前b站广告都是二次元社区……现在叫年轻人的潮流社区[发呆],https://www.zhihu.com/question/343851396/answer/842508587#comment-1007562125
能做到一周七天每天按节目表更新且内容不重复有意思,综合知识/泛科普,286,1,0,1,1,0,0,有哪个up主能做到一周七天每天按节目表更新且内容不重复有意思，就活该火起来，跟他是哪国人没关系。鸡脖13-14年那段时间的内容是非常有趣的，每天看更新也不会觉得厌烦，并且一周七天的内容并不都是以日本为内容的。如果你没有自己看过别人的视频，就不要带着偏见作出一些浅薄的评论,https://www.zhihu.com/question/343851396/answer/842508587#comment-764863893
没黑点,综合知识/泛科普,280,1,0,1,0,1,0,木鱼水心就算了，这还叫没黑点……怕不是新粉,https://www.zhihu.com/question/327151685/answer/721870787#comment-680119082
张绍忠,综合知识/泛科普,268,1,0,1,0,0,1,张绍忠：说到高材生网红…我不是更早吗？🙈,https://www.zhihu.com/question/30866080/answer/814011801#comment-737468270
收益,综合知识/泛科普,265,1,0,1,0,0,1,b站的问题是对面有个yt，yt是广告运营，b站主打的就是无广告，现在过不下去了只能砍up主收益。现在的市场很现实，如果你不能在商业上取得成功，那么你靠b站的激励也活不下去。b站和知乎气味其实挺投的，知识类社区，赚钱能力差。,https://www.zhihu.com/question/626962666/answer/3576670359#comment-10947574028
其实不用一直强调,学习/考试,258,1,0,1,0,1,0,up主其实不用一直强调“百分之九十几的人都不知道”“剩下很多钱”之类的废话[思考]，给我一种看UC浏览器里的烂新闻恰烂钱的感觉。,https://www.zhihu.com/question/356732842/answer/2832325125#comment-10522407822
有没有那个意思,综合知识/泛科普,249,1,0,1,0,0,1,我只无意中点开过一期，讲的是他在日本点外卖……他真的……全程各种开车，引起了我极大的的生理不适，从那以后我再也不看他的视频 老实说，我一个长期关注美食区的宅女，最讨厌的就是做饭吃饭的时候开车了……而现在，动不动满屏黄色问号似乎成了美食区（也是全B站）常态，无论UP主有没有那个意思，反正刷黄色问号就完事儿，真的很低俗，很恶心,https://www.zhihu.com/question/391541354/answer/1224685705#comment-943274894
硬核科普up,科普/自然科学,233,1,0,1,1,0,0,推荐硬核科普up （物理/数学）妈咪说mommytalk，烧脑，推理解说up 小饭中年事件簿，大文豪影视解说up 叶点解。,https://www.zhihu.com/question/265883810/answer/976227155#comment-822121224
都叫不醒,综合知识/泛科普,223,1,0,1,1,0,0,华农还没有黑点？黑鼠睡觉就说人家中暑了，要带到河边旅游，白鼠就说是睡觉了，叫都叫不醒，好可爱，这是赤裸裸的肤色歧视，要是在美国，后果有多严重我就不说了吧,https://www.zhihu.com/question/327151685/answer/721870787#comment-686610822
去占领路人的首页,综合知识/泛科普,216,1,0,1,1,0,0,为什么会让人尴尬呢？其实是因为很多大UP本身输出的内容质量很差，但是因为是大UP，所以B站会用大量的相关推荐去占领路人的首页。不知道你们有没有用过PC端的网页看视频，很多时候右边的相关推荐第一个，永远都是B站最近在推的视频，跟你目前看的视频毫不相关。我看个游戏视频，旁边能给我推VLOG或者美食之类的，而且屏蔽都屏蔽不掉，点了不感兴趣后下次我点开别的视频，第一个相关推荐还是那个作品,https://www.zhihu.com/question/384338338/answer/1130859578#comment-897368173
还是那个作品,综合知识/泛科普,216,1,0,1,1,0,0,为什么会让人尴尬呢？其实是因为很多大UP本身输出的内容质量很差，但是因为是大UP，所以B站会用大量的相关推荐去占领路人的首页。不知道你们有没有用过PC端的网页看视频，很多时候右边的相关推荐第一个，永远都是B站最近在推的视频，跟你目前看的视频毫不相关。我看个游戏视频，旁边能给我推VLOG或者美食之类的，而且屏蔽都屏蔽不掉，点了不感兴趣后下次我点开别的视频，第一个相关推荐还是那个作品,https://www.zhihu.com/question/384338338/answer/1130859578#comment-897368173
站士,综合知识/泛科普,209,1,0,1,1,0,0,终生的直接叫站士，意为B站国士。 往下依次是杰大，优大， 再往下，新兴B站优秀up这种优秀青年可以叫青大[思考],https://www.zhihu.com/question/1995854323465355581/answer/1996508030821491319#comment-11397151241
青大,综合知识/泛科普,209,1,0,1,1,0,0,终生的直接叫站士，意为B站国士。 往下依次是杰大，优大， 再往下，新兴B站优秀up这种优秀青年可以叫青大[思考],https://www.zhihu.com/question/1995854323465355581/answer/1996508030821491319#comment-11397151241
的抽奖啊什么的都截胡了,财经/商业,207,1,0,1,1,0,0,说起这个，之前b站有个员工，把主播、up主的抽奖啊什么的都截胡了，甚至伪装技术拙劣，东西直接往b站公司地址寄，号都不愿意多准备几个，他一个人天天都在中奖，被大伙发现了 然后就把相关视频全给删了，还是贴吧有人爆出来才有部分人知道，好多人都不知道,https://www.zhihu.com/question/13328057987/answer/1984463699650572310#comment-11370226219
着自杀的人,综合知识/泛科普,207,1,0,1,0,0,1,刚刚开始我们付出的真心是假的吗？班级群出现叫着自杀的人，我们也劝过，也找过老师，只不过闹多了这心不会凉？况且三年一开班级群就是这种东西，没有怨气怕是圣人[微笑],https://www.zhihu.com/question/60609552/answer/1005455600#comment-838201910
有点忍俊不禁了,人文社科/国际政治,197,1,0,1,0,0,1,波士顿圆脸是中立up主有点忍俊不禁了,https://www.zhihu.com/question/630491518/answer/47696245551#comment-11058151889
局座,历史/军事,195,1,0,1,1,0,0,推荐一下局座，喜欢军事的可以看看[赞同],https://www.zhihu.com/question/283049200/answer/815590488#comment-739059255
欣欣成长日记,人文社科/国际政治,184,1,0,1,0,0,1,比站有个up叫欣欣成长日记，身材不出众，连最起码的前凸后翘都没有，个子矮屁股瘪没有胸，充电问答128/月，有1万+的人进行了充电，等于赚了128万。充电档次分为998/128/88/50/6元，超过8千人充电，你算算多少钱吧，这还是个80万粉的擦边博主，上百万甚至2百万的擦边博主那更是重量级，你不要小瞧了这个社会的性压抑[捂脸] 查看图片,https://www.zhihu.com/question/540150135/answer/1962096534180036947#comment-11319051657
那更是重量级,人文社科/国际政治,184,1,0,1,0,0,1,比站有个up叫欣欣成长日记，身材不出众，连最起码的前凸后翘都没有，个子矮屁股瘪没有胸，充电问答128/月，有1万+的人进行了充电，等于赚了128万。充电档次分为998/128/88/50/6元，超过8千人充电，你算算多少钱吧，这还是个80万粉的擦边博主，上百万甚至2百万的擦边博主那更是重量级，你不要小瞧了这个社会的性压抑[捂脸] 查看图片,https://www.zhihu.com/question/540150135/answer/1962096534180036947#comment-11319051657
干货也很多,综合知识/泛科普,177,1,0,1,0,0,1,韩小四April是健身区的up主 干货也很多 粉丝主要还是女生吧,https://www.zhihu.com/question/438840235/answer/1672129735#comment-1233329311
不违和了,综合知识/泛科普,175,1,0,1,0,0,1,你都管这叫不违和了，我还能说什么？[尴尬] 查看图片,https://www.zhihu.com/question/537496812/answer/1907966309989356230#comment-11181951964
也是清白的,综合知识/泛科普,174,1,0,1,0,0,1,这个账号代表共青团本身，就如同其他UP主账号代表其本人一样，不然的话全乱套了，就算一个人恋童，他的账号也是清白的……,https://www.zhihu.com/question/327151685/answer/721870787#comment-685475793
代表共青团本身,综合知识/泛科普,174,1,0,1,0,0,1,这个账号代表共青团本身，就如同其他UP主账号代表其本人一样，不然的话全乱套了，就算一个人恋童，他的账号也是清白的……,https://www.zhihu.com/question/327151685/answer/721870787#comment-685475793
作品,科普/自然科学,174,1,0,1,0,1,0,作品:抄袭，个人经历:抄袭。你期待的是啥？,https://www.zhihu.com/question/374040704/answer/1044706638#comment-855971467
账号代表其本人一样,综合知识/泛科普,174,1,0,1,0,0,1,这个账号代表共青团本身，就如同其他UP主账号代表其本人一样，不然的话全乱套了，就算一个人恋童，他的账号也是清白的……,https://www.zhihu.com/question/327151685/answer/721870787#comment-685475793
真的看不来,综合知识/泛科普,170,1,0,1,0,0,1,有一期死神辣条…作践的恶心，b站还是白嫖番剧就成了，有些up主真的看不来,https://www.zhihu.com/question/343851396/answer/842508587#comment-766972008
的播放量是越来越低了,人文社科/国际政治,169,1,0,1,0,0,1,反正他们账号的播放量是越来越低了，更多的人看清了他的嘴脸,https://www.zhihu.com/question/366096317/answer/3543052714#comment-10922008167
典型饭圈思维,科普/自然科学,154,1,0,1,0,0,1,典型饭圈思维: 我蠢我有理,https://www.zhihu.com/question/374040704/answer/1044706638#comment-855909384
就得花300包月了,财经/商业,147,1,0,1,0,1,0,你想想如果每个up主都要充电才能看，30元一个月，十个up主就得花300包月了。啊B年费会员都能开两年半了。工资不允许咱们这么消费。女主播直播间里的流水也不会都是穷哥们，都是那几个榜一大哥。普通人只是给你捧个人场的。,https://www.zhihu.com/question/626962666/answer/3576670359#comment-10946797221
都要充电才能看,财经/商业,147,1,0,1,0,1,0,你想想如果每个up主都要充电才能看，30元一个月，十个up主就得花300包月了。啊B年费会员都能开两年半了。工资不允许咱们这么消费。女主播直播间里的流水也不会都是穷哥们，都是那几个榜一大哥。普通人只是给你捧个人场的。,https://www.zhihu.com/question/626962666/answer/3576670359#comment-10946797221
自己会在视频里透露,科普/自然科学,143,1,0,1,0,0,1,平时有留心，大部分up主自己会在视频里透露，小部分是粉丝圈常识，名校是个太显眼的标签，关注久了自然就知道了。,https://www.zhihu.com/question/272389513/answer/828234838#comment-752519041
买酒其实能吸引到一批人,综合知识/泛科普,140,1,0,1,0,0,1,b站主要是不能卖酒，反毒博主买酒其实能吸引到一批人,https://www.zhihu.com/question/375046394/answer/1889066820322968366#comment-11146281005
人设崩塌,综合知识/泛科普,140,1,0,1,0,0,1,看了半天，这哪是up主人设崩塌，这是up主看不起B站的观众，是B站的人设崩塌啊[doge],https://www.zhihu.com/question/339335222/answer/3109168664#comment-10612736799
关键在这里,人文社科/国际政治,130,1,0,1,0,0,1,关键在这里：不同于欧洲的次生文明，中国是原生文明，着稳固的自我认同意识，我们可以海纳百川地吸收外来文明成果，但是，这些外来的东西必须符合我们的精神文化内核。绿色被传入中国千年，始终无法融入中国主流社会，这就是例证。正经的华夏人怎么可能被那套鬼把戏蛊惑？,https://www.zhihu.com/question/366096317/answer/3543052714#comment-10922425330
同在石家庄,综合知识/泛科普,129,1,0,1,0,0,1,和up主同在石家庄!!加油鸭!!,https://www.zhihu.com/question/308179641/answer/571269943#comment-595351213
杀心成焚,人文社科/国际政治,121,1,0,1,0,0,1,@杀心成焚 老杀，你出息了,https://www.zhihu.com/question/577103562/answer/2840274997#comment-10412344815
李锦堂,科普/自然科学,117,1,0,1,1,0,0,学生党真心推荐李锦堂，这大哥的vlog看了特别励志，是看了就像学习的那种,https://www.zhihu.com/question/283049200/answer/815590488#comment-739939687
零氪党吗,学习/考试,110,1,0,1,0,0,1,知道什么叫零氪党吗？一分钱也不会出！,https://www.zhihu.com/question/356732842/answer/2832325125#comment-10499903495
猴博士,数学/物理,108,1,0,1,1,0,0,推荐一个猴博士[赞同],https://www.zhihu.com/question/65864525/answer/1253409860#comment-954769339
英国人哦,人文社科/国际政治,103,1,0,1,1,0,0,推荐几个学习UP主 ①Junn杰俊； ②昂克英文君(雅思类) ③Ella教美语 ④样本尼(和英文有关，美音，英音都有) ⑤英语英雄EZH ⑥FanfaniShare(在美国教英文的中国女孩，很多干货) ⑦街森(CGTN英语新闻记者，会上传很多自己主持的视频，以及自制的英文系列，例如宝可梦里面精灵的英文名字，及其由来，最近新出了Harry potter系列) ⑧早安英文（口语系列，UP主是英国人哦） ⑨阿滴英文(来自台湾的创作者，会分享…,https://www.zhihu.com/question/292372507/answer/794822278#comment-730225265
一点黑料没有的,综合知识/泛科普,101,1,0,1,0,1,0,如果是哥斯拉那事儿的话……B 站里有哪些粉丝超过 50 万的 up 主是一点黑料没有的? - 微雨花间的回答 - 知乎 https://www. zhihu.com/question/3271 51685/answer/730960299 起因是木鱼水心引述了bbc对中岛先生的采访，然后被人指正，然后木鱼水心改了视频，然后他们觉得改视频不够，然后……你看链接吧……我认同这位答主的回答……,https://www.zhihu.com/question/327151685/answer/721870787#comment-680231384
最爱小片片说大片,综合知识/泛科普,99,1,0,1,0,0,1,电影解说UP主最爱小片片说大片[爱],https://www.zhihu.com/question/312054931/answer/939728186#comment-802026196
们真可怜得饭都吃不饱了,综合知识/泛科普,94,1,0,1,1,0,0,好事，他不自爆我还以为b站降收益up主们真可怜得饭都吃不饱了[微笑],https://www.zhihu.com/question/425443834/answer/3107696722#comment-10628509768
神秘的西夏,科普/自然科学,89,1,0,1,1,0,0,推荐《神秘的西夏》！！太好看了,https://www.zhihu.com/question/19956869/answer/113068691#comment-152987710
节目效果不,艺术/审美,88,1,0,1,0,0,1,哦，你知道啥叫节目效果不？,https://www.zhihu.com/question/438840235/answer/1672260299#comment-1233449732
不论发什么都能有十万以上播放,综合知识/泛科普,83,1,0,1,0,0,1,百万级别的UP主不论发什么都能有十万以上播放，这个时候光是播放量和UP主的名号都能吸引路人点进去看，视频内容怎么样的已经无关紧要了。,https://www.zhihu.com/question/384338338/answer/1130859578#comment-899128244
的名号都能吸引路人点进去看,综合知识/泛科普,83,1,0,1,0,0,1,百万级别的UP主不论发什么都能有十万以上播放，这个时候光是播放量和UP主的名号都能吸引路人点进去看，视频内容怎么样的已经无关紧要了。,https://www.zhihu.com/question/384338338/answer/1130859578#comment-899128244
渤海小吏的,历史/军事,81,1,0,1,1,0,0,我还是第一次看见历史区有推荐渤海小吏的,https://www.zhihu.com/question/399244026/answer/3619361391#comment-10986895554
书单,历史/军事,79,1,0,1,1,0,0,看了《置身事内》，有种醍醐灌顶的感觉。无意中看到马伯庸2023年推荐书单，第一本就是《以利为利》，看到后简直就是小孩子窥到大人秘密的感觉，一头撞破了地方政府行政的秘密。强烈推荐《以利为利》。,https://www.zhihu.com/question/491790104/answer/2480445857#comment-10771055104
以利为利,历史/军事,79,1,0,1,1,0,0,看了《置身事内》，有种醍醐灌顶的感觉。无意中看到马伯庸2023年推荐书单，第一本就是《以利为利》，看到后简直就是小孩子窥到大人秘密的感觉，一头撞破了地方政府行政的秘密。强烈推荐《以利为利》。,https://www.zhihu.com/question/491790104/answer/2480445857#comment-10771055104
的是偷视频的,历史/军事,78,1,0,1,1,0,0,他甚至推荐的是偷视频的……老高本人和墙内没有什么关系,https://www.zhihu.com/question/399244026/answer/3619361391#comment-10987097351
做不长久的,综合知识/泛科普,72,1,0,1,1,0,0,可以的。其实呢，做阿婆主要做良心一点的，不要做那种标题党啊，还有那种与标题不符合的内容，这样的阿婆主是做不长久的。所以阿婆主们要好好的做视频，不要欺骗广大群众。（我的见解）,https://www.zhihu.com/question/308179641/answer/571269943#comment-682054478
要做良心一点的,综合知识/泛科普,72,1,0,1,1,0,0,可以的。其实呢，做阿婆主要做良心一点的，不要做那种标题党啊，还有那种与标题不符合的内容，这样的阿婆主是做不长久的。所以阿婆主们要好好的做视频，不要欺骗广大群众。（我的见解）,https://www.zhihu.com/question/308179641/answer/571269943#comment-682054478
补充,科普/自然科学,71,2,0,2,1,0,1,补充:逍遥散人 南开大学,https://www.zhihu.com/question/272389513/answer/828234838#comment-835303232
母婴up,综合知识/泛科普,68,1,0,1,1,0,0,实名推荐母婴up 妈咪说,https://www.zhihu.com/question/35569842/answer/782949366#comment-714044455
kk,人文社科/国际政治,67,1,0,1,1,0,0,从什么时候讨厌高佑思这群人的呢，团队里有个中国面孔的，叫kk？虽然长的不好看，估计他们故意找的不好看的，但人家演技是几个人中最自然的，我最早是关注他们就是因为这个kk，后来眼见kk戏份越来越少，甚至能感受到那个团队让他感觉不自在了，而且高佑思老是装出一副无辜的样子，天天强调自己是犹太人，就不再看他们了，而且看见就烦[飙泪笑],https://www.zhihu.com/question/366096317/answer/3543052714#comment-10922661124
商单起步于2016年,综合知识/泛科普,67,1,0,1,0,0,1,b站其实是承接了优酷土豆爱奇艺抛弃掉的资产，也就是你提到的用户自制内容，在当时这妥妥的负资产，up主商单起步于2016年，当时的b站也没有办法从这点营收，直到抖音用户泛化，出了星图，b站出了花火才开始缓解。但是紧跟着，b站内部因为利益又开始了内斗[捂脸],https://www.zhihu.com/question/626962666/answer/3576670359#comment-10947579659
法治与社会,人文社科/国际政治,67,1,0,1,0,0,1,人教版有个课本叫法治与社会，一开始就说了国家是一个阶级统治另一个阶级的工具，警察是维护法律的暴力机关,https://www.zhihu.com/question/495149510/answer/6309385368#comment-11019113948
大姐吧,生物/医学健康,65,1,0,1,0,0,1,这女的挺XX的就管他叫大姐吧，这个大姐吧。。。。。。。。[滑稽],https://www.zhihu.com/question/8423988240/answer/69325225820#comment-11078713118
投机倒把,综合知识/泛科普,65,1,0,1,0,0,1,在中国说投资赚钱就很尴尬，应该叫投机倒把。,https://www.zhihu.com/question/537496812/answer/1908489771912787772#comment-11183105015
的都真心不错,数学/物理,63,1,0,1,1,0,0,我去看了一下，推荐的都真心不错，从此b站不在只是看番，看剧的平台了，非常感谢作者 [感谢],https://www.zhihu.com/question/65864525/answer/1253409860#comment-955870251
才开始重视钱,综合知识/泛科普,62,1,0,1,1,0,0,但现在全球经济形式变差，大家都不好受，这时候各大UP主才开始重视钱，才没有了用爱发电的空间。,https://www.zhihu.com/question/626962666/answer/3576670359#comment-10947983793
扣子哥哥,财经/商业,58,2,0,2,0,0,2,提名扣子哥哥！在北京住四合院别墅的那种,https://www.zhihu.com/question/340571800/answer/797742660#comment-721936480
配合使用,学习/考试,53,1,0,1,1,0,0,心理学本科生，想说一下国外很多学校都是用津巴多的《心理学与生活》为教材的，国内的普心老师在教授课程的时候会推荐配合使用。彭聃龄老师的书考试挺好用的[赞同],https://www.zhihu.com/question/27200727/answer/961993027#comment-835552368
里面,综合知识/泛科普,53,1,0,1,1,0,0,？？？？？？有段时间B站疯狂推送她，点了不喜欢还出现在推荐里面，被多少人吐槽了。,https://www.zhihu.com/question/626962666/answer/1960686109626435154#comment-11313320845
你是说被6,人文社科/国际政治,51,1,0,1,0,0,1,你是说被6：0还要全球宣讲的东方大国印度吗？,https://www.zhihu.com/question/630491518/answer/24839360764#comment-11195546887
越哥说电影,综合知识/泛科普,49,2,0,2,2,0,0,推荐越哥说电影,https://www.zhihu.com/question/291506148/answer/864438586#comment-763150732
就是魔法师,综合知识/泛科普,46,1,0,1,1,0,0,B站年度报告我最喜欢的up主就是魔法师。gameker和魔法师让我重新找回了单机游戏的快乐,https://www.zhihu.com/question/365100571/answer/966921907#comment-816421146
哪个没跟官方合作过,人文社科/国际政治,45,1,0,1,0,1,0,出事翻车的那些明星和博主哪个没跟官方合作过？另外求是说的是美国这个现象，可没提牢a这个名字，别搞错重点,https://www.zhihu.com/question/1997487716393317560/answer/2000503841897071666#comment-11406057557
就知道什么叫浅,综合知识/泛科普,45,1,0,1,0,0,1,浅？你去看看抖音那些女财经博主就知道什么叫浅，要不就是还讲罗斯柴尔德是全球首富，要不直接露大奶子[惊喜],https://www.zhihu.com/question/537496812/answer/1908489771912787772#comment-11183639598
我的意思是,科普/自然科学,45,1,0,1,0,0,1,我的意思是：一般情况下，从很多人对数字货币和孙宇晨的了解程度来说，还没到能调侃他的程度。（请问有几个观众能准确的讲清楚孙宇晨对的骗术具体是什么又是怎么操作获利的？）所以与其去听数字货币的技术分析还不如去听半佛老师带你调侃他。我没有站孙宇晨的意思，我只是说这样符合人性。顺便说一下，孙能忽悠到这么多从某种程度上也是在利用人性。仅此而已。,https://www.zhihu.com/question/374641978/answer/1205390181#comment-932519357
扒拉扒拉也就榜上这几位,综合知识/泛科普,43,1,0,1,0,0,1,岂止千分之一，恐怕万分之一都有了。视频有100播放都可以力压全区99%，几十万播放的UP主扒拉扒拉也就榜上这几位。,https://www.zhihu.com/question/365100571/answer/966921907#comment-817262593
翁恺老师,数学/物理,40,1,0,1,1,0,0,我看过翁恺老师的C语言和java 吹爆翁恺老师，说的真好。C语言在中国大学慕课上有个平台链接，可以在平台上刷题。,https://www.zhihu.com/question/352485583/answer/1237689063#comment-1079575952
混剪晓佳,综合知识/泛科普,37,1,0,1,0,0,1,提名 混剪晓佳， 把短短的电影或者游戏CG混剪出 商业大作般的质感,https://www.zhihu.com/question/291506148/answer/864438586#comment-763090683
收藏,语言/英语,36,1,0,1,0,0,1,收藏—完成—返回,https://www.zhihu.com/question/292372507/answer/810075567#comment-737502885
赖皮猴,综合知识/泛科普,35,1,0,1,1,0,0,但是这个度真的不好说 我关注的有一个非常硬核的up主叫赖皮猴，他非常努力地迎合现在B站年轻人的美食需求，他也知道我们就是那种只看绝对不会动手做的人，但是每一期依旧做得十分硬核。,https://www.zhihu.com/question/391541354/answer/1224685705#comment-943394403
通辽耗子,历史/军事,35,1,0,1,1,0,0,竟然没推荐通辽耗子,https://www.zhihu.com/question/399244026/answer/3619361391#comment-10986552192
坐一桌去,综合知识/泛科普,34,1,0,1,0,0,1,可能是在快手这，牢A不算狠活吧，毕竟也只是讲讲恐怖小故事而已啦，和儿童博主坐一桌去。[笑哭],https://www.zhihu.com/question/13328057987/answer/1984463699650572310#comment-11370461761
大明宫,综合知识/泛科普,34,1,0,1,1,0,0,吹爆大明宫！！！3d建模太让人惊艳了，bgm又恢宏大气又催泪，让今人一窥盛唐气象之后又扼腕叹息,https://www.zhihu.com/question/315958918/answer/757741290#comment-697862464
应该都是抱着赚钱的目的的,综合知识/泛科普,33,1,0,1,1,0,0,大众看财经博主应该都是抱着赚钱的目的的，我还是觉得看交易博主比较好。,https://www.zhihu.com/question/537496812/answer/2011828839286855086#comment-11429004232
比较好,综合知识/泛科普,33,1,0,1,1,0,0,大众看财经博主应该都是抱着赚钱的目的的，我还是觉得看交易博主比较好。,https://www.zhihu.com/question/537496812/answer/2011828839286855086#comment-11429004232
的视频是一天不如一天了,综合知识/泛科普,33,1,0,1,1,0,0,对哦，推荐的视频是一天不如一天了，,https://www.zhihu.com/question/384338338/answer/1130859578#comment-897285001
长视频里,综合知识/泛科普,33,1,0,1,0,0,1,长视频里：曾经的A站算什么？ YouTube 算什么？ 门户时期优酷土豆又算什么？ 你该不会觉得B站是个独创的吧？,https://www.zhihu.com/question/626962666/answer/3576670359#comment-10947406286
出来的,科普/自然科学,32,1,0,1,0,0,1,是叫“老婆”[惊喜][惊喜] 不然观众一口一个“老公”是怎么叫出来的,https://www.zhihu.com/question/374641978/answer/1205390181#comment-931017480
新语Paul,历史/军事,32,1,0,1,1,0,0,"推荐一下“新语Paul""",https://www.zhihu.com/question/437401489/answer/2665504814#comment-10386049725
老婆,科普/自然科学,32,1,0,1,0,0,1,是叫“老婆”[惊喜][惊喜] 不然观众一口一个“老公”是怎么叫出来的,https://www.zhihu.com/question/374641978/answer/1205390181#comment-931017480
都很难做到高粉丝同时高专业,综合知识/泛科普,32,1,0,1,0,1,0,如果她讲这些，是到不了这个体量的，很现实的问题就是垂类博主都很难做到高粉丝同时高专业，大部分都是看了图一乐，聊天有谈资吹吹水,https://www.zhihu.com/question/537496812/answer/2011828839286855086#comment-11428572032
兔兔不会秃秃,生物/医学健康,31,1,0,1,1,0,0,欢乐跳跳兔重复了 另外，强烈推荐兔兔不会秃秃[滑稽],https://www.zhihu.com/question/399244026/answer/3959963263#comment-11028962585
居然也能搞饭圈,综合知识/泛科普,31,1,0,1,0,0,1,完全同意，陈叔叔为了吃饭圈的钱也是尽力了，在之前真没想到up主居然也能搞饭圈，而且还是游戏区的。。。,https://www.zhihu.com/question/438840235/answer/1672129735#comment-1233385553
使用,学习/考试,30,1,0,1,1,0,0,Xmind免费 推荐使用,https://www.zhihu.com/question/28311690/answer/741872101#comment-691224482
炙热童年吧,综合知识/泛科普,30,1,0,1,1,0,0,前几年去了北京就直奔盗月社做过好几期的墙皮哥推荐的烤肉店，好像叫炙热童年吧，难吃的一逼，给的辣椒面一小份，要添点辣椒面还要5元一份,https://www.zhihu.com/question/339335222/answer/1957351155999961457#comment-11305973417
的烤肉店,综合知识/泛科普,30,1,0,1,1,0,0,前几年去了北京就直奔盗月社做过好几期的墙皮哥推荐的烤肉店，好像叫炙热童年吧，难吃的一逼，给的辣椒面一小份，要添点辣椒面还要5元一份,https://www.zhihu.com/question/339335222/answer/1957351155999961457#comment-11305973417
身体乳洗面奶,综合知识/泛科普,30,1,0,1,1,0,0,以及舞蹈生推荐身体乳洗面奶……,https://www.zhihu.com/question/399244026/answer/3316268877#comment-10800848680
属于个人号还是机构号,综合知识/泛科普,29,1,0,1,0,0,1,机构号是不是up主这种有定论的问题不涉及观点同与不同，只有对与不对。个人号和机构号本就都是up主，就像自然人和法人都是人一样。像是“有工作室/团队支持、帮助运营的账号属于个人号还是机构号”这种问题才涉及观点同与不同，而不涉及对与不对。你给自己的观点预设了“只讨论个人号”这个前提，但你没有表达出来你自己心里明，确实是你自己的问题，不用觉得委屈。,https://www.zhihu.com/question/340571800/answer/798621004#comment-785531441
阴阳怪气吧,综合知识/泛科普,28,1,0,1,0,0,1,他们的组合名叫阴阳怪气吧,https://www.zhihu.com/question/438840235/answer/1672129735#comment-1233369057
科技袁人,综合知识/泛科普,27,1,0,1,1,0,0,科技类的推荐 科技袁人,https://www.zhihu.com/question/283049200/answer/813486705#comment-731862057
的吗,综合知识/泛科普,26,3,0,3,3,0,0,有些英语推荐的吗？,https://www.zhihu.com/question/35569842/answer/782949366#comment-713280224
在保持高质量的创作,综合知识/泛科普,26,1,0,1,1,0,0,对，大概就是我要表达的意思。在已有大量的推广和粉丝基础的情况下，视频不论有没有内容都能吸引大量点击，那么视频的内容就变得无关紧要了。当然还是有很多优秀的UP主在保持高质量的创作，比如老菊、老番茄他们，但是很多往生活区靠拢的UP主就明显有这个问题。,https://www.zhihu.com/question/384338338/answer/1130859578#comment-899129983
学习方法,综合知识/泛科普,26,1,0,1,0,0,1,学习方法:辋川集,https://www.zhihu.com/question/292372507/answer/779852972#comment-721372400
江科大自化协,计算机/编程,26,1,0,1,1,0,0,要学单片机的友友，狠狠推荐一波江科大自化协,https://www.zhihu.com/question/392126627/answer/2015671555#comment-10275630773
塞尔达有多好玩多好玩,综合知识/泛科普,24,1,0,1,1,0,0,对臭打游戏的来说，拳不拳师没多重要，但她很可能根本不喜欢玩游戏。曾经不止一次说过塞尔达对她很重要之类的话，疯狂安利塞尔达有多好玩多好玩，实际上她根本没玩过[飙泪笑],https://www.zhihu.com/question/540150135/answer/1962096534180036947#comment-11316793812
大雨,综合知识/泛科普,24,1,0,1,0,0,1,大雨：欧来了个黑粉,https://www.zhihu.com/question/41931111/answer/901497054#comment-783151107
组织度,人文社科/国际政治,24,1,0,1,0,0,1,哥们，你懂什么叫组织度吗？你这在完全举反例啊，马前卒搞临高启明书友会，大家井井有条，高呼永远健康。默契的卡在红线边缘，这叫组织度。西安演唱会管理混乱，爱豆们对粉丝最多能有个煽动能力，完全控制不了粉丝的行为，如果他能控制，他就不是爱豆，而是你口中“背后的人”了。 还有，你口中“背后的人”这套逻辑完全站不住脚，说的人和傻子一样，随便被别人操控，反例就是董宇辉和东方甄选，一旦前台的人能造成的社会影响力大到一定的程度，他就有了和你口中“背后的…,https://www.zhihu.com/question/657698863/answer/3582234613#comment-10962279037
组织度吗,人文社科/国际政治,24,1,0,1,0,0,1,哥们，你懂什么叫组织度吗？你这在完全举反例啊，马前卒搞临高启明书友会，大家井井有条，高呼永远健康。默契的卡在红线边缘，这叫组织度。西安演唱会管理混乱，爱豆们对粉丝最多能有个煽动能力，完全控制不了粉丝的行为，如果他能控制，他就不是爱豆，而是你口中“背后的人”了。 还有，你口中“背后的人”这套逻辑完全站不住脚，说的人和傻子一样，随便被别人操控，反例就是董宇辉和东方甄选，一旦前台的人能造成的社会影响力大到一定的程度，他就有了和你口中“背后的…,https://www.zhihu.com/question/657698863/answer/3582234613#comment-10962279037
张三真的把罗翔给告了,法律,23,1,0,1,0,0,1,难怪今天刷到一个问题叫张三真的把罗翔给告了……原来是这么回事……,https://www.zhihu.com/question/380530031/answer/1124447240#comment-897713099
宫崎壮玄,综合知识/泛科普,22,1,0,1,0,0,1,宫崎还是挺帅的我觉得[飙泪笑]想了半天才想起他全名叫宫崎壮玄,https://www.zhihu.com/question/343851396/answer/842508587#comment-763473089
讲的好,学习/考试,21,1,0,1,0,1,0,报班也要看专业[捂脸]就像是有些辅导班，我们专业的班课就水的一批。除此之外，英语和政治讲的还没b站上up主讲的好，机构的大多数都是照本宣科，贼拉胯,https://www.zhihu.com/question/356732842/answer/2832325125#comment-10522026211
做脑血屏障,综合知识/泛科普,20,1,0,1,1,0,0,对对对，这个人我也关注了看的历史视频，了解了好多知识，头一次知道了什么叫做脑血屏障，什么样的化合物分子能通过这个东西,https://www.zhihu.com/question/375046394/answer/1889066820322968366#comment-11146118178
傲视在俗世上,综合知识/泛科普,20,1,0,1,0,0,1,提名傲视在俗世上,https://www.zhihu.com/question/438840235/answer/1672129735#comment-1233366411
的很赞,综合知识/泛科普,20,1,0,1,1,0,0,刚想找人类星球，发现没有[飙泪笑][飙泪笑]答主推荐的很赞，占个楼～,https://www.zhihu.com/question/36403476/answer/1152688465#comment-907044454
鲲哥,科普/自然科学,20,1,0,1,1,0,0,疯狂安利鲲哥，我高三跟着他的线下班。每周日的2个半小时就是我最期待的时候！,https://www.zhihu.com/question/376032562/answer/1120368698#comment-910483284
个UP,历史/军事,19,1,0,1,1,0,0,我推荐个UP:胡风南渡,https://www.zhihu.com/question/570181345/answer/2919255372#comment-10491594800
可能是很多理由,艺术/审美,19,1,0,1,1,0,0,做自媒体的哪个不是要带货做广子赚钱，有哪个是为爱发电的，让我去观摩观摩，小lin比起什么小A，丸子妹妹，专业客观多了，人家每一条广子都会标注＃+金主品牌，不想看这个视频直接看标题跳过就可以，但是很多b站up包括抖音都是讲着讲着突然插入广告，这个小lin基本上不做这种广子，我是没刷到过，我最烦这种中间插入广告的（影视类博主尤其喜欢中间插入），不喜欢一个博主可能是很多理由，不在自己审美都行，，，还想为爱发电，那人家为啥要抛头露面出来,https://www.zhihu.com/question/537496812/answer/1907966309989356230#comment-11182304582
尤其喜欢中间插入,艺术/审美,19,1,0,1,1,0,0,做自媒体的哪个不是要带货做广子赚钱，有哪个是为爱发电的，让我去观摩观摩，小lin比起什么小A，丸子妹妹，专业客观多了，人家每一条广子都会标注＃+金主品牌，不想看这个视频直接看标题跳过就可以，但是很多b站up包括抖音都是讲着讲着突然插入广告，这个小lin基本上不做这种广子，我是没刷到过，我最烦这种中间插入广告的（影视类博主尤其喜欢中间插入），不喜欢一个博主可能是很多理由，不在自己审美都行，，，还想为爱发电，那人家为啥要抛头露面出来,https://www.zhihu.com/question/537496812/answer/1907966309989356230#comment-11182304582
什么了,计算机/编程,18,2,0,2,2,0,0,推一个，莫凡Python，他的git上教程做的比较好，尤其机器学习那一块，讲的比较通透，还有一个。忘了叫什么了。。。。,https://www.zhihu.com/question/312054931/answer/939728186#comment-801988631
不存在或者换号了,综合知识/泛科普,18,1,0,1,0,0,1,我去搜了，账号不存在或者换号了,https://www.zhihu.com/question/60609552/answer/1005455600#comment-838046600
WaPo,人文社科/国际政治,17,1,0,1,0,0,1,WaPo：明明念我念得最多[生气],https://www.zhihu.com/question/630491518/answer/47696245551#comment-11059133795
巨石强森,财经/商业,17,1,0,1,0,0,1,巨石强森：你们说啥呢?,https://www.zhihu.com/question/340571800/answer/797742660#comment-783468843
汪品先院士,生物/医学健康,17,1,0,1,1,0,0,科普强推汪品先院士，讲地质学,https://www.zhihu.com/question/291506148/answer/2810334107#comment-10392998050
秦迷,历史/军事,17,1,0,1,0,0,1,不是小说，是李开元写的关于秦始皇的身世等解密和分析，现在新出版的叫秦迷！,https://www.zhihu.com/question/19817884/answer/45008428#comment-520426636
lks,财经/商业,16,2,0,2,1,0,1,有了十音 也可以看看lks 感觉他们俩还挺门当户对emm...,https://www.zhihu.com/question/340571800/answer/895920861#comment-789080590
4家店,综合知识/泛科普,16,1,0,1,0,1,0,本地推荐4家店，我知道一家难吃到爆炸，剩下3家都去试了试，回来就取关了，一家可以说是口味问题，4家都难吃就有点嘴残了。,https://www.zhihu.com/question/339335222/answer/1957351155999961457#comment-11306098652
chubbyemu,综合知识/泛科普,16,1,0,1,1,0,0,我安利一个chubbyemu，主要讲各种急诊病例的。另外，杨晓洋不是中科院植物所的吗？应该算是正统科班吧？,https://www.zhihu.com/question/601340939/answer/3032117728#comment-10943252025
书目,历史/军事,16,1,0,1,1,0,0,前两本书是我上高中那会儿老师的推荐书目，尤其是《新陈代谢》，读完了之后历史提了十几分哈哈哈哈,https://www.zhihu.com/question/20937728/answer/423275983#comment-950883355
好点的韩语学习,科普/自然科学,16,1,0,1,1,0,0,点赞加收藏 我也特喜欢周六野 我曾经跟着她练100天桥臀 我坚持到了八天[捂脸]然后就没有然后了[捂脸]想问小美眉 有没有安利好点的韩语学习？,https://www.zhihu.com/question/265883810/answer/976227155#comment-822026803
对手吧,综合知识/泛科普,16,1,0,1,0,0,1,关a什么事啊，你不会还觉得a和b能被叫对手吧？,https://www.zhihu.com/question/13328057987/answer/1984463699650572310#comment-11370869295
我们来的,人文社科/国际政治,16,1,0,1,1,0,0,老师推荐我们来的，果然不错[爱],https://www.zhihu.com/question/59989404/answer/1215626047#comment-936044662
纯黑的up,综合知识/泛科普,16,1,0,1,0,0,1,不看我都忘了，我还关注了一个叫纯黑的up,https://www.zhihu.com/question/343851396/answer/815349532#comment-741847992
都好厉害,语言/英语,16,1,0,1,1,0,0,作为不敢开口的英专生 不敢去软件买课程 总觉得没用 推了这几个 又不花钱 资源又多 真是太好了 up主都好厉害[开心],https://www.zhihu.com/question/292372507/answer/810075567#comment-741626440
偶像化神圣化,综合知识/泛科普,15,1,0,1,0,0,1,确实，低龄化后，年轻群体把up主偶像化神圣化，继而容不得批判,https://www.zhihu.com/question/384338338/answer/1130859578#comment-902668153
其他高质量财经,财经/商业,15,1,0,1,1,0,0,求推荐其他高质量财经 金融类的up主,https://www.zhihu.com/question/349862752/answer/1041078221#comment-854838969
后的不断强化吗,人文社科/国际政治,15,1,0,1,1,0,0,可是我个人而言，真的觉得现在内容更多更好，很多新人up作品真的很优秀。。去动漫化、抖音化、极端化不是因为算法给你推荐后的不断强化吗,https://www.zhihu.com/question/577103562/answer/2840274997#comment-10414925870
小庄,综合知识/泛科普,15,1,0,1,1,0,0,还有强推晴晴！！B站叫 小庄 [捂脸]妥妥的技术流，超厉害！！！！！,https://www.zhihu.com/question/41931111/answer/901497054#comment-783755314
我看的是这个哈,文学/读书,15,1,0,1,0,0,1,我看的是这个哈： https:// b23.tv/av42414430/p5,https://www.zhihu.com/question/292372507/answer/797795820#comment-725903510
晴晴,综合知识/泛科普,15,1,0,1,1,0,0,还有强推晴晴！！B站叫 小庄 [捂脸]妥妥的技术流，超厉害！！！！！,https://www.zhihu.com/question/41931111/answer/901497054#comment-783755314
都是靠过硬的视频质量才涨粉的,综合知识/泛科普,15,1,0,1,0,0,1,王老菊诶，b站老up主了，现在来看粉丝数量不是顶级的，但是地位很高的，当年老E老菊厂长C菌老番茄散人那些老游戏up主都是靠过硬的视频质量才涨粉的，他们对视频的态度不是现在随便看几个搞笑视频点几份配料加满的外卖就更一期视频的up可以比的,https://www.zhihu.com/question/384338338/answer/1130859578#comment-900784781
最多的,综合知识/泛科普,14,1,0,1,0,0,1,” 那期节目里提到了北京的知识区头部UP主是最多的，我觉得上述这条评论有一定道理。,https://www.zhihu.com/question/601340939/answer/3032117728#comment-10567013762
没什么黑料,综合知识/泛科普,14,1,0,1,0,1,0,柚子木当时都被黑成炭了还叫没什么黑料。。。那个时代过来的大家多少都瞧不上柚子木。基本属于哔哩哔哩营销化的先驱者。,https://www.zhihu.com/question/327151685/answer/722303269#comment-688186155
的分享是受到受众制约的所以部分内容会手动马赛克,综合知识/泛科普,14,1,0,1,0,0,1,很多博主的分享是受到受众制约的所以部分内容会手动马赛克，请理解。,https://www.zhihu.com/question/537496812/answer/2011828839286855086#comment-11428366294
的讲解,人文社科/国际政治,14,1,0,1,1,0,0,人文社科国内太弱了，还是照着外国大儒念经的阶段，甚至念不明白，我本身也是学国关的，但越学越觉得政治学背后反映的哲学逻辑本身其实更有价值，只有搞明白这些才能真正搞懂国际社会秩序、格局是怎么运行的，而且每个地理区域要研究明白是很难的，那些聊到哪里都懂一些的人其实未必真的懂，不过是拿一些公式来解释全世界罢了，所以我现在在B站上会更多关注一下专注某一些区域的up主的讲解，感觉更靠谱一些,https://www.zhihu.com/question/425443834/answer/3254913003#comment-10814418055
的话,人文社科/国际政治,14,1,0,1,1,0,0,其实只要你少看热门，只去关注些up主的话，我真的觉得内容比原来几年优秀，很多细分领域都有很多内容，但没有原来二次元是真的，二次元现在只是它不是那么重要的一部分。,https://www.zhihu.com/question/577103562/answer/2840274997#comment-10414554598
科学认识论,科普/自然科学,14,1,0,1,1,0,0,@科学认识论 看看呗[好奇],https://www.zhihu.com/question/662001657/answer/3569279386#comment-10939835887
自己民国吧,历史/军事,14,1,0,1,0,0,1,也没直面前面任何一个问题啊，见识高不高没用的，有学历没见识的我也认识不少，尤其文学、历史、经济、政管等等院系，但重要的是第一是立场要对，即使资产阶级国家也会叫自己民国吧，第二具体问题要具体回答，上面可没一句攻击你个人的，怪的是环境，可能还包括你大学之前的环境,https://www.zhihu.com/question/20937728/answer/423275983#comment-817681083
贪月,数学/物理,14,1,0,1,0,0,1,还有一个ul叫贪月，物理实验一定要看他,https://www.zhihu.com/question/352485583/answer/1237689063#comment-964335217
取景框看世界全领域做大学前专业扫盲的,综合知识/泛科普,13,1,0,1,1,0,0,（以上特指老b站，老帖吧） 在优酷博主，贴吧内容生态崩溃之后，b站和知乎是唯二还存在互联网遗风的社区，另一个就是独立个人博客，在知识的深度上可能比不过现实去当学徒，但是引路是够用了 像b站up主：取景框看世界全领域做大学前专业扫盲的，这一类个人博主在抖音是不可能存在的（特指22年前的抖音） 以抖音快手为代表的短视频，还是把能学到东西的互联网逐步推向娱乐化打发时间的互联网了 为什么简中互联网内容体系逐渐干枯，和文字为王导向了短视频为王也…,https://www.zhihu.com/question/626962666/answer/3576670359#comment-10947933986
在抖音是不可能存在的,综合知识/泛科普,13,1,0,1,1,0,0,（以上特指老b站，老帖吧） 在优酷博主，贴吧内容生态崩溃之后，b站和知乎是唯二还存在互联网遗风的社区，另一个就是独立个人博客，在知识的深度上可能比不过现实去当学徒，但是引路是够用了 像b站up主：取景框看世界全领域做大学前专业扫盲的，这一类个人博主在抖音是不可能存在的（特指22年前的抖音） 以抖音快手为代表的短视频，还是把能学到东西的互联网逐步推向娱乐化打发时间的互联网了 为什么简中互联网内容体系逐渐干枯，和文字为王导向了短视频为王也…,https://www.zhihu.com/question/626962666/answer/3576670359#comment-10947933986
视频练听力乐在其中的,语言/英语,13,1,0,1,0,0,1,在B站看外国美妆博主视频练听力乐在其中的 告诉我不止我一个😂,https://www.zhihu.com/question/20396961/answer/683102014#comment-650070611
两个,科普/自然科学,12,1,0,1,1,0,0,UP 总结的挺好的 另外科普的 我推荐两个 妈咪说和我是linvo,https://www.zhihu.com/question/292372507/answer/802318758#comment-724922336
之一小约翰可汗就是很好的例子,综合知识/泛科普,12,1,0,1,0,1,0,你属实是高看了观众和听众的水平了。实际上这个东西就是一个奶头乐，根本就是为了学知识。B站最著名的up主之一小约翰可汗就是很好的例子，我不是为了让你给我介绍各国风土人情政治经济，我是来听故事的。其实小lin的视频也是一样，大部分人就是来听故事的。,https://www.zhihu.com/question/537496812/answer/1908489771912787772#comment-11183413663
十音小姐姐,财经/商业,12,1,0,1,1,0,0,强烈安利十音小姐姐！,https://www.zhihu.com/question/340571800/answer/895920861#comment-787723104
嚣给里面的大大们生猴子,科普/自然科学,12,1,0,1,0,0,1,《我在故宫修文物》，看完想叫嚣给里面的大大们生猴子~可惜偶是男的~不过捞一个大大回家也是阔以的ヽ(ー_ー )ノ,https://www.zhihu.com/question/19956869/answer/113068691#comment-153011735
文案,综合知识/泛科普,12,1,0,1,1,0,0,最后一个，人生一串！简直了！ 就喜欢深更半夜看！刺激！ 吹爆文案！ 一个纪录片开头音乐像警匪片，知道是为什么吗？,https://www.zhihu.com/question/283049200/answer/813486705#comment-731602093
的视频封面右下角有三点,综合知识/泛科普,12,1,0,1,1,0,0,有屏蔽up的，和“屏蔽这类视频”一个地方，首页推荐的视频封面右下角有三点，在那,https://www.zhihu.com/question/384338338/answer/1130859578#comment-898870126
真的讲的很细致了,综合知识/泛科普,12,1,0,1,0,0,1,第一个阿婆主真的讲的很细致了！,https://www.zhihu.com/question/292372507/answer/779852972#comment-720497372
食味阿远,综合知识/泛科普,12,1,0,1,1,0,0,美食up推荐一波食味阿远，每天都看,https://www.zhihu.com/question/291506148/answer/864438586#comment-763126444
中国boy表示不服,综合知识/泛科普,11,1,0,1,0,0,1,辍学up主中国boy表示不服🐶🐶🐶,https://www.zhihu.com/question/30866080/answer/814011801#comment-738828533
勤勤恳恳两天更新一次,法律,11,1,0,1,1,0,0,是啊，看到罗老师当了b站up主勤勤恳恳两天更新一次，就怕以后他发现，原来这一切都不值得,https://www.zhihu.com/question/377591050/answer/1073350448#comment-872726570
发布的正版资源,哲学,11,1,0,1,1,0,0,他的课不错，但是在B站上并不是官方账号发布的正版资源，本帖就不收录了。,https://www.zhihu.com/question/481338308/answer/2087672044#comment-4694046204
就应该感恩戴德,综合知识/泛科普,11,1,0,1,0,1,0,B友主打一个B钱没有，B事一堆。投个免费的币，就觉得UP主就应该感恩戴德。中间插个广告，好像犯了天条一样，满屏幕取关、跳过、你币无了。广告商看到了，下次还敢不敢在投了。都走了多少up主，没点B数嘛,https://www.zhihu.com/question/626962666/answer/3576670359#comment-10946446076
德语,综合知识/泛科普,11,1,0,1,1,0,0,感觉我需要麻烦答主推荐一个德语的up主,https://www.zhihu.com/question/59989404/answer/1155204053#comment-912604177
知识分子,综合知识/泛科普,11,1,0,1,0,0,1,你管这种人叫知识分子？被骗了兄弟,https://www.zhihu.com/question/425443834/answer/3107696722#comment-10627281698
过他,综合知识/泛科普,11,1,0,1,1,0,0,我以前也很喜欢他，之前还在一个回答里安利过他，现在视频质量真的要比以前差很多。这次的事情其实认错很直接，反应还可以，奈何有部分粉丝尬洗。。。,https://www.zhihu.com/question/391541354/answer/1224685705#comment-942993300
hopico,综合知识/泛科普,10,1,0,1,1,0,0,音乐区也推荐hopico周杨,https://www.zhihu.com/question/312054931/answer/2994729526#comment-10540000106
什么名字我也忘了,综合知识/泛科普,10,1,0,1,1,0,0,表白刘老师[爱][爱] 也强推＂沫子瞪片＂和＂章脑丸＂(丸子换新号了，具体叫什么名字我也忘了[捂脸][捂脸]）,https://www.zhihu.com/question/312054931/answer/939728186#comment-806252216
如果不是兴趣而是营业的,综合知识/泛科普,10,1,0,1,0,0,1,其实说直白点，很多up主如果不是兴趣而是营业的，那么背后其实都有团队的。,https://www.zhihu.com/question/340571800/answer/798621004#comment-786761601
已停用,人文社科/国际政治,10,1,0,1,0,0,1,《账号已停用》,https://www.zhihu.com/question/630491518/answer/24839360764#comment-11056332751
情感类,综合知识/泛科普,10,1,0,1,0,0,1,情感类：观海聽风声[酷],https://www.zhihu.com/question/312054931/answer/2994729526#comment-10540244653
鬼谷说,综合知识/泛科普,10,1,0,1,1,0,0,做科普的再安利一个鬼谷说,https://www.zhihu.com/question/57848134/answer/831171915#comment-754047380
也很真实亲切,综合知识/泛科普,9,1,0,1,0,0,1,美食区还有个up主也很真实亲切，叫“苗大冬”,https://www.zhihu.com/question/286163357/answer/1078680364#comment-878728846
就先留校察看吧,历史/军事,9,1,0,1,1,0,0,总裁。。。。emm这个推荐就先留校察看吧,https://www.zhihu.com/question/399244026/answer/3619361391#comment-10987013144
截取做的二次创作,法律,9,1,0,1,0,0,1,简直是胡说八道，首先罗翔火起来的时候是去年，其次最早并不是他自己发视频，是厚大法考发的他的在线视频，然后是up主截取做的二次创作，再然后才是b站邀请他正式入驻的，时间线完全乱写的,https://www.zhihu.com/question/380530031/answer/1124447240#comment-903760925
春秋笔法,人文社科/国际政治,9,1,0,1,0,0,1,这叫春秋笔法，微言大义,https://www.zhihu.com/question/546163254/answer/3479343454#comment-10864058890
最重要的天赋就是讲故事的能力而不是你有多么强的知,综合知识/泛科普,9,1,0,1,0,0,1,你口中的天赋跟答主说的天赋不是一回事。你认为的天赋我理解的是能在金融领域有所建树的天赋。这种天赋和成为网红的天赋并不相关。要成为知识区up主最重要的天赋就是讲故事的能力而不是你有多么强的知识储备,https://www.zhihu.com/question/537496812/answer/1907966309989356230#comment-11182379848
没拿个国家国际舞蹈大赛冠军都还没资格在各个自媒体,综合知识/泛科普,9,1,0,1,0,0,1,我真服了这种论调，照你这意思那些跳舞的博主没拿个国家国际舞蹈大赛冠军都还没资格在各个自媒体网站发跳舞视频了？[吃瓜],https://www.zhihu.com/question/601340939/answer/3032117728#comment-10990810583
的定位,综合知识/泛科普,9,1,0,1,0,1,0,谢谢你的回复，也谢谢你喜欢过某幻，他从来没有水过视频，虽然是吃鸡视频，他也在很用心的做，可能只是不对你的胃口，但是请不要否定他对视频的用心，剪辑加中英文字幕，找好玩的素材，也都是很费心血的，他从来没有辜负过up主的定位，这是我想替他说的，最后还是谢谢你喜欢过他，祝三次元顺利,https://www.zhihu.com/question/264525046/answer/441814510#comment-488420523
苗大冬,综合知识/泛科普,9,1,0,1,0,0,1,美食区还有个up主也很真实亲切，叫“苗大冬”,https://www.zhihu.com/question/286163357/answer/1078680364#comment-878728846
什么,人文社科/国际政治,8,2,0,2,0,0,2,因为东北亚有一个接壤的，单民族的，中等大小的敌对国家不被允许。无论它叫什么,https://www.zhihu.com/question/630491518/answer/47696245551#comment-11059020987
3蓝1棕,学习/考试,8,1,0,1,1,0,0,强推3蓝1棕,https://www.zhihu.com/question/65864525/answer/1412498844#comment-1042783754
了吧,综合知识/泛科普,8,1,0,1,1,0,0,发条张刚刚才经历过大明王朝1566的风波。没黑点什么的太强求各位up主了吧。喜欢上传视频就喜欢，要求各位up没黑点就有点吹毛求疵了吧,https://www.zhihu.com/question/327151685/answer/721870787#comment-680200254
可以找吗,综合知识/泛科普,8,1,0,1,1,0,0,预算再低点的电脑整机还有哪些UP主可以找吗，或者你有什么推荐的吗,https://www.zhihu.com/question/344527263/answer/877240131#comment-773643723
吹苏联是吧,人文社科/国际政治,8,1,0,1,0,0,1,我靠我一多半的苏联笑话是从他哪看的，这这这叫吹苏联是吧[捂脸],https://www.zhihu.com/question/399244026/answer/3710143272#comment-11098200799
就能天天上,综合知识/泛科普,8,1,0,1,1,0,0,只要你愿意在B站花钱，推荐就能天天上，被人拉黑了也能上[流泪],https://www.zhihu.com/question/626962666/answer/1960686109626435154#comment-11313349442
求求扣扣困困,综合知识/泛科普,8,1,0,1,1,0,0,B站有个up主叫求求扣扣困困。可以去关注，他是影评剧评和漫评三者合一的。他的文案真的写的超级牛逼！！！！！不关注就太亏了！！！！,https://www.zhihu.com/question/312054931/answer/939728186#comment-806602564
老乡....印象中好像没有在本地听到过相关新闻.,人文社科/国际政治,8,1,0,1,1,0,0,卧槽发现这个up主是老乡....印象中好像没有在本地听到过相关新闻...就这么悄无声息地走了啊,https://www.zhihu.com/question/60609552/answer/1005455600#comment-837884954
蔡老板家的长工挺良心的,综合知识/泛科普,8,1,0,1,1,0,0,电视剧up主蔡老板家的长工挺良心的！,https://www.zhihu.com/question/312054931/answer/939728186#comment-806570720
历史那些事,综合知识/泛科普,7,2,0,2,2,0,0,记录片推荐《历史那些事》！,https://www.zhihu.com/question/35569842/answer/782949366#comment-714389779
不错,语言/英语,7,1,0,1,0,1,0,其实有很多up主不错，木鱼水心一个影视up但是他的作品透露出一种温柔和人性的关怀，是一个非常棒的up，在一个比较冷门的回到2049也是一个有意思的up主。,https://www.zhihu.com/question/292372507/answer/874294702#comment-768710085
啃书,哲学,7,1,0,1,1,0,0,乌合之众，资本论，国富论都属于通俗类，看不懂正常，因为没有触动你的心灵所以没帮助，想要提升思维能力而不是仅仅提高阅读能力建议你看超出你的理解能力的书，什么书看不懂就看什么书，正确的说法不叫看书，一天多少万字的书看书效果可想而知，真正的看书叫啃书，一天只能看几页，因为看不懂，看不进去，为什么看不懂，因为超出你的思维能力和思维范围，啃书才能锻炼你的思维，专门看你熟知的内容有用么，你懂的。,https://www.zhihu.com/question/52815813/answer/940601393#comment-885976139
学习到了新成语,人文社科/国际政治,7,1,0,1,0,0,1,学习到了新成语：瓦缶雷鸣,https://www.zhihu.com/question/630491518/answer/47696245551#comment-11057771403
怎么可以没有oeasy,综合知识/泛科普,7,1,0,1,0,0,1,姐，软件教程up主怎么可以没有oeasy[机智],https://www.zhihu.com/question/59989404/answer/1155204053#comment-909115167
比利海灵顿,科普/自然科学,7,1,0,1,1,0,0,？？？？我推荐比利海灵顿。喜欢wwe的可以看下他,https://www.zhihu.com/question/283049200/answer/815590488#comment-739653451
看书,哲学,7,1,0,1,1,0,0,乌合之众，资本论，国富论都属于通俗类，看不懂正常，因为没有触动你的心灵所以没帮助，想要提升思维能力而不是仅仅提高阅读能力建议你看超出你的理解能力的书，什么书看不懂就看什么书，正确的说法不叫看书，一天多少万字的书看书效果可想而知，真正的看书叫啃书，一天只能看几页，因为看不懂，看不进去，为什么看不懂，因为超出你的思维能力和思维范围，啃书才能锻炼你的思维，专门看你熟知的内容有用么，你懂的。,https://www.zhihu.com/question/52815813/answer/940601393#comment-885976139
答主,人文社科/国际政治,7,1,0,1,0,0,1,答主：他怎么侮辱你了？ 印度：他把事实展现了出来！,https://www.zhihu.com/question/577103562/answer/2840274997#comment-10414800357
西瓜书我就绷不住了,计算机/编程,7,1,0,1,0,1,0,看到给初学者推荐西瓜书我就绷不住了……这书真适合初学者？这几年这本书的风评都烂成啥样了。机器学习这块入门还是直接《统计学习方法》比较好，讲得有条理多了。,https://www.zhihu.com/question/492545174/answer/3309259113#comment-10904936054
HighlightSpace,综合知识/泛科普,6,1,0,1,1,0,0,10 万粉播放量只有十分之一有点不可思议，大概率买的粉YouTube 推荐做的很好，就算不是你的 follower，他也能在视频流里看见时间，所以基本上每期的播放量和自身粉丝数差不了多少，我随便找了一个视频博主，做篮球的，14w 的follow，每期视频 5-8w 的正常数据，爆款能到 40w，他的总收益已经有20w 刀，这活的还不行么？打工多少年可以赚 20w 刀。@HighlightSpace，再说一个国内的博主，四郎讲棋，4w…,https://www.zhihu.com/question/375046394/answer/1889066820322968366#comment-11146169934
onlee_studio,综合知识/泛科普,6,1,0,1,1,0,0,推荐onlee_studio，我们Lee姐真的啥都会，爱了爱了[爱],https://www.zhihu.com/question/41931111/answer/901497054#comment-783918945
个人再推荐个历史区,综合知识/泛科普,6,1,0,1,1,0,0,个人再推荐个历史区up主：卡纸大寨主,https://www.zhihu.com/question/291506148/answer/3015453485#comment-10626617204
个历史区,综合知识/泛科普,6,1,0,1,1,0,0,个人再推荐个历史区up主：卡纸大寨主,https://www.zhihu.com/question/291506148/answer/3015453485#comment-10626617204
做的很好,综合知识/泛科普,6,1,0,1,1,0,0,10 万粉播放量只有十分之一有点不可思议，大概率买的粉YouTube 推荐做的很好，就算不是你的 follower，他也能在视频流里看见时间，所以基本上每期的播放量和自身粉丝数差不了多少，我随便找了一个视频博主，做篮球的，14w 的follow，每期视频 5-8w 的正常数据，爆款能到 40w，他的总收益已经有20w 刀，这活的还不行么？打工多少年可以赚 20w 刀。@HighlightSpace，再说一个国内的博主，四郎讲棋，4w…,https://www.zhihu.com/question/375046394/answer/1889066820322968366#comment-11146169934
卡纸大寨主,综合知识/泛科普,6,1,0,1,1,0,0,个人再推荐个历史区up主：卡纸大寨主,https://www.zhihu.com/question/291506148/answer/3015453485#comment-10626617204
和收费课,哲学,6,1,0,1,0,0,1,武大赵林老师在B站也有官方账号和收费课 赵林教授的个人空间_哔哩哔哩_Bilibili,https://www.zhihu.com/question/481338308/answer/2087672044#comment-4762733076
好事,法律,6,1,0,1,1,0,0,罗强在案例储备真的多。。但是怕的是别人把他的视频断章取义（不过罗老师上b站的一大原因，就是b站上有人截取他的视频发表观点，所以某种意义上来说，他有了官方账号是好事）,https://www.zhihu.com/question/377591050/answer/1073350448#comment-872625792
官方思维导图,学习/考试,6,1,0,1,1,0,0,喜欢～尤其评论有时候会有野生文字笔记，视频末尾有up主官方思维导图～专业～内容恐怕也是逐字稿，精心准备的结果。,https://www.zhihu.com/question/292372507/answer/794822278#comment-725242440
推荐吗,科普/自然科学,6,1,0,1,1,0,0,有一些通信工程或者电子信息工程的up主推荐吗[大哭],https://www.zhihu.com/question/392126627/answer/2015671555#comment-10283019824
毛立平,生物/医学健康,6,1,0,1,1,0,0,历史推荐毛立平，老师娓娓道来，清史讲的非常有意思。,https://www.zhihu.com/question/291506148/answer/2810334107#comment-10424219822
的什么总裁,历史/军事,6,1,0,1,1,0,0,路障我是几万粉开始看的，讲游戏非常有意思，讲书的话，就算了，更别提最近讲黑神话剧情了，纯纯自我臆想，有收钱洗白嫌疑。 至于你推荐的什么总裁，搬运老高，听个乐还行，当真可就贻笑大方了，最经典的阿鲁纳奇不会真有人信吧？ 其他我就不多说了，其实任何一个up，你自己只要有辩证能力，谁都可以关注，如果你没有，那你看谁都是非黑即白的。,https://www.zhihu.com/question/399244026/answer/3619361391#comment-10986983861
考古了,文学/读书,6,1,0,1,0,1,0,关注过一段时间，中间取关、关注又取关。整活视频有些是真的尬，也关注过峰哥一段时间，感觉李沛然的风格和他挺相似的。对他B站加的标签什么无语（刚发现的），考古是要搞田野实践的，不是说作几首怀古诗就叫考古了。感情考古学者是自己给自己封的？我从未见过有如此厚颜无耻之人！,https://www.zhihu.com/question/425443834/answer/3107696722#comment-10721327647
舆论压力也小得多,科普/自然科学,6,1,0,1,1,0,0,半佛的视频看两个就觉得腻了，没了段子和吊图，就没剩下多少东西了，不过这刚好契合了b站观众的接受程度，最重要的是他讲的也没啥问题。像老蒋那样从头到尾能把一小时讲满的人，几十万粉就差不多了，不过这样的up主舆论压力也小得多，不会承受非议。,https://www.zhihu.com/question/374641978/answer/1205390181#comment-933344133
还是要走出自己风格吧,综合知识/泛科普,6,1,0,1,0,0,1,up主还是要走出自己风格吧[捂脸],https://www.zhihu.com/question/438840235/answer/1672129735#comment-1233351392
那白岚,科普/自然科学,6,1,0,1,1,0,0,推荐一个纪录片up主那白岚,https://www.zhihu.com/question/19956869/answer/113068691#comment-153011588
也不错,综合知识/泛科普,5,1,0,1,1,0,0,还有个信息素的up主也不错[doge],https://www.zhihu.com/question/291506148/answer/3015453485#comment-10618077545
什么事儿,人文社科/国际政治,5,1,0,1,1,0,0,而且实际上，都说了是学术刊物了，一般人能看懂吗？有功夫和闲心吗？看了能有其他作用吗（不要杠，创作可以随时随地，但这些只有专业人员才能有用，费了半天劲捯饬别人专业叫什么事儿）？每个人都有选择的权利，为什么要因为别人看的不是专业就嗤之以鼻（本来就不是专业的啊，有毒）？而且我觉得其实不屑的80%都没看过读者。当然，我也没看过。,https://www.zhihu.com/question/39178728/answer/89939402#comment-853842757
分析这位小lin,综合知识/泛科普,5,1,0,1,0,1,0,看过一个up主分析这位小lin，根据以前发布的几期视频标题。观看量等等。通过标题专业程度、时长等等，小lin很快就完成反向筛选，阅读量和粉丝双双爆发。 其实她很会兼容受众。未必是人家水平不够深入，小lin北大毕业，在华尔街顶尖投行工作过，专业水平差不到哪去。,https://www.zhihu.com/question/537496812/answer/2011828839286855086#comment-11429154346
学起来,科普/自然科学,5,1,0,1,1,0,0,跟着小编的推荐学起来！,https://www.zhihu.com/question/376032562/answer/1120368698#comment-892705540
我也非常喜欢,综合知识/泛科普,5,1,0,1,1,0,0,第一个博主我也非常喜欢，但是粉丝多了以后广告特别多，凡是推广就说好，我就喜欢看她唱歌，其他的视频都不爱看了。,https://www.zhihu.com/question/41931111/answer/901497054#comment-783892169
有些人其实是这么想的,人文社科/国际政治,5,1,0,1,0,0,1,有些人其实是这么想的：让别的国家分割大陆和海洋，而我们中国满足于蓝色天空的时代已经过去 ，我们也要求阳光下的地盘,https://www.zhihu.com/question/630491518/answer/47696245551#comment-11058587170
田野上的信球吗,综合知识/泛科普,5,1,0,1,0,0,1,这哥们不是叫田野上的信球吗,https://www.zhihu.com/question/339335222/answer/3109168664#comment-10612501472
的YouTube摄影博主吗,艺术/审美,5,1,0,1,1,0,0,想问一下有推荐的YouTube摄影博主吗？,https://www.zhihu.com/question/312241261/answer/1066491001#comment-867650308
皇族电子竞技俱乐部官方账号,综合知识/泛科普,5,1,0,1,0,0,1,@皇族电子竞技俱乐部官方账号 2018-10-20，612646； 2018-10-22，583211； 两天掉了3万……,https://www.zhihu.com/question/343851396/answer/815349532#comment-737169013
都有受他早年视频风格的影响,综合知识/泛科普,5,1,0,1,0,1,0,水王是真的有才 现在很多成名up主都有受他早年视频风格的影响(比如某幻) 据说现在是为了生计离开狮子另谋出路了 相信他的才华在哪里都可以成功的 他 还有李彧小姐姐,https://www.zhihu.com/question/365100571/answer/966921907#comment-816328214
都认识啊,综合知识/泛科普,5,1,0,1,0,0,1,兄弟你是住在b站了么，这么多up主都认识啊,https://www.zhihu.com/question/438840235/answer/1672129735#comment-1233371151
pandapia,综合知识/泛科普,4,1,0,1,1,0,0,还有一个美食的叫“盗月社”，一个关于熊猫宝宝的叫“pandapia”我保证那里面的熊猫可以萌翻你。还有“警花说”，一个关于柴犬的叫“柴犬oka”感觉都挺不错的,https://www.zhihu.com/question/35569842/answer/782949366#comment-714497019
上海信和,计算机/编程,4,1,0,1,1,0,0,前两天上了一个车，是贴吧老哥那里上车的，也是我朋友配了一台后推荐给我的，叫上海信和，楼主可以去看看淘宝，我反正觉得挺到位的[害羞],https://www.zhihu.com/question/344527263/answer/877240131#comment-774410916
不多,综合知识/泛科普,4,1,0,1,0,0,1,在国内和油管长视频双开花的博主不多，她算一个，视频质量很过硬,https://www.zhihu.com/question/537496812/answer/1907966309989356230#comment-11182270332
充电,综合知识/泛科普,4,1,0,1,0,0,1,因为up之前放的微信截图，会因为各种原因被限制，所以我每次都给up主充电,https://www.zhihu.com/question/626962666/answer/1950853957434971587#comment-11289433623
刘雨轩,语言/英语,4,1,0,1,0,0,1,我叫刘雨轩。。。,https://www.zhihu.com/question/292372507/answer/798456280#comment-725748911
吃饭嘟督也是挨着幻坐的,综合知识/泛科普,4,1,0,1,1,0,0,我个人了解到的，不保证靠谱哈。其实嘟督和幻也是去年bw同房间才熟悉起来的，然后今年去迪斯尼的活动，幻也是跟半支烟嘟督一起行动的，这次bw吃鸡活动嘟督也说要跟着幻走，私下up主吃饭嘟督也是挨着幻坐的，可以肯定的是玩得很好，但是很少人吃cp啦😂,https://www.zhihu.com/question/264525046/answer/441814510#comment-489609634
对于现代上网的年轻人来说,综合知识/泛科普,4,1,0,1,0,0,1,绝大多数人也不会做这种博主 对于现代上网的年轻人来说，能不能翻墙基本上是一个智商过滤器,https://www.zhihu.com/question/521163320/answer/2919330433#comment-10491466178
就直接连人带帖拉黑,生物/医学健康,4,1,0,1,1,0,0,知乎上看到医学生推荐就直接连人带帖拉黑,https://www.zhihu.com/question/399244026/answer/3316268877#comment-10960230938
得欢,综合知识/泛科普,4,1,0,1,0,0,1,你看一下贾庆国、阎学通等的观点，区域国别评一级学科是纯属是争夺资源的无奈之举。张蕴岭他们叫得欢，能创造多少区域国别的知识也未可知。,https://www.zhihu.com/question/521163320/answer/2656624967#comment-10273710446
心虚把自己的回答删了,科普/自然科学,4,1,0,1,0,0,1,up主心虚把自己的回答删了,https://www.zhihu.com/question/662001657/answer/3569279386#comment-10940843399
我尿哈哈,综合知识/泛科普,4,1,0,1,0,0,1,弱弱提名我尿哈哈，在妈妈心里她就是美妆博主~,https://www.zhihu.com/question/41931111/answer/901497054#comment-784094105
易经,哲学,4,1,0,1,0,1,0,为啥不推荐易经 ？还有比易经格局大的书吗？天地人的运行規律全在里面。,https://www.zhihu.com/question/52815813/answer/940601393#comment-841312490
机器学习,计算机/编程,4,1,0,1,1,0,0,可以学，但没必要。很多优秀的讲深度学习的课都不需要什么ml基础，比如李沐大神的“动手学深度学习”，以及台大李宏毅教授的名叫“机器学习”实则讲深度学习的课。,https://www.zhihu.com/question/492545174/answer/3309259113#comment-10744857080
柴犬oka,综合知识/泛科普,4,1,0,1,1,0,0,还有一个美食的叫“盗月社”，一个关于熊猫宝宝的叫“pandapia”我保证那里面的熊猫可以萌翻你。还有“警花说”，一个关于柴犬的叫“柴犬oka”感觉都挺不错的,https://www.zhihu.com/question/35569842/answer/782949366#comment-714497019
殖人不可能三角,人文社科/国际政治,4,1,0,1,0,0,1,殖人不可能三角： 支持民主自由 支持自己的精神母国 做个人 [doge],https://www.zhihu.com/question/630491518/answer/47696245551#comment-11059019502
海权战略研究的,综合知识/泛科普,4,1,0,1,0,0,1,科普少了一个叫海权战略研究的,https://www.zhihu.com/question/312054931/answer/2994729526#comment-10539345997
海豚湾,科普/自然科学,4,1,0,1,1,0,0,强推《海豚湾》令人心碎又沉重的一部纪录片,https://www.zhihu.com/question/19956869/answer/113068691#comment-153035250
的塌房弄懵逼了,综合知识/泛科普,4,1,0,1,0,0,1,我tm以前也是这种人，虽然捐的不多，但被后续被些慈善机构和UP主的塌房弄懵逼了。 还有现在基本不看让我心情难受的视频[捂脸],https://www.zhihu.com/question/626962666/answer/1950853957434971587#comment-11289517912
的真的很实用,计算机/编程,4,1,0,1,1,0,0,真的太太太太太有用了，我去学完才发现答主推荐的真的很实用，一点都不虚,https://www.zhihu.com/question/22457234/answer/776523609#comment-713511531
的那天,综合知识/泛科普,4,1,0,1,1,0,0,而且这也是极少的情况了~还有你好像说的是一直路人学猴叫的那天，那天遇到的队友都不太正常讲话哈哈所以他可能有点急，但是我记得他并没有说些过分的话，后来的队友还一直教他说脏话，弹幕告诉大哥那个人在骂他，大哥还告诉我们这很正常，就像很多外国人来中国先学会的也是脏话一样~我觉得你是没有看完直播的吧。,https://www.zhihu.com/question/264525046/answer/441814510#comment-489855012
相比,综合知识/泛科普,4,1,0,1,0,1,0,做视频做那么久，后面会慢慢没有灵感也很正常，恰饭还是要恰饭的，但是恰饭不等于恰烂钱。看他最新视频就知道，他自己也提出了这个问题，停更这段时间也在思考这些东西。疫情期间，出了个蹭疫情恰饭视频确实算“恰烂钱”，但是后续做出的道歉捐款停更一系列动作，跟其他真正恰烂钱的up主相比，我觉得算真诚了。,https://www.zhihu.com/question/391541354/answer/1224685705#comment-944261961
科技区,财经/商业,4,1,0,1,0,0,1,叫科技区,https://www.zhihu.com/question/349862752/answer/1041078221#comment-854420407
给我的,计算机/编程,4,1,0,1,1,0,0,前两天上了一个车，是贴吧老哥那里上车的，也是我朋友配了一台后推荐给我的，叫上海信和，楼主可以去看看淘宝，我反正觉得挺到位的[害羞],https://www.zhihu.com/question/344527263/answer/877240131#comment-774410916
行尸走肉系列和童话镇,综合知识/泛科普,4,1,0,1,0,1,0,最近的视频质量的确有下降，如果想了解他的正常水平，推荐行尸走肉系列和童话镇,https://www.zhihu.com/question/384338338/answer/1130859578#comment-902446077
质量也不差,财经/商业,4,1,0,1,0,0,1,单论质量，有些几十万粉丝的up主质量也不差，但b站非得选人气高和商业价值高的,https://www.zhihu.com/question/8423988240/answer/69743965127#comment-11084377544
那里吃中国零食,综合知识/泛科普,4,1,0,1,1,0,0,那个野兽先生愿意出镜是因为他要开拓中国市场，他还去了另外一个阿婆主那里吃中国零食[飙泪笑]视频里他也很多次和观众互动说去推荐中国哪里拍视频。,https://www.zhihu.com/question/537496812/answer/1907966309989356230#comment-11182877282
雪球,财经/商业,4,1,0,1,0,1,0,我突然想起来，有个叫 雪球 网的地方，里面也有投资理财方面的资料，我一个玩金融的朋友以前告诉我的，我曾经看过其中的一些文章，感觉里面有人很会分析经济形势行业趋势，你可以看这篇官方介绍文章 - 雪球财经创始人方三文：雪球是如何滚起来的 。（仍然是只分享，不推荐）,https://www.zhihu.com/question/22238159/answer/20783349#comment-51618852
页全是她,综合知识/泛科普,4,1,0,1,1,0,0,是的，我非常讨厌这个女的，封面舔着个大脸，然后我就拉黑了，结果推荐页全是她，给我恶心的。,https://www.zhihu.com/question/626962666/answer/1960686109626435154#comment-11313930747
qq.com,哲学,3,4,0,4,0,0,4,电子版可否发邮箱39971028@qq.com,https://www.zhihu.com/question/52815813/answer/940601393#comment-820857506
VirtualMOD,综合知识/泛科普,3,1,0,1,1,0,0,还有一个up主VirtualMOD，之前和极客湾对刚过，很良心，推荐一波,https://www.zhihu.com/question/344527263/answer/877240131#comment-774912635
三哥高质量的UP,综合知识/泛科普,3,1,0,1,1,0,0,狼爸爸主要是做YouTube的，再推荐三哥高质量的UP，老蒋巨靠谱、李自然说、熊猫经济学。,https://www.zhihu.com/question/291506148/answer/884690034#comment-809557453
不比那些跳舞的,综合知识/泛科普,3,1,0,1,0,0,1,之前觉得这种up主 不比那些跳舞的 应该收入很低 [笑哭]没想到啊 这么赚钱[笑哭][笑哭][笑哭],https://www.zhihu.com/question/425443834/answer/3107696722#comment-10627812966
了解下,财经/商业,3,1,0,1,1,0,0,吴晓波频道推荐了解下，不过节目应该是在爱奇艺,https://www.zhihu.com/question/349862752/answer/1041078221#comment-854851176
人类星球,科普/自然科学,3,1,0,1,1,0,0,这些我好多也很喜欢！有的看了很多遍，推荐一个《人类星球》看了不知道多少遍，而且国产的我感觉舌尖上的中国很不错，镜头和连接什么的,https://www.zhihu.com/question/19956869/answer/113068691#comment-153023764
什么啊,生物/医学健康,3,1,0,1,0,0,1,那她卖的时候的id叫什么啊？[看看你],https://www.zhihu.com/question/399244026/answer/3959963263#comment-11028937470
列出了懒猫老师,计算机/编程,3,1,0,1,0,0,1,非常点赞up主列出了懒猫老师,https://www.zhihu.com/question/392126627/answer/2015671555#comment-10326372893
吃土豆的马铃薯,人文社科/国际政治,3,1,0,1,0,0,1,@吃土豆的马铃薯 哦哦哦哦大母鹅,https://www.zhihu.com/question/577103562/answer/2840274997#comment-10412531113
失业率也新高了呢,科普/自然科学,3,1,0,1,0,0,1,失业率也新高了呢：）,https://www.zhihu.com/question/349862752/answer/872076230#comment-806919739
我美女老师,综合知识/泛科普,3,1,0,1,0,0,1,哈哈哈北子哥，老番茄，要叫我美女老师，papi，柚子都在了，圆满,https://www.zhihu.com/question/327151685/answer/722303269#comment-681499284
捌月玖日未央,财经/商业,3,1,0,1,0,0,1,有一个经常喝testv一起录的up，但没有那么出名，叫捌月玖日未央，个人有迈凯轮什么的,https://www.zhihu.com/question/340571800/answer/895920861#comment-789722511
楼上另一个老哥装机刚报废一个2600,计算机/编程,3,1,0,1,0,0,1,有能力自己装机就不会来看这个回答了 讨论的就是【小白选购主机】 准备老哥还可以看看楼上另一个老哥装机刚报废一个2600,https://www.zhihu.com/question/344527263/answer/877240131#comment-775107302
涂点保湿霜,综合知识/泛科普,3,1,0,1,1,0,0,我微博关注了一个学化学 只推荐涂点保湿霜,https://www.zhihu.com/question/399244026/answer/3316268877#comment-10762315757
的水平的确是科普向的.,科普/自然科学,3,1,0,1,0,1,0,"36的那篇文章抄了就是抄了,事前加个引用也没人说你啥. 雪球的ycy爱好者研究的比巫师深入多了,而且比巫师水平高的不少. 还有,的确,这位up主的水平的确是科普向的.",https://www.zhihu.com/question/349862752/answer/872076230#comment-811817269
私联,人文社科/国际政治,3,1,0,1,1,0,0,你听那个直播里，20、30，50，还百大呢，不封了他不错了。按传统说法，这叫私联。[飙泪笑],https://www.zhihu.com/question/1997487716393317560/answer/2000503841897071666#comment-11406159388
科普类up,科普/自然科学,3,1,0,1,1,0,0,想念刘dark，推荐一个科普类up，回形针paperclip,https://www.zhihu.com/question/292372507/answer/802318758#comment-725960790
童小溪,历史/军事,3,1,0,1,1,0,0,HK中大有一套共和国史，10本出了7本（还是偏现在的官方史观吧，不过资料翔实些），CR方面推荐童小溪《极端年代的公民政治》，徐海亮的书，李逊的书，等等。,https://www.zhihu.com/question/20937728/answer/423275983#comment-986528114
给需要的小伙伴们,综合知识/泛科普,3,1,0,1,1,0,0,哈哈哈哈，我现在还不需要，不过可以推荐给需要的小伙伴们,https://www.zhihu.com/question/35569842/answer/782949366#comment-714530957
老师叫美女emmmmm,综合知识/泛科普,3,1,0,1,0,0,1,多拉的十九N……别叫老师叫美女emmmmm,https://www.zhihu.com/question/327151685/answer/722303269#comment-681479615
菊子桑,综合知识/泛科普,3,1,0,1,1,0,0,鬼畜区我最喜欢的两个up主：菊子桑，傲视在俗世上 坚持做一个题材，不蹭热度，调音功力深厚,https://www.zhihu.com/question/391500788/answer/1189694076#comment-938954961
财经方面和股票方面入门,综合知识/泛科普,3,1,0,1,1,0,0,麻烦请推荐财经方面和股票方面入门的up主，谢谢啦,https://www.zhihu.com/question/59989404/answer/1155204053#comment-916001693
鬼畜区我最喜欢的两个,综合知识/泛科普,3,1,0,1,1,0,0,鬼畜区我最喜欢的两个up主：菊子桑，傲视在俗世上 坚持做一个题材，不蹭热度，调音功力深厚,https://www.zhihu.com/question/391500788/answer/1189694076#comment-938954961
程序员鱼皮,计算机/编程,2,2,0,2,0,0,2,还有鱼皮老哥[微笑],https://www.zhihu.com/question/392126627/answer/2015671555#comment-10351900076
5w了,综合知识/泛科普,2,1,0,1,0,0,1,129.5w了,https://www.zhihu.com/question/291506148/answer/884690034#comment-799229267
CIA,综合知识/泛科普,2,1,0,1,1,0,0,这里推荐CIA的各国介绍，真的很全,https://www.zhihu.com/question/521163320/answer/2656624967#comment-10274472502
Linksphotograph,综合知识/泛科普,2,1,0,1,1,0,0,旅游UP推荐Linksphotograph和在远方的阿伦！,https://www.zhihu.com/question/312054931/answer/2994729526#comment-10540006389
Sean,综合知识/泛科普,2,1,0,1,0,0,1,今年王骁作为知识区鉴证UP上百大 @Sean Ye,https://www.zhihu.com/question/1997487716393317560/answer/2000503841897071666#comment-11406982685
一位美食博主,综合知识/泛科普,2,1,0,1,0,1,0,冷知识的话...科普类up我没怎么关注，如果你对历史比较感兴趣的推荐你一位专做历史题材互动视频的up“233历史研究所”，沉浸式历史互动游戏你值得拥有。鬼畜区up我关注的有“惜缘、过去”（号称b站方文山）以及“三木刃”（鬼畜新世界系列解锁鬼畜区追番成就）两位，这个区大佬太多，总能找到符合自己口味的。美妆健身恕在下无能为力，反而推荐一位美食博主“绵阳料理”，文案清奇，内容精良。我看你评论中有人推荐木鱼水心，是个人也很喜欢影视类博主，非常…,https://www.zhihu.com/question/286163357/answer/1078680364#comment-885814495
一堆垃圾up也是醉了,艺术/审美,2,1,0,1,0,1,0,居然没有tim，推荐一堆垃圾up也是醉了,https://www.zhihu.com/question/312241261/answer/1066491001#comment-872184867
三木刃,综合知识/泛科普,2,1,0,1,1,0,0,推荐三木刃，鬼畜新世界真的牛批,https://www.zhihu.com/question/391500788/answer/1189694076#comment-936802158
会不会耽误学习,学习/考试,2,1,0,1,0,0,1,这年纪做up主会不会耽误学习[思考],https://www.zhihu.com/question/308179641/answer/571269943#comment-727473168
你一位专做历史题材互动视频的up,综合知识/泛科普,2,1,0,1,0,1,0,冷知识的话...科普类up我没怎么关注，如果你对历史比较感兴趣的推荐你一位专做历史题材互动视频的up“233历史研究所”，沉浸式历史互动游戏你值得拥有。鬼畜区up我关注的有“惜缘、过去”（号称b站方文山）以及“三木刃”（鬼畜新世界系列解锁鬼畜区追番成就）两位，这个区大佬太多，总能找到符合自己口味的。美妆健身恕在下无能为力，反而推荐一位美食博主“绵阳料理”，文案清奇，内容精良。我看你评论中有人推荐木鱼水心，是个人也很喜欢影视类博主，非常…,https://www.zhihu.com/question/286163357/answer/1078680364#comment-885814495
你换个关键词搜索吧,人文社科/国际政治,2,1,0,1,0,0,1,你换个关键词搜索吧：人民群众与英雄人物的辩证关系。,https://www.zhihu.com/question/495149510/answer/6309385368#comment-11019260726
你看响当当系列和阿飞系列了,综合知识/泛科普,2,1,0,1,1,0,0,那必须推荐你看响当当系列和阿飞系列了,https://www.zhihu.com/question/384338338/answer/1130859578#comment-901274113
北大丘维声老师的,学习/考试,2,1,0,1,1,0,0,直接b站搜课程名字。一般高播放量的都还好。 数学分析我看的是科大史济怀老师的，也可以看复旦陈纪修老师的。 高代推荐北大丘维声老师的。 最后，希望能养成看书自学+独立思考+阅读英文教材的习惯[捂脸]个人感觉这些才是能在数学系混下去的最重要能力,https://www.zhihu.com/question/65864525/answer/1412498844#comment-1089354523
否恰饭也有了新的看法,综合知识/泛科普,2,1,0,1,0,0,1,毕竟这就是个蹭热度的推广，不是倒卖口罩这样的发国难财。我也不是圣人，扪心自问如果是我的话，人家给的够多我怕是开开心心就做了，既然我管不住自己那我就没资格管别人。而且看了林晨同学的视频后，我对up主是否恰饭也有了新的看法，林晨同学的mcn机构要求他蹭疫情热度来恰饭，我不知道基基是不是也是这个情况，既然不知道，我更不应该妄加揣测和随意评论。至于有钱不挣王八蛋这句话嘛，我在前面不是加了“毕竟”嘛，这是最差情况的语境，而且你想想，这句话一般不…,https://www.zhihu.com/question/391541354/answer/1224685705#comment-945901220
因为声音好听,综合知识/泛科普,2,1,0,1,1,0,0,狐狸是我关注的第一个恐怖区up主 因为声音好听,https://www.zhihu.com/question/327151685/answer/722303269#comment-711311538
安利初中优质老师的课,数学/物理,2,1,0,1,1,0,0,初中就一个[捂脸][捂脸][捂脸]，求多安利安利初中优质老师的课，资源太稀缺了,https://www.zhihu.com/question/19559151/answer/1330625981#comment-999234228
宋老师啊,历史/军事,2,1,0,1,1,0,0,吹爆宋老师啊,https://www.zhihu.com/question/265883810/answer/974890029#comment-822000076
对呀我觉得一个视频你5,综合知识/泛科普,2,1,0,1,1,0,0,对呀我觉得一个视频你5-10分钟长度你开一次就好了，为什么不停的在开，然后弹幕也一直刷黄色，观感真的不好，哎,https://www.zhihu.com/question/391541354/answer/1224685705#comment-945247733
小缸和阿灿,综合知识/泛科普,2,1,0,1,0,0,1,小缸和阿灿！！！我的快乐源泉！！！ 就是这别 @小缸和阿灿,https://www.zhihu.com/question/312054931/answer/939728186#comment-809052957
小高姐的魔法料理,综合知识/泛科普,2,1,0,1,1,0,0,做饭推荐一个小高姐的魔法料理🌝,https://www.zhihu.com/question/312054931/answer/939728186#comment-806787486
我买年卡,数学/物理,2,1,0,1,1,0,0,而且我想先买一轮的 客服推荐我买年卡 包括二轮 而且她说去年没有出二轮 今天可能也不出… 这是真的吗,https://www.zhihu.com/question/66268572/answer/241395862#comment-345392975
我们看过,语言/英语,2,1,0,1,0,1,0,木鱼水心我感觉大多是电影之类的吧，但是他讲解的红楼梦超棒，一度让我沉浸在红楼梦的故事里难以自拔，我们语文老师也推荐我们看过，学高一语文必修三的学生党可以去看看，有助于对红楼梦的理解,https://www.zhihu.com/question/292372507/answer/874294702#comment-919489545
我全部,综合知识/泛科普,2,1,0,1,1,0,0,非常好，你的宝藏up主我全部“拿下了”关注 [超得意],https://www.zhihu.com/question/292372507/answer/802318758#comment-725898506
我前夫,计算机/编程,2,1,0,1,1,0,0,推荐一个我前夫，B站阿婆主《我是土堆》[doge],https://www.zhihu.com/question/392126627/answer/2015671555#comment-10483372927
我是土堆,计算机/编程,2,1,0,1,1,0,0,推荐一个我前夫，B站阿婆主《我是土堆》[doge],https://www.zhihu.com/question/392126627/answer/2015671555#comment-10483372927
我的,生物/医学健康,2,1,0,1,1,0,0,黄金眼是真的好看，我同学推荐我的，看了停不下来,https://www.zhihu.com/question/35569842/answer/780301412#comment-712668555
我觉得他的三观不正格局太狭隘,语言/英语,2,1,0,1,1,0,0,我觉得那个什么奶爸的真不值得推荐我觉得他的三观不正格局太狭隘,https://www.zhihu.com/question/292372507/answer/853915682#comment-838558756
技师羊,综合知识/泛科普,2,1,0,1,0,0,1,b站上那个新up主技师羊，大祥哥都不一定干得过[飙泪笑],https://www.zhihu.com/question/340571800/answer/798621004#comment-789415394
提两个疑案讲解的,综合知识/泛科普,2,1,0,1,0,0,1,提两个疑案讲解的：X调查、唐唐说奇案。 每周坐等更。 吐槽类的：开心嘴炮。每次看都风狂点头 漫画类吐槽：黄一刀有毒。,https://www.zhihu.com/question/312054931/answer/939728186#comment-808840622
无限地接近,数学/物理,2,1,0,1,0,0,1,翻译翻译 什么叫“无限地接近”,https://www.zhihu.com/question/435369583/answer/2015062701626373287#comment-11435422285
昂克英文君好吧,生物/医学健康,2,1,0,1,1,0,0,英语昂克终于有人推了[大哭]太感动了，强烈推荐昂克英文君好吧,https://www.zhihu.com/question/291506148/answer/2810334107#comment-10393210763
洗面奶护肤品就像电气工程师推荐防辐射电磁辐射产品,科普/自然科学,2,1,0,1,1,0,0,医学生推荐洗面奶护肤品就像电气工程师推荐防辐射电磁辐射产品一样离谱,https://www.zhihu.com/question/399244026/answer/3316268877#comment-10805715686
渗透之C菌,综合知识/泛科普,2,1,0,1,1,0,0,我就爱老番茄！！游戏区还想推荐渗透之C菌！！,https://www.zhihu.com/question/312054931/answer/939728186#comment-808901260
溜了溜了,人文社科/国际政治,2,1,0,1,0,0,1,遛一遛白完人 @溜了溜了,https://www.zhihu.com/question/630491518/answer/24839360764#comment-11058085437
直接故意,法律,2,1,0,1,0,0,1,他火了我开心，他不火我难过，这叫直接故意； 他火了我开心，他不火我也开心，反正做人嘛，最重要就是开心,https://www.zhihu.com/question/377591050/answer/1073350448#comment-873248303
看电影了没,综合知识/泛科普,2,1,0,1,1,0,0,安利一下看电影了没，选题很棒，讲得很有深度,https://www.zhihu.com/question/312054931/answer/939728186#comment-806709598
给你,综合知识/泛科普,2,1,0,1,1,0,0,想要把大哥推荐给你🍺,https://www.zhihu.com/question/327151685/answer/722303269#comment-677208536
绵阳料理,综合知识/泛科普,2,1,0,1,0,1,0,冷知识的话...科普类up我没怎么关注，如果你对历史比较感兴趣的推荐你一位专做历史题材互动视频的up“233历史研究所”，沉浸式历史互动游戏你值得拥有。鬼畜区up我关注的有“惜缘、过去”（号称b站方文山）以及“三木刃”（鬼畜新世界系列解锁鬼畜区追番成就）两位，这个区大佬太多，总能找到符合自己口味的。美妆健身恕在下无能为力，反而推荐一位美食博主“绵阳料理”，文案清奇，内容精良。我看你评论中有人推荐木鱼水心，是个人也很喜欢影视类博主，非常…,https://www.zhihu.com/question/286163357/answer/1078680364#comment-885814495
芳斯塔夫和鬼谷藏龙了,历史/军事,2,1,0,1,1,0,0,那就必须要给你推荐芳斯塔夫和鬼谷藏龙了。,https://www.zhihu.com/question/399244026/answer/3619361391#comment-10987097588
葡式蛋挞重度爱好者,综合知识/泛科普,2,1,0,1,1,0,0,我提的这个UP叫葡式蛋挞重度爱好者，刚刚看了一下，才8000粉左右。他擅长用干扫➕对比漆来涂战锤模型，感兴趣可以去看一下,https://www.zhihu.com/question/8423988240/answer/69743965127#comment-11081571983
这几位吧,综合知识/泛科普,2,1,0,1,0,1,0,冷知识的话...科普类up我没怎么关注，如果你对历史比较感兴趣的推荐你一位专做历史题材互动视频的up“233历史研究所”，沉浸式历史互动游戏你值得拥有。鬼畜区up我关注的有“惜缘、过去”（号称b站方文山）以及“三木刃”（鬼畜新世界系列解锁鬼畜区追番成就）两位，这个区大佬太多，总能找到符合自己口味的。美妆健身恕在下无能为力，反而推荐一位美食博主“绵阳料理”，文案清奇，内容精良。我看你评论中有人推荐木鱼水心，是个人也很喜欢影视类博主，非常…,https://www.zhihu.com/question/286163357/answer/1078680364#comment-885814495
那里学习王者荣耀法师的技巧,地理/地缘,2,1,0,1,0,0,1,看到第一句 我要脸红一下 我是跑到B站up主那里学习王者荣耀法师的技巧 然后 emmmmmmm,https://www.zhihu.com/question/292372507/answer/802318758#comment-726199283
那里看不到的,综合知识/泛科普,2,1,0,1,0,0,1,这种无所谓的，我看他主要是它会烹饪，而且能够找到一些稀有贵重的鱼。这是在其他UP主那里看不到的。,https://www.zhihu.com/question/399244026/answer/3619361391#comment-10987127510
阅读邱澎生的评论文章,历史/军事,2,1,0,1,1,0,0,数目字管理那个推荐阅读邱澎生的评论文章,https://www.zhihu.com/question/19817884/answer/45008428#comment-610685434
靠爱发电但是每一期都总让人觉得不是滋味,综合知识/泛科普,2,1,0,1,1,0,0,说实话我也关注他好久了，之前视频质量确实好，但是好长时间以来一更视频必定恰饭，虽说不能让全职up主靠爱发电但是每一期都总让人觉得不是滋味，另外疫情期间,https://www.zhihu.com/question/391541354/answer/1224685705#comment-943770322
项天鹰,历史/军事,2,1,0,1,0,0,1,看官毛还不如看 @项天鹰,https://www.zhihu.com/question/570181345/answer/2919255372#comment-10492577484
....不知道为啥会这样感觉,生物/医学健康,1,1,0,1,0,0,1,视角姬。。。。怎么说，难道是我有一种仇富的心理？从开始的小房间里的vr游戏介绍，再到我的世界vr介绍，之后我就很少看他了，直到有一天我在首页刷到了，进去看了一下，又是豪宅，又是私人女频，就是这个感觉特别奇怪，一明星都没想您这样挥霍，一个up主....不知道为啥会这样感觉，可能是真嫉妒了，之后就拉黑了[捂脸],https://www.zhihu.com/question/391500788/answer/1189694076#comment-937188259
Cos,人文社科/国际政治,1,1,0,1,1,0,0,那不叫Cos，B站德棍也很多，但大部分都是德国军装勋章爱好者，要是真的信纳粹早就被平台封杀了。同理，网易看不到不是Cos的人，是因为你看不见[惊喜],https://www.zhihu.com/question/546163254/answer/3479343454#comment-11126780640
DongYang,语言/英语,1,1,0,1,0,0,1,@DongYang 阿居可以看看最后的计算机学习up主们～[爱],https://www.zhihu.com/question/292372507/answer/874294702#comment-768544165
Shane,语言/英语,1,1,0,1,1,0,0,默默推荐一下Shane老师的D&D…,https://www.zhihu.com/question/292372507/answer/798456280#comment-725273298
WOE,人文社科/国际政治,1,1,0,1,1,0,0,感谢推荐WOE！,https://www.zhihu.com/question/292372507/answer/794822278#comment-724017509
kiwi,历史/军事,1,1,0,1,1,0,0,我想推荐一个不是很热门的，叫 kiwi是个字幕君,https://www.zhihu.com/question/292372507/answer/491646875#comment-718510607
sin,人文社科/国际政治,1,1,0,1,0,0,1,提名sin！,https://www.zhihu.com/question/292372507/answer/794822278#comment-726801963
vloger,综合知识/泛科普,1,1,0,1,1,0,0,啊啊啊啊，我们的喜好居然差不多，我再推荐一个vloger，UP主叫：雨里待 我真的超爱他，视频风格超能合我的点，他是中戏导演系的学生，真的太爱他了,https://www.zhihu.com/question/286163357/answer/1125195550#comment-936356134
一本,历史/军事,1,1,0,1,1,0,0,个人推荐一本《复兴之路》也挺不错的,https://www.zhihu.com/question/20937728/answer/423275983#comment-1200523942
一边按部就班的找着,科普/自然科学,1,1,0,1,1,0,0,一边看着你的安利一边按部就班的找着up主 [吃瓜],https://www.zhihu.com/question/265883810/answer/976227155#comment-823702839
不抱怨的世界,科普/自然科学,1,1,0,1,1,0,0,无数次向人推荐字数不多的《孤独六讲》，是让我跳出他人价值观，学会独立思考的启蒙老师，可惜没有人接受我的推荐真正去读。。。还有一本改变我人生的书叫《不抱怨的世界》，就是去实践一个很简单的步骤，已经正能量满满的人就不需要了。,https://www.zhihu.com/question/22238159/answer/20783349#comment-53272524
不是很热门的,历史/军事,1,1,0,1,1,0,0,我想推荐一个不是很热门的，叫 kiwi是个字幕君,https://www.zhihu.com/question/292372507/answer/491646875#comment-718510607
个妈咪说,综合知识/泛科普,1,1,0,1,1,0,0,科普我推荐个妈咪说[爱][爱][爱],https://www.zhihu.com/question/312054931/answer/939728186#comment-806785765
为up,历史/军事,1,1,0,1,0,0,1,为up：oeasy发声！！！专门做关于计算机软件学习的视频。Ae 、Pr 、Ps等软件都能找到。,https://www.zhihu.com/question/292372507/answer/491646875#comment-718721746
人怎么发言,历史/军事,1,1,0,1,0,0,1,贴吧管的太严了，现在说什么都抽楼，只能用谐音，这叫人怎么发言。,https://www.zhihu.com/question/570181345/answer/2919255372#comment-10493076156
什么名字呢,语言/英语,1,1,0,1,1,0,0,您好，请问你的哔哩哔哩叫什么名字呢？可以关注你吗？ [欢呼],https://www.zhihu.com/question/292372507/answer/874294702#comment-792629945
什么都想好了一样,人文社科/国际政治,1,1,0,1,1,0,0,跟对面一个妹子看他一眼，他连两个人的孩子叫什么都想好了一样,https://www.zhihu.com/question/546163254/answer/3479343454#comment-11359284017
仍然不是我首页推荐的主要部分,人文社科/国际政治,1,1,0,1,1,0,0,我的首页也跟答主情况一样，尽管已经主动搜了很多长视频，常看的长视频up主仍然不是我首页推荐的主要部分，更多的是娱乐的生活的短视频[捂脸],https://www.zhihu.com/question/577103562/answer/2840274997#comment-10416287879
以上分类均有涉猎,综合知识/泛科普,1,1,0,1,1,0,0,以上分类均有涉猎——lks，推荐一下,https://www.zhihu.com/question/312054931/answer/2994729526#comment-10620468163
但是我还是觉的聪明种意义上来说,科普/自然科学,1,1,0,1,0,0,1,但是我还是觉的聪明种意义上来说：我啥事儿不干就已经比那帮被坑的sb要强很多了这句话太对了,https://www.zhihu.com/question/374641978/answer/1205390181#comment-933049163
你家宝贝,科普/自然科学,1,1,0,1,0,0,1,什么叫你家宝贝，你成功激怒了200万人,https://www.zhihu.com/question/376032562/answer/1120368698#comment-927399400
你管李永乐叫物理up,人文社科/国际政治,1,1,0,1,0,0,1,你管李永乐叫物理up:,https://www.zhihu.com/question/292372507/answer/794822278#comment-726666817
偏偏要剃光头把人看哭,综合知识/泛科普,1,1,0,1,1,0,0,不喜欢了，明明是个美妆up主 偏偏要剃光头把人看哭[大哭][大哭][大哭],https://www.zhihu.com/question/41931111/answer/901497054#comment-784051037
充电了,科普/自然科学,1,1,0,1,1,0,0,能否请教下，用电脑登录的网页版的 b站为什么总是会突然停止播放，要么就是显示谁谁谁给up主充电了。然后回到开头，就停在开头了。网上查了 查不到原因。感谢好心人解答哈♤,https://www.zhihu.com/question/19956869/answer/113068691#comment-153052845
到了,综合知识/泛科普,1,1,0,1,1,0,0,有没有人告诉我这个人的全名？QAQ被答主安利到了，我想去b站关注一波~,https://www.zhihu.com/question/264525046/answer/441814510#comment-489587332
可以让你成为同学口中的,综合知识/泛科普,1,1,0,1,0,0,1,修学期间做up主可以让你成为同学口中的“富二代”，等毕业了就不行了,https://www.zhihu.com/question/308179641/answer/571269943#comment-743025347
名字就是这个吗,人文社科/国际政治,1,1,0,1,0,0,1,up主名字就是这个吗？,https://www.zhihu.com/question/292372507/answer/794822278#comment-724897829
名称是什么,历史/军事,1,1,0,1,0,0,1,炒饭熊945现在的账号名称是什么？,https://www.zhihu.com/question/437401489/answer/2665504814#comment-10327362362
多了干脆选择拉黑这个博主,综合知识/泛科普,1,1,0,1,1,0,0,很漂亮，但不够撩。她真的以为有人上b站是学知识的？[思考]看b站推荐多了干脆选择拉黑这个博主。 我是个大俗人，我只喜欢eye candy. 汽车区的车若初见就很不错，声音软糯，该露的露，而且还不带风尘味。,https://www.zhihu.com/question/537496812/answer/1908489771912787772#comment-11182846377
好多,综合知识/泛科普,1,1,0,1,1,0,0,优秀的UP主好多，我写不全，需要你们补充呀！ [干杯],https://www.zhihu.com/question/291506148/answer/865870707#comment-764496167
姜与猪肉,数学/物理,1,1,0,1,0,0,1,@姜与猪肉,https://www.zhihu.com/question/66268572/answer/241395862#comment-352564713
字数不多的,科普/自然科学,1,1,0,1,1,0,0,无数次向人推荐字数不多的《孤独六讲》，是让我跳出他人价值观，学会独立思考的启蒙老师，可惜没有人接受我的推荐真正去读。。。还有一本改变我人生的书叫《不抱怨的世界》，就是去实践一个很简单的步骤，已经正能量满满的人就不需要了。,https://www.zhihu.com/question/22238159/answer/20783349#comment-53272524
对发电,综合知识/泛科普,1,1,0,1,0,1,0,你的话有些太过绝对了，太自信也不是什么好事。水视频是有水过的，只是少，但不能说没有，我大概是老粉了吧（毕竟看他的视频也有三四年了）我也没有要故意挑事的意思，毕竟自己也有和猛汉相似的地方，比如声音，开玩笑的方式，可能也受他影响吧，也有当up主，做视频制作的打算。视频弹幕里，也有人发的水视频的弹幕（我不太喜欢发弹幕，感觉有点浪费时间），水视频这个说法算是up主对发电（广告）视频的自嘲，不一定就是帽子，请不要误会。,https://www.zhihu.com/question/264525046/answer/441814510#comment-488435760
小森森,综合知识/泛科普,1,1,0,1,0,0,1,up主：小森森，用来大面了解中国史,https://www.zhihu.com/question/291506148/answer/3015453485#comment-10667402416
很优秀,科普/自然科学,1,1,0,1,1,0,0,作为入门级的政经科普up主很优秀，有没有入门级往后的科普up主推荐啊,https://www.zhihu.com/question/537496812/answer/1907966309989356230#comment-11182909194
怎么可能没有东云正树姐姐和马同学,生物/医学健康,1,1,0,1,0,0,1,数学类博主怎么可能没有东云正树姐姐和马同学,https://www.zhihu.com/question/291506148/answer/2810334107#comment-10393513293
我以前就关注了,综合知识/泛科普,1,1,0,1,1,0,0,可以看出来很用心，里面推荐的好些up主我以前就关注了，都是喜欢的。谢推[红心],https://www.zhihu.com/question/286163357/answer/1125195550#comment-941960997
我都关注了,科普/自然科学,1,1,0,1,0,1,0,能告诉我水的Up主哪些啊，几乎以上up主我都关注了[捂脸],https://www.zhihu.com/question/272389513/answer/828234838#comment-887201016
手术两百年,综合知识/泛科普,1,1,0,1,1,0,0,推荐《手术两百年》,https://www.zhihu.com/question/315958918/answer/757741290#comment-705236952
才明白作为说的是客观事实而已,综合知识/泛科普,1,1,0,1,0,0,1,不一定，只有自己做过博主才明白作为说的是客观事实而已。,https://www.zhihu.com/question/537496812/answer/1908489771912787772#comment-11189428779
推荐啊,科普/自然科学,1,1,0,1,1,0,0,作为入门级的政经科普up主很优秀，有没有入门级往后的科普up主推荐啊,https://www.zhihu.com/question/537496812/answer/1907966309989356230#comment-11182909194
教舞蹈,学习/考试,1,1,0,1,1,0,0,想问下小仙女有没有推荐教舞蹈的up主。想自学舞蹈.......,https://www.zhihu.com/question/292372507/answer/491646875#comment-718719639
无影灯下,综合知识/泛科普,1,1,0,1,0,0,1,医疗类首推 无影灯下,https://www.zhihu.com/question/315958918/answer/757741290#comment-779850566
有吗,生物/医学健康,1,1,0,1,0,0,1,请问会计类的UP主有吗,https://www.zhihu.com/question/291506148/answer/2810334107#comment-10391874939
来上外,语言/英语,1,1,0,1,1,0,0,如果学语言确实很推荐来上外,https://www.zhihu.com/question/489138849/answer/2441428158#comment-10257855240
汉水丑生,数学/物理,1,1,0,1,0,1,0,生物推荐汉水丑生!!,https://www.zhihu.com/question/66268572/answer/241395862#comment-347025840
灼热的,财经/商业,1,1,0,1,0,0,1,你B站id是不是叫灼热的*......,https://www.zhihu.com/question/384542217/answer/1161267026#comment-911983254
物理up,人文社科/国际政治,1,1,0,1,0,0,1,你管李永乐叫物理up:,https://www.zhihu.com/question/292372507/answer/794822278#comment-726666817
特别吸粉,综合知识/泛科普,1,1,0,1,1,0,0,巫师的涨粉速度相当恐怖了，才10个视频，粉丝数已经150万了，果然做硬核内容的UP主特别吸粉,https://www.zhihu.com/question/291506148/answer/884690034#comment-808243269
猛汉,综合知识/泛科普,1,1,0,1,0,0,1,“我叫猛汉”,https://www.zhihu.com/question/264525046/answer/441814510#comment-488530245
的主要部分,人文社科/国际政治,1,1,0,1,1,0,0,我的首页也跟答主情况一样，尽管已经主动搜了很多长视频，常看的长视频up主仍然不是我首页推荐的主要部分，更多的是娱乐的生活的短视频[捂脸],https://www.zhihu.com/question/577103562/answer/2840274997#comment-10416287879
的又是购买项目,学习/考试,1,1,0,1,0,1,0,Coursera的课程现在看不了，而你推荐的又是购买项目，所以请你注明，不然会误导大家。,https://www.zhihu.com/question/27200727/answer/961993027#comment-854279964
真正去读,科普/自然科学,1,1,0,1,1,0,0,无数次向人推荐字数不多的《孤独六讲》，是让我跳出他人价值观，学会独立思考的启蒙老师，可惜没有人接受我的推荐真正去读。。。还有一本改变我人生的书叫《不抱怨的世界》，就是去实践一个很简单的步骤，已经正能量满满的人就不需要了。,https://www.zhihu.com/question/22238159/answer/20783349#comment-53272524
笑点解析,人文社科/国际政治,1,1,0,1,0,0,1,笑点解析：政治能力强[大笑],https://www.zhihu.com/question/495149510/answer/6309385368#comment-11019108192
花销大,综合知识/泛科普,1,1,0,1,0,0,1,博主花销大，也要恰饭的嘛[捂脸]不太过分都还可以，所以看视频的时候一定要带着理智[爱],https://www.zhihu.com/question/41931111/answer/901497054#comment-783898596
补充安利,历史/军事,1,1,0,1,1,0,0,补充安利：psych2go中文站，“有点逗比有点治愈的心理学小贴士”。,https://www.zhihu.com/question/292372507/answer/491646875#comment-718505222
讨论,人文社科/国际政治,1,1,0,1,1,0,0,答主这写的很不错，我看爽了。这才叫评价，这才叫讨论，我也是直接学习到一些评价人的技巧好吧。,https://www.zhihu.com/question/657698863/answer/3582234613#comment-10955156938
记录HD,历史/军事,1,1,0,1,0,0,1,15.记录HD 高清纪录片 这个找不到用户。,https://www.zhihu.com/question/292372507/answer/491646875#comment-718663584
评价,人文社科/国际政治,1,1,0,1,1,0,0,答主这写的很不错，我看爽了。这才叫评价，这才叫讨论，我也是直接学习到一些评价人的技巧好吧。,https://www.zhihu.com/question/657698863/answer/3582234613#comment-10955156938
调教,综合知识/泛科普,1,1,0,1,0,0,1,调教—>跳脚，刚发现错字了,https://www.zhihu.com/question/365100571/answer/966921907#comment-816342449
雾与雪,科普/自然科学,1,1,0,1,1,0,0,安利一下雾与雪，超萌动物,https://www.zhihu.com/question/19956869/answer/113068691#comment-153048997
鹿萍萍,综合知识/泛科普,1,1,0,1,0,0,1,@鹿萍萍,https://www.zhihu.com/question/35569842/answer/782949366#comment-715013217
黑料呀,综合知识/泛科普,1,1,0,1,0,0,1,华农兄弟光天化日霸凌村民，这还不叫黑料呀【狗头】,https://www.zhihu.com/question/327151685/answer/721870787#comment-680254549
过这本书,科普/自然科学,0,2,0,2,2,0,0,扫读期间，我回忆起来我家那位也曾跟我推荐过这本书，我当时也是随便听听就过去了。,https://www.zhihu.com/question/22238159/answer/20783349#comment-53284133
6岛岛的宠物,综合知识/泛科普,0,1,0,1,1,0,0,有一个叫6岛岛的宠物up主，我感觉视频质量是宠物类最好的，不知道为什么粉丝不是很多。,https://www.zhihu.com/question/57848134/answer/831171915#comment-750096258
Alex,语言/英语,0,1,0,1,0,0,1,@Alex 学习！,https://www.zhihu.com/question/292372507/answer/798456280#comment-745801651
COURSERA,哲学,0,1,0,1,1,0,0,推荐COURSERA的课：THE MODERN WORK: THE GLOBAL HISTORY SINCE 1760,https://www.zhihu.com/question/20058943/answer/15032487#comment-52659706
FUN,计算机/编程,0,1,0,1,0,0,1,B站up主FUN科技也有自己的淘宝店，卖整机电脑和显示器。,https://www.zhihu.com/question/344527263/answer/877240131#comment-774917545
UID,综合知识/泛科普,0,1,0,1,0,0,1,UID:407282397,https://www.zhihu.com/question/292372507/answer/779852972#comment-722361449
Wang,计算机/编程,0,1,0,1,0,0,1,@Wang,https://www.zhihu.com/question/392126627/answer/2015671555#comment-10673895079
bryanyzhu,计算机/编程,0,1,0,1,1,0,0,推荐一个@bryanyzhu,https://www.zhihu.com/question/392126627/answer/2015671555#comment-10541529247
ella,语言/英语,0,1,0,1,1,0,0,吹爆ella,https://www.zhihu.com/question/292372507/answer/853915682#comment-806789092
pcbwiki.net,人文社科/国际政治,0,1,0,1,0,0,1,本名叫 pcbwiki.net,https://www.zhihu.com/question/657698863/answer/3582234613#comment-10952304523
wps,哲学,0,1,0,1,1,0,0,优秀书籍推荐 这个wps怎么打不开呀？请问一下,https://www.zhihu.com/question/52815813/answer/940601393#comment-828758396
xa漓,数学/物理,0,1,0,1,0,0,1,@xa漓,https://www.zhihu.com/question/376032562/answer/1055161846#comment-883153164
上堆下切,语言/英语,0,1,0,1,0,0,1,是叫“上堆下切”吗？,https://www.zhihu.com/question/270883846/answer/466188784#comment-578171229
上堆下切平移,语言/英语,0,1,0,1,0,0,1,嗯，有一种聊天方法就叫做“上堆下切平移 ”,https://www.zhihu.com/question/270883846/answer/466188784#comment-602452715
个叨叨冯,生物/医学健康,0,1,0,1,1,0,0,音乐区推荐个叨叨冯,https://www.zhihu.com/question/291506148/answer/2810334107#comment-10409265801
中国通史的记录片,历史/军事,0,1,0,1,1,0,0,有一部叫中国通史的记录片，我觉得挺好,https://www.zhihu.com/question/19817884/answer/45008428#comment-658348900
丸子的,文学/读书,0,1,0,1,1,0,0,你推荐的前两个我都早就关注了，还有一个小姐姐叫丸子的，是专业的英语老师，会经常分享如何提高英语和健身之类的问题。,https://www.zhihu.com/question/292372507/answer/797795820#comment-759556106
乌利,综合知识/泛科普,0,1,0,1,0,0,1,乌利：是什么让即将毁灭的我们结成朋友的？是暴力吗？ 凯尼：……,https://www.zhihu.com/question/365100571/answer/966921907#comment-816050142
也是我超级喜欢的,综合知识/泛科普,0,1,0,1,1,0,0,最后的思维导图太良心了，有好多阿婆主也是我超级喜欢的,https://www.zhihu.com/question/286163357/answer/1125195550#comment-938079310
也都很不错,综合知识/泛科普,0,1,0,1,1,0,0,我目前最喜欢的UP主是“四季萌芽”，火影迷们，不看他的视频，100％后悔，当然，“旺仔小贝拉”推荐的UP主也都很不错！,https://www.zhihu.com/question/286163357/answer/1125195550#comment-995302377
书不,科普/自然科学,0,1,0,1,1,0,0,想学医学英语 有什么推荐书不 国内医科大毕业生,https://www.zhihu.com/question/26646760/answer/243334648#comment-405012648
书的人,历史/军事,0,1,0,1,1,0,0,很多推荐书的人，自己都没看过这些书,https://www.zhihu.com/question/596930934/answer/3632427600#comment-11004431398
了一系列的杀人心理,综合知识/泛科普,0,1,0,1,1,0,0,我之前有一次不小心点开一个社会心理学视频然后给我推荐了一系列的杀人心理，变态心理学等等而且下面评论都和我一样[捂脸],https://www.zhihu.com/question/35569842/answer/1267182471#comment-962386839
了呢,综合知识/泛科普,0,1,0,1,1,0,0,嗯嗯，看到评论里也有其他小伙伴推荐了呢,https://www.zhihu.com/question/292372507/answer/779852972#comment-721731069
人生第一次,综合知识/泛科普,0,1,0,1,1,0,0,强推《人生第一次》！！！,https://www.zhihu.com/question/36403476/answer/1152688465#comment-920204897
什么什么立新,人文社科/国际政治,0,1,0,1,0,0,1,生物还有一个老头，叫什么什么立新,https://www.zhihu.com/question/40413111/answer/1300547370#comment-991057097
什么名字,综合知识/泛科普,0,1,0,1,0,0,1,你的号叫什么名字？,https://www.zhihu.com/question/537496812/answer/1908489771912787772#comment-11188058490
什么网课呢,数学/物理,0,1,0,1,1,0,0,请问学c语言和c++，基础不行的推荐什么网课呢？[可怜][可怜],https://www.zhihu.com/question/352485583/answer/1237689063#comment-1075102458
他奥,综合知识/泛科普,0,1,0,1,1,0,0,真的 以后要推荐他奥 嘻嘻,https://www.zhihu.com/question/291506148/answer/864438586#comment-765302801
会违反法规,生物/医学健康,0,1,0,1,1,0,0,因为说医生推荐会违反法规，所以打个擦边球，一般看到我都去评论区迪士尼一下。,https://www.zhihu.com/question/399244026/answer/3316268877#comment-10890542023
低年级数学,数学/物理,0,1,0,1,1,0,0,家里大宝要二升三，小宝马上上一年级。我好焦虑啊！求推荐低年级数学，谢谢啦[爱],https://www.zhihu.com/question/19559151/answer/1330625981#comment-1003734299
你一部纪录片,文学/读书,0,1,0,1,1,0,0,推荐你一部纪录片，第三极,https://www.zhihu.com/question/292372507/answer/797795820#comment-749437908
你看一下温铁军的,历史/军事,0,1,0,1,1,0,0,推荐你看一下温铁军的《八次危机》,https://www.zhihu.com/question/491790104/answer/2480445857#comment-11089280042
做啃书,哲学,0,1,0,1,1,0,0,我才知道我之前读一些书为啥这么辛苦，读起来好像在解题，原来这叫做啃书 [摊手],https://www.zhihu.com/question/52815813/answer/940601393#comment-989698682
做成百大了,综合知识/泛科普,0,1,0,1,0,0,1,绷不住了，刚才去翻了翻蓝飘飘都能成百大，让一个做二创的账号做成百大了，那这么看来。隔壁做特工17的九尾来b站注册个账号，是不是也能成百大，这玩意儿的含金量是真的一年比一年低呀[捂脸],https://www.zhihu.com/question/1995854323465355581/answer/1996508030821491319#comment-11396880667
傲然在俗世上,人文社科/国际政治,0,1,0,1,1,0,0,鬼畜up主 傲然在俗世上 我还挺喜欢的,https://www.zhihu.com/question/577103562/answer/2840274997#comment-10414420383
像雷探长那些能够让我们眼光更开阔,综合知识/泛科普,0,1,0,1,1,0,0,我不反对你所说的jhq那些up，但我觉得真正好的up主是像雷探长那些能够让我们眼光更开阔，视角更独到的人，而不是这些搞着亚文化的鬼畜,https://www.zhihu.com/question/391500788/answer/1189694076#comment-929378340
先读,人文社科/国际政治,0,1,0,1,1,0,0,推荐先读《红旗》，再读《求是》，对照着看,https://www.zhihu.com/question/39178728/answer/89939402#comment-10111763613
全部关注了,综合知识/泛科普,0,1,0,1,1,0,0,B站小白一枚，按照你的推荐全部关注了，马起来慢慢看,https://www.zhihu.com/question/286163357/answer/1125195550#comment-919099101
几本你认为真正好的书单,历史/军事,0,1,0,1,1,0,0,可否推荐几本你认为真正好的书单，感谢,https://www.zhihu.com/question/491790104/answer/2480445857#comment-11370734586
刘毓林啊,生物/医学健康,0,1,0,1,0,0,1,他本名叫刘毓林啊？,https://www.zhihu.com/question/451707926/answer/1838178285#comment-1812136135
北师大学生硕博在读,学习/考试,0,1,0,1,0,0,1,北师大学生硕博在读：建议把【刘文利】换成【钱婧】，前者在【北师大男生禁止乘坐电梯】事件中提出【男性凝视】一词，个人认为没有教育意义。后者虽然有争议，但是起码能提供一些学业、工作方面的指导【考研、考博等】。 （和我抬杠就是你说的对）,https://www.zhihu.com/question/312054931/answer/2994729526#comment-10658370347
升堂不再参与百大评选,综合知识/泛科普,0,1,0,1,0,0,1,设置一个名人堂得过三次百大的up主升堂不再参与百大评选。 金球奖早该给梅西发终身金球奖了，还有C罗，这样很多8090后球员都有金球拿,https://www.zhihu.com/question/1995854323465355581/answer/1996508030821491319#comment-11397086831
反思与批判,哲学,0,1,0,1,0,0,1,南开哲学有个发讲座的号叫反思与批判,https://www.zhihu.com/question/481338308/answer/2087672044#comment-11030211560
取关了,文学/读书,0,1,0,1,0,1,0,我之前关注一个旅游女 UP 主，后来她好几次拉上这货一起出镜，我直接把女 UP 主取关了。,https://www.zhihu.com/question/399244026/answer/3591059416#comment-10960405221
只能选一次,综合知识/泛科普,0,1,0,1,0,0,1,要不观众也可以投票？每个up主只能选一次,https://www.zhihu.com/question/8423988240/answer/69743965127#comment-11465091750
可以推荐一下嘛,科普/自然科学,0,1,0,1,1,0,0,有好的up主可以推荐一下嘛,https://www.zhihu.com/question/265883810/answer/976227155#comment-823062898
可以推荐呢,语言/英语,0,1,0,1,1,0,0,请问有没有学习绘画的up主可以推荐呢？,https://www.zhihu.com/question/292372507/answer/874294702#comment-929875544
可以直接转人工,人文社科/国际政治,0,1,0,1,0,0,1,你这种账号可以直接转人工,https://www.zhihu.com/question/630491518/answer/24839360764#comment-11068216914
可能被和谐了,综合知识/泛科普,0,1,0,1,0,0,1,有的up主可能被和谐了，也有可能改名字了,https://www.zhihu.com/question/286163357/answer/1125195550#comment-1035384448
各种按摩仪按摩椅,生物/医学健康,0,1,0,1,1,0,0,还有医生专家推荐各种按摩仪按摩椅，专门收割中老年,https://www.zhihu.com/question/399244026/answer/3316268877#comment-10893077748
名字搜索不到啊,语言/英语,0,1,0,1,0,0,1,黛西，为什么第五个up主名字搜索不到啊[大笑],https://www.zhihu.com/question/292372507/answer/874294702#comment-961442142
名校吗,哲学,0,1,0,1,0,0,1,南大不配叫名校吗。。。[发呆],https://www.zhihu.com/question/481338308/answer/2087672044#comment-10448450524
名芳home,数学/物理,0,1,0,1,0,0,1,可以看看名芳home 特别适合基础薄弱的童鞋 是一轮复习的内容,https://www.zhihu.com/question/19559151/answer/1330625981#comment-998250562
吕世浩的秦始皇和史记,文学/读书,0,1,0,1,1,0,0,台大，推荐吕世浩的秦始皇和史记,https://www.zhihu.com/question/292372507/answer/797795820#comment-760922131
和整理,艺术/审美,0,1,0,1,1,0,0,感谢推荐和整理！！十分有用 [爱心],https://www.zhihu.com/question/23066519/answer/1157050428#comment-942029669
唯一讲述者,综合知识/泛科普,0,1,0,1,1,0,0,推荐一个up主：唯一讲述者 做的是社会舆情及公关,https://www.zhihu.com/question/601340939/answer/3032117728#comment-10945126846
四季萌芽,综合知识/泛科普,0,1,0,1,1,0,0,我目前最喜欢的UP主是“四季萌芽”，火影迷们，不看他的视频，100％后悔，当然，“旺仔小贝拉”推荐的UP主也都很不错！,https://www.zhihu.com/question/286163357/answer/1125195550#comment-995302377
因为把什么隐学传授给平民姥爷们看了生气吧,综合知识/泛科普,0,1,0,1,0,0,1,为啥被封？你该不会觉得你说的这些博主是因为把什么隐学传授给平民姥爷们看了生气吧？,https://www.zhihu.com/question/537496812/answer/2011828839286855086#comment-11428548212
在推,综合知识/泛科普,0,1,0,1,1,0,0,你就认准一件事，凡事B站上出现的产品推广，不管你多喜欢的up主在推，说的多么声情并茂，全都不要信不要买。尤其是那些买保健品的，不骗老人来B站骗年轻人来了。,https://www.zhihu.com/question/1923280129368515711/answer/1931321475115234207#comment-11434583030
地理,人文社科/国际政治,0,1,0,1,1,0,0,还有没有比较推荐地理的up主,https://www.zhihu.com/question/40413111/answer/1300547370#comment-1002187961
增加权威性,综合知识/泛科普,0,1,0,1,1,0,0,以前的套路是b站其账号增加权威性，然后去短视频平台变现,https://www.zhihu.com/question/375046394/answer/1889066820322968366#comment-11146825108
外国人是如何了解中国历史的.,历史/军事,0,1,0,1,0,0,1,"最近发现 < >一套书, 没时间看. 你有空可以看看: 主要可以看看外国人是如何了解中国历史的.",https://www.zhihu.com/question/19817884/answer/45008428#comment-694833802
太情绪化了,综合知识/泛科普,0,1,0,1,0,0,1,感觉小Lin是政经博主，随着国际局势进行经济领域的科普，，她和深入分析行情的还不太一样。我有时候觉得时政博主太情绪化了，来看看小Lin。,https://www.zhihu.com/question/537496812/answer/2011828839286855086#comment-11428599860
太棒了,科普/自然科学,0,1,0,1,0,0,1,博主太棒了,https://www.zhihu.com/question/59989404/answer/1276677344#comment-1018564560
好不叫座吧,科普/自然科学,0,1,0,1,1,0,0,"另一方面, 他的思维力很强, 想在思维中神游是很轻松的事, 反而乐在其中了. 其次, 因为能在思维的孤独中立足和畅游, 他可能已经不太习惯去回顾【自己原来是怎样在思维中一步一个脚印地实现独立人格和自由精神】的过程, 又或许真的去谈理解细节和沟通细节，这本书又会叫好不叫座吧，我并不确定。",https://www.zhihu.com/question/22238159/answer/20783349#comment-53321177
好像把东西删了,学习/考试,0,1,0,1,1,0,0,第一个up主好像把东西删了[好奇],https://www.zhihu.com/question/28311690/answer/741872101#comment-691453469
好吧,生物/医学健康,0,1,0,1,1,0,0,人生一串吹爆好吧 听说开实体店了,https://www.zhihu.com/question/35569842/answer/780301412#comment-713993985
如果认认真真分析菜品好不好吃,综合知识/泛科普,0,1,0,1,1,0,0,有没有想过 一个探店博主如果认认真真分析菜品好不好吃 根本没有流量 只有一惊一乍得吹嘘才有流量[飙泪笑][飙泪笑],https://www.zhihu.com/question/339335222/answer/1957351155999961457#comment-11305811252
孙周兴老师,哲学,0,1,0,1,1,0,0,姜宇辉老师确实圈粉，支持姜老师。另外推荐孙周兴老师，讲课很有意思（虽然有点方言）也算是研究德国哲学很厉害的学者了，另外邓晓芒老师好像还没人说吧[大笑],https://www.zhihu.com/question/481338308/answer/2087672044#comment-4805240134
学习区,地理/地缘,0,1,0,1,1,0,0,俺推荐一个学习区的up主！辋川集 这个小姐姐是真的励志！（且耐看）,https://www.zhihu.com/question/292372507/answer/802318758#comment-731081332
宋浩小浩浩老师,数学/物理,0,1,0,1,1,0,0,吹爆宋浩小浩浩老师，i了i了,https://www.zhihu.com/question/65864525/answer/1253409860#comment-958036303
宋老师,综合知识/泛科普,0,1,0,1,1,0,0,学习强推宋老师！我滴男神,https://www.zhihu.com/question/291506148/answer/921874626#comment-813234272
对食物讲不讲究就知道会不会踩坑,综合知识/泛科普,0,1,0,1,1,0,0,看up主对食物讲不讲究就知道会不会踩坑 很多只是想把好的一面分享 吱哇乱叫的 不想浪费素材 就一味的夸,https://www.zhihu.com/question/339335222/answer/1957351155999961457#comment-11305545040
就看视频到无法自拔了,语言/英语,0,1,0,1,0,0,1,跪谢答主啊，关注了第一个up主就看视频到无法自拔了，在快乐中学习，而且贴近国外生活，感觉像是收藏里第一篇没有吃灰的回答了[大笑],https://www.zhihu.com/question/292372507/answer/798456280#comment-726742031
开眼,地理/地缘,0,1,0,1,1,0,0,我直接推荐“开眼”APP，视频都不会太长，同时也不会短到一口饭一次刷新，而且质量都不错 （我都怀疑他们怎么活下来的…）,https://www.zhihu.com/question/626962666/answer/1968633730093523295#comment-11332411477
弱弱地请问,语言/英语,0,1,0,1,0,0,1,弱弱地请问：在公众号发过朋友圈的是不是要排队才可以领资源啊,https://www.zhihu.com/question/292372507/answer/810075567#comment-758382851
强推一下,综合知识/泛科普,0,1,0,1,1,0,0,强推一下：听wo姐说,https://www.zhihu.com/question/312054931/answer/939728186#comment-807577554
彭越,人文社科/国际政治,0,1,0,1,0,0,1,遛一遛 @彭越,https://www.zhihu.com/question/630491518/answer/24839360764#comment-11068505203
很棒,综合知识/泛科普,0,1,0,1,1,0,0,推荐很棒！质量和覆盖面兼备！,https://www.zhihu.com/question/315958918/answer/757741290#comment-701984873
徐淡定男朋友,学习/考试,0,1,0,1,0,0,1,感谢分享，顺便 @徐淡定男朋友,https://www.zhihu.com/question/28311690/answer/741872101#comment-691490682
必须有我毕导啊,综合知识/泛科普,0,1,0,1,0,0,1,up主必须有我毕导啊！,https://www.zhihu.com/question/59989404/answer/1155204053#comment-919254991
我一个都不看,历史/军事,0,1,0,1,0,0,1,这些up主我一个都不看。,https://www.zhihu.com/question/399244026/answer/3619361391#comment-10986640130
我关于,文学/读书,0,1,0,1,1,0,0,我以为他有才，还给他发私信推荐我关于《野有死麕》的研究呢。 没回。 我就挺失望。 我还给一个女up自荐过，也没回。,https://www.zhihu.com/question/399244026/answer/3591059416#comment-10960461972
我回到2049刘司机,综合知识/泛科普,0,1,0,1,1,0,0,强推我回到2049刘司机！,https://www.zhihu.com/question/265883810/answer/976098338#comment-822366347
我想对镇楼图说一声,地理/地缘,0,1,0,1,0,0,1,我想对镇楼图说一声:你TM赢了，我还真学不完,https://www.zhihu.com/question/292372507/answer/802318758#comment-730495154
我来推荐一个硬核的历史Up,综合知识/泛科普,0,1,0,1,1,0,0,我来推荐一个硬核的历史Up：信息素的信息。非常专业,https://www.zhihu.com/question/57848134/answer/831171915#comment-761341035
或者视频推荐吗,综合知识/泛科普,0,1,0,1,1,0,0,学会计有up主或者视频推荐吗？[惊喜],https://www.zhihu.com/question/292372507/answer/779852972#comment-722250112
戴尔,哲学,0,1,0,1,0,1,0,为什么不推荐戴尔，卡耐基呢，和厚黑学，鬼谷子之类,https://www.zhihu.com/question/52815813/answer/940601393#comment-842141531
手绘的up,语言/英语,0,1,0,1,0,0,1,问一下有没有叫手绘的up🐷呢,https://www.zhihu.com/question/292372507/answer/798456280#comment-742084771
抽象树,语言/英语,0,1,0,1,0,0,1,我。。。自己想出了类似的概念，我的版本叫抽象树，也就是越往上越抽象，能衍生的越多，越往下越具体。感觉 自己还挺厉害的哈哈,https://www.zhihu.com/question/270883846/answer/466188784#comment-599425653
拍的不是美食,生物/医学健康,0,1,0,1,1,0,0,噗，好多博主拍的不是美食，而是给你们提供从众心理的情绪价值,https://www.zhihu.com/question/339335222/answer/1957351155999961457#comment-11305810442
接广告在视频插播,综合知识/泛科普,0,1,0,1,1,0,0,现在up主接广告在视频插播，大多数观众态度都比较友好。但是看到纯广告推广的视频我会很反感果断划走[捂脸],https://www.zhihu.com/question/626962666/answer/3576670359#comment-10947868263
推荐呀,综合知识/泛科普,0,1,0,1,1,0,0,有没有教舞蹈的up主推荐呀,https://www.zhihu.com/question/291506148/answer/921874626#comment-814387192
搜不到啊,综合知识/泛科普,0,1,0,1,0,0,1,蹬腿就会飞 up主搜不到啊~~~~？？？,https://www.zhihu.com/question/286163357/answer/1125195550#comment-1009199741
摄影,综合知识/泛科普,0,1,0,1,0,0,1,摄影：旅行摄影师唐僧,https://www.zhihu.com/question/312054931/answer/2994729526#comment-10567971913
教你怎么做菜,综合知识/泛科普,0,1,0,1,0,0,1,其他美食博主教你怎么做菜，王刚老师教你怎么开饭店,https://www.zhihu.com/question/291506148/answer/865870707#comment-767695686
敬汉卿我是万万没想到,历史/军事,0,1,0,1,1,0,0,好家伙，探店推荐敬汉卿我是万万没想到,https://www.zhihu.com/question/399244026/answer/3619361391#comment-10986435257
敬汉卿的名字,综合知识/泛科普,0,1,0,1,0,0,1,居然会出现元老级UP主敬汉卿的名字[捂脸],https://www.zhihu.com/question/399244026/answer/3619361391#comment-10986830674
斯奎奇大王,综合知识/泛科普,0,1,0,1,0,0,1,也叫《斯奎奇大王》,https://www.zhihu.com/question/13328057987/answer/1984463699650572310#comment-11370467806
新月零犬的男孩,综合知识/泛科普,0,1,0,1,1,0,0,看到这个话题的时候，就是好奇点进来，但了解了故事之后，还有前面那个叫新月零犬的男孩，都让我感觉很心疼,https://www.zhihu.com/question/60609552/answer/1005455600#comment-836954873
无穷小,数学/物理,0,1,0,1,1,0,0,你这是从工程实用角度来说，没有问题。但是作者说了，数学家认为自己做的事严谨的工作，这个就不严密了，我看来看去，这套语言也没有很严密呀，啥叫无穷小,https://www.zhihu.com/question/435369583/answer/2015062701626373287#comment-11435658691
有山,历史/军事,0,1,0,1,1,0,0,我推荐有山,https://www.zhihu.com/question/399244026/answer/3619361391#comment-10986603747
未来宝藏up,计算机/编程,0,1,0,1,1,0,0,未来宝藏up：VictorYuki,https://www.zhihu.com/question/392126627/answer/2015671555#comment-10284818375
机制问题很大,地理/地缘,0,1,0,1,1,0,0,b站的推荐机制问题很大,https://www.zhihu.com/question/626962666/answer/1968633730093523295#comment-11333342178
权还是算了,综合知识/泛科普,0,1,0,1,0,0,1,提名权还是算了，免得之后都给他们送东西 但是这个奖项可以弄,https://www.zhihu.com/question/1995854323465355581/answer/1996508030821491319#comment-11397031172
枢纽,历史/军事,0,1,0,1,1,0,0,推荐枢纽，3000年的中国,https://www.zhihu.com/question/596930934/answer/3632427600#comment-11014275241
某幻今天拖更了没,综合知识/泛科普,0,1,0,1,0,0,1,他就叫某幻君，B站直接搜“某幻君”就行，微博叫“某幻今天拖更了没”，欢迎关注，么么哒,https://www.zhihu.com/question/264525046/answer/441814510#comment-489597316
梅特涅与基佐,综合知识/泛科普,0,1,0,1,1,0,0,我推荐一下梅特涅与基佐，他做游戏视频像是为了讲解历史这碟醋而包的饺子。,https://www.zhihu.com/question/291506148/answer/3015453485#comment-10638186319
武志红,综合知识/泛科普,0,1,0,1,1,0,0,心理推荐武志红,https://www.zhihu.com/question/312054931/answer/2994729526#comment-10540095018
歪果小厨安东,综合知识/泛科普,0,1,0,1,1,0,0,最近有个新阿婆主 歪果小厨安东 也不错，制作精良，对中餐的理解和厨艺到了令人发指的地步,https://www.zhihu.com/question/291506148/answer/865870707#comment-765793465
毕导的屎尿屁,综合知识/泛科普,0,1,0,1,1,0,0,[好奇][好奇][好奇]我超喜欢一个叫毕导的屎尿屁up主，我是不是很俗啊,https://www.zhihu.com/question/291506148/answer/865870707#comment-768945975
洋洋,综合知识/泛科普,0,1,0,1,0,0,1,@洋洋,https://www.zhihu.com/question/35569842/answer/1267182471#comment-962584547
洗头研究所,综合知识/泛科普,0,1,0,1,0,1,0,洗发水我就推荐一个洗头研究所，虽然人家也打自家广告，但赚钱嘛，不寒碜。直接说各种成份作用，不吹什么原生态，还洗了和你说。私信提问也回。我按照他的视频直接学了自己去挑。,https://www.zhihu.com/question/399244026/answer/3316268877#comment-10873983451
测评,综合知识/泛科普,0,1,0,1,0,0,1,敬汉卿这也叫测评up主吗？视频唯一的特点就材料贵，连做法也不查查就拍了。最后除了难吃还是难吃，这叫测评？,https://www.zhihu.com/question/391541354/answer/1224685705#comment-946088666
海岛吉他,综合知识/泛科普,0,1,0,1,1,0,0,音乐推荐一个海岛吉他，蛮有用的就是讲的太快了，不过能提供一个练琴的大致思路,https://www.zhihu.com/question/312054931/answer/2994729526#comment-10626725739
爸爸,生物/医学健康,0,1,0,1,0,0,1,armando hasudungan真的是！超级！赞了！！！可惜只是病因机制要是加上临床表现和治疗真的是想实力叫爸爸👏🏻👏🏻👏🏻,https://www.zhihu.com/question/26646760/answer/243334648#comment-519003642
王道论坛,数学/物理,0,1,0,1,1,0,0,数据结构吹爆王道论坛！！！,https://www.zhihu.com/question/352485583/answer/1237689063#comment-1068378982
王骁,综合知识/泛科普,0,1,0,1,1,0,0,吹爆王骁 [棒],https://www.zhihu.com/question/265883810/answer/976098338#comment-823219383
用的什么电脑,综合知识/泛科普,0,1,0,1,0,0,1,up主用的什么电脑,https://www.zhihu.com/question/308179641/answer/571269943#comment-737427659
痘痘,综合知识/泛科普,0,1,0,1,0,0,1,@痘痘,https://www.zhihu.com/question/265883810/answer/976098338#comment-822446699
登二爷,人文社科/国际政治,0,1,0,1,1,0,0,推荐登二爷,https://www.zhihu.com/question/292372507/answer/794822278#comment-728959473
的coursera里面的视频看不了呢,生物/医学健康,0,1,0,1,1,0,0,想问一下题主为啥推荐的coursera里面的视频看不了呢[大哭][大哭][大哭],https://www.zhihu.com/question/27200727/answer/961993027#comment-4654963938
的主页,生物/医学健康,0,1,0,1,0,0,1,[捂脸][捂脸]看了up主的主页 我都有点害怕,https://www.zhihu.com/question/8423988240/answer/69325225820#comment-11079005177
的主页搜索雅思,语言/英语,0,1,0,1,0,0,1,考雅思。看 昂克英文君 在这个up主的主页搜索雅思,https://www.zhihu.com/question/292372507/answer/810075567#comment-748319304
的么,生物/医学健康,0,1,0,1,1,0,0,谢谢大大，16.钢琴 最后的3个视频好像失效了，现在还可以看到是哪个up主的么,https://www.zhihu.com/question/265883810/answer/2811781296#comment-10927693801
的书你看完便可了解一二,历史/军事,0,1,0,1,1,0,0,大体上都是一些史学理论，题主推荐的书你看完便可了解一二。,https://www.zhihu.com/question/20937728/answer/423275983#comment-1000033114
的书可以对这个观点有更深入的了解,历史/军事,0,1,0,1,1,0,0,楼主，我对你的关于”中国在意的东西和西方在意的东西有很大差异”这一观点很感兴趣，想问下有没有推荐的书可以对这个观点有更深入的了解？,https://www.zhihu.com/question/20937728/answer/423275983#comment-958773905
的书都已入,生物/医学健康,0,1,0,1,1,0,0,谢谢答主，我是属于第二类想自救的，推荐的书都已入。接下来就是看不见德行都是了[doge],https://www.zhihu.com/question/27200727/answer/961993027#comment-4816857099
的关于李鸿章的书,历史/军事,0,1,0,1,1,0,0,楼主，想问下有没有推荐的关于李鸿章的书？,https://www.zhihu.com/question/20937728/answer/423275983#comment-958755883
的分享,数学/物理,0,1,0,1,0,0,1,谢谢博主的分享!,https://www.zhihu.com/question/65864525/answer/1253409860#comment-958944782
的刷题书籍之类的吗,学习/考试,0,1,0,1,1,0,0,有推荐的刷题书籍之类的吗？谢谢(*•̀ᴗ•́*) ̑̑,https://www.zhihu.com/question/19628851/answer/1132665931#comment-924302797
的前两个我都早就关注了,文学/读书,0,1,0,1,1,0,0,你推荐的前两个我都早就关注了，还有一个小姐姐叫丸子的，是专业的英语老师，会经常分享如何提高英语和健身之类的问题。,https://www.zhihu.com/question/292372507/answer/797795820#comment-759556106
的发言那个水平确实是一言难尽,人文社科/国际政治,0,1,0,1,0,1,0,不一定非得坚持什么史观，这个结论完全可以从现实当中得出结论。多去TikTok上看看，某些台湾的反共账号的发言那个水平确实是一言难尽，看完只让人觉得不管怎么样可不能让这帮智障得逞了，跟台湾这帮人一对比，可见不是中华传统文化的问题,https://www.zhihu.com/question/495149510/answer/6309385368#comment-11018711906
的哈哈,人文社科/国际政治,0,1,0,1,1,0,0,读者还真是我小学5年级的时候班主任推荐的哈哈，那时候还是上个世纪90年代，时代早就变了,https://www.zhihu.com/question/39178728/answer/89939402#comment-10118299626
的店还是好吃,综合知识/泛科普,0,1,0,1,1,0,0,早期粉丝了，没来天津前就总看，来天津后也去了他们探过的店，味道都不错啊，后来视频就不怎么好看没再看了，不过以前推荐的店还是好吃,https://www.zhihu.com/question/339335222/answer/1957351155999961457#comment-11305980301
的很走心,综合知识/泛科普,0,1,0,1,1,0,0,客气了，推荐的很走心，辛苦啦[爱],https://www.zhihu.com/question/286163357/answer/1125195550#comment-894840978
的必读物,语言/英语,0,1,0,1,1,0,0,[捂脸]前面两本是我们非虚构写作推荐的必读物,https://www.zhihu.com/question/489138849/answer/2441428158#comment-10312320252
的洛阳那家涮牛肚,综合知识/泛科普,0,1,0,1,1,0,0,美食也很一般，19年去她推荐的洛阳那家涮牛肚，十分乃至九分的一般,https://www.zhihu.com/question/339335222/answer/1957351155999961457#comment-11305684512
的笔记本电脑吗,学习/考试,0,1,0,1,1,0,0,那个有推荐的笔记本电脑吗？苹果的够用吗？,https://www.zhihu.com/question/22457234/answer/776523609#comment-721412536
的经验,综合知识/泛科普,0,1,0,1,0,0,1,道理很简单。后面的团队可能有几百上千个账号的经验。,https://www.zhihu.com/question/537496812/answer/1907966309989356230#comment-11182062783
的网站收藏了,地理/地缘,0,1,0,1,1,0,0,我把推荐的网站收藏了，谢谢。,https://www.zhihu.com/question/626962666/answer/1968633730093523295#comment-11332993933
的老师嘛,生物/医学健康,0,1,0,1,1,0,0,高考历史的话有推荐的老师嘛,https://www.zhihu.com/question/291506148/answer/2810334107#comment-10420306161
的评选标准本来就不是视频质量啊,综合知识/泛科普,0,1,0,1,0,0,1,百大up主的评选标准本来就不是视频质量啊，这太虚无飘渺了，完全没有统一的评判质量的标准[捂脸],https://www.zhihu.com/question/8423988240/answer/69743965127#comment-11119290153
的读物,人文社科/国际政治,0,1,0,1,1,0,0,那如果我只是一个高中生呢，有没有什么推荐的读物，那种即可以消磨时光又可以开拓眼界的,https://www.zhihu.com/question/39178728/answer/89939402#comment-826654142
看一来文,综合知识/泛科普,0,1,0,1,0,0,1,建议看看一来文,https://www.zhihu.com/question/286163357/answer/1125195550#comment-1030235968
知乎学做菜,综合知识/泛科普,0,1,0,1,0,0,1,我把这个回答收藏了，收藏夹的名字叫做 知乎学做菜,https://www.zhihu.com/question/283049200/answer/813486705#comment-731897487
硬核的历史Up,综合知识/泛科普,0,1,0,1,1,0,0,我来推荐一个硬核的历史Up：信息素的信息。非常专业,https://www.zhihu.com/question/57848134/answer/831171915#comment-761341035
礼问,综合知识/泛科普,0,1,0,1,0,0,1,礼问：新石器公园如何？我看这期关注的 【制造光刻机需要几步？为什么上百纳米的光源能刻出几十纳米的芯片？【芯片系列第三期】-哔哩哔哩】 https:// b23.tv/Q5nFoav,https://www.zhihu.com/question/601340939/answer/3032117728#comment-11025124287
给别人...,语言/英语,0,1,0,1,1,0,0,挂洋头，卖柳肉，这样的书推荐给别人... 底下居然还有一批人..唉,https://www.zhihu.com/question/270883846/answer/466188784#comment-1224726131
给大家,科普/自然科学,0,1,0,1,1,0,0,瑞秋英语有很多关于弱化和重读的学习技巧，推荐给大家～coach shame的视频幽默风趣，目前正在学习daily easy english speaking和daily english dictations~,https://www.zhihu.com/question/20396961/answer/683102014#comment-654773554
给我,哲学,0,1,0,1,1,0,0,coursera都是因英文的(当然还有别的语言)，同学推荐给我，但是作为高中生我表示理解的相当有困难啊，这个要怎么办呢,https://www.zhihu.com/question/20058943/answer/15032487#comment-52615088
统统拉黑,综合知识/泛科普,0,1,0,1,0,0,1,看到这些题材的视频UP主统统拉黑,https://www.zhihu.com/question/626962666/answer/1950853957434971587#comment-11289556200
网课,学习/考试,0,1,0,1,1,0,0,您好作者，我28岁，无结婚计划，想要学心理学考研…您推荐网课，我想知道除了慕课还有没有平台可以听呀,https://www.zhihu.com/question/27200727/answer/961993027#comment-4646929849
老张的外国人,人文社科/国际政治,0,1,0,1,1,0,0,小破站排位，另外推荐一个，B站有个叫老张的外国人，他的语速很适合练习口语（ID全名忘记了，自己搜一下吧doge）,https://www.zhihu.com/question/59989404/answer/1215626047#comment-944760610
肯定在啊,综合知识/泛科普,0,1,0,1,1,0,0,点进来的时候就在想党妹在不在，一直往下翻的时候也不急，就觉得党妹辣么优秀的一个博主肯定在啊。果不其然！！,https://www.zhihu.com/question/286163357/answer/1078680364#comment-886869989
艾卢和萨科,综合知识/泛科普,0,1,0,1,0,0,1,能自荐一下吗，拳击up主：艾卢和萨科[思考],https://www.zhihu.com/question/601340939/answer/3032117728#comment-11046151163
苦苦支撑,综合知识/泛科普,0,1,0,1,0,0,1,我现在都转抖音看了，B站的时效性太差了。抖音真的感觉全国人都在玩，而且抖音的新鲜事物比B站多。B站现在也就是那些什么生活区UP主苦苦支撑。,https://www.zhihu.com/question/626962666/answer/1960686109626435154#comment-11314201465
表格吗,人文社科/国际政治,0,1,0,1,0,0,1,可以发一下适合学生党学习的B站UP主表格吗？,https://www.zhihu.com/question/40413111/answer/1300547370#comment-1006302257
被发现了,综合知识/泛科普,0,1,0,1,1,0,0,哎呀，我关注的宝藏up主被发现了，十音，美食po主！！！,https://www.zhihu.com/question/340571800/answer/797742660#comment-806000121
要用什么软件打开,哲学,0,1,0,1,1,0,0,请问一下 这个优秀书籍推荐 要用什么软件打开？试了好几次都不行,https://www.zhihu.com/question/52815813/answer/940601393#comment-828766650
讲历史,综合知识/泛科普,0,1,0,1,1,0,0,推荐一个讲历史的UP主，勇敢的勇。这个我目前看下来，感觉没啥槽点。,https://www.zhihu.com/question/399244026/answer/3619361391#comment-10986694299
读者文摘,人文社科/国际政治,0,1,0,1,1,0,0,暴露个年龄，我看“读者”的时候，“读者”还叫《读者文摘》。对我们那代人来说，当年的《读者文摘》确实是个开阔视野的窗口。但是后来上中学了，就对“读者”的浅而不实有点感觉了，也就不再看了。大学毕业起，听老前辈的指点，开始订《读书》和《新华文摘》，后来又从《读书》扩展到《万象》，万象轻松一点，看个乐。订了大约七八年，感觉确实能看懂一些东西了，《新华文摘》改半月刊了，太密集，看不过来，就没再订了[捂脸]新华文摘是非常好的，回头可以再订起来,https://www.zhihu.com/question/39178728/answer/89939402#comment-10111350249
谢谢啦,综合知识/泛科普,0,1,0,1,0,0,1,我想要教日语的up主 谢谢啦[调皮][调皮][调皮],https://www.zhihu.com/question/59989404/answer/1155204053#comment-919481171
超赞的,语言/英语,0,1,0,1,0,0,1,西瓜瓜up主超赞的！[大笑],https://www.zhihu.com/question/292372507/answer/874294702#comment-769593570
还有一天就放假了,综合知识/泛科普,0,1,0,1,1,0,0,鬼畜up推荐 还有一天就放假了,https://www.zhihu.com/question/391500788/answer/1189694076#comment-937969360
这辈子有了,综合知识/泛科普,0,1,0,1,0,0,1,打开热门榜全是生活区up主这辈子有了,https://www.zhihu.com/question/626962666/answer/1950853957434971587#comment-11289582005
逍遥御风,数学/物理,0,1,0,1,0,0,1,@逍遥御风 看看熊孩纸们能不能用得上😂,https://www.zhihu.com/question/66268572/answer/241395862#comment-345210099
都不必看,生物/医学健康,0,1,0,1,0,0,1,全网没到教授级别的非中医博主都不必看，而到了这个级别的还坚持做分享的大多数也是分享实际临床病例，可能不会对你有什么直接帮助，但观察下来他们和病人沟通的能力是一流的。,https://www.zhihu.com/question/399244026/answer/3316268877#comment-10839004841
都不怎么更新了吧,综合知识/泛科普,0,1,0,1,0,1,0,有新闻 平台拖欠薪水，博主都不怎么更新了吧？,https://www.zhihu.com/question/312054931/answer/2994729526#comment-10540960574
都是我的心头爱呀,综合知识/泛科普,0,1,0,1,0,0,1,前三个up主都是我的心头爱呀！[红心],https://www.zhihu.com/question/41931111/answer/901497054#comment-784616707
都是这样,综合知识/泛科普,0,1,0,1,0,1,0,唉早就取关了，我喜欢的好多up主都是这样，一但火了视频质量极速下跌，也不知道为什么,https://www.zhihu.com/question/391541354/answer/1224685705#comment-945263760
里没有呢,人文社科/国际政治,0,1,0,1,1,0,0,为什么封面图里有王文博老师而推荐里没有呢？,https://www.zhihu.com/question/265883810/answer/3310397665#comment-10745877446
里面新关注了两位,综合知识/泛科普,0,1,0,1,1,0,0,为什么没有评论呀，我给推荐里面新关注了两位 谢谢,https://www.zhihu.com/question/312054931/answer/2994729526#comment-10538452752
键盘侠,人文社科/国际政治,0,1,0,1,0,0,1,社科民科一般叫键盘侠，建政[捂脸],https://www.zhihu.com/question/425443834/answer/3254913003#comment-10828207728
高级,人文社科/国际政治,0,1,0,1,0,0,1,笑死，cssci就叫高级，那ssci和ahci岂不是顶级了[害羞],https://www.zhihu.com/question/39178728/answer/89939402#comment-10060839733
魅力纪录的,科普/自然科学,0,1,0,1,1,0,0,强烈推荐魅力纪录的《楚国八百年》,https://www.zhihu.com/question/283049200/answer/815590488#comment-739145836
黑点吗,综合知识/泛科普,0,1,0,1,0,0,1,王咩之前复联四剧透被骂的体无完肤不叫黑点吗？？,https://www.zhihu.com/question/327151685/answer/722303269#comment-691339263
黑鸽鸽了,综合知识/泛科普,0,1,0,1,0,0,1,改名叫黑鸽鸽了,https://www.zhihu.com/question/308179641/answer/571269943#comment-720530837
